{
  "case": "F_S_bM_local",
  "instability": "firehose",
  "distribution": "Bi-Maxwellian",
  "plane": "yz",
  "parallel_axis": "z",
  "normalization": "ion",
  "b0": 0.05,
  "n_snapshots_used": 25,
  "t_omegaci_range": [
    0.0,
    6.6796875
  ],
  "selected_modes_kdi": [
    0.6283185307179586,
    0.942477796076938
  ],
  "polarization_convention_check": {
    "Bx=cos(kz-wt), By=+sin(kz-wt)": {
      "psi_plus": {
        "peak_k": 0.2945243112740431,
        "peak_omega": 0.39269908169872414
      },
      "psi_minus": {
        "peak_k": -0.2945243112740431,
        "peak_omega": -0.39269908169872414
      }
    },
    "Bx=cos(kz-wt), By=-sin(kz-wt)": {
      "psi_plus": {
        "peak_k": -0.2945243112740431,
        "peak_omega": -0.39269908169872414
      },
      "psi_minus": {
        "peak_k": 0.2945243112740431,
        "peak_omega": 0.39269908169872414
      }
    }
  }
}