step,omega_ci_t,compressibility
500,0.06597222222222222,0.31017565294877875
1000,0.13194444444444445,0.2706649573708333
1500,0.19791666666666669,0.24932443543135804
2000,0.2638888888888889,0.2606983191752752
2500,0.3298611111111111,0.2405770786940685
3000,0.39583333333333337,0.24555247339261027
3500,0.4618055555555556,0.21923632690080294
4000,0.5277777777777778,0.219959701399282
4500,0.59375,0.19079910694248084
5000,0.6597222222222222,0.18061381479261895
5500,0.7256944444444444,0.1661803440719346
6000,0.7916666666666667,0.18538512887244754
6500,0.857638888888889,0.2034574041254277
7000,0.9236111111111112,0.23567456573847734
7500,0.9895833333333335,0.24139089512540174
8000,1.0555555555555556,0.2480279172069846
8500,1.121527777777778,0.22643607418181136
9000,1.1875,0.22895957027272018
9500,1.2534722222222223,0.20247533604834667
10000,1.3194444444444444,0.21564067991109884
10500,1.3854166666666667,0.17801814233079427
11000,1.4513888888888888,0.17689247605947236
11500,1.5173611111111112,0.13932001432201108
12000,1.5833333333333335,0.1335655348283605
12500,1.6493055555555556,0.1310127665825451
13000,1.715277777777778,0.1326441535093513
13500,1.78125,0.1486798624139881
14000,1.8472222222222223,0.15175563070248163
14500,1.9131944444444446,0.153988137783546
15000,1.979166666666667,0.15191322038431979
15500,2.045138888888889,0.15268985804008817
16000,2.111111111111111,0.1505386401220542
16500,2.1770833333333335,0.162426880186986
17000,2.243055555555556,0.17545427189690943
17500,2.3090277777777777,0.1895632516548327
18000,2.375,0.20240087056929862
18500,2.4409722222222223,0.2162020589957438
19000,2.5069444444444446,0.22459181920131147
19500,2.572916666666667,0.23416257432194992
20000,2.638888888888889,0.24304038524535454
20500,2.704861111111111,0.2394377932009385
21000,2.7708333333333335,0.23834210477548481
21500,2.836805555555556,0.23110365196935748
22000,2.9027777777777777,0.2168261105458524
22500,2.96875,0.20861445046730645
23000,3.0347222222222223,0.20609630367841933
23500,3.1006944444444446,0.20428334395669998
24000,3.166666666666667,0.2158735705585887
24500,3.232638888888889,0.21725971413626605
25000,3.298611111111111,0.22971815503390247
25500,3.364583333333334,0.2342909766721871
26000,3.430555555555556,0.24024823803259798
26500,3.4965277777777777,0.2568911701843557
27000,3.5625,0.2601687693230801
27500,3.628472222222222,0.2727137303800619
28000,3.6944444444444446,0.2745573284849487
28500,3.7604166666666665,0.26901207052827836
29000,3.8263888888888893,0.2606611259890863
29500,3.892361111111111,0.2477835235314254
30000,3.958333333333334,0.24468129991581428
30500,4.024305555555555,0.24212852366511572
31000,4.090277777777778,0.23857656044432968
31500,4.15625,0.24557289744355795
32000,4.222222222222222,0.24023014665210243
32500,4.288194444444445,0.2431805003825203
33000,4.354166666666667,0.24742141042189503
33500,4.420138888888889,0.2609088883569683
34000,4.486111111111112,0.26388366981675804
34500,4.552083333333334,0.2776854500332729
35000,4.618055555555555,0.2690472788033348
35500,4.684027777777778,0.2719206295218309
36000,4.75,0.25909558420160456
36500,4.815972222222222,0.24791469416742967
37000,4.881944444444445,0.23305177725313087
37500,4.947916666666667,0.217709008721012
38000,5.013888888888889,0.2123372615851262
38500,5.079861111111112,0.21387559384280386
39000,5.145833333333334,0.21891362375731277
39500,5.211805555555555,0.2244071483368077
40000,5.277777777777778,0.2244156600027141
40500,5.34375,0.22295248690307196
41000,5.409722222222222,0.22903098587125015
41500,5.475694444444445,0.22630999764116402
42000,5.541666666666667,0.23098722303185779
42500,5.607638888888889,0.2267876385265642
43000,5.673611111111112,0.22951762799861608
43500,5.739583333333334,0.23974312755606703
44000,5.805555555555555,0.2560635066991819
44500,5.871527777777778,0.27908663391085115
45000,5.9375,0.31034269174082774
45500,6.003472222222222,0.3213898436156187
46000,6.069444444444445,0.33882236839125907
46500,6.135416666666667,0.33708310907070466
47000,6.201388888888889,0.32302789335406934
47500,6.267361111111112,0.29873493400706763
48000,6.333333333333334,0.2722590580762197
48500,6.399305555555555,0.2494995350345569
49000,6.465277777777778,0.2274629930221402
49500,6.53125,0.23311685574359955
50000,6.597222222222222,0.22522097287125947
50500,6.663194444444444,0.2315415218137727
51000,6.729166666666668,0.23673149595575538
51500,6.795138888888889,0.23469449966966385
52000,6.861111111111112,0.2339440941672921
52500,6.927083333333333,0.2277090065040131
53000,6.993055555555555,0.2191407159220944
53500,7.059027777777779,0.2109741428424266
54000,7.125,0.21669772435411777
54500,7.190972222222222,0.21108437137916428
55000,7.256944444444444,0.2110063391554504
55500,7.322916666666668,0.21731763284314884
56000,7.388888888888889,0.20472624867166156
56500,7.454861111111112,0.21861021135984393
57000,7.520833333333333,0.210072868879342
57500,7.586805555555555,0.2244039710118757
58000,7.652777777777779,0.21442109764620734
58500,7.71875,0.21526041331633997
59000,7.784722222222222,0.20756005489409673
59500,7.850694444444444,0.19696530569574558
60000,7.916666666666668,0.20530118867535646
60500,7.982638888888889,0.2064736780318597
61000,8.04861111111111,0.21055314290764668
61500,8.114583333333334,0.21492232675376352
62000,8.180555555555555,0.21439737587371888
62500,8.246527777777779,0.20570169134849733
63000,8.3125,0.2054261244248328
63500,8.378472222222221,0.20507405051539113
64000,8.444444444444445,0.19378241187899378
64500,8.510416666666668,0.18670996262555448
65000,8.57638888888889,0.17743694418169031
65500,8.64236111111111,0.17124552120797212
66000,8.708333333333334,0.1739111152134624
66500,8.774305555555555,0.17801672460786755
67000,8.840277777777779,0.18586356259984121
67500,8.90625,0.1870966558432397
68000,8.972222222222223,0.19780514232890026
68500,9.038194444444445,0.19232403685206587
69000,9.104166666666668,0.20164405752638778
69500,9.17013888888889,0.19861006791136898
70000,9.23611111111111,0.2065816894152436
70500,9.302083333333334,0.21464411566743033
71000,9.368055555555555,0.22383183797114398
71500,9.434027777777779,0.24186998105500637
72000,9.5,0.24981291450538565
72500,9.565972222222223,0.24827437655241455
73000,9.631944444444445,0.2583378603928772
73500,9.697916666666668,0.24693293792007104
74000,9.76388888888889,0.25414573136970986
74500,9.82986111111111,0.2364582669555154
75000,9.895833333333334,0.23964912944549718
75500,9.961805555555555,0.22475913117844656
76000,10.027777777777779,0.22216246386236094
76500,10.09375,0.21565660332706257
77000,10.159722222222223,0.21165585206145196
77500,10.225694444444445,0.21779881174659227
78000,10.291666666666668,0.21944150919472596
78500,10.35763888888889,0.23204242683654155
79000,10.42361111111111,0.23177047545603902
79500,10.489583333333334,0.25375166804554333
80000,10.555555555555555,0.25302582387855077
80500,10.621527777777779,0.2776128227978281
81000,10.6875,0.2860231392858744
81500,10.753472222222223,0.308889982524647
82000,10.819444444444445,0.3269049206967542
82500,10.885416666666668,0.3299454629029152
83000,10.95138888888889,0.33057971612666887
83500,11.01736111111111,0.3300830868783089
84000,11.083333333333334,0.31470702203808376
84500,11.149305555555555,0.3123328860399039
85000,11.215277777777779,0.30448038618623624
85500,11.28125,0.2847184211508575
86000,11.347222222222223,0.2826958531251465
86500,11.413194444444445,0.2695701228153222
87000,11.479166666666668,0.26167192038727116
87500,11.54513888888889,0.2546121807382795
88000,11.61111111111111,0.23499773316979283
88500,11.677083333333334,0.22418286628332793
89000,11.743055555555555,0.2052343165137305
89500,11.809027777777779,0.1996437250482902
90000,11.875,0.18965320199834734
90500,11.940972222222223,0.18765187774444003
91000,12.006944444444445,0.18731676141130021
91500,12.072916666666668,0.19400302514100862
92000,12.13888888888889,0.19654582057971373
92500,12.20486111111111,0.20967896943104627
93000,12.270833333333334,0.2152907288551975
93500,12.336805555555555,0.2314788282171223
94000,12.402777777777779,0.2413085440386941
94500,12.46875,0.25834442355582415
95000,12.534722222222223,0.26982245246089803
95500,12.600694444444445,0.2807065701947315
96000,12.666666666666668,0.2995978065439697
96500,12.73263888888889,0.3081460612738641
97000,12.79861111111111,0.3171238433338615
97500,12.864583333333334,0.31643977379522925
98000,12.930555555555555,0.3211649986047495
98500,12.996527777777779,0.31551710243597
99000,13.0625,0.313703264714561
99500,13.128472222222223,0.30577162514351985
100000,13.194444444444445,0.2942586977900174
100500,13.260416666666666,0.2745939437174718
101000,13.326388888888888,0.25393434790369296
101500,13.39236111111111,0.2378037848369725
102000,13.458333333333336,0.21920478856574988
102500,13.524305555555557,0.20212923138754665
103000,13.590277777777779,0.20297534997084868
103500,13.65625,0.19425760201991937
104000,13.722222222222223,0.19666216112970514
104500,13.788194444444445,0.20279728070778288
105000,13.854166666666666,0.20380455388628826
105500,13.920138888888888,0.2061458147762437
106000,13.98611111111111,0.2080000154621652
106500,14.052083333333336,0.21014427550829143
107000,14.118055555555557,0.2123113330636616
107500,14.184027777777779,0.2178202623302323
108000,14.25,0.22342234787357018
108500,14.315972222222223,0.23093233036870997
109000,14.381944444444445,0.2289943974491278
109500,14.447916666666666,0.23030182211362488
110000,14.513888888888888,0.2167994668311689
110500,14.57986111111111,0.21644209854452406
111000,14.645833333333336,0.2239760741081019
111500,14.711805555555557,0.22829955014163744
112000,14.777777777777779,0.2515094610706269
112500,14.84375,0.26193436019326616
113000,14.909722222222223,0.26957007383562925
113500,14.975694444444445,0.2844677317256002
114000,15.041666666666666,0.2700537209422216
114500,15.107638888888888,0.2772860769903444
115000,15.17361111111111,0.2591280000779601
115500,15.239583333333336,0.2587264542290696
116000,15.305555555555557,0.24158128677522878
116500,15.371527777777779,0.23964863559008195
117000,15.4375,0.23823518823460388
117500,15.503472222222223,0.23409959685525009
118000,15.569444444444445,0.23818394126687578
118500,15.635416666666666,0.24071185974260778
119000,15.701388888888888,0.2387363209774602
119500,15.76736111111111,0.24234887810741648
120000,15.833333333333336,0.23879167503749854
120500,15.899305555555557,0.2534484809727994
121000,15.965277777777779,0.24988005051545442
121500,16.03125,0.2577827644214227
122000,16.09722222222222,0.2631499041789158
122500,16.163194444444443,0.2440990938929212
123000,16.229166666666668,0.23940218929071735
123500,16.29513888888889,0.2298165330793869
124000,16.36111111111111,0.23102469529355493
124500,16.427083333333336,0.2233111997334251
125000,16.493055555555557,0.2283962618053267
125500,16.55902777777778,0.22587058523614492
126000,16.625,0.22224829212025116
126500,16.69097222222222,0.21404837065164728
127000,16.756944444444443,0.2112334362709886
127500,16.822916666666668,0.20544808687730245
128000,16.88888888888889,0.1922825022733679
128500,16.95486111111111,0.1882638209828376
129000,17.020833333333336,0.18161658261712374
129500,17.086805555555557,0.18458646675950044
130000,17.15277777777778,0.18264872350842556
130500,17.21875,0.19152107991851308
131000,17.28472222222222,0.1799166616177076
131500,17.350694444444443,0.1683167489619976
132000,17.416666666666668,0.15830761729088375
132500,17.48263888888889,0.1479717935211291
133000,17.54861111111111,0.13675092155148977
133500,17.614583333333336,0.13464062808202693
134000,17.680555555555557,0.12665292563530225
134500,17.74652777777778,0.1260400424224822
135000,17.8125,0.1231571999305029
135500,17.87847222222222,0.12325252992679236
136000,17.944444444444446,0.1283385625225348
136500,18.010416666666668,0.12547601047383497
137000,18.07638888888889,0.1342881900890976
137500,18.14236111111111,0.1364805171521079
138000,18.208333333333336,0.1450082294815917
138500,18.274305555555557,0.15553567492125644
139000,18.34027777777778,0.16301966482100635
139500,18.40625,0.17892805782509982
140000,18.47222222222222,0.1755456597922298
140500,18.538194444444446,0.1924699826029376
141000,18.604166666666668,0.19078329174076764
141500,18.67013888888889,0.19212139760513217
142000,18.73611111111111,0.19487167566573485
142500,18.802083333333336,0.18900827561876746
143000,18.868055555555557,0.18901672784283413
143500,18.93402777777778,0.18241164862584985
144000,19.0,0.1777551911663275
144500,19.06597222222222,0.17766729834072134
145000,19.131944444444446,0.1636166021296646
145500,19.197916666666668,0.16030770029999286
146000,19.26388888888889,0.1504424170486142
146500,19.32986111111111,0.14389995204828923
147000,19.395833333333336,0.13637670418332995
147500,19.461805555555557,0.1319333707179859
148000,19.52777777777778,0.12910627276502815
148500,19.59375,0.12423678831253505
149000,19.65972222222222,0.1252937988752698
149500,19.725694444444446,0.1259342685056847
150000,19.791666666666668,0.131116213621484
150500,19.85763888888889,0.1303436859355035
151000,19.92361111111111,0.13670963809674555
151500,19.989583333333336,0.13592969562781557
152000,20.055555555555557,0.12711374232663653
152500,20.12152777777778,0.12230623238557153
153000,20.1875,0.11812812875751635
153500,20.25347222222222,0.11188721887092072
154000,20.319444444444446,0.10823278332668207
154500,20.385416666666668,0.11025450408772372
155000,20.45138888888889,0.10425513825372291
155500,20.51736111111111,0.10301158470339046
156000,20.583333333333336,0.10677941188068778
156500,20.649305555555557,0.10682942930412544
157000,20.71527777777778,0.11883254871113498
157500,20.78125,0.12234900357545765
158000,20.84722222222222,0.12791715539194423
158500,20.913194444444446,0.13184377221497254
159000,20.979166666666668,0.1322045685721441
159500,21.04513888888889,0.12928953084556144
160000,21.11111111111111,0.130062555920387
160500,21.177083333333336,0.12769936152327685
161000,21.243055555555557,0.1265447503119429
161500,21.30902777777778,0.13336770133812118
162000,21.375,0.13213138373495306
162500,21.44097222222222,0.13617062659833845
163000,21.506944444444446,0.14679012717819392
163500,21.572916666666668,0.15121367910015113
164000,21.63888888888889,0.16123506192514345
164500,21.70486111111111,0.16422630913664574
165000,21.770833333333336,0.17377912191081515
165500,21.836805555555557,0.1721684897518124
166000,21.90277777777778,0.17313648213220975
166500,21.96875,0.17192310811866615
167000,22.03472222222222,0.1673028590067143
167500,22.100694444444446,0.16133792463284197
168000,22.166666666666668,0.15562213292466767
168500,22.23263888888889,0.1538364011573052
169000,22.29861111111111,0.15664406326585398
169500,22.364583333333336,0.15119284016147228
170000,22.430555555555557,0.15691504257648184
170500,22.49652777777778,0.15351204773001295
171000,22.5625,0.1555645226871979
171500,22.62847222222222,0.15048539312219517
172000,22.694444444444446,0.15101762251536463
172500,22.760416666666668,0.13999107079407586
173000,22.82638888888889,0.13400543858202
173500,22.89236111111111,0.128694414814318
174000,22.958333333333336,0.12125267834250097
174500,23.024305555555557,0.11942820322133457
175000,23.09027777777778,0.12128447978083387
175500,23.15625,0.11894263406179911
176000,23.22222222222222,0.11935025954073575
176500,23.288194444444446,0.12102816314542021
177000,23.354166666666668,0.11778014684809474
177500,23.42013888888889,0.11859492120372109
178000,23.48611111111111,0.11933234426772824
178500,23.552083333333336,0.1196218601588567
179000,23.618055555555557,0.10989411139158943
179500,23.68402777777778,0.11465800015837926
180000,23.75,0.10468705640556729
180500,23.81597222222222,0.09704917599353681
181000,23.881944444444446,0.10030118540560817
181500,23.947916666666668,0.08989259681157494
182000,24.01388888888889,0.09019805662778917
182500,24.07986111111111,0.08989122725040431
183000,24.145833333333336,0.08706152869382934
183500,24.211805555555557,0.08392424043908518
184000,24.27777777777778,0.0811883956608614
184500,24.34375,0.08377110686165404
185000,24.40972222222222,0.08302665041691583
185500,24.475694444444446,0.085602358986636
186000,24.541666666666668,0.09186831241711452
186500,24.60763888888889,0.09759468601506557
187000,24.67361111111111,0.10048464142027524
187500,24.739583333333336,0.10906150002366544
188000,24.805555555555557,0.11080181788843581
188500,24.87152777777778,0.11722564144339094
189000,24.9375,0.11378512843735733
189500,25.00347222222222,0.11613052634179534
190000,25.069444444444446,0.11575846509614729
190500,25.135416666666668,0.11112715704230623
191000,25.20138888888889,0.10495921201880926
191500,25.26736111111111,0.10289565399350288
192000,25.333333333333336,0.09973666105043993
192500,25.399305555555557,0.08932181191044838
193000,25.46527777777778,0.08136857121316565
193500,25.53125,0.07498178034023695
194000,25.59722222222222,0.06266521978310466
194500,25.663194444444446,0.0562318609616943
195000,25.729166666666668,0.056032098989280126
195500,25.79513888888889,0.05719053023437428
196000,25.86111111111111,0.05729064365643669
196500,25.927083333333336,0.06250646266878143
197000,25.993055555555557,0.06508063138354205
197500,26.05902777777778,0.06488953009878076
198000,26.125,0.06667282899393176
198500,26.19097222222222,0.06537965036478106
199000,26.256944444444446,0.06396721138491412
199500,26.32291666666667,0.06371992809263939
200000,26.38888888888889,0.06476659880570755
200500,26.454861111111114,0.06565480716842993
201000,26.520833333333332,0.06749651488920383
201500,26.586805555555557,0.06778987970790533
202000,26.652777777777775,0.0679914503402836
202500,26.71875,0.06871074509535646
203000,26.78472222222222,0.06730674384291031
203500,26.850694444444446,0.0676571449274102
204000,26.91666666666667,0.06922244471973851
204500,26.98263888888889,0.06595627687148402
205000,27.048611111111114,0.0648061209540434
205500,27.114583333333332,0.06509147586967055
206000,27.180555555555557,0.06315993144822023
206500,27.246527777777775,0.06343940202822987
207000,27.3125,0.06187574101825689
207500,27.37847222222222,0.06349715806432646
208000,27.444444444444446,0.06560594461054783
208500,27.51041666666667,0.06638762152076985
209000,27.57638888888889,0.07020889830428716
209500,27.642361111111114,0.06614826989369266
210000,27.708333333333332,0.06978906899954558
210500,27.774305555555557,0.06581147147114762
211000,27.840277777777775,0.06104797171526806
211500,27.90625,0.06380166986999089
212000,27.97222222222222,0.0603385972476928
212500,28.038194444444446,0.0615956846560509
213000,28.10416666666667,0.06579713511745168
213500,28.17013888888889,0.06734920715614143
214000,28.236111111111114,0.07040230030683281
214500,28.302083333333332,0.06992451864615411
215000,28.368055555555557,0.06912503541305427
215500,28.434027777777775,0.07070012517246527
216000,28.5,0.06779299645683311
216500,28.56597222222222,0.06653861819087294
217000,28.631944444444446,0.06910317084006878
217500,28.69791666666667,0.06533466299940265
218000,28.76388888888889,0.06215706735406743
218500,28.829861111111114,0.0625945281284322
219000,28.895833333333332,0.057316262814237434
219500,28.961805555555557,0.05631655625498096
220000,29.027777777777775,0.05436361901402241
220500,29.09375,0.05391216973508467
221000,29.15972222222222,0.055574030792152174
221500,29.225694444444446,0.05439809871329632
222000,29.29166666666667,0.058072620116573596
222500,29.35763888888889,0.057013043909348284
223000,29.423611111111114,0.054375191568368376
223500,29.489583333333332,0.0552747101331187
224000,29.555555555555557,0.05125477423070369
224500,29.621527777777775,0.050006425644603385
225000,29.6875,0.048963872461947916
225500,29.75347222222222,0.04806498831270122
226000,29.819444444444446,0.04863667423163941
226500,29.88541666666667,0.05050784398786958
227000,29.95138888888889,0.05139105255730224
227500,30.017361111111114,0.053221202835630525
228000,30.083333333333332,0.05663685922828629
228500,30.149305555555557,0.05215239295747423
229000,30.215277777777775,0.05329235766958285
229500,30.28125,0.05073572109104866
230000,30.34722222222222,0.04794353859907195
230500,30.413194444444446,0.048427134175938455
231000,30.47916666666667,0.04869431295171734
231500,30.54513888888889,0.049220037730242285
232000,30.611111111111114,0.05145337744796166
232500,30.677083333333332,0.05265307610842053
233000,30.743055555555557,0.0545736730640162
233500,30.809027777777775,0.05491553275552087
234000,30.875,0.0569339427098912
234500,30.94097222222222,0.05842362028880594
235000,31.006944444444446,0.05865788460386733
235500,31.07291666666667,0.05867379072640266
236000,31.13888888888889,0.05610630865997795
236500,31.204861111111114,0.05595269578067457
237000,31.270833333333332,0.051095122011459757
237500,31.336805555555557,0.052422319852568774
238000,31.402777777777775,0.051520998940019026
238500,31.46875,0.04895967902208368
239000,31.53472222222222,0.048626059563074975
239500,31.600694444444446,0.047205726988510506
240000,31.66666666666667,0.045281181900811644
240500,31.73263888888889,0.04469382666725702
241000,31.798611111111114,0.04260343729286273
241500,31.864583333333332,0.04098947917889445
242000,31.930555555555557,0.03838610357555367
242500,31.996527777777775,0.037251749547589634
243000,32.0625,0.03519578784635169
243500,32.12847222222222,0.03227801413418343
244000,32.19444444444444,0.03358510954779374
244500,32.26041666666667,0.03260407929997584
245000,32.326388888888886,0.033086818425772005
245500,32.392361111111114,0.03302268832929623
246000,32.458333333333336,0.031773634384608354
246500,32.52430555555556,0.03311593238148543
247000,32.59027777777778,0.03219987096022215
247500,32.65625,0.0329314201435898
248000,32.72222222222222,0.03383111286022354
248500,32.78819444444444,0.03490234017168735
249000,32.85416666666667,0.03457475515053966
249500,32.920138888888886,0.03614946676186316
250000,32.986111111111114,0.03677793726062057
250500,33.052083333333336,0.037511412064950414
251000,33.11805555555556,0.03643081939617582
251500,33.18402777777778,0.03639870349594654
252000,33.25,0.03526732113469353
252500,33.31597222222222,0.0335348868897838
253000,33.38194444444444,0.033142181152408426
253500,33.44791666666667,0.03174613536677518
254000,33.513888888888886,0.03130706531927322
254500,33.579861111111114,0.030880003847201253
255000,33.645833333333336,0.030342124389582455
255500,33.71180555555556,0.031058274181220348
256000,33.77777777777778,0.031541587000381247
256500,33.84375,0.030467082283463332
257000,33.90972222222222,0.030962864326080673
257500,33.97569444444444,0.030687370038656774
258000,34.04166666666667,0.029951169764340146
258500,34.107638888888886,0.03076826056455159
259000,34.173611111111114,0.029651323208324674
259500,34.239583333333336,0.030029640468377895
260000,34.30555555555556,0.030718547304350207
260500,34.37152777777778,0.031031569394633755
261000,34.4375,0.03174609262285587
261500,34.50347222222222,0.03220485440375254
262000,34.56944444444444,0.03208015894940302
262500,34.63541666666667,0.03191408526160619
263000,34.701388888888886,0.030834229437926682
263500,34.767361111111114,0.02984294732622868
264000,34.833333333333336,0.029020431299066552
264500,34.89930555555556,0.028123524857501258
265000,34.96527777777778,0.026784399037666568
265500,35.03125,0.0257960934662242
266000,35.09722222222222,0.02600461780504724
266500,35.16319444444444,0.025831836453880586
267000,35.22916666666667,0.025346073399682586
267500,35.29513888888889,0.025218270495446116
268000,35.361111111111114,0.02572157563816514
268500,35.427083333333336,0.0249853601421669
269000,35.49305555555556,0.02422058700476714
269500,35.55902777777778,0.024209304103822084
270000,35.625,0.023442965126415347
270500,35.69097222222222,0.02299321524156762
271000,35.75694444444444,0.02218659138511407
271500,35.82291666666667,0.022107765009963563
272000,35.88888888888889,0.021669109659406348
272500,35.954861111111114,0.021685746737697766
273000,36.020833333333336,0.02157008273408116
273500,36.08680555555556,0.022273243510444216
274000,36.15277777777778,0.02273407412993696
274500,36.21875,0.02338535586605756
275000,36.28472222222222,0.02353407340022839
275500,36.35069444444444,0.02359110047521202
276000,36.41666666666667,0.022151761029639807
276500,36.48263888888889,0.021387264698352892
277000,36.548611111111114,0.019443330648397178
277500,36.614583333333336,0.017078569809365618
278000,36.68055555555556,0.016033096913121863
278500,36.74652777777778,0.014419596060802616
279000,36.8125,0.013263578323127571
279500,36.87847222222222,0.01346897587348307
280000,36.94444444444444,0.012599531307725956
280500,37.01041666666667,0.012745314590280572
281000,37.07638888888889,0.013155548434696091
281500,37.142361111111114,0.013005350858855564
282000,37.208333333333336,0.01403398962289686
282500,37.27430555555556,0.014907712824862635
283000,37.34027777777778,0.015326481251305146
283500,37.40625,0.01597667201906596
284000,37.47222222222222,0.016704023514920056
284500,37.53819444444444,0.015799142148034375
285000,37.60416666666667,0.015309357085343483
285500,37.67013888888889,0.015254659347625397
286000,37.736111111111114,0.014166218642431252
286500,37.802083333333336,0.014496930987975153
287000,37.86805555555556,0.014779138390577581
287500,37.93402777777778,0.014853864958785419
288000,38.0,0.015388853533779771
288500,38.06597222222222,0.01529552617009662
289000,38.13194444444444,0.015776972427081388
289500,38.19791666666667,0.01570771582059691
290000,38.26388888888889,0.015440550511326267
290500,38.329861111111114,0.0156658466733225
291000,38.395833333333336,0.015714717356933496
291500,38.46180555555556,0.01536424178373169
292000,38.52777777777778,0.015485175654982189
292500,38.59375,0.015033684664256064
293000,38.65972222222222,0.014528907328971078
293500,38.72569444444444,0.013732324086343863
294000,38.79166666666667,0.013016240643004018
294500,38.85763888888889,0.012474517130768978
295000,38.923611111111114,0.011708582528257603
295500,38.989583333333336,0.011385945228926832
296000,39.05555555555556,0.010918670200808374
296500,39.12152777777778,0.01062801718688881
297000,39.1875,0.01015076759043454
297500,39.25347222222222,0.009703024882231176
298000,39.31944444444444,0.009637242388213525
298500,39.38541666666667,0.009096706942548187
299000,39.45138888888889,0.009179150010826477
299500,39.517361111111114,0.009119566874795034
300000,39.583333333333336,0.00914785093640899
300500,39.64930555555556,0.008959971368638603
301000,39.71527777777778,0.008770919987862748
301500,39.78125,0.00849608056905115
302000,39.84722222222222,0.00802631868279617
302500,39.91319444444444,0.007704893826941607
303000,39.97916666666667,0.007591555929813357
303500,40.04513888888889,0.007462877245905959
304000,40.111111111111114,0.007393989751255816
304500,40.177083333333336,0.007264772176348132
305000,40.24305555555556,0.007265236081827872
305500,40.30902777777778,0.0073543463602905035
306000,40.375,0.007142735418526061
306500,40.44097222222222,0.007155058266698882
307000,40.50694444444444,0.007031253791547157
307500,40.57291666666667,0.0070442359087569024
308000,40.63888888888889,0.006913486161552652
308500,40.704861111111114,0.007028455330033787
309000,40.770833333333336,0.0069868744116634894
309500,40.83680555555556,0.007093366938710879
310000,40.90277777777778,0.006959271225736395
310500,40.96875,0.006843581546299324
311000,41.03472222222222,0.006762077713053427
311500,41.10069444444444,0.006470374291729198
312000,41.16666666666667,0.006263697543276091
312500,41.23263888888889,0.006158328097380686
313000,41.298611111111114,0.006171608060181324
313500,41.364583333333336,0.006395788829692176
314000,41.43055555555556,0.0064664812250919065
314500,41.49652777777778,0.006705292750563131
315000,41.5625,0.006910277763458559
315500,41.62847222222222,0.007065012135959432
316000,41.69444444444444,0.006737929074364826
316500,41.76041666666667,0.006654581846618152
317000,41.82638888888889,0.006622119257780025
317500,41.892361111111114,0.006326119157232431
318000,41.958333333333336,0.006243401208144169
318500,42.02430555555556,0.005839051169902118
319000,42.09027777777778,0.005661999459630702
319500,42.15625,0.005496089944662123
320000,42.22222222222222,0.005282102422302165
320500,42.28819444444444,0.005278259915315183
321000,42.35416666666667,0.005321684654765294
321500,42.42013888888889,0.005542163077782555
322000,42.486111111111114,0.0058838835265187794
322500,42.552083333333336,0.006192336244552876
323000,42.61805555555556,0.006671055054187151
323500,42.68402777777778,0.006795746623658557
324000,42.75,0.0071989835839785105
324500,42.81597222222222,0.007236021287384746
325000,42.88194444444444,0.006750193683629099
325500,42.94791666666667,0.006613316549724036
326000,43.01388888888889,0.006166950846151224
326500,43.079861111111114,0.005584065132745739
327000,43.145833333333336,0.0052820670745907655
327500,43.21180555555556,0.004949506522480119
328000,43.27777777777778,0.004673663890203275
328500,43.34375,0.004583687412549606
329000,43.40972222222222,0.0042877494937115
329500,43.47569444444444,0.0042709177535392015
330000,43.54166666666667,0.004294474488579722
330500,43.60763888888889,0.004257827655177158
331000,43.673611111111114,0.004407157884460957
331500,43.739583333333336,0.004457128801694155
332000,43.80555555555556,0.004421054091895384
332500,43.87152777777778,0.004390715965383322
333000,43.9375,0.004244249934056788
333500,44.00347222222222,0.004103583264679343
334000,44.06944444444444,0.003994095072281266
334500,44.13541666666667,0.0040908510320113965
335000,44.20138888888889,0.003927083067499502
335500,44.267361111111114,0.0039477458635404725
336000,44.333333333333336,0.003907204784016713
336500,44.39930555555556,0.003844544295033264
337000,44.46527777777778,0.003909673358942617
337500,44.53125,0.003813494324018087
338000,44.59722222222222,0.0038545418715216157
338500,44.66319444444444,0.003938965066108896
339000,44.72916666666667,0.003808269546351787
339500,44.79513888888889,0.0036225503437026458
340000,44.861111111111114,0.0036572656539471016
340500,44.927083333333336,0.003447758823224025
341000,44.99305555555556,0.003482759022726913
341500,45.05902777777778,0.003626915925881411
342000,45.125,0.0036177804734598825
342500,45.19097222222222,0.0036413920491203803
343000,45.25694444444444,0.0036506309022553986
343500,45.32291666666667,0.0035470378649629466
344000,45.38888888888889,0.0033966058048188483
344500,45.454861111111114,0.0032993953299234216
345000,45.520833333333336,0.0032851844080642348
345500,45.58680555555556,0.00325867764777178
346000,45.65277777777778,0.003237341409566733
346500,45.71875,0.0033134820405908163
347000,45.78472222222222,0.003395244151843856
347500,45.85069444444444,0.0035444161563160715
348000,45.91666666666667,0.0035322622634570626
348500,45.98263888888889,0.003485546219241741
349000,46.048611111111114,0.003556191444467938
349500,46.114583333333336,0.003460997684541989
350000,46.18055555555556,0.0034688089110777418
350500,46.24652777777778,0.0033638676448811407
351000,46.3125,0.00329116897735071
351500,46.37847222222222,0.0031821538019412717
352000,46.44444444444444,0.0030279837103182224
352500,46.51041666666667,0.00294647606614825
353000,46.57638888888889,0.0028687482426836687
353500,46.642361111111114,0.002681702084718151
354000,46.708333333333336,0.0025838694480645945
354500,46.77430555555556,0.0026238367530971927
355000,46.84027777777778,0.0025401899853479456
355500,46.90625,0.0025322004937082684
356000,46.97222222222222,0.0024919683451580183
356500,47.03819444444444,0.0024875956217216507
357000,47.10416666666667,0.0025028004212994132
357500,47.17013888888889,0.0024131243533353454
358000,47.236111111111114,0.00232427954542566
358500,47.302083333333336,0.0021896284624357766
359000,47.36805555555556,0.002187228093274184
359500,47.43402777777778,0.0020258931200821664
360000,47.5,0.0019274163670668922
360500,47.56597222222222,0.001871230959470436
361000,47.63194444444444,0.0017897739831836325
361500,47.69791666666667,0.0017712217600230533
362000,47.76388888888889,0.0017506577057190764
362500,47.829861111111114,0.0017077241350597755
363000,47.895833333333336,0.0016965553142092406
363500,47.96180555555556,0.0017236998245567256
364000,48.02777777777778,0.0017791161965383072
364500,48.09375,0.001808889496714692
365000,48.15972222222222,0.0018898890118198373
365500,48.22569444444444,0.001973721628772848
366000,48.29166666666667,0.0019733770051608797
366500,48.35763888888889,0.001930897823512371
367000,48.423611111111114,0.001837984071321863
367500,48.489583333333336,0.0017213621393645095
368000,48.55555555555556,0.0016424701746210156
368500,48.62152777777778,0.0015461821371359952
369000,48.6875,0.0015124940399790972
369500,48.75347222222222,0.0014759227630767938
370000,48.81944444444444,0.001451558998225971
370500,48.88541666666667,0.0014678998042532794
371000,48.95138888888889,0.0014044066370992524
371500,49.017361111111114,0.0014018361973646349
372000,49.083333333333336,0.0013761728857194274
372500,49.14930555555556,0.0013765855187243858
373000,49.21527777777778,0.0014030800270457306
373500,49.28125,0.0013587606896048822
374000,49.34722222222222,0.0013697415624375371
374500,49.41319444444444,0.0013756323754234696
375000,49.47916666666667,0.0013157094221112103
375500,49.54513888888889,0.001246433388130189
376000,49.611111111111114,0.0011750143717621528
376500,49.677083333333336,0.0011136359231001067
377000,49.74305555555556,0.0010348071245488756
377500,49.80902777777778,0.0009708295172697043
378000,49.875,0.0009332458492988676
378500,49.94097222222222,0.0009469502422826631
379000,50.00694444444444,0.0009523333916605522
379500,50.07291666666667,0.0009524812109282991
380000,50.13888888888889,0.0009731302755265546
380500,50.204861111111114,0.0009669143971293216
381000,50.270833333333336,0.0009444224906105363
381500,50.33680555555556,0.0009637085840890473
382000,50.40277777777778,0.0009490905420827847
382500,50.46875,0.0009569209317657928
383000,50.53472222222222,0.0009667547314733251
383500,50.60069444444444,0.0009586247580874897
384000,50.66666666666667,0.0009734567631510754
384500,50.73263888888889,0.000944845383321367
385000,50.798611111111114,0.0009204947349974079
385500,50.864583333333336,0.0009310474883204518
386000,50.93055555555556,0.0009276272153026872
386500,50.99652777777778,0.0009163463276754139
387000,51.0625,0.0009159385692192387
387500,51.12847222222222,0.0009102271556769942
388000,51.19444444444444,0.000929923530844185
388500,51.26041666666667,0.0009642120724129041
389000,51.32638888888889,0.0009464287429482475
389500,51.392361111111114,0.0009443807382447229
390000,51.458333333333336,0.0009425546750737182
390500,51.52430555555556,0.0008951203958349019
391000,51.59027777777778,0.0008726496648329196
391500,51.65625,0.0008283153188512844
392000,51.72222222222222,0.0007736052150021724
392500,51.78819444444444,0.0007335871160133323
393000,51.85416666666667,0.0006890359246514644
393500,51.92013888888889,0.000670216224575172
394000,51.986111111111114,0.000651522387022568
394500,52.052083333333336,0.0006375291178657889
395000,52.11805555555556,0.0006291019578164124
395500,52.18402777777778,0.0006255324440321038
396000,52.25,0.0006326674103128228
396500,52.31597222222222,0.0006266286020946904
397000,52.38194444444444,0.0006147478515639609
397500,52.447916666666664,0.0006334558856146768
398000,52.51388888888889,0.0006547466795431795
398500,52.579861111111114,0.0006459345295316214
399000,52.64583333333334,0.0006451755016997797
399500,52.71180555555555,0.0006689579521246207
400000,52.77777777777778,0.0006768621059842413
400500,52.84375,0.000628181159692147
401000,52.90972222222223,0.00061071188768832
401500,52.97569444444444,0.0006129040612245781
402000,53.041666666666664,0.0005847941504555321
402500,53.10763888888889,0.0005628562208300345
403000,53.173611111111114,0.0005750946767529935
403500,53.23958333333334,0.0005741190631311122
404000,53.30555555555555,0.0005779027806904378
404500,53.37152777777778,0.0005948550907565465
405000,53.4375,0.0006024620278008812
405500,53.50347222222223,0.0006193931500950907
406000,53.56944444444444,0.000627410966880313
406500,53.635416666666664,0.0006286986554333835
407000,53.70138888888889,0.0006385167241130992
407500,53.767361111111114,0.0006349798419341259
408000,53.83333333333334,0.0006172909645544539
408500,53.89930555555555,0.0006009112222257703
409000,53.96527777777778,0.0005751638364582269
409500,54.03125,0.0005628317688072443
410000,54.09722222222223,0.0005748775346400756
410500,54.16319444444444,0.0005661520954591949
411000,54.229166666666664,0.0005682797299948751
411500,54.29513888888889,0.0005999180095178805
412000,54.361111111111114,0.0005682160244174108
412500,54.42708333333334,0.0005522361819903516
413000,54.49305555555555,0.0005544323206289518
413500,54.55902777777778,0.0005235064796012329
414000,54.625,0.0005038672782624873
414500,54.69097222222223,0.0004872514000921458
415000,54.75694444444444,0.00046899079611518904
415500,54.822916666666664,0.0004771090596106364
416000,54.88888888888889,0.00046506979763549983
416500,54.954861111111114,0.00044597527920976564
417000,55.02083333333334,0.00044152189643207744
417500,55.08680555555555,0.0004308402526504831
418000,55.15277777777778,0.0004192172406808877
418500,55.21875,0.0004159128163060624
419000,55.28472222222223,0.00041155352496221817
419500,55.35069444444444,0.00041292472219408915
420000,55.416666666666664,0.0004208104097243245
420500,55.48263888888889,0.000431840422184478
421000,55.548611111111114,0.00043262324902418916
421500,55.61458333333334,0.0004246848176780706
422000,55.68055555555555,0.0004191563516133456
422500,55.74652777777778,0.0004151945484767448
423000,55.8125,0.00040773141141736875
423500,55.87847222222223,0.0003997961875748411
424000,55.94444444444444,0.0003935629648252964
424500,56.010416666666664,0.0003805635390220248
425000,56.07638888888889,0.0003824119884234255
425500,56.142361111111114,0.0003844527232942056
426000,56.20833333333334,0.00037627060754796685
426500,56.27430555555555,0.000363792023055537
427000,56.34027777777778,0.0003632034076392208
427500,56.40625,0.0003612936367854958
428000,56.47222222222223,0.00035776617073248206
428500,56.53819444444444,0.0003559261217118224
429000,56.604166666666664,0.00035807720632960964
429500,56.67013888888889,0.00036379198625651057
430000,56.736111111111114,0.0003642963742091977
430500,56.80208333333334,0.00035702785179247417
431000,56.86805555555555,0.00035617090759559265
431500,56.93402777777778,0.0003474234672969396
432000,57.0,0.0003439758291473506
432500,57.06597222222223,0.0003354415552365908
433000,57.13194444444444,0.0003179234491066729
433500,57.197916666666664,0.0003171552269707278
434000,57.26388888888889,0.00031331055613280313
434500,57.329861111111114,0.0003056634088513157
435000,57.39583333333334,0.00030377447000152574
435500,57.46180555555555,0.00030437444076346495
436000,57.52777777777778,0.000302474725511769
436500,57.59375,0.00030019267829156074
437000,57.65972222222223,0.000301966399784974
437500,57.72569444444444,0.00030336668764563234
438000,57.791666666666664,0.0002977335551233203
438500,57.85763888888889,0.0002994779255952583
439000,57.923611111111114,0.000297089679497834
439500,57.98958333333334,0.0002970411174760862
440000,58.05555555555555,0.0002971758160116816
440500,58.12152777777778,0.000291798071504092
441000,58.1875,0.0002915812111214125
441500,58.25347222222223,0.0002932444570404963
442000,58.31944444444444,0.0002878531044414037
442500,58.385416666666664,0.00027848077544332175
443000,58.45138888888889,0.0002750449227084912
443500,58.517361111111114,0.000276506317903241
444000,58.58333333333334,0.00027172624042803
444500,58.64930555555555,0.00026889554831437714
445000,58.71527777777778,0.00027342242579164874
445500,58.78125,0.0002690762484895077
446000,58.84722222222223,0.0002658131900322071
446500,58.91319444444444,0.0002616303527838103
447000,58.979166666666664,0.00026138651348917095
447500,59.04513888888889,0.0002640401548314211
448000,59.111111111111114,0.00026357418218413034
448500,59.17708333333334,0.00026774502188768183
449000,59.24305555555555,0.0002815997695746944
449500,59.30902777777778,0.00028824265638309184
450000,59.375,0.000288183206602401
450500,59.44097222222223,0.0003018172055996834
451000,59.50694444444444,0.00030499711549929594
451500,59.572916666666664,0.00029916579228563716
452000,59.63888888888889,0.00029586041417690084
452500,59.704861111111114,0.00029041335431433384
453000,59.77083333333334,0.00028919281804906384
453500,59.83680555555555,0.00028592450262000097
454000,59.90277777777778,0.0002846519848296982
454500,59.96875,0.000283981886135134
455000,60.03472222222223,0.00028319072378060804
455500,60.10069444444444,0.000290297028593366
456000,60.166666666666664,0.0002988549914372941
456500,60.23263888888889,0.00029782615126699427
457000,60.298611111111114,0.00030090344867995245
457500,60.36458333333334,0.00030411833255090443
458000,60.43055555555555,0.0002949767322781322
458500,60.49652777777778,0.00028337678798405475
459000,60.5625,0.00027511644151701354
459500,60.62847222222223,0.0002657225320971849
460000,60.69444444444444,0.00025763392070570217
460500,60.760416666666664,0.0002546358894446138
461000,60.82638888888889,0.00025466683360862935
461500,60.892361111111114,0.0002546055077464435
462000,60.95833333333334,0.00025382912305504723
462500,61.02430555555555,0.0002517282660471094
463000,61.09027777777778,0.0002478203984742395
463500,61.15625,0.00024166331863693949
464000,61.22222222222223,0.00023490998436885455
464500,61.28819444444444,0.00023221245747686152
465000,61.354166666666664,0.00022711161237047106
465500,61.42013888888889,0.0002311802498246103
466000,61.486111111111114,0.00023420957103740308
466500,61.55208333333334,0.0002277285881162078
467000,61.61805555555555,0.0002253621918376854
467500,61.68402777777778,0.00022491437857206461
468000,61.75,0.00022283849444320952
468500,61.81597222222223,0.00022273903478580145
469000,61.88194444444444,0.0002209559767428699
469500,61.947916666666664,0.00021906482587389907
470000,62.01388888888889,0.0002206660134886349
470500,62.079861111111114,0.00021839259014992083
471000,62.14583333333334,0.00021751366565081357
471500,62.21180555555555,0.00021881965403868647
472000,62.27777777777778,0.0002132769018165433
472500,62.34375,0.00021265841954969054
473000,62.40972222222223,0.00021217750782923314
473500,62.47569444444444,0.00021217035471775858
474000,62.541666666666664,0.00021588878453462446
474500,62.60763888888889,0.00021451465518807536
475000,62.673611111111114,0.0002135542732147284
475500,62.73958333333334,0.00021468815242730156
476000,62.80555555555555,0.00021269935937312518
476500,62.87152777777778,0.0002126302364304057
477000,62.9375,0.00021374327700123523
477500,63.00347222222223,0.00021602323528222383
478000,63.06944444444444,0.0002177081538307838
478500,63.135416666666664,0.00021975090826613039
479000,63.20138888888889,0.00022130763195717657
479500,63.267361111111114,0.00022083978154928988
480000,63.33333333333334,0.00021863469869633006
480500,63.39930555555555,0.00021838842188251983
481000,63.46527777777778,0.0002148577893127063
481500,63.53125,0.0002124403486391354
482000,63.59722222222223,0.00021117710265539024
482500,63.66319444444444,0.00020916898381042497
483000,63.729166666666664,0.00021139281194605092
483500,63.79513888888889,0.00021239053413888697
484000,63.861111111111114,0.0002132280824184994
484500,63.92708333333334,0.00021544452709215851
485000,63.99305555555555,0.0002174418660075351
485500,64.05902777777777,0.0002176061650549914
486000,64.125,0.00021880307855386223
486500,64.19097222222223,0.00021730103144047366
487000,64.25694444444444,0.00021187587859868525
487500,64.32291666666667,0.00021162442698428703
488000,64.38888888888889,0.00021313511591901878
488500,64.45486111111111,0.00021096664074800897
489000,64.52083333333334,0.00020811844353394726
489500,64.58680555555556,0.00020880554684759095
490000,64.65277777777777,0.00020656082847573268
490500,64.71875,0.00020779724785275553
491000,64.78472222222223,0.00020451368282008227
491500,64.85069444444444,0.00019747129240488577
492000,64.91666666666667,0.00019616400942781947
492500,64.98263888888889,0.00019063114236457014
493000,65.04861111111111,0.00018443202251375778
493500,65.11458333333334,0.0001813217218950181
494000,65.18055555555556,0.00017905589411102376
494500,65.24652777777777,0.00017984725761828894
495000,65.3125,0.00017805447647447112
495500,65.37847222222223,0.00017878824060479966
496000,65.44444444444444,0.00018096804263766775
496500,65.51041666666667,0.00018309962077502323
497000,65.57638888888889,0.00018727072371801758
497500,65.64236111111111,0.0001898263887826907
498000,65.70833333333334,0.00019483759767671718
498500,65.77430555555556,0.00020146738459500543
499000,65.84027777777777,0.00020108760274675693
499500,65.90625,0.0002026233047635976
500000,65.97222222222223,0.0002040199968080509
500500,66.03819444444444,0.00020466577243629107
501000,66.10416666666667,0.00020385233336760387
501500,66.17013888888889,0.00020327110633168183
502000,66.23611111111111,0.00020340030635025615
502500,66.30208333333334,0.00020529031945957433
503000,66.36805555555556,0.00020836327595241767
503500,66.43402777777777,0.0002110192150565159
504000,66.5,0.0002098370296851566
504500,66.56597222222223,0.00021091043970051244
505000,66.63194444444444,0.00021251861591140497
505500,66.69791666666667,0.00021485881649611446
506000,66.76388888888889,0.0002165290346870971
506500,66.82986111111111,0.00021625486843049728
507000,66.89583333333334,0.0002166456478640026
507500,66.96180555555556,0.0002186433089731526
508000,67.02777777777777,0.00021771734137713885
508500,67.09375,0.00021245915990648445
509000,67.15972222222223,0.00021043337755788412
509500,67.22569444444444,0.00020692482208689838
510000,67.29166666666667,0.00020284343752560653
510500,67.35763888888889,0.00020187537739427099
511000,67.42361111111111,0.00020194902211718752
511500,67.48958333333334,0.00019986609522114625
512000,67.55555555555556,0.00019959822005817407
512500,67.62152777777777,0.00020232984079092406
513000,67.6875,0.00020459886456298022
513500,67.75347222222223,0.0002056375780033324
514000,67.81944444444444,0.0002057622855280541
514500,67.88541666666667,0.00020465806377130573
515000,67.95138888888889,0.00020241679373380215
515500,68.01736111111111,0.00020219883784569455
516000,68.08333333333334,0.00020289992763974492
516500,68.14930555555556,0.00020244167991190042
517000,68.21527777777777,0.00020130790804155193
517500,68.28125,0.00020168694335595582
518000,68.34722222222223,0.00020112936540470156
518500,68.41319444444444,0.00020241029897564156
519000,68.47916666666667,0.00020368233920293837
519500,68.54513888888889,0.0002023752785889148
520000,68.61111111111111,0.00020665932951498194
520500,68.67708333333334,0.00020621552635145514
521000,68.74305555555556,0.0002079757764288089
521500,68.80902777777777,0.0002105354150498775
522000,68.875,0.00021089529181387797
522500,68.94097222222223,0.0002122414368349171
523000,69.00694444444444,0.00021399747469843464
523500,69.07291666666667,0.0002118719292883145
524000,69.13888888888889,0.00021062045308884497
524500,69.20486111111111,0.00020817961416491303
525000,69.27083333333334,0.00020660783724553574
525500,69.33680555555556,0.00020594761924721896
526000,69.40277777777777,0.00020685849790239637
526500,69.46875,0.00020889493057521093
527000,69.53472222222223,0.00021221979601175736
527500,69.60069444444444,0.00021402975929303529
528000,69.66666666666667,0.0002139323240285714
528500,69.73263888888889,0.00021655729039337716
529000,69.79861111111111,0.00021947312517845303
529500,69.86458333333334,0.00022302528718394374
530000,69.93055555555556,0.00022327435671103598
530500,69.99652777777777,0.00022388215634913536
531000,70.0625,0.00022490811313291215
531500,70.12847222222223,0.00022454614089452502
532000,70.19444444444444,0.00022513458731263352
532500,70.26041666666667,0.00022544432368018847
533000,70.32638888888889,0.00022301118472478978
533500,70.39236111111111,0.00022162410966191412
534000,70.45833333333334,0.00022104502505925012
534500,70.52430555555556,0.00021983695092752344
535000,70.59027777777779,0.00021965464674542957
535500,70.65625,0.00021652596426202487
536000,70.72222222222223,0.00021419771479677804
536500,70.78819444444444,0.00021091224884922554
537000,70.85416666666667,0.00020842548906875274
537500,70.92013888888889,0.00020590981065761034
538000,70.98611111111111,0.00020377255932871346
538500,71.05208333333334,0.00020160666116076864
539000,71.11805555555556,0.00020004104006421044
539500,71.18402777777779,0.00019840280533635972
540000,71.25,0.00019660223374182915
540500,71.31597222222223,0.0001944875611122852
541000,71.38194444444444,0.00019203670928189616
541500,71.44791666666667,0.00019040628959721668
542000,71.51388888888889,0.00018842961843938588
542500,71.57986111111111,0.00018526533734556985
543000,71.64583333333334,0.00018339948158002043
543500,71.71180555555556,0.0001811699212584791
544000,71.77777777777779,0.00017637545548944623
544500,71.84375,0.00017346649151962705
545000,71.90972222222223,0.0001700008436336434
545500,71.97569444444444,0.00016588009729757712
546000,72.04166666666667,0.00016194587810998423
546500,72.10763888888889,0.00016057944457653037
547000,72.17361111111111,0.00015982975475377682
547500,72.23958333333334,0.00015902132041205246
548000,72.30555555555556,0.00016048147297991573
548500,72.37152777777779,0.00016082836322700027
549000,72.4375,0.000159938443329741
549500,72.50347222222223,0.0001588244556461341
550000,72.56944444444444,0.0001589394448018076
550500,72.63541666666667,0.00015914030051539948
551000,72.70138888888889,0.00016159198181622204
551500,72.76736111111111,0.00016392795663595813
552000,72.83333333333334,0.00016390602389981516
552500,72.89930555555556,0.00016470440981995103
553000,72.96527777777779,0.00016299756399436695
553500,73.03125,0.00016441371854735595
554000,73.09722222222223,0.00016279441371909014
554500,73.16319444444444,0.00016014265831905378
555000,73.22916666666667,0.0001567330592100084
555500,73.29513888888889,0.00015294708606071168
556000,73.36111111111111,0.00014940272712470634
556500,73.42708333333334,0.0001462579107883514
557000,73.49305555555556,0.00014241880823751758
557500,73.55902777777779,0.00014032184143487558
558000,73.625,0.00013802794016956529
558500,73.69097222222223,0.00013619517443326295
559000,73.75694444444444,0.00013532905380248564
559500,73.82291666666667,0.00013480570047454436
560000,73.88888888888889,0.00013392850325505605
560500,73.95486111111111,0.00013398504171786155
561000,74.02083333333334,0.0001351794850448413
561500,74.08680555555556,0.00013460914258654825
562000,74.15277777777779,0.0001339532498624113
562500,74.21875,0.00013322652399262968
563000,74.28472222222223,0.00013238423385647069
563500,74.35069444444444,0.0001324337381535633
564000,74.41666666666667,0.000131179508359969
564500,74.48263888888889,0.00013054875112693812
565000,74.54861111111111,0.00012947089834258074
565500,74.61458333333334,0.00013036130478346163
566000,74.68055555555556,0.00013103441950954283
566500,74.74652777777779,0.00013125064775434142
567000,74.8125,0.00013137444150281434
567500,74.87847222222223,0.00013214695473206896
568000,74.94444444444444,0.00013355541063306303
568500,75.01041666666667,0.0001338076581497014
569000,75.07638888888889,0.00013453818150138547
569500,75.14236111111111,0.00013542807786413725
570000,75.20833333333334,0.00013566198963406103
570500,75.27430555555556,0.00013547426191480585
571000,75.34027777777779,0.00013517132592006845
571500,75.40625,0.00013398536705005144
572000,75.47222222222223,0.00013230185759359887
572500,75.53819444444444,0.00013093441771612913
573000,75.60416666666667,0.00012724201148889578
573500,75.67013888888889,0.00012639997631542731
574000,75.73611111111111,0.00012289266710408854
574500,75.80208333333334,0.00012010503221582329
575000,75.86805555555556,0.0001171267063103718
575500,75.93402777777779,0.00011495027475420972
576000,76.0,0.0001119739599307673
576500,76.06597222222223,0.00010817128980937042
577000,76.13194444444444,0.00010642916388076351
577500,76.19791666666667,0.00010568008315406866
578000,76.26388888888889,0.0001051120547680751
578500,76.32986111111111,0.00010530231753912165
579000,76.39583333333334,0.0001048333627575202
579500,76.46180555555556,0.00010536019378333939
580000,76.52777777777779,0.0001038392525978425
580500,76.59375,0.000102875231916573
581000,76.65972222222223,0.00010259707421323569
581500,76.72569444444444,0.00010059277902284645
582000,76.79166666666667,9.917619986882121e-05
582500,76.85763888888889,9.969697303996329e-05
583000,76.92361111111111,0.00010013644841737844
583500,76.98958333333334,0.00010014226617539838
584000,77.05555555555556,9.948416347926392e-05
584500,77.12152777777779,9.926581871663932e-05
585000,77.1875,9.755823156628403e-05
585500,77.25347222222223,9.801192344427177e-05
586000,77.31944444444444,9.760697350252805e-05
586500,77.38541666666667,9.570152421307225e-05
587000,77.45138888888889,9.545668585670197e-05
587500,77.51736111111111,9.498252922385085e-05
588000,77.58333333333334,9.416748208528302e-05
588500,77.64930555555556,9.266129530608072e-05
589000,77.71527777777779,9.224218281411298e-05
589500,77.78125,9.195331346811504e-05
590000,77.84722222222223,9.10859591282693e-05
590500,77.91319444444444,9.083471614738412e-05
591000,77.97916666666667,8.946370072580696e-05
591500,78.04513888888889,8.873555068202726e-05
592000,78.11111111111111,8.826696594610602e-05
592500,78.17708333333334,8.751765907950557e-05
593000,78.24305555555556,8.749778270525592e-05
593500,78.30902777777779,8.847973343224775e-05
594000,78.375,9.003987662177204e-05
594500,78.44097222222223,9.187952385315575e-05
595000,78.50694444444444,9.233880963071342e-05
595500,78.57291666666667,9.143679501532633e-05
596000,78.63888888888889,9.115734248255444e-05
596500,78.70486111111111,9.056898192889389e-05
597000,78.77083333333334,8.932998321238756e-05
597500,78.83680555555556,8.864226431169008e-05
598000,78.90277777777779,8.704645777476928e-05
598500,78.96875,8.521046015128107e-05
599000,79.03472222222223,8.630459371406322e-05
599500,79.10069444444444,8.660522474213085e-05
600000,79.16666666666667,8.671989487971117e-05
600500,79.23263888888889,8.708458445859327e-05
601000,79.29861111111111,8.487352650177214e-05
601500,79.36458333333334,8.406732666254698e-05
602000,79.43055555555556,8.281165055734214e-05
602500,79.49652777777779,8.139552896247314e-05
603000,79.5625,8.024579096635646e-05
603500,79.62847222222223,7.928803961072735e-05
604000,79.69444444444444,7.904867496912273e-05
604500,79.76041666666667,7.880566323798094e-05
605000,79.82638888888889,7.834418899193256e-05
605500,79.89236111111111,7.906434423988265e-05
606000,79.95833333333334,7.937192069587953e-05
606500,80.02430555555556,8.102971273964745e-05
607000,80.09027777777779,8.255450013813626e-05
607500,80.15625,8.409230344385375e-05
608000,80.22222222222223,8.446176023178986e-05
608500,80.28819444444444,8.549478914956035e-05
609000,80.35416666666667,8.448827904377795e-05
609500,80.42013888888889,8.363199026063495e-05
610000,80.48611111111111,8.348369583188583e-05
610500,80.55208333333334,8.277701391322101e-05
611000,80.61805555555556,8.220852255831125e-05
611500,80.68402777777779,8.067646300312333e-05
612000,80.75,7.833730824114778e-05
612500,80.81597222222223,7.684223616376113e-05
613000,80.88194444444444,7.477614020903196e-05
613500,80.94791666666667,7.175444888263221e-05
614000,81.01388888888889,6.901230394426339e-05
614500,81.07986111111111,6.745299211280599e-05
615000,81.14583333333334,6.641016214554708e-05
615500,81.21180555555556,6.515959364301459e-05
616000,81.27777777777779,6.41968141923705e-05
616500,81.34375,6.319477207085985e-05
617000,81.40972222222223,6.28862513492921e-05
617500,81.47569444444444,6.335919630848901e-05
618000,81.54166666666667,6.501073370612171e-05
618500,81.60763888888889,6.666067777961637e-05
619000,81.67361111111111,6.730928136836524e-05
619500,81.73958333333334,6.767595937575753e-05
620000,81.80555555555556,6.894955013718733e-05
620500,81.87152777777779,6.984324731505747e-05
621000,81.9375,7.075217943152295e-05
621500,82.00347222222223,7.198285935109203e-05
622000,82.06944444444444,7.213110005499413e-05
622500,82.13541666666667,7.350350241727963e-05
623000,82.20138888888889,7.52690259215979e-05
623500,82.26736111111111,7.741669415444836e-05
624000,82.33333333333334,7.931421196044691e-05
624500,82.39930555555556,7.904133361669065e-05
625000,82.46527777777779,7.889967202137251e-05
625500,82.53125,7.895867664889476e-05
626000,82.59722222222223,7.906413011301963e-05
626500,82.66319444444444,7.942791613497045e-05
627000,82.72916666666667,7.823542223140004e-05
627500,82.79513888888889,7.735884199021294e-05
628000,82.86111111111111,7.598982266631075e-05
628500,82.92708333333334,7.461465325604789e-05
629000,82.99305555555556,7.329548425877179e-05
629500,83.05902777777779,7.279095436585183e-05
630000,83.125,7.274949839296502e-05
630500,83.19097222222223,7.256520950604952e-05
631000,83.25694444444444,7.142153960336644e-05
631500,83.32291666666667,7.093311063841846e-05
632000,83.38888888888889,7.017865100386426e-05
632500,83.45486111111111,6.940031214155213e-05
633000,83.52083333333334,6.963164069492678e-05
633500,83.58680555555556,6.918136854829025e-05
634000,83.65277777777779,6.946380726028483e-05
634500,83.71875,7.143887479953345e-05
635000,83.78472222222223,7.219864404337064e-05
635500,83.85069444444444,7.382747557557673e-05
636000,83.91666666666667,7.385034078683856e-05
636500,83.98263888888889,7.448003107626169e-05
637000,84.04861111111111,7.466851851987116e-05
637500,84.11458333333334,7.406052334257572e-05
638000,84.18055555555556,7.408390695396166e-05
638500,84.24652777777779,7.366202083353417e-05
639000,84.3125,7.398195002185918e-05
639500,84.37847222222223,7.460835216046016e-05
640000,84.44444444444444,7.441954753958125e-05
640500,84.51041666666667,7.494284448479454e-05
641000,84.57638888888889,7.653325438544867e-05
641500,84.64236111111111,7.593166912479212e-05
642000,84.70833333333334,7.64501642448572e-05
642500,84.77430555555556,7.613740330965624e-05
643000,84.84027777777779,7.420597715146258e-05
643500,84.90625,7.391767703553228e-05
644000,84.97222222222223,7.351187933385499e-05
644500,85.03819444444444,7.378328457203813e-05
645000,85.10416666666667,7.356772279797575e-05
645500,85.17013888888889,7.339551003288813e-05
646000,85.23611111111111,7.345003398112813e-05
646500,85.30208333333334,7.363292843549973e-05
647000,85.36805555555556,7.318282894462039e-05
647500,85.43402777777779,7.244619349889897e-05
648000,85.5,7.207395695925495e-05
648500,85.56597222222223,7.237111082848642e-05
649000,85.63194444444444,7.241984069172335e-05
649500,85.69791666666667,7.302741105980102e-05
650000,85.76388888888889,7.43655203215765e-05
650500,85.82986111111111,7.629126446723772e-05
651000,85.89583333333334,7.724516173969339e-05
651500,85.96180555555556,7.741488006401906e-05
652000,86.02777777777779,7.917161581839781e-05
652500,86.09375,8.152742606830598e-05
653000,86.15972222222223,8.12965436615581e-05
653500,86.22569444444444,8.078277745392558e-05
654000,86.29166666666667,8.055291775286349e-05
654500,86.35763888888889,8.082554552961573e-05
655000,86.42361111111111,8.075458977801331e-05
655500,86.48958333333334,8.152683125617344e-05
656000,86.55555555555556,8.187273846765872e-05
656500,86.62152777777779,8.18871629071303e-05
657000,86.6875,8.24001579080299e-05
657500,86.75347222222223,8.32340431117542e-05
658000,86.81944444444444,8.402566088761263e-05
658500,86.88541666666667,8.530021668465874e-05
659000,86.95138888888889,8.781304068327078e-05
659500,87.01736111111111,8.872314387954444e-05
660000,87.08333333333334,8.945223105984633e-05
660500,87.14930555555556,9.049416571399083e-05
661000,87.21527777777779,9.153577311673461e-05
661500,87.28125,9.15030486134722e-05
662000,87.34722222222223,9.106269484278886e-05
662500,87.41319444444444,9.053566251630733e-05
663000,87.47916666666667,8.96602658131109e-05
663500,87.54513888888889,8.995081768347729e-05
664000,87.61111111111111,9.061008112468136e-05
664500,87.67708333333334,9.155145803037241e-05
665000,87.74305555555556,9.278075041184176e-05
665500,87.80902777777779,9.329238295443548e-05
666000,87.875,9.40978979002532e-05
666500,87.94097222222223,9.445503944679913e-05
667000,88.00694444444444,9.416697058604095e-05
667500,88.07291666666667,9.37651602835195e-05
668000,88.13888888888889,9.443459904216949e-05
668500,88.20486111111111,9.569822068865973e-05
669000,88.27083333333334,9.638790183596873e-05
669500,88.33680555555556,9.797555013281254e-05
670000,88.40277777777779,0.00010091857530948908
670500,88.46875,0.00010260989296655138
671000,88.53472222222223,0.00010449775416318822
671500,88.60069444444444,0.00010484875303741957
672000,88.66666666666667,0.00010392186634989736
672500,88.73263888888889,0.00010386991036021471
673000,88.79861111111111,0.00010263349040722274
673500,88.86458333333334,0.00010119803426713899
674000,88.93055555555556,0.00010096059912037272
674500,88.99652777777779,0.00010091278818087645
675000,89.0625,0.00010072731521859297
675500,89.12847222222223,0.00010049234549633033
676000,89.19444444444444,0.00010103403751383699
676500,89.26041666666667,0.0001009773916710556
677000,89.32638888888889,0.00010005747581114378
677500,89.39236111111111,9.999852486590643e-05
678000,89.45833333333334,9.98279471915812e-05
678500,89.52430555555556,9.942675567343754e-05
679000,89.59027777777779,9.976480862712009e-05
679500,89.65625,0.00010049302580751135
680000,89.72222222222223,0.00010184786816973215
680500,89.78819444444444,0.00010345030741434117
681000,89.85416666666667,0.00010402256794074676
681500,89.92013888888889,0.00010562267299160278
682000,89.98611111111111,0.00010709049396413314
682500,90.05208333333334,0.00010744663616169258
683000,90.11805555555556,0.00010781204181410008
683500,90.18402777777779,0.00010732246581707155
684000,90.25,0.00010636237598316243
684500,90.31597222222223,0.00010464245609012176
685000,90.38194444444444,0.00010352363182725889
685500,90.44791666666667,0.00010266624395546872
686000,90.51388888888889,0.00010185906894513132
686500,90.57986111111111,0.00010112265767557052
687000,90.64583333333334,0.00010057726849932025
687500,90.71180555555556,0.00010047536827821359
688000,90.77777777777779,0.00010083913235457774
688500,90.84375,0.00010108101765161357
689000,90.90972222222223,0.00010090106703380463
689500,90.97569444444444,0.00010183683804830995
690000,91.04166666666667,0.00010279382150250065
690500,91.10763888888889,0.0001037408642331497
691000,91.17361111111111,0.00010494307750399491
691500,91.23958333333334,0.00010591702181935894
692000,91.30555555555556,0.0001064030258938995
692500,91.37152777777779,0.0001067364421866761
693000,91.4375,0.00010665574640781403
693500,91.50347222222223,0.00010651944399967066
694000,91.56944444444444,0.00010766641540331771
694500,91.63541666666667,0.0001080737051706001
695000,91.70138888888889,0.00010832445599269746
695500,91.76736111111111,0.00010899606406201303
696000,91.83333333333334,0.00010957114198612808
696500,91.89930555555556,0.00011023619180322762
697000,91.96527777777779,0.00010992301073974045
697500,92.03125,0.00010945670372677716
698000,92.09722222222223,0.00010837618701927231
698500,92.16319444444444,0.00010844053664673108
699000,92.22916666666667,0.00010858273439325926
699500,92.29513888888889,0.00010810376275400482
700000,92.36111111111111,0.00010769044484550201
700500,92.42708333333334,0.00010701107639484218
701000,92.49305555555556,0.00010732932345539498
701500,92.55902777777779,0.0001082797484511384
702000,92.625,0.000108593364960371
702500,92.69097222222223,0.00010864359955263597
703000,92.75694444444444,0.00010906890325091057
703500,92.82291666666667,0.00010968085807328518
704000,92.88888888888889,0.00010986792061616862
704500,92.95486111111111,0.00010981089158113929
705000,93.02083333333334,0.00010895317479458073
705500,93.08680555555556,0.00010814462845529712
706000,93.15277777777779,0.00010726964156692738
706500,93.21875,0.00010668646581753139
707000,93.28472222222223,0.00010732259851885843
707500,93.35069444444444,0.0001077275110396098
708000,93.41666666666667,0.00010757029490900003
708500,93.48263888888889,0.00010724274910271676
709000,93.54861111111111,0.00010741411082235937
709500,93.61458333333334,0.00010739601879693009
710000,93.68055555555556,0.00010626274099484179
710500,93.74652777777779,0.00010558170484841843
711000,93.8125,0.00010518362325453416
711500,93.87847222222223,0.00010511444753250331
712000,93.94444444444444,0.00010461616375774084
712500,94.01041666666667,0.00010401062516557584
713000,94.07638888888889,0.00010312991560072804
713500,94.14236111111111,0.00010219895963995993
714000,94.20833333333334,0.00010078905080361666
714500,94.27430555555556,0.00010053385080748122
715000,94.34027777777779,0.00010074053506327381
715500,94.40625,0.00010033766621713781
716000,94.47222222222223,0.0001007263555206673
716500,94.53819444444444,0.00010088106811316781
717000,94.60416666666667,0.00010093437052878483
717500,94.67013888888889,0.00010123190790515933
718000,94.73611111111111,0.00010227173930602848
718500,94.80208333333334,0.00010337360015585083
719000,94.86805555555556,0.00010355706857052069
719500,94.93402777777779,0.00010331842031035194
720000,95.0,0.00010286550814552206
720500,95.06597222222223,0.00010222180058809813
721000,95.13194444444444,0.00010122679577326806
721500,95.19791666666667,0.00010083922202540983
722000,95.26388888888889,0.00010045010114966319
722500,95.32986111111111,9.96031793362464e-05
723000,95.39583333333334,9.932956658818869e-05
723500,95.46180555555556,9.859967542780401e-05
724000,95.52777777777779,9.801227536021149e-05
724500,95.59375,9.738612597353169e-05
725000,95.65972222222223,9.599359303561725e-05
725500,95.72569444444444,9.5162791526381e-05
726000,95.79166666666667,9.43598613119295e-05
726500,95.85763888888889,9.352221890176313e-05
727000,95.92361111111111,9.312191069400657e-05
727500,95.98958333333334,9.262129219897359e-05
728000,96.05555555555556,9.25105393309862e-05
728500,96.12152777777779,9.19725184590297e-05
729000,96.1875,9.209109415978591e-05
729500,96.25347222222223,9.181276921623205e-05
730000,96.31944444444444,9.189510015553966e-05
730500,96.38541666666667,9.112634996923203e-05
731000,96.45138888888889,9.11071515074454e-05
731500,96.51736111111111,9.073499143697011e-05
732000,96.58333333333334,8.966728388502738e-05
732500,96.64930555555556,8.81463202025567e-05
733000,96.71527777777779,8.713601692139908e-05
733500,96.78125,8.619780633013535e-05
734000,96.84722222222223,8.514651253800549e-05
734500,96.91319444444444,8.429256668163609e-05
735000,96.97916666666667,8.441097002928354e-05
735500,97.04513888888889,8.471901178879027e-05
736000,97.11111111111111,8.549473559341042e-05
736500,97.17708333333334,8.67647327883022e-05
737000,97.24305555555556,8.840032122088502e-05
737500,97.30902777777779,8.972226379534308e-05
738000,97.375,8.932088290619648e-05
738500,97.44097222222223,9.007672209256212e-05
739000,97.50694444444444,9.078463524222429e-05
739500,97.57291666666667,9.08431915780973e-05
740000,97.63888888888889,9.14509646243118e-05
740500,97.70486111111111,9.268664565690572e-05
741000,97.77083333333334,9.466558174554132e-05
741500,97.83680555555556,9.680755487817585e-05
742000,97.90277777777779,9.91660884403714e-05
742500,97.96875,0.00010120338784684295
743000,98.03472222222223,0.0001030263038297833
743500,98.10069444444444,0.00010438182416906175
744000,98.16666666666667,0.00010530010685771817
744500,98.23263888888889,0.00010669443573014044
745000,98.29861111111111,0.00010870809246149692
745500,98.36458333333334,0.00011045864972396016
746000,98.43055555555556,0.00011162350050427852
746500,98.49652777777779,0.0001122831812904901
747000,98.5625,0.00011318283313822586
747500,98.62847222222223,0.0001148064304837741
748000,98.69444444444444,0.00011691020265863788
748500,98.76041666666667,0.00011826315786628522
749000,98.82638888888889,0.00011949069567183261
749500,98.89236111111111,0.00012159128518942624
750000,98.95833333333334,0.0001242819836581217
750500,99.02430555555556,0.0001256629832076369
751000,99.09027777777779,0.00012746826864852857
751500,99.15625,0.00012930168114466933
752000,99.22222222222223,0.0001311652973643593
752500,99.28819444444444,0.00013330832471380774
753000,99.35416666666667,0.00013560802126326703
753500,99.42013888888889,0.00013667316137838328
754000,99.48611111111111,0.00013821253033289427
754500,99.55208333333334,0.0001392223792017179
755000,99.61805555555556,0.00013903282998512098
755500,99.68402777777779,0.0001383927660113766
756000,99.75,0.0001374508630583022
756500,99.81597222222223,0.00013689488386009715
757000,99.88194444444444,0.00013689769217243195
757500,99.94791666666667,0.00013762929906992449
758000,100.01388888888889,0.0001380455552640186
758500,100.07986111111111,0.00013798055916414508
759000,100.14583333333334,0.00013748892131574557
759500,100.21180555555556,0.00013622866715674487
760000,100.27777777777779,0.0001355913054608242
760500,100.34375,0.0001356716633723859
761000,100.40972222222223,0.0001356897164833447
761500,100.47569444444444,0.00013577931139265235
762000,100.54166666666667,0.00013480755132575935
762500,100.60763888888889,0.00013277186304629508
763000,100.67361111111111,0.0001308081721777108
763500,100.73958333333334,0.0001286847889055597
764000,100.80555555555556,0.00012717000411934686
764500,100.87152777777779,0.00012652109067698292
765000,100.9375,0.0001263439562241507
765500,101.00347222222223,0.0001259225292901349
766000,101.06944444444444,0.00012484115176935573
766500,101.13541666666667,0.0001239788711403636
767000,101.20138888888889,0.00012309698676909756
767500,101.26736111111111,0.00012274236321271233
768000,101.33333333333334,0.0001227266534621113
768500,101.39930555555556,0.00012308373914950033
769000,101.46527777777779,0.00012328219515880164
769500,101.53125,0.00012267225749044492
770000,101.59722222222223,0.0001221665339902465
770500,101.66319444444444,0.00012126116629379333
771000,101.72916666666667,0.0001198202194840837
771500,101.79513888888889,0.00011835604741287547
772000,101.86111111111111,0.00011813312055792779
772500,101.92708333333334,0.00011794362507119479
773000,101.99305555555556,0.0001175860700098658
773500,102.05902777777779,0.00011672454704083497
774000,102.125,0.00011502615492174346
774500,102.19097222222223,0.00011365781192787626
775000,102.25694444444444,0.00011276995698414906
775500,102.32291666666667,0.00011176027794276762
776000,102.38888888888889,0.0001111158020289472
776500,102.45486111111111,0.00011092559133288821
777000,102.52083333333334,0.00010983959563563388
777500,102.58680555555556,0.00010868617784721364
778000,102.65277777777779,0.00010797506183861998
778500,102.71875,0.00010822311432854942
779000,102.78472222222223,0.0001085954388140967
779500,102.85069444444444,0.00010897171278526707
780000,102.91666666666667,0.00010914455623486085
780500,102.98263888888889,0.00010908495385797015
781000,103.04861111111111,0.00010950690405392965
781500,103.11458333333334,0.00010981989200178282
782000,103.18055555555556,0.00011032428122424228
782500,103.24652777777779,0.00011106567008691493
783000,103.3125,0.00011166694538970757
783500,103.37847222222223,0.00011195607308413034
784000,103.44444444444444,0.0001121339564785362
784500,103.51041666666667,0.00011318188301846309
785000,103.57638888888889,0.00011483022041406384
785500,103.64236111111111,0.00011678091814121971
786000,103.70833333333334,0.00011882644428620088
786500,103.77430555555556,0.00012051366595714525
787000,103.84027777777779,0.00012114184611521352
787500,103.90625,0.00012113781611121443
788000,103.97222222222223,0.00012156188575647473
788500,104.03819444444444,0.00012257217790262226
789000,104.10416666666667,0.00012388596051423421
789500,104.17013888888889,0.0001254272006410761
790000,104.23611111111111,0.00012651787417955048
790500,104.30208333333333,0.00012732227120600912
791000,104.36805555555556,0.00012735535123458192
791500,104.43402777777779,0.00012734617940086309
792000,104.5,0.00012739197040159708
792500,104.56597222222223,0.0001287006762400228
793000,104.63194444444444,0.00013042121019736188
793500,104.69791666666667,0.00013152759256515327
794000,104.76388888888889,0.00013141627812597153
794500,104.82986111111111,0.00013085703560505033
795000,104.89583333333333,0.00013018455745598896
795500,104.96180555555556,0.00012984619302957136
796000,105.02777777777779,0.0001303670583469422
796500,105.09375,0.00013161893051940937
797000,105.15972222222223,0.0001322841096145974
797500,105.22569444444446,0.00013185324988814197
798000,105.29166666666669,0.0001309409537541449
798500,105.35763888888889,0.00013011603406514263
799000,105.4236111111111,0.00012934357816905901
799500,105.48958333333333,0.00012938693885510368
800000,105.55555555555556,0.00013030183340436184
800500,105.62152777777779,0.00013175380441836818
801000,105.6875,0.00013235124639302746
801500,105.75347222222223,0.00013341834496519357
802000,105.81944444444446,0.00013452733205996563
802500,105.88541666666669,0.0001355535517707373
803000,105.95138888888889,0.00013692087653382614
803500,106.0173611111111,0.00013871434308436153
804000,106.08333333333333,0.00014034859487559815
804500,106.14930555555556,0.00014226269374482291
805000,106.21527777777779,0.00014379965542811836
805500,106.28125,0.00014542729564536678
806000,106.34722222222223,0.00014681136827035594
806500,106.41319444444446,0.00014828350368183878
807000,106.47916666666669,0.00015043676323913308
807500,106.54513888888889,0.00015309601705928576
808000,106.6111111111111,0.0001553068113318994
808500,106.67708333333333,0.00015771163629768034
809000,106.74305555555556,0.0001608813305209747
809500,106.80902777777779,0.0001634492709130209
810000,106.875,0.00016614231085592017
810500,106.94097222222223,0.0001677713415847683
811000,107.00694444444446,0.0001695360234879449
811500,107.07291666666669,0.00017136104911258217
812000,107.13888888888889,0.00017178968395547685
812500,107.2048611111111,0.00017150002627924096
813000,107.27083333333333,0.00017151248367659367
813500,107.33680555555556,0.00017086138910632636
814000,107.40277777777779,0.00017002641648760535
814500,107.46875,0.00017002729933330695
815000,107.53472222222223,0.0001714064253071724
815500,107.60069444444446,0.00017338226330858536
816000,107.66666666666669,0.00017510037153411714
816500,107.73263888888889,0.00017529776231123932
817000,107.7986111111111,0.00017557229706713302
817500,107.86458333333333,0.00017658655423818766
818000,107.93055555555556,0.00017847522864243676
818500,107.99652777777779,0.00018101175253371963
819000,108.0625,0.0001826202710367016
819500,108.12847222222223,0.00018351305113399667
820000,108.19444444444446,0.00018342062510281438
820500,108.26041666666669,0.00018293056770483983
821000,108.32638888888889,0.00018283908906074572
821500,108.3923611111111,0.00018305597323419376
822000,108.45833333333333,0.00018342642859205032
822500,108.52430555555556,0.00018360091458539002
823000,108.59027777777779,0.0001837540069739227
823500,108.65625,0.00018433799584905824
824000,108.72222222222223,0.00018526960440774838
824500,108.78819444444446,0.0001861732324506267
825000,108.85416666666669,0.00018742534409602862
825500,108.92013888888889,0.00018845187642234332
826000,108.9861111111111,0.00018923644797514734
826500,109.05208333333333,0.0001892199325705509
827000,109.11805555555556,0.0001892970544257269
827500,109.18402777777779,0.00018957979125953258
828000,109.25,0.0001898323046124395
828500,109.31597222222223,0.0001901618740009877
829000,109.38194444444446,0.00019046254912298617
829500,109.44791666666669,0.00019084111156781916
830000,109.51388888888889,0.0001908900095540771
830500,109.5798611111111,0.00019071594791510683
831000,109.64583333333333,0.0001908857579889461
831500,109.71180555555556,0.0001913978628101618
832000,109.77777777777779,0.00019220679566579047
832500,109.84375,0.00019342576700376248
833000,109.90972222222223,0.0001945177353767672
833500,109.97569444444446,0.00019469896527355435
834000,110.04166666666669,0.0001946845761170663
834500,110.10763888888889,0.00019507301684184398
835000,110.1736111111111,0.0001954154438708032
835500,110.23958333333333,0.0001963512562750691
836000,110.30555555555556,0.00019680759484772583
836500,110.37152777777779,0.00019685177099978407
837000,110.4375,0.0001969264983024475
837500,110.50347222222223,0.0001966570729503052
838000,110.56944444444446,0.00019639538226521252
838500,110.63541666666669,0.00019632811178689895
839000,110.70138888888889,0.00019612101744634187
839500,110.7673611111111,0.00019504218705289293
840000,110.83333333333333,0.00019362113971456822
840500,110.89930555555556,0.0001919088442087211
841000,110.96527777777779,0.0001909728592464112
841500,111.03125,0.0001904270301523602
842000,111.09722222222223,0.00018964200059134304
842500,111.16319444444446,0.00018868097496964393
843000,111.22916666666669,0.0001876563124195194
843500,111.29513888888889,0.00018669012044019288
844000,111.3611111111111,0.00018645105656569705
844500,111.42708333333333,0.00018598077960820905
845000,111.49305555555556,0.0001844743736103488
845500,111.55902777777779,0.00018268448941965318
846000,111.625,0.00018065114288022858
846500,111.69097222222223,0.0001788789705654372
847000,111.75694444444446,0.00017737295829821568
847500,111.82291666666669,0.00017539085397434066
848000,111.88888888888889,0.00017244041596587288
848500,111.9548611111111,0.00016963695608713812
849000,112.02083333333333,0.00016765527513988343
849500,112.08680555555556,0.00016617770776612936
850000,112.15277777777779,0.00016514829451400365
850500,112.21875,0.00016405912773766282
851000,112.28472222222223,0.0001628984371936986
851500,112.35069444444446,0.0001619513692341292
852000,112.41666666666669,0.0001614929355482126
852500,112.48263888888889,0.00016159495905489102
853000,112.5486111111111,0.0001614816494080988
853500,112.61458333333333,0.00016131587819883875
854000,112.68055555555556,0.0001610168724315243
854500,112.74652777777779,0.00016046993827055058
855000,112.8125,0.00016021843238248353
855500,112.87847222222223,0.00015985229408331186
856000,112.94444444444446,0.00016020216143561924
856500,113.01041666666669,0.00016057890939873633
857000,113.07638888888889,0.00016091645005518611
857500,113.1423611111111,0.00016135410368078425
858000,113.20833333333333,0.00016205783170316997
858500,113.27430555555556,0.0001626357973654954
859000,113.34027777777779,0.0001633039148031168
859500,113.40625,0.0001641649716249613
860000,113.47222222222223,0.00016493745189631804
860500,113.53819444444446,0.00016593929558059026
861000,113.60416666666669,0.00016696261765147035
861500,113.67013888888889,0.00016793402520111898
862000,113.7361111111111,0.0001693252059603776
862500,113.80208333333333,0.0001706484791193194
863000,113.86805555555556,0.00017129058650366686
863500,113.93402777777779,0.0001715877168478254
864000,114.0,0.00017140720369743687
864500,114.06597222222223,0.0001713551084054365
865000,114.13194444444446,0.0001717997413175509
865500,114.19791666666669,0.0001717113393384573
866000,114.26388888888889,0.0001716792366228444
866500,114.3298611111111,0.00017102816376249734
867000,114.39583333333333,0.0001707055529442371
867500,114.46180555555556,0.0001705498954342633
868000,114.52777777777779,0.00017061233636690866
868500,114.59375,0.00017069620067068788
869000,114.65972222222223,0.00016986189237160117
869500,114.72569444444446,0.0001687763983653658
870000,114.79166666666669,0.000167840213070058
870500,114.85763888888889,0.0001672636015222598
871000,114.9236111111111,0.000166640851231727
871500,114.98958333333333,0.00016565817843213255
872000,115.05555555555556,0.00016478230992352308
872500,115.12152777777779,0.0001645075844598431
873000,115.1875,0.00016444376985330088
873500,115.25347222222223,0.00016511983565427907
874000,115.31944444444446,0.00016552017089143482
874500,115.38541666666669,0.0001651711146280451
875000,115.45138888888889,0.00016444250086752443
875500,115.5173611111111,0.00016442741780977026
876000,115.58333333333333,0.000164674916577833
876500,115.64930555555556,0.00016488317844121984
877000,115.71527777777779,0.00016437708791733615
877500,115.78125,0.00016305289939866542
878000,115.84722222222223,0.00016173181507243
878500,115.91319444444446,0.00016058273748835003
879000,115.97916666666669,0.0001592081594724093
879500,116.04513888888889,0.00015795438775366568
880000,116.1111111111111,0.00015675628860916703
880500,116.17708333333333,0.000155277356642186
881000,116.24305555555556,0.00015399589489467494
881500,116.30902777777779,0.00015194921058064224
882000,116.375,0.00014982069667258155
882500,116.44097222222223,0.00014786174573245563
883000,116.50694444444446,0.00014651550476416623
883500,116.57291666666669,0.0001456047286467943
884000,116.63888888888889,0.00014456518169100635
884500,116.7048611111111,0.00014297139552897812
885000,116.77083333333333,0.00014137197044513568
885500,116.83680555555556,0.00013998673304088855
886000,116.90277777777779,0.0001393340845693587
886500,116.96875,0.00013920547203665607
887000,117.03472222222223,0.00013895919290927454
887500,117.10069444444446,0.00013838922122264152
888000,117.16666666666669,0.00013726591667815991
888500,117.23263888888889,0.00013628395560450323
889000,117.2986111111111,0.00013587160920679103
889500,117.36458333333333,0.00013481133928610099
890000,117.43055555555556,0.00013336508961630869
890500,117.49652777777779,0.00013198792536991082
891000,117.5625,0.0001304830023726086
891500,117.62847222222223,0.00012985480259993383
892000,117.69444444444446,0.000129898835133488
892500,117.76041666666669,0.00012970239811277518
893000,117.82638888888889,0.0001291995746975002
893500,117.8923611111111,0.00012862851624001982
894000,117.95833333333333,0.00012837745202470745
894500,118.02430555555556,0.00012882951165074741
895000,118.09027777777779,0.0001288996245501159
895500,118.15625,0.00012887239281587662
896000,118.22222222222223,0.00012888039832735816
896500,118.28819444444446,0.00013039771169520614
897000,118.35416666666669,0.00013276868691207308
897500,118.42013888888889,0.00013564026243850124
898000,118.4861111111111,0.00013762573529228303
898500,118.55208333333333,0.00013871456187462076
899000,118.61805555555556,0.00013950652322150658
899500,118.68402777777779,0.00014037177235156563
900000,118.75,0.00014066015615253383
900500,118.81597222222223,0.0001407615866951761
901000,118.88194444444446,0.00014059151096196599
901500,118.94791666666669,0.000141039125534063
902000,119.01388888888889,0.0001415971412195996
902500,119.0798611111111,0.00014229471280126477
903000,119.14583333333333,0.00014265401370620667
903500,119.21180555555556,0.00014158353206254875
904000,119.27777777777779,0.00014075971014210873
904500,119.34375,0.00014099114470094923
905000,119.40972222222223,0.00014153924834366536
905500,119.47569444444446,0.000141892091245098
906000,119.54166666666669,0.00014213718784182312
906500,119.60763888888889,0.00014224103322497188
907000,119.6736111111111,0.0001427343300404502
907500,119.73958333333333,0.00014332382506580907
908000,119.80555555555556,0.00014405782624338153
908500,119.87152777777779,0.0001448586170573281
909000,119.9375,0.00014564278528368812
909500,120.00347222222223,0.0001467896165139561
910000,120.06944444444446,0.0001486877134137343
910500,120.13541666666669,0.00015104258770540322
911000,120.20138888888889,0.00015265332301094199
911500,120.2673611111111,0.00015396253655734597
912000,120.33333333333333,0.0001553959528066015
912500,120.39930555555556,0.00015722225984547025
913000,120.46527777777779,0.0001592153000141913
913500,120.53125,0.0001610110420263948
914000,120.59722222222223,0.00016267727315607582
914500,120.66319444444446,0.00016463501326306705
915000,120.72916666666669,0.00016714545726362478
915500,120.79513888888889,0.0001696329960576603
916000,120.8611111111111,0.00017135540619415192
916500,120.92708333333333,0.0001726187871256345
917000,120.99305555555556,0.00017387972315686509
917500,121.05902777777779,0.00017496224905369013
918000,121.125,0.00017550514742434664
918500,121.19097222222223,0.0001745658338547779
919000,121.25694444444446,0.00017348597174690465
919500,121.32291666666669,0.00017287077805501675
920000,121.38888888888889,0.0001730425403163236
920500,121.4548611111111,0.00017340335962779267
921000,121.52083333333333,0.00017296054288154917
921500,121.58680555555556,0.00017303242955870137
922000,121.65277777777779,0.0001738772988138724
922500,121.71875,0.00017467506606029943
923000,121.78472222222223,0.00017478305684690628
923500,121.85069444444446,0.00017333237012365473
924000,121.91666666666669,0.00017127032635470127
924500,121.98263888888889,0.00017013784529426463
925000,122.0486111111111,0.00016959212239391319
925500,122.11458333333333,0.00016873207122976283
926000,122.18055555555556,0.00016797690959040494
926500,122.24652777777779,0.00016796451756019847
927000,122.3125,0.0001691124502376509
927500,122.37847222222223,0.00017004843558261897
928000,122.44444444444446,0.00017042418640376947
928500,122.51041666666669,0.00017035147108572762
929000,122.57638888888889,0.0001704619103324122
929500,122.6423611111111,0.00017108502638801267
930000,122.70833333333333,0.00017133629299867376
930500,122.77430555555556,0.00017057271964717743
931000,122.84027777777779,0.00016884134072765828
931500,122.90625,0.00016760117938330874
932000,122.97222222222223,0.00016621396396308694
932500,123.03819444444446,0.00016475330060456743
933000,123.10416666666669,0.00016301784474579296
933500,123.17013888888889,0.00016186548649122306
934000,123.2361111111111,0.00016102079927750448
934500,123.30208333333333,0.0001601724409531668
935000,123.36805555555556,0.00015923936356068057
935500,123.43402777777779,0.00015877853075927186
936000,123.5,0.00015847214706345137
936500,123.56597222222223,0.0001582622496311922
937000,123.63194444444446,0.00015786356754183978
937500,123.69791666666669,0.00015776047895394143
938000,123.76388888888889,0.00015765801097103644
938500,123.8298611111111,0.0001574703455023722
939000,123.89583333333333,0.0001563844571326579
939500,123.96180555555556,0.00015468540874563044
940000,124.02777777777779,0.00015369168412609588
940500,124.09375,0.00015351363667720342
941000,124.15972222222223,0.0001540094556054064
941500,124.22569444444446,0.00015464163911612906
942000,124.29166666666669,0.00015558358530548755
942500,124.35763888888889,0.00015674004984182014
943000,124.4236111111111,0.00015738224975556472
943500,124.48958333333333,0.0001569664529290172
944000,124.55555555555556,0.00015665591032835782
944500,124.62152777777779,0.00015655721816593257
945000,124.6875,0.0001575749788083929
945500,124.75347222222223,0.0001585169996599589
946000,124.81944444444446,0.0001591459618277169
946500,124.88541666666669,0.00015938509266694666
947000,124.95138888888889,0.00015955375536774705
947500,125.0173611111111,0.0001600200074131702
948000,125.08333333333333,0.00016057667517199544
948500,125.14930555555556,0.000160867973093677
949000,125.21527777777779,0.00016168721755523117
949500,125.28125,0.00016373584290638895
950000,125.34722222222223,0.00016690616977199207
950500,125.41319444444446,0.00016969013365223407
951000,125.47916666666669,0.00017110582599814264
951500,125.54513888888889,0.00017189883373268082
952000,125.6111111111111,0.0001728271169257293
952500,125.67708333333333,0.00017295160044434436
953000,125.74305555555556,0.0001728524169959132
953500,125.80902777777779,0.00017264890091867787
954000,125.875,0.00017420008923882123
954500,125.94097222222223,0.00017590871397711718
955000,126.00694444444446,0.00017628610629222234
955500,126.07291666666669,0.0001760074644028072
956000,126.13888888888889,0.00017540948118817558
956500,126.2048611111111,0.00017519427823205831
957000,126.27083333333333,0.00017480516203693844
957500,126.33680555555556,0.00017357116869965678
958000,126.40277777777779,0.00017207680135337825
958500,126.46875,0.0001723490815065636
959000,126.53472222222223,0.0001731161082463103
959500,126.60069444444446,0.0001732190011572957
960000,126.66666666666669,0.00017199687599621746
960500,126.73263888888889,0.0001706343377037183
961000,126.7986111111111,0.00016971217526360954
961500,126.86458333333333,0.00016762735070599913
962000,126.93055555555556,0.00016479771137272914
962500,126.99652777777779,0.0001623282801737966
963000,127.0625,0.00016126406282362517
963500,127.12847222222223,0.00016084680767987754
964000,127.19444444444446,0.00015935601499693727
964500,127.26041666666669,0.00015760076560579112
965000,127.32638888888889,0.0001572984776265822
965500,127.3923611111111,0.00015806199545463542
966000,127.45833333333333,0.00015832331222068698
966500,127.52430555555556,0.00015743353146470957
967000,127.59027777777779,0.00015738279474008604
967500,127.65625,0.00015798925326388275
968000,127.72222222222223,0.0001581952401134827
968500,127.78819444444446,0.00015621199887521316
969000,127.85416666666669,0.0001551065139777442
969500,127.92013888888889,0.00015479234028587522
970000,127.9861111111111,0.00015516859341700107
970500,128.05208333333334,0.00015490092975451532
971000,128.11805555555554,0.0001538202364787972
971500,128.18402777777777,0.00015339204956119724
972000,128.25,0.00015388670458555813
972500,128.31597222222223,0.00015376428073058098
973000,128.38194444444446,0.00015258225128264948
973500,128.44791666666669,0.0001507515754429547
974000,128.51388888888889,0.00014936398233670597
974500,128.57986111111111,0.00014814058315515283
975000,128.64583333333334,0.00014699621726973875
975500,128.71180555555554,0.00014605675033677672
976000,128.77777777777777,0.0001451041822228851
976500,128.84375,0.00014490801655069312
977000,128.90972222222223,0.00014497873851494826
977500,128.97569444444446,0.0001446742628861462
978000,129.04166666666669,0.00014423340623067357
978500,129.10763888888889,0.00014307706610449368
979000,129.17361111111111,0.00014155256228874492
979500,129.23958333333334,0.0001404354762208765
980000,129.30555555555554,0.00013916227788423105
980500,129.37152777777777,0.00013668275317194148
981000,129.4375,0.00013401889186794431
981500,129.50347222222223,0.00013163759263932999
982000,129.56944444444446,0.00013026509574817446
982500,129.63541666666669,0.00012908843806812276
983000,129.70138888888889,0.0001278562277587065
983500,129.76736111111111,0.00012738509750477177
984000,129.83333333333334,0.0001267405328986869
984500,129.89930555555554,0.00012563499331644698
985000,129.96527777777777,0.00012437674641424586
985500,130.03125,0.00012375723486683456
986000,130.09722222222223,0.00012423301344835442
986500,130.16319444444446,0.0001252229720886205
987000,130.22916666666669,0.0001263480420437844
987500,130.29513888888889,0.0001276056471147699
988000,130.36111111111111,0.00012893194293899093
988500,130.42708333333334,0.00012973739038664713
989000,130.49305555555554,0.00012959001830311845
989500,130.55902777777777,0.00012947229913787804
990000,130.625,0.00012953251913051727
990500,130.69097222222223,0.00012880054683287378
991000,130.75694444444446,0.00012713305704924858
991500,130.82291666666669,0.00012552567604366392
992000,130.88888888888889,0.00012537620288611396
992500,130.95486111111111,0.00012617614715711536
993000,131.02083333333334,0.0001264304320926264
993500,131.08680555555554,0.000125947034239366
994000,131.15277777777777,0.00012526670907212512
994500,131.21875,0.00012466477422945902
995000,131.28472222222223,0.0001243335620994559
995500,131.35069444444446,0.00012418827049420433
996000,131.41666666666669,0.00012399160619188093
996500,131.48263888888889,0.0001232904729250569
997000,131.54861111111111,0.00012214865748635096
997500,131.61458333333334,0.00012066178235825974
998000,131.68055555555554,0.00011891953175737394
998500,131.74652777777777,0.00011758427245571354
999000,131.8125,0.0001165711706872463
999500,131.87847222222223,0.00011566403473300327
1000000,131.94444444444446,0.00011444389709936458
1000500,132.01041666666669,0.00011325596026584916
1001000,132.07638888888889,0.00011216590964695449
1001500,132.14236111111111,0.00011123631454460406
1002000,132.20833333333334,0.00011013682111192626
1002500,132.27430555555554,0.00010849578791060709
1003000,132.34027777777777,0.00010620811385326609
1003500,132.40625,0.00010431863663309181
1004000,132.47222222222223,0.00010341694239900153
1004500,132.53819444444446,0.00010252426735992545
1005000,132.60416666666669,0.0001015628954660616
1005500,132.67013888888889,0.00010091143255451531
1006000,132.73611111111111,0.00010082175378875441
1006500,132.80208333333334,0.00010026942840379302
1007000,132.86805555555554,9.98234350235747e-05
1007500,132.93402777777777,9.950871872005462e-05
1008000,133.0,9.973493835893873e-05
1008500,133.06597222222223,9.990227048852292e-05
1009000,133.13194444444446,9.995487482485993e-05
1009500,133.19791666666669,9.960951744049812e-05
1010000,133.26388888888889,9.896325943105436e-05
1010500,133.32986111111111,9.855051986786834e-05
1011000,133.39583333333334,9.813229456791994e-05
1011500,133.46180555555554,9.702852568331661e-05
1012000,133.52777777777777,9.561329339691045e-05
1012500,133.59375,9.451941842339693e-05
1013000,133.65972222222223,9.414198358462174e-05
1013500,133.72569444444446,9.421338614909127e-05
1014000,133.79166666666669,9.353244637309948e-05
1014500,133.85763888888889,9.268187095317812e-05
1015000,133.92361111111111,9.210819197289329e-05
1015500,133.98958333333334,9.159420232423579e-05
1016000,134.05555555555554,9.085633725717707e-05
1016500,134.12152777777777,8.989171656123083e-05
1017000,134.1875,8.942980186317364e-05
1017500,134.25347222222223,8.896010950272319e-05
1018000,134.31944444444446,8.847272778111214e-05
1018500,134.38541666666669,8.868955977776297e-05
1019000,134.45138888888889,8.962008973331258e-05
1019500,134.51736111111111,9.011066346882939e-05
1020000,134.58333333333334,8.985057135330282e-05
1020500,134.64930555555554,8.980511889600133e-05
1021000,134.71527777777777,9.001905322999212e-05
1021500,134.78125,8.953800428999874e-05
1022000,134.84722222222223,8.780013947283586e-05
1022500,134.91319444444446,8.692121706670168e-05
1023000,134.97916666666669,8.707360378933617e-05
1023500,135.04513888888889,8.647305127700822e-05
1024000,135.11111111111111,8.550438550461559e-05
1024500,135.17708333333334,8.546831169334999e-05
1025000,135.24305555555554,8.663625146706934e-05
1025500,135.30902777777777,8.680508192608867e-05
1026000,135.375,8.643366879926632e-05
1026500,135.44097222222223,8.578291816559981e-05
1027000,135.50694444444446,8.568925830230833e-05
1027500,135.57291666666669,8.57290761286496e-05
1028000,135.63888888888889,8.538731798694766e-05
1028500,135.70486111111111,8.490582176880868e-05
1029000,135.77083333333334,8.473440480664626e-05
1029500,135.83680555555554,8.399505208850476e-05
1030000,135.90277777777777,8.33505048769378e-05
1030500,135.96875,8.337298811723325e-05
1031000,136.03472222222223,8.343198711557862e-05
1031500,136.10069444444446,8.331818039292567e-05
1032000,136.16666666666669,8.348951509163764e-05
1032500,136.23263888888889,8.3391486891537e-05
1033000,136.29861111111111,8.274688237893303e-05
1033500,136.36458333333334,8.089299900910295e-05
1034000,136.43055555555554,7.989052199479168e-05
1034500,136.49652777777777,7.94353728763798e-05
1035000,136.5625,7.854979871494421e-05
1035500,136.62847222222223,7.752260874864534e-05
1036000,136.69444444444446,7.777284082428476e-05
1036500,136.76041666666669,7.845793765418415e-05
1037000,136.82638888888889,7.807794921987435e-05
1037500,136.89236111111111,7.706508170451464e-05
1038000,136.95833333333334,7.671509781200402e-05
1038500,137.02430555555554,7.559199736497236e-05
1039000,137.09027777777777,7.478826363865122e-05
1039500,137.15625,7.519085814806101e-05
1040000,137.22222222222223,7.596275555378393e-05
1040500,137.28819444444446,7.562000138399751e-05
1041000,137.35416666666669,7.48742142194023e-05
1041500,137.42013888888889,7.47868406291125e-05
1042000,137.48611111111111,7.450868085321772e-05
1042500,137.55208333333334,7.354961914322005e-05
1043000,137.61805555555554,7.349287618323947e-05
1043500,137.68402777777777,7.371688353419986e-05
1044000,137.75,7.262799541173402e-05
1044500,137.81597222222223,7.095278399227833e-05
1045000,137.88194444444446,6.993267367441555e-05
1045500,137.94791666666669,6.920760553630974e-05
1046000,138.01388888888889,6.827047851926044e-05
1046500,138.07986111111111,6.829766231168767e-05
1047000,138.14583333333334,6.81363102169697e-05
1047500,138.21180555555554,6.656688297308457e-05
1048000,138.27777777777777,6.527500664126237e-05
1048500,138.34375,6.505404300506345e-05
1049000,138.40972222222223,6.445421377599765e-05
1049500,138.47569444444446,6.311077837723719e-05
1050000,138.54166666666669,6.317578235322951e-05
1050500,138.60763888888889,6.423257020903914e-05
1051000,138.67361111111111,6.378110016686386e-05
1051500,138.73958333333334,6.292380810374928e-05
1052000,138.80555555555554,6.352680794287588e-05
1052500,138.87152777777777,6.437724641008012e-05
1053000,138.9375,6.330094192164094e-05
1053500,139.00347222222223,6.221620379113525e-05
1054000,139.06944444444446,6.2763527023775e-05
1054500,139.13541666666669,6.300673438990785e-05
1055000,139.20138888888889,6.239611053519543e-05
1055500,139.26736111111111,6.304758746979949e-05
1056000,139.33333333333334,6.380260434120529e-05
1056500,139.39930555555554,6.301648189027719e-05
1057000,139.46527777777777,6.134724801696487e-05
1057500,139.53125,6.16995602775202e-05
1058000,139.59722222222223,6.228895828490946e-05
1058500,139.66319444444446,6.20424340776859e-05
1059000,139.72916666666669,6.226866850615207e-05
1059500,139.79513888888889,6.32169788576392e-05
1060000,139.86111111111111,6.330437985364501e-05
1060500,139.92708333333334,6.325831906615633e-05
1061000,139.99305555555554,6.256080124981324e-05
1061500,140.05902777777777,6.116584582614507e-05
1062000,140.125,5.975619030509517e-05
1062500,140.19097222222223,5.89033643587061e-05
1063000,140.25694444444446,5.863060239740108e-05
1063500,140.32291666666669,5.866175319197677e-05
1064000,140.38888888888889,5.839350403575637e-05
1064500,140.45486111111111,5.830232433279288e-05
1065000,140.52083333333334,5.6945492100161826e-05
1065500,140.58680555555554,5.6339313294084154e-05
1066000,140.65277777777777,5.7160595171889733e-05
1066500,140.71875,5.7849721713299096e-05
1067000,140.78472222222223,5.678820984809517e-05
1067500,140.85069444444446,5.5800626998322566e-05
1068000,140.91666666666669,5.581572529839733e-05
1068500,140.98263888888889,5.579630717243551e-05
1069000,141.04861111111111,5.5766433708616304e-05
1069500,141.11458333333334,5.458487045235636e-05
1070000,141.18055555555557,5.31353369306678e-05
1070500,141.24652777777777,5.29932995494213e-05
1071000,141.3125,5.456408194520235e-05
1071500,141.37847222222223,5.5759107632658204e-05
1072000,141.44444444444446,5.585931172198555e-05
1072500,141.51041666666669,5.632399431094946e-05
1073000,141.57638888888889,5.6219814343744013e-05
1073500,141.64236111111111,5.5494822109371316e-05
1074000,141.70833333333334,5.566222804775401e-05
1074500,141.77430555555557,5.638674108204557e-05
1075000,141.84027777777777,5.55808643392935e-05
1075500,141.90625,5.425932257107427e-05
1076000,141.97222222222223,5.4139935393114254e-05
1076500,142.03819444444446,5.3725235624077004e-05
1077000,142.10416666666669,5.177874880677945e-05
1077500,142.17013888888889,5.033010677844024e-05
1078000,142.23611111111111,4.993080362786876e-05
1078500,142.30208333333334,4.9002914628311466e-05
1079000,142.36805555555557,4.78691084832378e-05
1079500,142.43402777777777,4.741673530680574e-05
1080000,142.5,4.640695673387933e-05
1080500,142.56597222222223,4.515818122427086e-05
1081000,142.63194444444446,4.548279535522775e-05
1081500,142.69791666666669,4.600848662682958e-05
1082000,142.76388888888889,4.589959506086993e-05
1082500,142.82986111111111,4.4604741476697216e-05
1083000,142.89583333333334,4.3687811274375265e-05
1083500,142.96180555555557,4.3631669526504045e-05
1084000,143.02777777777777,4.361041379676431e-05
1084500,143.09375,4.332774837984776e-05
1085000,143.15972222222223,4.314560444287177e-05
1085500,143.22569444444446,4.340688625347289e-05
1086000,143.29166666666669,4.342808188421379e-05
1086500,143.35763888888889,4.378309764486156e-05
1087000,143.42361111111111,4.442188241576906e-05
1087500,143.48958333333334,4.4734512365493974e-05
1088000,143.55555555555557,4.515330656799982e-05
1088500,143.62152777777777,4.616875056198126e-05
1089000,143.6875,4.683968067137052e-05
1089500,143.75347222222223,4.7390899778395534e-05
1090000,143.81944444444446,4.803973021880169e-05
1090500,143.88541666666669,4.7590846882379576e-05
1091000,143.95138888888889,4.674534660380178e-05
1091500,144.01736111111111,4.764255857300269e-05
1092000,144.08333333333334,4.8152046550010214e-05
1092500,144.14930555555557,4.763968163766441e-05
1093000,144.21527777777777,4.787648338010229e-05
1093500,144.28125,4.8507896025901454e-05
1094000,144.34722222222223,4.800360388047201e-05
1094500,144.41319444444446,4.836422125240282e-05
1095000,144.47916666666669,4.974139808971612e-05
1095500,144.54513888888889,4.950488294494855e-05
1096000,144.61111111111111,5.0074032204894786e-05
1096500,144.67708333333334,5.1968220612156765e-05
1097000,144.74305555555557,5.250966413978149e-05
1097500,144.80902777777777,5.1208913104454015e-05
1098000,144.875,5.094900626706445e-05
1098500,144.94097222222223,5.1076254457647305e-05
1099000,145.00694444444446,5.0371794123523155e-05
1099500,145.07291666666669,5.063871730891405e-05
1100000,145.13888888888889,5.040019709067464e-05
1100500,145.20486111111111,4.9765300548328475e-05
1101000,145.27083333333334,5.06150188038545e-05
1101500,145.33680555555557,5.0669812398254814e-05
1102000,145.40277777777777,4.940440017450033e-05
1102500,145.46875,4.892263564402077e-05
1103000,145.53472222222223,4.938801574078227e-05
1103500,145.60069444444446,5.004149130171237e-05
1104000,145.66666666666669,4.976504043931178e-05
1104500,145.73263888888889,4.9547242948794436e-05
1105000,145.79861111111111,4.992630066345907e-05
1105500,145.86458333333334,5.027867116088526e-05
1106000,145.93055555555557,5.000608486020862e-05
1106500,145.99652777777777,5.019569148278294e-05
1107000,146.0625,5.067365007295622e-05
1107500,146.12847222222223,5.0402153038025045e-05
1108000,146.19444444444446,5.084809477822668e-05
1108500,146.26041666666669,5.293023229734328e-05
1109000,146.32638888888889,5.2921787345915974e-05
1109500,146.39236111111111,5.08691116021148e-05
1110000,146.45833333333334,4.812866353024997e-05
1110500,146.52430555555557,4.6005603118218735e-05
1111000,146.59027777777777,4.444747585307287e-05
1111500,146.65625,4.369052552103042e-05
1112000,146.72222222222223,4.1766171521201565e-05
1112500,146.78819444444446,4.0132423006388395e-05
1113000,146.85416666666669,4.0366722558571325e-05
1113500,146.92013888888889,3.933442906224879e-05
1114000,146.98611111111111,3.683356217663755e-05
1114500,147.05208333333334,3.6664556360936e-05
1115000,147.11805555555557,3.775610884411189e-05
1115500,147.18402777777777,3.7647752253435955e-05
1116000,147.25,3.7501498917918554e-05
1116500,147.31597222222223,3.887249167449027e-05
1117000,147.38194444444446,4.022890878627456e-05
1117500,147.44791666666669,4.08996257520747e-05
1118000,147.51388888888889,4.185587929398329e-05
1118500,147.57986111111111,4.322144168635451e-05
1119000,147.64583333333334,4.360357683723485e-05
1119500,147.71180555555557,4.382966062453998e-05
1120000,147.77777777777777,4.407295276458617e-05
1120500,147.84375,4.5376117408519885e-05
1121000,147.90972222222223,4.609736742150234e-05
1121500,147.97569444444446,4.6612179773203905e-05
1122000,148.04166666666669,4.8117858254213514e-05
1122500,148.10763888888889,4.891522262158853e-05
1123000,148.17361111111111,4.7021831956820177e-05
1123500,148.23958333333334,4.5055093620257185e-05
1124000,148.30555555555557,4.539906582200703e-05
1124500,148.37152777777777,4.49673781672121e-05
1125000,148.4375,4.2918528182365064e-05
1125500,148.50347222222223,4.172036046414238e-05
1126000,148.56944444444446,4.0986529993976166e-05
1126500,148.63541666666669,4.116813164911055e-05
1127000,148.70138888888889,4.100384364020032e-05
1127500,148.76736111111111,4.057352424033768e-05
1128000,148.83333333333334,4.0975316679861106e-05
1128500,148.89930555555557,4.1432173666174315e-05
1129000,148.96527777777777,4.118588762993216e-05
1129500,149.03125,4.1213851176810445e-05
1130000,149.09722222222223,4.1175901109273894e-05
1130500,149.16319444444446,4.0654352559528976e-05
1131000,149.22916666666669,4.011665750722627e-05
1131500,149.29513888888889,4.080225862855137e-05
1132000,149.36111111111111,4.0559895441033675e-05
1132500,149.42708333333334,3.904454668918892e-05
1133000,149.49305555555557,3.903329505179886e-05
1133500,149.55902777777777,3.995360024835949e-05
1134000,149.625,3.959265675141439e-05
1134500,149.69097222222223,3.8449178284163864e-05
1135000,149.75694444444446,3.877816908812063e-05
1135500,149.82291666666669,4.033317386699042e-05
1136000,149.88888888888889,4.008117113695444e-05
1136500,149.95486111111111,3.886122358686628e-05
1137000,150.02083333333334,3.9500981624480646e-05
1137500,150.08680555555557,3.8413720041597574e-05
1138000,150.15277777777777,3.64686716821852e-05
1138500,150.21875,3.5949803952892165e-05
1139000,150.28472222222223,3.603971613158483e-05
1139500,150.35069444444446,3.4901479530573144e-05
1140000,150.41666666666669,3.374523661871644e-05
1140500,150.48263888888889,3.289055465155753e-05
1141000,150.54861111111111,3.269550995753373e-05
1141500,150.61458333333334,3.145428222427705e-05
1142000,150.68055555555557,2.9841403309581184e-05
1142500,150.74652777777777,2.9470795924930494e-05
1143000,150.8125,2.9018845952826556e-05
1143500,150.87847222222223,2.8063921596765582e-05
1144000,150.94444444444446,2.7977464589599e-05
1144500,151.01041666666669,2.7655638879999626e-05
1145000,151.07638888888889,2.7511448931471548e-05
1145500,151.14236111111111,2.9383635808835454e-05
1146000,151.20833333333334,2.934116703034889e-05
1146500,151.27430555555557,2.8383908674977645e-05
1147000,151.34027777777777,2.7010236746970966e-05
1147500,151.40625,2.6462821431153876e-05
1148000,151.47222222222223,2.599415580988767e-05
1148500,151.53819444444446,2.4898964229945706e-05
1149000,151.60416666666669,2.3979824210217602e-05
1149500,151.67013888888889,2.4152967570710187e-05
1150000,151.73611111111111,2.335192311876474e-05
1150500,151.80208333333334,2.2905858844922272e-05
1151000,151.86805555555557,2.2402732809367017e-05
1151500,151.93402777777777,2.2211246574728325e-05
1152000,152.0,2.2770484515373166e-05
1152500,152.06597222222223,2.392503206144897e-05
1153000,152.13194444444446,2.4396272518741577e-05
1153500,152.19791666666669,2.3842948235452872e-05
1154000,152.26388888888889,2.3273539803580706e-05
1154500,152.32986111111111,2.4403270873998274e-05
1155000,152.39583333333334,2.5611968568429324e-05
1155500,152.46180555555557,2.4993859582313216e-05
1156000,152.52777777777777,2.411059057552904e-05
1156500,152.59375,2.3277074200160696e-05
1157000,152.65972222222223,2.2666854455149023e-05
1157500,152.72569444444446,2.265578031103152e-05
1158000,152.79166666666669,2.162292910577809e-05
1158500,152.85763888888889,2.1906861510644087e-05
1159000,152.92361111111111,2.252486230648289e-05
1159500,152.98958333333334,2.2891514353034534e-05
1160000,153.05555555555557,2.287703315611571e-05
1160500,153.12152777777777,2.3318568115061216e-05
1161000,153.1875,2.3698765221767884e-05
1161500,153.25347222222223,2.3553748124402183e-05
1162000,153.31944444444446,2.3686441099700274e-05
1162500,153.38541666666669,2.416058956599002e-05
1163000,153.45138888888889,2.4503401811813686e-05
1163500,153.51736111111111,2.439169541061368e-05
1164000,153.58333333333334,2.328911138158191e-05
1164500,153.64930555555557,2.1721994259353225e-05
1165000,153.71527777777777,2.0156862934485958e-05
1165500,153.78125,1.9264096247287403e-05
1166000,153.84722222222223,1.9423435309491934e-05
1166500,153.91319444444446,1.9043402435484707e-05
1167000,153.97916666666669,1.794776284786725e-05
1167500,154.04513888888889,1.6812296668858673e-05
1168000,154.11111111111111,1.6839575285905443e-05
1168500,154.17708333333334,1.6550487058987162e-05
1169000,154.24305555555557,1.5163395716394903e-05
1169500,154.30902777777777,1.385158391266901e-05
1170000,154.375,1.3338276964817678e-05
1170500,154.44097222222223,1.347346675030714e-05
1171000,154.50694444444446,1.2961746637696363e-05
1171500,154.57291666666669,1.2526943644292289e-05
1172000,154.63888888888889,1.284334044571752e-05
1172500,154.70486111111111,1.2918718240586573e-05
1173000,154.77083333333334,1.2554062282141155e-05
1173500,154.83680555555557,1.2208955107989533e-05
1174000,154.90277777777777,1.1652118425753864e-05
1174500,154.96875,1.1377629610033974e-05
1175000,155.03472222222223,1.159151264245659e-05
1175500,155.10069444444446,1.2010945257778726e-05
1176000,155.16666666666669,1.1884210404953943e-05
1176500,155.23263888888889,1.0829857415758474e-05
1177000,155.29861111111111,1.0342177534625744e-05
1177500,155.36458333333334,1.046316825600301e-05
1178000,155.43055555555557,1.0932265352666697e-05
1178500,155.49652777777777,1.1328076396493316e-05
1179000,155.5625,1.192134248109525e-05
1179500,155.62847222222223,1.2642220267360448e-05
1180000,155.69444444444446,1.2787416729779094e-05
1180500,155.76041666666669,1.2683876561460666e-05
1181000,155.82638888888889,1.2191284247820176e-05
1181500,155.89236111111111,1.1923675272116118e-05
1182000,155.95833333333334,1.2912914735035464e-05
1182500,156.02430555555557,1.366991241835009e-05
1183000,156.09027777777777,1.3587940207874183e-05
1183500,156.15625,1.4145854714757587e-05
1184000,156.22222222222223,1.5994247555839637e-05
1184500,156.28819444444446,1.6112163907606164e-05
1185000,156.35416666666669,1.5339601735266676e-05
1185500,156.42013888888889,1.6008508535394025e-05
1186000,156.48611111111111,1.5272223077043327e-05
1186500,156.55208333333334,1.38646347142401e-05
1187000,156.61805555555557,1.3771229500072467e-05
1187500,156.68402777777777,1.4368495791906367e-05
1188000,156.75,1.3673309985637381e-05
1188500,156.81597222222223,1.3580110004720086e-05
1189000,156.88194444444446,1.344711206233737e-05
1189500,156.94791666666669,1.227672312645229e-05
1190000,157.01388888888889,1.2516482590011762e-05
1190500,157.07986111111111,1.2849540158936368e-05
1191000,157.14583333333334,1.2885978459730232e-05
1191500,157.21180555555557,1.2665987689023675e-05
1192000,157.27777777777777,1.2039966168930328e-05
1192500,157.34375,1.2807175972113611e-05
1193000,157.40972222222223,1.3150182516332471e-05
1193500,157.47569444444446,1.1679740622470725e-05
1194000,157.54166666666669,1.3583021972600829e-05
1194500,157.60763888888889,1.47198512716497e-05
1195000,157.67361111111111,1.2231582864059222e-05
1195500,157.73958333333334,1.1366065218906714e-05
1196000,157.80555555555557,1.0984892561553932e-05
1196500,157.87152777777777,1.0319025854064424e-05
1197000,157.9375,1.0433974841000095e-05
1197500,158.00347222222223,9.925483182914746e-06
1198000,158.06944444444446,9.571022396829275e-06
1198500,158.13541666666669,8.848663107480913e-06
1199000,158.20138888888889,8.191791041013317e-06
1199500,158.26736111111111,1.0120946006236315e-05
1200000,158.33333333333334,1.054623734952545e-05
