step,omega_ci_t,mean,median,valid_cells
500,0.06597222222222222,2.0009472232778425,1.999736745364761,331776
1000,0.13194444444444445,2.0009194081884356,1.9996888280400544,331776
1500,0.19791666666666669,2.000934712729742,1.9995461053287196,331776
2000,0.2638888888888889,2.000985207547163,1.999630872455462,331776
2500,0.3298611111111111,2.0010725152488895,1.999734081322309,331776
3000,0.39583333333333337,2.001152589862309,1.9995652061536513,331776
3500,0.4618055555555556,2.001239845349066,1.9999250433357303,331776
4000,0.5277777777777778,2.0013431189126587,2.0000201562102395,331776
4500,0.59375,2.001420871663594,2.000083563491447,331776
5000,0.6597222222222222,2.0015160483431895,2.000111991955605,331776
5500,0.7256944444444444,2.001613397159723,2.000204792346115,331776
6000,0.7916666666666667,2.0017077541993396,2.000353239883535,331776
6500,0.857638888888889,2.0017908596429077,2.000395053731345,331776
7000,0.9236111111111112,2.001900417880509,2.0005724154881177,331776
7500,0.9895833333333335,2.001977770153588,2.000711057673557,331776
8000,1.0555555555555556,2.0020564907041165,2.0006584051139513,331776
8500,1.121527777777778,2.002159051600173,2.000806129924903,331776
9000,1.1875,2.0022516533647807,2.0009556892851768,331776
9500,1.2534722222222223,2.002359996396555,2.0009821314698,331776
10000,1.3194444444444444,2.0024506346062436,2.00098034574877,331776
10500,1.3854166666666667,2.0025441994963593,2.000924495505363,331776
11000,1.4513888888888888,2.002633881314014,2.0011531276114045,331776
11500,1.5173611111111112,2.002711676663654,2.001205360719754,331776
12000,1.5833333333333335,2.0028106483346195,2.0014946882914386,331776
12500,1.6493055555555556,2.0029132713851587,2.001699250014103,331776
13000,1.715277777777778,2.0029888000515217,2.0017377493683894,331776
13500,1.78125,2.0030932089038838,2.00152680338362,331776
14000,1.8472222222222223,2.003180422164821,2.00198106956885,331776
14500,1.9131944444444446,2.0032556928455345,2.0019298258340363,331776
15000,1.979166666666667,2.003340385084703,2.001784913122791,331776
15500,2.045138888888889,2.00340889459917,2.002107049970435,331776
16000,2.111111111111111,2.0035183275854087,2.0021878715294,331776
16500,2.1770833333333335,2.003617365715427,2.0021733184940853,331776
17000,2.243055555555556,2.0036725065212933,2.002339918704558,331776
17500,2.3090277777777777,2.0037771172698045,2.0022292103576667,331776
18000,2.375,2.003859379802267,2.00253068228768,331776
18500,2.4409722222222223,2.0039592421462484,2.002513936842522,331776
19000,2.5069444444444446,2.004045767143425,2.002753147220938,331776
19500,2.572916666666667,2.004123026024332,2.002846980863966,331776
20000,2.638888888888889,2.004220113885581,2.0029647003556277,331776
20500,2.704861111111111,2.0043158711604327,2.003022798100793,331776
21000,2.7708333333333335,2.004389173408942,2.0029794242455727,331776
21500,2.836805555555556,2.0044944826806717,2.0032967684338407,331776
22000,2.9027777777777777,2.0045789323034735,2.0031034011639814,331776
22500,2.96875,2.004678472753148,2.0032345401239953,331776
23000,3.0347222222222223,2.004761005853991,2.0033916341581555,331776
23500,3.1006944444444446,2.0048298875194153,2.0033052820198742,331776
24000,3.166666666666667,2.0049180526014614,2.0033559198048363,331776
24500,3.232638888888889,2.00498840005027,2.003538128047164,331776
25000,3.298611111111111,2.0050858766708215,2.003775184107948,331776
25500,3.364583333333334,2.0051849925221497,2.0037652790980127,331776
26000,3.430555555555556,2.0052537792535756,2.003873081792606,331776
26500,3.4965277777777777,2.005343145943794,2.003701225186753,331776
27000,3.5625,2.0054240233825595,2.0040211537977655,331776
27500,3.628472222222222,2.00550699257939,2.003935900768252,331776
28000,3.6944444444444446,2.0055944910632264,2.004066271210271,331776
28500,3.7604166666666665,2.005681970808173,2.0043847727223216,331776
29000,3.8263888888888893,2.0057772553240283,2.00452226200733,331776
29500,3.892361111111111,2.0058449577469237,2.004492338265851,331776
30000,3.958333333333334,2.005939900445343,2.0046165646249685,331776
30500,4.024305555555555,2.0060282098515603,2.0047324787191654,331776
31000,4.090277777777778,2.0061179203650203,2.0047180845014845,331776
31500,4.15625,2.006181757205369,2.0048057566086026,331776
32000,4.222222222222222,2.006264715270517,2.0046692000798743,331776
32500,4.288194444444445,2.0063548456455957,2.0049628281451293,331776
33000,4.354166666666667,2.006437771286012,2.00500340323019,331776
33500,4.420138888888889,2.006533172830772,2.0051314945936984,331776
34000,4.486111111111112,2.0065957688859193,2.005363867081882,331776
34500,4.552083333333334,2.006687444916362,2.00535466623647,331776
35000,4.618055555555555,2.0067534000761564,2.0052722936466045,331776
35500,4.684027777777778,2.006846199099599,2.0054769450839225,331776
36000,4.75,2.006917834319392,2.0053476103657983,331776
36500,4.815972222222222,2.0070158231192754,2.0056600334520427,331776
37000,4.881944444444445,2.007102240415414,2.0057718608147086,331776
37500,4.947916666666667,2.0071699183323126,2.005697433633047,331776
38000,5.013888888888889,2.0072716965424426,2.005888503619676,331776
38500,5.079861111111112,2.007336651986715,2.00597411451563,331776
39000,5.145833333333334,2.007425310834372,2.006044405378898,331776
39500,5.211805555555555,2.007475894423923,2.0061093192670194,331776
40000,5.277777777777778,2.007562304657051,2.0062348616552095,331776
40500,5.34375,2.007641691061283,2.0061680981085717,331776
41000,5.409722222222222,2.007732384089718,2.006228005702342,331776
41500,5.475694444444445,2.0078095890278447,2.006344507883439,331776
42000,5.541666666666667,2.007883167591204,2.006593332015684,331776
42500,5.607638888888889,2.007956276100631,2.006584262296853,331776
43000,5.673611111111112,2.00803070298515,2.0067781748789413,331776
43500,5.739583333333334,2.0081100296482113,2.006719454836785,331776
44000,5.805555555555555,2.00819241321719,2.0068454695149667,331776
44500,5.871527777777778,2.0082716164763883,2.007036223949865,331776
45000,5.9375,2.008358014139758,2.0070304830204106,331776
45500,6.003472222222222,2.0084184017130653,2.006837571072134,331776
46000,6.069444444444445,2.0084954319996697,2.0072790972684595,331776
46500,6.135416666666667,2.008587872598374,2.0072327122793236,331776
47000,6.201388888888889,2.0086442640961604,2.0074115244929738,331776
47500,6.267361111111112,2.008709568184951,2.007213363925919,331776
48000,6.333333333333334,2.0088032065672814,2.0073666044267573,331776
48500,6.399305555555555,2.008861500268836,2.007336478745233,331776
49000,6.465277777777778,2.008950522741346,2.0074268251985403,331776
49500,6.53125,2.009025251392356,2.0076894982596984,331776
50000,6.597222222222222,2.0090829838537836,2.0077428549902328,331776
50500,6.663194444444444,2.009172771951635,2.0078372904017945,331776
51000,6.729166666666668,2.0092402162209897,2.0079553252713436,331776
51500,6.795138888888889,2.009329091781354,2.007909004572608,331776
52000,6.861111111111112,2.0094101356809935,2.0081566411458147,331776
52500,6.927083333333333,2.009472109240225,2.008106726695524,331776
53000,6.993055555555555,2.0095798423879296,2.0081466687236023,331776
53500,7.059027777777779,2.0096208492034617,2.008340092783576,331776
54000,7.125,2.0097114915647216,2.008404067492379,331776
54500,7.190972222222222,2.009768216411474,2.0083924826816992,331776
55000,7.256944444444444,2.00984159469956,2.008657402162781,331776
55500,7.322916666666668,2.0099060726243287,2.008623842212213,331776
56000,7.388888888888889,2.0099999232748815,2.008651215233049,331776
56500,7.454861111111112,2.0100756797500368,2.008635308075167,331776
57000,7.520833333333333,2.0101289211440254,2.0088393643274163,331776
57500,7.586805555555555,2.0101923662436545,2.008835302079082,331776
58000,7.652777777777779,2.010273540101552,2.0089134755450164,331776
58500,7.71875,2.0103626887011172,2.008867003367971,331776
59000,7.784722222222222,2.010419710854543,2.0090966398059393,331776
59500,7.850694444444444,2.0104673399909623,2.0091517305104607,331776
60000,7.916666666666668,2.0105586428564908,2.009224368805783,331776
60500,7.982638888888889,2.0106404950732544,2.009296415999414,331776
61000,8.04861111111111,2.0107195620922695,2.00930359574238,331776
61500,8.114583333333334,2.0107716139935947,2.0094175959006004,331776
62000,8.180555555555555,2.010839686272131,2.0093866234842737,331776
62500,8.246527777777779,2.010916776043095,2.0095322488042555,331776
63000,8.3125,2.0109528772261047,2.0096009401251145,331776
63500,8.378472222222221,2.0110260966669893,2.0095882838569743,331776
64000,8.444444444444445,2.01110319114088,2.0096381155202385,331776
64500,8.510416666666668,2.0111676651689785,2.0097385881841277,331776
65000,8.57638888888889,2.011248994936564,2.0098159150681587,331776
65500,8.64236111111111,2.011310744968144,2.0099443688703458,331776
66000,8.708333333333334,2.0113824968089307,2.0097793022320407,331776
66500,8.774305555555555,2.0114448468459454,2.010073860395434,331776
67000,8.840277777777779,2.01151139426725,2.0100457541243566,331776
67500,8.90625,2.011573450942597,2.0102968429182555,331776
68000,8.972222222222223,2.0116452241688623,2.010305672752148,331776
68500,9.038194444444445,2.0117109255065073,2.0102691277572964,331776
69000,9.104166666666668,2.0117637948972535,2.0104612467197644,331776
69500,9.17013888888889,2.0118414693298767,2.0103667842211914,331776
70000,9.23611111111111,2.0118949080420667,2.010543580040567,331776
70500,9.302083333333334,2.011978987258062,2.010558016685558,331776
71000,9.368055555555555,2.012012882649285,2.0107500719577516,331776
71500,9.434027777777779,2.0120947424894084,2.0105844180014687,331776
72000,9.5,2.0121503079511895,2.010816056795684,331776
72500,9.565972222222223,2.0122219414393525,2.010946363666384,331776
73000,9.631944444444445,2.012282998800281,2.0108708555455563,331776
73500,9.697916666666668,2.0123733341167727,2.011120439657101,331776
74000,9.76388888888889,2.012425859969271,2.0109423686552335,331776
74500,9.82986111111111,2.012496543476386,2.0109602718293713,331776
75000,9.895833333333334,2.012538495883556,2.01123234048155,331776
75500,9.961805555555555,2.0126095947967246,2.011189695414044,331776
76000,10.027777777777779,2.0126789617565044,2.0113799206123666,331776
76500,10.09375,2.0127221836428,2.011494071762929,331776
77000,10.159722222222223,2.012807967219045,2.011405915654705,331776
77500,10.225694444444445,2.0128413432105683,2.011428993694177,331776
78000,10.291666666666668,2.0129322913000105,2.011614552200216,331776
78500,10.35763888888889,2.0129905396831087,2.011693764820785,331776
79000,10.42361111111111,2.013059921955725,2.011625857971919,331776
79500,10.489583333333334,2.013098362465843,2.0118723394721183,331776
80000,10.555555555555555,2.013173151613563,2.011839828694126,331776
80500,10.621527777777779,2.013236936557429,2.01187054209956,331776
81000,10.6875,2.013290442952409,2.0119566598755303,331776
81500,10.753472222222223,2.013356082208118,2.0117755298493654,331776
82000,10.819444444444445,2.0133945066461982,2.0120983880092362,331776
82500,10.885416666666668,2.0134566369912177,2.012289382343039,331776
83000,10.95138888888889,2.01353920895992,2.0121669092603094,331776
83500,11.01736111111111,2.0135689535128343,2.012166334286088,331776
84000,11.083333333333334,2.013647032061892,2.012140571030681,331776
84500,11.149305555555555,2.013695911696124,2.0121222527333673,331776
85000,11.215277777777779,2.0137560750620547,2.0125086622792736,331776
85500,11.28125,2.0138256686461005,2.0122297907570297,331776
86000,11.347222222222223,2.0138815273189192,2.0124977398967188,331776
86500,11.413194444444445,2.013931267428572,2.012612966446473,331776
87000,11.479166666666668,2.0139839526841885,2.012666532302007,331776
87500,11.54513888888889,2.014061835722121,2.0127008551869796,331776
88000,11.61111111111111,2.0141081254482778,2.0127776660388084,331776
88500,11.677083333333334,2.0141804946163893,2.0127673760918263,331776
89000,11.743055555555555,2.014206577585473,2.012602109364956,331776
89500,11.809027777777779,2.0142941074113505,2.0127854949438087,331776
90000,11.875,2.014328784833767,2.0130735602229564,331776
90500,11.940972222222223,2.0143699378972526,2.0129546562724414,331776
91000,12.006944444444445,2.0144314039140596,2.012844485740622,331776
91500,12.072916666666668,2.0144837956209654,2.012945012292822,331776
92000,12.13888888888889,2.014555032972664,2.0130850595221785,331776
92500,12.20486111111111,2.0146108434613943,2.013255026832618,331776
93000,12.270833333333334,2.0146527813179347,2.01308002985032,331776
93500,12.336805555555555,2.014695524168774,2.013298437625418,331776
94000,12.402777777777779,2.0147419748053244,2.013303003183984,331776
94500,12.46875,2.014805755136308,2.013341841368657,331776
95000,12.534722222222223,2.014875851156975,2.0133007146340374,331776
95500,12.600694444444445,2.0149143169654278,2.013667677150343,331776
96000,12.666666666666668,2.0149677304212426,2.013543911503038,331776
96500,12.73263888888889,2.0150196043063926,2.013566420015572,331776
97000,12.79861111111111,2.0150559292195673,2.013537360360398,331776
97500,12.864583333333334,2.0151422841173727,2.0136934952022734,331776
98000,12.930555555555555,2.0151813058992216,2.0139340338223537,331776
98500,12.996527777777779,2.0152207118127197,2.0137903554101655,331776
99000,13.0625,2.015279991941597,2.0138792571267103,331776
99500,13.128472222222223,2.015339717775227,2.0138610617644996,331776
100000,13.194444444444445,2.015386915039025,2.0138534834682513,331776
100500,13.260416666666666,2.0154312943001123,2.013866362690435,331776
101000,13.326388888888888,2.015474384298628,2.0141254369859416,331776
101500,13.39236111111111,2.015544911785809,2.014021071441489,331776
102000,13.458333333333336,2.015610995699002,2.014183627992244,331776
102500,13.524305555555557,2.015631568223198,2.0141325839448525,331776
103000,13.590277777777779,2.0156915773550708,2.014318474881189,331776
103500,13.65625,2.0157177088159868,2.014223083926028,331776
104000,13.722222222222223,2.0157768661923923,2.0144682504172833,331776
104500,13.788194444444445,2.015830610825883,2.0143266653290413,331776
105000,13.854166666666666,2.0158519528243857,2.0145175251343086,331776
105500,13.920138888888888,2.0159022113632408,2.0145626239192183,331776
106000,13.98611111111111,2.0159449262386895,2.0145774026154504,331776
106500,14.052083333333336,2.016005561617561,2.014602883434385,331776
107000,14.118055555555557,2.016062766051917,2.0147059929706037,331776
107500,14.184027777777779,2.0161111507764193,2.014746185636214,331776
108000,14.25,2.016150160521827,2.0146880274027663,331776
108500,14.315972222222223,2.0161952317237364,2.0148495678968836,331776
109000,14.381944444444445,2.0162498428913977,2.014893205202344,331776
109500,14.447916666666666,2.0162986697253222,2.014799301167151,331776
110000,14.513888888888888,2.016334897840796,2.0149089624164076,331776
110500,14.57986111111111,2.0163657202922707,2.014833443137503,331776
111000,14.645833333333336,2.016446778308869,2.014915576322405,331776
111500,14.711805555555557,2.0164661119539686,2.0151504904784443,331776
112000,14.777777777777779,2.0165082730865627,2.015103451727658,331776
112500,14.84375,2.0165568097053344,2.015060674319863,331776
113000,14.909722222222223,2.0165863838885523,2.015318707508489,331776
113500,14.975694444444445,2.0166356540648698,2.0150710116591837,331776
114000,15.041666666666666,2.0166889527755796,2.015273414006721,331776
114500,15.107638888888888,2.016721537441948,2.015318185297377,331776
115000,15.17361111111111,2.016764738706792,2.015436716206973,331776
115500,15.239583333333336,2.0168227353555217,2.01548389740517,331776
116000,15.305555555555557,2.0168621912694786,2.015509379552412,331776
116500,15.371527777777779,2.016888630668852,2.015474483276787,331776
117000,15.4375,2.016925947304882,2.015482557945106,331776
117500,15.503472222222223,2.0169850490146795,2.0156450083212665,331776
118000,15.569444444444445,2.0170055480299305,2.0154498832668564,331776
118500,15.635416666666666,2.017062189999874,2.0156957237754103,331776
119000,15.701388888888888,2.0170833983031895,2.0155694023406303,331776
119500,15.76736111111111,2.017129791587403,2.01570321188206,331776
120000,15.833333333333336,2.017180633720452,2.0157132058998686,331776
120500,15.899305555555557,2.0172215519215104,2.015937549427734,331776
121000,15.965277777777779,2.0172453202573712,2.0159495435978547,331776
121500,16.03125,2.0172949807052243,2.015936828380064,331776
122000,16.09722222222222,2.0173281454188428,2.0160530874226903,331776
122500,16.163194444444443,2.0173883305592284,2.016191749770135,331776
123000,16.229166666666668,2.0174004048709313,2.0160503005072448,331776
123500,16.29513888888889,2.017451825050058,2.0160719599471024,331776
124000,16.36111111111111,2.0174862785875938,2.0160387457383706,331776
124500,16.427083333333336,2.0175134924217124,2.0160651582928018,331776
125000,16.493055555555557,2.0175587876830656,2.016052589456434,331776
125500,16.55902777777778,2.0176087306860437,2.0160637484250663,331776
126000,16.625,2.01762897138392,2.0161602482272123,331776
126500,16.69097222222222,2.0176869076721884,2.0162366483074408,331776
127000,16.756944444444443,2.017714836546975,2.0164440549430975,331776
127500,16.822916666666668,2.017752153268177,2.016307110278195,331776
128000,16.88888888888889,2.0177807350200823,2.016377656318058,331776
128500,16.95486111111111,2.017818427224816,2.016407115924526,331776
129000,17.020833333333336,2.017847936916329,2.016145845202405,331776
129500,17.086805555555557,2.017880352510011,2.016446660899007,331776
130000,17.15277777777778,2.0179080344580496,2.0164491447209727,331776
130500,17.21875,2.0179612899747523,2.0165419171372005,331776
131000,17.28472222222222,2.0180055138971014,2.016585514983952,331776
131500,17.350694444444443,2.018034466224213,2.016561414885159,331776
132000,17.416666666666668,2.018058215593001,2.0165238830359087,331776
132500,17.48263888888889,2.018077481543553,2.016685310393144,331776
133000,17.54861111111111,2.0181036781357853,2.016938272404967,331776
133500,17.614583333333336,2.0181563058870204,2.016643816802789,331776
134000,17.680555555555557,2.018172297122876,2.0168652253763684,331776
134500,17.74652777777778,2.018222709299954,2.0167591710479575,331776
135000,17.8125,2.018246890984755,2.016925020647739,331776
135500,17.87847222222222,2.018283122009949,2.0169325532829836,331776
136000,17.944444444444446,2.0183256790048705,2.016938722011682,331776
136500,18.010416666666668,2.018347322582543,2.016867153402286,331776
137000,18.07638888888889,2.0183956653918544,2.0170683316278817,331776
137500,18.14236111111111,2.0184056814849436,2.0170202414063136,331776
138000,18.208333333333336,2.018442352135604,2.0170941916050644,331776
138500,18.274305555555557,2.018473848433612,2.0171534102400113,331776
139000,18.34027777777778,2.0184955565973977,2.0170659414141614,331776
139500,18.40625,2.018530203534821,2.0169908811186374,331776
140000,18.47222222222222,2.0185592293658003,2.017077612481723,331776
140500,18.538194444444446,2.0185863102090185,2.0173091889384676,331776
141000,18.604166666666668,2.0185833113218696,2.017097256107103,331776
141500,18.67013888888889,2.0185969730878566,2.017272577487286,331776
142000,18.73611111111111,2.0186659816396695,2.0172351366432135,331776
142500,18.802083333333336,2.0186980825940473,2.017201220265224,331776
143000,18.868055555555557,2.0187073999009235,2.017204747777031,331776
143500,18.93402777777778,2.018740248071989,2.0173264602285226,331776
144000,19.0,2.018774333913334,2.017401076619959,331776
144500,19.06597222222222,2.01878712502858,2.017313703659453,331776
145000,19.131944444444446,2.0188163192336117,2.017565628016628,331776
145500,19.197916666666668,2.0188543458451145,2.0174886766925564,331776
146000,19.26388888888889,2.018880576394357,2.0175154990978474,331776
146500,19.32986111111111,2.01888721442594,2.017492498200487,331776
147000,19.395833333333336,2.0189283352981517,2.0174441355780632,331776
147500,19.461805555555557,2.018950299764538,2.017634141004466,331776
148000,19.52777777777778,2.0189660687265447,2.0175115077659194,331776
148500,19.59375,2.0189769789955614,2.0175830270071726,331776
149000,19.65972222222222,2.0190166376341625,2.0176055972155993,331776
149500,19.725694444444446,2.0190368658918625,2.017597219223263,331776
150000,19.791666666666668,2.0190741215190426,2.0176659668963666,331776
150500,19.85763888888889,2.0190791145999443,2.017645872302741,331776
151000,19.92361111111111,2.0191018969289773,2.0176682237394807,331776
151500,19.989583333333336,2.019136754907755,2.0177693955779317,331776
152000,20.055555555555557,2.0191300954988187,2.0178293251230475,331776
152500,20.12152777777778,2.0191662270428785,2.01750373997078,331776
153000,20.1875,2.019192207384007,2.017917301414263,331776
153500,20.25347222222222,2.019207788000831,2.017631696368765,331776
154000,20.319444444444446,2.0192215780952107,2.0179469498169524,331776
154500,20.385416666666668,2.019242377682425,2.0178165787752667,331776
155000,20.45138888888889,2.019248819097991,2.0179049572967744,331776
155500,20.51736111111111,2.0192748724050147,2.0179730984208573,331776
156000,20.583333333333336,2.0192956845123073,2.0179722406304643,331776
156500,20.649305555555557,2.0192970552050737,2.0178336516073356,331776
157000,20.71527777777778,2.0193173272648135,2.017784427892426,331776
157500,20.78125,2.019345774366687,2.017854782034462,331776
158000,20.84722222222222,2.019374776355399,2.0178293539292733,331776
158500,20.913194444444446,2.0193745709554944,2.0178767957392783,331776
159000,20.979166666666668,2.0193867928713867,2.0180329738453286,331776
159500,21.04513888888889,2.019376689752023,2.017887930725136,331776
160000,21.11111111111111,2.019438533182036,2.018289789351794,331776
160500,21.177083333333336,2.0194637173993826,2.0182476193588856,331776
161000,21.243055555555557,2.019456693048152,2.0180879878817164,331776
161500,21.30902777777778,2.019490333270985,2.018045656098913,331776
162000,21.375,2.0195142226426688,2.0179525759442916,331776
162500,21.44097222222222,2.0195167590567467,2.0180091821964448,331776
163000,21.506944444444446,2.0195066587904917,2.018196242800734,331776
163500,21.572916666666668,2.0195382095719716,2.018064056736576,331776
164000,21.63888888888889,2.0195454903460552,2.018100936959123,331776
164500,21.70486111111111,2.0195733621224297,2.018139884478892,331776
165000,21.770833333333336,2.0195807230610123,2.0183340941736247,331776
165500,21.836805555555557,2.019596855188186,2.018391336071555,331776
166000,21.90277777777778,2.0196288653797714,2.01808411167782,331776
166500,21.96875,2.019624802668483,2.018144548417169,331776
167000,22.03472222222222,2.0196121805118583,2.0182865604654348,331776
167500,22.100694444444446,2.0196342255637747,2.018209775445197,331776
168000,22.166666666666668,2.019643515861168,2.0182916293142874,331776
168500,22.23263888888889,2.019644361074005,2.018247730672733,331776
169000,22.29861111111111,2.01964907427231,2.018336404263845,331776
169500,22.364583333333336,2.0196860321126375,2.0181636339414446,331776
170000,22.430555555555557,2.0196714165721623,2.0183323551230674,331776
170500,22.49652777777778,2.0196873266104793,2.018236782781635,331776
171000,22.5625,2.0197001069926785,2.0184025277316424,331776
171500,22.62847222222222,2.0197013050804395,2.0183697988873766,331776
172000,22.694444444444446,2.0197112297547872,2.0182722404074145,331776
172500,22.760416666666668,2.019731763216245,2.0183686707029374,331776
173000,22.82638888888889,2.0197250654120094,2.0182563778907507,331776
173500,22.89236111111111,2.019741161588508,2.0182345833611124,331776
174000,22.958333333333336,2.019763061517617,2.018396109164938,331776
174500,23.024305555555557,2.019761589881143,2.018406887032942,331776
175000,23.09027777777778,2.019779595822801,2.0183514976659627,331776
175500,23.15625,2.0197747402833017,2.018218704191379,331776
176000,23.22222222222222,2.0197996753182585,2.0184935714802674,331776
176500,23.288194444444446,2.01979649441379,2.018327589424457,331776
177000,23.354166666666668,2.01979777220767,2.0183210923201313,331776
177500,23.42013888888889,2.019829575015171,2.018227574522606,331776
178000,23.48611111111111,2.019820031142218,2.0184332267136726,331776
178500,23.552083333333336,2.0198191363806655,2.018219957341916,331776
179000,23.618055555555557,2.0198383999411984,2.0184443656254856,331776
179500,23.68402777777778,2.0198201803994675,2.01843019384722,331776
180000,23.75,2.0198292609102917,2.018370802552533,331776
180500,23.81597222222222,2.0198419968185983,2.0185120001786445,331776
181000,23.881944444444446,2.0198603553113186,2.018515317400909,331776
181500,23.947916666666668,2.0198448379759046,2.0183303945378173,331776
182000,24.01388888888889,2.0198404002079986,2.018371188162413,331776
182500,24.07986111111111,2.019834043733217,2.018550742256998,331776
183000,24.145833333333336,2.0198531056884725,2.0182656850932728,331776
183500,24.211805555555557,2.019856209821466,2.0183524906464436,331776
184000,24.27777777777778,2.0198507532226686,2.0185086699506467,331776
184500,24.34375,2.0198293413516617,2.018401303686998,331776
185000,24.40972222222222,2.019849590577389,2.018395928736716,331776
185500,24.475694444444446,2.0198332013886167,2.018345155313791,331776
186000,24.541666666666668,2.0198387449718394,2.0183372867499374,331776
186500,24.60763888888889,2.01984301374525,2.018550110499879,331776
187000,24.67361111111111,2.0198430865332377,2.0185208324582415,331776
187500,24.739583333333336,2.0198421458120084,2.0184448960301076,331776
188000,24.805555555555557,2.01983062801246,2.0184343106461498,331776
188500,24.87152777777778,2.0198615393216612,2.018462601206751,331776
189000,24.9375,2.0198296446465753,2.0183687488532716,331776
189500,25.00347222222222,2.0198464413742165,2.018324528779344,331776
190000,25.069444444444446,2.0198200446739727,2.018432431237465,331776
190500,25.135416666666668,2.0198297416097035,2.0183348625920186,331776
191000,25.20138888888889,2.0198410677160488,2.0185826930721977,331776
191500,25.26736111111111,2.019812898471152,2.0184189577886915,331776
192000,25.333333333333336,2.0198213225833177,2.018167764808475,331776
192500,25.399305555555557,2.019839144318009,2.018404650285642,331776
193000,25.46527777777778,2.0198122090801736,2.0184831837967003,331776
193500,25.53125,2.019795887183782,2.018412809478551,331776
194000,25.59722222222222,2.019801027449638,2.0184241922681823,331776
194500,25.663194444444446,2.019796755916196,2.018403602018317,331776
195000,25.729166666666668,2.0198044334697833,2.0183380729278637,331776
195500,25.79513888888889,2.019798705462717,2.018367111926583,331776
196000,25.86111111111111,2.0197992948536245,2.0185884390449678,331776
196500,25.927083333333336,2.0197969557580397,2.0184002420855744,331776
197000,25.993055555555557,2.0198053765581374,2.018468155766807,331776
197500,26.05902777777778,2.0197919397053683,2.0183715204386727,331776
198000,26.125,2.0197945670006696,2.018421177568382,331776
198500,26.19097222222222,2.019764975384791,2.0185074209316527,331776
199000,26.256944444444446,2.01975600119513,2.018263950605281,331776
199500,26.32291666666667,2.0197750145819637,2.0183380172051555,331776
200000,26.38888888888889,2.0197632575546076,2.0184362724785907,331776
200500,26.454861111111114,2.019760366845437,2.018287633121833,331776
201000,26.520833333333332,2.0197300137774126,2.0182425799097397,331776
201500,26.586805555555557,2.0197100982214624,2.018095692149598,331776
202000,26.652777777777775,2.0197193019753543,2.0182235079628805,331776
202500,26.71875,2.0196901765395303,2.018449727213746,331776
203000,26.78472222222222,2.0196753945634662,2.018175110716527,331776
203500,26.850694444444446,2.0196801061641168,2.0183102870613228,331776
204000,26.91666666666667,2.0196600966763443,2.018300747941197,331776
204500,26.98263888888889,2.01965218872391,2.018181912563305,331776
205000,27.048611111111114,2.0196405554738766,2.018294499649322,331776
205500,27.114583333333332,2.019648797519047,2.018307901461558,331776
206000,27.180555555555557,2.019634490803334,2.018229668579459,331776
206500,27.246527777777775,2.0196112782052014,2.018304658785552,331776
207000,27.3125,2.019599898873104,2.0183236413417607,331776
207500,27.37847222222222,2.019573036198462,2.0180971047980063,331776
208000,27.444444444444446,2.0195727830042873,2.018266248817027,331776
208500,27.51041666666667,2.0195395456881813,2.0181402542339137,331776
209000,27.57638888888889,2.019520617877111,2.0180202730410586,331776
209500,27.642361111111114,2.019493521711604,2.018222496098038,331776
210000,27.708333333333332,2.0194943861282693,2.0181411704744576,331776
210500,27.774305555555557,2.0194837540901935,2.0181388825829303,331776
211000,27.840277777777775,2.019441045025481,2.0179639120306962,331776
211500,27.90625,2.019438340853146,2.018235621542426,331776
212000,27.97222222222222,2.0194150078378286,2.018058886123611,331776
212500,28.038194444444446,2.0193965835971484,2.017794177347592,331776
213000,28.10416666666667,2.0193516787072254,2.0180095904718858,331776
213500,28.17013888888889,2.0193625360478262,2.0178109846521606,331776
214000,28.236111111111114,2.0193443939798876,2.01794842740924,331776
214500,28.302083333333332,2.0193124091554484,2.01795401526549,331776
215000,28.368055555555557,2.0193093339283106,2.0179405075686745,331776
215500,28.434027777777775,2.019289364810273,2.01792529251637,331776
216000,28.5,2.0192717850555457,2.0178271985832605,331776
216500,28.56597222222222,2.0192419714256546,2.0178607375239777,331776
217000,28.631944444444446,2.019230492190851,2.0179045184976787,331776
217500,28.69791666666667,2.0192306180862745,2.017825209910458,331776
218000,28.76388888888889,2.019184500645381,2.0177762811523823,331776
218500,28.829861111111114,2.0191742859287314,2.0179101296788473,331776
219000,28.895833333333332,2.019146924873806,2.0176512466721497,331776
219500,28.961805555555557,2.0191035017339294,2.017838087826461,331776
220000,29.027777777777775,2.0191244264643995,2.0177101883284756,331776
220500,29.09375,2.019086601828653,2.017752462702851,331776
221000,29.15972222222222,2.0190562724597902,2.017656669609476,331776
221500,29.225694444444446,2.0190567621453956,2.0175583500421665,331776
222000,29.29166666666667,2.0190271232929984,2.017648980318782,331776
222500,29.35763888888889,2.0190122749842105,2.0175888387292016,331776
223000,29.423611111111114,2.018972392259326,2.0175625589344204,331776
223500,29.489583333333332,2.018947037371274,2.0176676715716417,331776
224000,29.555555555555557,2.018930174887576,2.0175729307651444,331776
224500,29.621527777777775,2.018889179342813,2.0175377310133733,331776
225000,29.6875,2.0188538185933482,2.0173840030646955,331776
225500,29.75347222222222,2.0188400063142677,2.017299576494514,331776
226000,29.819444444444446,2.018796423183766,2.017437381552516,331776
226500,29.88541666666667,2.018783352616764,2.0174268151108725,331776
227000,29.95138888888889,2.0187606396803317,2.0173650516664203,331776
227500,30.017361111111114,2.018721105362875,2.0174702421254884,331776
228000,30.083333333333332,2.0187186514219144,2.0172984068979734,331776
228500,30.149305555555557,2.0186923122058764,2.017439106655787,331776
229000,30.215277777777775,2.01866026544602,2.017496943825474,331776
229500,30.28125,2.018617117871597,2.01757020439812,331776
230000,30.34722222222222,2.018591067901137,2.0170945757824317,331776
230500,30.413194444444446,2.0185647961535356,2.01713946025751,331776
231000,30.47916666666667,2.018542757007746,2.017199360034149,331776
231500,30.54513888888889,2.0185182265389203,2.0169575041896484,331776
232000,30.611111111111114,2.0184700940336984,2.0171303400050844,331776
232500,30.677083333333332,2.0184558466724156,2.0170231470968516,331776
233000,30.743055555555557,2.0183989595269916,2.0170038780970563,331776
233500,30.809027777777775,2.0183672448393497,2.0171046555030845,331776
234000,30.875,2.01835512981811,2.0168927906634218,331776
234500,30.94097222222222,2.018318194703315,2.016984503218892,331776
235000,31.006944444444446,2.0182817467062084,2.0168274824364643,331776
235500,31.07291666666667,2.018248130111564,2.0167156290365824,331776
236000,31.13888888888889,2.0182134941081307,2.016856583700295,331776
236500,31.204861111111114,2.0181540036967265,2.016777361251074,331776
237000,31.270833333333332,2.0181449795543784,2.016571386706131,331776
237500,31.336805555555557,2.0181177402313097,2.0169817415736935,331776
238000,31.402777777777775,2.018042690014652,2.016556551929891,331776
238500,31.46875,2.0180289214572635,2.0165483451080455,331776
239000,31.53472222222222,2.017995263797541,2.0164200377981665,331776
239500,31.600694444444446,2.017947060528241,2.0165547053531085,331776
240000,31.66666666666667,2.0178996670142784,2.016519965818011,331776
240500,31.73263888888889,2.01787087453564,2.016537588499067,331776
241000,31.798611111111114,2.0178416332404967,2.0164822019180164,331776
241500,31.864583333333332,2.017815120979365,2.0163175731449083,331776
242000,31.930555555555557,2.0177802320710216,2.0164374029375556,331776
242500,31.996527777777775,2.0177454286335013,2.016302256458526,331776
243000,32.0625,2.017695153045285,2.0164244257710933,331776
243500,32.12847222222222,2.01765117549967,2.016336800096298,331776
244000,32.19444444444444,2.017627629074165,2.0162475185247724,331776
244500,32.26041666666667,2.0175826541582405,2.0162676867527365,331776
245000,32.326388888888886,2.017561352495157,2.016177520546501,331776
245500,32.392361111111114,2.017498980935256,2.01610235916543,331776
246000,32.458333333333336,2.0174843926692367,2.0159873384855,331776
246500,32.52430555555556,2.017400248979034,2.016021552991577,331776
247000,32.59027777777778,2.0174051729026563,2.0160051532395773,331776
247500,32.65625,2.0173451086649474,2.0159004879375884,331776
248000,32.72222222222222,2.0172910467520078,2.0159803173678963,331776
248500,32.78819444444444,2.0172758402586517,2.015992535214872,331776
249000,32.85416666666667,2.0172267491466,2.015745759885331,331776
249500,32.920138888888886,2.0171748437238475,2.0156945134784383,331776
250000,32.986111111111114,2.017150584700109,2.0154535457420835,331776
250500,33.052083333333336,2.017114435838869,2.0157385921799458,331776
251000,33.11805555555556,2.0170338201560405,2.0157099914226535,331776
251500,33.18402777777778,2.017004759360916,2.015417745348907,331776
252000,33.25,2.0169558702628856,2.0155473834289896,331776
252500,33.31597222222222,2.016921550346266,2.0156382378457494,331776
253000,33.38194444444444,2.0168759001904375,2.015488061823077,331776
253500,33.44791666666667,2.0168378495179167,2.015441057241805,331776
254000,33.513888888888886,2.0167826881838105,2.0152697101554926,331776
254500,33.579861111111114,2.0167490550843055,2.0152897648561248,331776
255000,33.645833333333336,2.016697133596731,2.015308429577075,331776
255500,33.71180555555556,2.0166589921026756,2.015397005889805,331776
256000,33.77777777777778,2.016578149946202,2.0151981995860737,331776
256500,33.84375,2.0165490959167767,2.015124578538094,331776
257000,33.90972222222222,2.016504545593438,2.0149584050822495,331776
257500,33.97569444444444,2.0164241933467064,2.015025120930583,331776
258000,34.04166666666667,2.016398089388669,2.0150173728336056,331776
258500,34.107638888888886,2.0163660841901496,2.014809376138573,331776
259000,34.173611111111114,2.0163012368199364,2.0148541509847933,331776
259500,34.239583333333336,2.0162303177845993,2.014803271195327,331776
260000,34.30555555555556,2.016193483312024,2.014924221609353,331776
260500,34.37152777777778,2.0161250077184576,2.0148306471093758,331776
261000,34.4375,2.0160808909295365,2.014682185660925,331776
261500,34.50347222222222,2.016037166752549,2.0145776927133907,331776
262000,34.56944444444444,2.015949408054197,2.0146435426388463,331776
262500,34.63541666666667,2.0159407802006672,2.0145661247666675,331776
263000,34.701388888888886,2.015891132216464,2.0144964363909255,331776
263500,34.767361111111114,2.0158172734003093,2.014442982636165,331776
264000,34.833333333333336,2.0157665746967597,2.014447768450271,331776
264500,34.89930555555556,2.0157276388316667,2.0144266318554314,331776
265000,34.96527777777778,2.0156568698481334,2.01424597229113,331776
265500,35.03125,2.0156109051718505,2.0143865665642844,331776
266000,35.09722222222222,2.015539566103659,2.013908179498176,331776
266500,35.16319444444444,2.0154775735130848,2.0141507170818596,331776
267000,35.22916666666667,2.0154316092557814,2.014099762877259,331776
267500,35.29513888888889,2.0153906771033636,2.013965505173003,331776
268000,35.361111111111114,2.0153245644416464,2.014023742624379,331776
268500,35.427083333333336,2.0152692225049966,2.013829506127177,331776
269000,35.49305555555556,2.0152158316966204,2.0137657918239924,331776
269500,35.55902777777778,2.0151482236229232,2.0138009171436053,331776
270000,35.625,2.015089252957475,2.0136852121296274,331776
270500,35.69097222222222,2.0150199776345357,2.0136834695888286,331776
271000,35.75694444444444,2.014968315304766,2.0136080872867748,331776
271500,35.82291666666667,2.0149069971090934,2.0136055429572277,331776
272000,35.88888888888889,2.0148724875025366,2.0134203273453855,331776
272500,35.954861111111114,2.014794953164109,2.013523641064171,331776
273000,36.020833333333336,2.01474027226461,2.0133074856766306,331776
273500,36.08680555555556,2.0146811143739196,2.013193472135276,331776
274000,36.15277777777778,2.0146351566679797,2.013191967125613,331776
274500,36.21875,2.0145724606638344,2.0134493396296893,331776
275000,36.28472222222222,2.014497909552355,2.012930802217756,331776
275500,36.35069444444444,2.014420204412539,2.0131977096822693,331776
276000,36.41666666666667,2.0143701171449386,2.0128796218710328,331776
276500,36.48263888888889,2.014295068262197,2.012861071220149,331776
277000,36.548611111111114,2.014244529866502,2.012955713928874,331776
277500,36.614583333333336,2.0141454897939575,2.0128498973971043,331776
278000,36.68055555555556,2.0140976795523557,2.0127102342811245,331776
278500,36.74652777777778,2.0140084629309523,2.0127062514526814,331776
279000,36.8125,2.0139291247304842,2.012755745435017,331776
279500,36.87847222222222,2.0138686103203502,2.0125602263070217,331776
280000,36.94444444444444,2.013792517260434,2.012359416562858,331776
280500,37.01041666666667,2.0137295694352426,2.0124594941578353,331776
281000,37.07638888888889,2.013651948627889,2.0122761094467285,331776
281500,37.142361111111114,2.0136074455394324,2.012190318836651,331776
282000,37.208333333333336,2.0135180897450047,2.012077477776982,331776
282500,37.27430555555556,2.013452673639298,2.0119733118282865,331776
283000,37.34027777777778,2.0133673138933332,2.0118082285325727,331776
283500,37.40625,2.013299910319948,2.0117613825307257,331776
284000,37.47222222222222,2.0132090286370254,2.0118549027603505,331776
284500,37.53819444444444,2.0131427025877255,2.011783050615673,331776
285000,37.60416666666667,2.0130743797289523,2.0116270989626512,331776
285500,37.67013888888889,2.0130040330621997,2.0118114411635584,331776
286000,37.736111111111114,2.012917772624129,2.0115207716811816,331776
286500,37.802083333333336,2.0128532855314205,2.0114341914076457,331776
287000,37.86805555555556,2.0127645998343042,2.011417598289256,331776
287500,37.93402777777778,2.0126940511792113,2.011351265016356,331776
288000,38.0,2.0126134644719906,2.0112398028883822,331776
288500,38.06597222222222,2.0125464309534937,2.0111537549679843,331776
289000,38.13194444444444,2.012441906318677,2.011052765750022,331776
289500,38.19791666666667,2.0123710935828107,2.010831124951731,331776
290000,38.26388888888889,2.012276172470398,2.0109942594238603,331776
290500,38.329861111111114,2.012212606419216,2.0107500115610764,331776
291000,38.395833333333336,2.012117306627055,2.010763633193335,331776
291500,38.46180555555556,2.0120345121018093,2.0107879716650445,331776
292000,38.52777777777778,2.011974731811649,2.0106703583020953,331776
292500,38.59375,2.0118871339523126,2.0102447307499345,331776
293000,38.65972222222222,2.0117800324003854,2.0102847629097957,331776
293500,38.72569444444444,2.0117032358953906,2.0102783610454638,331776
294000,38.79166666666667,2.0116288809308855,2.010243534343267,331776
294500,38.85763888888889,2.011524881601649,2.010250555154613,331776
295000,38.923611111111114,2.011462087000568,2.00998231255715,331776
295500,38.989583333333336,2.01137410011771,2.0100426756188465,331776
296000,39.05555555555556,2.011285919561485,2.0098106337687422,331776
296500,39.12152777777778,2.011181002201791,2.0097698782085702,331776
297000,39.1875,2.0111006946405885,2.0099538228480247,331776
297500,39.25347222222222,2.0109985541898356,2.009613820607947,331776
298000,39.31944444444444,2.0109158506793046,2.009580042542391,331776
298500,39.38541666666667,2.0108189887250303,2.0095709348546444,331776
299000,39.45138888888889,2.0107358321894346,2.009265495290423,331776
299500,39.517361111111114,2.0106541375028195,2.009261046269855,331776
300000,39.583333333333336,2.0105521968694196,2.0089964045993396,331776
300500,39.64930555555556,2.0104494982321905,2.0090819999993483,331776
301000,39.71527777777778,2.010368685966993,2.0089526053626523,331776
301500,39.78125,2.0102664665699055,2.0089563776082393,331776
302000,39.84722222222222,2.0101732924336133,2.0087640616641425,331776
302500,39.91319444444444,2.0100661327005653,2.008840902100031,331776
303000,39.97916666666667,2.009969515387996,2.008403820013198,331776
303500,40.04513888888889,2.0098590779575467,2.0086346735056657,331776
304000,40.111111111111114,2.0097508877408083,2.0083800093835795,331776
304500,40.177083333333336,2.009664987472202,2.0082483240600104,331776
305000,40.24305555555556,2.0095648509785304,2.008035354965785,331776
305500,40.30902777777778,2.0094809257826527,2.0079837761424795,331776
306000,40.375,2.00938023938417,2.008050356225571,331776
306500,40.44097222222222,2.0092649550477346,2.0080452973850194,331776
307000,40.50694444444444,2.009182802516847,2.0077570080141767,331776
307500,40.57291666666667,2.00906139261401,2.0076924140886465,331776
308000,40.63888888888889,2.0089689428427513,2.0076036052259347,331776
308500,40.704861111111114,2.008852480117573,2.0074496445225893,331776
309000,40.770833333333336,2.0087659518325243,2.007413673600916,331776
309500,40.83680555555556,2.0086550889443155,2.007283531470499,331776
310000,40.90277777777778,2.0085861312161075,2.0071182542417714,331776
310500,40.96875,2.0084400196201746,2.007054037712061,331776
311000,41.03472222222222,2.0083219878454877,2.0070039536145856,331776
311500,41.10069444444444,2.0082164604018935,2.006772591789658,331776
312000,41.16666666666667,2.0081058746789586,2.006752051911395,331776
312500,41.23263888888889,2.0079942779917577,2.006671632448767,331776
313000,41.298611111111114,2.0078806158343934,2.00661610236498,331776
313500,41.364583333333336,2.0078029594289175,2.0062914295791074,331776
314000,41.43055555555556,2.007647535686026,2.006178975502386,331776
314500,41.49652777777778,2.007542938270837,2.005911119615173,331776
315000,41.5625,2.007437478882417,2.006053851821281,331776
315500,41.62847222222222,2.0073329695204825,2.0060433661591723,331776
316000,41.69444444444444,2.007206593239967,2.0058220234161133,331776
316500,41.76041666666667,2.0071040705247647,2.00552643092616,331776
317000,41.82638888888889,2.0069656334421597,2.005519234853095,331776
317500,41.892361111111114,2.0068578163102058,2.0055086747729733,331776
318000,41.958333333333336,2.006744917699548,2.005318152958102,331776
318500,42.02430555555556,2.0065937351626855,2.0052436612723503,331776
319000,42.09027777777778,2.006469929800293,2.0050611716778954,331776
319500,42.15625,2.0063523361790874,2.0049385686260335,331776
320000,42.22222222222222,2.006238867910869,2.0048739706939918,331776
320500,42.28819444444444,2.0061268556789105,2.004774616409249,331776
321000,42.35416666666667,2.005987979174827,2.004621067525018,331776
321500,42.42013888888889,2.005865718454421,2.0044665008555205,331776
322000,42.486111111111114,2.00574646947978,2.0042586611345854,331776
322500,42.552083333333336,2.005608007209686,2.0040927777682325,331776
323000,42.61805555555556,2.005495633429567,2.0041563147023496,331776
323500,42.68402777777778,2.0053324436148965,2.0038742089020474,331776
324000,42.75,2.0052274792714306,2.0039006880635553,331776
324500,42.81597222222222,2.0050916841458304,2.0038398653190272,331776
325000,42.88194444444444,2.004952786001174,2.0036183692705247,331776
325500,42.94791666666667,2.0048113403585526,2.0034573112559153,331776
326000,43.01388888888889,2.0046777323356353,2.003250466516099,331776
326500,43.079861111111114,2.004519062809291,2.0031890348787447,331776
327000,43.145833333333336,2.0043886481617412,2.0030588974473105,331776
327500,43.21180555555556,2.0042621847223114,2.002987665102606,331776
328000,43.27777777777778,2.004098973724007,2.0026943259479113,331776
328500,43.34375,2.003966130767271,2.002663793908747,331776
329000,43.40972222222222,2.0038580514277378,2.0024148003955267,331776
329500,43.47569444444444,2.003710415450796,2.0024399444613428,331776
330000,43.54166666666667,2.003543055159444,2.0021857502223117,331776
330500,43.60763888888889,2.0033907813873073,2.0019537014410345,331776
331000,43.673611111111114,2.003243144875583,2.001755053535265,331776
331500,43.739583333333336,2.0031249793715684,2.0017146543509687,331776
332000,43.80555555555556,2.0029510298051965,2.0016593354481875,331776
332500,43.87152777777778,2.00279956619911,2.0013263146716644,331776
333000,43.9375,2.0026521515194573,2.001261428722664,331776
333500,44.00347222222222,2.002496825553449,2.0009134947603116,331776
334000,44.06944444444444,2.0023208971516007,2.0009660937036333,331776
334500,44.13541666666667,2.002174774341589,2.0007907522316746,331776
335000,44.20138888888889,2.0020137742707647,2.0008144273856203,331776
335500,44.267361111111114,2.001881136125961,2.00056411084791,331776
336000,44.333333333333336,2.0017268452366546,2.0003400833411873,331776
336500,44.39930555555556,2.0015631312848376,2.0001937030085877,331776
337000,44.46527777777778,2.0014271846387337,1.9999544468789012,331776
337500,44.53125,2.0012662517728947,1.9998657500531747,331776
338000,44.59722222222222,2.001067714888068,1.999692999052511,331776
338500,44.66319444444444,2.000879435114219,1.9994509164190841,331776
339000,44.72916666666667,2.0007579982532375,1.9994692124121274,331776
339500,44.79513888888889,2.000565633435528,1.9990698639781348,331776
340000,44.861111111111114,2.0004196807941543,1.9990877983385347,331776
340500,44.927083333333336,2.0002043556628513,1.9986051812941816,331776
341000,44.99305555555556,2.0000398955816854,1.9987143316009197,331776
341500,45.05902777777778,1.9998796725755403,1.9986557365077562,331776
342000,45.125,1.9997017921552798,1.9984215578508877,331776
342500,45.19097222222222,1.9995118470553142,1.9982173620116273,331776
343000,45.25694444444444,1.999318330356608,1.9979585570605716,331776
343500,45.32291666666667,1.9991688710612587,1.9976908486133738,331776
344000,45.38888888888889,1.9989748914132794,1.9975394629243168,331776
344500,45.454861111111114,1.9988049671106072,1.9975275500561909,331776
345000,45.520833333333336,1.998639600193092,1.997229062170391,331776
345500,45.58680555555556,1.9984339707516054,1.9969238712133768,331776
346000,45.65277777777778,1.9982628361991446,1.99700677569975,331776
346500,45.71875,1.9980653294498323,1.9965199283856214,331776
347000,45.78472222222222,1.9978562425801702,1.9965477847542372,331776
347500,45.85069444444444,1.997662249052676,1.9964590186914677,331776
348000,45.91666666666667,1.997466704694378,1.9961428857830583,331776
348500,45.98263888888889,1.997279228235663,1.9958409060829232,331776
349000,46.048611111111114,1.9970599203875379,1.9957638660650292,331776
349500,46.114583333333336,1.9968810429591328,1.9955387126800805,331776
350000,46.18055555555556,1.9966839624692645,1.9952305828266383,331776
350500,46.24652777777778,1.9964748138305666,1.995195886821173,331776
351000,46.3125,1.9962854795967648,1.99484323981472,331776
351500,46.37847222222222,1.9960437760743501,1.9945590256955268,331776
352000,46.44444444444444,1.9958708689892741,1.9944267490805756,331776
352500,46.51041666666667,1.995661138849977,1.9941565089564413,331776
353000,46.57638888888889,1.9954535074049438,1.993946691304414,331776
353500,46.642361111111114,1.9952764986907705,1.9938445259612534,331776
354000,46.708333333333336,1.9950408370072636,1.9937438879997305,331776
354500,46.77430555555556,1.9948143647494827,1.9933353871892288,331776
355000,46.84027777777778,1.9946007309409606,1.9930958399893508,331776
355500,46.90625,1.994357375710426,1.9928982986416317,331776
356000,46.97222222222222,1.9941438561209917,1.992706135925931,331776
356500,47.03819444444444,1.993923143698087,1.9925874546657398,331776
357000,47.10416666666667,1.9937121384869367,1.992563534669593,331776
357500,47.17013888888889,1.993487131017019,1.9920836543779616,331776
358000,47.236111111111114,1.9932340455220963,1.9918279038448274,331776
358500,47.302083333333336,1.9930438368114853,1.9915683180853208,331776
359000,47.36805555555556,1.9927865476990936,1.9913988391507433,331776
359500,47.43402777777778,1.9925525596023415,1.9912445027087702,331776
360000,47.5,1.9923540338448236,1.9911508701124994,331776
360500,47.56597222222222,1.9920960193038135,1.9907692236368604,331776
361000,47.63194444444444,1.9918723912509761,1.9904347717247208,331776
361500,47.69791666666667,1.9916336237672088,1.9901579879571392,331776
362000,47.76388888888889,1.9913842626693752,1.990049391555881,331776
362500,47.829861111111114,1.991159833568973,1.9897412016456135,331776
363000,47.895833333333336,1.9908961111817374,1.98951132931513,331776
363500,47.96180555555556,1.9906316380024327,1.9891250440546604,331776
364000,48.02777777777778,1.9903903672975138,1.9889700059228572,331776
364500,48.09375,1.9901287047254024,1.9888092446437868,331776
365000,48.15972222222222,1.9898642062600087,1.9885154684511384,331776
365500,48.22569444444444,1.9895994522412612,1.988033459953368,331776
366000,48.29166666666667,1.9893336948888123,1.9879862722172597,331776
366500,48.35763888888889,1.9890859071719251,1.9877529299929892,331776
367000,48.423611111111114,1.9888075861303922,1.9875605822377502,331776
367500,48.489583333333336,1.9885334812380662,1.987169950562142,331776
368000,48.55555555555556,1.9882773333244352,1.9867982467135683,331776
368500,48.62152777777778,1.9880037846091,1.986661333430329,331776
369000,48.6875,1.9877156757117986,1.986293004404803,331776
369500,48.75347222222222,1.9874342679416752,1.9859432820342047,331776
370000,48.81944444444444,1.987125118094239,1.9858551370742021,331776
370500,48.88541666666667,1.986841397316138,1.9855027727242065,331776
371000,48.95138888888889,1.9865596041790978,1.9852562684735204,331776
371500,49.017361111111114,1.9862600052880985,1.9848579357484923,331776
372000,49.083333333333336,1.985974924684853,1.984609461856536,331776
372500,49.14930555555556,1.9856825095340351,1.9842412900236057,331776
373000,49.21527777777778,1.985378262935845,1.983940326485889,331776
373500,49.28125,1.9850710450063127,1.9837877170118632,331776
374000,49.34722222222222,1.9847585790306048,1.9834471664744417,331776
374500,49.41319444444444,1.9844434056815916,1.9830507787403306,331776
375000,49.47916666666667,1.9841440026377575,1.982666934783618,331776
375500,49.54513888888889,1.9838298682043212,1.982520816193437,331776
376000,49.611111111111114,1.9834957910998618,1.982099101373151,331776
376500,49.677083333333336,1.9831929029568616,1.9816755351708304,331776
377000,49.74305555555556,1.9828423049462272,1.9814867701911143,331776
377500,49.80902777777778,1.9825226242658052,1.9810300667602694,331776
378000,49.875,1.9822258975706333,1.9809024880845367,331776
378500,49.94097222222222,1.9818590603366388,1.9805140004515134,331776
379000,50.00694444444444,1.9815532832324516,1.9800890354748164,331776
379500,50.07291666666667,1.9811858190360652,1.979717282172135,331776
380000,50.13888888888889,1.9808334760305177,1.9796035395899285,331776
380500,50.204861111111114,1.9804928289910648,1.9792643126786298,331776
381000,50.270833333333336,1.9801395897067264,1.9788617377306204,331776
381500,50.33680555555556,1.9797756599568832,1.9785355596666911,331776
382000,50.40277777777778,1.9794162915361544,1.9781102826702708,331776
382500,50.46875,1.9790745482635943,1.9775963323124452,331776
383000,50.53472222222222,1.9786944860086624,1.9773458914824045,331776
383500,50.60069444444444,1.9783232964104132,1.9768471916992505,331776
384000,50.66666666666667,1.9779824324007198,1.9764355576483084,331776
384500,50.73263888888889,1.9776021568721163,1.9762065196720315,331776
385000,50.798611111111114,1.9772044114130147,1.976010128564078,331776
385500,50.864583333333336,1.976847251599197,1.9753962427186742,331776
386000,50.93055555555556,1.976447276952188,1.9750481969227587,331776
386500,50.99652777777778,1.9760916952461292,1.9746885670560999,331776
387000,51.0625,1.9756742901308972,1.9741837501149044,331776
387500,51.12847222222222,1.9753117477996245,1.9740174193520996,331776
388000,51.19444444444444,1.974872704646414,1.9735347650157493,331776
388500,51.26041666666667,1.9744909803852664,1.973259790629839,331776
389000,51.32638888888889,1.9740949749635992,1.97280387098058,331776
389500,51.392361111111114,1.9736827033865354,1.972562304793548,331776
390000,51.458333333333336,1.973259774621421,1.9720232499888575,331776
390500,51.52430555555556,1.9728518800185117,1.9715784612534686,331776
391000,51.59027777777778,1.972436276587367,1.971041428712565,331776
391500,51.65625,1.972014165896506,1.970383569734516,331776
392000,51.72222222222222,1.9716040078185837,1.970188022219353,331776
392500,51.78819444444444,1.9711535373879607,1.969898912324124,331776
393000,51.85416666666667,1.970712166907933,1.9692954923553563,331776
393500,51.92013888888889,1.9702902901219996,1.9689057678375397,331776
394000,51.986111111111114,1.9698325090681237,1.9684353498549576,331776
394500,52.052083333333336,1.9694139215648865,1.9679398231080727,331776
395000,52.11805555555556,1.9689586189643913,1.9675662388294626,331776
395500,52.18402777777778,1.9684983695918283,1.9670147468280115,331776
396000,52.25,1.9680361596911007,1.9666168547383416,331776
396500,52.31597222222222,1.9676100764220006,1.966351552659725,331776
397000,52.38194444444444,1.9671306644677988,1.9659625720040745,331776
397500,52.447916666666664,1.9666594379070768,1.9653006914452829,331776
398000,52.51388888888889,1.966168275977048,1.964684872113983,331776
398500,52.579861111111114,1.96569308698457,1.9643083529883998,331776
399000,52.64583333333334,1.9652404047154903,1.963882429883543,331776
399500,52.71180555555555,1.964728873074851,1.9633671935188781,331776
400000,52.77777777777778,1.9642455801503307,1.9628284210454934,331776
400500,52.84375,1.9637548793812978,1.9624084856826807,331776
401000,52.90972222222223,1.9632551839607923,1.9618301019584763,331776
401500,52.97569444444444,1.9627651840493385,1.9614142680822475,331776
402000,53.041666666666664,1.9622600401640384,1.960960428260739,331776
402500,53.10763888888889,1.9617501664691492,1.960397291373995,331776
403000,53.173611111111114,1.961244003088207,1.959886068772277,331776
403500,53.23958333333334,1.9607342836962722,1.9594010114020444,331776
404000,53.30555555555555,1.9602099876348977,1.9588641289652073,331776
404500,53.37152777777778,1.95967885860193,1.9583773134207658,331776
405000,53.4375,1.9591676603239954,1.957702910989209,331776
405500,53.50347222222223,1.9586217089716556,1.9572455783687772,331776
406000,53.56944444444444,1.958097003536164,1.956731324949755,331776
406500,53.635416666666664,1.9575359630628621,1.9562946472347094,331776
407000,53.70138888888889,1.9570100484850372,1.9556954320209798,331776
407500,53.767361111111114,1.9564639346709694,1.9551151228321473,331776
408000,53.83333333333334,1.9559009886040348,1.9546081823673453,331776
408500,53.89930555555555,1.9553403311342537,1.9539700497030528,331776
409000,53.96527777777778,1.954821515580018,1.9534677254561685,331776
409500,54.03125,1.9542346850585948,1.9528189605749429,331776
410000,54.09722222222223,1.9536761442393962,1.9520375930190532,331776
410500,54.16319444444444,1.953087342068732,1.9516653325710145,331776
411000,54.229166666666664,1.952511600415778,1.9511417350753106,331776
411500,54.29513888888889,1.9519214901362008,1.9507096853457542,331776
412000,54.361111111111114,1.9513374582016658,1.950002828346437,331776
412500,54.42708333333334,1.9507467859523526,1.9492696591214203,331776
413000,54.49305555555555,1.9501602876068675,1.948762888860494,331776
413500,54.55902777777778,1.949572890140561,1.9483206759274896,331776
414000,54.625,1.948962980445267,1.9475820900015977,331776
414500,54.69097222222223,1.9483408886574936,1.9469142929129946,331776
415000,54.75694444444444,1.9477386703201602,1.94641887618481,331776
415500,54.822916666666664,1.9471252630859528,1.94570524424587,331776
416000,54.88888888888889,1.9465004467272755,1.945159200950587,331776
416500,54.954861111111114,1.9458783776749085,1.9444620728278732,331776
417000,55.02083333333334,1.9452347553739784,1.94388689537551,331776
417500,55.08680555555555,1.9446429288605516,1.9432079877123578,331776
418000,55.15277777777778,1.9439779405659487,1.9427755232697754,331776
418500,55.21875,1.9433605205231088,1.9420131836370724,331776
419000,55.28472222222223,1.9427057156102956,1.941247705641814,331776
419500,55.35069444444444,1.9420597379814921,1.9406923366824023,331776
420000,55.416666666666664,1.9413860620615404,1.9402017435574805,331776
420500,55.48263888888889,1.940744801131373,1.9393256119913167,331776
421000,55.548611111111114,1.9401103997865896,1.9387926216834104,331776
421500,55.61458333333334,1.9394131632060856,1.9382272976423827,331776
422000,55.68055555555555,1.938727398246675,1.9374339734545405,331776
422500,55.74652777777778,1.9380813701332094,1.936679946726407,331776
423000,55.8125,1.9374077471662583,1.9360830230924102,331776
423500,55.87847222222223,1.936710088242718,1.935370159950308,331776
424000,55.94444444444444,1.936046300880278,1.9349136327619603,331776
424500,56.010416666666664,1.9353264139450224,1.9340199761024586,331776
425000,56.07638888888889,1.934636758971507,1.9332068563629783,331776
425500,56.142361111111114,1.9339571061215575,1.9327017466756988,331776
426000,56.20833333333334,1.933245540639739,1.932019667353952,331776
426500,56.27430555555555,1.9325380903566465,1.9311344502097458,331776
427000,56.34027777777778,1.9318171080042648,1.9306198929361558,331776
427500,56.40625,1.9311285425076046,1.9297986835678431,331776
428000,56.47222222222223,1.93040371412545,1.9291068652412173,331776
428500,56.53819444444444,1.9296603533938508,1.928274015852435,331776
429000,56.604166666666664,1.9289337125723058,1.92757694637953,331776
429500,56.67013888888889,1.9282043534814466,1.926799759962286,331776
430000,56.736111111111114,1.9274607594309434,1.926106749981221,331776
430500,56.80208333333334,1.9267328653925644,1.9253663416112206,331776
431000,56.86805555555555,1.9260024972787302,1.9248537252122513,331776
431500,56.93402777777778,1.9252195868053579,1.9238803327643526,331776
432000,57.0,1.924496623578421,1.9233625481077925,331776
432500,57.06597222222223,1.923736880705802,1.9224120381091803,331776
433000,57.13194444444444,1.9229711190218093,1.9215117916524993,331776
433500,57.197916666666664,1.9222282635458798,1.920937644555008,331776
434000,57.26388888888889,1.9214384813978778,1.9204011324882186,331776
434500,57.329861111111114,1.9206789184407103,1.9193702618565869,331776
435000,57.39583333333334,1.9199076416011134,1.9185889184851113,331776
435500,57.46180555555555,1.9191219061351834,1.9177593611838541,331776
436000,57.52777777777778,1.9183574779068118,1.9171823840225664,331776
436500,57.59375,1.9175489026460335,1.916159263717698,331776
437000,57.65972222222223,1.9167637973282374,1.9153489623512927,331776
437500,57.72569444444444,1.9159736789014161,1.9146799687924552,331776
438000,57.791666666666664,1.9151635935647122,1.9139238879139029,331776
438500,57.85763888888889,1.9143528621346322,1.9131201700036748,331776
439000,57.923611111111114,1.9135147167794002,1.912276274156016,331776
439500,57.98958333333334,1.9127114378655024,1.9114450168139254,331776
440000,58.05555555555555,1.9119010182395948,1.9106345251961123,331776
440500,58.12152777777778,1.9110668105704915,1.9097435562442029,331776
441000,58.1875,1.910236612554172,1.9088704031951853,331776
441500,58.25347222222223,1.9094111999105248,1.9080621710265628,331776
442000,58.31944444444444,1.9085919090609798,1.9073537187772946,331776
442500,58.385416666666664,1.907775420620143,1.906421021760391,331776
443000,58.45138888888889,1.906907325584134,1.9056888545319657,331776
443500,58.517361111111114,1.9060499045603345,1.904858555297212,331776
444000,58.58333333333334,1.905224930994167,1.9039472646975342,331776
444500,58.64930555555555,1.904360145036104,1.9030481449628862,331776
445000,58.71527777777778,1.9035030215023583,1.902049365114062,331776
445500,58.78125,1.9026394146781556,1.9014934059924804,331776
446000,58.84722222222223,1.9017783939107706,1.9004553638543082,331776
446500,58.91319444444444,1.900914075661567,1.899669258199784,331776
447000,58.979166666666664,1.9000539612470195,1.8987531614941693,331776
447500,59.04513888888889,1.899164607721936,1.897963003769463,331776
448000,59.111111111111114,1.89827048647658,1.8969046688900915,331776
448500,59.17708333333334,1.8974014745666734,1.8962390591574874,331776
449000,59.24305555555555,1.8965295974577823,1.8951895670666188,331776
449500,59.30902777777778,1.8956287879482714,1.89443832171628,331776
450000,59.375,1.8947444747929785,1.8934042069814476,331776
450500,59.44097222222223,1.8937972510237069,1.892411687399812,331776
451000,59.50694444444444,1.892922827507269,1.8916468757814928,331776
451500,59.572916666666664,1.8920113059453474,1.890614750876639,331776
452000,59.63888888888889,1.8911187657463913,1.8897722781540218,331776
452500,59.704861111111114,1.8902292666490839,1.8889447940413127,331776
453000,59.77083333333334,1.8892895078406666,1.8878966200184566,331776
453500,59.83680555555555,1.8883709688526877,1.8868821795532331,331776
454000,59.90277777777778,1.8874478711395155,1.8860632715948262,331776
454500,59.96875,1.8865299127365944,1.885194570020618,331776
455000,60.03472222222223,1.8855999305058992,1.884222338677559,331776
455500,60.10069444444444,1.8846781670608017,1.8834904215783816,331776
456000,60.166666666666664,1.8837647068190047,1.882397545558225,331776
456500,60.23263888888889,1.8828141582517386,1.8815636437951198,331776
457000,60.298611111111114,1.881878480082423,1.8805807816781188,331776
457500,60.36458333333334,1.8809352314275667,1.8796726766284422,331776
458000,60.43055555555555,1.880000381716125,1.87870029489016,331776
458500,60.49652777777778,1.879075289579159,1.8777795043389205,331776
459000,60.5625,1.8781470677931908,1.8769594655910606,331776
459500,60.62847222222223,1.8772121947018459,1.875942466010546,331776
460000,60.69444444444444,1.8762672590960505,1.8749733080183226,331776
460500,60.760416666666664,1.875334136581556,1.874046520579502,331776
461000,60.82638888888889,1.874363879441498,1.8730558638726018,331776
461500,60.892361111111114,1.873456892313826,1.8719810749086112,331776
462000,60.95833333333334,1.872501141750408,1.8711190602337069,331776
462500,61.02430555555555,1.8715333184738105,1.870221138052397,331776
463000,61.09027777777778,1.8705949340522514,1.869218546761679,331776
463500,61.15625,1.8696259948076015,1.8682265729117575,331776
464000,61.22222222222223,1.868678132017846,1.8675078433243009,331776
464500,61.28819444444444,1.867722784182963,1.8663193519300951,331776
465000,61.354166666666664,1.8667919566365445,1.8653332447072368,331776
465500,61.42013888888889,1.8658261128905929,1.8646292585754107,331776
466000,61.486111111111114,1.8648802816921017,1.863716097270637,331776
466500,61.55208333333334,1.8639254847326185,1.862557608175495,331776
467000,61.61805555555555,1.862957822082843,1.8617605452422163,331776
467500,61.68402777777778,1.8620158073264623,1.8606361073426667,331776
468000,61.75,1.861053197870754,1.8594707201921472,331776
468500,61.81597222222223,1.8600840952042703,1.8587951655592807,331776
469000,61.88194444444444,1.8591392755570766,1.8579161765456846,331776
469500,61.947916666666664,1.858168562534114,1.856775275509041,331776
470000,62.01388888888889,1.8572131060505166,1.8558172318619028,331776
470500,62.079861111111114,1.8562847156563138,1.854951710465711,331776
471000,62.14583333333334,1.8553145974252303,1.8538645360804282,331776
471500,62.21180555555555,1.854343250937958,1.853001360451221,331776
472000,62.27777777777778,1.8534121650145208,1.8519857018441448,331776
472500,62.34375,1.8524535980425916,1.8512193709287224,331776
473000,62.40972222222223,1.851490039777103,1.8502633728761668,331776
473500,62.47569444444444,1.8505616678683812,1.8491758487558858,331776
474000,62.541666666666664,1.8496017987440108,1.848188447264528,331776
474500,62.60763888888889,1.848672473307318,1.8473658383452722,331776
475000,62.673611111111114,1.847713474409946,1.8462202027135257,331776
475500,62.73958333333334,1.8467655902748874,1.8455851078762069,331776
476000,62.80555555555555,1.845817347462578,1.8443597851806812,331776
476500,62.87152777777778,1.8448338800122286,1.8435599816863792,331776
477000,62.9375,1.8439186923029969,1.8426380598178558,331776
477500,63.00347222222223,1.842963350234771,1.8415728654903951,331776
478000,63.06944444444444,1.842008850263159,1.8406471586423447,331776
478500,63.135416666666664,1.8410414973966265,1.8396571467898672,331776
479000,63.20138888888889,1.8401063131187074,1.8388113653729563,331776
479500,63.267361111111114,1.8391476143106362,1.8377466988010298,331776
480000,63.33333333333334,1.8382044686325523,1.83660613525169,331776
480500,63.39930555555555,1.837218470887736,1.8357826364080785,331776
481000,63.46527777777778,1.8362801458714606,1.8347508974935796,331776
481500,63.53125,1.8353257915896188,1.8340525050120005,331776
482000,63.59722222222223,1.834387021378887,1.8329485385029103,331776
482500,63.66319444444444,1.8334402802206549,1.8320082266589068,331776
483000,63.729166666666664,1.8324871918240353,1.8312110672491806,331776
483500,63.79513888888889,1.8315297498317211,1.830154802171006,331776
484000,63.861111111111114,1.8305609129838412,1.8292561598473318,331776
484500,63.92708333333334,1.829597154180999,1.828139226937542,331776
485000,63.99305555555555,1.8286691344879291,1.8272671036930324,331776
485500,64.05902777777777,1.8276941381797893,1.8262482157091304,331776
486000,64.125,1.8267508338598573,1.8252170352672876,331776
486500,64.19097222222223,1.8257865086778988,1.8244401722191175,331776
487000,64.25694444444444,1.8247927557476942,1.8232480230883676,331776
487500,64.32291666666667,1.8238591047073107,1.8223494284397284,331776
488000,64.38888888888889,1.82288116032247,1.8214756543522166,331776
488500,64.45486111111111,1.8219237791781047,1.820495810362623,331776
489000,64.52083333333334,1.8209744385048847,1.8195730685368137,331776
489500,64.58680555555556,1.8200109486914047,1.8186169309563889,331776
490000,64.65277777777777,1.8190145368205286,1.8175871658893983,331776
490500,64.71875,1.8180692557299816,1.8166806001594162,331776
491000,64.78472222222223,1.8170617144657568,1.815733511112616,331776
491500,64.85069444444444,1.816083275020981,1.8146051404884385,331776
492000,64.91666666666667,1.8151110714431817,1.8136566789899105,331776
492500,64.98263888888889,1.814118586673801,1.812548633688691,331776
493000,65.04861111111111,1.8131260546352477,1.8116417493956616,331776
493500,65.11458333333334,1.812161676621831,1.8105964012186206,331776
494000,65.18055555555556,1.8111517591125939,1.8096786386024482,331776
494500,65.24652777777777,1.8101776290877123,1.8086374356670833,331776
495000,65.3125,1.8091865444183246,1.8078545394024235,331776
495500,65.37847222222223,1.8081836833257192,1.8068070238181075,331776
496000,65.44444444444444,1.8072266970110273,1.8056289159655807,331776
496500,65.51041666666667,1.8061976788499818,1.8048239936596588,331776
497000,65.57638888888889,1.8052045614519112,1.803519906582994,331776
497500,65.64236111111111,1.804216387427633,1.8027029718326129,331776
498000,65.70833333333334,1.8031919863242032,1.8017028839353733,331776
498500,65.77430555555556,1.8022074750873431,1.800722754569898,331776
499000,65.84027777777777,1.8012046109394961,1.7998568280161948,331776
499500,65.90625,1.8001584794046412,1.7985854140689232,331776
500000,65.97222222222223,1.7991625255101154,1.7975412485775593,331776
500500,66.03819444444444,1.7981296300423266,1.7964630726459367,331776
501000,66.10416666666667,1.7971443681274493,1.7957478508291527,331776
501500,66.17013888888889,1.7960947578520006,1.7946033365029899,331776
502000,66.23611111111111,1.795079242734082,1.7936937973812346,331776
502500,66.30208333333334,1.7940757615332505,1.792611220215117,331776
503000,66.36805555555556,1.7930293942889544,1.7914727008978542,331776
503500,66.43402777777777,1.791992955907572,1.790472458492823,331776
504000,66.5,1.7909975659587225,1.7893729233101272,331776
504500,66.56597222222223,1.7899706385013818,1.7885852720505224,331776
505000,66.63194444444444,1.7889482491859585,1.7872726903154266,331776
505500,66.69791666666667,1.7879182223334198,1.7864170132610935,331776
506000,66.76388888888889,1.7868723366790966,1.785246737635887,331776
506500,66.82986111111111,1.785866379771683,1.7842035929710023,331776
507000,66.89583333333334,1.7848183293114939,1.7831214230518402,331776
507500,66.96180555555556,1.7837841221526287,1.7824224055315656,331776
508000,67.02777777777777,1.7827371414217266,1.78118882464975,331776
508500,67.09375,1.7817150135901982,1.7801436099374994,331776
509000,67.15972222222223,1.7806938634914113,1.7790976672410062,331776
509500,67.22569444444444,1.7796684017828122,1.7779294911257701,331776
510000,67.29166666666667,1.7786195039459012,1.7772044844709183,331776
510500,67.35763888888889,1.7775815650207138,1.7761596726704183,331776
511000,67.42361111111111,1.7765570024161281,1.7751519260184696,331776
511500,67.48958333333334,1.7755223697186548,1.773796380891183,331776
512000,67.55555555555556,1.7744704437964756,1.772875783001777,331776
512500,67.62152777777777,1.773433166345513,1.7717303329437222,331776
513000,67.6875,1.7724041635512597,1.7708551759676194,331776
513500,67.75347222222223,1.7713761493854292,1.7698439692730985,331776
514000,67.81944444444444,1.7703552838018626,1.7687251820297882,331776
514500,67.88541666666667,1.769312456547718,1.7676841290519407,331776
515000,67.95138888888889,1.7682916423137176,1.7667993123453885,331776
515500,68.01736111111111,1.7672602545520233,1.7654676606527744,331776
516000,68.08333333333334,1.7662474348496011,1.7645823457736913,331776
516500,68.14930555555556,1.7652103930279632,1.7635136583739839,331776
517000,68.21527777777777,1.764181863856805,1.7627532070737582,331776
517500,68.28125,1.7631705104891136,1.761527219659419,331776
518000,68.34722222222223,1.7621437516964542,1.760402912700366,331776
518500,68.41319444444444,1.761111503876909,1.7594851466755053,331776
519000,68.47916666666667,1.7600963731654604,1.7585223682058069,331776
519500,68.54513888888889,1.7590940886430986,1.757456302592478,331776
520000,68.61111111111111,1.7580853088563544,1.756435909909865,331776
520500,68.67708333333334,1.7570756204606284,1.7554812449443047,331776
521000,68.74305555555556,1.7560501172855005,1.7545422453977704,331776
521500,68.80902777777777,1.7550607999856855,1.753516356973878,331776
522000,68.875,1.754029429437397,1.7525639079886017,331776
522500,68.94097222222223,1.7530468810571214,1.7512149314168952,331776
523000,69.00694444444444,1.7520573368969103,1.7505685763398033,331776
523500,69.07291666666667,1.7510605996464457,1.7493997035681401,331776
524000,69.13888888888889,1.7500580586365777,1.7485188846730177,331776
524500,69.20486111111111,1.7490867206069907,1.7475859832500436,331776
525000,69.27083333333334,1.7480958957116686,1.7464321430090477,331776
525500,69.33680555555556,1.7471320678130149,1.74553188259119,331776
526000,69.40277777777777,1.7461429130647659,1.7444525481433937,331776
526500,69.46875,1.7451581769361166,1.7433555476040583,331776
527000,69.53472222222223,1.7442001194214118,1.742405726272895,331776
527500,69.60069444444444,1.7431952127419374,1.7416489552276082,331776
528000,69.66666666666667,1.7422484982136897,1.7405176322817946,331776
528500,69.73263888888889,1.74127769358276,1.7396438612656913,331776
529000,69.79861111111111,1.7403391111688185,1.7386100513968843,331776
529500,69.86458333333334,1.739344436311078,1.7376746902147235,331776
530000,69.93055555555556,1.7384128379949995,1.736623083614333,331776
530500,69.99652777777777,1.7374439456115007,1.7355250160371265,331776
531000,70.0625,1.7364978574489718,1.734758713705789,331776
531500,70.12847222222223,1.7355489316757686,1.733923674368816,331776
532000,70.19444444444444,1.7346216963566494,1.7328834654943803,331776
532500,70.26041666666667,1.7336401303614377,1.7319768570618757,331776
533000,70.32638888888889,1.7327500596571486,1.7312012857517414,331776
533500,70.39236111111111,1.7317960224567206,1.7300754464600758,331776
534000,70.45833333333334,1.7308823881531967,1.7291244031847206,331776
534500,70.52430555555556,1.7299428154877796,1.7281888974881054,331776
535000,70.59027777777779,1.7289887836423814,1.7273311329705199,331776
535500,70.65625,1.7280758814841368,1.7263549266378262,331776
536000,70.72222222222223,1.7271629046535633,1.7253975378842084,331776
536500,70.78819444444444,1.7262412067832853,1.7244747485748282,331776
537000,70.85416666666667,1.7253330805678428,1.7236113076342772,331776
537500,70.92013888888889,1.7244151290645349,1.7225871066728256,331776
538000,70.98611111111111,1.7235338398217028,1.7218205890477294,331776
538500,71.05208333333334,1.7226197375356898,1.720897362717103,331776
539000,71.11805555555556,1.7217287637483267,1.7199096879931624,331776
539500,71.18402777777779,1.720814246318526,1.719085728441323,331776
540000,71.25,1.7199194676050258,1.7182932915245295,331776
540500,71.31597222222223,1.719054052755168,1.717365674966722,331776
541000,71.38194444444444,1.7181387353646678,1.7163313030660128,331776
541500,71.44791666666667,1.717246986199102,1.71559414591633,331776
542000,71.51388888888889,1.7163637752377154,1.714835203924216,331776
542500,71.57986111111111,1.715488556155165,1.7138141056557,331776
543000,71.64583333333334,1.7146014032008616,1.7128212661155944,331776
543500,71.71180555555556,1.7137242146301688,1.7119780730819623,331776
544000,71.77777777777779,1.7128310971445775,1.7111248316880794,331776
544500,71.84375,1.7119683072748548,1.7102042579630958,331776
545000,71.90972222222223,1.71108178250171,1.7094662888011989,331776
545500,71.97569444444444,1.7101943543289755,1.7084708582296408,331776
546000,72.04166666666667,1.7093281835608893,1.7076585360423828,331776
546500,72.10763888888889,1.7084145445342278,1.706796180004634,331776
547000,72.17361111111111,1.7075569389924512,1.7061092790257535,331776
547500,72.23958333333334,1.7066859039573943,1.7049554112067868,331776
548000,72.30555555555556,1.705809642936227,1.7041395943651554,331776
548500,72.37152777777779,1.7049181449881101,1.703270885548649,331776
549000,72.4375,1.7040476299804657,1.7023505113770372,331776
549500,72.50347222222223,1.7031624996510615,1.7014726367982496,331776
550000,72.56944444444444,1.7022930858879288,1.7006684269439765,331776
550500,72.63541666666667,1.7013955100953917,1.6995600501021961,331776
551000,72.70138888888889,1.7005330744828664,1.6989199591470743,331776
551500,72.76736111111111,1.6996752016141472,1.6981007666396193,331776
552000,72.83333333333334,1.6987745645515404,1.6970999169946057,331776
552500,72.89930555555556,1.6978868078082152,1.6962759464734274,331776
553000,72.96527777777779,1.6969819158627393,1.6953138793837326,331776
553500,73.03125,1.6961057870619194,1.6945030415996443,331776
554000,73.09722222222223,1.695226963026708,1.6935709223426678,331776
554500,73.16319444444444,1.6943299031998513,1.6927827795002215,331776
555000,73.22916666666667,1.69344477021974,1.6917891543043684,331776
555500,73.29513888888889,1.6925514501371173,1.6910030625441568,331776
556000,73.36111111111111,1.6916941994147885,1.6901176736774057,331776
556500,73.42708333333334,1.690750220219047,1.6891627957669715,331776
557000,73.49305555555556,1.6898718553000611,1.6883654308387217,331776
557500,73.55902777777779,1.6890060088036876,1.6874851490042122,331776
558000,73.625,1.688093928905604,1.686428498685165,331776
558500,73.69097222222223,1.6872016580107336,1.6856831398633016,331776
559000,73.75694444444444,1.6862947027488457,1.6846305954833487,331776
559500,73.82291666666667,1.6853931693318183,1.683826114499643,331776
560000,73.88888888888889,1.684510278645151,1.6828763565459233,331776
560500,73.95486111111111,1.6835801288691292,1.6820005349269633,331776
561000,74.02083333333334,1.6826712506428982,1.6811697065861004,331776
561500,74.08680555555556,1.681789632157142,1.680251123861271,331776
562000,74.15277777777779,1.6808711519429531,1.6792706873308396,331776
562500,74.21875,1.6799487288488892,1.6782831303799173,331776
563000,74.28472222222223,1.6790418667483504,1.677499244288866,331776
563500,74.35069444444444,1.6781020659048445,1.6765520746660876,331776
564000,74.41666666666667,1.6771984652220677,1.6758910111970224,331776
564500,74.48263888888889,1.676284904175823,1.6747285288746636,331776
565000,74.54861111111111,1.6753703499889245,1.6737504419189753,331776
565500,74.61458333333334,1.6744398503372337,1.6728829296841312,331776
566000,74.68055555555556,1.6735252461230568,1.671992612941858,331776
566500,74.74652777777779,1.6725937463547047,1.6709453382201969,331776
567000,74.8125,1.671694372180663,1.6701476603576277,331776
567500,74.87847222222223,1.6707782468272603,1.6693851743595944,331776
568000,74.94444444444444,1.6698594123744372,1.668153783746177,331776
568500,75.01041666666667,1.6689638852067457,1.6672727478324494,331776
569000,75.07638888888889,1.6680201785431092,1.666467439243044,331776
569500,75.14236111111111,1.6671130266187717,1.6652687092021359,331776
570000,75.20833333333334,1.6661994059391767,1.6645773980803928,331776
570500,75.27430555555556,1.6652840940477687,1.6635449450997606,331776
571000,75.34027777777779,1.6643538425888826,1.662632252800416,331776
571500,75.40625,1.6634438885736658,1.6618628485671438,331776
572000,75.47222222222223,1.662533114654301,1.6608265280172558,331776
572500,75.53819444444444,1.6616223784553465,1.6600189104943328,331776
573000,75.60416666666667,1.6607107189707861,1.658881380022914,331776
573500,75.67013888888889,1.6598488590961125,1.6581905550292544,331776
574000,75.73611111111111,1.658926813902889,1.657246320162597,331776
574500,75.80208333333334,1.658028508074034,1.6562306044776913,331776
575000,75.86805555555556,1.6571140251989982,1.6553404416678954,331776
575500,75.93402777777779,1.6562517185683063,1.654439578461203,331776
576000,76.0,1.655352588988582,1.6538291442441224,331776
576500,76.06597222222223,1.654476454993227,1.652758006788805,331776
577000,76.13194444444444,1.6535931090319558,1.6518507080840477,331776
577500,76.19791666666667,1.6526900593571892,1.6511162948818079,331776
578000,76.26388888888889,1.6518086681036153,1.6502281643559265,331776
578500,76.32986111111111,1.6509331259268265,1.6491794758629859,331776
579000,76.39583333333334,1.6500283719706292,1.648183055659838,331776
579500,76.46180555555556,1.649176338558459,1.647398870496521,331776
580000,76.52777777777779,1.6482963837834674,1.646699499651517,331776
580500,76.59375,1.647436307410726,1.6456018979865759,331776
581000,76.65972222222223,1.6466127881079626,1.6449251821670137,331776
581500,76.72569444444444,1.645729163208534,1.643951940726939,331776
582000,76.79166666666667,1.6448844083053449,1.6431023440226142,331776
582500,76.85763888888889,1.6440312962739498,1.6423300394675908,331776
583000,76.92361111111111,1.6431809758318816,1.6414795982605535,331776
583500,76.98958333333334,1.6423462881471798,1.6405691074375042,331776
584000,77.05555555555556,1.6415132485430943,1.6397910008331444,331776
584500,77.12152777777779,1.6406831361254743,1.6387905801249243,331776
585000,77.1875,1.639833841207158,1.6380710070224243,331776
585500,77.25347222222223,1.6390022984828008,1.6371265596727742,331776
586000,77.31944444444444,1.6382076373557386,1.6364510529603624,331776
586500,77.38541666666667,1.6373958252850738,1.6354810057016953,331776
587000,77.45138888888889,1.6365925595015132,1.6347829872433182,331776
587500,77.51736111111111,1.635786195402068,1.6339173825951696,331776
588000,77.58333333333334,1.6349864870926312,1.6331102326888651,331776
588500,77.64930555555556,1.6341795858354502,1.6322711965750925,331776
589000,77.71527777777779,1.6333754540331282,1.6315681022823054,331776
589500,77.78125,1.6326000800652316,1.6305197901030444,331776
590000,77.84722222222223,1.6318209683349119,1.63006694569712,331776
590500,77.91319444444444,1.6310471441851206,1.6290308346348623,331776
591000,77.97916666666667,1.630262441551536,1.6284028153914916,331776
591500,78.04513888888889,1.629494951808309,1.6276409470632405,331776
592000,78.11111111111111,1.6287280653536607,1.6268646356239997,331776
592500,78.17708333333334,1.6279414639533596,1.6261851995799121,331776
593000,78.24305555555556,1.6272164481431968,1.6252910799733593,331776
593500,78.30902777777779,1.6264646789254444,1.6246231656908,331776
594000,78.375,1.6257086770559561,1.62386916496083,331776
594500,78.44097222222223,1.6249688999482828,1.6230457648918228,331776
595000,78.50694444444444,1.6242102388316122,1.6223706482906368,331776
595500,78.57291666666667,1.6234689678036596,1.6215941477381972,331776
596000,78.63888888888889,1.6227634185841096,1.6207918509737427,331776
596500,78.70486111111111,1.6220216177177686,1.620077397407049,331776
597000,78.77083333333334,1.621274447089338,1.6195703610777272,331776
597500,78.83680555555556,1.620564826878955,1.6187128193186688,331776
598000,78.90277777777779,1.6198432720238682,1.617820534486421,331776
598500,78.96875,1.6191343060657564,1.6171881268718002,331776
599000,79.03472222222223,1.618404376667007,1.6166269007157341,331776
599500,79.10069444444444,1.6176888342147118,1.6157745296395354,331776
600000,79.16666666666667,1.6169981273560285,1.6150146993392922,331776
600500,79.23263888888889,1.616269351543141,1.6144432329284437,331776
601000,79.29861111111111,1.6155849435429037,1.6135907953167528,331776
601500,79.36458333333334,1.6148529579881024,1.6128142713104665,331776
602000,79.43055555555556,1.614175920404469,1.6121638987757083,331776
602500,79.49652777777779,1.6134873510274588,1.6115870064280693,331776
603000,79.5625,1.612779999386857,1.6109619836023077,331776
603500,79.62847222222223,1.6121163681733761,1.6104168875409726,331776
604000,79.69444444444444,1.611400703994189,1.6094191000255926,331776
604500,79.76041666666667,1.6107478392109598,1.6087517918806364,331776
605000,79.82638888888889,1.6100408380799607,1.6080510883142631,331776
605500,79.89236111111111,1.6093499245096552,1.607396903116507,331776
606000,79.95833333333334,1.6086507210676033,1.606565578386986,331776
606500,80.02430555555556,1.6079895743088093,1.6061661856226173,331776
607000,80.09027777777779,1.6073149066417718,1.605202860024883,331776
607500,80.15625,1.6066446614087666,1.6045915053783975,331776
608000,80.22222222222223,1.6059484962268906,1.6040860671040313,331776
608500,80.28819444444444,1.6052732950260138,1.6032180441606843,331776
609000,80.35416666666667,1.6046019088077703,1.6024825102195952,331776
609500,80.42013888888889,1.603928936612985,1.6017945515288647,331776
610000,80.48611111111111,1.603220206543939,1.601299830024272,331776
610500,80.55208333333334,1.602576270759975,1.600418233315775,331776
611000,80.61805555555556,1.60188817897219,1.5997862985556908,331776
611500,80.68402777777779,1.6012236372274375,1.5991207786994608,331776
612000,80.75,1.6005411213439968,1.5984647715320919,331776
612500,80.81597222222223,1.5998567904621759,1.5978014773116769,331776
613000,80.88194444444444,1.5992051835471326,1.5970217490372507,331776
613500,80.94791666666667,1.5985463205217265,1.5965021870599816,331776
614000,81.01388888888889,1.5978550988072713,1.5960178645378407,331776
614500,81.07986111111111,1.5971872542838865,1.5952558356621345,331776
615000,81.14583333333334,1.5965171140538688,1.59446218389425,331776
615500,81.21180555555556,1.5958515064657617,1.5937900459345133,331776
616000,81.27777777777779,1.595168512141728,1.593130925854424,331776
616500,81.34375,1.5945090649549167,1.5923704894858892,331776
617000,81.40972222222223,1.5938230581407768,1.591771950571214,331776
617500,81.47569444444444,1.5931516729709998,1.5911199189091567,331776
618000,81.54166666666667,1.5924557257115852,1.5903067804364384,331776
618500,81.60763888888889,1.591795567097932,1.5897338621464336,331776
619000,81.67361111111111,1.5911242702343897,1.5891649266853825,331776
619500,81.73958333333334,1.5904349237503357,1.5884381318256282,331776
620000,81.80555555555556,1.5897602107017588,1.5876794552524363,331776
620500,81.87152777777779,1.589089983657513,1.5869623165087408,331776
621000,81.9375,1.5884205919980958,1.5863835627647567,331776
621500,82.00347222222223,1.587730432414189,1.5857157240881645,331776
622000,82.06944444444444,1.5870670012168586,1.585076200923478,331776
622500,82.13541666666667,1.5863845034694148,1.5842715790416424,331776
623000,82.20138888888889,1.5857153346335489,1.583690014273012,331776
623500,82.26736111111111,1.5850427536336875,1.5828230705753001,331776
624000,82.33333333333334,1.5843507594890418,1.5822533387257958,331776
624500,82.39930555555556,1.5836753254213969,1.5816148108586654,331776
625000,82.46527777777779,1.5830026711429874,1.5809733467702238,331776
625500,82.53125,1.5823162459633988,1.5802985569639574,331776
626000,82.59722222222223,1.5816552856866244,1.5795618828593159,331776
626500,82.66319444444444,1.5809499179803959,1.5789761314933264,331776
627000,82.72916666666667,1.5802591561672232,1.578061306369024,331776
627500,82.79513888888889,1.5795944208474761,1.577546811408507,331776
628000,82.86111111111111,1.578931460993556,1.5770492786870016,331776
628500,82.92708333333334,1.5782600672830946,1.576036330895879,331776
629000,82.99305555555556,1.5775819579657206,1.575620627297866,331776
629500,83.05902777777779,1.5768932119908698,1.5748633290927634,331776
630000,83.125,1.5762215658660932,1.5742653736099685,331776
630500,83.19097222222223,1.5755520565549097,1.5735271378234772,331776
631000,83.25694444444444,1.5748495564241085,1.5728217525192805,331776
631500,83.32291666666667,1.5741554514563647,1.5720163118585138,331776
632000,83.38888888888889,1.5734693523211984,1.5715122557444952,331776
632500,83.45486111111111,1.5727817549359056,1.570681659093355,331776
633000,83.52083333333334,1.5720768878049953,1.5700377863428567,331776
633500,83.58680555555556,1.5714046682911702,1.5694039875116133,331776
634000,83.65277777777779,1.570717403546483,1.568753008782102,331776
634500,83.71875,1.570049581866959,1.5678744369399358,331776
635000,83.78472222222223,1.5693510420750478,1.5673060984744427,331776
635500,83.85069444444444,1.5686671716967715,1.5665188001324004,331776
636000,83.91666666666667,1.5679994283218162,1.5658835232693629,331776
636500,83.98263888888889,1.5673032151442046,1.5652552738967713,331776
637000,84.04861111111111,1.5666316767067547,1.5645255848506827,331776
637500,84.11458333333334,1.5659217713914373,1.5639210191366124,331776
638000,84.18055555555556,1.565226932411188,1.56310486261577,331776
638500,84.24652777777779,1.5645711385489158,1.5624980325867042,331776
639000,84.3125,1.56388264249829,1.5616434256456255,331776
639500,84.37847222222223,1.5632107758384208,1.5613027460515556,331776
640000,84.44444444444444,1.5625381762858142,1.5603820138458997,331776
640500,84.51041666666667,1.5618575271133504,1.5598177888565017,331776
641000,84.57638888888889,1.5611748287055864,1.5590598555521455,331776
641500,84.64236111111111,1.5605041188414488,1.5584072973684169,331776
642000,84.70833333333334,1.5598305675716018,1.5579156100466505,331776
642500,84.77430555555556,1.5591457062548724,1.5570398557540288,331776
643000,84.84027777777779,1.558475593617327,1.5564501349830966,331776
643500,84.90625,1.557820668899749,1.5556303679552503,331776
644000,84.97222222222223,1.5571651939843338,1.5550833408504312,331776
644500,85.03819444444444,1.5565135909926315,1.5545550924388067,331776
645000,85.10416666666667,1.555841097001834,1.5537409678530718,331776
645500,85.17013888888889,1.5552021837301264,1.552994416870562,331776
646000,85.23611111111111,1.554543231241324,1.5524345024127435,331776
646500,85.30208333333334,1.5538948886500723,1.5518692843803998,331776
647000,85.36805555555556,1.5532659854243953,1.551221340023523,331776
647500,85.43402777777779,1.5526309175849773,1.5505279714288547,331776
648000,85.5,1.5519860249387334,1.549889539469583,331776
648500,85.56597222222223,1.5513368644445635,1.5493277401559182,331776
649000,85.63194444444444,1.5506952391078326,1.54863725759824,331776
649500,85.69791666666667,1.5500603198971765,1.5479374621590407,331776
650000,85.76388888888889,1.5494363009720509,1.5474108407027742,331776
650500,85.82986111111111,1.5488061229705083,1.5466581343332084,331776
651000,85.89583333333334,1.5481910895506452,1.546148989951206,331776
651500,85.96180555555556,1.5475692128928424,1.5454527984878301,331776
652000,86.02777777777779,1.5469746263077209,1.5449528850520795,331776
652500,86.09375,1.5463378704925064,1.544317059809968,331776
653000,86.15972222222223,1.5457365502011053,1.5436049759713897,331776
653500,86.22569444444444,1.5451527834211445,1.5430512892483512,331776
654000,86.29166666666667,1.544556008290455,1.5426670602668215,331776
654500,86.35763888888889,1.5439845270545487,1.5417087202463935,331776
655000,86.42361111111111,1.5433827576201171,1.5411924901382765,331776
655500,86.48958333333334,1.5428120245457133,1.5407707865093285,331776
656000,86.55555555555556,1.5422217232141355,1.5400989854579523,331776
656500,86.62152777777779,1.541664778121522,1.5394969632921414,331776
657000,86.6875,1.5411056095591358,1.538861965672611,331776
657500,86.75347222222223,1.5405113573146687,1.5383624442738344,331776
658000,86.81944444444444,1.5399805408593188,1.5377100294965373,331776
658500,86.88541666666667,1.539408092475675,1.5372917013957523,331776
659000,86.95138888888889,1.5388722818980456,1.5367132487092907,331776
659500,87.01736111111111,1.538314558235966,1.5361004734174437,331776
660000,87.08333333333334,1.5377678156710013,1.5356620203276774,331776
660500,87.14930555555556,1.5372181125145201,1.534944064898537,331776
661000,87.21527777777779,1.536693804414727,1.5347063494718596,331776
661500,87.28125,1.536144665850825,1.5339458971771713,331776
662000,87.34722222222223,1.535619888806628,1.5334299555795363,331776
662500,87.41319444444444,1.535115362512111,1.5331051456807427,331776
663000,87.47916666666667,1.5345796407106367,1.5324050116530794,331776
663500,87.54513888888889,1.5340570314836792,1.531882447083404,331776
664000,87.61111111111111,1.5335690484355589,1.5313020563017856,331776
664500,87.67708333333334,1.533040197722672,1.5307044149669633,331776
665000,87.74305555555556,1.5325410439363185,1.5305135710045934,331776
665500,87.80902777777779,1.5320427652854254,1.5299536280836508,331776
666000,87.875,1.5315389895693798,1.529415622104757,331776
666500,87.94097222222223,1.5310604866202804,1.5287965623711424,331776
667000,88.00694444444444,1.5305806676376892,1.528341368548737,331776
667500,88.07291666666667,1.5300784116795465,1.5279093947411662,331776
668000,88.13888888888889,1.529612545788851,1.5274449311896565,331776
668500,88.20486111111111,1.5291317841120475,1.527012284124615,331776
669000,88.27083333333334,1.5286633045786029,1.5264879679877277,331776
669500,88.33680555555556,1.5281709962258454,1.526022930104609,331776
670000,88.40277777777779,1.527695164568373,1.5254881600142807,331776
670500,88.46875,1.5272364754296124,1.525058677876809,331776
671000,88.53472222222223,1.526779785891837,1.5246647447047486,331776
671500,88.60069444444444,1.5263160145461416,1.524234966938717,331776
672000,88.66666666666667,1.5258391760379968,1.5237397685243534,331776
672500,88.73263888888889,1.5253870662768223,1.5230410408353912,331776
673000,88.79861111111111,1.5249560007330256,1.5228264681576191,331776
673500,88.86458333333334,1.5244781151027562,1.522355403222626,331776
674000,88.93055555555556,1.524034252310112,1.5218800576089397,331776
674500,88.99652777777779,1.5235801545466972,1.5214768714215234,331776
675000,89.0625,1.523126625574773,1.5209738767960919,331776
675500,89.12847222222223,1.522693171321222,1.5204975023917582,331776
676000,89.19444444444444,1.5222184281172748,1.5199649422498211,331776
676500,89.26041666666667,1.5217776699779169,1.5196248365006133,331776
677000,89.32638888888889,1.5213533428487938,1.5190445939340151,331776
677500,89.39236111111111,1.5209001449704818,1.5188870404374055,331776
678000,89.45833333333334,1.5204528717101755,1.5183480076099654,331776
678500,89.52430555555556,1.5200086955314176,1.517831217929979,331776
679000,89.59027777777779,1.5195370247816533,1.5175491582889005,331776
679500,89.65625,1.5191121488166393,1.5170576561773745,331776
680000,89.72222222222223,1.5186742940702376,1.5166027422147237,331776
680500,89.78819444444444,1.5182295417796885,1.51610685971995,331776
681000,89.85416666666667,1.5177785707095692,1.5156090501142327,331776
681500,89.92013888888889,1.517365290516671,1.5152697090252936,331776
682000,89.98611111111111,1.5169219406221202,1.5147590502738344,331776
682500,90.05208333333334,1.5164514972998893,1.5144660010962259,331776
683000,90.11805555555556,1.515991612862503,1.5138788023973513,331776
683500,90.18402777777779,1.5155743779838646,1.5133283847173309,331776
684000,90.25,1.5151234234254147,1.5130034698311456,331776
684500,90.31597222222223,1.5146674439010237,1.5127230336133004,331776
685000,90.38194444444444,1.5142283629815856,1.5123235555020713,331776
685500,90.44791666666667,1.5137643791494124,1.511624842317005,331776
686000,90.51388888888889,1.5133080338803067,1.5112389481759725,331776
686500,90.57986111111111,1.5128699724975716,1.5106401880366636,331776
687000,90.64583333333334,1.5124247580545507,1.5102868785371237,331776
687500,90.71180555555556,1.5119523582329233,1.5098906838777038,331776
688000,90.77777777777779,1.5115218546265055,1.5095714235814934,331776
688500,90.84375,1.5110835870829182,1.5090161490680851,331776
689000,90.90972222222223,1.5106158024059664,1.508747320108986,331776
689500,90.97569444444444,1.5101395112755824,1.5079973445694859,331776
690000,91.04166666666667,1.509706807331745,1.5076934008088245,331776
690500,91.10763888888889,1.5092362617869763,1.507099090306537,331776
691000,91.17361111111111,1.5088050535008017,1.5069326717339824,331776
691500,91.23958333333334,1.5083527995165396,1.5064938915107335,331776
692000,91.30555555555556,1.5078717778872832,1.5059554952047227,331776
692500,91.37152777777779,1.5074174883127764,1.5054275652007676,331776
693000,91.4375,1.5069400607825394,1.5049812873941673,331776
693500,91.50347222222223,1.5064801286634717,1.5045232317717387,331776
694000,91.56944444444444,1.5060117512944717,1.5039774700962463,331776
694500,91.63541666666667,1.5055591949111573,1.5035076544191752,331776
695000,91.70138888888889,1.5050744012682626,1.5029851171340067,331776
695500,91.76736111111111,1.5045918703046515,1.5027456993089108,331776
696000,91.83333333333334,1.5041121976949319,1.5020285288467043,331776
696500,91.89930555555556,1.503624171409393,1.5018033597227736,331776
697000,91.96527777777779,1.50312674669069,1.5011708190716515,331776
697500,92.03125,1.5026730160471666,1.5007630334541213,331776
698000,92.09722222222223,1.5021722103205166,1.500143347454974,331776
698500,92.16319444444444,1.5016800367867982,1.499847636403226,331776
699000,92.22916666666667,1.501212602059924,1.4991238577339971,331776
699500,92.29513888888889,1.5007085244744274,1.4986191873559664,331776
700000,92.36111111111111,1.5002125751962936,1.4982698110371016,331776
700500,92.42708333333334,1.4997071728796443,1.497806601217012,331776
701000,92.49305555555556,1.4992393408805575,1.497199218402074,331776
701500,92.55902777777779,1.4987252497444798,1.4968118348350015,331776
702000,92.625,1.4982465636635436,1.4964345212261858,331776
702500,92.69097222222223,1.4977537395627856,1.4959353306846244,331776
703000,92.75694444444444,1.4972868996444038,1.4953298402828823,331776
703500,92.82291666666667,1.496788760342801,1.4947835248177483,331776
704000,92.88888888888889,1.4962795239441766,1.4944433015236536,331776
704500,92.95486111111111,1.4957844634008695,1.4938835329951279,331776
705000,93.02083333333334,1.495310772603373,1.4934047839519815,331776
705500,93.08680555555556,1.494795935914582,1.4930802839955035,331776
706000,93.15277777777779,1.4943026669541841,1.4925465387372308,331776
706500,93.21875,1.4938118364772022,1.492020065976172,331776
707000,93.28472222222223,1.4933186702834036,1.4914495761329256,331776
707500,93.35069444444444,1.4928190664291539,1.4910086436389547,331776
708000,93.41666666666667,1.4923669688699002,1.4904941809366696,331776
708500,93.48263888888889,1.4918538817203466,1.489919103126228,331776
709000,93.54861111111111,1.491379817190068,1.4895328936983718,331776
709500,93.61458333333334,1.4908764013721374,1.4889098273429577,331776
710000,93.68055555555556,1.4903710389602642,1.4884138491061436,331776
710500,93.74652777777779,1.4898977340895403,1.4878813014087988,331776
711000,93.8125,1.4894269948667045,1.4876828216638054,331776
711500,93.87847222222223,1.488935305784779,1.487021195924397,331776
712000,93.94444444444444,1.4884543318383294,1.4865911638521085,331776
712500,94.01041666666667,1.4879827214823933,1.4861834656890316,331776
713000,94.07638888888889,1.487476372330459,1.485648006440631,331776
713500,94.14236111111111,1.4870206608768144,1.4850155884063914,331776
714000,94.20833333333334,1.486543026465653,1.4848271992293482,331776
714500,94.27430555555556,1.486062352776226,1.4841974502303503,331776
715000,94.34027777777779,1.4855963982097578,1.483699255989706,331776
715500,94.40625,1.4851014812120484,1.4833681975565716,331776
716000,94.47222222222223,1.4846375658728335,1.4827984677359605,331776
716500,94.53819444444444,1.484170969065558,1.4822724551622009,331776
717000,94.60416666666667,1.4836916329258796,1.4818250722254231,331776
717500,94.67013888888889,1.4832248709922156,1.4813638498640838,331776
718000,94.73611111111111,1.4827797199418526,1.4808610294968614,331776
718500,94.80208333333334,1.4823200005250234,1.4805131749852465,331776
719000,94.86805555555556,1.4818671505617294,1.4799420250331914,331776
719500,94.93402777777779,1.48139511925425,1.479532291046789,331776
720000,95.0,1.480953595266424,1.479063055225567,331776
720500,95.06597222222223,1.4805030242965482,1.4785948722051825,331776
721000,95.13194444444444,1.4800909032228622,1.4782512746687582,331776
721500,95.19791666666667,1.4796439610728833,1.4778093313411975,331776
722000,95.26388888888889,1.4792102677657941,1.4774638029430758,331776
722500,95.32986111111111,1.4787619245078665,1.4769899766452435,331776
723000,95.39583333333334,1.4783514331510408,1.4765507127464512,331776
723500,95.46180555555556,1.4779357086084375,1.476134181709289,331776
724000,95.52777777777779,1.4775042336132027,1.4757281650116498,331776
724500,95.59375,1.4770845358223614,1.4753462535399149,331776
725000,95.65972222222223,1.47668360697323,1.4748347108860003,331776
725500,95.72569444444444,1.4762264080738385,1.474287421965442,331776
726000,95.79166666666667,1.4758338826295916,1.4740761630054124,331776
726500,95.85763888888889,1.4754183870382216,1.4735035927469748,331776
727000,95.92361111111111,1.4750271212230994,1.4731803524145084,331776
727500,95.98958333333334,1.4745868329723948,1.472700768253261,331776
728000,96.05555555555556,1.4741936830145255,1.4722455605487554,331776
728500,96.12152777777779,1.4738038327030176,1.4720215352595358,331776
729000,96.1875,1.4734371029552837,1.4716797294514266,331776
729500,96.25347222222223,1.4730263522767117,1.471163018141852,331776
730000,96.31944444444444,1.4726411536468897,1.4709028513494862,331776
730500,96.38541666666667,1.4722633213342708,1.4704824455030483,331776
731000,96.45138888888889,1.4719124594280997,1.469889535359713,331776
731500,96.51736111111111,1.47153629825031,1.4697531783855127,331776
732000,96.58333333333334,1.471173145684845,1.469221658360979,331776
732500,96.64930555555556,1.4707813934179519,1.4688743770431052,331776
733000,96.71527777777779,1.4704198033256173,1.4687145251776816,331776
733500,96.78125,1.4700825093195582,1.4682079376839443,331776
734000,96.84722222222223,1.4697322634354288,1.4677235764025123,331776
734500,96.91319444444444,1.469369427178018,1.467578744899836,331776
735000,96.97916666666667,1.4690275975764497,1.4670463113276,331776
735500,97.04513888888889,1.468690400289075,1.4668159771473372,331776
736000,97.11111111111111,1.468335282397768,1.4663660270297374,331776
736500,97.17708333333334,1.4680284260717567,1.4661364294235821,331776
737000,97.24305555555556,1.4676797266717274,1.46591564784867,331776
737500,97.30902777777779,1.4673496891616062,1.4653443750015729,331776
738000,97.375,1.467020514884847,1.465074266960904,331776
738500,97.44097222222223,1.466686862746606,1.4648436170911268,331776
739000,97.50694444444444,1.4663749731142341,1.464336344402743,331776
739500,97.57291666666667,1.466055946655672,1.4641125361636154,331776
740000,97.63888888888889,1.4657468469446193,1.4637224166722735,331776
740500,97.70486111111111,1.4654447262221812,1.463564997726361,331776
741000,97.77083333333334,1.465115434739368,1.4632773118191351,331776
741500,97.83680555555556,1.4648360458553005,1.4629963631023086,331776
742000,97.90277777777779,1.4645308910689818,1.462582080179358,331776
742500,97.96875,1.4642326327881112,1.4622980970675457,331776
743000,98.03472222222223,1.4639009224253372,1.4621240210276836,331776
743500,98.10069444444444,1.4635990891086061,1.4616695854326998,331776
744000,98.16666666666667,1.4633345107209368,1.4614178063902494,331776
744500,98.23263888888889,1.4630117586789495,1.4612894348548444,331776
745000,98.29861111111111,1.4627304636995095,1.4609614914543074,331776
745500,98.36458333333334,1.462455011474423,1.4607109342664162,331776
746000,98.43055555555556,1.4621619417352656,1.4602791723568063,331776
746500,98.49652777777779,1.461892117933615,1.4600424737785627,331776
747000,98.5625,1.4616155632162346,1.4596596885929416,331776
747500,98.62847222222223,1.4613332558004284,1.4594041853198783,331776
748000,98.69444444444444,1.4610611882058662,1.4592764793054265,331776
748500,98.76041666666667,1.460789667404245,1.4588594039697433,331776
749000,98.82638888888889,1.4605208547604145,1.4586414693062526,331776
749500,98.89236111111111,1.4602474788689683,1.4584216976831386,331776
750000,98.95833333333334,1.4599578656517276,1.4580867196380503,331776
750500,99.02430555555556,1.4597008667753588,1.4578808743002842,331776
751000,99.09027777777779,1.4594278750748686,1.4576263704038341,331776
751500,99.15625,1.4591641966335447,1.4572510175053686,331776
752000,99.22222222222223,1.4588901004043335,1.4570391197915833,331776
752500,99.28819444444444,1.4586201255952427,1.4569220777992085,331776
753000,99.35416666666667,1.4583486748479322,1.4566151965126233,331776
753500,99.42013888888889,1.4580764372172845,1.4562170378062205,331776
754000,99.48611111111111,1.457818665788251,1.456064725931959,331776
754500,99.55208333333334,1.4575310164749338,1.4556024440082278,331776
755000,99.61805555555556,1.4572614812373292,1.4553687389377927,331776
755500,99.68402777777779,1.456997016869408,1.4551420045384296,331776
756000,99.75,1.45674402727057,1.4548060680967299,331776
756500,99.81597222222223,1.4564640075895405,1.4547850491837822,331776
757000,99.88194444444444,1.4562137746758834,1.4542092975625764,331776
757500,99.94791666666667,1.4559445686684984,1.4540099608646293,331776
758000,100.01388888888889,1.4556664836376239,1.4536544211533196,331776
758500,100.07986111111111,1.4553917923985278,1.453530906788889,331776
759000,100.14583333333334,1.4551470376520925,1.4533759474951609,331776
759500,100.21180555555556,1.4548575783302713,1.4529940796519099,331776
760000,100.27777777777779,1.4545737137840755,1.4527526674511706,331776
760500,100.34375,1.4543286306545344,1.4526516532290445,331776
761000,100.40972222222223,1.454052948667879,1.4522050566161615,331776
761500,100.47569444444444,1.4537908807901765,1.4519454386216037,331776
762000,100.54166666666667,1.4535085692813188,1.4516128829581472,331776
762500,100.60763888888889,1.4532070354834028,1.4514312732573713,331776
763000,100.67361111111111,1.4529429399206615,1.4513114875136672,331776
763500,100.73958333333334,1.4526465003970552,1.4508754315605223,331776
764000,100.80555555555556,1.4523784098382677,1.4507097277971632,331776
764500,100.87152777777779,1.4520652926768347,1.4502178832948442,331776
765000,100.9375,1.451776373740237,1.4499488031241143,331776
765500,101.00347222222223,1.4515020966523362,1.4495772512572058,331776
766000,101.06944444444444,1.4512042630092408,1.449481718718617,331776
766500,101.13541666666667,1.4509176996772242,1.4491147671556805,331776
767000,101.20138888888889,1.4506165138683054,1.448841000014693,331776
767500,101.26736111111111,1.4503293555034382,1.4486497671339869,331776
768000,101.33333333333334,1.4500311880688994,1.448292840053682,331776
768500,101.39930555555556,1.4497263898086832,1.448029903857013,331776
769000,101.46527777777779,1.4494510886172416,1.4478982092790176,331776
769500,101.53125,1.4491294264694683,1.4473468663729259,331776
770000,101.59722222222223,1.448817337766987,1.4469571231541838,331776
770500,101.66319444444444,1.4485207669451596,1.4467936786350275,331776
771000,101.72916666666667,1.4482185584060598,1.4465150221617087,331776
771500,101.79513888888889,1.4479219078882046,1.4463240447811918,331776
772000,101.86111111111111,1.4475927802262247,1.4458345724559822,331776
772500,101.92708333333334,1.4472762663249426,1.4456611575044893,331776
773000,101.99305555555556,1.4469752552764912,1.4451631159632805,331776
773500,102.05902777777779,1.4466318950724553,1.4448611433476377,331776
774000,102.125,1.4463101289214673,1.4445713965380043,331776
774500,102.19097222222223,1.4460016288463702,1.4443734579895469,331776
775000,102.25694444444444,1.4456727030416832,1.4439579941328313,331776
775500,102.32291666666667,1.4453530851371768,1.443677787592295,331776
776000,102.38888888888889,1.4450100692233523,1.4433890809747578,331776
776500,102.45486111111111,1.444687376946899,1.443052971536326,331776
777000,102.52083333333334,1.444354641676687,1.4428660120519003,331776
777500,102.58680555555556,1.4440194897240752,1.4424026519850965,331776
778000,102.65277777777779,1.4436905129549358,1.4419126446802526,331776
778500,102.71875,1.4433448200935133,1.4417053130813193,331776
779000,102.78472222222223,1.4430259704402004,1.4415824399917962,331776
779500,102.85069444444444,1.4426765292778223,1.441204053286393,331776
780000,102.91666666666667,1.4423486235540224,1.4406601778565282,331776
780500,102.98263888888889,1.4420165681463322,1.4405102248584947,331776
781000,103.04861111111111,1.4416671434339525,1.4401919020754035,331776
781500,103.11458333333334,1.4413299302660583,1.439744863112116,331776
782000,103.18055555555556,1.4409798892692627,1.4394091390918557,331776
782500,103.24652777777779,1.4406348264064197,1.4391078441028438,331776
783000,103.3125,1.4402998016353805,1.4387518046827967,331776
783500,103.37847222222223,1.4399583475803666,1.438280044021396,331776
784000,103.44444444444444,1.439604417657598,1.4380431719087752,331776
784500,103.51041666666667,1.4392378689637293,1.4376146283812137,331776
785000,103.57638888888889,1.4388878315309688,1.437323961147295,331776
785500,103.64236111111111,1.4385526802276611,1.4371223651337552,331776
786000,103.70833333333334,1.4381715196143747,1.4366214218923077,331776
786500,103.77430555555556,1.4378431319332141,1.4363050716514674,331776
787000,103.84027777777779,1.4374701652651338,1.4358577574912814,331776
787500,103.90625,1.437125527210922,1.4357313292555438,331776
788000,103.97222222222223,1.4367725285779933,1.4352470432197455,331776
788500,104.03819444444444,1.436407566161276,1.4348552530838559,331776
789000,104.10416666666667,1.4360691326724389,1.434575229914601,331776
789500,104.17013888888889,1.4357335164198939,1.4342621477346715,331776
790000,104.23611111111111,1.4353991575952765,1.434073127578591,331776
790500,104.30208333333333,1.4350378559037673,1.433581434093432,331776
791000,104.36805555555556,1.4346701824936001,1.4331745600782142,331776
791500,104.43402777777779,1.4343317741086479,1.4327049831021,331776
792000,104.5,1.4339826820503787,1.4324754286391772,331776
792500,104.56597222222223,1.4336377742896327,1.432136167186381,331776
793000,104.63194444444444,1.4332696848793032,1.431787101011592,331776
793500,104.69791666666667,1.432944208417919,1.4314557968560784,331776
794000,104.76388888888889,1.4325898473875593,1.4310902233224136,331776
794500,104.82986111111111,1.4322395219742503,1.430857744039276,331776
795000,104.89583333333333,1.4319010548053577,1.430396103296172,331776
795500,104.96180555555556,1.4315786217151114,1.4300007650861795,331776
796000,105.02777777777779,1.4312315242632163,1.429665428874931,331776
796500,105.09375,1.4308990791202285,1.4295351075549934,331776
797000,105.15972222222223,1.4305543270157568,1.4291642723150773,331776
797500,105.22569444444446,1.430222598659625,1.4288133010823427,331776
798000,105.29166666666669,1.4298797145637687,1.428418110716049,331776
798500,105.35763888888889,1.429548261159738,1.4280651480947881,331776
799000,105.4236111111111,1.4292077209210954,1.4276336093682835,331776
799500,105.48958333333333,1.4289135234668526,1.4274173510242307,331776
800000,105.55555555555556,1.4285635263763126,1.4270325364772385,331776
800500,105.62152777777779,1.4282829001465338,1.4268228090144373,331776
801000,105.6875,1.4279520723650052,1.426280545534252,331776
801500,105.75347222222223,1.4276417281881901,1.4260004815327298,331776
802000,105.81944444444446,1.4273234203601297,1.4258329930965021,331776
802500,105.88541666666669,1.4270250341303419,1.425337815391027,331776
803000,105.95138888888889,1.426716383934205,1.4252176929569083,331776
803500,106.0173611111111,1.4263900636467888,1.4247433110364636,331776
804000,106.08333333333333,1.4260839359340551,1.4247064196118946,331776
804500,106.14930555555556,1.4257652967563774,1.4241480797035637,331776
805000,106.21527777777779,1.4254709709755728,1.4240352579732989,331776
805500,106.28125,1.425202473068695,1.4237161973810024,331776
806000,106.34722222222223,1.4249139855359567,1.423324444725186,331776
806500,106.41319444444446,1.424630639244869,1.4229675912818016,331776
807000,106.47916666666669,1.4243286553964931,1.4229790645101434,331776
807500,106.54513888888889,1.4240700738473904,1.4224482762329593,331776
808000,106.6111111111111,1.4237775369030896,1.422139705850693,331776
808500,106.67708333333333,1.423517211373691,1.4219131868343742,331776
809000,106.74305555555556,1.423254368790681,1.421725445587545,331776
809500,106.80902777777779,1.4229822937067749,1.4213593199023005,331776
810000,106.875,1.4227195405878263,1.4212455488041429,331776
810500,106.94097222222223,1.4224772920394586,1.420963761449835,331776
811000,107.00694444444446,1.42222275733693,1.4206077775362802,331776
811500,107.07291666666669,1.4219694920550259,1.4203759355039234,331776
812000,107.13888888888889,1.421703859508541,1.420355880599616,331776
812500,107.2048611111111,1.4214537047762894,1.419942539760862,331776
813000,107.27083333333333,1.42121433433611,1.4196041208919437,331776
813500,107.33680555555556,1.4209860089368158,1.419536709088701,331776
814000,107.40277777777779,1.420728184652338,1.4191543855878115,331776
814500,107.46875,1.4204899549582497,1.4188880270828026,331776
815000,107.53472222222223,1.420290347217731,1.4186629635991597,331776
815500,107.60069444444446,1.4200370628186074,1.418574363585691,331776
816000,107.66666666666669,1.4198200829774654,1.4183770161379767,331776
816500,107.73263888888889,1.4195908438021585,1.4180689865844407,331776
817000,107.7986111111111,1.4193881362030154,1.417921497004309,331776
817500,107.86458333333333,1.4191503284989258,1.417589785676903,331776
818000,107.93055555555556,1.418954107630534,1.4173473810458375,331776
818500,107.99652777777779,1.418746355527397,1.4172356892562519,331776
819000,108.0625,1.4185377592918627,1.416973236981725,331776
819500,108.12847222222223,1.418338778910851,1.4168758973427191,331776
820000,108.19444444444446,1.4181194935695824,1.416498030812487,331776
820500,108.26041666666669,1.417913250901565,1.4163970506772652,331776
821000,108.32638888888889,1.4177095986864143,1.4163532168405162,331776
821500,108.3923611111111,1.4175173826336742,1.4161156549052496,331776
822000,108.45833333333333,1.4173146914817754,1.4158379748612286,331776
822500,108.52430555555556,1.4171359013411444,1.415707473456154,331776
823000,108.59027777777779,1.4169387047054327,1.4153471998417138,331776
823500,108.65625,1.4167505144600014,1.415305639021466,331776
824000,108.72222222222223,1.4165492429135722,1.4151005902306226,331776
824500,108.78819444444446,1.4163490468584106,1.414781302015792,331776
825000,108.85416666666669,1.4161992603107127,1.4146788504958427,331776
825500,108.92013888888889,1.4159965853011875,1.414424877219994,331776
826000,108.9861111111111,1.4158002819358602,1.4142277260633276,331776
826500,109.05208333333333,1.4156086986431693,1.4140683967820735,331776
827000,109.11805555555556,1.4154323338486534,1.4138466293494616,331776
827500,109.18402777777779,1.415261875315994,1.4138685239941409,331776
828000,109.25,1.415070651850149,1.4134724186533822,331776
828500,109.31597222222223,1.4149002061784,1.413448778098646,331776
829000,109.38194444444446,1.4147255210907148,1.4132007690528237,331776
829500,109.44791666666669,1.4145413127302373,1.4131125003159162,331776
830000,109.51388888888889,1.4143796798297688,1.412805589242421,331776
830500,109.5798611111111,1.4142141371614576,1.4126559067243432,331776
831000,109.64583333333333,1.4140147539753742,1.4125574734141555,331776
831500,109.71180555555556,1.4138478566861181,1.4122536575190865,331776
832000,109.77777777777779,1.4136788498608284,1.4121361053309678,331776
832500,109.84375,1.4134933057346286,1.411991870797235,331776
833000,109.90972222222223,1.4132983609860754,1.4116755287071845,331776
833500,109.97569444444446,1.4131549520594797,1.4114453414804693,331776
834000,110.04166666666669,1.412973033544481,1.411266889519006,331776
834500,110.10763888888889,1.4128216329899965,1.4112036240469856,331776
835000,110.1736111111111,1.4126294095315266,1.410977747011582,331776
835500,110.23958333333333,1.4124580298245553,1.410934774152094,331776
836000,110.30555555555556,1.4123090217454075,1.4106808212811357,331776
836500,110.37152777777779,1.412087996622315,1.4104458646540299,331776
837000,110.4375,1.411919183404877,1.410381490935401,331776
837500,110.50347222222223,1.4117540316427593,1.4102326354283614,331776
838000,110.56944444444446,1.4115848394097446,1.409950570630496,331776
838500,110.63541666666669,1.4113998547494284,1.409869312254027,331776
839000,110.70138888888889,1.411227828916761,1.4095509897962302,331776
839500,110.7673611111111,1.4110365768968283,1.409476391329441,331776
840000,110.83333333333333,1.410858730895176,1.4094439916553303,331776
840500,110.89930555555556,1.410665017851152,1.4092275637964713,331776
841000,110.96527777777779,1.4104864593917792,1.4087927696990596,331776
841500,111.03125,1.4103042460981403,1.408888681468254,331776
842000,111.09722222222223,1.4100866360295508,1.4086347448300653,331776
842500,111.16319444444446,1.4099143477155078,1.4084329741900032,331776
843000,111.22916666666669,1.409721458804978,1.4084053952851454,331776
843500,111.29513888888889,1.4095347707342907,1.4080243119097364,331776
844000,111.3611111111111,1.4093236761386858,1.407999551152112,331776
844500,111.42708333333333,1.4091327854619065,1.407798860084403,331776
845000,111.49305555555556,1.4089214598264768,1.4074693915310403,331776
845500,111.55902777777779,1.408707943125455,1.407159540565022,331776
846000,111.625,1.4085021750042774,1.4070635193311007,331776
846500,111.69097222222223,1.4082922030640035,1.4068258917341119,331776
847000,111.75694444444446,1.4080806057381727,1.4066819953388212,331776
847500,111.82291666666669,1.4078679700177432,1.4064062030030633,331776
848000,111.88888888888889,1.4076587530730897,1.4062034274247996,331776
848500,111.9548611111111,1.4074427302849082,1.4061167182723837,331776
849000,112.02083333333333,1.4072134049423095,1.4058083071173084,331776
849500,112.08680555555556,1.4070105002850521,1.4056558146320062,331776
850000,112.15277777777779,1.4067907172046403,1.4054270202450825,331776
850500,112.21875,1.4065663068310148,1.4051299426498889,331776
851000,112.28472222222223,1.4063559995709944,1.4051130406097507,331776
851500,112.35069444444446,1.4061134675584717,1.4048472909525087,331776
852000,112.41666666666669,1.405875816307104,1.4046113673860283,331776
852500,112.48263888888889,1.4056590620730833,1.4042760444790532,331776
853000,112.5486111111111,1.4054298065884856,1.404053411613646,331776
853500,112.61458333333333,1.4051976841201317,1.4040776928685843,331776
854000,112.68055555555556,1.4049633546633042,1.403616102233391,331776
854500,112.74652777777779,1.4047264872399472,1.403458019567167,331776
855000,112.8125,1.4044941660918782,1.4031708111194472,331776
855500,112.87847222222223,1.4042249830058815,1.4029589167270136,331776
856000,112.94444444444446,1.4040160324468232,1.4026702553658652,331776
856500,113.01041666666669,1.403754981408583,1.402478155027375,331776
857000,113.07638888888889,1.4035170697909403,1.4022241825545159,331776
857500,113.1423611111111,1.4032727153519027,1.4019818410562515,331776
858000,113.20833333333333,1.4030124526033672,1.4015492322093168,331776
858500,113.27430555555556,1.4027794086238228,1.4015492533658467,331776
859000,113.34027777777779,1.4025060203008535,1.401161950054986,331776
859500,113.40625,1.4022572038821859,1.4009436881717126,331776
860000,113.47222222222223,1.40198514049825,1.4008551351623644,331776
860500,113.53819444444446,1.401752635548222,1.40057883802652,331776
861000,113.60416666666669,1.401479374977587,1.4003537801533419,331776
861500,113.67013888888889,1.4012300035458296,1.40001342902135,331776
862000,113.7361111111111,1.400972008756997,1.3997187488769298,331776
862500,113.80208333333333,1.400684450649831,1.3994337375343058,331776
863000,113.86805555555556,1.4004151080234173,1.399154902862632,331776
863500,113.93402777777779,1.4001565308210837,1.3989070947131077,331776
864000,114.0,1.3998542890485555,1.3985524109509808,331776
864500,114.06597222222223,1.3996162937555656,1.398305846386425,331776
865000,114.13194444444446,1.3993541707175423,1.3980890977797795,331776
865500,114.19791666666669,1.3990830102406606,1.3979169257302455,331776
866000,114.26388888888889,1.39880779205856,1.3976046125520547,331776
866500,114.3298611111111,1.3985352016797756,1.3972658335673802,331776
867000,114.39583333333333,1.3982584784939076,1.397077111469474,331776
867500,114.46180555555556,1.3979867273460211,1.3969352626762555,331776
868000,114.52777777777779,1.3977216976925155,1.3965395143003028,331776
868500,114.59375,1.3974351519096144,1.3960804522232952,331776
869000,114.65972222222223,1.3971764992947193,1.3960969144436626,331776
869500,114.72569444444446,1.3968868862800872,1.3957700130309283,331776
870000,114.79166666666669,1.3966419714821845,1.3954030521594938,331776
870500,114.85763888888889,1.3963742023801402,1.3952366712058808,331776
871000,114.9236111111111,1.3961003413004955,1.39488041326751,331776
871500,114.98958333333333,1.395817354954325,1.3947178231513435,331776
872000,115.05555555555556,1.3955540613358055,1.3945408121661353,331776
872500,115.12152777777779,1.3952733483650142,1.3939312462644216,331776
873000,115.1875,1.3950083516180476,1.393718922038963,331776
873500,115.25347222222223,1.394726876791366,1.3937236415763632,331776
874000,115.31944444444446,1.3944975954127936,1.3934340516831027,331776
874500,115.38541666666669,1.39419680546978,1.393011364971144,331776
875000,115.45138888888889,1.3939262110285529,1.3928779389317851,331776
875500,115.5173611111111,1.3936577187702934,1.3922820568053005,331776
876000,115.58333333333333,1.3933881715294925,1.3922094648521726,331776
876500,115.64930555555556,1.3931089456579024,1.3917580102683307,331776
877000,115.71527777777779,1.3928560771074043,1.391722467086403,331776
877500,115.78125,1.3925942075745956,1.3913201063559455,331776
878000,115.84722222222223,1.3923245294904405,1.3909790340452608,331776
878500,115.91319444444446,1.3920576936055735,1.3908633591976425,331776
879000,115.97916666666669,1.39179007862806,1.3905345953295325,331776
879500,116.04513888888889,1.3915525676689353,1.390431817683986,331776
880000,116.1111111111111,1.3913089818165685,1.390043448421682,331776
880500,116.17708333333333,1.391041063328496,1.3897578939570994,331776
881000,116.24305555555556,1.390774446203681,1.3896453425147994,331776
881500,116.30902777777779,1.3905177468073837,1.3893814328331482,331776
882000,116.375,1.3902520648961594,1.3892753766043702,331776
882500,116.44097222222223,1.3900355179536663,1.388780388777382,331776
883000,116.50694444444446,1.3897887170221446,1.3885225048213221,331776
883500,116.57291666666669,1.3895539668840284,1.3884561291549633,331776
884000,116.63888888888889,1.3893205300625615,1.3881957602170627,331776
884500,116.7048611111111,1.3890960020169258,1.3879867871591456,331776
885000,116.77083333333333,1.3888446941476835,1.3876211422494404,331776
885500,116.83680555555556,1.3886274039510855,1.3874696834607216,331776
886000,116.90277777777779,1.388400927539645,1.3872593177584305,331776
886500,116.96875,1.388164957357667,1.3869937609910135,331776
887000,117.03472222222223,1.3879463097552986,1.386761742171089,331776
887500,117.10069444444446,1.3877445890458613,1.3864660157994477,331776
888000,117.16666666666669,1.3874966795574486,1.386460738590034,331776
888500,117.23263888888889,1.3872950527940398,1.3859619911724046,331776
889000,117.2986111111111,1.3870846500723222,1.3859630353220753,331776
889500,117.36458333333333,1.386866080015306,1.3855943657563736,331776
890000,117.43055555555556,1.3866675353479239,1.3852808846279345,331776
890500,117.49652777777779,1.386465875337626,1.3852131459962589,331776
891000,117.5625,1.386262468897308,1.3851524235627877,331776
891500,117.62847222222223,1.3860466990826765,1.3848796529996292,331776
892000,117.69444444444446,1.3858689946857012,1.3846682275038684,331776
892500,117.76041666666669,1.3856635634468057,1.3843759809848903,331776
893000,117.82638888888889,1.3854804836414933,1.384393194734558,331776
893500,117.8923611111111,1.3852631703572873,1.3841250593659475,331776
894000,117.95833333333333,1.3851119570520616,1.383957680086042,331776
894500,118.02430555555556,1.3849021014762415,1.3836026691685213,331776
895000,118.09027777777779,1.3847443337427485,1.3833996151376988,331776
895500,118.15625,1.3845368491017802,1.3832062854998852,331776
896000,118.22222222222223,1.3843824615876965,1.38309866078548,331776
896500,118.28819444444446,1.384207435129786,1.3829544764582387,331776
897000,118.35416666666669,1.3840307107885845,1.3827878031112886,331776
897500,118.42013888888889,1.3838423250664946,1.3825031538791763,331776
898000,118.4861111111111,1.3836713532444957,1.38242287929502,331776
898500,118.55208333333333,1.3835069683912333,1.3820831634636215,331776
899000,118.61805555555556,1.3833370095888753,1.3821126377875605,331776
899500,118.68402777777779,1.3831863437658116,1.3821238906856657,331776
900000,118.75,1.3830147330973237,1.3816795364849686,331776
900500,118.81597222222223,1.3828500832929829,1.381539180895149,331776
901000,118.88194444444446,1.382714622721137,1.3814270766540313,331776
901500,118.94791666666669,1.3825445920057486,1.3813398063523465,331776
902000,119.01388888888889,1.3824010692158815,1.3811405828691892,331776
902500,119.0798611111111,1.3822587448037602,1.3810252844074125,331776
903000,119.14583333333333,1.3820951639387198,1.3807364525608072,331776
903500,119.21180555555556,1.3819530234350608,1.3807216203218629,331776
904000,119.27777777777779,1.3818195679780143,1.3804844609109446,331776
904500,119.34375,1.3816738705800569,1.3804595854220882,331776
905000,119.40972222222223,1.381526655916752,1.3803591368974009,331776
905500,119.47569444444446,1.3813755216448789,1.3800683466903214,331776
906000,119.54166666666669,1.3812757586641176,1.3799660162029328,331776
906500,119.60763888888889,1.3811099801940447,1.3797109377794265,331776
907000,119.6736111111111,1.3809853720195788,1.3798925837224187,331776
907500,119.73958333333333,1.3808679123965626,1.379718750246494,331776
908000,119.80555555555556,1.3807126064716775,1.3794600608249366,331776
908500,119.87152777777779,1.3805864639136292,1.3792746542535168,331776
909000,119.9375,1.3804768103724498,1.3793833099293216,331776
909500,120.00347222222223,1.3803312240734933,1.3791067051499357,331776
910000,120.06944444444446,1.3802048786289485,1.3790768316520072,331776
910500,120.13541666666669,1.3800730967372652,1.3789482202168248,331776
911000,120.20138888888889,1.379966953033471,1.3787855703823282,331776
911500,120.2673611111111,1.3798232728501132,1.3786439535536572,331776
912000,120.33333333333333,1.3796927594009059,1.3784344468286962,331776
912500,120.39930555555556,1.3795755315266722,1.3783107623991844,331776
913000,120.46527777777779,1.3794672322973327,1.3781647012137141,331776
913500,120.53125,1.3793453900545307,1.3781056016162214,331776
914000,120.59722222222223,1.3792031081683334,1.377945834868334,331776
914500,120.66319444444446,1.3790836133985103,1.3778569255847284,331776
915000,120.72916666666669,1.3789664209530716,1.3778404131634114,331776
915500,120.79513888888889,1.378838317719943,1.3774855364949825,331776
916000,120.8611111111111,1.3787429265320312,1.377487176014571,331776
916500,120.92708333333333,1.3786158452991142,1.3773856814234355,331776
917000,120.99305555555556,1.3784890763655298,1.3772254939184163,331776
917500,121.05902777777779,1.378345684498253,1.3771303187559192,331776
918000,121.125,1.378226126063233,1.3769056822762313,331776
918500,121.19097222222223,1.3780840990180023,1.3767842974861786,331776
919000,121.25694444444446,1.3779520239027454,1.3766570659380353,331776
919500,121.32291666666669,1.3778401998054353,1.3765938408631042,331776
920000,121.38888888888889,1.377710297140942,1.3764796606898253,331776
920500,121.4548611111111,1.3775827345866558,1.3764623545409758,331776
921000,121.52083333333333,1.3774566442131504,1.3762363727764377,331776
921500,121.58680555555556,1.3773198346544515,1.3759234070621271,331776
922000,121.65277777777779,1.3771718760884175,1.375854888562909,331776
922500,121.71875,1.3770379376533384,1.3757445962112516,331776
923000,121.78472222222223,1.376922042136243,1.3756149262248458,331776
923500,121.85069444444446,1.3767482648072435,1.3754015903039618,331776
924000,121.91666666666669,1.3766110437440844,1.3753695168923996,331776
924500,121.98263888888889,1.3764620622288988,1.3752396110061387,331776
925000,122.0486111111111,1.376345920062054,1.3749267889842591,331776
925500,122.11458333333333,1.376179308327546,1.374914779966553,331776
926000,122.18055555555556,1.3760391619889114,1.374801046515123,331776
926500,122.24652777777779,1.375905309635664,1.3747378699924204,331776
927000,122.3125,1.3757467769325515,1.3745645960452078,331776
927500,122.37847222222223,1.375607189104871,1.3743764510263041,331776
928000,122.44444444444446,1.3754194754915405,1.3742256169211555,331776
928500,122.51041666666669,1.3752729858107342,1.374029244736382,331776
929000,122.57638888888889,1.3750965179510937,1.3738337446470754,331776
929500,122.6423611111111,1.374953956288055,1.373709734046761,331776
930000,122.70833333333333,1.37476888554306,1.3735318980981006,331776
930500,122.77430555555556,1.3746016043825664,1.3733981687001835,331776
931000,122.84027777777779,1.374448669371707,1.3732011904572008,331776
931500,122.90625,1.3742809627614276,1.3730500461892619,331776
932000,122.97222222222223,1.374128282002325,1.372964707961493,331776
932500,123.03819444444446,1.373926345151847,1.3725859478779014,331776
933000,123.10416666666669,1.3737717353516827,1.372673075944518,331776
933500,123.17013888888889,1.3735949412569382,1.3724215158335253,331776
934000,123.2361111111111,1.3734054255105916,1.3722142551478638,331776
934500,123.30208333333333,1.3732176941604781,1.37205686343842,331776
935000,123.36805555555556,1.3730793790535585,1.3718957540468955,331776
935500,123.43402777777779,1.3728782486501772,1.3717891956287058,331776
936000,123.5,1.3726759735413248,1.371536379722361,331776
936500,123.56597222222223,1.372497836325915,1.3713447368396012,331776
937000,123.63194444444446,1.372306329992422,1.3710515109297159,331776
937500,123.69791666666669,1.37211411437696,1.3709678853496443,331776
938000,123.76388888888889,1.3719039013132772,1.3708030668951596,331776
938500,123.8298611111111,1.3717299102467468,1.370613979864197,331776
939000,123.89583333333333,1.371497806956845,1.370391279393965,331776
939500,123.96180555555556,1.3713085492753905,1.3702050311294074,331776
940000,124.02777777777779,1.3711102937426443,1.3700371609811974,331776
940500,124.09375,1.37092749488474,1.3699080319332706,331776
941000,124.15972222222223,1.3707360079667883,1.3697229998664726,331776
941500,124.22569444444446,1.3705077173099025,1.3695126561051767,331776
942000,124.29166666666669,1.3703204173349746,1.3692414006581481,331776
942500,124.35763888888889,1.3700962286095861,1.369009201499391,331776
943000,124.4236111111111,1.3698993942618891,1.3689912857149689,331776
943500,124.48958333333333,1.3697069619795752,1.3686191137983825,331776
944000,124.55555555555556,1.3694989693038584,1.3683312560593301,331776
944500,124.62152777777779,1.369278229981371,1.3682459563559533,331776
945000,124.6875,1.3690441659285548,1.3680578158317913,331776
945500,124.75347222222223,1.368846718963787,1.367826368007182,331776
946000,124.81944444444446,1.3686510717477944,1.3676468199158271,331776
946500,124.88541666666669,1.3684193033954326,1.3674071160529744,331776
947000,124.95138888888889,1.3681966014403484,1.3671563417975425,331776
947500,125.0173611111111,1.367994979956901,1.3669335285503648,331776
948000,125.08333333333333,1.3677756229310938,1.3666645960031452,331776
948500,125.14930555555556,1.367550354883937,1.366433369801794,331776
949000,125.21527777777779,1.367342487857483,1.366272829480038,331776
949500,125.28125,1.3671121939795825,1.3661447807085112,331776
950000,125.34722222222223,1.3668840783372982,1.3657865971886696,331776
950500,125.41319444444446,1.3666731298967525,1.3657428536759828,331776
951000,125.47916666666669,1.3664314708678564,1.3653292495745712,331776
951500,125.54513888888889,1.3662019791088256,1.3652689374675375,331776
952000,125.6111111111111,1.3659786605385178,1.3649098367439658,331776
952500,125.67708333333333,1.3657513730218391,1.3646903832141042,331776
953000,125.74305555555556,1.3655292653674798,1.3646139073281187,331776
953500,125.80902777777779,1.3652905343838182,1.3642398457918712,331776
954000,125.875,1.365069609585384,1.3640235453222436,331776
954500,125.94097222222223,1.364841681791681,1.3637854026682672,331776
955000,126.00694444444446,1.3646154961035704,1.363708278448856,331776
955500,126.07291666666669,1.3644155972057657,1.3634091513611668,331776
956000,126.13888888888889,1.364174588133579,1.3631700404120073,331776
956500,126.2048611111111,1.3639542459088876,1.3629575820263296,331776
957000,126.27083333333333,1.3637346097420573,1.3628840600459504,331776
957500,126.33680555555556,1.3635087218028281,1.3624189481261233,331776
958000,126.40277777777779,1.3632809961494874,1.3622764527236453,331776
958500,126.46875,1.3630544581837518,1.3621218098805747,331776
959000,126.53472222222223,1.3628314480993087,1.361791851724928,331776
959500,126.60069444444446,1.3626259888888668,1.36157556232343,331776
960000,126.66666666666669,1.3623779158632894,1.3614572614510685,331776
960500,126.73263888888889,1.362154741804819,1.361149793260298,331776
961000,126.7986111111111,1.3619505867130808,1.3609624368019895,331776
961500,126.86458333333333,1.3617460615617354,1.360836594523854,331776
962000,126.93055555555556,1.3615065108581628,1.3605483630491473,331776
962500,126.99652777777779,1.3613022843931963,1.3604064136284488,331776
963000,127.0625,1.3610941634924258,1.3601743100483723,331776
963500,127.12847222222223,1.3608747752160881,1.3597678408565828,331776
964000,127.19444444444446,1.360641843039503,1.3596327360498295,331776
964500,127.26041666666669,1.360420914120345,1.359539098901677,331776
965000,127.32638888888889,1.3602240447613965,1.359297473058335,331776
965500,127.3923611111111,1.360012990018845,1.3590812354796964,331776
966000,127.45833333333333,1.3597924539226582,1.3588481872044662,331776
966500,127.52430555555556,1.3596125050607053,1.3586458111759454,331776
967000,127.59027777777779,1.3593866833321702,1.3584173492821754,331776
967500,127.65625,1.3591962742501251,1.3582110693230345,331776
968000,127.72222222222223,1.3590031956438329,1.3581837201155214,331776
968500,127.78819444444446,1.3587918557128096,1.3577052414682296,331776
969000,127.85416666666669,1.3586093167917226,1.3577640025705564,331776
969500,127.92013888888889,1.3584277004825136,1.3575184093610546,331776
970000,127.9861111111111,1.3582251359768023,1.357264805531159,331776
970500,128.05208333333334,1.3580343020096752,1.3570927372672217,331776
971000,128.11805555555554,1.3578443865252785,1.3568735939102763,331776
971500,128.18402777777777,1.3576537354536535,1.3567905043960877,331776
972000,128.25,1.3575143475848563,1.356560770845587,331776
972500,128.31597222222223,1.3573287065142903,1.356213482983639,331776
973000,128.38194444444446,1.3571263354540217,1.3561730843918642,331776
973500,128.44791666666669,1.3569592796638947,1.3560125741737732,331776
974000,128.51388888888889,1.356786818107408,1.3557715206598229,331776
974500,128.57986111111111,1.3566151305871106,1.3556560247433267,331776
975000,128.64583333333334,1.356444022498686,1.3555789651460386,331776
975500,128.71180555555554,1.3562868523820593,1.3553724227496935,331776
976000,128.77777777777777,1.3560867230602702,1.3550904954738545,331776
976500,128.84375,1.3559244963600676,1.3548954050923683,331776
977000,128.90972222222223,1.3557708942094988,1.3548022983108814,331776
977500,128.97569444444446,1.3556302061419983,1.3545642200987467,331776
978000,129.04166666666669,1.3554483576497884,1.3545302202987517,331776
978500,129.10763888888889,1.3553125916400948,1.3543492356769788,331776
979000,129.17361111111111,1.3551531633523364,1.3542054163218338,331776
979500,129.23958333333334,1.3550001117440587,1.354080003116377,331776
980000,129.30555555555554,1.3548442162984726,1.353846324111805,331776
980500,129.37152777777777,1.3546923047233395,1.3536610318139504,331776
981000,129.4375,1.3545399505394684,1.3536269583176268,331776
981500,129.50347222222223,1.3544028969096118,1.3535050101744477,331776
982000,129.56944444444446,1.3542777097254928,1.3533495607079937,331776
982500,129.63541666666669,1.3541287660703578,1.3530875725781122,331776
983000,129.70138888888889,1.3540084744163277,1.3530241095240338,331776
983500,129.76736111111111,1.3538588732395878,1.3527523983835197,331776
984000,129.83333333333334,1.3537355906122348,1.3528783666024586,331776
984500,129.89930555555554,1.3536095044374934,1.3526221979841697,331776
985000,129.96527777777777,1.353473451160453,1.3525572359261582,331776
985500,130.03125,1.3533450468570465,1.3523166563358275,331776
986000,130.09722222222223,1.3532333350875096,1.3522584468772298,331776
986500,130.16319444444446,1.353098737234711,1.3519840749026557,331776
987000,130.22916666666669,1.3529599891900115,1.3519800033639104,331776
987500,130.29513888888889,1.3528390704938689,1.351954649245564,331776
988000,130.36111111111111,1.3527373151330648,1.351600164794565,331776
988500,130.42708333333334,1.3526248367880689,1.3515600270905193,331776
989000,130.49305555555554,1.3525217212795904,1.351400395600686,331776
989500,130.55902777777777,1.3524020399261105,1.3512753318164252,331776
990000,130.625,1.3523092178268683,1.3511532471167222,331776
990500,130.69097222222223,1.3522095787770148,1.351171499150991,331776
991000,130.75694444444446,1.3520971188060622,1.351087764881012,331776
991500,130.82291666666669,1.3520119589131192,1.3510474243973225,331776
992000,130.88888888888889,1.3519103751508468,1.3508134113943029,331776
992500,130.95486111111111,1.35180248139335,1.350823212728515,331776
993000,131.02083333333334,1.3516758772625785,1.3505624931028475,331776
993500,131.08680555555554,1.351570412419114,1.350656228053125,331776
994000,131.15277777777777,1.3514777827052837,1.3505042703316565,331776
994500,131.21875,1.3513755432934986,1.350312623358882,331776
995000,131.28472222222223,1.351295626038295,1.3503150362352314,331776
995500,131.35069444444446,1.3511815747472082,1.3501820578810837,331776
996000,131.41666666666669,1.3510923566020752,1.3501540553125757,331776
996500,131.48263888888889,1.3510095259356327,1.34998490242967,331776
997000,131.54861111111111,1.3508871898047365,1.3498089982569315,331776
997500,131.61458333333334,1.350776424971448,1.3496432631082942,331776
998000,131.68055555555554,1.3506694191488469,1.3496199026681333,331776
998500,131.74652777777777,1.3505875877933746,1.3494314659861768,331776
999000,131.8125,1.3504739393322442,1.3494700770122954,331776
999500,131.87847222222223,1.3503601634468432,1.3493177360186288,331776
1000000,131.94444444444446,1.3502685945072748,1.3491471312046524,331776
1000500,132.01041666666669,1.3501740479110285,1.3489127025031835,331776
1001000,132.07638888888889,1.3500653551158335,1.3490019376366569,331776
1001500,132.14236111111111,1.3499552653795495,1.348859109208135,331776
1002000,132.20833333333334,1.3498668368880484,1.3488965573247,331776
1002500,132.27430555555554,1.3497698299816616,1.3485584404129183,331776
1003000,132.34027777777777,1.349695254245974,1.348532139255076,331776
1003500,132.40625,1.3495818088416898,1.348501244285281,331776
1004000,132.47222222222223,1.3495034349531514,1.3485020690098612,331776
1004500,132.53819444444446,1.3493969165695825,1.3482981978537105,331776
1005000,132.60416666666669,1.3493030440317981,1.3482424148281904,331776
1005500,132.67013888888889,1.349209074864767,1.3482629270078923,331776
1006000,132.73611111111111,1.3491118765750763,1.348042335380119,331776
1006500,132.80208333333334,1.3489996341423662,1.3477268801849078,331776
1007000,132.86805555555554,1.3489185016168384,1.347948585313946,331776
1007500,132.93402777777777,1.3488164947565036,1.3477280800666425,331776
1008000,133.0,1.3486961105100737,1.347635074114382,331776
1008500,133.06597222222223,1.348610131334442,1.3474678388505892,331776
1009000,133.13194444444446,1.3485092396932066,1.347437838700992,331776
1009500,133.19791666666669,1.3483971395192937,1.3473197057262782,331776
1010000,133.26388888888889,1.3482942948484702,1.3471979158560714,331776
1010500,133.32986111111111,1.3481861119603031,1.3471030222943496,331776
1011000,133.39583333333334,1.348079737722434,1.3468478265772397,331776
1011500,133.46180555555554,1.3479900419299113,1.3469502565480163,331776
1012000,133.52777777777777,1.3478611893901689,1.3469039321633534,331776
1012500,133.59375,1.3477706658565853,1.346561684989426,331776
1013000,133.65972222222223,1.3476253164842324,1.3465883108927104,331776
1013500,133.72569444444446,1.3475271994892373,1.346486481971863,331776
1014000,133.79166666666669,1.3473999394079559,1.3462277323461127,331776
1014500,133.85763888888889,1.3472926433702683,1.3462408071557501,331776
1015000,133.92361111111111,1.3471604595409565,1.3461292953912305,331776
1015500,133.98958333333334,1.347044022858076,1.346053246129647,331776
1016000,134.05555555555554,1.346923992447856,1.3458742803843835,331776
1016500,134.12152777777777,1.346776856858008,1.3458084124494463,331776
1017000,134.1875,1.3466596516521598,1.3455876699472276,331776
1017500,134.25347222222223,1.3465493484421058,1.345575869657495,331776
1018000,134.31944444444446,1.346390348442621,1.345312966155624,331776
1018500,134.38541666666669,1.3462632559139205,1.3452716254102457,331776
1019000,134.45138888888889,1.3461194805251,1.3451767158226935,331776
1019500,134.51736111111111,1.3460132244124396,1.3450402960982943,331776
1020000,134.58333333333334,1.3458563419599046,1.3448531033321744,331776
1020500,134.64930555555554,1.3457128286311464,1.3446969845361347,331776
1021000,134.71527777777777,1.345565589489697,1.34462105238575,331776
1021500,134.78125,1.3454180869367536,1.3445355513791704,331776
1022000,134.84722222222223,1.3452963157985436,1.3441668016031338,331776
1022500,134.91319444444446,1.3451250942437942,1.3441079548212862,331776
1023000,134.97916666666669,1.344965006128294,1.3440541400764534,331776
1023500,135.04513888888889,1.3448202829217464,1.3437289949166988,331776
1024000,135.11111111111111,1.3446545608243223,1.3438294766858774,331776
1024500,135.17708333333334,1.3445162204115237,1.3436812308200086,331776
1025000,135.24305555555554,1.3443386243570297,1.343384331442375,331776
1025500,135.30902777777777,1.3441777725899486,1.343088510303902,331776
1026000,135.375,1.3440225827143206,1.3430828396130172,331776
1026500,135.44097222222223,1.3438601895832831,1.3429528595680975,331776
1027000,135.50694444444446,1.3436759823704867,1.342898948909108,331776
1027500,135.57291666666669,1.3434958752996229,1.342650581734405,331776
1028000,135.63888888888889,1.3433537911017535,1.3424543800862538,331776
1028500,135.70486111111111,1.3431734410503438,1.3423264187462554,331776
1029000,135.77083333333334,1.3429957416453144,1.3420315803083969,331776
1029500,135.83680555555554,1.3428459682742113,1.342011074084517,331776
1030000,135.90277777777777,1.3426437353291265,1.3418181539106078,331776
1030500,135.96875,1.3424862089158007,1.3416186824397478,331776
1031000,136.03472222222223,1.3422963609733414,1.3413258206274805,331776
1031500,136.10069444444446,1.3421298717608672,1.3413059288551255,331776
1032000,136.16666666666669,1.3419422449079477,1.3410103441655092,331776
1032500,136.23263888888889,1.3417627143823025,1.3409762961435259,331776
1033000,136.29861111111111,1.3415826778291562,1.3407093470535971,331776
1033500,136.36458333333334,1.341375600547202,1.3404681722127345,331776
1034000,136.43055555555554,1.3412145808561056,1.3404065511488423,331776
1034500,136.49652777777777,1.3410085199436088,1.3402221045181486,331776
1035000,136.5625,1.3408388396583995,1.340020554104295,331776
1035500,136.62847222222223,1.34066448109506,1.33972983637674,331776
1036000,136.69444444444446,1.3404449651766428,1.339781889359479,331776
1036500,136.76041666666669,1.340271423578281,1.339446580725212,331776
1037000,136.82638888888889,1.340070230909802,1.3391117773707852,331776
1037500,136.89236111111111,1.3398869756847076,1.3389939486041746,331776
1038000,136.95833333333334,1.3397038720281118,1.3388669878373778,331776
1038500,137.02430555555554,1.339488548180541,1.3387081691458507,331776
1039000,137.09027777777777,1.33929332092587,1.338465587061006,331776
1039500,137.15625,1.339111685058271,1.3382368764995833,331776
1040000,137.22222222222223,1.3388833741919497,1.3381071176230621,331776
1040500,137.28819444444446,1.3387026629359322,1.3378620046678802,331776
1041000,137.35416666666669,1.3385116554840755,1.3377504604957318,331776
1041500,137.42013888888889,1.3383169752016617,1.3375048515208596,331776
1042000,137.48611111111111,1.3381302576351761,1.3373716793046944,331776
1042500,137.55208333333334,1.3379397487781393,1.3371006784531265,331776
1043000,137.61805555555554,1.3377466338190336,1.336906932099582,331776
1043500,137.68402777777777,1.3375646768679998,1.3367497366081302,331776
1044000,137.75,1.3373740396792233,1.3366432698256983,331776
1044500,137.81597222222223,1.3371761251128638,1.3363198096870987,331776
1045000,137.88194444444446,1.3369950576059695,1.3362042716710607,331776
1045500,137.94791666666669,1.3367922890735053,1.3359065134246493,331776
1046000,138.01388888888889,1.3366006307908742,1.3359987001273277,331776
1046500,138.07986111111111,1.3364144135680147,1.3356013152242268,331776
1047000,138.14583333333334,1.3362333661000594,1.3355413358458894,331776
1047500,138.21180555555554,1.3360419561380898,1.3353276292221428,331776
1048000,138.27777777777777,1.3358358235144234,1.3350629791382533,331776
1048500,138.34375,1.3356573503225913,1.3348181383380981,331776
1049000,138.40972222222223,1.33547667139433,1.3347654715306756,331776
1049500,138.47569444444446,1.3352611550722755,1.3345935566626568,331776
1050000,138.54166666666669,1.335101456706608,1.3342635802722362,331776
1050500,138.60763888888889,1.3349204128307328,1.3340517941170402,331776
1051000,138.67361111111111,1.3347352643377133,1.3340917084216115,331776
1051500,138.73958333333334,1.3345365411964807,1.3337565520129357,331776
1052000,138.80555555555554,1.334351605909085,1.3336147543762993,331776
1052500,138.87152777777777,1.3341802682721196,1.3333785097752386,331776
1053000,138.9375,1.3340039688850158,1.3331802701395703,331776
1053500,139.00347222222223,1.3338198280564981,1.3330728993763046,331776
1054000,139.06944444444446,1.3336525249542446,1.3328624553502526,331776
1054500,139.13541666666669,1.3334747090908037,1.3325995110811113,331776
1055000,139.20138888888889,1.3332832068318134,1.3325094707572493,331776
1055500,139.26736111111111,1.333109800994813,1.3323166387676193,331776
1056000,139.33333333333334,1.3329065572733398,1.3321870138122411,331776
1056500,139.39930555555554,1.332786718642439,1.3321013607444943,331776
1057000,139.46527777777777,1.3325980311485568,1.3317571888621371,331776
1057500,139.53125,1.3324377214117906,1.3317527219428513,331776
1058000,139.59722222222223,1.3322449997515287,1.3314331229309448,331776
1058500,139.66319444444446,1.3320860192875965,1.3313225434132794,331776
1059000,139.72916666666669,1.3319146501898398,1.3311790006729278,331776
1059500,139.79513888888889,1.3317470143755452,1.331038223550637,331776
1060000,139.86111111111111,1.3316122414831804,1.3308587726185905,331776
1060500,139.92708333333334,1.3314140923659579,1.330553617678397,331776
1061000,139.99305555555554,1.3312633328785164,1.3305350721740554,331776
1061500,140.05902777777777,1.3311050446509896,1.3303676333320738,331776
1062000,140.125,1.3309558351749549,1.3301443732125373,331776
1062500,140.19097222222223,1.3308261612450523,1.3300103923572184,331776
1063000,140.25694444444446,1.330653518405249,1.3298361403404628,331776
1063500,140.32291666666669,1.3305289874205193,1.3297639732602313,331776
1064000,140.38888888888889,1.3303697297744725,1.3294984270040922,331776
1064500,140.45486111111111,1.3302231134523637,1.3294437748608088,331776
1065000,140.52083333333334,1.330119191277597,1.329427744884827,331776
1065500,140.58680555555554,1.3299555779865035,1.3292937265408762,331776
1066000,140.65277777777777,1.3298177220961829,1.3290003086572493,331776
1066500,140.71875,1.3296927074378988,1.3287856163799128,331776
1067000,140.78472222222223,1.3295399016599694,1.328643656403138,331776
1067500,140.85069444444446,1.3294279365644759,1.328666952066977,331776
1068000,140.91666666666669,1.3292799750849553,1.3285717293946253,331776
1068500,140.98263888888889,1.3291585859749848,1.3282138320182093,331776
1069000,141.04861111111111,1.329047345254725,1.3281793836005429,331776
1069500,141.11458333333334,1.3289133284879167,1.3280844823045879,331776
1070000,141.18055555555557,1.3288008257993182,1.3279557636827861,331776
1070500,141.24652777777777,1.3286825525002888,1.327810527829103,331776
1071000,141.3125,1.328579413620923,1.3275745759671018,331776
1071500,141.37847222222223,1.3284200552150058,1.327406534636863,331776
1072000,141.44444444444446,1.328328054241029,1.3273610717010857,331776
1072500,141.51041666666669,1.328223853619225,1.3273436328347477,331776
1073000,141.57638888888889,1.328081359450213,1.3270870160317103,331776
1073500,141.64236111111111,1.3279847106934763,1.3271396026268358,331776
1074000,141.70833333333334,1.3278717395237976,1.3269520586444472,331776
1074500,141.77430555555557,1.327759407784893,1.3270422401116295,331776
1075000,141.84027777777777,1.3276347870812517,1.3266830524628508,331776
1075500,141.90625,1.3275318412060944,1.3267347076286815,331776
1076000,141.97222222222223,1.3274344526963044,1.326635397536605,331776
1076500,142.03819444444446,1.327358263416404,1.3265722881449777,331776
1077000,142.10416666666669,1.3272525112486218,1.3264357417651442,331776
1077500,142.17013888888889,1.3271603100576337,1.326311553690776,331776
1078000,142.23611111111111,1.3270618169516888,1.3260091987856948,331776
1078500,142.30208333333334,1.326984346428603,1.3261789124921153,331776
1079000,142.36805555555557,1.3268741411628258,1.3259282045686316,331776
1079500,142.43402777777777,1.3267817575346539,1.325865856114589,331776
1080000,142.5,1.3267186620981084,1.325768954965827,331776
1080500,142.56597222222223,1.3266329696155383,1.3256240669530261,331776
1081000,142.63194444444446,1.3265352107139599,1.325630842485912,331776
1081500,142.69791666666669,1.3264590513242283,1.3255745339557388,331776
1082000,142.76388888888889,1.326409241334229,1.3254452369333696,331776
1082500,142.82986111111111,1.3262826024539218,1.3252993020233432,331776
1083000,142.89583333333334,1.3262097753013566,1.3252703487619009,331776
1083500,142.96180555555557,1.3261403744225877,1.3252159301703024,331776
1084000,143.02777777777777,1.326059030874768,1.3250432776860959,331776
1084500,143.09375,1.3259839927247554,1.3250142426863456,331776
1085000,143.15972222222223,1.3259082336557757,1.325043726276356,331776
1085500,143.22569444444446,1.3258194156265053,1.3248650774626076,331776
1086000,143.29166666666669,1.3257626113317815,1.3248075890428952,331776
1086500,143.35763888888889,1.3256829092487161,1.3247473306278361,331776
1087000,143.42361111111111,1.3256065471632865,1.3246546844363007,331776
1087500,143.48958333333334,1.3255561682873944,1.32457178816993,331776
1088000,143.55555555555557,1.3254355420346124,1.3243452469081998,331776
1088500,143.62152777777777,1.3253828205538678,1.3244675897164617,331776
1089000,143.6875,1.3253245994160783,1.3244332451258352,331776
1089500,143.75347222222223,1.3252098763231583,1.3242253408623816,331776
1090000,143.81944444444446,1.3251523048024771,1.324214981139606,331776
1090500,143.88541666666669,1.3250743470282027,1.3241559452384382,331776
1091000,143.95138888888889,1.3249952727392804,1.3240531608098065,331776
1091500,144.01736111111111,1.3249189132563106,1.3238885495275032,331776
1092000,144.08333333333334,1.324853483635614,1.3238740783639926,331776
1092500,144.14930555555557,1.3247643529452289,1.3239397749434407,331776
1093000,144.21527777777777,1.3246681152011786,1.3237078127019732,331776
1093500,144.28125,1.3246042814168357,1.3235483811700672,331776
1094000,144.34722222222223,1.3245039268408962,1.323516317101043,331776
1094500,144.41319444444446,1.3244125661846877,1.3235618357547678,331776
1095000,144.47916666666669,1.3243404788765347,1.323501271397979,331776
1095500,144.54513888888889,1.3242393561959078,1.3233376271915442,331776
1096000,144.61111111111111,1.324144307047373,1.3231931008328934,331776
1096500,144.67708333333334,1.3240863926592252,1.3230150952683142,331776
1097000,144.74305555555557,1.3240150385909102,1.3232202526464305,331776
1097500,144.80902777777777,1.3239471452602216,1.3229275732454762,331776
1098000,144.875,1.3238391026079077,1.3228237273513899,331776
1098500,144.94097222222223,1.323731737277493,1.3226448085215652,331776
1099000,145.00694444444446,1.3236501308274224,1.3227097112278918,331776
1099500,145.07291666666669,1.3235822563189017,1.3226985023142057,331776
1100000,145.13888888888889,1.3234592297314562,1.322450897476279,331776
1100500,145.20486111111111,1.323393700098924,1.3224647112289991,331776
1101000,145.27083333333334,1.3233015863318154,1.3224171033872514,331776
1101500,145.33680555555557,1.3232113715790272,1.3223261268676103,331776
1102000,145.40277777777777,1.3231095451894859,1.3222450778815924,331776
1102500,145.46875,1.32302885598724,1.322128032285627,331776
1103000,145.53472222222223,1.3229368591167276,1.3220434405888921,331776
1103500,145.60069444444446,1.3228404619872869,1.3218527944881011,331776
1104000,145.66666666666669,1.3227350881182478,1.3217663325925366,331776
1104500,145.73263888888889,1.3226147048327763,1.3216469372768007,331776
1105000,145.79861111111111,1.3225113962924593,1.3214959630857601,331776
1105500,145.86458333333334,1.3223951223133503,1.321410808912586,331776
1106000,145.93055555555557,1.3222794136958815,1.3214269568479422,331776
1106500,145.99652777777777,1.3221584573626308,1.3212459039068563,331776
1107000,146.0625,1.3220523713208117,1.3211081533302818,331776
1107500,146.12847222222223,1.3219510579074247,1.3210583702626386,331776
1108000,146.19444444444446,1.3218211263556596,1.3208960987688159,331776
1108500,146.26041666666669,1.3217128679264718,1.3208571873493866,331776
1109000,146.32638888888889,1.3216105686485666,1.3207088949032508,331776
1109500,146.39236111111111,1.321470109038772,1.3204505401534063,331776
1110000,146.45833333333334,1.3213308585962447,1.3204254538118603,331776
1110500,146.52430555555557,1.3212381388555778,1.3203622568683597,331776
1111000,146.59027777777777,1.3210936642122957,1.320242921169176,331776
1111500,146.65625,1.3209632211738636,1.3202153447626563,331776
1112000,146.72222222222223,1.320820321084822,1.319925992604764,331776
1112500,146.78819444444446,1.320696591043558,1.319814985774448,331776
1113000,146.85416666666669,1.3205755935351535,1.3197101529383564,331776
1113500,146.92013888888889,1.320421034198556,1.3196604439685131,331776
1114000,146.98611111111111,1.3202728928719272,1.3193640168622895,331776
1114500,147.05208333333334,1.3201489988062207,1.3193997662676569,331776
1115000,147.11805555555557,1.320029410864715,1.3191497050332197,331776
1115500,147.18402777777777,1.3198621851459276,1.3189839191521684,331776
1116000,147.25,1.3197082863736662,1.3188706392069711,331776
1116500,147.31597222222223,1.3195623746694007,1.318530212956063,331776
1117000,147.38194444444446,1.3194023091466647,1.318503770420351,331776
1117500,147.44791666666669,1.3192511960340094,1.3184426217647767,331776
1118000,147.51388888888889,1.3191199946072956,1.318451544190451,331776
1118500,147.57986111111111,1.3189749182709003,1.3182995627706369,331776
1119000,147.64583333333334,1.3188001203187023,1.3180130416872622,331776
1119500,147.71180555555557,1.318626892615312,1.317854191446258,331776
1120000,147.77777777777777,1.3184813964640356,1.317659137352328,331776
1120500,147.84375,1.3183161366973912,1.3174838747301079,331776
1121000,147.90972222222223,1.318178227728074,1.3174348148463002,331776
1121500,147.97569444444446,1.3180315653062866,1.317164242528606,331776
1122000,148.04166666666669,1.3178810754634873,1.3171540739062113,331776
1122500,148.10763888888889,1.317720468802145,1.3169465956671322,331776
1123000,148.17361111111111,1.3175327782935087,1.316866487436299,331776
1123500,148.23958333333334,1.3173882323396053,1.3166404515193695,331776
1124000,148.30555555555557,1.3172110808162398,1.3165176574759037,331776
1124500,148.37152777777777,1.3170541609926254,1.316425351941432,331776
1125000,148.4375,1.3169172037845902,1.3160799654053004,331776
1125500,148.50347222222223,1.3167287302358188,1.3160509531747508,331776
1126000,148.56944444444446,1.3165827471829366,1.315895085659105,331776
1126500,148.63541666666669,1.31642060908838,1.315694563939266,331776
1127000,148.70138888888889,1.3162566826623172,1.3155827204105737,331776
1127500,148.76736111111111,1.3161003377822225,1.3153596829057248,331776
1128000,148.83333333333334,1.3159337629782306,1.3152719203900747,331776
1128500,148.89930555555557,1.3157683660494643,1.3150682142714354,331776
1129000,148.96527777777777,1.315594294133149,1.3148048871854363,331776
1129500,149.03125,1.3154255770658057,1.314665988572951,331776
1130000,149.09722222222223,1.3152479598110742,1.3145315363819707,331776
1130500,149.16319444444446,1.3150831773726745,1.3145230895675954,331776
1131000,149.22916666666669,1.3149196832023449,1.3143250454195483,331776
1131500,149.29513888888889,1.314743721958961,1.3139922277646283,331776
1132000,149.36111111111111,1.31455925640042,1.3137517308283369,331776
1132500,149.42708333333334,1.3144059121814864,1.313720134521092,331776
1133000,149.49305555555557,1.314218497735271,1.3136142234211134,331776
1133500,149.55902777777777,1.3140514069357438,1.3132427739871546,331776
1134000,149.625,1.3138612959230316,1.3131535758757533,331776
1134500,149.69097222222223,1.313697149368481,1.3130003816801827,331776
1135000,149.75694444444446,1.3135002715278636,1.3127594985210171,331776
1135500,149.82291666666669,1.3133283311135588,1.312735577755396,331776
1136000,149.88888888888889,1.313168797614337,1.3125400887813181,331776
1136500,149.95486111111111,1.3129922708401796,1.3123511429671662,331776
1137000,150.02083333333334,1.312785460754309,1.312246733123504,331776
1137500,150.08680555555557,1.3126354656548016,1.3119289785586221,331776
1138000,150.15277777777777,1.312462700287817,1.3117152649948447,331776
1138500,150.21875,1.3122775320689217,1.3115805380361176,331776
1139000,150.28472222222223,1.3121268760450415,1.311370907188845,331776
1139500,150.35069444444446,1.311936776390227,1.3112730287283616,331776
1140000,150.41666666666669,1.3117877053416924,1.3111417208487206,331776
1140500,150.48263888888889,1.3116199767314338,1.3109031620412304,331776
1141000,150.54861111111111,1.3114427237910509,1.310714208176385,331776
1141500,150.61458333333334,1.3112938542280583,1.310599793279394,331776
1142000,150.68055555555557,1.3111250105974877,1.310536848855897,331776
1142500,150.74652777777777,1.3109428128794909,1.3102659694589347,331776
1143000,150.8125,1.3107601017456876,1.3101015029451561,331776
1143500,150.87847222222223,1.3106011834069573,1.3099238896773535,331776
1144000,150.94444444444446,1.310450689396066,1.3097712760783682,331776
1144500,151.01041666666669,1.3102646271905847,1.3096103415940323,331776
1145000,151.07638888888889,1.3101290526885863,1.309621859872038,331776
1145500,151.14236111111111,1.3099705330577613,1.3094329474417914,331776
1146000,151.20833333333334,1.3097940634038292,1.309161167852585,331776
1146500,151.27430555555557,1.309648466051362,1.3090668775447574,331776
1147000,151.34027777777777,1.3094792597180451,1.308849109493473,331776
1147500,151.40625,1.3093285664546406,1.3088457351419573,331776
1148000,151.47222222222223,1.3091580048979417,1.3084639196570116,331776
1148500,151.53819444444446,1.3089908085994897,1.3083597213496319,331776
1149000,151.60416666666669,1.3088214038142894,1.3082160722262142,331776
1149500,151.67013888888889,1.3086941525519886,1.3081274218697299,331776
1150000,151.73611111111111,1.30852918147496,1.3078750130594385,331776
1150500,151.80208333333334,1.3083929438629682,1.307611541378098,331776
1151000,151.86805555555557,1.3082602723181072,1.3075765120471206,331776
1151500,151.93402777777777,1.3081082823158339,1.3075623309997666,331776
1152000,152.0,1.307941764661001,1.3073145006401292,331776
1152500,152.06597222222223,1.3078278240395025,1.3072686265036473,331776
1153000,152.13194444444446,1.3076837485726935,1.306944183942441,331776
1153500,152.19791666666669,1.307547482088063,1.306922203516736,331776
1154000,152.26388888888889,1.3073921012297673,1.3067610062229646,331776
1154500,152.32986111111111,1.307288255839678,1.3067651674021716,331776
1155000,152.39583333333334,1.3071644475330606,1.3064362257529762,331776
1155500,152.46180555555557,1.3070277916426924,1.3062362368241112,331776
1156000,152.52777777777777,1.3068940817679753,1.3063721465463303,331776
1156500,152.59375,1.3067718672369089,1.305976738851033,331776
1157000,152.65972222222223,1.3066515987740794,1.305971932092315,331776
1157500,152.72569444444446,1.3065325954517253,1.305870552015807,331776
1158000,152.79166666666669,1.3064208390047687,1.3058474682380854,331776
1158500,152.85763888888889,1.3063102547149887,1.305655744889707,331776
1159000,152.92361111111111,1.3061636270591814,1.3055962204564309,331776
1159500,152.98958333333334,1.3060432215445619,1.3053944801976938,331776
1160000,153.05555555555557,1.305918886309521,1.305124326284705,331776
1160500,153.12152777777777,1.3058452258417288,1.30505510949195,331776
1161000,153.1875,1.3056955537204087,1.3050043351127927,331776
1161500,153.25347222222223,1.3055995933498006,1.3048896834510364,331776
1162000,153.31944444444446,1.3054865745486488,1.3047747243639063,331776
1162500,153.38541666666669,1.3053841120263987,1.3045711745957003,331776
1163000,153.45138888888889,1.30526722533836,1.3044348076489862,331776
1163500,153.51736111111111,1.305156839323402,1.3043993174075297,331776
1164000,153.58333333333334,1.305019790186832,1.304249686403738,331776
1164500,153.64930555555557,1.304945473527667,1.3043792225521127,331776
1165000,153.71527777777777,1.3048412980903579,1.3040154401693078,331776
1165500,153.78125,1.3047352075546852,1.3039902330871773,331776
1166000,153.84722222222223,1.3046405262764245,1.3039413937979214,331776
1166500,153.91319444444446,1.3045431575888033,1.3038231642016775,331776
1167000,153.97916666666669,1.3044801193358257,1.3037021415139638,331776
1167500,154.04513888888889,1.3043808907343544,1.3035901763168338,331776
1168000,154.11111111111111,1.3042900614828377,1.3035463861860204,331776
1168500,154.17708333333334,1.3042023678791193,1.3034140217152248,331776
1169000,154.24305555555557,1.304101162420351,1.3033465172184486,331776
1169500,154.30902777777777,1.3039868216194777,1.3033112665367557,331776
1170000,154.375,1.3039188689148282,1.3031408826245763,331776
1170500,154.44097222222223,1.303859143057291,1.303116256458108,331776
1171000,154.50694444444446,1.3037789239257203,1.30295609164732,331776
1171500,154.57291666666669,1.303706265674448,1.302867799475913,331776
1172000,154.63888888888889,1.303594360916874,1.3028658346271218,331776
1172500,154.70486111111111,1.3035404828182664,1.302816286871629,331776
1173000,154.77083333333334,1.3034432014404325,1.302582885236966,331776
1173500,154.83680555555557,1.3033887907182982,1.3025763716765444,331776
1174000,154.90277777777777,1.3032763449079576,1.3025170807126494,331776
1174500,154.96875,1.3031946432747739,1.3024176896348356,331776
1175000,155.03472222222223,1.303115898475651,1.3023536803255409,331776
1175500,155.10069444444446,1.3030487918418516,1.3022809678748444,331776
1176000,155.16666666666669,1.3029804788450383,1.3023003887956976,331776
1176500,155.23263888888889,1.3029006711237072,1.3021265567079636,331776
1177000,155.29861111111111,1.302810890599991,1.3019284783654879,331776
1177500,155.36458333333334,1.3027704056308091,1.3018693494151827,331776
1178000,155.43055555555557,1.3026666773847162,1.3017967730384803,331776
1178500,155.49652777777777,1.302602504057464,1.3017306561226878,331776
1179000,155.5625,1.3025585346229198,1.3017702895413927,331776
1179500,155.62847222222223,1.3024777892468933,1.3016537975562041,331776
1180000,155.69444444444446,1.3023776275513281,1.3016121842158384,331776
1180500,155.76041666666669,1.3023207802151242,1.3014537475417791,331776
1181000,155.82638888888889,1.3022215825864112,1.3013763971985168,331776
1181500,155.89236111111111,1.3021593498972392,1.3012887715097445,331776
1182000,155.95833333333334,1.3020871391628708,1.3013269620861658,331776
1182500,156.02430555555557,1.3020193497770853,1.3013237767808903,331776
1183000,156.09027777777777,1.3019329507128226,1.301183500326376,331776
1183500,156.15625,1.301867320012569,1.300994299564603,331776
1184000,156.22222222222223,1.3018031408195163,1.30096969691688,331776
1184500,156.28819444444446,1.3016957368989526,1.3009526321239604,331776
1185000,156.35416666666669,1.3016599310908243,1.3007671944599695,331776
1185500,156.42013888888889,1.301566874437636,1.3007914328803396,331776
1186000,156.48611111111111,1.3014925561534096,1.3006245716077909,331776
1186500,156.55208333333334,1.3014054297218975,1.3006143306549895,331776
1187000,156.61805555555557,1.3013404059207807,1.3004778636281358,331776
1187500,156.68402777777777,1.3012837592879016,1.3005062093791862,331776
1188000,156.75,1.3011847991997745,1.3002706299416054,331776
1188500,156.81597222222223,1.3011121854936192,1.300267447866541,331776
1189000,156.88194444444446,1.3010156757813844,1.3001749262132969,331776
1189500,156.94791666666669,1.3009523335011506,1.30015321575481,331776
1190000,157.01388888888889,1.3008224055336652,1.3000846970129354,331776
1190500,157.07986111111111,1.3007629437983974,1.299750179626461,331776
1191000,157.14583333333334,1.3006818818179966,1.299792079867899,331776
1191500,157.21180555555557,1.3005829614948212,1.2996355225298497,331776
1192000,157.27777777777777,1.3004737163248588,1.2996623098323068,331776
1192500,157.34375,1.3004039803215954,1.2995144747861418,331776
1193000,157.40972222222223,1.3003218815512032,1.2994370350483635,331776
1193500,157.47569444444446,1.300224754768024,1.299493314556444,331776
1194000,157.54166666666669,1.3001079090359067,1.2991737119814268,331776
1194500,157.60763888888889,1.3000207087476527,1.2991423891361953,331776
1195000,157.67361111111111,1.2999617825177323,1.2991592526344768,331776
1195500,157.73958333333334,1.2998628619665527,1.299084223521434,331776
1196000,157.80555555555557,1.2997394949985464,1.2989536519647455,331776
1196500,157.87152777777777,1.2996538270510563,1.298810950235766,331776
1197000,157.9375,1.2995625502182127,1.2987356485560873,331776
1197500,158.00347222222223,1.299462251856734,1.298624274125328,331776
1198000,158.06944444444446,1.2993675471525772,1.2985368668160526,331776
1198500,158.13541666666669,1.2993035886009239,1.2985259863938148,331776
1199000,158.20138888888889,1.2991731148915757,1.2983006639141903,331776
1199500,158.26736111111111,1.2990692289737462,1.298259051997771,331776
1200000,158.33333333333334,1.2989169260674673,1.298162827249587,331776
