omega_over_omega_ci,phase_velocity_over_va,ridge_rank,spectral_power
0.03968327562429206,0.07489583333333333,1,138225898321.54288
0.07936655124858412,0.2740625,1,126371831417.65714
0.11904982687287619,0.3736458333333333,1,49165953146.56754
0.15873310249716824,0.5230208333333334,1,37700654932.11437
0.15873310249716824,0.17447916666666666,2,2061868463.5329278
0.19841637812146032,0.6226041666666666,1,29359041647.390335
0.19841637812146032,0.2242708333333333,2,2224841837.4264417
0.23809965374575237,0.7719791666666667,1,18140429006.21495
0.23809965374575237,0.3736458333333333,2,5758956184.545528
0.27778292937004445,0.8715625,1,15194304384.565403
0.27778292937004445,0.42343749999999997,2,4499378112.1548815
0.3174662049943365,1.0209375,1,16191598567.558094
0.3174662049943365,0.5230208333333334,2,3575676528.3361807
0.35714948061862856,1.1205208333333334,1,14404394045.352924
0.35714948061862856,0.5728125000000001,2,2590485901.4972944
0.39683275624292064,1.2698958333333332,1,9608616745.571018
0.39683275624292064,0.6226041666666666,2,1907795570.2912757
0.4365160318672127,1.3694791666666666,1,5499443307.227655
0.4365160318672127,0.6723958333333333,2,1224279173.177861
0.47619930749150474,1.5188541666666666,1,3871618541.305276
0.47619930749150474,0.7719791666666667,2,1065236673.8923764
0.5158825831157968,1.6184375,1,2357242829.8138437
0.5158825831157968,0.8217708333333333,2,850931176.9924887
0.5555658587400889,1.7678125,1,2733233650.9316287
0.5555658587400889,0.8715625,2,648928157.5579863
0.5952491343643809,1.9171875,1,7164683831.517811
0.5952491343643809,0.9711458333333334,2,1433722502.8845887
0.634932409988673,2.016770833333333,1,9010751364.105207
0.634932409988673,1.0209375,2,1375522502.270181
0.6746156856129651,2.166145833333333,1,7200329029.550251
0.6746156856129651,1.0707291666666667,2,1201718979.5064692
0.7142989612372571,2.2657291666666666,1,6532029512.795471
0.7142989612372571,1.1205208333333334,2,1293364791.3664422
0.7539822368615492,2.4151041666666666,1,6223603707.212076
0.7539822368615492,1.2201041666666668,2,1160637082.5604706
0.7936655124858413,2.5146874999999995,1,6810513899.483676
0.7936655124858413,1.2698958333333332,2,998905976.1714813
0.8333487881101332,2.6640624999999996,1,8489410749.803587
0.8333487881101332,1.3196875,2,1155167692.1972356
0.8730320637344254,2.763645833333333,1,6417100848.24381
0.8730320637344254,1.3694791666666666,2,986725174.6228172
0.9127153393587175,2.913020833333333,1,5155609700.137069
0.9127153393587175,1.4690625,2,890568577.3437049
0.9523986149830095,3.0126041666666663,1,4557838669.196852
0.9523986149830095,1.5188541666666666,2,914493323.5877279
0.9920818906073017,3.1619791666666663,1,4673232498.468094
0.9920818906073017,1.5686458333333333,2,891005561.3743323
1.0317651662315936,3.2615624999999997,1,4624251016.527239
1.0317651662315936,1.6184375,2,911025002.6836469
1.0714484418558856,3.4109374999999997,1,3946312501.264455
1.0714484418558856,1.7180208333333333,2,863268324.516757
1.1111317174801778,3.5603124999999998,1,4630077788.741817
1.1111317174801778,1.7678125,2,942643800.332691
1.1508149931044698,3.659895833333333,1,5996331298.6376295
1.1508149931044698,1.8176041666666667,2,904907287.3015165
1.1904982687287617,3.809270833333333,1,5218543269.089516
1.1904982687287617,1.9171875,2,993638898.593221
1.230181544353054,3.9088541666666665,1,5398861637.658562
1.230181544353054,1.9669791666666667,2,1231916883.4638891
1.269864819977346,4.058229166666667,1,5654296588.481779
1.269864819977346,2.016770833333333,2,1396417161.914778
1.309548095601638,4.1578125,1,5104402695.831993
1.309548095601638,2.0665625,2,1150385903.0761175
1.3492313712259303,4.3071874999999995,1,4432221844.002758
1.3492313712259303,2.166145833333333,2,1076554012.16897
1.3889146468502223,4.406770833333333,1,4081576861.871517
1.3889146468502223,2.2159375,2,1194661434.6374514
1.4285979224745142,4.556145833333334,1,4162018451.9846025
1.4285979224745142,2.2657291666666666,2,1256482757.7202268
1.4682811980988064,4.655729166666667,1,4183118236.509082
1.4682811980988064,2.3155208333333333,2,1171977117.1507518
1.5079644737230984,4.805104166666666,1,4350561403.071974
1.5079644737230984,2.4151041666666666,2,1098994876.942295
1.5476477493473904,4.9046875,1,4746773579.279149
1.5476477493473904,2.464895833333333,2,1145206189.0128455
1.5873310249716825,5.054062499999999,1,4843097094.710323
1.5873310249716825,2.5146874999999995,2,1214868412.5276527
1.6270143005959747,5.2034375,1,5064307837.684725
1.6270143005959747,2.614270833333333,2,1198332152.0834618
1.6666975762202665,5.303020833333333,1,5242678216.296162
1.6666975762202665,2.6640624999999996,2,1335216252.6746814
1.7063808518445587,5.452395833333332,1,6368166726.246731
1.7063808518445587,2.7138541666666662,2,1406844928.088587
1.7460641274688509,5.551979166666666,1,6703764735.824057
1.7460641274688509,2.763645833333333,2,1535887042.80304
1.7857474030931428,5.7013541666666665,1,5034760460.70363
1.7857474030931428,2.8632291666666663,2,1389875215.0289767
1.825430678717435,5.8009375,1,5817448107.382999
1.825430678717435,2.913020833333333,2,1606996907.5156405
1.865113954341727,5.950312499999999,1,6607966267.07633
1.865113954341727,2.9628124999999996,2,1620437382.921247
1.904797229966019,6.049895833333332,1,6097565876.435325
1.904797229966019,3.0126041666666663,2,1674468096.3283298
1.9444805055903112,6.199270833333333,1,6316808874.147606
1.9444805055903112,3.1121874999999997,2,1737716130.3943388
1.9841637812146034,6.298854166666667,1,7116807251.378464
1.9841637812146034,3.1619791666666663,2,1594819997.5496104
2.0238470568388953,6.448229166666666,1,7573147461.621296
2.0238470568388953,3.211770833333333,2,1654423585.2728221
2.0635303324631873,6.547812499999999,1,6893987635.756388
2.0635303324631873,3.2615624999999997,2,1599232508.8988233
2.1032136080874793,6.6971875,1,6002101520.554266
2.1032136080874793,3.361145833333333,2,1817163676.3796499
2.1428968837117712,6.796770833333333,1,6367146140.372652
2.1428968837117712,3.4109374999999997,2,2041336664.4380298
2.1825801593360636,6.946145833333333,1,6613491136.580819
2.1825801593360636,3.4607291666666664,2,1832633449.5845246
2.2222634349603556,7.0955208333333335,1,7201092641.293948
2.2222634349603556,3.5603124999999998,2,1831211882.5097833
2.2619467105846476,7.195104166666667,1,6351102456.963867
2.2619467105846476,3.6101041666666664,2,1778527593.9619489
2.3016299862089395,7.344479166666666,1,5959451602.365001
2.3016299862089395,3.659895833333333,2,1578464336.8888702
2.341313261833232,7.444062499999999,1,5669971960.772593
2.341313261833232,3.7096875,2,1580212146.7151608
2.3809965374575235,7.5934375,1,6057421735.667573
2.3809965374575235,3.809270833333333,2,1882616334.9671597
2.420679813081816,7.693020833333334,1,6191450389.90146
2.420679813081816,3.8590625,2,1883632116.3829694
2.460363088706108,7.842395833333333,1,7452004227.550849
2.460363088706108,3.9088541666666665,2,2213750827.81166
2.5000463643304,7.941979166666666,1,7636967118.728158
2.5000463643304,3.958645833333333,2,2115942518.7564454
2.539729639954692,8.091354166666667,1,6919654046.372163
2.539729639954692,4.058229166666667,2,1993388711.5747824
2.5794129155789842,8.1909375,1,6982312781.453324
2.5794129155789842,4.108020833333333,2,2068444962.8672905
2.619096191203276,8.3403125,1,7606277677.05422
2.619096191203276,4.1578125,2,1935416256.1127448
2.658779466827568,8.439895833333335,1,7540819497.076801
2.658779466827568,4.207604166666666,2,1976732841.079095
2.6984627424518606,8.589270833333334,1,8027326173.54754
2.6984627424518606,4.3071874999999995,2,2019957552.82928
2.738146018076152,8.738645833333333,1,9817754706.63107
2.738146018076152,4.356979166666667,2,2281374365.306125
2.7778292937004445,8.838229166666668,1,9911787703.810535
2.7778292937004445,4.406770833333333,2,2402674859.676797
2.8175125693247365,8.987604166666667,1,8926756687.086128
2.8175125693247365,4.506354166666666,2,2228863400.5061197
2.8571958449490285,9.0871875,1,8022474248.349006
2.8571958449490285,4.556145833333334,2,2312961264.3772783
2.8968791205733204,9.236562500000002,1,7985760352.782851
2.8968791205733204,4.6059375,2,2177349472.35841
2.936562396197613,9.336145833333333,1,9295826991.640759
2.936562396197613,4.655729166666667,2,2004031330.9450884
2.9762456718219044,9.485520833333334,1,9877913961.081799
2.9762456718219044,4.7553125000000005,2,2106278953.1039562
3.0159289474461968,9.585104166666667,1,8744239073.440664
3.0159289474461968,4.805104166666666,2,2419930602.488468
3.0556122230704887,9.734479166666667,1,9577636331.981373
3.0556122230704887,4.854895833333332,2,2280621332.392528
3.0952954986947807,9.8340625,1,9564161051.632032
3.0952954986947807,4.9046875,2,1858937738.2737598
3.134978774319073,9.9834375,1,9721276441.608887
3.134978774319073,5.004270833333333,2,2323040342.2917094
3.174662049943365,10.083020833333332,1,9412154826.80959
3.174662049943365,5.054062499999999,2,2630966241.0361032
3.214345325567657,10.232395833333333,1,9249491684.036583
3.214345325567657,5.103854166666666,2,2547757931.734758
3.2540286011919495,10.381770833333334,1,9797333977.424244
3.2540286011919495,5.2034375,2,2501165591.5126457
3.2937118768162414,10.481354166666666,1,9333446308.13015
3.2937118768162414,5.2532291666666655,2,2425584091.3344374
3.333395152440533,10.630729166666667,1,8361966695.079209
3.333395152440533,5.303020833333333,2,2341846514.580984
3.373078428064826,10.7303125,1,9450844512.118662
3.373078428064826,5.352812499999999,2,2348394459.3419595
3.4127617036891174,10.8796875,1,10128409557.290207
3.4127617036891174,5.452395833333332,2,2182719409.5169654
3.4524449793134093,10.979270833333334,1,9964007915.75206
3.4524449793134093,5.5021875,2,2302715927.1754913
3.4921282549377017,11.128645833333334,1,9989107613.160278
3.4921282549377017,5.551979166666666,2,2555904820.35754
3.5318115305619937,11.228229166666667,1,8893243008.961727
3.5318115305619937,5.601770833333333,2,2361691964.0740576
3.5714948061862857,11.377604166666668,1,8984801632.304546
3.5714948061862857,5.7013541666666665,2,2473903865.135276
3.611178081810578,11.4771875,1,10470209854.560684
3.611178081810578,5.751145833333332,2,2355720951.846008
3.65086135743487,11.6265625,1,10845222144.170475
3.65086135743487,5.8009375,2,2611976358.268476
3.6905446330591616,11.726145833333334,1,10710820446.706404
3.6905446330591616,5.850729166666666,2,2818152554.8398843
3.730227908683454,11.875520833333333,1,10139720755.061419
3.730227908683454,5.950312499999999,2,2402072759.745498
3.769911184307746,11.975104166666668,1,10001680606.965397
3.769911184307746,6.000104166666667,2,2593089507.813362
3.809594459932038,6.049895833333332,1,2558016757.159757
3.809594459932038,4.058229166666667,2,1197361984.1778255
3.8492777355563303,6.149479166666666,1,2401032565.269211
3.8492777355563303,4.108020833333333,2,1306016274.1656528
3.8889610111806223,6.199270833333333,1,2481139733.4808025
3.8889610111806223,4.108020833333333,2,1172420600.3331332
3.928644286804914,6.249062499999999,1,2458778255.2234664
3.928644286804914,4.1578125,2,1025447219.2752819
3.9683275624292067,6.298854166666667,1,2937869403.9979753
3.9683275624292067,4.207604166666666,2,1250930635.027175
4.008010838053498,6.3984375,1,2929586093.673902
4.008010838053498,4.257395833333334,2,1209148933.136794
4.047694113677791,6.448229166666666,1,2815790649.088538
4.047694113677791,4.3071874999999995,2,1345515461.0737357
4.087377389302083,6.498020833333333,1,2555721675.141878
4.087377389302083,4.356979166666667,2,1318060051.4977312
4.127060664926375,6.547812499999999,1,2784427135.859638
4.127060664926375,4.356979166666667,2,1315725733.7823682
4.166743940550666,6.6473958333333325,1,2985717368.2311707
4.166743940550666,4.406770833333333,2,1481981347.0219846
4.2064272161749585,6.6971875,1,2683605219.183948
4.2064272161749585,4.4565625,2,1302772255.0753074
4.246110491799251,6.746979166666666,1,2788190526.987711
4.246110491799251,4.506354166666666,2,1121153720.7254868
4.2857937674235425,6.796770833333333,1,2693250505.42067
4.2857937674235425,4.556145833333334,2,1281037220.659223
4.325477043047835,6.896354166666667,1,3072999766.0282726
4.325477043047835,4.6059375,2,1446584667.0490203
4.365160318672127,6.946145833333333,1,2967123978.2588224
4.365160318672127,4.655729166666667,2,1495582362.978104
4.404843594296419,6.9959375,1,2841841466.201412
4.404843594296419,4.655729166666667,2,1425072737.082119
4.444526869920711,7.0955208333333335,1,2579953275.094559
4.444526869920711,4.705520833333333,2,1417460583.2836533
4.484210145545003,7.145312499999999,1,2698419198.0719914
4.484210145545003,4.7553125000000005,2,1243358554.0552034
4.523893421169295,7.195104166666667,1,2926100036.70145
4.523893421169295,4.805104166666666,2,1303267514.5753112
4.563576696793588,7.244895833333333,1,2917715658.8552933
4.563576696793588,4.854895833333332,2,1443206345.7685246
4.603259972417879,7.344479166666666,1,2665735078.02999
4.603259972417879,4.9046875,2,1436095873.7173357
4.6429432480421715,7.394270833333334,1,2879798282.4626093
4.6429432480421715,4.9046875,2,1625462015.387744
4.682626523666464,7.444062499999999,1,2602983685.209524
4.682626523666464,4.954479166666665,2,1424323959.2960386
4.7223097992907554,7.493854166666667,1,2894839895.3462286
4.7223097992907554,5.004270833333333,2,1381974563.2754588
4.761993074915047,7.5934375,1,3022778164.051014
4.761993074915047,5.054062499999999,2,1324217297.57311
4.80167635053934,7.643229166666666,1,3189738748.2957964
4.80167635053934,5.103854166666666,2,1401392265.0864592
4.841359626163632,7.693020833333334,1,3319307743.5143614
4.841359626163632,5.153645833333332,2,1447702391.9151711
4.881042901787923,7.792604166666667,1,3199147545.0613785
4.881042901787923,5.2034375,2,1446231126.2320046
4.920726177412216,7.842395833333333,1,3322414494.1011133
4.920726177412216,5.2034375,2,1504204865.285039
4.960409453036508,7.8921875,1,2968602055.7030945
4.960409453036508,5.2532291666666655,2,1390634477.4835305
5.0000927286608,7.941979166666666,1,3062443820.2425213
5.0000927286608,5.303020833333333,2,1503066485.9507065
5.039776004285092,8.041562500000001,1,3324846288.956669
5.039776004285092,5.352812499999999,2,1496162779.7382526
5.079459279909384,8.091354166666667,1,3502430174.074708
5.079459279909384,5.402604166666666,2,1630988940.0325274
5.119142555533676,8.141145833333333,1,3048821981.0453053
5.119142555533676,5.452395833333332,2,1696353167.897705
5.1588258311579684,8.1909375,1,3183673348.0412474
5.1588258311579684,5.452395833333332,2,1682029676.594129
5.19850910678226,8.290520833333334,1,3248530985.142641
5.19850910678226,5.5021875,2,1539885203.6771202
5.238192382406552,8.3403125,1,3213261315.3842573
5.238192382406552,5.551979166666666,2,1480426657.0340748
5.277875658030845,8.390104166666667,1,3195106366.1861925
5.277875658030845,5.601770833333333,2,1604329642.0407062
5.317558933655136,8.439895833333335,1,3293402555.5842924
5.317558933655136,5.651562499999999,2,1571279585.4982772
5.357242209279428,8.539479166666666,1,3697536831.2960043
5.357242209279428,5.7013541666666665,2,1480112657.5351744
5.396925484903721,8.589270833333334,1,3878435180.2229013
5.396925484903721,5.751145833333332,2,1502504072.574729
5.436608760528013,8.639062500000001,1,3311508376.7723293
5.436608760528013,5.751145833333332,2,1437137190.3308907
5.476292036152304,8.738645833333333,1,3278798800.5411034
5.476292036152304,5.8009375,2,1611844033.710102
5.515975311776597,8.7884375,1,2920890721.375272
5.515975311776597,5.850729166666666,2,1609926729.8628774
5.555658587400889,8.838229166666668,1,3507688059.276594
5.555658587400889,5.900520833333333,2,1623720399.0782337
5.5953418630251806,8.888020833333334,1,3822954764.398773
5.5953418630251806,5.950312499999999,2,1586763488.9572697
5.635025138649473,8.987604166666667,1,3163094389.0670805
5.635025138649473,6.000104166666667,2,1427337290.2945046
5.674708414273765,9.037395833333335,1,3049805333.9285088
5.674708414273765,6.000104166666667,2,1397783004.878386
5.714391689898057,9.0871875,1,3260190236.963805
5.714391689898057,6.049895833333332,2,1398531352.898728
5.754074965522349,9.136979166666666,1,3523086192.564308
5.754074965522349,6.0996875,2,1494703860.387517
5.793758241146641,9.236562500000002,1,3459671552.2668095
5.793758241146641,6.149479166666666,2,1578232814.6177125
5.833441516770933,9.286354166666667,1,3609127200.855219
5.833441516770933,6.199270833333333,2,1591987787.5044231
5.873124792395226,9.336145833333333,1,3637414736.497551
5.873124792395226,6.249062499999999,2,1744678845.4447446
5.912808068019517,9.3859375,1,3437780483.456499
5.912808068019517,6.249062499999999,2,1494706350.764133
5.952491343643809,9.485520833333334,1,3567045453.840479
5.952491343643809,6.298854166666667,2,1589977077.4209728
5.992174619268102,9.5353125,1,3886885668.8009014
5.992174619268102,6.348645833333332,2,1675886025.50275
6.0318578948923935,9.585104166666667,1,4062382835.501503
6.0318578948923935,6.3984375,2,1746257279.3926654
6.071541170516685,9.684687499999999,1,3839721383.7855644
6.071541170516685,6.448229166666666,2,1621924067.7727513
6.1112244461409775,9.734479166666667,1,3557784462.352707
6.1112244461409775,6.498020833333333,2,1472726210.6690717
6.15090772176527,9.784270833333334,1,3708746251.855261
6.15090772176527,6.547812499999999,2,1758678530.3323202
6.190590997389561,9.8340625,1,3982687458.8622103
6.190590997389561,6.547812499999999,2,1851636872.0779643
6.230274273013854,9.933645833333333,1,3799016630.9711714
6.230274273013854,6.597604166666667,2,1776587767.4106283
6.269957548638146,9.9834375,1,3598337241.705392
6.269957548638146,6.6473958333333325,2,1590355568.7362938
6.309640824262438,10.033229166666667,1,3941847666.915882
6.309640824262438,6.6971875,2,1766824043.5478296
6.34932409988673,10.083020833333332,1,4102353694.880515
6.34932409988673,6.746979166666666,2,1669339727.0919642
6.389007375511023,10.182604166666668,1,4008406449.2999277
6.389007375511023,6.796770833333333,2,1543744384.106771
6.428690651135314,10.232395833333333,1,4033934938.6835594
6.428690651135314,6.796770833333333,2,1773338320.9638987
6.4683739267596065,10.2821875,1,4268946034.2306156
6.4683739267596065,6.846562499999999,2,2066239567.6921206
6.508057202383899,10.381770833333334,1,3833007395.418727
6.508057202383899,6.896354166666667,2,1862456435.2076669
6.5477404780081905,10.4315625,1,3584161366.837311
6.5477404780081905,6.946145833333333,2,1783757547.5573077
6.587423753632483,10.481354166666666,1,3477752868.3314934
6.587423753632483,6.9959375,2,1729234599.8972
6.627107029256775,10.531145833333333,1,3874750779.545429
6.627107029256775,7.045729166666666,2,1707577292.4672866
6.666790304881066,10.630729166666667,1,3941139190.7359924
6.666790304881066,7.0955208333333335,2,1658685724.15377
6.706473580505358,10.680520833333333,1,3735037978.85211
6.706473580505358,7.0955208333333335,2,1629183292.8064227
6.746156856129652,10.7303125,1,3614283774.2499094
6.746156856129652,7.145312499999999,2,1665116820.2924733
6.785840131753942,10.780104166666668,1,3504311829.2821054
6.785840131753942,7.195104166666667,2,1616327960.7033272
6.825523407378235,10.8796875,1,4009314271.6977615
6.825523407378235,7.244895833333333,2,1898800808.368503
6.865206683002527,10.929479166666667,1,4202230030.4866543
6.865206683002527,7.2946875,2,1911114276.208037
6.904889958626819,10.979270833333334,1,4279154992.9908094
6.904889958626819,7.344479166666666,2,1972321562.5114865
6.944573234251111,11.0290625,1,4116591769.4539785
6.944573234251111,7.344479166666666,2,2141556149.8094773
6.9842565098754035,11.128645833333334,1,3941529608.102891
6.9842565098754035,7.394270833333334,2,1912943402.565434
7.023939785499695,11.178437500000001,1,3839816438.02645
7.023939785499695,7.444062499999999,2,1783090390.3193808
7.063623061123987,11.228229166666667,1,4554574808.245778
7.063623061123987,7.493854166666667,2,1955778873.8087788
7.10330633674828,11.3278125,1,4206404964.633214
7.10330633674828,7.543645833333333,2,1904348762.1942759
7.142989612372571,11.377604166666668,1,3994260030.267256
7.142989612372571,7.5934375,2,1802380030.2920828
7.182672887996864,11.427395833333334,1,4239531981.887206
7.182672887996864,7.643229166666666,2,1907862311.1370983
7.222356163621156,11.4771875,1,4028664169.162586
7.222356163621156,7.643229166666666,2,1823041350.8548336
7.262039439245447,11.576770833333335,1,3689852146.7253256
7.262039439245447,7.693020833333334,2,1799703422.241191
7.30172271486974,11.6265625,1,3843643496.9119444
7.30172271486974,7.742812499999999,2,1978410496.953765
7.3414059904940325,11.676354166666666,1,3806594866.1204214
7.3414059904940325,7.792604166666667,2,1689345949.550745
7.381089266118323,11.726145833333334,1,4055468150.689373
7.381089266118323,7.842395833333333,2,1788642804.987093
7.420772541742616,11.825729166666667,1,4034263465.158784
7.420772541742616,7.8921875,2,1909211603.5172405
7.460455817366908,11.875520833333333,1,4126845411.02917
7.460455817366908,7.8921875,2,1725286638.5418253
7.5001390929911995,11.9253125,1,3679710212.1665983
7.5001390929911995,7.941979166666666,2,1619472651.8994265
7.539822368615492,11.975104166666668,1,3844115207.1412582
7.539822368615492,7.991770833333334,2,1953203529.6638498
7.579505644239784,8.041562500000001,1,1971770494.373167
7.579505644239784,6.049895833333332,2,1117339774.322546
7.619188919864076,8.091354166666667,1,1868051901.596716
7.619188919864076,6.049895833333332,2,1114611456.3100224
7.658872195488368,8.141145833333333,1,2075157301.6208544
7.658872195488368,6.0996875,2,1043486313.9228888
7.698555471112661,8.1909375,1,2173342523.766036
7.698555471112661,6.149479166666666,2,1246560295.9290838
7.738238746736952,8.1909375,1,1817422788.5083237
7.738238746736952,6.149479166666666,2,1077061020.4068704
7.777922022361245,8.240729166666668,1,1852355277.3867283
7.777922022361245,6.199270833333333,2,1071273872.9087696
7.817605297985537,8.290520833333334,1,1891473716.459363
7.817605297985537,6.199270833333333,2,1102325268.7805905
7.857288573609828,8.3403125,1,1787582908.4586267
7.857288573609828,6.249062499999999,2,1100926759.164103
7.896971849234121,8.390104166666667,1,1804907651.970645
7.896971849234121,6.298854166666667,2,1030273765.4025779
7.936655124858413,8.439895833333335,1,1995179036.6119661
7.936655124858413,6.298854166666667,2,1034170189.7434998
7.976338400482704,8.439895833333335,1,1948952710.2044287
7.976338400482704,6.348645833333332,2,1051549708.9595809
8.016021676106996,8.4896875,1,1786196405.7482033
8.016021676106996,6.3984375,2,1010024695.4743037
8.05570495173129,8.539479166666666,1,1769360240.577052
8.05570495173129,6.3984375,2,1093236247.456406
8.095388227355581,8.589270833333334,1,1885056104.4691143
8.095388227355581,6.448229166666666,2,1148044529.6198244
8.135071502979873,8.639062500000001,1,1965072977.798149
8.135071502979873,6.498020833333333,2,1164221654.8365116
8.174754778604166,8.688854166666667,1,2223304140.7729845
8.174754778604166,6.498020833333333,2,1163419453.395029
8.214438054228456,8.738645833333333,1,2330902593.232848
8.214438054228456,6.547812499999999,2,1212582892.1966543
8.25412132985275,8.738645833333333,1,2129603728.0563135
8.25412132985275,6.547812499999999,2,1186225631.5068874
8.293804605477042,8.7884375,1,2180960890.0254364
8.293804605477042,6.597604166666667,2,1136947146.818922
8.333487881101332,8.838229166666668,1,1988500230.500226
8.333487881101332,6.6473958333333325,2,1060813644.9905238
8.373171156725626,8.888020833333334,1,2058024169.0953817
8.373171156725626,6.6473958333333325,2,1111287041.665628
8.412854432349917,8.9378125,1,1974687174.2172585
8.412854432349917,6.6971875,2,1090612429.7060132
8.452537707974209,8.987604166666667,1,2021299919.4589214
8.452537707974209,6.746979166666666,2,1198974193.8561382
8.492220983598502,8.987604166666667,1,1933753800.0694513
8.492220983598502,6.746979166666666,2,1212240969.2726064
8.531904259222793,9.037395833333335,1,1934815349.2486115
8.531904259222793,6.796770833333333,2,1199442589.2709007
8.571587534847085,9.0871875,1,2025201497.8835382
8.571587534847085,6.796770833333333,2,1211231358.333119
8.611270810471378,9.136979166666666,1,1994704611.6785088
8.611270810471378,6.846562499999999,2,1167919250.2408595
8.65095408609567,9.186770833333334,1,2167685970.2119923
8.65095408609567,6.896354166666667,2,1216813204.1350021
8.690637361719961,9.236562500000002,1,2199196738.178975
8.690637361719961,6.896354166666667,2,1134013513.7440023
8.730320637344255,9.286354166666667,1,2227431994.121731
8.730320637344255,6.946145833333333,2,1193170330.5653648
8.770003912968546,9.286354166666667,1,2144233155.6080685
8.770003912968546,6.9959375,2,1122418631.855596
8.809687188592838,9.336145833333333,1,2090704183.8320618
8.809687188592838,6.9959375,2,1066954578.4028296
8.849370464217131,9.3859375,1,1921978763.7811584
8.849370464217131,7.045729166666666,2,1079592228.5852432
8.889053739841422,9.435729166666668,1,1910214154.6495647
8.889053739841422,7.0955208333333335,2,1159732850.143186
8.928737015465714,9.485520833333334,1,2035086816.6699886
8.928737015465714,7.0955208333333335,2,1166251828.660624
8.968420291090005,9.5353125,1,2009705897.2727737
8.968420291090005,7.145312499999999,2,1138145792.0246158
9.008103566714299,9.5353125,1,1792115755.9128132
9.008103566714299,7.145312499999999,2,1087354704.4615855
9.04778684233859,9.585104166666667,1,2165978193.4689703
9.04778684233859,7.195104166666667,2,1155992742.7961144
9.087470117962882,9.634895833333333,1,2328972682.2006445
9.087470117962882,7.244895833333333,2,1181334770.7754545
9.127153393587175,9.684687499999999,1,2420672466.6916
9.127153393587175,7.244895833333333,2,1339831868.189971
9.166836669211467,9.734479166666667,1,2381104738.8584204
9.166836669211467,7.2946875,2,1315734829.0260234
9.206519944835758,9.784270833333334,1,2181385366.18377
9.206519944835758,7.344479166666666,2,1213298693.7720718
9.246203220460051,9.8340625,1,2046721205.5188541
9.246203220460051,7.344479166666666,2,1176039252.1855707
9.285886496084343,9.8340625,1,2183744068.8394594
9.285886496084343,7.394270833333334,2,1302923429.1483274
9.325569771708635,9.883854166666666,1,2289770289.023466
9.325569771708635,7.444062499999999,2,1275284101.4806132
9.365253047332928,9.933645833333333,1,1983848968.538289
9.365253047332928,7.444062499999999,2,1107293116.8423147
9.404936322957218,9.9834375,1,2025005015.3481026
9.404936322957218,7.493854166666667,2,1148594381.8520217
9.444619598581511,10.033229166666667,1,2322103281.6717844
9.444619598581511,7.493854166666667,2,1246503617.2203727
9.484302874205804,10.083020833333332,1,2291929461.0302715
9.484302874205804,7.543645833333333,2,1185200233.6528964
9.523986149830094,10.083020833333332,1,2182676710.169467
9.523986149830094,7.5934375,2,1136981754.1692667
9.563669425454387,10.1328125,1,2246625534.7707663
9.563669425454387,7.5934375,2,1139556490.1375504
9.60335270107868,10.182604166666668,1,2015418752.3995104
9.60335270107868,7.643229166666666,2,1209495487.4552999
9.64303597670297,10.232395833333333,1,1933136859.2385607
9.64303597670297,7.693020833333334,2,1272373907.987207
9.682719252327264,10.2821875,1,2059167566.0346432
9.682719252327264,7.693020833333334,2,1265725426.6783538
9.722402527951555,10.331979166666667,1,2222101689.970106
9.722402527951555,7.742812499999999,2,1272071276.1667686
9.762085803575847,10.381770833333334,1,1994502091.610835
9.762085803575847,7.792604166666667,2,1190231542.5769625
9.80176907920014,10.381770833333334,1,1987101742.4089966
9.80176907920014,7.792604166666667,2,1262409623.622682
9.841452354824431,10.4315625,1,2035819262.4227057
9.841452354824431,7.842395833333333,2,1231896812.0022268
9.881135630448723,10.481354166666666,1,1994763617.608611
9.881135630448723,7.842395833333333,2,1190853231.8076448
9.920818906073016,10.531145833333333,1,2352582444.592963
9.920818906073016,7.8921875,2,1244792568.0206451
9.960502181697308,10.580937500000001,1,2409417275.473051
9.960502181697308,7.941979166666666,2,1326808042.9537902
10.0001854573216,10.630729166666667,1,2335185731.2226725
10.0001854573216,7.941979166666666,2,1346829705.8964887
10.039868732945893,10.630729166666667,1,2125634713.1897173
10.039868732945893,7.991770833333334,2,1245955015.7409487
10.079552008570184,10.680520833333333,1,1887096075.762826
10.079552008570184,8.041562500000001,2,1247489213.0401592
10.119235284194476,10.7303125,1,2184400059.70004
10.119235284194476,8.041562500000001,2,1412294820.5788069
10.158918559818767,10.780104166666668,1,2267066034.5393066
10.158918559818767,8.091354166666667,2,1277515124.2421484
10.19860183544306,10.829895833333333,1,2390778064.0076
10.19860183544306,8.091354166666667,2,1289757864.2855778
10.238285111067352,10.8796875,1,2271209943.272231
10.238285111067352,8.141145833333333,2,1395560419.8413486
10.277968386691644,10.929479166666667,1,2145510387.4681644
10.277968386691644,8.1909375,2,1450569141.3637228
10.317651662315937,10.929479166666667,1,2271014283.3858976
10.317651662315937,8.1909375,2,1415463417.2948914
10.357334937940228,10.979270833333334,1,2228645767.709631
10.357334937940228,8.240729166666668,2,1331906836.1259975
10.39701821356452,11.0290625,1,2123652955.6769981
10.39701821356452,8.290520833333334,2,1203369171.236846
10.436701489188813,11.078854166666666,1,2173200363.5544243
10.436701489188813,8.290520833333334,2,1277256016.5645857
10.476384764813105,11.128645833333334,1,2371860922.5796785
10.476384764813105,8.3403125,2,1393364907.9467726
10.516068040437396,11.178437500000001,1,2463956845.745159
10.516068040437396,8.390104166666667,2,1409838875.4004288
10.55575131606169,11.178437500000001,1,2141881931.2200832
10.55575131606169,8.390104166666667,2,1315766389.3273869
10.595434591685981,11.228229166666667,1,2036780901.5254822
10.595434591685981,8.439895833333335,2,1196576339.9336624
10.635117867310273,11.278020833333333,1,2178635713.51674
10.635117867310273,8.439895833333335,2,1299580004.6471663
10.674801142934566,11.3278125,1,2451443090.597871
10.674801142934566,8.4896875,2,1368757711.0925922
10.714484418558856,11.377604166666668,1,2221140674.979088
10.714484418558856,8.539479166666666,2,1341769451.536356
10.754167694183149,11.427395833333334,1,2015626582.9375315
10.754167694183149,8.539479166666666,2,1213871684.9831247
10.793850969807442,11.4771875,1,2125238510.149356
10.793850969807442,8.589270833333334,2,1250227547.1811514
10.833534245431732,11.4771875,1,2127517404.6530209
10.833534245431732,8.639062500000001,2,1269134103.6803646
10.873217521056025,11.526979166666667,1,2474442197.412898
10.873217521056025,8.639062500000001,2,1430347934.9556494
10.912900796680317,11.576770833333335,1,2330028347.7501907
10.912900796680317,8.688854166666667,2,1308301270.3105078
10.952584072304608,11.6265625,1,2164306898.5324297
10.952584072304608,8.738645833333333,2,1283323008.0050173
10.992267347928902,11.676354166666666,1,2563931840.2917624
10.992267347928902,8.738645833333333,2,1458698472.376133
11.031950623553193,11.726145833333334,1,2586812148.872754
11.031950623553193,8.7884375,2,1509362162.912053
11.071633899177485,11.726145833333334,1,2531312051.396641
11.071633899177485,8.7884375,2,1518275585.5351553
11.111317174801778,11.775937500000001,1,2262768246.038001
11.111317174801778,8.838229166666668,2,1432680108.6481009
11.15100045042607,11.825729166666667,1,2432535019.605339
11.15100045042607,8.888020833333334,2,1399016094.868722
11.190683726050361,11.875520833333333,1,2580684786.500678
11.190683726050361,8.888020833333334,2,1423719918.208619
11.230367001674654,11.9253125,1,2501067439.9788904
11.230367001674654,8.9378125,2,1274851983.303626
11.270050277298946,11.975104166666668,1,2430880477.1025143
11.270050277298946,8.987604166666667,2,1158462800.7758293
11.309733552923237,11.975104166666668,1,2282857142.4494143
11.309733552923237,8.987604166666667,2,1052035935.404952
11.34941682854753,9.037395833333335,1,1241268853.3199196
11.34941682854753,7.244895833333333,2,803591843.8600655
11.389100104171822,9.0871875,1,1434168225.4489813
11.389100104171822,7.244895833333333,2,859961809.8407044
11.428783379796114,9.0871875,1,1465332011.096077
11.428783379796114,7.2946875,2,891547908.5593228
11.468466655420405,9.136979166666666,1,1479391588.5257454
11.468466655420405,7.2946875,2,927900354.9793572
11.508149931044699,9.136979166666666,1,1422357665.6850615
11.508149931044699,7.344479166666666,2,956884816.4857583
11.54783320666899,9.186770833333334,1,1333505195.0684166
11.54783320666899,7.344479166666666,2,883032367.2520318
11.587516482293282,9.236562500000002,1,1202685044.6356058
11.587516482293282,7.394270833333334,2,884013040.9088197
11.627199757917575,9.236562500000002,1,1352761477.4989347
11.627199757917575,7.394270833333334,2,901989862.6369691
11.666883033541867,9.286354166666667,1,1400586595.1372948
11.666883033541867,7.444062499999999,2,972760534.6291642
11.706566309166158,9.336145833333333,1,1328296757.880248
11.706566309166158,7.444062499999999,2,899984173.2578845
11.746249584790451,9.336145833333333,1,1349899184.118022
11.746249584790451,7.493854166666667,2,837793689.0198898
11.785932860414743,9.3859375,1,1440495883.7302847
11.785932860414743,7.493854166666667,2,921591598.1468139
11.825616136039034,9.3859375,1,1374412077.0976124
11.825616136039034,7.543645833333333,2,862645203.9187398
11.865299411663328,9.435729166666668,1,1339899574.6329212
11.865299411663328,7.543645833333333,2,822099371.148612
11.904982687287617,9.485520833333334,1,1459777098.5502234
11.904982687287617,7.5934375,2,905561040.2007794
11.94466596291191,9.485520833333334,1,1535197682.8438787
11.94466596291191,7.5934375,2,943626823.0290155
11.984349238536204,9.5353125,1,1478398662.8733082
11.984349238536204,7.643229166666666,2,998467197.3563595
12.024032514160494,9.585104166666667,1,1529352946.1804953
12.024032514160494,7.643229166666666,2,1118531788.870463
12.063715789784787,9.585104166666667,1,1388648794.8969717
12.063715789784787,7.693020833333334,2,1050879344.5084367
12.10339906540908,9.634895833333333,1,1265908207.8289022
12.10339906540908,7.693020833333334,2,883530480.3450665
12.14308234103337,9.684687499999999,1,1382797169.232913
12.14308234103337,7.742812499999999,2,848980655.075829
12.182765616657663,9.684687499999999,1,1379598253.2891817
12.182765616657663,7.742812499999999,2,1018601206.4094119
12.222448892281955,9.734479166666667,1,1456281833.5448828
12.222448892281955,7.792604166666667,2,942827302.3102174
12.262132167906246,9.734479166666667,1,1430107636.1166477
12.262132167906246,7.792604166666667,2,950751543.4423928
12.30181544353054,9.784270833333334,1,1392408206.2897863
12.30181544353054,7.842395833333333,2,903487903.1518455
12.341498719154831,9.8340625,1,1519157181.2496147
12.341498719154831,7.842395833333333,2,866501025.6210275
12.381181994779123,9.8340625,1,1400070536.5708838
12.381181994779123,7.8921875,2,872772187.5081954
12.420865270403416,9.883854166666666,1,1254325937.9580345
12.420865270403416,7.8921875,2,868153513.3301072
12.460548546027708,9.933645833333333,1,1439223003.3244648
12.460548546027708,7.941979166666666,2,949764540.6072807
12.500231821652,9.933645833333333,1,1392790644.5274096
12.500231821652,7.941979166666666,2,867084337.2026124
12.539915097276292,9.9834375,1,1364469577.2581568
12.539915097276292,7.991770833333334,2,933509624.7688031
12.579598372900584,10.033229166666667,1,1475182821.6280012
12.579598372900584,7.991770833333334,2,1028463413.741066
12.619281648524876,10.033229166666667,1,1492756440.1658726
12.619281648524876,8.041562500000001,2,1011401236.95929
12.658964924149169,10.083020833333332,1,1471361683.429865
12.658964924149169,8.041562500000001,2,925735296.7746792
12.69864819977346,10.083020833333332,1,1403993594.8075628
12.69864819977346,8.091354166666667,2,878436552.3780203
12.738331475397752,10.1328125,1,1408732720.6116915
12.738331475397752,8.091354166666667,2,976771391.1748042
12.778014751022045,10.182604166666668,1,1456015426.8245955
12.778014751022045,8.141145833333333,2,959762388.0698814
12.817698026646337,10.182604166666668,1,1517703516.0637636
12.817698026646337,8.141145833333333,2,1002990267.8104053
12.857381302270628,10.232395833333333,1,1551206264.3012314
12.857381302270628,8.1909375,2,1027187874.4886603
12.897064577894922,10.2821875,1,1426954519.753933
12.897064577894922,8.1909375,2,938665718.6823468
12.936747853519213,10.2821875,1,1452631220.2400799
12.936747853519213,8.240729166666668,2,865363669.5380745
12.976431129143505,10.331979166666667,1,1542313905.5193186
12.976431129143505,8.240729166666668,2,899624601.6877112
13.016114404767798,10.381770833333334,1,1491871479.1855297
13.016114404767798,8.290520833333334,2,1037131444.764658
13.05579768039209,10.381770833333334,1,1337929381.5381079
13.05579768039209,8.290520833333334,2,969748456.6249051
13.095480956016381,10.4315625,1,1343285023.6756954
13.095480956016381,8.3403125,2,1014269286.8379798
13.135164231640674,10.4315625,1,1361156319.835765
13.135164231640674,8.3403125,2,1041019878.1595931
13.174847507264966,10.481354166666666,1,1448499029.0301409
13.174847507264966,8.390104166666667,2,1028273052.1247478
13.214530782889256,10.531145833333333,1,1500491685.0371304
13.214530782889256,8.390104166666667,2,940625579.8017883
13.25421405851355,10.531145833333333,1,1528759090.0416775
13.25421405851355,8.439895833333335,2,884977588.0863132
13.293897334137842,10.580937500000001,1,1559873540.8405914
13.293897334137842,8.439895833333335,2,997847682.4798808
13.333580609762132,10.630729166666667,1,1625621502.7769003
13.333580609762132,8.4896875,2,1014791697.6417599
13.373263885386427,10.630729166666667,1,1634863802.0185986
13.373263885386427,8.4896875,2,959480890.917222
13.412947161010717,10.680520833333333,1,1655149634.4691114
13.412947161010717,8.539479166666666,2,1028934781.5302501
13.452630436635008,10.680520833333333,1,1357784647.0354338
13.452630436635008,8.539479166666666,2,1007771689.8143969
13.492313712259303,10.7303125,1,1397669389.7448292
13.492313712259303,8.589270833333334,2,926048505.9070034
13.531996987883593,10.780104166666668,1,1509618161.235838
13.531996987883593,8.639062500000001,2,887177915.5969234
13.571680263507885,10.780104166666668,1,1550500731.396347
13.571680263507885,8.639062500000001,2,937531448.4304776
13.611363539132178,10.829895833333333,1,1541299544.6576538
13.611363539132178,8.688854166666667,2,959817019.1865196
13.65104681475647,10.8796875,1,1440157550.0999231
13.65104681475647,8.688854166666667,2,914446012.2588196
13.690730090380761,10.8796875,1,1486251286.333786
13.690730090380761,8.738645833333333,2,1026803163.9388857
13.730413366005054,10.929479166666667,1,1446271363.207139
13.730413366005054,8.738645833333333,2,986514785.0724106
13.770096641629346,10.979270833333334,1,1394038924.637165
13.770096641629346,8.7884375,2,920686940.4793339
13.809779917253637,10.979270833333334,1,1258117711.7060633
13.809779917253637,8.7884375,2,873703993.3754053
13.84946319287793,11.0290625,1,1306300923.0264978
13.84946319287793,8.838229166666668,2,892297630.1523724
13.889146468502222,11.0290625,1,1489364640.43676
13.889146468502222,8.838229166666668,2,1004363356.2990894
13.928829744126514,11.078854166666666,1,1437742690.5335808
13.928829744126514,8.888020833333334,2,1097162335.5127048
13.968513019750807,11.128645833333334,1,1486579871.503439
13.968513019750807,8.888020833333334,2,1015581311.7001514
14.008196295375098,11.128645833333334,1,1590948431.2983503
14.008196295375098,8.9378125,2,1046993827.1589651
14.04787957099939,11.178437500000001,1,1368587610.7270136
14.04787957099939,8.9378125,2,992142199.1059303
14.087562846623683,11.228229166666667,1,1430567897.0556002
14.087562846623683,8.987604166666667,2,868869647.392767
14.127246122247975,11.228229166666667,1,1796115521.9868956
14.127246122247975,8.987604166666667,2,1051893973.8168831
14.166929397872266,11.278020833333333,1,1699863979.1977568
14.166929397872266,9.037395833333335,2,1027703201.1602173
14.20661267349656,11.3278125,1,1574688195.8798904
14.20661267349656,9.037395833333335,2,1055142549.9188948
14.246295949120851,11.3278125,1,1609877268.6299686
14.246295949120851,9.0871875,2,988734276.7507868
14.285979224745143,11.377604166666668,1,1724525508.8330545
14.285979224745143,9.0871875,2,959454432.6903629
14.325662500369436,11.377604166666668,1,1605286103.1991444
14.325662500369436,9.136979166666666,2,1007846852.0802546
14.365345775993728,11.427395833333334,1,1509665813.698823
14.365345775993728,9.136979166666666,2,1012261157.5131931
14.405029051618017,11.4771875,1,1614542099.3406792
14.405029051618017,9.186770833333334,2,1025579262.3183575
14.444712327242312,11.4771875,1,1580425584.655137
14.444712327242312,9.186770833333334,2,993704293.5566149
14.484395602866604,11.526979166666667,1,1670183755.3124886
14.484395602866604,9.236562500000002,2,1056974799.3108168
14.524078878490894,11.576770833333335,1,1702133771.2416773
14.524078878490894,9.236562500000002,2,1033882346.9059505
14.563762154115189,11.576770833333335,1,1713166587.1870708
14.563762154115189,9.286354166666667,2,1091971446.4117098
14.60344542973948,11.6265625,1,1568489318.2375584
14.60344542973948,9.286354166666667,2,1019748930.1881304
14.64312870536377,11.676354166666666,1,1455983640.5620651
14.64312870536377,9.336145833333333,2,941820612.5366335
14.682811980988065,11.676354166666666,1,1521621200.0139685
14.682811980988065,9.336145833333333,2,912428263.6536102
14.722495256612355,11.726145833333334,1,1511346772.350812
14.722495256612355,9.3859375,2,1107010167.3812933
14.762178532236646,11.726145833333334,1,1611305706.2074566
14.762178532236646,9.3859375,2,1143379752.3846607
14.801861807860941,11.775937500000001,1,1691853203.6757288
14.801861807860941,9.435729166666668,2,1043226429.4202986
14.841545083485231,11.825729166666667,1,1698235023.8974018
14.841545083485231,9.435729166666668,2,1041383963.9374657
14.881228359109523,11.825729166666667,1,1697606014.4855785
14.881228359109523,9.485520833333334,2,1161270406.3504353
14.920911634733816,11.875520833333333,1,1683402859.6740541
14.920911634733816,9.485520833333334,2,1075465227.3422413
14.960594910358108,11.9253125,1,1754971345.365775
14.960594910358108,9.5353125,2,912765932.1165648
15.000278185982399,11.9253125,1,1789026905.2868652
15.000278185982399,9.5353125,2,1010690406.2571411
15.039961461606692,11.975104166666668,1,1647411701.9578686
15.039961461606692,9.585104166666667,2,1058158417.1843319
15.079644737230984,11.975104166666668,1,1644785200.4930115
15.079644737230984,9.585104166666667,2,1018697899.1563644
15.119328012855275,9.634895833333333,1,1026646884.3263941
15.119328012855275,8.041562500000001,2,736540710.550704
15.159011288479569,9.634895833333333,1,1152359765.4138155
15.159011288479569,8.041562500000001,2,785425791.2676105
15.19869456410386,9.684687499999999,1,973706994.7265549
15.19869456410386,8.041562500000001,2,702107237.4162092
15.238377839728152,9.684687499999999,1,944348415.3214531
15.238377839728152,8.091354166666667,2,692385420.0324855
15.278061115352445,9.734479166666667,1,968770826.8383942
15.278061115352445,8.091354166666667,2,734890465.2304101
15.317744390976737,9.734479166666667,1,977007831.9375849
15.317744390976737,8.141145833333333,2,707621972.9159002
15.357427666601028,9.784270833333334,1,987994151.3325777
15.357427666601028,8.141145833333333,2,747838384.6811867
15.397110942225321,9.784270833333334,1,1059820862.5837831
15.397110942225321,8.1909375,2,765548800.6911325
15.436794217849613,9.8340625,1,1096796061.5079622
15.436794217849613,8.1909375,2,700693407.8043265
15.476477493473904,9.8340625,1,1053161476.6016598
15.476477493473904,8.1909375,2,704540687.7523513
15.516160769098198,9.883854166666666,1,1069640749.8904667
15.516160769098198,8.240729166666668,2,752847674.3350368
15.55584404472249,9.883854166666666,1,1155273151.1504488
15.55584404472249,8.240729166666668,2,767102752.3385987
15.59552732034678,9.933645833333333,1,1128749526.9808054
15.59552732034678,8.290520833333334,2,757688693.8275251
15.635210595971074,9.933645833333333,1,1082600559.5297823
15.635210595971074,8.290520833333334,2,754786474.8588982
15.674893871595366,9.9834375,1,1049450862.9565449
15.674893871595366,8.3403125,2,721392418.6265821
15.714577147219655,9.9834375,1,1121789766.885663
15.714577147219655,8.3403125,2,727533209.8951955
15.75426042284395,10.033229166666667,1,1038703916.0678797
15.75426042284395,8.3403125,2,719099060.4947772
15.793943698468242,10.033229166666667,1,968645758.436966
15.793943698468242,8.390104166666667,2,804431403.5025373
15.833626974092532,10.083020833333332,1,975058891.2174215
15.833626974092532,8.390104166666667,2,714039096.0419669
15.873310249716827,10.083020833333332,1,941460056.6400499
15.873310249716827,8.439895833333335,2,631206512.3537245
15.912993525341117,10.1328125,1,893297207.325139
15.912993525341117,8.439895833333335,2,671279619.1751137
15.952676800965408,10.1328125,1,958602210.04
15.952676800965408,8.439895833333335,2,706590403.435627
15.992360076589703,10.182604166666668,1,1147683700.075677
15.992360076589703,8.4896875,2,776347938.2547779
16.032043352213993,10.182604166666668,1,1126341924.3659115
16.032043352213993,8.4896875,2,794221462.6335049
16.071726627838284,10.232395833333333,1,1066988043.9692945
16.071726627838284,8.539479166666666,2,767263702.2139492
16.11140990346258,10.232395833333333,1,1038205530.7310419
16.11140990346258,8.539479166666666,2,697763250.1792092
16.15109317908687,10.2821875,1,992498725.4335356
16.15109317908687,8.589270833333334,2,699139760.1525202
16.190776454711163,10.331979166666667,1,1060174011.7029438
16.190776454711163,8.589270833333334,2,698221537.5881195
16.230459730335454,10.331979166666667,1,1136831782.300437
16.230459730335454,8.589270833333334,2,810535444.4442005
16.270143005959746,10.381770833333334,1,1156917485.9074202
16.270143005959746,8.639062500000001,2,808494260.8037486
16.309826281584037,10.381770833333334,1,1054028417.9782581
16.309826281584037,8.639062500000001,2,805907017.8037348
16.349509557208332,10.4315625,1,988489776.4659309
16.349509557208332,8.688854166666667,2,792783648.2938304
16.389192832832624,10.4315625,1,1022311113.9493408
16.389192832832624,8.688854166666667,2,831204260.9530644
16.42887610845691,10.481354166666666,1,1103127363.8271055
16.42887610845691,8.738645833333333,2,852513421.3997111
16.468559384081207,10.481354166666666,1,1111977768.6901636
16.468559384081207,8.738645833333333,2,798272375.6649418
16.5082426597055,10.531145833333333,1,1090550618.4231586
16.5082426597055,8.738645833333333,2,766857876.2248254
16.54792593532979,10.531145833333333,1,1048416677.2662544
16.54792593532979,8.7884375,2,751605117.9482427
16.587609210954085,10.580937500000001,1,1162880827.8041782
16.587609210954085,8.7884375,2,772852858.5522218
16.627292486578373,10.580937500000001,1,1175768854.6249151
16.627292486578373,8.838229166666668,2,859478140.9637551
16.666975762202664,10.630729166666667,1,1133124706.6586018
16.666975762202664,8.838229166666668,2,820723195.6225619
16.70665903782696,10.630729166666667,1,1115095757.8019695
16.70665903782696,8.888020833333334,2,758626460.140552
16.74634231345125,10.680520833333333,1,1132163585.295146
16.74634231345125,8.888020833333334,2,765784643.7604351
16.786025589075543,10.680520833333333,1,1098903429.472518
16.786025589075543,8.888020833333334,2,772251729.7889996
16.825708864699834,10.7303125,1,1008466652.3253012
16.825708864699834,8.9378125,2,806285771.9820938
16.865392140324126,10.7303125,1,1105322556.0960178
16.865392140324126,8.9378125,2,797068679.2706547
16.905075415948417,10.780104166666668,1,1128464835.3253164
16.905075415948417,8.987604166666667,2,733047855.0079708
16.944758691572712,10.780104166666668,1,1033101462.1955357
16.944758691572712,8.987604166666667,2,784725048.3729486
16.984441967197004,10.829895833333333,1,1018025290.0771284
16.984441967197004,8.987604166666667,2,674036898.0888848
17.024125242821295,10.829895833333333,1,1085137162.48071
17.024125242821295,9.037395833333335,2,663127773.7548771
17.063808518445587,10.8796875,1,1010341063.1077738
17.063808518445587,9.037395833333335,2,736356457.4076605
17.10349179406988,10.8796875,1,1046945505.9509535
17.10349179406988,9.0871875,2,731622113.5375257
17.14317506969417,10.929479166666667,1,1155341872.4269438
17.14317506969417,9.0871875,2,725788303.7180538
17.182858345318465,10.929479166666667,1,1167059679.2972012
17.182858345318465,9.136979166666666,2,793130840.1356869
17.222541620942756,10.979270833333334,1,1244365552.4912968
17.222541620942756,9.136979166666666,2,925208948.8158865
17.262224896567048,10.979270833333334,1,1211589907.4335232
17.262224896567048,9.136979166666666,2,874132284.7254
17.30190817219134,11.0290625,1,1084558224.797121
17.30190817219134,9.186770833333334,2,729058052.9342175
17.34159144781563,11.0290625,1,1066774490.7380352
17.34159144781563,9.186770833333334,2,791801869.2831793
17.381274723439923,11.078854166666666,1,1017662301.1647072
17.381274723439923,9.236562500000002,2,857596014.8469095
17.420957999064218,11.078854166666666,1,1078340418.6490736
17.420957999064218,9.236562500000002,2,856068345.4398384
17.46064127468851,11.128645833333334,1,1150450567.172861
17.46064127468851,9.286354166666667,2,755860419.9012876
17.500324550312797,11.128645833333334,1,1131575047.372384
17.500324550312797,9.286354166666667,2,723716838.8891191
17.540007825937092,11.178437500000001,1,1008154806.2232943
17.540007825937092,9.286354166666667,2,779310605.2367582
17.579691101561384,11.178437500000001,1,1037260348.4020777
17.579691101561384,9.336145833333333,2,766546140.8388824
17.619374377185675,11.228229166666667,1,1107382522.7309875
17.619374377185675,9.336145833333333,2,781483702.3239126
17.65905765280997,11.228229166666667,1,1039433745.1369638
17.65905765280997,9.3859375,2,768240507.207407
17.698740928434262,11.278020833333333,1,1036656168.3094463
17.698740928434262,9.3859375,2,860105290.2678909
17.73842420405855,11.278020833333333,1,1054780520.7030487
17.73842420405855,9.3859375,2,861254657.8713522
17.778107479682845,11.3278125,1,1098230898.8414412
17.778107479682845,9.435729166666668,2,786063184.256383
17.817790755307136,11.3278125,1,1085640667.17453
17.817790755307136,9.435729166666668,2,723724119.2785635
17.857474030931428,11.377604166666668,1,1116091644.3144436
17.857474030931428,9.485520833333334,2,685851870.1567726
17.897157306555723,11.377604166666668,1,1192438812.132022
17.897157306555723,9.485520833333334,2,825304125.3240328
17.93684058218001,11.427395833333334,1,1149336379.6445389
17.93684058218001,9.5353125,2,746556467.0326204
17.976523857804303,11.427395833333334,1,1153126503.9262486
17.976523857804303,9.5353125,2,739922157.569562
18.016207133428598,11.4771875,1,1146382486.688489
18.016207133428598,9.5353125,2,829475137.0243044
18.05589040905289,11.4771875,1,1214481969.3679762
18.05589040905289,9.585104166666667,2,895066084.558054
18.09557368467718,11.526979166666667,1,1203762061.9889345
18.09557368467718,9.585104166666667,2,847454750.797576
18.135256960301472,11.526979166666667,1,1097918167.3330107
18.135256960301472,9.634895833333333,2,742584361.6268406
18.174940235925764,11.576770833333335,1,1100921121.0286303
18.174940235925764,9.634895833333333,2,728070949.1900215
18.214623511550055,11.576770833333335,1,1143424848.9267178
18.214623511550055,9.684687499999999,2,703997795.1876192
18.25430678717435,11.6265625,1,1264166505.2766094
18.25430678717435,9.684687499999999,2,829340391.9858017
18.293990062798642,11.6265625,1,1186230771.219285
18.293990062798642,9.684687499999999,2,896367002.9775429
18.333673338422933,11.676354166666666,1,1150474024.5016928
18.333673338422933,9.734479166666667,2,802699184.0859375
18.373356614047225,11.676354166666666,1,1153409595.3313036
18.373356614047225,9.734479166666667,2,807742011.9116507
18.413039889671516,11.726145833333334,1,1109485165.6154032
18.413039889671516,9.784270833333334,2,775100752.262682
18.452723165295808,11.726145833333334,1,1111557406.8658733
18.452723165295808,9.784270833333334,2,745420329.110302
18.492406440920103,11.775937500000001,1,1113871178.1830473
18.492406440920103,9.8340625,2,764374026.8467283
18.532089716544395,11.775937500000001,1,1200457757.2018948
18.532089716544395,9.8340625,2,766368520.4725695
18.571772992168686,11.825729166666667,1,1196736290.5723476
18.571772992168686,9.8340625,2,814086615.7756033
18.611456267792978,11.825729166666667,1,1174875989.5584173
18.611456267792978,9.883854166666666,2,774674206.3465405
18.65113954341727,11.875520833333333,1,1130413030.3805933
18.65113954341727,9.883854166666666,2,806132930.6547747
18.69082281904156,11.875520833333333,1,1180619931.6180735
18.69082281904156,9.933645833333333,2,733401766.5704584
18.730506094665856,11.9253125,1,1198199786.1101933
18.730506094665856,9.933645833333333,2,758027506.1691542
18.770189370290147,11.9253125,1,1097341006.5671272
18.770189370290147,9.933645833333333,2,762998107.0155191
18.809872645914435,11.975104166666668,1,1143750027.200924
18.809872645914435,9.9834375,2,765450968.0740242
18.84955592153873,11.975104166666668,1,1154140564.33189
18.84955592153873,9.9834375,2,787492710.3245888
18.889239197163022,10.033229166666667,1,795465462.3802023
18.889239197163022,8.589270833333334,2,679541290.4229655
18.928922472787313,10.033229166666667,1,867333261.2745466
18.928922472787313,8.589270833333334,2,691867435.7545209
18.96860574841161,10.083020833333332,1,893692264.0987625
18.96860574841161,8.639062500000001,2,581684441.7201653
19.008289024035896,10.083020833333332,1,854588516.7457933
19.008289024035896,8.639062500000001,2,600643216.6979327
19.047972299660188,10.083020833333332,1,846433461.2737951
19.047972299660188,8.639062500000001,2,659385075.4868269
19.087655575284483,10.1328125,1,822368041.2628269
19.087655575284483,8.688854166666667,2,660174451.6248317
19.127338850908775,10.1328125,1,849389177.2371454
19.127338850908775,8.688854166666667,2,612820125.2893395
19.167022126533066,10.182604166666668,1,816622018.6913986
19.167022126533066,8.738645833333333,2,590436817.8660545
19.20670540215736,10.182604166666668,1,768522651.0295305
19.20670540215736,8.738645833333333,2,644487997.1465206
19.24638867778165,10.232395833333333,1,751073211.8816614
19.24638867778165,8.738645833333333,2,607801354.9365954
19.28607195340594,10.232395833333333,1,865845486.0433664
19.28607195340594,8.7884375,2,586887808.1032877
19.325755229030236,10.232395833333333,1,832417170.4551554
19.325755229030236,8.7884375,2,603384670.004746
19.365438504654527,10.2821875,1,848637860.0542955
19.365438504654527,8.7884375,2,637229127.7821703
19.40512178027882,10.2821875,1,944485851.8654385
19.40512178027882,8.838229166666668,2,693740654.2895145
19.44480505590311,10.331979166666667,1,910165319.9281673
19.44480505590311,8.838229166666668,2,662548312.8749361
19.484488331527402,10.331979166666667,1,928776525.96521
19.484488331527402,8.838229166666668,2,652074298.5205979
19.524171607151693,10.381770833333334,1,881381649.9531822
19.524171607151693,8.888020833333334,2,612036968.820898
19.56385488277599,10.381770833333334,1,820083740.7834663
19.56385488277599,8.888020833333334,2,569164172.6429415
19.60353815840028,10.381770833333334,1,846985708.4210768
19.60353815840028,8.9378125,2,572209674.2024512
19.64322143402457,10.4315625,1,708175129.5596075
19.64322143402457,8.9378125,2,535097555.053144
19.682904709648863,10.4315625,1,797419831.0721283
19.682904709648863,8.9378125,2,592092510.1430254
19.722587985273154,10.481354166666666,1,812787850.6148586
19.722587985273154,8.987604166666667,2,601635089.68014
19.762271260897446,10.481354166666666,1,855414855.7398224
19.762271260897446,8.987604166666667,2,595034081.953587
19.80195453652174,10.481354166666666,1,880546895.7576332
19.80195453652174,8.987604166666667,2,654574032.0890126
19.841637812146033,10.531145833333333,1,837063586.7863073
19.841637812146033,9.037395833333335,2,640140157.711853
19.881321087770324,10.531145833333333,1,760502964.4900846
19.881321087770324,9.037395833333335,2,633938874.5214357
19.921004363394616,10.580937500000001,1,858228872.5566921
19.921004363394616,9.037395833333335,2,617199147.5351124
19.960687639018907,10.580937500000001,1,847655689.7673111
19.960687639018907,9.0871875,2,594363345.9361653
20.0003709146432,10.630729166666667,1,805836417.8409367
20.0003709146432,9.0871875,2,614238772.0281816
20.040054190267494,10.630729166666667,1,836418134.7293301
20.040054190267494,9.136979166666666,2,648570022.9414291
20.079737465891785,10.630729166666667,1,843434346.7789516
20.079737465891785,9.136979166666666,2,660399925.3953805
20.119420741516073,10.680520833333333,1,785086244.3670235
20.119420741516073,9.136979166666666,2,664734534.4457221
20.15910401714037,10.680520833333333,1,835169317.8085384
20.15910401714037,9.186770833333334,2,698966148.3207536
20.19878729276466,10.7303125,1,845047223.8850222
20.19878729276466,9.186770833333334,2,627315875.6037669
20.23847056838895,10.7303125,1,837810488.6018095
20.23847056838895,9.186770833333334,2,574169525.0059805
20.278153844013246,10.780104166666668,1,787030019.7944298
20.278153844013246,9.236562500000002,2,613290034.8209472
20.317837119637534,10.780104166666668,1,818056985.2127209
20.317837119637534,9.236562500000002,2,602049805.3842735
20.357520395261826,10.780104166666668,1,921756859.0790873
20.357520395261826,9.236562500000002,2,549911445.4331126
20.39720367088612,10.829895833333333,1,875151447.1069784
20.39720367088612,9.286354166666667,2,577515338.2764511
20.436886946510413,10.829895833333333,1,787152142.1271534
20.436886946510413,9.286354166666667,2,646228872.3488727
20.476570222134704,10.8796875,1,854904736.3885326
20.476570222134704,9.336145833333333,2,669621875.8475909
20.516253497758996,10.8796875,1,974319902.8587952
20.516253497758996,9.336145833333333,2,684193534.7030754
20.555936773383287,10.929479166666667,1,927603903.5002623
20.555936773383287,9.336145833333333,2,645163784.6526346
20.59562004900758,10.929479166666667,1,798465222.1663952
20.59562004900758,9.3859375,2,622731159.8764124
20.635303324631874,10.929479166666667,1,802113149.3819189
20.635303324631874,9.3859375,2,646420589.7174544
20.674986600256165,10.979270833333334,1,846742949.0832872
20.674986600256165,9.3859375,2,642847692.3438826
20.714669875880457,10.979270833333334,1,862999573.1559534
20.714669875880457,9.435729166666668,2,643709550.5955992
20.75435315150475,11.0290625,1,878778886.683486
20.75435315150475,9.435729166666668,2,662157722.9374504
20.79403642712904,11.0290625,1,901504697.1970835
20.79403642712904,9.435729166666668,2,644001634.5137215
20.83371970275333,11.0290625,1,916341913.1650429
20.83371970275333,9.485520833333334,2,619923992.186872
20.873402978377626,11.078854166666666,1,912454942.4219141
20.873402978377626,9.485520833333334,2,625608339.3763738
20.913086254001918,11.078854166666666,1,955295765.2134848
20.913086254001918,9.485520833333334,2,592088536.6427536
20.95276952962621,11.128645833333334,1,969017664.9722338
20.95276952962621,9.5353125,2,642322998.1080723
20.9924528052505,11.128645833333334,1,893383527.3521557
20.9924528052505,9.5353125,2,550947248.5820856
21.032136080874793,11.178437500000001,1,879752857.4411211
21.032136080874793,9.585104166666667,2,570086590.2495737
21.071819356499084,11.178437500000001,1,803276861.5320807
21.071819356499084,9.585104166666667,2,612753001.9743948
21.11150263212338,11.178437500000001,1,818585316.5926323
21.11150263212338,9.585104166666667,2,687143899.462594
21.15118590774767,11.228229166666667,1,806161464.2924194
21.15118590774767,9.634895833333333,2,670706077.5928354
21.190869183371962,11.228229166666667,1,817599875.6416674
21.190869183371962,9.634895833333333,2,613960449.4566879
21.230552458996254,11.278020833333333,1,968752312.3353891
21.230552458996254,9.634895833333333,2,680964479.9973288
21.270235734620545,11.278020833333333,1,1005994042.4821768
21.270235734620545,9.684687499999999,2,749350754.7086105
21.309919010244837,11.3278125,1,845108178.4688787
21.309919010244837,9.684687499999999,2,625937402.5322847
21.349602285869132,11.3278125,1,755650785.72192
21.349602285869132,9.684687499999999,2,616431529.2190523
21.389285561493423,11.3278125,1,850141382.8698025
21.389285561493423,9.734479166666667,2,674555614.5319052
21.42896883711771,11.377604166666668,1,924047050.2344265
21.42896883711771,9.734479166666667,2,668428581.244504
21.468652112742006,11.377604166666668,1,947559275.8066235
21.468652112742006,9.784270833333334,2,615748419.0411234
21.508335388366298,11.427395833333334,1,895532142.6565199
21.508335388366298,9.784270833333334,2,718724036.6621447
21.54801866399059,11.427395833333334,1,880634015.721592
21.54801866399059,9.784270833333334,2,709859821.3941059
21.587701939614885,11.4771875,1,844059776.2072697
21.587701939614885,9.8340625,2,660313622.5910587
21.627385215239173,11.4771875,1,875331655.3441076
21.627385215239173,9.8340625,2,668811916.7140293
21.667068490863464,11.4771875,1,856784916.3210783
21.667068490863464,9.8340625,2,689565093.8940887
21.70675176648776,11.526979166666667,1,837560904.1824474
21.70675176648776,9.883854166666666,2,642574276.0755968
21.74643504211205,11.526979166666667,1,954410423.3292894
21.74643504211205,9.883854166666666,2,627951060.6467295
21.786118317736342,11.576770833333335,1,845617964.5687532
21.786118317736342,9.883854166666666,2,623087296.7051563
21.825801593360634,11.576770833333335,1,800257454.2546301
21.825801593360634,9.933645833333333,2,621377935.8000889
21.865484868984925,11.576770833333335,1,849508735.5459156
21.865484868984925,9.933645833333333,2,658764845.6044464
21.905168144609217,11.6265625,1,777238407.8602896
21.905168144609217,9.9834375,2,636121023.0064001
21.944851420233512,11.6265625,1,839692265.6473475
21.944851420233512,9.9834375,2,644724711.6412449
21.984534695857803,11.676354166666666,1,913730936.4774351
21.984534695857803,9.9834375,2,690162207.2810345
22.024217971482095,11.676354166666666,1,924591506.629714
22.024217971482095,10.033229166666667,2,735489571.4528704
22.063901247106386,11.726145833333334,1,857800387.8210611
22.063901247106386,10.033229166666667,2,679277505.9957371
22.103584522730678,11.726145833333334,1,870422225.0114183
22.103584522730678,10.033229166666667,2,653391549.5043697
22.14326779835497,11.726145833333334,1,918210223.647562
22.14326779835497,10.083020833333332,2,663362561.1379814
22.182951073979265,11.775937500000001,1,927352974.8599882
22.182951073979265,10.083020833333332,2,672314399.7458172
22.222634349603556,11.775937500000001,1,818542206.1637535
22.222634349603556,10.083020833333332,2,624577725.4212942
22.262317625227848,11.825729166666667,1,890998801.9446993
22.262317625227848,10.1328125,2,668299563.6094589
22.30200090085214,11.825729166666667,1,946798608.0319538
22.30200090085214,10.1328125,2,713854737.1297941
22.34168417647643,11.875520833333333,1,871727678.2016973
22.34168417647643,10.182604166666668,2,634194943.9254522
22.381367452100722,11.875520833333333,1,891243133.0618715
22.381367452100722,10.182604166666668,2,622195234.9083405
22.421050727725017,11.875520833333333,1,927825201.6094179
22.421050727725017,10.182604166666668,2,645899240.6470804
22.46073400334931,11.9253125,1,927447149.8249893
22.46073400334931,10.232395833333333,2,674168347.8371964
22.500417278973597,11.9253125,1,957619141.760623
22.500417278973597,10.232395833333333,2,683934223.6701479
22.540100554597892,11.975104166666668,1,941104763.1694622
22.540100554597892,10.232395833333333,2,603266933.4625063
22.579783830222183,11.975104166666668,1,858059269.2055521
22.579783830222183,10.2821875,2,599112993.0324335
22.619467105846475,11.975104166666668,1,968957009.0246391
22.619467105846475,10.2821875,2,682823895.6791801
22.65915038147077,10.2821875,1,706958973.6051216
22.65915038147077,9.037395833333335,2,575187010.0105405
22.69883365709506,10.331979166666667,1,678569276.3743515
22.69883365709506,9.037395833333335,2,534504845.8112645
22.73851693271935,10.331979166666667,1,688292374.4263906
22.73851693271935,9.037395833333335,2,492214931.86174154
22.778200208343645,10.381770833333334,1,732999307.2032204
22.778200208343645,9.0871875,2,497433060.5747218
22.817883483967936,10.381770833333334,1,769793347.5900488
22.817883483967936,9.0871875,2,521197947.4380441
22.857566759592228,10.381770833333334,1,686046956.5750132
22.857566759592228,9.0871875,2,503038708.0140443
22.897250035216523,10.4315625,1,656130254.9346943
22.897250035216523,9.0871875,2,550487768.8575807
22.93693331084081,10.4315625,1,704039900.6689062
22.93693331084081,9.136979166666666,2,565101279.1764512
22.976616586465102,10.4315625,1,732645848.5294418
22.976616586465102,9.136979166666666,2,532897980.14734983
23.016299862089397,10.481354166666666,1,617411200.9625998
23.016299862089397,9.136979166666666,2,513807979.8870306
23.05598313771369,10.481354166666666,1,611587324.4051294
23.05598313771369,9.186770833333334,2,558259850.0550404
23.09566641333798,10.481354166666666,1,676992538.8779268
23.09566641333798,9.186770833333334,2,561521563.3582678
23.135349688962272,10.531145833333333,1,703916284.6701927
23.135349688962272,9.186770833333334,2,549899624.9049163
23.175032964586563,10.531145833333333,1,752960558.22966
23.175032964586563,9.236562500000002,2,546702479.3242531
23.214716240210855,10.580937500000001,1,713636905.5580568
23.214716240210855,9.236562500000002,2,521058983.28730774
23.25439951583515,10.580937500000001,1,674362788.8864985
23.25439951583515,9.236562500000002,2,509150183.43946743
23.29408279145944,10.580937500000001,1,695324780.5340824
23.29408279145944,9.286354166666667,2,521819922.1032872
23.333766067083733,10.630729166666667,1,749756256.0855598
23.333766067083733,9.286354166666667,2,483940377.28375244
23.373449342708025,10.630729166666667,1,748818034.1711988
23.373449342708025,9.286354166666667,2,516561395.3719282
23.413132618332316,10.630729166666667,1,716062230.090888
23.413132618332316,9.336145833333333,2,536265887.3177705
23.452815893956608,10.680520833333333,1,730975273.0663843
23.452815893956608,9.336145833333333,2,492479140.6166744
23.492499169580903,10.680520833333333,1,662423251.0255995
23.492499169580903,9.336145833333333,2,489344539.1812196
23.532182445205194,10.680520833333333,1,616414504.5495081
23.532182445205194,9.3859375,2,507775100.5975294
23.571865720829486,10.7303125,1,629621385.4325676
23.571865720829486,9.3859375,2,489933349.0072546
23.611548996453777,10.7303125,1,606732762.3808327
23.611548996453777,9.3859375,2,525637354.60718966
23.65123227207807,10.7303125,1,708112593.0359468
23.65123227207807,9.3859375,2,551807894.0545139
23.69091554770236,10.780104166666668,1,764523690.786809
23.69091554770236,9.435729166666668,2,553657297.5405498
23.730598823326655,10.780104166666668,1,675401246.3547802
23.730598823326655,9.435729166666668,2,548331848.884964
23.770282098950947,10.829895833333333,1,701321130.2225103
23.770282098950947,9.435729166666668,2,579520206.7605696
23.809965374575235,10.829895833333333,1,718577250.453001
23.809965374575235,9.485520833333334,2,530191726.99013996
23.84964865019953,10.829895833333333,1,690830492.1120634
23.84964865019953,9.485520833333334,2,537887204.7200379
23.88933192582382,10.8796875,1,679856769.8182926
23.88933192582382,9.485520833333334,2,529716526.0108161
23.929015201448113,10.8796875,1,715162235.4582663
23.929015201448113,9.5353125,2,549557894.2435145
23.968698477072408,10.8796875,1,696289984.2789564
23.968698477072408,9.5353125,2,528380911.55020666
24.008381752696696,10.929479166666667,1,729143796.891264
24.008381752696696,9.5353125,2,517254826.1261921
24.048065028320988,10.929479166666667,1,644410773.000411
24.048065028320988,9.585104166666667,2,504472907.674572
24.087748303945283,10.929479166666667,1,686908658.0767078
24.087748303945283,9.585104166666667,2,544091733.983242
24.127431579569574,10.979270833333334,1,735501356.3835707
24.127431579569574,9.585104166666667,2,545271436.4864702
24.167114855193866,10.979270833333334,1,743777343.1556854
24.167114855193866,9.634895833333333,2,543751052.3908248
24.20679813081816,11.0290625,1,663249986.0406446
24.20679813081816,9.634895833333333,2,543544039.6293554
24.24648140644245,11.0290625,1,687048269.4388933
24.24648140644245,9.634895833333333,2,529183371.91636944
24.28616468206674,11.0290625,1,734851108.5514565
24.28616468206674,9.684687499999999,2,580333255.4884224
24.325847957691035,11.078854166666666,1,696368594.2407513
24.325847957691035,9.684687499999999,2,556165074.382896
24.365531233315327,11.078854166666666,1,711798027.8586092
24.365531233315327,9.684687499999999,2,560844054.11937
24.40521450893962,11.078854166666666,1,641659046.9776382
24.40521450893962,9.734479166666667,2,534917534.2575269
24.44489778456391,11.128645833333334,1,691863882.9065943
24.44489778456391,9.734479166666667,2,547174192.9942861
24.4845810601882,11.128645833333334,1,773480749.8327312
24.4845810601882,9.734479166666667,2,616562028.3812246
24.524264335812493,11.128645833333334,1,744831354.0590239
24.524264335812493,9.734479166666667,2,573951350.6885967
24.563947611436788,11.178437500000001,1,692092318.4611673
24.563947611436788,9.784270833333334,2,536106836.7868271
24.60363088706108,11.178437500000001,1,691149881.5539703
24.60363088706108,9.784270833333334,2,494667457.4395428
24.64331416268537,11.228229166666667,1,674649859.6711788
24.64331416268537,9.784270833333334,2,506246343.2812357
24.682997438309663,11.228229166666667,1,685974241.8456507
24.682997438309663,9.8340625,2,507786615.32509136
24.722680713933954,11.228229166666667,1,688233284.409689
24.722680713933954,9.8340625,2,568138550.3520894
24.762363989558246,11.278020833333333,1,758449002.7252417
24.762363989558246,9.8340625,2,594833829.9478922
24.80204726518254,11.278020833333333,1,758985835.9947329
24.80204726518254,9.883854166666666,2,559908913.4965897
24.841730540806832,11.278020833333333,1,744204113.0399017
24.841730540806832,9.883854166666666,2,544280133.3960524
24.881413816431124,11.3278125,1,724885703.3573952
24.881413816431124,9.883854166666666,2,531608953.4401674
24.921097092055415,11.3278125,1,776320438.8202906
24.921097092055415,9.933645833333333,2,577014358.118679
24.960780367679707,11.3278125,1,727661936.5273838
24.960780367679707,9.933645833333333,2,590996652.3980522
25.000463643304,11.377604166666668,1,701391656.4693384
25.000463643304,9.933645833333333,2,530981289.34552383
25.040146918928293,11.377604166666668,1,704505221.0083971
25.040146918928293,9.9834375,2,459569727.5059042
25.079830194552585,11.427395833333334,1,748496229.6542711
25.079830194552585,9.9834375,2,534692583.45704746
25.119513470176873,11.427395833333334,1,778567654.5554628
25.119513470176873,9.9834375,2,629904003.3190556
25.159196745801168,11.427395833333334,1,736220130.6917353
25.159196745801168,10.033229166666667,2,557081234.4724965
25.198880021425463,11.4771875,1,758811361.5510311
25.198880021425463,10.033229166666667,2,594477482.560421
25.23856329704975,11.4771875,1,675963397.6735697
25.23856329704975,10.033229166666667,2,577638342.3800869
25.278246572674046,11.4771875,1,731257315.6670847
25.278246572674046,10.033229166666667,2,555479173.2127199
25.317929848298338,11.526979166666667,1,739466989.5056963
25.317929848298338,10.083020833333332,2,554476411.2019215
25.357613123922626,11.526979166666667,1,772458324.9331255
25.357613123922626,10.083020833333332,2,606457485.0116186
25.39729639954692,11.526979166666667,1,808631328.4248419
25.39729639954692,10.083020833333332,2,621147730.5657444
25.436979675171216,11.576770833333335,1,707235151.5217695
25.436979675171216,10.1328125,2,578733262.7384176
25.476662950795504,11.576770833333335,1,677692123.9161606
25.476662950795504,10.1328125,2,567698863.8678551
25.516346226419795,11.6265625,1,763694292.8547344
25.516346226419795,10.1328125,2,589978653.775599
25.55602950204409,11.6265625,1,746962858.6953983
25.55602950204409,10.182604166666668,2,592953820.3520479
25.59571277766838,11.6265625,1,700343464.1086302
25.59571277766838,10.182604166666668,2,565667825.1125097
25.635396053292673,11.676354166666666,1,748284672.5773916
25.635396053292673,10.182604166666668,2,615236708.837677
25.67507932891697,11.676354166666666,1,687761992.3497982
25.67507932891697,10.232395833333333,2,584103357.5461874
25.714762604541257,11.676354166666666,1,720107726.6506796
25.714762604541257,10.232395833333333,2,555840912.1622801
25.754445880165548,11.726145833333334,1,817934419.2146578
25.754445880165548,10.232395833333333,2,532309987.1718073
25.794129155789843,11.726145833333334,1,771317304.6345577
25.794129155789843,10.2821875,2,566758559.4057913
25.83381243141413,11.726145833333334,1,772768621.247673
25.83381243141413,10.2821875,2,627484571.6766338
25.873495707038426,11.775937500000001,1,711606462.4852772
25.873495707038426,10.2821875,2,604641285.8388367
25.91317898266272,11.775937500000001,1,693794914.4763908
25.91317898266272,10.331979166666667,2,532924624.33420277
25.95286225828701,11.825729166666667,1,729475055.4279327
25.95286225828701,10.331979166666667,2,507148749.3375721
25.9925455339113,11.825729166666667,1,680400413.327941
25.9925455339113,10.331979166666667,2,497568363.3145466
26.032228809535596,11.825729166666667,1,705348704.9490366
26.032228809535596,10.381770833333334,2,526379578.5033703
26.071912085159884,11.875520833333333,1,760239784.8879642
26.071912085159884,10.381770833333334,2,590734223.4418678
26.11159536078418,11.875520833333333,1,841913404.0094147
26.11159536078418,10.381770833333334,2,589996653.0059443
26.15127863640847,11.875520833333333,1,827240203.0863056
26.15127863640847,10.381770833333334,2,595533110.7553501
26.190961912032762,11.9253125,1,790960604.0918121
26.190961912032762,10.4315625,2,586263184.8296671
26.230645187657053,11.9253125,1,729389608.4005795
26.230645187657053,10.4315625,2,615120408.9487
26.27032846328135,11.9253125,1,800888819.197895
26.27032846328135,10.4315625,2,640072053.5679102
26.310011738905636,11.975104166666668,1,770252384.7167482
26.310011738905636,10.481354166666666,2,619750376.4986868
26.34969501452993,11.975104166666668,1,784823067.638897
26.34969501452993,10.481354166666666,2,647746973.0644627
26.389378290154223,11.975104166666668,1,727433169.1152992
26.389378290154223,10.481354166666666,2,543056635.9064217
26.42906156577851,10.531145833333333,1,553456437.9335527
26.42906156577851,9.336145833333333,2,439053834.35461426
26.468744841402806,10.531145833333333,1,537378564.4660969
26.468744841402806,9.3859375,2,420661828.8892102
26.5084281170271,10.531145833333333,1,560020972.0668087
26.5084281170271,9.3859375,2,426395876.7259159
26.54811139265139,10.580937500000001,1,567388419.0686445
26.54811139265139,9.3859375,2,477082859.52911806
26.587794668275684,10.580937500000001,1,600794547.7800655
26.587794668275684,9.3859375,2,450180222.2072964
26.627477943899976,10.580937500000001,1,554825782.3754473
26.627477943899976,9.435729166666668,2,481350091.15522385
26.667161219524264,10.630729166666667,1,540668416.3765049
26.667161219524264,9.435729166666668,2,452356899.93891096
26.70684449514856,10.630729166666667,1,557080352.7299728
26.70684449514856,9.435729166666668,2,468828547.7649269
26.746527770772854,10.630729166666667,1,605932800.2670479
26.746527770772854,9.435729166666668,2,509267695.3199644
26.786211046397142,10.680520833333333,1,542859872.8446093
26.786211046397142,9.485520833333334,2,462643930.5741682
26.825894322021433,10.680520833333333,1,504214984.3050928
26.825894322021433,9.485520833333334,2,397533418.51513577
26.86557759764573,10.680520833333333,1,567423766.6945496
26.86557759764573,9.485520833333334,2,418264611.01052237
26.905260873270016,10.680520833333333,1,574362816.9483719
26.905260873270016,9.5353125,2,482121017.2585263
26.94494414889431,10.7303125,1,564266519.5414324
26.94494414889431,9.5353125,2,473571299.11480236
26.984627424518607,10.7303125,1,556163484.1597729
26.984627424518607,9.5353125,2,417153181.47797537
27.024310700142895,10.7303125,1,597785504.7245855
27.024310700142895,9.5353125,2,480305794.9470687
27.063993975767186,10.780104166666668,1,551897472.8788795
27.063993975767186,9.585104166666667,2,495700000.4968581
27.10367725139148,10.780104166666668,1,542903837.4985113
27.10367725139148,9.585104166666667,2,451744376.24287367
27.14336052701577,10.780104166666668,1,517693226.7565203
27.14336052701577,9.585104166666667,2,452476758.95089054
27.183043802640064,10.829895833333333,1,554229184.7665482
27.183043802640064,9.634895833333333,2,442049563.97593594
27.222727078264356,10.829895833333333,1,563129015.7692909
27.222727078264356,9.634895833333333,2,465007654.37885475
27.262410353888647,10.829895833333333,1,582560338.622715
27.262410353888647,9.634895833333333,2,487119496.02478313
27.30209362951294,10.8796875,1,596391496.7607374
27.30209362951294,9.634895833333333,2,478796759.5873623
27.341776905137234,10.8796875,1,574141077.96486
27.341776905137234,9.684687499999999,2,473780929.3218999
27.381460180761522,10.8796875,1,561336018.4011459
27.381460180761522,9.684687499999999,2,422702366.15590334
27.421143456385817,10.929479166666667,1,594097011.0056973
27.421143456385817,9.684687499999999,2,474791580.50413656
27.46082673201011,10.929479166666667,1,673962772.6950312
27.46082673201011,9.734479166666667,2,462007341.71383953
27.500510007634396,10.929479166666667,1,665907436.2082586
27.500510007634396,9.734479166666667,2,482433215.6302366
27.54019328325869,10.979270833333334,1,625588974.5154734
27.54019328325869,9.734479166666667,2,481444446.95202017
27.579876558882987,10.979270833333334,1,654993068.7059088
27.579876558882987,9.734479166666667,2,501517127.952713
27.619559834507275,10.979270833333334,1,637966880.2068338
27.619559834507275,9.784270833333334,2,489698150.1055236
27.65924311013157,11.0290625,1,589066934.3825054
27.65924311013157,9.784270833333334,2,476967738.29386663
27.69892638575586,11.0290625,1,608989871.0040216
27.69892638575586,9.784270833333334,2,492371895.45320606
27.73860966138015,11.0290625,1,601628819.298193
27.73860966138015,9.8340625,2,484539637.22793865
27.778292937004444,11.0290625,1,615320284.1359129
27.778292937004444,9.8340625,2,524107258.8936801
27.81797621262874,11.078854166666666,1,652391639.3328257
27.81797621262874,9.8340625,2,509107475.5550146
27.857659488253027,11.078854166666666,1,614294658.4851942
27.857659488253027,9.8340625,2,514812971.45385075
27.897342763877322,11.078854166666666,1,581025775.4098539
27.897342763877322,9.883854166666666,2,518369189.69427013
27.937026039501614,11.128645833333334,1,611291174.6920795
27.937026039501614,9.883854166666666,2,498525086.77357006
27.976709315125902,11.128645833333334,1,591595929.6703329
27.976709315125902,9.883854166666666,2,478418432.4466138
28.016392590750197,11.128645833333334,1,626325195.8875484
28.016392590750197,9.933645833333333,2,475865269.8387222
28.056075866374492,11.178437500000001,1,593011153.9645643
28.056075866374492,9.933645833333333,2,509010263.7849641
28.09575914199878,11.178437500000001,1,510534776.11332035
28.09575914199878,9.933645833333333,2,505193847.90720415
28.13544241762307,11.178437500000001,1,603378090.9937868
28.13544241762307,9.933645833333333,2,512763226.44776964
28.175125693247367,11.228229166666667,1,619417623.4188919
28.175125693247367,9.9834375,2,500678866.8972659
28.214808968871655,11.228229166666667,1,616835460.9989176
28.214808968871655,9.9834375,2,494845960.17865705
28.25449224449595,11.228229166666667,1,562679683.7041378
28.25449224449595,9.9834375,2,423292594.95518255
28.294175520120245,11.278020833333333,1,591505764.4181843
28.294175520120245,9.9834375,2,482991034.7072191
28.333858795744533,11.278020833333333,1,596500104.1336184
28.333858795744533,10.033229166666667,2,475429869.4162574
28.373542071368824,11.278020833333333,1,630795485.6034832
28.373542071368824,10.033229166666667,2,517513870.82272625
28.41322534699312,11.3278125,1,622854133.15411
28.41322534699312,10.033229166666667,2,541940297.7425694
28.452908622617407,11.3278125,1,638929834.6661711
28.452908622617407,10.083020833333332,2,564725061.7470088
28.492591898241702,11.3278125,1,621666861.2414837
28.492591898241702,10.083020833333332,2,497012093.94972944
28.532275173865994,11.3278125,1,569858790.245903
28.532275173865994,10.083020833333332,2,429082901.58193254
28.571958449490285,11.377604166666668,1,545799341.0641537
28.571958449490285,10.083020833333332,2,477797901.00819063
28.611641725114577,11.377604166666668,1,591139618.7948322
28.611641725114577,10.1328125,2,505181371.1078954
28.651325000738872,11.377604166666668,1,635191125.3612757
28.651325000738872,10.1328125,2,483730975.9050884
28.69100827636316,11.427395833333334,1,574495724.8367443
28.69100827636316,10.1328125,2,441371569.96073246
28.730691551987455,11.427395833333334,1,581869027.8906574
28.730691551987455,10.182604166666668,2,453634413.6331053
28.770374827611747,11.427395833333334,1,578462447.4485903
28.770374827611747,10.182604166666668,2,445882017.31002855
28.810058103236035,11.4771875,1,555967242.8433018
28.810058103236035,10.182604166666668,2,478081873.6641865
28.84974137886033,11.4771875,1,564710434.0768194
28.84974137886033,10.182604166666668,2,474172455.2497773
28.889424654484625,11.4771875,1,602410544.2937794
28.889424654484625,10.232395833333333,2,437410774.4522848
28.929107930108913,11.526979166666667,1,593248961.4654188
28.929107930108913,10.232395833333333,2,424429745.57312775
28.968791205733208,11.526979166666667,1,622042276.5866032
28.968791205733208,10.232395833333333,2,491993358.0026722
29.0084744813575,11.526979166666667,1,610861886.8489084
29.0084744813575,10.2821875,2,537453501.7668924
29.048157756981787,11.576770833333335,1,556445344.5404949
29.048157756981787,10.2821875,2,503403490.7450471
29.087841032606082,11.576770833333335,1,549243346.5126133
29.087841032606082,10.2821875,2,482086041.83705044
29.127524308230377,11.576770833333335,1,557101473.3156509
29.127524308230377,10.2821875,2,497014044.10248184
29.167207583854665,11.6265625,1,619809218.2131748
29.167207583854665,10.331979166666667,2,479447081.29209805
29.20689085947896,11.6265625,1,608962295.7491169
29.20689085947896,10.331979166666667,2,486902067.4500618
29.246574135103252,11.6265625,1,574919307.9154997
29.246574135103252,10.331979166666667,2,492157919.4182863
29.28625741072754,11.676354166666666,1,673552202.3744507
29.28625741072754,10.381770833333334,2,473681299.8998728
29.325940686351835,11.676354166666666,1,664940140.377511
29.325940686351835,10.381770833333334,2,476491047.68610287
29.36562396197613,11.676354166666666,1,644924666.3851299
29.36562396197613,10.381770833333334,2,516609204.5340538
29.405307237600418,11.676354166666666,1,599282673.0972471
29.405307237600418,10.381770833333334,2,505671920.43388844
29.44499051322471,11.726145833333334,1,584300757.689352
29.44499051322471,10.4315625,2,512028237.79225063
29.484673788849005,11.726145833333334,1,600365896.1779242
29.484673788849005,10.4315625,2,467649018.6624384
29.524357064473293,11.726145833333334,1,674975046.1882734
29.524357064473293,10.4315625,2,488020075.8620682
29.564040340097588,11.775937500000001,1,666323172.1465521
29.564040340097588,10.4315625,2,528360611.84811497
29.603723615721883,11.775937500000001,1,609525957.6689062
29.603723615721883,10.481354166666666,2,478564095.78164244
29.64340689134617,11.775937500000001,1,509173546.68612766
29.64340689134617,10.481354166666666,2,440769328.44428825
29.683090166970462,11.825729166666667,1,547870067.829854
29.683090166970462,10.481354166666666,2,463744661.3213253
29.722773442594757,11.825729166666667,1,590726639.9981432
29.722773442594757,10.531145833333333,2,505926259.9805765
29.762456718219045,11.825729166666667,1,554678711.7504854
29.762456718219045,10.531145833333333,2,487595339.57005405
29.80213999384334,11.875520833333333,1,625596921.2289333
29.80213999384334,10.531145833333333,2,469314965.4493952
29.841823269467632,11.875520833333333,1,596818892.1254616
29.841823269467632,10.531145833333333,2,463660455.587553
29.881506545091923,11.875520833333333,1,628882822.6243734
29.881506545091923,10.580937500000001,2,494749855.27769184
29.921189820716215,11.9253125,1,604722592.8761368
29.921189820716215,10.580937500000001,2,451344118.7228384
29.96087309634051,11.9253125,1,556807465.0067139
29.96087309634051,9.5353125,2,451606365.70525885
30.000556371964798,11.9253125,1,641418195.9090042
30.000556371964798,10.630729166666667,2,514586140.9232826
30.040239647589093,11.975104166666668,1,638047671.9709406
30.040239647589093,10.630729166666667,2,518321898.906435
30.079922923213385,11.975104166666668,1,690511465.0732441
30.079922923213385,10.630729166666667,2,488425501.04902744
30.119606198837673,11.975104166666668,1,724637713.8080606
30.119606198837673,10.630729166666667,2,483086638.02309036
30.159289474461968,11.975104166666668,1,685362184.5499754
30.159289474461968,10.680520833333333,2,496417314.3731775
30.198972750086263,10.680520833333333,1,557794494.714221
30.198972750086263,9.634895833333333,2,450179089.3346939
30.23865602571055,10.680520833333333,1,509427505.59475327
30.23865602571055,9.634895833333333,2,427327102.066484
30.278339301334846,10.7303125,1,488632507.39340305
30.278339301334846,9.634895833333333,2,416404301.50973797
30.318022576959137,10.7303125,1,454945120.82513523
30.318022576959137,9.634895833333333,2,429494223.14634275
30.357705852583425,10.7303125,1,415828273.4094877
30.357705852583425,9.684687499999999,2,408638778.7108784
30.39738912820772,10.7303125,1,430850397.2398281
30.39738912820772,9.684687499999999,2,391253445.8532214
30.437072403832016,10.780104166666668,1,441277994.0474949
30.437072403832016,9.684687499999999,2,353298552.4748297
30.476755679456303,10.780104166666668,1,483024062.8979597
30.476755679456303,9.684687499999999,2,389156076.6818776
30.516438955080595,10.780104166666668,1,511679695.83630276
30.516438955080595,9.734479166666667,2,441794118.3848257
30.55612223070489,10.829895833333333,1,467292729.05934334
30.55612223070489,9.734479166666667,2,412778786.68370056
30.595805506329178,10.829895833333333,1,482103477.792016
30.595805506329178,9.734479166666667,2,383027826.1164274
30.635488781953473,10.829895833333333,1,522743383.81495
30.635488781953473,9.734479166666667,2,404800730.2001953
30.675172057577768,10.829895833333333,1,493222601.42561245
30.675172057577768,9.784270833333334,2,427588736.6030235
30.714855333202056,10.8796875,1,513919941.86349773
30.714855333202056,9.784270833333334,2,455133874.20520735
30.754538608826348,10.8796875,1,556993700.0488005
30.754538608826348,9.784270833333334,2,417584326.5865722
30.794221884450643,10.8796875,1,554413821.8641787
30.794221884450643,9.784270833333334,2,409064305.5461025
30.83390516007493,10.929479166666667,1,565265933.6870966
30.83390516007493,9.8340625,2,439725977.0153661
30.873588435699226,10.929479166666667,1,587811588.6909113
30.873588435699226,9.8340625,2,424037974.40414095
30.91327171132352,10.929479166666667,1,563737647.723114
30.91327171132352,9.8340625,2,435894847.99402046
30.95295498694781,10.929479166666667,1,517424488.68209743
30.95295498694781,9.8340625,2,427721500.7635088
30.9926382625721,10.979270833333334,1,494918694.0539007
30.9926382625721,9.883854166666666,2,408831092.5211277
31.032321538196395,10.979270833333334,1,528146226.3885155
31.032321538196395,9.883854166666666,2,442959956.2443986
31.072004813820683,10.979270833333334,1,507858881.2115488
31.072004813820683,9.883854166666666,2,421649879.1753154
31.11168808944498,10.979270833333334,1,502247628.2536564
31.11168808944498,9.883854166666666,2,420554468.9819994
31.15137136506927,11.0290625,1,466564246.44926167
31.15137136506927,9.933645833333333,2,399255262.6758876
31.19105464069356,11.0290625,1,505859656.03422165
31.19105464069356,9.933645833333333,2,410198322.8000555
31.230737916317853,11.0290625,1,509133864.94731903
31.230737916317853,9.933645833333333,2,410488448.15308
31.270421191942148,11.078854166666666,1,532026339.06986904
31.270421191942148,9.933645833333333,2,456514545.56385136
31.310104467566436,11.078854166666666,1,518161040.23008347
31.310104467566436,9.9834375,2,441203645.1385379
31.34978774319073,11.078854166666666,1,511914080.44844913
31.34978774319073,9.9834375,2,432978117.48161125
31.389471018815023,11.078854166666666,1,533251630.68952274
31.389471018815023,9.9834375,2,412524080.96327305
31.42915429443931,11.128645833333334,1,495987966.7688608
31.42915429443931,9.9834375,2,436077289.35653925
31.468837570063606,11.128645833333334,1,472128970.45316124
31.468837570063606,10.033229166666667,2,436891593.72174263
31.5085208456879,11.128645833333334,1,532077654.5991039
31.5085208456879,10.033229166666667,2,437253099.06907654
31.54820412131219,11.178437500000001,1,508270907.13299847
31.54820412131219,10.033229166666667,2,422084402.5716071
31.587887396936484,11.178437500000001,1,488429142.7999563
31.587887396936484,10.033229166666667,2,394778264.45728207
31.627570672560775,11.178437500000001,1,507930384.00536346
31.627570672560775,10.083020833333332,2,407309507.2119999
31.667253948185063,11.178437500000001,1,533037046.5466833
31.667253948185063,10.083020833333332,2,442117421.4516063
31.70693722380936,11.228229166666667,1,516406384.3521347
31.70693722380936,10.083020833333332,2,412182935.6998315
31.746620499433654,11.228229166666667,1,520906881.64146996
31.746620499433654,10.083020833333332,2,429197173.5110564
31.78630377505794,11.228229166666667,1,525159148.77962494
31.78630377505794,10.1328125,2,460177870.3775697
31.825987050682233,11.278020833333333,1,500546168.3611183
31.825987050682233,10.1328125,2,409945146.98032856
31.865670326306528,11.278020833333333,1,473703752.43600464
31.865670326306528,10.1328125,2,393524273.6775727
31.905353601930816,11.278020833333333,1,460556251.904418
31.905353601930816,10.1328125,2,412082359.50389624
31.94503687755511,11.278020833333333,1,501554173.83205986
31.94503687755511,10.182604166666668,2,463370221.6545248
31.984720153179406,11.3278125,1,496849817.925354
31.984720153179406,10.182604166666668,2,449713147.5375538
32.024403428803694,11.3278125,1,501993643.64053726
32.024403428803694,10.182604166666668,2,417485423.7041979
32.064086704427986,11.3278125,1,519734246.33030796
32.064086704427986,10.182604166666668,2,389047191.21980286
32.103769980052284,11.377604166666668,1,490177929.74451065
32.103769980052284,10.232395833333333,2,414176272.9558587
32.14345325567657,11.377604166666668,1,468575309.4075422
32.14345325567657,10.232395833333333,2,421356792.90924263
32.18313653130086,11.377604166666668,1,523882676.19580746
32.18313653130086,10.232395833333333,2,436888780.15568876
32.22281980692516,11.377604166666668,1,517089510.006485
32.22281980692516,10.232395833333333,2,421963343.2953005
32.26250308254944,11.427395833333334,1,499935575.4898491
32.26250308254944,10.2821875,2,410020788.3340044
32.30218635817374,11.427395833333334,1,482860770.92344666
32.30218635817374,10.2821875,2,424056993.48368406
32.341869633798034,11.427395833333334,1,475048008.2438412
32.341869633798034,10.2821875,2,382756243.96941614
32.381552909422325,11.4771875,1,499505973.48725605
32.381552909422325,10.331979166666667,2,382867000.77864265
32.42123618504662,11.4771875,1,485911614.61137295
32.42123618504662,10.331979166666667,2,397774827.85058784
32.46091946067091,11.4771875,1,504579786.4242506
32.46091946067091,10.331979166666667,2,414434662.1960001
32.5006027362952,11.4771875,1,491201236.3848114
32.5006027362952,10.331979166666667,2,401786635.2165313
32.54028601191949,11.526979166666667,1,448555735.06698227
32.54028601191949,10.381770833333334,2,424082635.3759179
32.57996928754378,11.526979166666667,1,503846001.35203457
32.57996928754378,10.381770833333334,2,432264354.40619135
32.619652563168074,11.526979166666667,1,500070728.62244797
32.619652563168074,10.381770833333334,2,414007233.5718603
32.659335838792366,11.526979166666667,1,568595735.9609499
32.659335838792366,10.381770833333334,2,463939858.35352516
32.699019114416664,11.576770833333335,1,583952542.2587309
32.699019114416664,10.4315625,2,458577406.9880285
32.73870239004095,11.576770833333335,1,549911733.2815533
32.73870239004095,10.4315625,2,425260565.8322773
32.77838566566525,11.576770833333335,1,509531470.6907978
32.77838566566525,10.4315625,2,396058810.0474
32.81806894128954,11.6265625,1,524661306.4823799
32.81806894128954,10.4315625,2,377636733.9091482
32.85775221691382,11.6265625,1,545897002.8127365
32.85775221691382,10.481354166666666,2,382883792.5658617
32.89743549253812,11.6265625,1,553909855.3422413
32.89743549253812,10.481354166666666,2,419606463.0844264
32.937118768162414,11.6265625,1,593265379.6325283
32.937118768162414,10.481354166666666,2,431748579.45716476
32.976802043786705,11.676354166666666,1,557297653.6332932
32.976802043786705,10.481354166666666,2,415907886.29406357
33.016485319411,11.676354166666666,1,478765217.17618656
33.016485319411,10.531145833333333,2,387122603.9843631
33.05616859503529,11.676354166666666,1,541927537.5977468
33.05616859503529,10.531145833333333,2,423882486.7911253
33.09585187065958,11.726145833333334,1,507746570.62824726
33.09585187065958,10.531145833333333,2,481219077.1036005
33.13553514628387,11.726145833333334,1,465738871.4367876
33.13553514628387,10.531145833333333,2,453367119.0342932
33.17521842190817,11.726145833333334,1,553609877.7587128
33.17521842190817,10.580937500000001,2,472078477.44266987
33.214901697532454,11.726145833333334,1,564294376.7019606
33.214901697532454,10.580937500000001,2,424014253.7786355
33.254584973156746,11.775937500000001,1,537027617.0366516
33.254584973156746,10.580937500000001,2,379171241.4589553
33.294268248781044,11.775937500000001,1,534436538.4463062
33.294268248781044,10.580937500000001,2,483503057.5511551
33.33395152440533,11.775937500000001,1,564035600.3518782
33.33395152440533,10.630729166666667,2,479379548.5436516
33.37363480002963,11.825729166666667,1,552899431.9881496
33.37363480002963,10.630729166666667,2,472067020.58880997
33.41331807565392,11.825729166666667,1,522726742.437047
33.41331807565392,10.630729166666667,2,425243434.21314716
33.45300135127821,11.825729166666667,1,531546759.28991795
33.45300135127821,10.630729166666667,2,406210773.15272903
33.4926846269025,11.825729166666667,1,468151466.2254734
33.4926846269025,10.680520833333333,2,398089121.90238476
33.532367902526794,11.875520833333333,1,474785404.6087208
33.532367902526794,10.680520833333333,2,393073098.7318497
33.572051178151085,11.875520833333333,1,489274345.11564636
33.572051178151085,10.680520833333333,2,430009326.4975195
33.61173445377538,11.875520833333333,1,520112309.17542934
33.61173445377538,10.680520833333333,2,466184463.6064491
33.65141772939967,11.9253125,1,543469307.3728399
33.65141772939967,10.7303125,2,442044240.0004387
33.69110100502396,11.9253125,1,548921216.1006975
33.69110100502396,10.7303125,2,419028755.8088913
33.73078428064825,11.9253125,1,559042778.7668104
33.73078428064825,10.7303125,2,425495479.21051216
33.77046755627255,11.9253125,1,590770411.2180843
33.77046755627255,10.7303125,2,434795420.8873024
33.810150831896834,11.975104166666668,1,583638862.289031
33.810150831896834,10.780104166666668,2,473764206.2853956
33.84983410752113,11.975104166666668,1,535560964.79867744
33.84983410752113,10.780104166666668,2,452540631.8259716
33.889517383145424,11.975104166666668,1,529612700.74274445
33.889517383145424,10.780104166666668,2,406865458.88113976
33.92920065876971,11.975104166666668,1,539285291.3576632
33.92920065876971,10.780104166666668,2,430880088.1815033
33.96888393439401,10.829895833333333,1,429899671.9277048
33.96888393439401,9.8340625,2,368839982.7496481
34.0085672100183,10.829895833333333,1,373463199.5898905
34.0085672100183,9.8340625,2,318830818.0780945
34.04825048564259,10.829895833333333,1,397471237.1017828
34.04825048564259,9.8340625,2,297967274.4069886
34.08793376126688,10.829895833333333,1,495177681.72344875
34.08793376126688,9.883854166666666,2,372100045.56204367
34.12761703689117,10.8796875,1,459592216.38421726
34.12761703689117,9.883854166666666,2,355655043.5047302
34.167300312515465,10.8796875,1,403251116.8370285
34.167300312515465,9.883854166666666,2,334312686.68365574
34.20698358813976,10.8796875,1,403812256.3413725
34.20698358813976,9.883854166666666,2,348550675.88677406
34.246666863764055,10.8796875,1,417971273.65114784
34.246666863764055,9.933645833333333,2,372241961.41498375
34.28635013938834,10.929479166666667,1,423739839.06543064
34.28635013938834,9.933645833333333,2,345269457.3521733
34.32603341501263,10.929479166666667,1,411633954.616519
34.32603341501263,9.933645833333333,2,321846888.38525295
34.36571669063693,10.929479166666667,1,464193878.5331106
34.36571669063693,9.933645833333333,2,336731455.98165894
34.405399966261214,10.929479166666667,1,432641848.0943661
34.405399966261214,9.933645833333333,2,325031790.4232311
34.44508324188551,10.979270833333334,1,426608344.7894106
34.44508324188551,9.9834375,2,347408182.96236706
34.484766517509804,10.979270833333334,1,408514060.10200787
34.484766517509804,9.9834375,2,346469106.3269625
34.524449793134096,10.979270833333334,1,437927431.3938217
34.524449793134096,9.9834375,2,358704596.7991185
34.56413306875839,10.979270833333334,1,447568702.20149326
34.56413306875839,9.9834375,2,380207741.4793978
34.60381634438268,11.0290625,1,416300183.77987576
34.60381634438268,10.033229166666667,2,357550750.3247576
34.64349962000697,11.0290625,1,412461392.36530304
34.64349962000697,10.033229166666667,2,361489735.4171896
34.68318289563126,11.0290625,1,450106174.3353853
34.68318289563126,10.033229166666667,2,360051317.4883466
34.72286617125555,11.0290625,1,438303863.55821896
34.72286617125555,10.033229166666667,2,393130397.80521154
34.762549446879845,11.078854166666666,1,449509727.05206203
34.762549446879845,10.083020833333332,2,404146881.6384015
34.80223272250414,11.078854166666666,1,488166920.7361002
34.80223272250414,10.083020833333332,2,405504073.8547425
34.841915998128435,11.078854166666666,1,441532074.58490276
34.841915998128435,10.083020833333332,2,371082865.81266785
34.88159927375272,11.078854166666666,1,418103539.0018339
34.88159927375272,10.083020833333332,2,382170317.5803833
34.92128254937702,11.128645833333334,1,455993208.4007273
34.92128254937702,10.083020833333332,2,387786988.962163
34.96096582500131,11.128645833333334,1,436055019.448679
34.96096582500131,10.1328125,2,385476214.0440111
35.000649100625594,11.128645833333334,1,422745732.29156494
35.000649100625594,10.1328125,2,374307142.7259846
35.04033237624989,11.178437500000001,1,455319478.14360905
35.04033237624989,10.1328125,2,353887483.25930786
35.080015651874184,11.178437500000001,1,443450270.9994526
35.080015651874184,10.1328125,2,345436191.8293619
35.119698927498476,11.178437500000001,1,470763064.6111746
35.119698927498476,10.182604166666668,2,375401353.30157757
35.15938220312277,11.178437500000001,1,477893840.3213644
35.15938220312277,10.182604166666668,2,381709402.5683069
35.19906547874706,11.228229166666667,1,438858804.9860306
35.19906547874706,10.182604166666668,2,359976986.5181756
35.23874875437135,11.228229166666667,1,442211283.0601797
35.23874875437135,10.182604166666668,2,350565127.1491437
35.27843202999564,11.228229166666667,1,480609099.0184431
35.27843202999564,10.232395833333333,2,397251550.75841665
35.31811530561994,11.228229166666667,1,455376242.92340183
35.31811530561994,10.232395833333333,2,385614040.87384796
35.357798581244225,11.278020833333333,1,446931506.45253277
35.357798581244225,10.232395833333333,2,365597221.47335243
35.397481856868524,11.278020833333333,1,430259505.08923054
35.397481856868524,10.232395833333333,2,382791239.20204544
35.437165132492815,11.278020833333333,1,427650928.6081562
35.437165132492815,10.232395833333333,2,376232009.04233694
35.4768484081171,11.278020833333333,1,426973348.23076534
35.4768484081171,10.2821875,2,403529172.684978
35.5165316837414,11.3278125,1,466376529.4623852
35.5165316837414,10.2821875,2,392565729.7501192
35.55621495936569,11.3278125,1,486808712.79913425
35.55621495936569,10.2821875,2,401280352.61958504
35.59589823498998,11.3278125,1,428301214.48376846
35.59589823498998,10.2821875,2,413434152.0188527
35.63558151061427,11.3278125,1,446091959.16387653
35.63558151061427,10.331979166666667,2,364246830.705348
35.675264786238564,11.377604166666668,1,434560071.1900921
35.675264786238564,10.331979166666667,2,365119740.38025665
35.714948061862856,11.377604166666668,1,430698093.11738586
35.714948061862856,10.331979166666667,2,373742456.53420305
35.75463133748715,11.377604166666668,1,430660200.96904755
35.75463133748715,10.331979166666667,2,374083755.312881
35.794314613111446,11.377604166666668,1,456877355.03825474
35.794314613111446,10.381770833333334,2,398825039.43995523
35.83399788873573,11.427395833333334,1,457317741.2456484
35.83399788873573,10.381770833333334,2,386154773.23849297
35.87368116436002,11.427395833333334,1,424874271.7669258
35.87368116436002,10.381770833333334,2,377032751.09084797
35.91336443998432,11.427395833333334,1,421383703.9541416
35.91336443998432,10.381770833333334,2,332777413.8815975
35.953047715608605,11.427395833333334,1,419445531.415205
35.953047715608605,10.381770833333334,2,308590292.78733873
35.992730991232904,11.4771875,1,450878057.44763565
35.992730991232904,10.4315625,2,381349838.7485256
36.032414266857195,11.4771875,1,489501258.6412449
36.032414266857195,10.4315625,2,391244958.22836924
36.07209754248149,11.4771875,1,454275964.8387604
36.07209754248149,10.4315625,2,402884022.0547967
36.11178081810578,11.4771875,1,438922236.2325134
36.11178081810578,10.4315625,2,423275463.8570862
36.15146409373007,11.526979166666667,1,467886871.7962322
36.15146409373007,10.481354166666666,2,392463606.04148626
36.19114736935436,11.526979166666667,1,468873235.2788162
36.19114736935436,10.481354166666666,2,398149305.8601637
36.23083064497865,11.526979166666667,1,493917991.4414921
36.23083064497865,10.481354166666666,2,424922085.09156466
36.270513920602944,11.526979166666667,1,465163197.30010414
36.270513920602944,10.481354166666666,2,396287899.07226753
36.310197196227236,11.576770833333335,1,466909070.0797663
36.310197196227236,10.531145833333333,2,395225351.3475723
36.34988047185153,11.576770833333335,1,483187594.4615841
36.34988047185153,10.531145833333333,2,378247988.82108736
36.389563747475826,11.576770833333335,1,499595169.58973026
36.389563747475826,10.531145833333333,2,380165696.26091576
36.42924702310011,11.576770833333335,1,481754631.34086895
36.42924702310011,10.531145833333333,2,374087709.825716
36.46893029872441,11.6265625,1,486422272.4600792
36.46893029872441,10.531145833333333,2,431171550.0165858
36.5086135743487,11.6265625,1,494760047.7951355
36.5086135743487,10.580937500000001,2,428567024.88338757
36.548296849972985,11.6265625,1,441843419.6335592
36.548296849972985,10.580937500000001,2,407018576.6253128
36.587980125597284,11.6265625,1,449926818.0366764
36.587980125597284,10.580937500000001,2,370469778.60956144
36.627663401221575,11.676354166666666,1,496393725.0113697
36.627663401221575,10.580937500000001,2,388217740.478415
36.66734667684587,11.676354166666666,1,495490691.68106747
36.66734667684587,10.630729166666667,2,405618110.1966076
36.70702995247016,11.676354166666666,1,459141654.42531586
36.70702995247016,10.630729166666667,2,421063022.58622074
36.74671322809445,11.676354166666666,1,489719879.6839962
36.74671322809445,10.630729166666667,2,443568408.4840288
36.78639650371874,11.726145833333334,1,453441023.6021433
36.78639650371874,10.630729166666667,2,383814062.9043951
36.82607977934303,11.726145833333334,1,467539161.0641937
36.82607977934303,10.680520833333333,2,358729442.5919056
36.86576305496733,11.726145833333334,1,417974436.99665356
36.86576305496733,10.680520833333333,2,350361696.2859688
36.905446330591616,11.726145833333334,1,437004738.2060871
36.905446330591616,10.680520833333333,2,367212766.1588669
36.94512960621591,11.775937500000001,1,519855321.54327106
36.94512960621591,10.680520833333333,2,426372940.3116989
36.984812881840206,11.775937500000001,1,481036006.0862465
36.984812881840206,10.680520833333333,2,424590952.9411011
37.02449615746449,11.775937500000001,1,471860986.5790596
37.02449615746449,10.7303125,2,382964761.35605526
37.06417943308879,11.775937500000001,1,453258482.9976244
37.06417943308879,10.7303125,2,351601484.2990937
37.10386270871308,11.825729166666667,1,465917063.66722965
37.10386270871308,10.7303125,2,386347372.8522768
37.14354598433737,11.825729166666667,1,419652856.2623825
37.14354598433737,10.7303125,2,408502502.49545574
37.183229259961664,10.780104166666668,1,429304095.4848232
37.183229259961664,11.825729166666667,2,424714998.72212696
37.222912535585955,11.825729166666667,1,449106524.28053
37.222912535585955,10.780104166666668,2,400922424.76096964
37.26259581121025,11.875520833333333,1,433034339.9944906
37.26259581121025,10.780104166666668,2,388570128.7418022
37.30227908683454,11.875520833333333,1,408963205.4063387
37.30227908683454,10.780104166666668,2,350534665.7789078
37.34196236245883,11.875520833333333,1,466762597.31795025
37.34196236245883,10.829895833333333,2,356460974.6513009
37.38164563808312,11.875520833333333,1,455038855.51378155
37.38164563808312,10.829895833333333,2,386526532.23780346
37.42132891370741,11.9253125,1,459089212.04522324
37.42132891370741,10.829895833333333,2,400574618.7461033
37.46101218933171,11.9253125,1,451575376.6062546
37.46101218933171,10.829895833333333,2,337186541.5266781
37.500695464955996,11.9253125,1,461703877.8434315
37.500695464955996,10.829895833333333,2,363813240.6597667
37.540378740580294,11.9253125,1,470077313.43416977
37.540378740580294,10.8796875,2,398535087.4224796
37.580062016204586,11.975104166666668,1,490710559.62618923
37.580062016204586,10.8796875,2,427298509.17514133
37.61974529182887,11.975104166666668,1,485209873.3287897
37.61974529182887,10.8796875,2,399630923.72050667
37.65942856745317,11.975104166666668,1,492219085.84755135
37.65942856745317,10.8796875,2,374681112.90982723
37.69911184307746,11.975104166666668,1,476188429.1326294
37.69911184307746,10.929479166666667,2,382045452.3149624
37.73879511870175,10.929479166666667,1,412648753.89550495
37.73879511870175,10.033229166666667,2,327089271.17557764
37.778478394326044,10.929479166666667,1,353715512.574893
37.778478394326044,10.033229166666667,2,281615945.8563123
37.818161669950335,10.929479166666667,1,403412585.24291897
37.818161669950335,10.033229166666667,2,310893524.4073534
37.85784494557463,10.979270833333334,1,401247447.0767069
37.85784494557463,10.033229166666667,2,356269526.4900603
37.89752822119892,10.979270833333334,1,374168293.09491634
37.89752822119892,10.033229166666667,2,340265271.7249775
37.93721149682322,10.979270833333334,1,398604562.877162
37.93721149682322,10.083020833333332,2,345098439.22458935
37.9768947724475,10.979270833333334,1,402328693.7964449
37.9768947724475,10.083020833333332,2,349629355.0319524
38.01657804807179,10.979270833333334,1,396547848.7272482
38.01657804807179,10.083020833333332,2,339379750.0760474
38.05626132369609,11.0290625,1,369353763.99697113
38.05626132369609,10.083020833333332,2,320158953.18351316
38.095944599320376,11.0290625,1,398022680.3222761
38.095944599320376,10.083020833333332,2,337272007.5352173
38.135627874944674,11.0290625,1,412930368.8156643
38.135627874944674,10.1328125,2,367874813.01518154
38.175311150568966,11.0290625,1,401631455.1528015
38.175311150568966,10.1328125,2,343675068.0335455
38.21499442619326,11.078854166666666,1,382149553.85483456
38.21499442619326,10.1328125,2,341081139.5284753
38.25467770181755,11.078854166666666,1,368812185.38166237
38.25467770181755,10.1328125,2,293004411.82129765
38.29436097744184,11.078854166666666,1,415561084.1192026
38.29436097744184,10.182604166666668,2,304689822.7999139
38.33404425306613,11.078854166666666,1,425462985.7429342
38.33404425306613,10.182604166666668,2,339484220.610507
38.373727528690424,11.128645833333334,1,425663673.47949123
38.373727528690424,10.182604166666668,2,355219107.1343188
38.41341080431472,11.128645833333334,1,389290934.14852715
38.41341080431472,10.182604166666668,2,321891348.99141407
38.45309407993901,11.128645833333334,1,425808989.4799795
38.45309407993901,10.182604166666668,2,343390303.4119816
38.4927773555633,11.128645833333334,1,418944039.9605894
38.4927773555633,10.232395833333333,2,344910516.52419996
38.5324606311876,11.128645833333334,1,393254170.9041071
38.5324606311876,10.232395833333333,2,316882567.7149844
38.57214390681188,11.178437500000001,1,389190453.83392143
38.57214390681188,10.232395833333333,2,325103313.6423745
38.61182718243618,11.178437500000001,1,370556597.9957781
38.61182718243618,10.232395833333333,2,348373262.90611553
38.65151045806047,11.178437500000001,1,391917669.8638849
38.65151045806047,10.232395833333333,2,358827402.7533226
38.69119373368476,11.178437500000001,1,408234844.0453701
38.69119373368476,10.2821875,2,372385762.70239735
38.730877009309054,11.228229166666667,1,384786587.0864067
38.730877009309054,10.2821875,2,336319986.6483717
38.770560284933346,11.228229166666667,1,373959263.82109547
38.770560284933346,10.2821875,2,328040865.7506094
38.81024356055764,11.228229166666667,1,362693195.6820345
38.81024356055764,10.2821875,2,301621150.49912405
38.84992683618193,11.228229166666667,1,430257949.9508352
38.84992683618193,10.2821875,2,331123633.1102586
38.88961011180622,11.278020833333333,1,425893443.438118
38.88961011180622,10.331979166666667,2,341630806.1223345
38.92929338743051,11.278020833333333,1,384377334.4912319
38.92929338743051,10.331979166666667,2,357007364.71596193
38.968976663054804,11.278020833333333,1,381727353.1492624
38.968976663054804,10.331979166666667,2,333478727.7981491
39.0086599386791,11.278020833333333,1,440291689.6901293
39.0086599386791,10.331979166666667,2,356918481.51300764
39.04834321430339,11.278020833333333,1,375196629.5935459
39.04834321430339,10.381770833333334,2,353334828.1074619
39.088026489927685,11.3278125,1,368606435.5176344
39.088026489927685,10.381770833333334,2,346232913.08976126
39.12770976555198,11.3278125,1,367388094.5444603
39.12770976555198,10.381770833333334,2,342553806.1263685
39.16739304117626,11.3278125,1,395122609.8854866
39.16739304117626,10.381770833333334,2,358091815.16615915
39.20707631680056,11.3278125,1,415347669.535902
39.20707631680056,10.381770833333334,2,347320370.48055124
39.24675959242485,11.377604166666668,1,400714556.6727028
39.24675959242485,10.4315625,2,310730955.19628716
39.28644286804914,11.377604166666668,1,377244430.1781359
39.28644286804914,10.4315625,2,326705355.3417697
39.326126143673434,11.377604166666668,1,345283579.7788706
39.326126143673434,10.4315625,2,344673185.3934374
39.365809419297726,10.4315625,1,357337457.2482662
39.365809419297726,11.377604166666668,2,342488327.76028633
39.40549269492202,10.4315625,1,390047225.99275017
39.40549269492202,11.427395833333334,2,389124175.75051117
39.44517597054631,11.427395833333334,1,394699937.2585468
39.44517597054631,10.481354166666666,2,372729445.65681267
39.48485924617061,11.427395833333334,1,383064166.2603607
39.48485924617061,10.481354166666666,2,360810188.49232435
39.52454252179489,11.427395833333334,1,392774794.729826
39.52454252179489,10.481354166666666,2,373635243.2691059
39.56422579741918,11.427395833333334,1,411329351.9972229
39.56422579741918,10.481354166666666,2,376013765.6756835
39.60390907304348,11.4771875,1,379980653.3253355
39.60390907304348,10.481354166666666,2,319324326.3890095
39.64359234866777,11.4771875,1,393364974.47942257
39.64359234866777,10.531145833333333,2,328218589.94339895
39.683275624292065,11.4771875,1,398789034.5325422
39.683275624292065,10.531145833333333,2,330990603.1706023
39.72295889991636,11.4771875,1,408882893.36115265
39.72295889991636,10.531145833333333,2,355674200.6195035
39.76264217554065,11.526979166666667,1,465137366.5170393
39.76264217554065,10.531145833333333,2,391810542.33736086
39.80232545116494,11.526979166666667,1,446721732.1968813
39.80232545116494,10.580937500000001,2,366149963.2042694
39.84200872678923,11.526979166666667,1,400505278.45937824
39.84200872678923,10.580937500000001,2,357202372.8028488
39.88169200241352,11.526979166666667,1,411133579.8512163
39.88169200241352,10.580937500000001,2,356057750.8517165
39.921375278037814,11.576770833333335,1,420367051.15240574
39.921375278037814,10.580937500000001,2,344384017.8245621
39.961058553662106,11.576770833333335,1,392396978.36537933
39.961058553662106,10.580937500000001,2,355756272.9461279
40.0007418292864,11.576770833333335,1,403189958.2828045
40.0007418292864,10.630729166666667,2,308542153.3600416
40.04042510491069,11.576770833333335,1,426747300.2241583
40.04042510491069,10.630729166666667,2,348847195.7052717
40.08010838053499,11.576770833333335,1,442499183.4425173
40.08010838053499,10.630729166666667,2,354618761.0633025
40.11979165615927,11.6265625,1,457688497.7310381
40.11979165615927,10.630729166666667,2,386686530.222023
40.15947493178357,11.6265625,1,424682791.86007404
40.15947493178357,10.630729166666667,2,345668013.0981469
40.19915820740786,11.6265625,1,430649212.3519478
40.19915820740786,10.680520833333333,2,373198430.5795498
40.23884148303215,11.6265625,1,438055294.1636267
40.23884148303215,10.680520833333333,2,402948527.5393915
40.278524758656445,11.676354166666666,1,400657961.6016779
40.278524758656445,10.680520833333333,2,371239698.7895622
40.31820803428074,11.676354166666666,1,398147451.30798435
40.31820803428074,10.680520833333333,2,378188063.3364191
40.35789130990503,11.676354166666666,1,434870893.4949541
40.35789130990503,10.680520833333333,2,393960100.97972536
40.39757458552932,11.676354166666666,1,389502973.20685863
40.39757458552932,10.7303125,2,327361604.58561945
40.43725786115361,11.726145833333334,1,416477532.4907274
40.43725786115361,10.7303125,2,337412692.2646723
40.4769411367779,11.726145833333334,1,447312610.35665226
40.4769411367779,10.7303125,2,376086437.92187405
40.516624412402194,11.726145833333334,1,450637369.1580744
40.516624412402194,10.7303125,2,355587621.8458595
40.55630768802649,11.726145833333334,1,439212522.6365795
40.55630768802649,10.780104166666668,2,303785309.5690508
40.59599096365078,11.726145833333334,1,416971830.77388096
40.59599096365078,10.780104166666668,2,314699493.15645933
40.63567423927507,11.775937500000001,1,431781438.85470295
40.63567423927507,10.780104166666668,2,347318436.32204294
40.67535751489937,11.775937500000001,1,419462774.43332195
40.67535751489937,10.780104166666668,2,325984717.64318466
40.71504079052365,11.775937500000001,1,411769238.7681713
40.71504079052365,10.780104166666668,2,328148473.6388502
40.75472406614795,11.775937500000001,1,456109243.89388466
40.75472406614795,10.829895833333333,2,351971049.38429546
40.79440734177224,11.825729166666667,1,434532404.52374077
40.79440734177224,10.829895833333333,2,322637372.47180843
40.834090617396534,11.825729166666667,1,395548825.6631756
40.834090617396534,10.829895833333333,2,320514497.92902565
40.873773893020825,11.825729166666667,1,395535735.21654415
40.873773893020825,10.829895833333333,2,346551559.8097019
40.91345716864512,11.825729166666667,1,447235278.4806738
40.91345716864512,10.829895833333333,2,378241696.50220394
40.95314044426941,11.875520833333333,1,452512124.47187805
40.95314044426941,10.8796875,2,357047949.3221111
40.9928237198937,11.875520833333333,1,449383518.2579241
40.9928237198937,10.8796875,2,366435053.4197302
41.03250699551799,11.875520833333333,1,418668435.8369665
41.03250699551799,10.8796875,2,372004994.305377
41.07219027114228,11.875520833333333,1,400990409.61244774
41.07219027114228,10.8796875,2,323274973.00212955
41.111873546766574,11.875520833333333,1,435045392.7679291
41.111873546766574,10.929479166666667,2,332042754.07400036
41.15155682239087,11.9253125,1,394317544.6878576
41.15155682239087,10.929479166666667,2,328054396.33772755
41.19124009801516,11.9253125,1,341434709.07114315
41.19124009801516,10.929479166666667,2,333789962.30606556
41.230923373639456,11.9253125,1,391566235.4140539
41.230923373639456,10.929479166666667,2,380466305.1651325
41.27060664926375,11.9253125,1,400542325.3808613
41.27060664926375,10.929479166666667,2,387470444.60682297
41.31028992488803,11.975104166666668,1,382454471.4112196
41.31028992488803,10.979270833333334,2,357100852.6211052
41.34997320051233,11.975104166666668,1,403724872.85129356
41.34997320051233,10.979270833333334,2,346216276.36031914
41.38965647613662,11.975104166666668,1,393346823.9998493
41.38965647613662,10.979270833333334,2,366465912.6757002
41.429339751760914,11.975104166666668,1,398134496.241313
41.429339751760914,10.979270833333334,2,338272658.71062374
41.469023027385205,11.975104166666668,1,393505704.5156107
41.469023027385205,10.979270833333334,2,324596421.70491314
41.5087063030095,11.0290625,1,330739763.6851759
41.5087063030095,10.182604166666668,2,265224055.75173807
41.54838957863379,11.0290625,1,381678481.51741505
41.54838957863379,10.182604166666668,2,293895577.91061974
41.58807285425808,11.0290625,1,351347673.2513056
41.58807285425808,10.182604166666668,2,279064829.5451441
41.62775612988238,11.0290625,1,375877233.71932125
41.62775612988238,10.182604166666668,2,259854116.91209316
41.66743940550666,11.0290625,1,369786403.19421864
41.66743940550666,10.182604166666668,2,269683655.136744
41.707122681130954,11.078854166666666,1,352510302.2466326
41.707122681130954,10.232395833333333,2,312833807.3183551
41.74680595675525,11.078854166666666,1,343769662.8928871
41.74680595675525,10.232395833333333,2,311504200.6896157
41.78648923237954,11.078854166666666,1,375414601.4611225
41.78648923237954,10.232395833333333,2,329186424.33589935
41.826172508003836,11.078854166666666,1,342846404.6111193
41.826172508003836,10.232395833333333,2,341882725.7931423
41.86585578362813,10.232395833333333,1,345166584.4287672
41.86585578362813,11.128645833333334,2,335964780.2695379
41.90553905925242,11.128645833333334,1,372315071.11178017
41.90553905925242,10.2821875,2,341743052.15555954
41.94522233487671,11.128645833333334,1,387869195.0341654
41.94522233487671,10.2821875,2,344470204.7831764
41.984905610501,11.128645833333334,1,358516838.1431246
41.984905610501,10.2821875,2,318115801.41159916
42.024588886125294,11.128645833333334,1,334939603.2200079
42.024588886125294,10.2821875,2,332373443.78111696
42.064272161749585,10.2821875,1,350244355.25033236
42.064272161749585,11.178437500000001,2,345619602.91639805
42.103955437373884,11.178437500000001,1,348301180.6408348
42.103955437373884,10.331979166666667,2,336633528.47751427
42.14363871299817,11.178437500000001,1,324966651.06406593
42.14363871299817,10.331979166666667,2,289283475.14267015
42.18332198862246,11.178437500000001,1,371299544.90237236
42.18332198862246,10.331979166666667,2,298213391.44765043
42.22300526424676,11.178437500000001,1,374861669.3522043
42.22300526424676,10.331979166666667,2,321255751.4469433
42.26268853987104,11.228229166666667,1,401615701.4378176
42.26268853987104,10.331979166666667,2,341753420.99430656
42.30237181549534,11.228229166666667,1,393659733.41636467
42.30237181549534,10.381770833333334,2,328084845.62925625
42.34205509111963,11.228229166666667,1,360662341.9471178
42.34205509111963,10.381770833333334,2,330143819.7257252
42.381738366743924,11.228229166666667,1,351260496.50165176
42.381738366743924,10.381770833333334,2,324734444.16160345
42.421421642368216,11.228229166666667,1,351068638.8576164
42.421421642368216,10.381770833333334,2,292074554.9524746
42.46110491799251,11.278020833333333,1,366531935.2930622
42.46110491799251,10.381770833333334,2,321391877.14180374
42.5007881936168,11.278020833333333,1,353847700.112339
42.5007881936168,10.381770833333334,2,345323660.4766784
42.54047146924109,11.278020833333333,1,381488844.5192528
42.54047146924109,10.4315625,2,335182516.0801978
42.58015474486538,11.278020833333333,1,349517102.22609043
42.58015474486538,10.4315625,2,283611409.78719425
42.619838020489674,11.3278125,1,350050870.0911217
42.619838020489674,10.4315625,2,272330501.7050586
42.659521296113965,11.3278125,1,351637651.73656464
42.659521296113965,10.4315625,2,269019946.8394928
42.699204571738264,11.3278125,1,371042781.26634216
42.699204571738264,10.4315625,2,299949818.87025356
42.73888784736255,11.3278125,1,371372705.0446968
42.73888784736255,10.481354166666666,2,314881251.5168953
42.77857112298685,11.3278125,1,379221835.81481457
42.77857112298685,10.481354166666666,2,318793941.7903986
42.81825439861114,11.377604166666668,1,342050429.0411625
42.81825439861114,10.481354166666666,2,311383581.0594702
42.85793767423542,11.377604166666668,1,323787787.79700565
42.85793767423542,10.481354166666666,2,303633451.3642936
42.89762094985972,11.377604166666668,1,348383038.68893147
42.89762094985972,10.481354166666666,2,269258213.5507312
42.93730422548401,11.377604166666668,1,339882417.20176697
42.93730422548401,10.531145833333333,2,324922390.1665106
42.976987501108304,11.377604166666668,1,385136054.29988575
42.976987501108304,10.531145833333333,2,358818161.17540646
43.016670776732596,11.427395833333334,1,314152782.43629265
43.016670776732596,10.531145833333333,2,282062272.30448246
43.05635405235689,11.427395833333334,1,347576598.104661
43.05635405235689,10.531145833333333,2,315718203.8146038
43.09603732798118,11.427395833333334,1,347999432.74497604
43.09603732798118,10.531145833333333,2,315583328.8551688
43.13572060360547,11.427395833333334,1,333077561.48459435
43.13572060360547,10.580937500000001,2,302002022.8022833
43.17540387922977,11.4771875,1,395333301.77759933
43.17540387922977,10.580937500000001,2,338378456.8907213
43.215087154854054,11.4771875,1,412327343.73690987
43.215087154854054,10.580937500000001,2,328223335.77086544
43.254770430478345,11.4771875,1,373366115.64498425
43.254770430478345,10.580937500000001,2,312873673.2367449
43.294453706102644,11.4771875,1,369989705.1135206
43.294453706102644,10.580937500000001,2,332208696.52004766
43.33413698172693,11.4771875,1,368269463.85674286
43.33413698172693,10.630729166666667,2,322554073.0706558
43.37382025735123,11.526979166666667,1,410527516.2051172
43.37382025735123,10.630729166666667,2,333244926.73679733
43.41350353297552,11.526979166666667,1,383760236.32742596
43.41350353297552,10.630729166666667,2,337347483.5176201
43.45318680859981,11.526979166666667,1,337416985.5172415
43.45318680859981,10.630729166666667,2,300771790.7854819
43.4928700842241,11.526979166666667,1,379577174.1532717
43.4928700842241,10.630729166666667,2,312912242.2580061
43.53255335984839,11.526979166666667,1,380392468.7977066
43.53255335984839,10.680520833333333,2,311680309.37896633
43.572236635472684,10.680520833333333,1,352980661.5331764
43.572236635472684,11.576770833333335,2,351092807.75818634
43.611919911096976,10.680520833333333,1,402093685.5493884
43.611919911096976,11.576770833333335,2,398741135.18978214
43.65160318672127,11.576770833333335,1,367122191.7209511
43.65160318672127,10.680520833333333,2,329077852.68065166
43.69128646234556,11.576770833333335,1,382605638.500432
43.69128646234556,10.680520833333333,2,328839267.2427454
43.73096973796985,11.576770833333335,1,427797721.51819324
43.73096973796985,10.7303125,2,346714796.35368824
43.77065301359415,11.6265625,1,398525841.54988956
43.77065301359415,10.7303125,2,316303491.61593676
43.810336289218434,11.6265625,1,377203775.2845154
43.810336289218434,10.7303125,2,328075048.0189686
43.85001956484273,11.6265625,1,345684565.2290163
43.85001956484273,10.7303125,2,299245610.87357426
43.889702840467024,11.6265625,1,336322902.2035723
43.889702840467024,10.7303125,2,306264752.1529217
43.92938611609131,11.676354166666666,1,393528967.1399927
43.92938611609131,10.780104166666668,2,368141601.05049896
43.96906939171561,11.676354166666666,1,402327434.3124666
43.96906939171561,10.780104166666668,2,336729442.9294481
44.0087526673399,11.676354166666666,1,392206570.3504982
44.0087526673399,10.780104166666668,2,327833704.6879206
44.04843594296419,11.676354166666666,1,367567386.85074043
44.04843594296419,10.780104166666668,2,329810028.0702667
44.08811921858848,11.676354166666666,1,331162511.61951923
44.08811921858848,10.780104166666668,2,293971384.1960888
44.12780249421277,11.726145833333334,1,336758121.16291714
44.12780249421277,10.780104166666668,2,300499816.4815645
44.167485769837064,11.726145833333334,1,350085390.4047823
44.167485769837064,10.829895833333333,2,307966689.0024767
44.207169045461356,11.726145833333334,1,393185284.4731865
44.207169045461356,10.829895833333333,2,320457308.42121315
44.246852321085655,11.726145833333334,1,395918377.2198372
44.246852321085655,10.829895833333333,2,309699343.0261221
44.28653559670994,11.726145833333334,1,392894567.4216337
44.28653559670994,10.083020833333332,2,325254580.24767447
44.32621887233423,11.775937500000001,1,399577925.2390423
44.32621887233423,10.829895833333333,2,344109148.8242073
44.36590214795853,11.775937500000001,1,385657063.0537405
44.36590214795853,10.8796875,2,313208184.0328913
44.405585423582814,11.775937500000001,1,368208321.2872753
44.405585423582814,10.8796875,2,308091005.7553797
44.44526869920711,11.775937500000001,1,385274245.51193523
44.44526869920711,10.8796875,2,314826092.9345112
44.484951974831404,11.775937500000001,1,374435838.0651903
44.484951974831404,10.8796875,2,313426981.02025414
44.524635250455695,11.825729166666667,1,376925288.52811813
44.524635250455695,10.8796875,2,327748367.1815529
44.56431852607999,11.825729166666667,1,355017047.50065136
44.56431852607999,10.929479166666667,2,325900222.6427431
44.60400180170428,11.825729166666667,1,389969661.7458401
44.60400180170428,10.929479166666667,2,321913254.2556801
44.64368507732857,11.825729166666667,1,355744546.77004814
44.64368507732857,10.929479166666667,2,324313081.96174717
44.68336835295286,11.875520833333333,1,342198231.5873642
44.68336835295286,10.929479166666667,2,319337277.508111
44.72305162857715,11.875520833333333,1,378190064.5239277
44.72305162857715,10.929479166666667,2,336420277.1548929
44.762734904201444,11.875520833333333,1,387284536.52042866
44.762734904201444,10.979270833333334,2,342325704.8151245
44.802418179825736,11.875520833333333,1,365900619.08601475
44.802418179825736,10.979270833333334,2,354220011.40618753
44.842101455450035,11.875520833333333,1,398509839.0311079
44.842101455450035,10.979270833333334,2,335698461.80016327
44.88178473107432,11.9253125,1,416629916.61699677
44.88178473107432,10.979270833333334,2,330141456.90729237
44.92146800669862,11.9253125,1,417252993.8762102
44.92146800669862,10.979270833333334,2,355652172.0498371
44.96115128232291,11.9253125,1,396509334.0808964
44.96115128232291,11.0290625,2,342421938.5474491
45.000834557947194,11.9253125,1,361990369.8823433
45.000834557947194,11.0290625,2,350078550.9203825
45.04051783357149,11.9253125,1,368409752.24899673
45.04051783357149,10.232395833333333,2,343733935.06128645
45.080201109195784,11.975104166666668,1,400477891.62978077
45.080201109195784,11.0290625,2,311053159.942976
45.119884384820075,11.975104166666668,1,395693551.4229288
45.119884384820075,11.0290625,2,332294523.4218912
45.15956766044437,11.975104166666668,1,370089000.4540949
45.15956766044437,11.078854166666666,2,329573818.0173397
45.19925093606866,11.975104166666668,1,334099842.69725037
45.19925093606866,11.078854166666666,2,330271569.7292452
45.23893421169295,11.975104166666668,1,375318491.75125694
45.23893421169295,10.2821875,2,332370633.2805762
45.27861748731724,11.078854166666666,1,326798518.1361294
45.27861748731724,10.2821875,2,319798098.03650045
45.31830076294154,11.078854166666666,1,350416732.0566759
45.31830076294154,10.2821875,2,303060725.10595846
45.357984038565824,11.128645833333334,1,356077476.3392782
45.357984038565824,10.331979166666667,2,289139325.75633097
45.39766731419012,11.128645833333334,1,353911538.68232536
45.39766731419012,9.634895833333333,2,257772631.342865
45.437350589814415,11.128645833333334,1,333364388.23740387
45.437350589814415,10.331979166666667,2,278824565.7561245
45.4770338654387,11.128645833333334,1,328145512.71486473
45.4770338654387,10.331979166666667,2,277605857.8844671
45.516717141063,11.128645833333334,1,339533320.1772051
45.516717141063,10.331979166666667,2,307859288.8941202
45.55640041668729,11.178437500000001,1,339384294.0776377
45.55640041668729,10.381770833333334,2,291517453.8458772
45.59608369231158,11.178437500000001,1,370018832.5761337
45.59608369231158,10.381770833333334,2,303845562.45090294
45.63576696793587,11.178437500000001,1,365105410.16206074
45.63576696793587,10.381770833333334,2,316620362.4489031
45.675450243560164,11.178437500000001,1,336182151.51279163
45.675450243560164,10.381770833333334,2,296137441.3186636
45.715133519184455,11.178437500000001,1,309221702.7643442
45.715133519184455,10.381770833333334,2,298635956.64162254
45.75481679480875,11.178437500000001,1,304342144.87867165
45.75481679480875,10.381770833333334,2,287646837.44379663
45.794500070433045,11.228229166666667,1,341912838.2570362
45.794500070433045,10.4315625,2,284381836.8273244
45.83418334605733,11.228229166666667,1,386853639.1524401
45.83418334605733,10.4315625,2,302249063.0998311
45.87386662168162,11.228229166666667,1,362970172.1289301
45.87386662168162,10.4315625,2,271293255.4151931
45.91354989730592,11.228229166666667,1,343296313.52940273
45.91354989730592,10.4315625,2,296072832.267128
45.953233172930204,11.228229166666667,1,352326209.7282686
45.953233172930204,10.4315625,2,324926776.2247062
45.9929164485545,11.278020833333333,1,339048781.3024454
45.9929164485545,10.481354166666666,2,300849444.14947224
46.032599724178795,11.278020833333333,1,337400408.6224117
46.032599724178795,10.481354166666666,2,278840296.9179115
46.072282999803086,11.278020833333333,1,343245028.86878204
46.072282999803086,10.481354166666666,2,300945438.067008
46.11196627542738,11.278020833333333,1,310358239.9571886
46.11196627542738,10.481354166666666,2,308271759.8911233
46.15164955105167,11.278020833333333,1,332077913.8645086
46.15164955105167,10.481354166666666,2,312371119.7276206
46.19133282667596,11.3278125,1,345749876.6546564
46.19133282667596,10.481354166666666,2,297419646.48249435
46.23101610230025,11.3278125,1,328377041.9982729
46.23101610230025,10.531145833333333,2,284006043.30719566
46.270699377924544,11.3278125,1,318333607.81681633
46.270699377924544,10.531145833333333,2,286059400.7142925
46.310382653548835,11.3278125,1,289200071.60329914
46.310382653548835,10.531145833333333,2,267318354.31584024
46.35006592917313,11.3278125,1,303332068.247159
46.35006592917313,10.531145833333333,2,284650541.1739545
46.389749204797425,11.377604166666668,1,322912104.2625456
46.389749204797425,10.531145833333333,2,305665813.7112565
46.42943248042171,11.377604166666668,1,318566249.1537857
46.42943248042171,10.580937500000001,2,284516282.9743514
46.46911575604601,11.377604166666668,1,313262804.57386684
46.46911575604601,10.580937500000001,2,258812493.14437675
46.5087990316703,11.377604166666668,1,325083463.21802616
46.5087990316703,10.580937500000001,2,294208234.79378414
46.548482307294584,11.377604166666668,1,345448062.1669388
46.548482307294584,10.580937500000001,2,308701068.28257084
46.58816558291888,11.427395833333334,1,348362006.39941025
46.58816558291888,10.580937500000001,2,293890888.65468025
46.627848858543175,11.427395833333334,1,328610825.0271683
46.627848858543175,10.580937500000001,2,305612019.55172586
46.667532134167466,11.427395833333334,1,336404726.2960882
46.667532134167466,10.630729166666667,2,302511700.4468584
46.70721540979176,11.427395833333334,1,309623826.20025253
46.70721540979176,10.630729166666667,2,283206301.7169943
46.74689868541605,11.427395833333334,1,318844277.76616955
46.74689868541605,10.630729166666667,2,290153113.2031021
46.78658196104034,11.4771875,1,360021826.161499
46.78658196104034,10.630729166666667,2,321702872.98297024
46.82626523666463,11.4771875,1,337213603.15021324
46.82626523666463,10.630729166666667,2,298452367.11990213
46.86594851228893,11.4771875,1,312445500.3059797
46.86594851228893,10.680520833333333,2,275130041.0212498
46.905631787913215,11.4771875,1,339512699.65128326
46.905631787913215,10.680520833333333,2,297530297.2530098
46.94531506353751,11.4771875,1,349368711.2000971
46.94531506353751,10.680520833333333,2,258699633.39926147
46.984998339161805,11.526979166666667,1,318885781.5532799
46.984998339161805,10.680520833333333,2,287868401.1892834
47.02468161478609,11.526979166666667,1,328185291.34450054
47.02468161478609,10.680520833333333,2,251521915.19347763
47.06436489041039,11.526979166666667,1,351487429.1618242
47.06436489041039,10.680520833333333,2,270289295.2548218
47.10404816603468,11.526979166666667,1,341172141.2772379
47.10404816603468,10.7303125,2,255669546.3150468
47.14373144165897,11.526979166666667,1,344129192.1314764
47.14373144165897,10.7303125,2,278473074.55142784
47.18341471728326,11.576770833333335,1,362512028.8421097
47.18341471728326,10.7303125,2,287032063.6397743
47.223097992907554,11.576770833333335,1,365193108.9569254
47.223097992907554,10.7303125,2,274844734.93434906
47.262781268531846,11.576770833333335,1,367626028.6985483
47.262781268531846,10.7303125,2,300734101.56656265
47.30246454415614,11.576770833333335,1,373240690.6402292
47.30246454415614,10.7303125,2,314733910.3215904
47.34214781978043,11.576770833333335,1,348630684.73792267
47.34214781978043,10.780104166666668,2,288072255.07645607
47.38183109540472,11.576770833333335,1,318571346.0452347
47.38183109540472,10.033229166666667,2,288526439.393116
47.42151437102901,11.6265625,1,302103850.732502
47.42151437102901,10.780104166666668,2,269233816.70535755
47.46119764665331,11.6265625,1,350135147.3898945
47.46119764665331,10.780104166666668,2,312137710.85378075
47.500880922277595,11.6265625,1,366651096.02928925
47.500880922277595,10.780104166666668,2,322432163.3639841
47.540564197901894,11.6265625,1,355571438.11578274
47.540564197901894,10.829895833333333,2,292646780.10048866
47.580247473526185,11.6265625,1,364327328.49983215
47.580247473526185,10.829895833333333,2,298753144.36208344
