case,species,step,omega_ci_t,anisotropy_global,parallel_over_perpendicular_global,anisotropy_median,anisotropy_p25,anisotropy_p75,beta_parallel_global,beta_parallel_median,beta_parallel_p25,beta_parallel_p75,marginal_threshold,instability_drive,valid_cells
Mirror Moderate Bi-Maxwellian,ion,0,0.0,1.9995625019073486,0.5001093984539703,2.0000550746917725,1.9276078939437866,2.0755045413970947,4.994213581085205,4.991099834442139,4.841169834136963,5.143021583557129,1.2002317249280932,0.7993307769792555,331776
Mirror Moderate Bi-Maxwellian,ion,500,0.06597222222222222,1.9991878271102905,0.5002031257090244,1.9997366666793823,1.9511957168579102,2.049232006072998,4.995924949645996,4.99379825592041,4.871181011199951,5.118742942810059,1.2001631349708042,0.7990246921394863,331776
Mirror Moderate Bi-Maxwellian,ion,1000,0.13194444444444445,1.9991430044174194,0.5002143407401789,1.999688982963562,1.9507755041122437,2.0496559143066406,4.995087623596191,4.993192672729492,4.8691253662109375,5.118798732757568,1.2001966882975428,0.7989463161198767,331776
Mirror Moderate Bi-Maxwellian,ion,1500,0.19791666666666669,1.9991748332977295,0.5002063768232089,1.9995461702346802,1.9509974718093872,2.0491631031036377,4.994267463684082,4.992447853088379,4.868178367614746,5.118342399597168,1.2002295646501755,0.798945268647554,331776
Mirror Moderate Bi-Maxwellian,ion,2000,0.2638888888888889,1.99921715259552,0.5001957884873746,1.9996306896209717,1.9511154890060425,2.0492961406707764,4.9934821128845215,4.9914231300354,4.866702079772949,5.118316173553467,1.2002610557910545,0.7989560968044656,331776
Mirror Moderate Bi-Maxwellian,ion,2500,0.3298611111111111,1.9993038177490234,0.500174106167556,1.9997344017028809,1.9509406089782715,2.049571990966797,4.992671966552734,4.990593910217285,4.865167140960693,5.118144512176514,1.2002935515690338,0.7990102661799896,331776
Mirror Moderate Bi-Maxwellian,ion,3000,0.39583333333333337,1.9993778467178345,0.5001555867199357,1.9995653629302979,1.9510918855667114,2.049891948699951,4.991872310638428,4.990229606628418,4.864586353302002,5.117628574371338,1.200325636909592,0.7990522098082424,331776
Mirror Moderate Bi-Maxwellian,ion,3500,0.4618055555555556,1.9994711875915527,0.5001322380666771,1.9999250173568726,1.9511605501174927,2.049750566482544,4.991062164306641,4.9891743659973145,4.863607406616211,5.116176605224609,1.2003581536514323,0.7991130339401205,331776
Mirror Moderate Bi-Maxwellian,ion,4000,0.5277777777777778,1.999563455581665,0.5001091599311631,2.0000200271606445,1.9512544870376587,2.0499637126922607,4.990251064300537,4.9880828857421875,4.8628363609313965,5.116333961486816,1.2003907192473422,0.7991727363343228,331776
Mirror Moderate Bi-Maxwellian,ion,4500,0.59375,1.9996498823165894,0.5000875447463345,2.0000834465026855,1.9514050483703613,2.0499117374420166,4.989482879638672,4.987563133239746,4.8615522384643555,5.115593433380127,1.200421571558217,0.7992283107583724,331776
Mirror Moderate Bi-Maxwellian,ion,5000,0.6597222222222222,1.9997440576553345,0.5000639937755249,2.0001115798950195,1.951469898223877,2.050100803375244,4.988693714141846,4.986665725708008,4.860686302185059,5.115322113037109,1.2004532764088565,0.799290781246478,331776
Mirror Moderate Bi-Maxwellian,ion,5500,0.7256944444444444,1.9998388290405273,0.5000402959871396,2.000204563140869,1.951682209968567,2.050225019454956,4.987907886505127,4.986140251159668,4.859850883483887,5.114602565765381,1.200484857129282,0.7993539719112452,331776
Mirror Moderate Bi-Maxwellian,ion,6000,0.7916666666666667,1.9999260902404785,0.5000184781227371,2.0003533363342285,1.95154869556427,2.050464630126953,4.9871368408203125,4.984979629516602,4.858478546142578,5.114531517028809,1.2005158534682425,0.799410236772236,331776
Mirror Moderate Bi-Maxwellian,ion,6500,0.857638888888889,2.0000245571136475,0.49999386079696867,2.000394821166992,1.9517219066619873,2.0502164363861084,4.986348628997803,4.983955383300781,4.858007431030273,5.113995552062988,1.2005475498011835,0.799477007312464,331776
Mirror Moderate Bi-Maxwellian,ion,7000,0.9236111111111112,2.0001206398010254,0.4999698418688791,2.0005722045898438,1.9517487287521362,2.0503623485565186,4.985566139221191,4.983745574951172,4.856385231018066,5.113699913024902,1.200579025947134,0.7995416138538913,331776
Mirror Moderate Bi-Maxwellian,ion,7500,0.9895833333333335,2.0002007484436035,0.4999498179260857,2.00071120262146,1.9518011808395386,2.050774097442627,4.9848151206970215,4.982776165008545,4.855748653411865,5.112308025360107,1.2006092454358008,0.7995915030078027,331776
Mirror Moderate Bi-Maxwellian,ion,8000,1.0555555555555556,2.000283718109131,0.4999290805332858,2.0006580352783203,1.9519022703170776,2.050522804260254,4.984050750732422,4.981640815734863,4.854682445526123,5.112342834472656,1.2006400115113287,0.7996437065978022,331776
Mirror Moderate Bi-Maxwellian,ion,8500,1.121527777777778,2.000396251678467,0.49990095670341955,2.0008058547973633,1.9521766901016235,2.050682783126831,4.983240604400635,4.9814019203186035,4.854197978973389,5.110835552215576,1.200672630399767,0.7997236212786998,331776
Mirror Moderate Bi-Maxwellian,ion,9000,1.1875,2.000485420227051,0.49987867439018985,2.000955820083618,1.9524002075195312,2.050795555114746,4.982480525970459,4.980539798736572,4.8527326583862305,5.110977649688721,1.2007032430508549,0.7997821771761959,331776
Mirror Moderate Bi-Maxwellian,ion,9500,1.2534722222222223,2.0005838871002197,0.4998540708280256,2.0009820461273193,1.9522889852523804,2.050808906555176,4.981703758239746,4.979455947875977,4.851603031158447,5.110085487365723,1.2007345375256404,0.7998493495745793,331776
Mirror Moderate Bi-Maxwellian,ion,10000,1.3194444444444444,2.0006730556488037,0.4998317926942377,2.0009803771972656,1.9523488283157349,2.0512137413024902,4.980935096740723,4.978591442108154,4.850787162780762,5.110043525695801,1.2007655150243477,0.799907540624456,331776
Mirror Moderate Bi-Maxwellian,ion,10500,1.3854166666666667,2.0007753372192383,0.4998062408095464,2.000924587249756,1.9524626731872559,2.051018476486206,4.980142116546631,4.978596210479736,4.849826335906982,5.109166622161865,1.2007974826014458,0.7999778546177925,331776
Mirror Moderate Bi-Maxwellian,ion,11000,1.4513888888888888,2.0008583068847656,0.4997855153256449,2.0011534690856934,1.952626347541809,2.051164150238037,4.979401588439941,4.977460861206055,4.849370956420898,5.108889102935791,1.2008273448603897,0.800030962024376,331776
Mirror Moderate Bi-Maxwellian,ion,11500,1.5173611111111112,2.0009450912475586,0.499763838785059,2.0012054443359375,1.952871322631836,2.0512444972991943,4.978631496429443,4.9768476486206055,4.848074436187744,5.108206748962402,1.2008584087248024,0.8000866825227562,331776
Mirror Moderate Bi-Maxwellian,ion,12000,1.5833333333333335,2.001034736633301,0.49974144960745615,2.0014944076538086,1.9527112245559692,2.0512707233428955,4.977879524230957,4.976470947265625,4.847360134124756,5.107298374176025,1.2008887509495305,0.8001459856837703,331776
Mirror Moderate Bi-Maxwellian,ion,12500,1.6493055555555556,2.0011415481567383,0.4997147757594185,2.001699209213257,1.9529393911361694,2.05125093460083,4.977088928222656,4.97568416595459,4.846059799194336,5.107277870178223,1.200920661539617,0.8002208866171212,331776
Mirror Moderate Bi-Maxwellian,ion,13000,1.715277777777778,2.0012247562408447,0.49969399832851724,2.0017380714416504,1.9529529809951782,2.051455020904541,4.9763288497924805,4.9744873046875,4.845707416534424,5.105974197387695,1.200951349917661,0.8002734063231838,331776
Mirror Moderate Bi-Maxwellian,ion,13500,1.78125,2.0013108253479004,0.49967250830523224,2.0015268325805664,1.9530165195465088,2.0516180992126465,4.975587844848633,4.9737725257873535,4.844453811645508,5.105874538421631,1.2009812772244246,0.8003295481234758,331776
Mirror Moderate Bi-Maxwellian,ion,14000,1.8472222222222223,2.0014073848724365,0.4996484011993075,2.001981019973755,1.9531264305114746,2.0516629219055176,4.974813938140869,4.972588062286377,4.843941688537598,5.104937553405762,1.201012542867826,0.8003948420046105,331776
Mirror Moderate Bi-Maxwellian,ion,14500,1.9131944444444446,2.0014939308166504,0.49962679606626614,2.0019302368164062,1.9533889293670654,2.0516438484191895,4.974051475524902,4.972111701965332,4.843156337738037,5.104345321655273,1.2010433556871205,0.8004505751295299,331776
Mirror Moderate Bi-Maxwellian,ion,15000,1.979166666666667,2.0015790462493896,0.4996055498651556,2.0017852783203125,1.9533897638320923,2.0517163276672363,4.973312854766846,4.971208572387695,4.84254264831543,5.1036176681518555,1.2010732140129723,0.8005058322364174,331776
Mirror Moderate Bi-Maxwellian,ion,15500,2.045138888888889,2.001646041870117,0.49958882793568754,2.0021071434020996,1.9534273147583008,2.05196213722229,4.972597122192383,4.970777988433838,4.841434478759766,5.102867126464844,1.201102155559127,0.8005438863109902,331776
Mirror Moderate Bi-Maxwellian,ion,16000,2.111111111111111,2.001742362976074,0.49956478840426705,2.002187967300415,1.9534032344818115,2.0521695613861084,4.9718122482299805,4.970085144042969,4.840269565582275,5.1029052734375,1.2011339025032595,0.8006084604728148,331776
Mirror Moderate Bi-Maxwellian,ion,16500,2.1770833333333335,2.0018372535705566,0.4995411081576987,2.0021731853485107,1.9534262418746948,2.052215099334717,4.971053123474121,4.969077110290527,4.839467525482178,5.101834297180176,1.201164617468648,0.8006726361019085,331776
Mirror Moderate Bi-Maxwellian,ion,17000,2.243055555555556,2.0019099712371826,0.49952296275441344,2.0023396015167236,1.9535610675811768,2.052288770675659,4.97031831741333,4.968108654022217,4.839075088500977,5.100825786590576,1.2011943574109805,0.8007156138262022,331776
Mirror Moderate Bi-Maxwellian,ion,17500,2.3090277777777777,2.0020151138305664,0.4994967286169207,2.0022292137145996,1.9538038969039917,2.0521249771118164,4.969540596008301,4.967667579650879,4.837907791137695,5.100449562072754,1.2012258438543058,0.8007892699762607,331776
Mirror Moderate Bi-Maxwellian,ion,18000,2.375,2.0020904541015625,0.4994779321540443,2.002531051635742,1.9538657665252686,2.0523624420166016,4.968817710876465,4.967204570770264,4.836905479431152,5.099928379058838,1.2012551190620369,0.8008353350395256,331776
Mirror Moderate Bi-Maxwellian,ion,18500,2.4409722222222223,2.0021920204162598,0.49945259485755916,2.002513885498047,1.9536892175674438,2.0525224208831787,4.968045234680176,4.9662041664123535,4.836411476135254,5.098850250244141,1.2012864120115798,0.80090560840468,331776
Mirror Moderate Bi-Maxwellian,ion,19000,2.5069444444444446,2.002277374267578,0.4994313039999238,2.002753257751465,1.953772783279419,2.052734851837158,4.967288970947266,4.9655914306640625,4.83545446395874,5.098410606384277,1.201317057624151,0.8009603166434272,331776
Mirror Moderate Bi-Maxwellian,ion,19500,2.572916666666667,2.002351760864258,0.4994127503193438,2.002847194671631,1.9539772272109985,2.052572250366211,4.966569423675537,4.965108394622803,4.834318161010742,5.098159313201904,1.201346224062231,0.8010055368020268,331776
Mirror Moderate Bi-Maxwellian,ion,20000,2.638888888888889,2.0024526119232178,0.4993875980114051,2.002964496612549,1.9543558359146118,2.052830219268799,4.965799808502197,4.963852882385254,4.833378791809082,5.097227573394775,1.2013774293292794,0.8010751825939384,331776
Mirror Moderate Bi-Maxwellian,ion,20500,2.704861111111111,2.002546548843384,0.49936417237220915,2.0030226707458496,1.95411217212677,2.052896022796631,4.965034484863281,4.962929725646973,4.832845687866211,5.0966973304748535,1.2014084701825665,0.8011380786608173,331776
Mirror Moderate Bi-Maxwellian,ion,21000,2.7708333333333335,2.002627372741699,0.49934401856844135,2.002979278564453,1.9544990062713623,2.0527470111846924,4.964294910430908,4.962498188018799,4.831385612487793,5.096231460571289,1.2014384757639627,0.8011888969777365,331776
Mirror Moderate Bi-Maxwellian,ion,21500,2.836805555555556,2.0027287006378174,0.499318754298336,2.0032968521118164,1.9544765949249268,2.0530447959899902,4.9635233879089355,4.962108135223389,4.83089542388916,5.0953826904296875,1.2014697870540882,0.8012589135837291,331776
Mirror Moderate Bi-Maxwellian,ion,22000,2.9027777777777777,2.002809762954712,0.49929854472284807,2.003103733062744,1.954575777053833,2.0530033111572266,4.962791919708252,4.960806369781494,4.829955101013184,5.094856262207031,1.2014994817793583,0.8013102811753536,331776
Mirror Moderate Bi-Maxwellian,ion,22500,2.96875,2.0029003620147705,0.4992759594861092,2.003234386444092,1.9544827938079834,2.0533409118652344,4.962041854858398,4.960339069366455,4.829585552215576,5.094298362731934,1.2015299405467301,0.8013704214680404,331776
Mirror Moderate Bi-Maxwellian,ion,23000,3.0347222222222223,2.0029895305633545,0.499253732853383,2.0033915042877197,1.9547361135482788,2.053154468536377,4.961277484893799,4.959083557128906,4.828454494476318,5.093532562255859,1.2015609896936466,0.8014285408697079,331776
Mirror Moderate Bi-Maxwellian,ion,23500,3.1006944444444446,2.0030646324157715,0.49923501409635607,2.003304958343506,1.954789161682129,2.053311824798584,4.960558891296387,4.9587225914001465,4.82766056060791,5.092648983001709,1.2015901881045226,0.8014744443112489,331776
Mirror Moderate Bi-Maxwellian,ion,24000,3.166666666666667,2.003142833709717,0.4992155243108909,2.0033555030822754,1.9548622369766235,2.0531928539276123,4.9598259925842285,4.958261489868164,4.826670169830322,5.09252405166626,1.201619976486104,0.8015228572236128,331776
Mirror Moderate Bi-Maxwellian,ion,24500,3.232638888888889,2.0032248497009277,0.4991950854390087,2.003538131713867,1.9547747373580933,2.053571939468384,4.959099769592285,4.957315921783447,4.826144218444824,5.09157133102417,1.2016495022204838,0.8015753474804439,331776
Mirror Moderate Bi-Maxwellian,ion,25000,3.298611111111111,2.003326654434204,0.4991697174230571,2.0037755966186523,1.9551537036895752,2.0534543991088867,4.958327770233154,4.956175804138184,4.825055122375488,5.091063022613525,1.2016808985487817,0.8016457558854224,331776
Mirror Moderate Bi-Maxwellian,ion,25500,3.364583333333334,2.0034096240997314,0.49914904469392685,2.003765106201172,1.954981803894043,2.0538864135742188,4.957589149475098,4.955475807189941,4.8245463371276855,5.089991569519043,1.2017109465607652,0.8016986775389663,331776
Mirror Moderate Bi-Maxwellian,ion,26000,3.430555555555556,2.003493547439575,0.499128136089073,2.003873348236084,1.9551665782928467,2.0538716316223145,4.956841945648193,4.955036640167236,4.8237080574035645,5.089472770690918,1.2017413528542986,0.8017521945852766,331776
Mirror Moderate Bi-Maxwellian,ion,26500,3.4965277777777777,2.003575563430786,0.4991077043721117,2.0037014484405518,1.9552769660949707,2.05389142036438,4.95611047744751,4.954590797424316,4.823040008544922,5.088821887969971,1.2017711276918546,0.8018044357389316,331776
Mirror Moderate Bi-Maxwellian,ion,27000,3.5625,2.0036630630493164,0.49908590842520656,2.004021167755127,1.9553471803665161,2.053762912750244,4.955345153808594,4.953309059143066,4.821725845336914,5.088364601135254,1.201802290044603,0.8018607730047134,331776
Mirror Moderate Bi-Maxwellian,ion,27500,3.628472222222222,2.0037455558776855,0.4990653614011274,2.0039360523223877,1.955479621887207,2.0540452003479004,4.954622268676758,4.952980995178223,4.820685386657715,5.087935447692871,1.201831733232627,0.8019138226450586,331776
Mirror Moderate Bi-Maxwellian,ion,28000,3.6944444444444446,2.003828763961792,0.4990446379374697,2.0040664672851562,1.9553194046020508,2.0541250705718994,4.9539031982421875,4.952312469482422,4.820519924163818,5.0871477127075195,1.201861029572567,0.8019677343892251,331776
Mirror Moderate Bi-Maxwellian,ion,28500,3.7604166666666665,2.0039119720458984,0.4990239161948056,2.004384756088257,1.955703616142273,2.0540359020233154,4.9531636238098145,4.951408863067627,4.8196821212768555,5.086741924285889,1.201891170159009,0.8020208018868895,331776
Mirror Moderate Bi-Maxwellian,ion,29000,3.8263888888888893,2.0040135383605957,0.4989986249384625,2.0045220851898193,1.9558783769607544,2.054203748703003,4.952394008636475,4.950545787811279,4.818388938903809,5.085784435272217,1.201922544582701,0.8020909937778946,331776
Mirror Moderate Bi-Maxwellian,ion,29500,3.892361111111111,2.004075050354004,0.49898330894512055,2.0044922828674316,1.9556949138641357,2.054565668106079,4.951694011688232,4.95023250579834,4.817424774169922,5.085433006286621,1.201951089392751,0.8021239609612529,331776
Mirror Moderate Bi-Maxwellian,ion,30000,3.958333333333334,2.004168748855591,0.4989599805759941,2.0046167373657227,1.9559071063995361,2.054398536682129,4.950930118560791,4.949674606323242,4.816701412200928,5.084823131561279,1.2019822490022734,0.8021864998533175,331776
Mirror Moderate Bi-Maxwellian,ion,30500,4.024305555555555,2.004258632659912,0.49893760401214776,2.004732608795166,1.9562052488327026,2.0544538497924805,4.950182914733887,4.948822975158691,4.815805435180664,5.084186553955078,1.2020127371502913,0.8022458955096208,331776
Mirror Moderate Bi-Maxwellian,ion,31000,4.090277777777778,2.0043511390686035,0.4989145766468281,2.004718065261841,1.95614492893219,2.0546889305114746,4.949433326721191,4.947613716125488,4.814845561981201,5.083124160766602,1.2020433318297594,0.8023078072388441,331776
Mirror Moderate Bi-Maxwellian,ion,31500,4.15625,2.004415512084961,0.4988985537034764,2.004805564880371,1.9561820030212402,2.0549089908599854,4.948736667633057,4.947068214416504,4.8143630027771,5.083264350891113,1.2020717745077134,0.8023437375772475,331776
Mirror Moderate Bi-Maxwellian,ion,32000,4.222222222222222,2.004499673843384,0.49887760674094894,2.004669189453125,1.9562735557556152,2.054762125015259,4.948000431060791,4.946488857269287,4.813996315002441,5.0819220542907715,1.2021018417303597,0.8023978321130241,331776
Mirror Moderate Bi-Maxwellian,ion,32500,4.288194444444445,2.004594564437866,0.4988539915952644,2.00496244430542,1.956304669380188,2.055058002471924,4.947244167327881,4.945710182189941,4.812971115112305,5.080799102783203,1.2021327361612966,0.8024618282765696,331776
Mirror Moderate Bi-Maxwellian,ion,33000,4.354166666666667,2.0046703815460205,0.4988351248192686,2.0050034523010254,1.956319808959961,2.054924964904785,4.946534156799316,4.944945335388184,4.811957359313965,5.081101417541504,1.2021617496819341,0.8025086318640864,331776
Mirror Moderate Bi-Maxwellian,ion,33500,4.420138888888889,2.0047638416290283,0.49881186962521296,2.005131483078003,1.9565049409866333,2.0551578998565674,4.945778846740723,4.943940162658691,4.811239242553711,5.080267906188965,1.2021926234447384,0.8025712181842899,331776
Mirror Moderate Bi-Maxwellian,ion,34000,4.486111111111112,2.0048277378082275,0.49879597191389985,2.005363941192627,1.9563796520233154,2.055121898651123,4.9450602531433105,4.942883491516113,4.8104352951049805,5.079338073730469,1.202222005154407,0.8026057326538205,331776
Mirror Moderate Bi-Maxwellian,ion,34500,4.552083333333334,2.0049192905426025,0.4987731948697867,2.005354642868042,1.956497311592102,2.055359125137329,4.944332122802734,4.942765235900879,4.809473037719727,5.078745365142822,1.2022517855117592,0.8026675050308434,331776
Mirror Moderate Bi-Maxwellian,ion,35000,4.618055555555555,2.0049855709075928,0.49875670653696125,2.005272388458252,1.9566236734390259,2.0552518367767334,4.94362735748291,4.941628456115723,4.808526992797852,5.078703880310059,1.2022806186000958,0.8027049523074969,331776
Mirror Moderate Bi-Maxwellian,ion,35500,4.684027777777778,2.005073308944702,0.49873488193123167,2.005476951599121,1.9566620588302612,2.055483102798462,4.9428935050964355,4.941323280334473,4.807886123657227,5.078268051147461,1.2023106504254921,0.80276265851921,331776
Mirror Moderate Bi-Maxwellian,ion,36000,4.75,2.0051515102386475,0.49871543117506506,2.005347490310669,1.956810712814331,2.055513381958008,4.942152500152588,4.940603256225586,4.806928634643555,5.077406406402588,1.2023409840083092,0.8028105262303382,331776
Mirror Moderate Bi-Maxwellian,ion,36500,4.815972222222222,2.005239963531494,0.4986934323006744,2.005660057067871,1.9568623304367065,2.055802822113037,4.941420078277588,4.939867973327637,4.806103229522705,5.076529026031494,1.202370975176951,0.8028689883545432,331776
Mirror Moderate Bi-Maxwellian,ion,37000,4.881944444444445,2.0053305625915527,0.49867090177275714,2.005772113800049,1.957106113433838,2.0556602478027344,4.940674781799316,4.938972473144531,4.805330276489258,5.076738357543945,1.2024015026619128,0.8029290599296399,331776
Mirror Moderate Bi-Maxwellian,ion,37500,4.947916666666667,2.0054073333740234,0.49865181170826633,2.00569748878479,1.9571473598480225,2.0556488037109375,4.9399638175964355,4.938704013824463,4.805150508880615,5.0745625495910645,1.2024306324750684,0.802976700898955,331776
Mirror Moderate Bi-Maxwellian,ion,38000,5.013888888888889,2.0054931640625,0.49863047050946496,2.0058884620666504,1.957162857055664,2.0560460090637207,4.939219951629639,4.937620162963867,4.803138256072998,5.075315475463867,1.20246111932514,0.80303204473736,331776
Mirror Moderate Bi-Maxwellian,ion,38500,5.079861111111112,2.0055689811706543,0.4986116206366027,2.0059738159179688,1.9572739601135254,2.055908679962158,4.938497066497803,4.937321662902832,4.802610874176025,5.074357986450195,1.2024907550890098,0.8030782260816445,331776
Mirror Moderate Bi-Maxwellian,ion,39000,5.145833333333334,2.0056464672088623,0.49859235730195256,2.006044387817383,1.9570749998092651,2.056110382080078,4.937784194946289,4.936134338378906,4.802098274230957,5.073178291320801,1.2025199888288916,0.8031264783799708,331776
Mirror Moderate Bi-Maxwellian,ion,39500,5.211805555555555,2.0057132244110107,0.4985757623917825,2.0061097145080566,1.9574846029281616,2.055896759033203,4.937081336975098,4.935580253601074,4.800851821899414,5.073151588439941,1.2025488201927599,0.8031644042182509,331776
Mirror Moderate Bi-Maxwellian,ion,40000,5.277777777777778,2.005798578262329,0.49855454622284345,2.006234645843506,1.9575105905532837,2.056041717529297,4.936331748962402,4.934587478637695,4.800775051116943,5.071647644042969,1.2025795774788022,0.8032190007835269,331776
Mirror Moderate Bi-Maxwellian,ion,40500,5.34375,2.0058674812316895,0.4985374205208994,2.0061678886413574,1.9573618173599243,2.05645489692688,4.935629844665527,4.934107780456543,4.799715042114258,5.071348667144775,1.20260838666433,0.8032590945673594,331776
Mirror Moderate Bi-Maxwellian,ion,41000,5.409722222222222,2.0059523582458496,0.49851632611777114,2.006228446960449,1.9574893712997437,2.056476354598999,4.934901714324951,4.933161735534668,4.798648834228516,5.071681976318359,1.20263828094027,0.8033140773055796,331776
Mirror Moderate Bi-Maxwellian,ion,41500,5.475694444444445,2.0060386657714844,0.4984948780214159,2.006344795227051,1.9574776887893677,2.056516408920288,4.9341654777526855,4.932797908782959,4.797997951507568,5.070420265197754,1.20266851699823,0.8033701487732543,331776
Mirror Moderate Bi-Maxwellian,ion,42000,5.541666666666667,2.006118059158325,0.49847514977236884,2.0065932273864746,1.9579360485076904,2.0564124584198,4.933444976806641,4.931818962097168,4.797454833984375,5.069915771484375,1.2026981155564216,0.8034199436019036,331776
Mirror Moderate Bi-Maxwellian,ion,42500,5.607638888888889,2.0061826705932617,0.4984590958032168,2.0065841674804688,1.957939624786377,2.0565500259399414,4.932748794555664,4.9309611320495605,4.797255516052246,5.068747520446777,1.2027267233035894,0.8034559472896723,331776
Mirror Moderate Bi-Maxwellian,ion,43000,5.673611111111112,2.006267547607422,0.498438008027669,2.0067782402038574,1.957871675491333,2.0565261840820312,4.932014465332031,4.930533409118652,4.796125411987305,5.067791938781738,1.2027569073507731,0.8035106402566488,331776
Mirror Moderate Bi-Maxwellian,ion,43500,5.739583333333334,2.0063390731811523,0.4984202388155903,2.0067195892333984,1.9579248428344727,2.056554079055786,4.931305408477783,4.9295806884765625,4.795711994171143,5.067330360412598,1.202786061127105,0.8035530120540473,331776
Mirror Moderate Bi-Maxwellian,ion,44000,5.805555555555555,2.0064220428466797,0.49839962811673255,2.006845474243164,1.957957148551941,2.0567145347595215,4.930580139160156,4.92915153503418,4.794675827026367,5.066653251647949,1.2028158901744033,0.8036061526722764,331776
Mirror Moderate Bi-Maxwellian,ion,44500,5.871527777777778,2.0065066814422607,0.4983786045911435,2.0070362091064453,1.9582942724227905,2.0567665100097656,4.9298553466796875,4.928478240966797,4.793621063232422,5.066816329956055,1.2028457083783424,0.8036609730639184,331776
Mirror Moderate Bi-Maxwellian,ion,45000,5.9375,2.0065908432006836,0.49835770126654955,2.007030487060547,1.958298683166504,2.0569348335266113,4.929114818572998,4.927227020263672,4.792548179626465,5.0653886795043945,1.2028761830079473,0.8037146601927363,331776
Mirror Moderate Bi-Maxwellian,ion,45500,6.003472222222222,2.0066490173339844,0.4983432535344875,2.006837844848633,1.9582644701004028,2.056947946548462,4.928445816040039,4.926734447479248,4.7921366691589355,5.065380096435547,1.2029037220507561,0.8037452952832282,331776
Mirror Moderate Bi-Maxwellian,ion,46000,6.069444444444445,2.006730318069458,0.4983230636401774,2.007279396057129,1.9583864212036133,2.056900978088379,4.9277238845825195,4.925854682922363,4.791719436645508,5.063945770263672,1.202933448265785,0.803796869803673,331776
Mirror Moderate Bi-Maxwellian,ion,46500,6.135416666666667,2.006819725036621,0.49830086256589473,2.007232666015625,1.9584136009216309,2.0571787357330322,4.926976680755615,4.925661563873291,4.79025936126709,5.064356327056885,1.202964224268794,0.8038555007678272,331776
Mirror Moderate Bi-Maxwellian,ion,47000,6.201388888888889,2.006880760192871,0.49828570776865444,2.007411479949951,1.9584200382232666,2.0572102069854736,4.926300525665283,4.925107002258301,4.789701461791992,5.063275337219238,1.2029920819467166,0.8038886782461545,331776
Mirror Moderate Bi-Maxwellian,ion,47500,6.267361111111112,2.006948232650757,0.4982689556866199,2.007214069366455,1.9585109949111938,2.057241916656494,4.925601959228516,4.924285888671875,4.789377689361572,5.062382698059082,1.2030208710077392,0.8039273616430176,331776
Mirror Moderate Bi-Maxwellian,ion,48000,6.333333333333334,2.0070321559906006,0.4982481207464437,2.00736665725708,1.9585715532302856,2.0574443340301514,4.924872398376465,4.923452377319336,4.7876386642456055,5.062301158905029,1.2030509461178447,0.8039812098727559,331776
Mirror Moderate Bi-Maxwellian,ion,48500,6.399305555555555,2.007101535797119,0.4982308977222972,2.0073366165161133,1.9588711261749268,2.05745267868042,4.924173355102539,4.922727584838867,4.788010597229004,5.06113338470459,1.2030797715445534,0.8040217642525658,331776
Mirror Moderate Bi-Maxwellian,ion,49000,6.465277777777778,2.0071873664855957,0.4982095925359026,2.0074267387390137,1.959038496017456,2.0575051307678223,4.923450469970703,4.92191219329834,4.786177635192871,5.0605788230896,1.2031095887120706,0.8040777777735251,331776
Mirror Moderate Bi-Maxwellian,ion,49500,6.53125,2.007251262664795,0.4981937331913374,2.0076894760131836,1.9589875936508179,2.0577075481414795,4.922751426696777,4.921414375305176,4.78547477722168,5.060235023498535,1.203138430792353,0.804112831872442,331776
Mirror Moderate Bi-Maxwellian,ion,50000,6.597222222222222,2.007321357727051,0.49817633641497716,2.0077428817749023,1.9589241743087769,2.057744026184082,4.922039985656738,4.9210968017578125,4.784839630126953,5.0594024658203125,1.2031677928082845,0.8041535649187663,331776
Mirror Moderate Bi-Maxwellian,ion,50500,6.663194444444444,2.00740122795105,0.49815651503844993,2.0078372955322266,1.9590270519256592,2.0577821731567383,4.921320915222168,4.919675827026367,4.784152030944824,5.059023857116699,1.203197478324751,0.8042037496262988,331776
Mirror Moderate Bi-Maxwellian,ion,51000,6.729166666666668,2.0074715614318848,0.49813906169944555,2.0079550743103027,1.9590013027191162,2.057805061340332,4.920619487762451,4.919199466705322,4.782765865325928,5.058725357055664,1.2032264438424864,0.8042451175893983,331776
Mirror Moderate Bi-Maxwellian,ion,51500,6.795138888888889,2.0075621604919434,0.49811658123450325,2.0079092979431152,1.9591262340545654,2.057875156402588,4.919880390167236,4.91895055770874,4.782594680786133,5.057784557342529,1.203256973888751,0.8043051866031923,331776
Mirror Moderate Bi-Maxwellian,ion,52000,6.861111111111112,2.007643461227417,0.49809640970246183,2.0081562995910645,1.9595386981964111,2.0577147006988525,4.919165134429932,4.917490482330322,4.781684875488281,5.056983947753906,1.2032865278298666,0.8043569333975504,331776
Mirror Moderate Bi-Maxwellian,ion,52500,6.927083333333333,2.00771164894104,0.4980794929030004,2.0081069469451904,1.9594616889953613,2.0579397678375244,4.918479919433594,4.917086124420166,4.781341552734375,5.056093215942383,1.2033148485671075,0.8043968003739326,331776
Mirror Moderate Bi-Maxwellian,ion,53000,6.993055555555555,2.0077929496765137,0.4980593243746151,2.0081467628479004,1.9594035148620605,2.0582187175750732,4.917750835418701,4.916196346282959,4.780083656311035,5.05608606338501,1.2033449911284209,0.8044479585480928,331776
Mirror Moderate Bi-Maxwellian,ion,53500,7.059027777777779,2.007859468460083,0.49804282406624034,2.008340358734131,1.959456205368042,2.058350086212158,4.917056083679199,4.916024208068848,4.78007173538208,5.054838180541992,1.2033737226059353,0.8044857458541477,331776
Mirror Moderate Bi-Maxwellian,ion,54000,7.125,2.0079402923583984,0.49802277677563006,2.008404016494751,1.9594827890396118,2.0584120750427246,4.916342258453369,4.9147844314575195,4.778997421264648,5.05447244644165,1.2034032513258321,0.8045370410325663,331776
Mirror Moderate Bi-Maxwellian,ion,54500,7.190972222222222,2.0080056190490723,0.49800657454014907,2.008392572402954,1.9596701860427856,2.058422803878784,4.915645599365234,4.914759159088135,4.778442859649658,5.053388595581055,1.20343207820538,0.8045735408436923,331776
Mirror Moderate Bi-Maxwellian,ion,55000,7.256944444444444,2.008068799972534,0.4979909054976989,2.008657217025757,1.959642767906189,2.058366060256958,4.9149909019470215,4.913569450378418,4.777068614959717,5.052713394165039,1.203459176212078,0.8046096237604561,331776
Mirror Moderate Bi-Maxwellian,ion,55500,7.322916666666668,2.008145809173584,0.49797180833772814,2.0086240768432617,1.9599409103393555,2.0584123134613037,4.914257526397705,4.912723541259766,4.7765212059021,5.052022933959961,1.2034895392901863,0.8046562698833977,331776
Mirror Moderate Bi-Maxwellian,ion,56000,7.388888888888889,2.0082309246063232,0.497950702654393,2.0086512565612793,1.9600260257720947,2.0586304664611816,4.913525104522705,4.912314414978027,4.775518417358398,5.051698207855225,1.2035198719305493,0.8047110526757739,331776
Mirror Moderate Bi-Maxwellian,ion,56500,7.454861111111112,2.0083019733428955,0.4979330863951011,2.0086350440979004,1.9600354433059692,2.0586676597595215,4.912825584411621,4.911525249481201,4.77452278137207,5.051349639892578,1.2035488504157357,0.8047531229271598,331776
Mirror Moderate Bi-Maxwellian,ion,57000,7.520833333333333,2.008363723754883,0.4979177766318031,2.0088391304016113,1.9600597620010376,2.0589356422424316,4.912140369415283,4.910290718078613,4.7741312980651855,5.05048942565918,1.2035772442958577,0.8047864794590252,331776
Mirror Moderate Bi-Maxwellian,ion,57500,7.586805555555555,2.008430004119873,0.49790134480599757,2.0088353157043457,1.9601328372955322,2.058736801147461,4.911444187164307,4.910195350646973,4.772815704345703,5.049851894378662,1.2036061007500454,0.8048239033698277,331776
Mirror Moderate Bi-Maxwellian,ion,58000,7.652777777777779,2.0085105895996094,0.4978813680038137,2.008913516998291,1.9603184461593628,2.0586979389190674,4.910741329193115,4.909185409545898,4.773093223571777,5.049147129058838,1.2036352422098173,0.804875347389792,331776
Mirror Moderate Bi-Maxwellian,ion,58500,7.71875,2.00858473777771,0.4978629883976894,2.0088672637939453,1.960252285003662,2.0591135025024414,4.910027503967285,4.9086103439331055,4.771185874938965,5.049046516418457,1.2036648469264182,0.8049198908512918,331776
Mirror Moderate Bi-Maxwellian,ion,59000,7.784722222222222,2.0086519718170166,0.49784632381855826,2.009096622467041,1.9602810144424438,2.0590810775756836,4.909346580505371,4.907675743103027,4.7716546058654785,5.048088550567627,1.2036930951200149,0.8049588766970017,331776
Mirror Moderate Bi-Maxwellian,ion,59500,7.850694444444444,2.008716344833374,0.49783036941582287,2.0091514587402344,1.9605485200881958,2.0589685440063477,4.908657550811768,4.907306671142578,4.771147727966309,5.0468645095825195,1.2037216875792498,0.8049946572541242,331776
Mirror Moderate Bi-Maxwellian,ion,60000,7.916666666666668,2.008788824081421,0.4978124071639437,2.0092244148254395,1.960386037826538,2.0592334270477295,4.907954216003418,4.906429290771484,4.769567489624023,5.0466461181640625,1.203750881933513,0.8050379421479079,331776
Mirror Moderate Bi-Maxwellian,ion,60500,7.982638888888889,2.008871078491211,0.4977920239416574,2.0092966556549072,1.9603382349014282,2.0593018531799316,4.907219409942627,4.9059624671936035,4.7687907218933105,5.046428680419922,1.203781391550147,0.805089686941064,331776
Mirror Moderate Bi-Maxwellian,ion,61000,8.04861111111111,2.008930206298828,0.49777737268551486,2.0093038082122803,1.9602723121643066,2.059541940689087,4.9065423011779785,4.9052019119262695,4.767547607421875,5.046146392822266,1.2038095136283482,0.8051206926704799,331776
Mirror Moderate Bi-Maxwellian,ion,61500,8.114583333333334,2.009002447128296,0.497759473329372,2.0094175338745117,1.960638165473938,2.05948805809021,4.905858993530273,4.904537677764893,4.76774263381958,5.04445743560791,1.203837901031965,0.8051645460963308,331776
Mirror Moderate Bi-Maxwellian,ion,62000,8.180555555555555,2.009070873260498,0.4977425203408138,2.0093867778778076,1.9606472253799438,2.0595405101776123,4.90516471862793,4.9036946296691895,4.767081260681152,5.043854236602783,1.2038667521607143,0.8052041210997838,331776
Mirror Moderate Bi-Maxwellian,ion,62500,8.246527777777779,2.009155035018921,0.49772167033918446,2.0095326900482178,1.9608521461486816,2.0592565536499023,4.9044342041015625,4.903289794921875,4.766183376312256,5.043530464172363,1.2038971180740283,0.8052579169448926,331776
Mirror Moderate Bi-Maxwellian,ion,63000,8.3125,2.0091946125030518,0.4977118661263985,2.0096006393432617,1.9608784914016724,2.0595550537109375,4.9037933349609375,4.901876926422119,4.765814781188965,5.042939186096191,1.2039237650719565,0.8052708474310952,331776
Mirror Moderate Bi-Maxwellian,ion,63500,8.378472222222221,2.0092623233795166,0.49769509354957253,2.0095882415771484,1.9607435464859009,2.0597760677337646,4.903107643127441,4.9017252922058105,4.765076637268066,5.042389392852783,1.2039522834873255,0.8053100398921911,331776
Mirror Moderate Bi-Maxwellian,ion,64000,8.444444444444445,2.00933575630188,0.497676904849625,2.0096378326416016,1.9608885049819946,2.0597281455993652,4.902409076690674,4.901110649108887,4.763891220092773,5.041919708251953,1.2039813455704191,0.8053544107314607,331776
Mirror Moderate Bi-Maxwellian,ion,64500,8.510416666666668,2.0093960762023926,0.4976619651263203,2.0097384452819824,1.9609119892120361,2.059912919998169,4.90173864364624,4.900174140930176,4.762956619262695,5.041186332702637,1.204009245024972,0.8053868311774206,331776
Mirror Moderate Bi-Maxwellian,ion,65000,8.57638888888889,2.009476900100708,0.49764194848414706,2.0098161697387695,1.9611220359802246,2.059997081756592,4.9010186195373535,4.899536609649658,4.762774467468262,5.040247917175293,1.20403921666684,0.8054376834338679,331776
Mirror Moderate Bi-Maxwellian,ion,65500,8.64236111111111,2.0095410346984863,0.49762606621767297,2.009944438934326,1.961328148841858,2.0598082542419434,4.900337219238281,4.898379325866699,4.761181354522705,5.0399980545043945,1.204067588670039,0.8054734460284474,331776
Mirror Moderate Bi-Maxwellian,ion,66000,8.708333333333334,2.009613275527954,0.4976081777412053,2.009779214859009,1.9612576961517334,2.0600292682647705,4.899642467498779,4.898721218109131,4.760809898376465,5.03933048248291,1.2040965247226478,0.8055167508053063,331776
Mirror Moderate Bi-Maxwellian,ion,66500,8.774305555555555,2.009676933288574,0.4975924156942133,2.0100741386413574,1.961223840713501,2.060124397277832,4.898963451385498,4.897494316101074,4.760080814361572,5.038252830505371,1.2041248133249873,0.8055521199635869,331776
Mirror Moderate Bi-Maxwellian,ion,67000,8.840277777777779,2.009748935699463,0.4975745886647105,2.0100457668304443,1.9612997770309448,2.0602619647979736,4.898273944854736,4.896603584289551,4.759020805358887,5.03872537612915,1.2041535469959626,0.8055953887035003,331776
Mirror Moderate Bi-Maxwellian,ion,67500,8.90625,2.0098187923431396,0.49755729412508565,2.0102968215942383,1.9614956378936768,2.060178756713867,4.89757776260376,4.895816802978516,4.758759498596191,5.037346839904785,1.204182567071351,0.8056362252717886,331776
Mirror Moderate Bi-Maxwellian,ion,68000,8.972222222222223,2.0098776817321777,0.4975427157030609,2.010305404663086,1.961411952972412,2.060347318649292,4.896895885467529,4.895400047302246,4.757808208465576,5.036818981170654,1.2042109988426934,0.8056666828894843,331776
Mirror Moderate Bi-Maxwellian,ion,68500,9.038194444444445,2.009938955307007,0.49752754796836884,2.0102691650390625,1.9614226818084717,2.0604922771453857,4.896217346191406,4.894453048706055,4.756415367126465,5.036037921905518,1.2042392992986442,0.8056996560083627,331776
Mirror Moderate Bi-Maxwellian,ion,69000,9.104166666666668,2.009995222091675,0.4975136204350592,2.01046085357666,1.9616256952285767,2.0604586601257324,4.89555025100708,4.89439582824707,4.756146430969238,5.035714149475098,1.2042671300931467,0.8057280919985281,331776
Mirror Moderate Bi-Maxwellian,ion,69500,9.17013888888889,2.0100762844085693,0.4974935567155517,2.010366678237915,1.9615297317504883,2.0606162548065186,4.894847393035889,4.893049240112305,4.755777359008789,5.035359859466553,1.2042964610955478,0.8057798233130216,331776
Mirror Moderate Bi-Maxwellian,ion,70000,9.23611111111111,2.0101370811462402,0.49747850998787113,2.0105443000793457,1.9618628025054932,2.0602264404296875,4.894167423248291,4.892979621887207,4.754481315612793,5.035013198852539,1.20432484496746,0.8058122361787803,331776
Mirror Moderate Bi-Maxwellian,ion,70500,9.302083333333334,2.010202646255493,0.49746228414471094,2.0105576515197754,1.9615925550460815,2.0608410835266113,4.893495082855225,4.891966819763184,4.753849029541016,5.033819198608398,1.2043529181225878,0.8058497281329053,331776
Mirror Moderate Bi-Maxwellian,ion,71000,9.368055555555555,2.01025652885437,0.4974489502441225,2.0107502937316895,1.9617154598236084,2.0607166290283203,4.892819881439209,4.891383171081543,4.753540515899658,5.032855033874512,1.2043811185025377,0.8058754103518324,331776
Mirror Moderate Bi-Maxwellian,ion,71500,9.434027777777779,2.010324478149414,0.4974321363885202,2.0105841159820557,1.9618898630142212,2.060741424560547,4.892132759094238,4.890986442565918,4.752325057983398,5.033172607421875,1.2044098247622264,0.8059146533871877,331776
Mirror Moderate Bi-Maxwellian,ion,72000,9.5,2.010385751724243,0.49741697539506147,2.0108160972595215,1.9617596864700317,2.060929775238037,4.891462326049805,4.890269756317139,4.752197265625,5.0322418212890625,1.2044378415580212,0.8059479101662219,331776
Mirror Moderate Bi-Maxwellian,ion,72500,9.565972222222223,2.0104570388793945,0.4973993378925363,2.010946273803711,1.9621645212173462,2.060850143432617,4.890767574310303,4.889568328857422,4.75113582611084,5.031156539916992,1.2044668827144214,0.8059901561649732,331776
Mirror Moderate Bi-Maxwellian,ion,73000,9.631944444444445,2.010519027709961,0.49738400195049576,2.010870933532715,1.961834192276001,2.0611743927001953,4.890077114105225,4.888513565063477,4.750653266906738,5.030417442321777,1.2044957526570577,0.8060232750529033,331776
Mirror Moderate Bi-Maxwellian,ion,73500,9.697916666666668,2.0105953216552734,0.49736512824307416,2.0111207962036133,1.9621561765670776,2.061189651489258,4.889401912689209,4.888055801391602,4.749910354614258,5.029799461364746,1.204523992475389,0.8060713291798844,331776
Mirror Moderate Bi-Maxwellian,ion,74000,9.76388888888889,2.0106606483459473,0.49734896876936513,2.010942220687866,1.962373971939087,2.0610079765319824,4.88869571685791,4.887326240539551,4.749250411987305,5.029986381530762,1.2045535369590818,0.8061071113868654,331776
Mirror Moderate Bi-Maxwellian,ion,74500,9.82986111111111,2.0107250213623047,0.4973330462275149,2.010960102081299,1.9621551036834717,2.061460494995117,4.888027191162109,4.886641502380371,4.748050689697266,5.028685569763184,1.2045815133369284,0.8061435080253763,331776
Mirror Moderate Bi-Maxwellian,ion,75000,9.895833333333334,2.0107779502868652,0.4973199551235064,2.0112321376800537,1.9623541831970215,2.061098575592041,4.887378215789795,4.885474681854248,4.7483673095703125,5.0279645919799805,1.204608678896442,0.8061692713904232,331776
Mirror Moderate Bi-Maxwellian,ion,75500,9.961805555555555,2.0108489990234375,0.49730238346372446,2.0111896991729736,1.9625028371810913,2.0611419677734375,4.8866658210754395,4.885542392730713,4.746932029724121,5.026975631713867,1.204638507443491,0.8062104915799464,331776
Mirror Moderate Bi-Maxwellian,ion,76000,10.027777777777779,2.0108985900878906,0.49729011941685874,2.0113799571990967,1.9623503684997559,2.0613739490509033,4.8860182762146,4.885120391845703,4.745728492736816,5.026618480682373,1.2046656282208468,0.8062329618670439,331776
Mirror Moderate Bi-Maxwellian,ion,76500,10.09375,2.0109598636627197,0.49727496707896557,2.0114941596984863,1.9626542329788208,2.0611722469329834,4.885359764099121,4.884420394897461,4.745426177978516,5.0264739990234375,1.2046932157071966,0.8062666479555232,331776
Mirror Moderate Bi-Maxwellian,ion,77000,10.159722222222223,2.011033535003662,0.49725675012086706,2.0114059448242188,1.9624347686767578,2.061539888381958,4.884658336639404,4.883101463317871,4.744627952575684,5.025558948516846,1.2047226092558174,0.8063109257478447,331776
Mirror Moderate Bi-Maxwellian,ion,77500,10.225694444444445,2.011085033416748,0.4972440167291397,2.0114288330078125,1.9627206325531006,2.061311960220337,4.883997440338135,4.882457733154297,4.744004249572754,5.024942398071289,1.20475031205806,0.806334721358688,331776
Mirror Moderate Bi-Maxwellian,ion,78000,10.291666666666668,2.0111513137817383,0.49722762934212805,2.0116143226623535,1.962713360786438,2.0618269443511963,4.8833136558532715,4.881836891174316,4.743762969970703,5.024467945098877,1.2047789821572024,0.8063723316245359,331776
Mirror Moderate Bi-Maxwellian,ion,78500,10.35763888888889,2.0112125873565674,0.4972124808120596,2.0116939544677734,1.9625530242919922,2.061850070953369,4.882650375366211,4.881149768829346,4.742082595825195,5.0239033699035645,1.2048068002257888,0.8064057871307786,331776
Mirror Moderate Bi-Maxwellian,ion,79000,10.42361111111111,2.0112876892089844,0.4971939148065328,2.0116257667541504,1.9628140926361084,2.0617096424102783,4.881948947906494,4.880984783172607,4.741481304168701,5.0234808921813965,1.2048362264068382,0.8064514628021462,331776
Mirror Moderate Bi-Maxwellian,ion,79500,10.489583333333334,2.0113308429718018,0.4971832473480444,2.0118722915649414,1.9628973007202148,2.061685800552368,4.881313323974609,4.880510330200195,4.741291046142578,5.022656440734863,1.2048628993120545,0.8064679436597473,331776
Mirror Moderate Bi-Maxwellian,ion,80000,10.555555555555555,2.0113964080810547,0.49716704075952706,2.0118398666381836,1.9628026485443115,2.061950206756592,4.8806257247924805,4.879088401794434,4.7405619621276855,5.0218119621276855,1.20489176109535,0.8065046469857047,331776
Mirror Moderate Bi-Maxwellian,ion,80500,10.621527777777779,2.0114667415618896,0.4971496566846077,2.0118703842163086,1.9630178213119507,2.0618882179260254,4.879948616027832,4.879297256469727,4.74017333984375,5.020849227905273,1.204920190494542,0.8065465510673477,331776
Mirror Moderate Bi-Maxwellian,ion,81000,10.6875,2.0115244388580322,0.4971353967579497,2.0119564533233643,1.9632126092910767,2.0619473457336426,4.879278182983398,4.8777689933776855,4.738524913787842,5.0208539962768555,1.2049483473780045,0.8065760914800277,331776
Mirror Moderate Bi-Maxwellian,ion,81500,10.753472222222223,2.011587381362915,0.49711984140727106,2.011775493621826,1.963079571723938,2.062208652496338,4.878603935241699,4.876991271972656,4.738127708435059,5.020806312561035,1.2049766722763193,0.8066107090865957,331776
Mirror Moderate Bi-Maxwellian,ion,82000,10.819444444444445,2.011625051498413,0.4971105322312044,2.0120983123779297,1.9631937742233276,2.061929225921631,4.877974510192871,4.876718044281006,4.738085746765137,5.019488334655762,1.205003121256667,0.8066219302417461,331776
Mirror Moderate Bi-Maxwellian,ion,82500,10.885416666666668,2.0116939544677734,0.49709350558970405,2.01228928565979,1.9633457660675049,2.062056064605713,4.877284526824951,4.875792980194092,4.736695766448975,5.018848419189453,1.2050321227929237,0.8066618316748497,331776
Mirror Moderate Bi-Maxwellian,ion,83000,10.95138888888889,2.0117597579956055,0.4970772459413041,2.012166976928711,1.963165283203125,2.0623114109039307,4.876623153686523,4.8753814697265625,4.736051082611084,5.018842697143555,1.205059929480924,0.8066998285146814,331776
Mirror Moderate Bi-Maxwellian,ion,83500,11.01736111111111,2.0118086338043213,0.4970651697169648,2.0121665000915527,1.9635287523269653,2.06209659576416,4.875947952270508,4.8752899169921875,4.735482215881348,5.017917156219482,1.2050883253448892,0.8067203084594321,331776
Mirror Moderate Bi-Maxwellian,ion,84000,11.083333333333334,2.0118701457977295,0.49704997218072866,2.0121402740478516,1.9632550477981567,2.062586784362793,4.87528657913208,4.874063491821289,4.734663009643555,5.017498970031738,1.2051161472805203,0.8067539985172092,331776
Mirror Moderate Bi-Maxwellian,ion,84500,11.149305555555555,2.0119335651397705,0.49703430437601415,2.01212215423584,1.9635778665542603,2.06235671043396,4.874622344970703,4.873368740081787,4.73369026184082,5.016315937042236,1.2051440971692362,0.8067894679705343,331776
Mirror Moderate Bi-Maxwellian,ion,85000,11.215277777777779,2.0119879245758057,0.4970208756152617,2.0125083923339844,1.9634912014007568,2.0625171661376953,4.873965740203857,4.872438430786133,4.7338786125183105,5.015434741973877,1.2051717335128773,0.8068161910629283,331776
Mirror Moderate Bi-Maxwellian,ion,85500,11.28125,2.012057304382324,0.49700373732993014,2.0122294425964355,1.963592529296875,2.0625863075256348,4.873281478881836,4.871909141540527,4.73309326171875,5.015152454376221,1.2052005418388942,0.80685676254343,331776
Mirror Moderate Bi-Maxwellian,ion,86000,11.347222222222223,2.0121114253997803,0.4969903691100571,2.012497901916504,1.9636436700820923,2.062706470489502,4.872628211975098,4.8717427253723145,4.732376575469971,5.014503002166748,1.2052280528077997,0.8068833725919806,331776
Mirror Moderate Bi-Maxwellian,ion,86500,11.413194444444445,2.012171745300293,0.49697547057582886,2.012612819671631,1.9636921882629395,2.0625908374786377,4.871960163116455,4.8704352378845215,4.731308460235596,5.013307571411133,1.2052561939177122,0.8069155513825808,331776
Mirror Moderate Bi-Maxwellian,ion,87000,11.479166666666668,2.012223720550537,0.49696263382006234,2.0126662254333496,1.9638023376464844,2.0626444816589355,4.871285915374756,4.869680404663086,4.730633735656738,5.013241291046143,1.2052846039777299,0.8069391165728073,331776
Mirror Moderate Bi-Maxwellian,ion,87500,11.54513888888889,2.012286424636841,0.4969471481578329,2.0127007961273193,1.9635584354400635,2.062936782836914,4.87062931060791,4.868901252746582,4.729976177215576,5.013018608093262,1.205312278194127,0.8069741464427138,331776
Mirror Moderate Bi-Maxwellian,ion,88000,11.61111111111111,2.0123372077941895,0.4969346072451464,2.012777805328369,1.9639532566070557,2.062769651412964,4.869994163513184,4.868382453918457,4.728573322296143,5.011624813079834,1.2053390551249872,0.8069981526692023,331776
Mirror Moderate Bi-Maxwellian,ion,88500,11.677083333333334,2.0124082565307617,0.49691706280510084,2.0127673149108887,1.9637789726257324,2.0628857612609863,4.8693037033081055,4.868019104003906,4.728238105773926,5.011823654174805,1.205368171905281,0.8070400846254808,331776
Mirror Moderate Bi-Maxwellian,ion,89000,11.743055555555555,2.0124433040618896,0.49690840878926273,2.0126023292541504,1.964008092880249,2.062857151031494,4.86868143081665,4.8669657707214355,4.727354526519775,5.010967254638672,1.2053944202778255,0.8070488837840641,331776
Mirror Moderate Bi-Maxwellian,ion,89500,11.809027777777779,2.0125205516815186,0.4968893356962101,2.0127854347229004,1.9640620946884155,2.063021421432495,4.867979526519775,4.866689682006836,4.727207660675049,5.010318756103516,1.2054240356912351,0.8070965159902834,331776
Mirror Moderate Bi-Maxwellian,ion,90000,11.875,2.012566328048706,0.496878033813452,2.0130739212036133,1.9641194343566895,2.0627858638763428,4.867335796356201,4.866174697875977,4.7263875007629395,5.009599685668945,1.2054512040752607,0.8071151239734453,331776
Mirror Moderate Bi-Maxwellian,ion,90500,11.940972222222223,2.0126090049743652,0.4968674976254203,2.0129547119140625,1.9642181396484375,2.0629494190216064,4.86669921875,4.865547180175781,4.725235939025879,5.0088348388671875,1.2054780776562657,0.8071309273180995,331776
Mirror Moderate Bi-Maxwellian,ion,91000,12.006944444444445,2.01267409324646,0.49685142932753296,2.0128445625305176,1.9642493724822998,2.0632073879241943,4.866021156311035,4.864912986755371,4.725498676300049,5.008260726928711,1.2055067102828025,0.8071673829636574,331776
Mirror Moderate Bi-Maxwellian,ion,91500,12.072916666666668,2.012723445892334,0.49683924636583815,2.0129446983337402,1.9643305540084839,2.0631778240203857,4.865383148193359,4.8644537925720215,4.724488258361816,5.007613182067871,1.205533658818078,0.8071897870742559,331776
Mirror Moderate Bi-Maxwellian,ion,92000,12.13888888888889,2.0127854347229004,0.4968239449415877,2.013084888458252,1.9644399881362915,2.063502073287964,4.864711284637451,4.863941192626953,4.723317623138428,5.007650375366211,1.2055620449990438,0.8072233897238565,331776
Mirror Moderate Bi-Maxwellian,ion,92500,12.20486111111111,2.012835741043091,0.4968115279400695,2.0132551193237305,1.9641526937484741,2.063485622406006,4.864062309265137,4.862954139709473,4.722422122955322,5.00651741027832,1.2055894716017896,0.8072462694413012,331776
Mirror Moderate Bi-Maxwellian,ion,93000,12.270833333333334,2.0128846168518066,0.4967994646230745,2.013080358505249,1.9643726348876953,2.063361644744873,4.863435745239258,4.862366676330566,4.721944808959961,5.0063934326171875,1.205615958014637,0.8072686588371696,331776
Mirror Moderate Bi-Maxwellian,ion,93500,12.336805555555555,2.0129199028015137,0.496790755860794,2.013298511505127,1.9643887281417847,2.063331365585327,4.862818717956543,4.861692905426025,4.721427917480469,5.005876541137695,1.205642047956133,0.8072778548453807,331776
Mirror Moderate Bi-Maxwellian,ion,94000,12.402777777777779,2.0129809379577637,0.49677569277657113,2.013302803039551,1.9646965265274048,2.0633609294891357,4.862150192260742,4.861322402954102,4.720670700073242,5.004826545715332,1.205670322893714,0.8073106150640497,331776
Mirror Moderate Bi-Maxwellian,ion,94500,12.46875,2.0130298137664795,0.49676363119975353,2.0133419036865234,1.964564323425293,2.0635054111480713,4.861504077911377,4.860114097595215,4.719917297363281,5.004840850830078,1.2056976573450957,0.8073321564213838,331776
Mirror Moderate Bi-Maxwellian,ion,95000,12.534722222222223,2.0131025314331055,0.49674568701084043,2.0133004188537598,1.9645447731018066,2.0634992122650146,4.860806465148926,4.859479904174805,4.719081401824951,5.003393173217773,1.2057271786420243,0.8073753527910812,331776
Mirror Moderate Bi-Maxwellian,ion,95500,12.600694444444445,2.0131454467773438,0.4967350976059909,2.013667583465576,1.9646121263504028,2.0635132789611816,4.860180854797363,4.8592119216918945,4.718459129333496,5.003079891204834,1.2057536601776713,0.8073917865996725,331776
Mirror Moderate Bi-Maxwellian,ion,96000,12.666666666666668,2.0131945610046387,0.49672297917443853,2.0135438442230225,1.9646133184432983,2.0638699531555176,4.859533786773682,4.858370780944824,4.718038082122803,5.002553462982178,1.205781057170901,0.8074135038337378,331776
Mirror Moderate Bi-Maxwellian,ion,96500,12.73263888888889,2.0132453441619873,0.49671044957327326,2.013566493988037,1.9648463726043701,2.0636355876922607,4.8588995933532715,4.857476234436035,4.7173967361450195,5.001917362213135,1.2058079161314528,0.8074374280305345,331776
Mirror Moderate Bi-Maxwellian,ion,97000,12.79861111111111,2.013289213180542,0.4966996263891098,2.0135374069213867,1.9648560285568237,2.0636909008026123,4.858254909515381,4.856905460357666,4.71734094619751,5.0003252029418945,1.2058352265628136,0.8074539866177284,331776
Mirror Moderate Bi-Maxwellian,ion,97500,12.864583333333334,2.013356924057007,0.4966829219654476,2.013693332672119,1.9648172855377197,2.0638327598571777,4.857590675354004,4.856524467468262,4.716052532196045,5.000394821166992,1.205863372777313,0.8074935512796939,331776
Mirror Moderate Bi-Maxwellian,ion,98000,12.930555555555555,2.013413667678833,0.4966689240531736,2.0139341354370117,1.9647693634033203,2.0639281272888184,4.8569488525390625,4.856096267700195,4.715062141418457,4.999985694885254,1.2058905766481833,0.8075230910306497,331776
Mirror Moderate Bi-Maxwellian,ion,98500,12.996527777777779,2.013458251953125,0.4966579262470255,2.0137901306152344,1.9649521112442017,2.0637669563293457,4.856294631958008,4.854889869689941,4.715157508850098,4.999968528747559,1.205918313402828,0.807539938550297,331776
Mirror Moderate Bi-Maxwellian,ion,99000,13.0625,2.0135090351104736,0.49664539992746237,2.0138792991638184,1.965164065361023,2.0640783309936523,4.855661869049072,4.8545074462890625,4.71428918838501,4.999204635620117,1.2059451475347147,0.8075638875757589,331776
Mirror Moderate Bi-Maxwellian,ion,99500,13.128472222222223,2.0135717391967773,0.49662993402902267,2.0138611793518066,1.96500825881958,2.0640618801116943,4.855005741119385,4.853849411010742,4.71307373046875,4.998044013977051,1.2059729799144248,0.8075987592823526,331776
Mirror Moderate Bi-Maxwellian,ion,100000,13.194444444444445,2.013624906539917,0.49661682111309174,2.0138533115386963,1.9652317762374878,2.0640602111816406,4.854355812072754,4.852461814880371,4.712838172912598,4.997782230377197,1.2060005567603853,0.8076243497795317,331776
Mirror Moderate Bi-Maxwellian,ion,100500,13.260416666666666,2.013655424118042,0.49660929472975174,2.013866424560547,1.9651647806167603,2.0642614364624023,4.853753089904785,4.852705955505371,4.711620330810547,4.996985912322998,1.2060261371926557,0.8076292869253863,331776
Mirror Moderate Bi-Maxwellian,ion,101000,13.326388888888888,2.013709306716919,0.4965960065161366,2.014125347137451,1.9654258489608765,2.064171552658081,4.853099346160889,4.852455139160156,4.7116217613220215,4.996974945068359,1.2060538902404838,0.8076554164764351,331776
Mirror Moderate Bi-Maxwellian,ion,101500,13.39236111111111,2.0137710571289062,0.4965807788625833,2.0140209197998047,1.9653759002685547,2.06414794921875,4.852445125579834,4.851463317871094,4.710498809814453,4.996126174926758,1.2060816710174558,0.8076893861114505,331776
Mirror Moderate Bi-Maxwellian,ion,102000,13.458333333333336,2.0138282775878906,0.4965666691291936,2.01418399810791,1.965332269668579,2.0645081996917725,4.851785659790039,4.850385665893555,4.709327220916748,4.995177268981934,1.206109682108932,0.8077185954789585,331776
Mirror Moderate Bi-Maxwellian,ion,102500,13.524305555555557,2.013862133026123,0.4965583212478172,2.014132499694824,1.965438961982727,2.0645217895507812,4.851170063018799,4.850427627563477,4.709421157836914,4.994307518005371,1.2061358367176511,0.8077262963084719,331776
Mirror Moderate Bi-Maxwellian,ion,103000,13.590277777777779,2.0139241218566895,0.4965430371220112,2.0143189430236816,1.9653475284576416,2.064483642578125,4.850512504577637,4.849357604980469,4.708712100982666,4.994190216064453,1.2061637814676813,0.8077603403890081,331776
Mirror Moderate Bi-Maxwellian,ion,103500,13.65625,2.013947010040283,0.4965373939903205,2.0142228603363037,1.9652411937713623,2.064380168914795,4.849916458129883,4.849251747131348,4.708115100860596,4.993298530578613,1.206189118644241,0.8077578913960421,331776
Mirror Moderate Bi-Maxwellian,ion,104000,13.722222222222223,2.0140161514282227,0.49652034780895793,2.0144684314727783,1.9655879735946655,2.0643060207366943,4.849248886108398,4.848228454589844,4.707489967346191,4.9923834800720215,1.2062175036766398,0.8077986477515828,331776
Mirror Moderate Bi-Maxwellian,ion,104500,13.788194444444445,2.0140573978424072,0.4965101794374216,2.014326572418213,1.965528130531311,2.064544677734375,4.848627090454102,4.847097396850586,4.706538677215576,4.992698669433594,1.2062439493374906,0.8078134485049167,331776
Mirror Moderate Bi-Maxwellian,ion,105000,13.854166666666666,2.0140860080718994,0.4965031264763653,2.014517307281494,1.9656305313110352,2.064640760421753,4.848021507263184,4.846673965454102,4.706113338470459,4.991678237915039,1.206269711984946,0.8078162960869535,331776
Mirror Moderate Bi-Maxwellian,ion,105500,13.920138888888888,2.014141321182251,0.496489491319817,2.0145626068115234,1.9656165838241577,2.064608335494995,4.847359657287598,4.846324920654297,4.705400466918945,4.9912109375,1.2062978756892082,0.8078434454930428,331776
Mirror Moderate Bi-Maxwellian,ion,106000,13.98611111111111,2.014188766479492,0.4964777962434246,2.0145773887634277,1.965709924697876,2.064565658569336,4.846728801727295,4.8458662033081055,4.7043867111206055,4.990447998046875,1.2063247276479792,0.807864038831513,331776
Mirror Moderate Bi-Maxwellian,ion,106500,14.052083333333336,2.0142433643341064,0.49646433877198964,2.0146026611328125,1.965858817100525,2.0646088123321533,4.8460917472839355,4.845478534698486,4.703962802886963,4.9901580810546875,1.2063518505526571,0.8078915137814493,331776
Mirror Moderate Bi-Maxwellian,ion,107000,14.118055555555557,2.0142903327941895,0.4964527624043238,2.0147058963775635,1.9659197330474854,2.0648128986358643,4.84545373916626,4.843995094299316,4.702778339385986,4.989686012268066,1.2063790212084589,0.8079113115857306,331776
Mirror Moderate Bi-Maxwellian,ion,107500,14.184027777777779,2.014333963394165,0.4964420092063552,2.0147461891174316,1.9656758308410645,2.0650360584259033,4.8448381423950195,4.843286514282227,4.702328681945801,4.989215850830078,1.2064052442225977,0.8079287191715674,331776
Mirror Moderate Bi-Maxwellian,ion,108000,14.25,2.014374017715454,0.4964321378281686,2.014688014984131,1.9659366607666016,2.065056800842285,4.844210147857666,4.843069076538086,4.701640605926514,4.988353729248047,1.2064320022206811,0.807942015494773,331776
Mirror Moderate Bi-Maxwellian,ion,108500,14.315972222222223,2.014425039291382,0.4964195641411268,2.01485013961792,1.9657986164093018,2.0651142597198486,4.843571186065674,4.842191219329834,4.701195240020752,4.988169193267822,1.2064592346401082,0.8079658046512737,331776
Mirror Moderate Bi-Maxwellian,ion,109000,14.381944444444445,2.014479875564575,0.4964060510754626,2.014893054962158,1.9658467769622803,2.065197467803955,4.842931270599365,4.841691017150879,4.700484275817871,4.987100124359131,1.2064865149069604,0.8079933606576148,331776
Mirror Moderate Bi-Maxwellian,ion,109500,14.447916666666666,2.0145325660705566,0.4963930674749768,2.0147995948791504,1.9660985469818115,2.0649545192718506,4.842287063598633,4.8413896560668945,4.6997599601745605,4.985992908477783,1.2065139854093723,0.8080185806611844,331776
Mirror Moderate Bi-Maxwellian,ion,110000,14.513888888888888,2.014573574066162,0.4963829630613224,2.014909267425537,1.9662553071975708,2.0649516582489014,4.841649055480957,4.840717315673828,4.6994123458862305,4.985319137573242,1.20654119878184,0.8080323752843221,331776
Mirror Moderate Bi-Maxwellian,ion,110500,14.57986111111111,2.014594316482544,0.49637785226456277,2.0148332118988037,1.965951919555664,2.065249443054199,4.841076374053955,4.839930534362793,4.698805809020996,4.984736919403076,1.2065656318416211,0.8080286846409228,331776
Mirror Moderate Bi-Maxwellian,ion,111000,14.645833333333336,2.014676332473755,0.4963576450874036,2.014915704727173,1.9662688970565796,2.0652952194213867,4.840385913848877,4.839570999145508,4.698208808898926,4.9843220710754395,1.206595097539411,0.8080812349343438,331776
Mirror Moderate Bi-Maxwellian,ion,111500,14.711805555555557,2.01469349861145,0.496353415886442,2.0151500701904297,1.9661275148391724,2.0651321411132812,4.839797019958496,4.838813781738281,4.697290897369385,4.983757972717285,1.206620235492557,0.8080732631188932,331776
Mirror Moderate Bi-Maxwellian,ion,112000,14.777777777777779,2.0147557258605957,0.49633808563708315,2.0151031017303467,1.9665577411651611,2.0651326179504395,4.8391337394714355,4.837903022766113,4.696748733520508,4.983119010925293,1.2066485560924438,0.8081071697681519,331776
Mirror Moderate Bi-Maxwellian,ion,112500,14.84375,2.0147910118103027,0.4963293930428514,2.0150609016418457,1.9661407470703125,2.06553316116333,4.838525295257568,4.837275505065918,4.695727825164795,4.982498645782471,1.2066745421337655,0.8081164696765373,331776
Mirror Moderate Bi-Maxwellian,ion,113000,14.909722222222223,2.014822244644165,0.4963216991763006,2.0153186321258545,1.9663934707641602,2.065208911895752,4.8379225730896,4.836879730224609,4.694582939147949,4.982789039611816,1.2067002902366375,0.8081219544075275,331776
Mirror Moderate Bi-Maxwellian,ion,113500,14.975694444444445,2.0148773193359375,0.4963081327103228,2.015071392059326,1.966582179069519,2.065142869949341,4.837272644042969,4.836333274841309,4.694765090942383,4.981653213500977,1.2067280621925427,0.8081492571433948,331776
Mirror Moderate Bi-Maxwellian,ion,114000,15.041666666666666,2.014927625656128,0.4962957414782412,2.0152738094329834,1.9665783643722534,2.0652003288269043,4.836651802062988,4.8357253074646,4.694336414337158,4.9807844161987305,1.2067545982064427,0.8081730274496852,331776
Mirror Moderate Bi-Maxwellian,ion,114500,15.107638888888888,2.014956474304199,0.49628863588496025,2.0153181552886963,1.966372013092041,2.0655713081359863,4.836038112640381,4.834355354309082,4.6937103271484375,4.980678558349609,1.2067808352019003,0.808175639102299,331776
Mirror Moderate Bi-Maxwellian,ion,115000,15.17361111111111,2.0150041580200195,0.49627689154875915,2.0154366493225098,1.9663989543914795,2.065286636352539,4.8354082107543945,4.834722995758057,4.69243049621582,4.97998571395874,1.206807772253004,0.8081963857670156,331776
Mirror Moderate Bi-Maxwellian,ion,115500,15.239583333333336,2.0150535106658936,0.4962647367461425,2.015484094619751,1.966592788696289,2.065584421157837,4.834773540496826,4.833195686340332,4.691328525543213,4.979801654815674,1.2068349203171238,0.8082185903487697,331776
Mirror Moderate Bi-Maxwellian,ion,116000,15.305555555555557,2.0150861740112305,0.49625669259066973,2.0155091285705566,1.9663801193237305,2.065826892852783,4.83418083190918,4.833584785461426,4.691660404205322,4.97902250289917,1.2068602799049755,0.808225894106255,331776
Mirror Moderate Bi-Maxwellian,ion,116500,15.371527777777779,2.0151216983795166,0.4962479441336777,2.015474319458008,1.9665095806121826,2.065558910369873,4.833565711975098,4.832829475402832,4.6903076171875,4.978442192077637,1.2068866049596705,0.8082350934198461,331776
Mirror Moderate Bi-Maxwellian,ion,117000,15.4375,2.0151660442352295,0.4962370236739015,2.0154824256896973,1.9668653011322021,2.065390110015869,4.8329362869262695,4.831875801086426,4.690020561218262,4.977935314178467,1.2069135491616416,0.8082524950735879,331776
Mirror Moderate Bi-Maxwellian,ion,117500,15.503472222222223,2.015212059020996,0.4962256927371737,2.0156452655792236,1.9666403532028198,2.065793752670288,4.832313060760498,4.831097602844238,4.68971586227417,4.976398468017578,1.2069402349198424,0.8082718241011537,331776
Mirror Moderate Bi-Maxwellian,ion,118000,15.569444444444445,2.015244483947754,0.4962177085536811,2.015449285507202,1.966773509979248,2.065723419189453,4.831716537475586,4.830836296081543,4.688711166381836,4.9767985343933105,1.2069657837424517,0.8082787002053022,331776
Mirror Moderate Bi-Maxwellian,ion,118500,15.635416666666666,2.015286922454834,0.4962072590546529,2.015695571899414,1.9667390584945679,2.065884590148926,4.831095218658447,4.8300018310546875,4.687861442565918,4.976452350616455,1.2069924012546562,0.8082945212001778,331776
Mirror Moderate Bi-Maxwellian,ion,119000,15.701388888888888,2.0153212547302246,0.49619880584937426,2.0155692100524902,1.966720700263977,2.06591796875,4.830493927001953,4.829392433166504,4.687885761260986,4.975558757781982,1.2070181673162046,0.80830308741402,331776
Mirror Moderate Bi-Maxwellian,ion,119500,15.76736111111111,2.015368938446045,0.49618706576427263,2.0157032012939453,1.9667510986328125,2.0658631324768066,4.829858303070068,4.8282599449157715,4.686675548553467,4.975192546844482,1.2070454115319194,0.8083235269141256,331776
Mirror Moderate Bi-Maxwellian,ion,120000,15.833333333333336,2.0154125690460205,0.49617632407311124,2.0157132148742676,1.9667794704437256,2.0660836696624756,4.829228401184082,4.828360557556152,4.6854143142700195,4.975074291229248,1.2070724175636027,0.8083401514824178,331776
Mirror Moderate Bi-Maxwellian,ion,120500,15.899305555555557,2.0154521465301514,0.496166580646245,2.015937328338623,1.9669559001922607,2.0660650730133057,4.828611373901367,4.827811241149902,4.685519695281982,4.974321365356445,1.2070988784487808,0.8083532680813705,331776
Mirror Moderate Bi-Maxwellian,ion,121000,15.965277777777779,2.0154826641082764,0.49615906790368586,2.0159494876861572,1.9671341180801392,2.0658881664276123,4.828015327453613,4.827005386352539,4.685049057006836,4.973083972930908,1.2071244460044868,0.8083582181037896,331776
Mirror Moderate Bi-Maxwellian,ion,121500,16.03125,2.0155231952667236,0.49614909039420174,2.015937328338623,1.9671539068222046,2.0659422874450684,4.827390670776367,4.826416969299316,4.684134006500244,4.972346782684326,1.2071512475784718,0.8083719476882518,331776
Mirror Moderate Bi-Maxwellian,ion,122000,16.09722222222222,2.015554428100586,0.4961414021165273,2.016052722930908,1.9668967723846436,2.066171646118164,4.826807022094727,4.825687885284424,4.683437347412109,4.972232818603516,1.2071762959286536,0.8083781321719323,331776
Mirror Moderate Bi-Maxwellian,ion,122500,16.163194444444443,2.015617847442627,0.4961257915377058,2.0161917209625244,1.9668552875518799,2.06614351272583,4.826146125793457,4.824584484100342,4.682878494262695,4.971585750579834,1.2072046668159249,0.8084131806267021,331776
Mirror Moderate Bi-Maxwellian,ion,123000,16.229166666666668,2.0156421661376953,0.49611980578684056,2.016049861907959,1.9672085046768188,2.0659775733947754,4.825561046600342,4.824702262878418,4.681973457336426,4.971164226531982,1.207229789519399,0.8084123766182962,331776
Mirror Moderate Bi-Maxwellian,ion,123500,16.29513888888889,2.0156917572021484,0.4961075999973505,2.0160720348358154,1.967315435409546,2.0661067962646484,4.8249406814575195,4.823519229888916,4.681881427764893,4.970226764678955,1.2072564340206395,0.8084353231815089,331776
Mirror Moderate Bi-Maxwellian,ion,124000,16.36111111111111,2.01572322845459,0.49609985432706344,2.0160388946533203,1.9672369956970215,2.0663251876831055,4.824338436126709,4.8229522705078125,4.6809306144714355,4.969788074493408,1.2072823068364302,0.8084409216181596,331776
Mirror Moderate Bi-Maxwellian,ion,124500,16.427083333333336,2.0157556533813477,0.49609187419246026,2.0160651206970215,1.967184066772461,2.0662660598754883,4.823728084564209,4.822257041931152,4.680096626281738,4.969455718994141,1.2073085344922263,0.8084471188891214,331776
Mirror Moderate Bi-Maxwellian,ion,125000,16.493055555555557,2.0157947540283203,0.49608225143042056,2.016052722930908,1.967397689819336,2.0663504600524902,4.823119640350342,4.8217973709106445,4.67922830581665,4.968790054321289,1.2073346867935795,0.8084600672347408,331776
Mirror Moderate Bi-Maxwellian,ion,125500,16.55902777777778,2.0158462524414062,0.49606957811831764,2.016063690185547,1.9675540924072266,2.0661778450012207,4.82248592376709,4.821249008178711,4.679074764251709,4.967384338378906,1.2073619323742575,0.8084843200671488,331776
Mirror Moderate Bi-Maxwellian,ion,126000,16.625,2.015878438949585,0.49606165762706933,2.016160488128662,1.9675312042236328,2.0662360191345215,4.82188081741333,4.820749282836914,4.678349494934082,4.9675750732421875,1.2073879545899777,0.8084904843596072,331776
Mirror Moderate Bi-Maxwellian,ion,126500,16.69097222222222,2.0159077644348145,0.4960544413996852,2.0162367820739746,1.9673981666564941,2.0667049884796143,4.821290969848633,4.820045471191406,4.677030086517334,4.967283248901367,1.2074133268980851,0.8084944375367293,331776
Mirror Moderate Bi-Maxwellian,ion,127000,16.756944444444443,2.015948534011841,0.496044409432392,2.016444206237793,1.9671907424926758,2.0665175914764404,4.820683002471924,4.8196821212768555,4.677248001098633,4.9660868644714355,1.207439485128399,0.8085090488834419,331776
Mirror Moderate Bi-Maxwellian,ion,127500,16.822916666666668,2.0159852504730225,0.4960353751424343,2.0163071155548096,1.967564582824707,2.0663669109344482,4.820085048675537,4.818992614746094,4.676414966583252,4.965336799621582,1.2074652189539228,0.8085200315190997,331776
Mirror Moderate Bi-Maxwellian,ion,128000,16.88888888888889,2.016010046005249,0.49602927424965637,2.0163779258728027,1.967694640159607,2.0664608478546143,4.819499492645264,4.818109035491943,4.675009727478027,4.9656572341918945,1.207490425411609,0.80851962059364,331776
Mirror Moderate Bi-Maxwellian,ion,128500,16.95486111111111,2.016052722930908,0.4960187740260158,2.016407012939453,1.9674798250198364,2.0665576457977295,4.81889009475708,4.81765079498291,4.675146102905273,4.964424133300781,1.2075166646958795,0.8085360582350287,331776
Mirror Moderate Bi-Maxwellian,ion,129000,17.020833333333336,2.0160810947418213,0.49601179367641446,2.016146183013916,1.9675929546356201,2.0667002201080322,4.8182902336120605,4.817173004150391,4.674686908721924,4.964949607849121,1.2075424998320086,0.8085385949098127,331776
Mirror Moderate Bi-Maxwellian,ion,129500,17.086805555555557,2.0161125659942627,0.49600405099744105,2.016446590423584,1.9677131175994873,2.0665531158447266,4.817690849304199,4.816710472106934,4.673560619354248,4.9639058113098145,1.2075683208573722,0.8085442451368905,331776
Mirror Moderate Bi-Maxwellian,ion,130000,17.15277777777778,2.016143560409546,0.4959964258680402,2.016448974609375,1.967646837234497,2.0666301250457764,4.817110061645508,4.816163063049316,4.673074245452881,4.962976455688477,1.207593346882841,0.8085502135267049,331776
Mirror Moderate Bi-Maxwellian,ion,130500,17.21875,2.0161843299865723,0.49598639624714275,2.0165421962738037,1.967584252357483,2.06675386428833,4.816503047943115,4.815494537353516,4.672428131103516,4.96265172958374,1.207619509433727,0.8085648205528453,331776
Mirror Moderate Bi-Maxwellian,ion,131000,17.28472222222222,2.0162341594696045,0.49597413837243115,2.016585350036621,1.9677038192749023,2.0668909549713135,4.8158698081970215,4.814888000488281,4.671665668487549,4.9617719650268555,1.2076468093672124,0.8085873501023921,331776
Mirror Moderate Bi-Maxwellian,ion,131500,17.350694444444443,2.016263961791992,0.49596680739719784,2.016561508178711,1.9677479267120361,2.0667097568511963,4.815278053283691,4.814046382904053,4.671660423278809,4.960973739624023,1.2076723273161907,0.8085916344758015,331776
Mirror Moderate Bi-Maxwellian,ion,132000,17.416666666666668,2.016287326812744,0.4959610600641699,2.016523838043213,1.9678395986557007,2.066957473754883,4.814685821533203,4.813436031341553,4.670056343078613,4.961031913757324,1.2076978721077913,0.8085894547049528,331776
Mirror Moderate Bi-Maxwellian,ion,132500,17.48263888888889,2.0163168907165527,0.4959537881193977,2.0166852474212646,1.9679218530654907,2.0668349266052246,4.814101219177246,4.8133978843688965,4.669905662536621,4.960569381713867,1.207723093984074,0.8085937967324788,331776
Mirror Moderate Bi-Maxwellian,ion,133000,17.54861111111111,2.016352415084839,0.4959450503387944,2.0169384479522705,1.9680932760238647,2.066523313522339,4.813499450683594,4.812229156494141,4.669560432434082,4.959667205810547,1.2077490628690077,0.8086033522158311,331776
Mirror Moderate Bi-Maxwellian,ion,133500,17.614583333333336,2.01639461517334,0.4959346709592531,2.01664400100708,1.9679957628250122,2.066880464553833,4.812880039215088,4.811756610870361,4.668978691101074,4.958871841430664,1.2077757999060965,0.8086188152672433,331776
Mirror Moderate Bi-Maxwellian,ion,134000,17.680555555555557,2.016406774520874,0.49593168037119584,2.0168652534484863,1.9679226875305176,2.0669124126434326,4.812334060668945,4.811042308807373,4.668161392211914,4.958198547363281,1.2077993729015963,0.8086074016192777,331776
Mirror Moderate Bi-Maxwellian,ion,134500,17.74652777777778,2.0164570808410645,0.4959193079293807,2.016758918762207,1.96784245967865,2.067017078399658,4.811700820922852,4.810785293579102,4.66754674911499,4.957817077636719,1.207826720159257,0.8086303606818075,331776
Mirror Moderate Bi-Maxwellian,ion,135000,17.8125,2.01648211479187,0.4959131512570913,2.016925096511841,1.967802882194519,2.067281723022461,4.811105251312256,4.810003280639648,4.667680740356445,4.95706844329834,1.2078524471538519,0.8086296676380182,331776
Mirror Moderate Bi-Maxwellian,ion,135500,17.87847222222222,2.016524314880371,0.4959027732126921,2.016932487487793,1.9679588079452515,2.066995859146118,4.810507297515869,4.809976577758789,4.666925430297852,4.956316947937012,1.207878283547433,0.808646031332938,331776
Mirror Moderate Bi-Maxwellian,ion,136000,17.944444444444446,2.0165622234344482,0.49589345093298415,2.0169389247894287,1.9679667949676514,2.066983699798584,4.809891700744629,4.80875301361084,4.665825366973877,4.956007480621338,1.2079048889697845,0.8086573344646637,331776
Mirror Moderate Bi-Maxwellian,ion,136500,18.010416666666668,2.0165774822235107,0.49588969866775656,2.016867160797119,1.968066692352295,2.067269802093506,4.809336185455322,4.807843208312988,4.665395736694336,4.955467700958252,1.2079289035822156,0.8086485786412951,331776
Mirror Moderate Bi-Maxwellian,ion,137000,18.07638888888889,2.0166211128234863,0.49587896984768376,2.017068386077881,1.9680490493774414,2.0671284198760986,4.808719635009766,4.80762243270874,4.664218902587891,4.955517768859863,1.207955563206373,0.8086655496171133,331776
Mirror Moderate Bi-Maxwellian,ion,137500,18.14236111111111,2.016641616821289,0.4958739280488716,2.0170202255249023,1.9681897163391113,2.0671486854553223,4.808142185211182,4.807870388031006,4.663974285125732,4.954391956329346,1.207980538320141,0.8086610785011481,331776
Mirror Moderate Bi-Maxwellian,ion,138000,18.208333333333336,2.0166752338409424,0.49586566206568056,2.017094135284424,1.9680638313293457,2.067214012145996,4.80754280090332,4.806294918060303,4.663356781005859,4.953855037689209,1.2080064684628713,0.8086687653780711,331776
Mirror Moderate Bi-Maxwellian,ion,138500,18.274305555555557,2.0167036056518555,0.49585868602479727,2.017153739929199,1.9679919481277466,2.0674188137054443,4.8069586753845215,4.805547714233398,4.663122177124023,4.95342493057251,1.2080317447122648,0.8086718609395906,331776
Mirror Moderate Bi-Maxwellian,ion,139000,18.34027777777778,2.016740560531616,0.49584959987932126,2.0170655250549316,1.9683480262756348,2.0673329830169678,4.806362628936768,4.805497646331787,4.6623101234436035,4.953122138977051,1.208057543136568,0.8086830173950481,331776
Mirror Moderate Bi-Maxwellian,ion,139500,18.40625,2.0167641639709473,0.495843796644537,2.0169906616210938,1.9680043458938599,2.067436456680298,4.805773735046387,4.8051886558532715,4.661172866821289,4.952639579772949,1.2080830382644612,0.8086811257064861,331776
Mirror Moderate Bi-Maxwellian,ion,140000,18.47222222222222,2.0167911052703857,0.49583717291629603,2.0170774459838867,1.9681750535964966,2.067300319671631,4.805206298828125,4.804157257080078,4.660651206970215,4.9519219398498535,1.2081076103317097,0.8086834949386761,331776
Mirror Moderate Bi-Maxwellian,ion,140500,18.538194444444446,2.0168190002441406,0.49583031490626955,2.0173087120056152,1.9684064388275146,2.0673017501831055,4.804604530334473,4.803614616394043,4.660369873046875,4.951261520385742,1.2081336754536975,0.8086853247904431,331776
Mirror Moderate Bi-Maxwellian,ion,141000,18.604166666666668,2.0168275833129883,0.49582820478750445,2.017096757888794,1.9686315059661865,2.067206382751465,4.804061412811279,4.802717208862305,4.6596903800964355,4.95074462890625,1.208157205762033,0.8086703775509554,331776
Mirror Moderate Bi-Maxwellian,ion,141500,18.67013888888889,2.0168399810791016,0.49582515686988426,2.017272710800171,1.9684659242630005,2.067115306854248,4.803505897521973,4.802799224853516,4.659160614013672,4.950127124786377,1.2081812787022659,0.8086587023768357,331776
Mirror Moderate Bi-Maxwellian,ion,142000,18.73611111111111,2.016899824142456,0.4958104453329402,2.0172348022460938,1.9685745239257812,2.0674474239349365,4.802859783172607,4.801750183105469,4.658351898193359,4.950104236602783,1.2082092847065034,0.8086905394359527,331776
Mirror Moderate Bi-Maxwellian,ion,142500,18.802083333333336,2.01692533493042,0.4958041741463365,2.0172016620635986,1.9683338403701782,2.0675292015075684,4.802281856536865,4.801631450653076,4.658203601837158,4.9489593505859375,1.208234341480561,0.808690993449859,331776
Mirror Moderate Bi-Maxwellian,ion,143000,18.868055555555557,2.0169410705566406,0.495800306016882,2.017204761505127,1.9685148000717163,2.0673766136169434,4.801721096038818,4.800699234008789,4.657236099243164,4.948740005493164,1.208258659759508,0.8086824107971327,331776
Mirror Moderate Bi-Maxwellian,ion,143500,18.93402777777778,2.016969919204712,0.4957932146029716,2.017326831817627,1.9683005809783936,2.0676822662353516,4.80113410949707,4.8001251220703125,4.656728744506836,4.9477105140686035,1.2082841214582845,0.8086857977464275,331776
Mirror Moderate Bi-Maxwellian,ion,144000,19.0,2.017002820968628,0.4957851271223154,2.0174007415771484,1.9684377908706665,2.0674073696136475,4.800564289093018,4.799220561981201,4.656350612640381,4.947296142578125,1.2083088444981398,0.8086939764704881,331776
Mirror Moderate Bi-Maxwellian,ion,144500,19.06597222222222,2.017028331756592,0.4957788565761587,2.0173134803771973,1.9683879613876343,2.067689895629883,4.799976825714111,4.798736572265625,4.655373573303223,4.9478936195373535,1.2083343391665702,0.8086939925900216,331776
Mirror Moderate Bi-Maxwellian,ion,145000,19.131944444444446,2.017059803009033,0.49577112116765615,2.0175654888153076,1.9686721563339233,2.0674333572387695,4.799393177032471,4.798702239990234,4.6549506187438965,4.946436405181885,1.2083596744658276,0.8087001285432056,331776
Mirror Moderate Bi-Maxwellian,ion,145500,19.197916666666668,2.0170938968658447,0.4957627414141689,2.017488479614258,1.9687007665634155,2.0674991607666016,4.798799514770508,4.798261642456055,4.654392719268799,4.946002960205078,1.2083854507616,0.8087084461042446,331776
Mirror Moderate Bi-Maxwellian,ion,146000,19.26388888888889,2.017106294631958,0.4957596943013161,2.017515182495117,1.9685606956481934,2.0677638053894043,4.798243522644043,4.7972612380981445,4.653544902801514,4.945381164550781,1.2084095972371482,0.8086966973948098,331776
Mirror Moderate Bi-Maxwellian,ion,146500,19.32986111111111,2.017127752304077,0.4957544205406641,2.0174927711486816,1.9685730934143066,2.067626714706421,4.797664165496826,4.796957969665527,4.652768611907959,4.944679260253906,1.2084347643988216,0.8086929879052556,331776
Mirror Moderate Bi-Maxwellian,ion,147000,19.395833333333336,2.0171597003936768,0.4957465687049152,2.0174436569213867,1.9685704708099365,2.0677802562713623,4.7970871925354,4.796398162841797,4.652602672576904,4.944251537322998,1.2084598340334671,0.8086998663602096,331776
Mirror Moderate Bi-Maxwellian,ion,147500,19.461805555555557,2.01719069480896,0.4957389514900107,2.017634153366089,1.9687609672546387,2.0675528049468994,4.796490669250488,4.796191215515137,4.651866912841797,4.943202495574951,1.2084857594763678,0.8087049353325921,331776
Mirror Moderate Bi-Maxwellian,ion,148000,19.52777777777778,2.017198085784912,0.4957371351117904,2.0175113677978516,1.9684536457061768,2.0678913593292236,4.795954704284668,4.795045852661133,4.650966167449951,4.94307804107666,1.2085090585001996,0.8086890272847125,331776
Mirror Moderate Bi-Maxwellian,ion,148500,19.59375,2.017209529876709,0.49573432268145173,2.017583131790161,1.9687732458114624,2.0677263736724854,4.795404434204102,4.794137001037598,4.6503753662109375,4.943126201629639,1.2085329848025572,0.8086765450741518,331776
Mirror Moderate Bi-Maxwellian,ion,149000,19.65972222222222,2.0172505378723145,0.495724245068114,2.017605781555176,1.968890905380249,2.067699909210205,4.794818878173828,4.793922424316406,4.649850845336914,4.941617965698242,1.2085584514051266,0.8086920864671878,331776
Mirror Moderate Bi-Maxwellian,ion,149500,19.725694444444446,2.0172677040100098,0.4957200266539527,2.017597198486328,1.9686640501022339,2.0680110454559326,4.79423713684082,4.793214321136475,4.6496381759643555,4.941197395324707,1.2085837582616854,0.8086839457483244,331776
Mirror Moderate Bi-Maxwellian,ion,150000,19.791666666666668,2.017306089401245,0.49571059407093204,2.0176658630371094,1.9687362909317017,2.0679636001586914,4.793647289276123,4.793179035186768,4.649354934692383,4.940539360046387,1.208609424026065,0.8086966653751801,331776
Mirror Moderate Bi-Maxwellian,ion,150500,19.85763888888889,2.017313003540039,0.4957088950723914,2.017645835876465,1.9687615633010864,2.067943811416626,4.793105125427246,4.792328834533691,4.648282527923584,4.9408183097839355,1.2086330205225495,0.8086799830174896,331776
Mirror Moderate Bi-Maxwellian,ion,151000,19.92361111111111,2.017343759536743,0.4957013375993177,2.0176684856414795,1.9689760208129883,2.0678954124450684,4.792516231536865,4.791355609893799,4.6471662521362305,4.939833164215088,1.2086586568908333,0.8086851026459099,331776
Mirror Moderate Bi-Maxwellian,ion,151500,19.989583333333336,2.0173709392547607,0.4956946590939845,2.0177693367004395,1.9688525199890137,2.0677714347839355,4.7919392585754395,4.791103839874268,4.64669132232666,4.939973831176758,1.2086837804152974,0.8086871588394633,331776
Mirror Moderate Bi-Maxwellian,ion,152000,20.055555555555557,2.017362356185913,0.4956967680762273,2.017829418182373,1.968785285949707,2.0680434703826904,4.791416168212891,4.790321350097656,4.646070957183838,4.939310073852539,1.2087065629227072,0.8086557932632059,331776
Mirror Moderate Bi-Maxwellian,ion,152500,20.12152777777778,2.0174083709716797,0.4956854617978771,2.017503499984741,1.968860387802124,2.0679445266723633,4.7908124923706055,4.7897491455078125,4.646086692810059,4.938028812408447,1.2087328614076434,0.8086755095640363,331776
Mirror Moderate Bi-Maxwellian,ion,153000,20.1875,2.0174241065979004,0.4956815955205166,2.0179171562194824,1.9692178964614868,2.0678462982177734,4.790273666381836,4.7892937660217285,4.645035743713379,4.937354564666748,1.2087563403773787,0.8086677662205217,331776
Mirror Moderate Bi-Maxwellian,ion,153500,20.25347222222222,2.0174543857574463,0.4956741560352818,2.0176315307617188,1.9691909551620483,2.0677924156188965,4.78969669342041,4.788837432861328,4.645028114318848,4.937328338623047,1.208781487431907,0.8086728983255393,331776
Mirror Moderate Bi-Maxwellian,ion,154000,20.319444444444446,2.0174672603607178,0.4956709928572534,2.017946720123291,1.9690814018249512,2.067753314971924,4.789127349853516,4.788156509399414,4.644283771514893,4.936369895935059,1.20880630790296,0.8086609524577577,331776
Mirror Moderate Bi-Maxwellian,ion,154500,20.385416666666668,2.017474889755249,0.4956691184004355,2.0178165435791016,1.9689598083496094,2.068207025527954,4.788593292236328,4.787117004394531,4.643374919891357,4.9359450340271,1.2088295954516088,0.8086452943036402,331776
Mirror Moderate Bi-Maxwellian,ion,155000,20.45138888888889,2.017488479614258,0.4956657795593456,2.0179052352905273,1.9688637256622314,2.0681610107421875,4.7880401611328125,4.787017822265625,4.642475128173828,4.935948371887207,1.208853720175022,0.8086347594392358,331776
Mirror Moderate Bi-Maxwellian,ion,155500,20.51736111111111,2.0175085067749023,0.4956608592439368,2.017972946166992,1.9688893556594849,2.0678317546844482,4.787478923797607,4.78615140914917,4.642735481262207,4.935318470001221,1.2088782041481578,0.8086303026267445,331776
Mirror Moderate Bi-Maxwellian,ion,156000,20.583333333333336,2.0175282955169678,0.49565599759965784,2.017972469329834,1.9690769910812378,2.067995071411133,4.786927700042725,4.786425590515137,4.641604900360107,4.935354709625244,1.2089022568674006,0.8086260386495672,331776
Mirror Moderate Bi-Maxwellian,ion,156500,20.649305555555557,2.0175364017486572,0.49565400611025956,2.017833709716797,1.9688186645507812,2.068240165710449,4.786365509033203,4.785166263580322,4.640540599822998,4.934510707855225,1.2089267938507249,0.8086096078979323,331776
Mirror Moderate Bi-Maxwellian,ion,157000,20.71527777777778,2.0175633430480957,0.49564738745164716,2.017784595489502,1.9691057205200195,2.0678491592407227,4.785804271697998,4.784862518310547,4.640710830688477,4.933615207672119,1.208951294960753,0.8086120480873427,331776
Mirror Moderate Bi-Maxwellian,ion,157500,20.78125,2.017580270767212,0.495643228915862,2.017855167388916,1.9692354202270508,2.0680813789367676,4.785245895385742,4.784558296203613,4.640592575073242,4.933093070983887,1.208975676874676,0.8086045938925359,331776
Mirror Moderate Bi-Maxwellian,ion,158000,20.84722222222222,2.0175998210906982,0.49563842618671927,2.017829418182373,1.9690884351730347,2.0680959224700928,4.784683704376221,4.783840179443359,4.63864278793335,4.933329105377197,1.209000231109398,0.8085995899813003,331776
Mirror Moderate Bi-Maxwellian,ion,158500,20.913194444444446,2.017608165740967,0.49563637626969553,2.0178768634796143,1.969206690788269,2.0681309700012207,4.784142971038818,4.783163070678711,4.639016628265381,4.931645393371582,1.2090238536042042,0.8085843121367626,331776
Mirror Moderate Bi-Maxwellian,ion,159000,20.979166666666668,2.0176334381103516,0.4956301680530071,2.0180327892303467,1.9691858291625977,2.068122625350952,4.783563137054443,4.782894611358643,4.637674331665039,4.93149471282959,1.2090491901849896,0.808584247925362,331776
Mirror Moderate Bi-Maxwellian,ion,159500,21.04513888888889,2.017620801925659,0.49563327214191055,2.017887592315674,1.9690842628479004,2.067908763885498,4.783065319061279,4.782440185546875,4.6376214027404785,4.931283473968506,1.209070947874126,0.8085498540515332,331776
Mirror Moderate Bi-Maxwellian,ion,160000,21.11111111111111,2.0176753997802734,0.495619860414069,2.0182900428771973,1.9690738916397095,2.068131923675537,4.782441139221191,4.782103538513184,4.6371307373046875,4.929993629455566,1.2090982347485508,0.8085771650317226,331776
Mirror Moderate Bi-Maxwellian,ion,160500,21.177083333333336,2.0177013874053955,0.49561347692084456,2.018247604370117,1.9691822528839111,2.0682976245880127,4.781888008117676,4.781034469604492,4.636683940887451,4.929750442504883,1.2091224215837786,0.8085789658216169,331776
Mirror Moderate Bi-Maxwellian,ion,161000,21.243055555555557,2.017690420150757,0.4956161708520589,2.018087863922119,1.969133973121643,2.068264961242676,4.781383037567139,4.780677795410156,4.635551929473877,4.929714202880859,1.2091445073827047,0.8085459127680521,331776
Mirror Moderate Bi-Maxwellian,ion,161500,21.30902777777778,2.017735481262207,0.4956051024956174,2.018045425415039,1.9692941904067993,2.0681509971618652,4.780766487121582,4.780013084411621,4.635034084320068,4.9287309646606445,1.2091714796557826,0.8085640016064244,331776
Mirror Moderate Bi-Maxwellian,ion,162000,21.375,2.017760753631592,0.4955988950623542,2.0179526805877686,1.9693920612335205,2.068006753921509,4.78019905090332,4.779489517211914,4.635441303253174,4.927450180053711,1.2091963094739808,0.808564444157611,331776
Mirror Moderate Bi-Maxwellian,ion,162500,21.44097222222222,2.01775860786438,0.4955994221025339,2.0180094242095947,1.9691760540008545,2.068305730819702,4.779658317565918,4.778963088989258,4.634342193603516,4.927675724029541,1.2092199763160598,0.8085386315483201,331776
Mirror Moderate Bi-Maxwellian,ion,163000,21.506944444444446,2.017749071121216,0.4956017645168948,2.0181961059570312,1.9693849086761475,2.068115234375,4.779158592224121,4.777990341186523,4.633724212646484,4.927412986755371,1.2092418530799625,0.8085072180412534,331776
Mirror Moderate Bi-Maxwellian,ion,163500,21.572916666666668,2.0177807807922363,0.4955939760747312,2.018064022064209,1.9695205688476562,2.068049907684326,4.778578758239746,4.778002738952637,4.632439613342285,4.926945686340332,1.2092672425406175,0.8085135382516189,331776
Mirror Moderate Bi-Maxwellian,ion,164000,21.63888888888889,2.017784357070923,0.4955930976943594,2.0181007385253906,1.9693235158920288,2.068073034286499,4.778048992156982,4.777384281158447,4.632856369018555,4.9262919425964355,1.2092904450417876,0.8084939120291352,331776
Mirror Moderate Bi-Maxwellian,ion,164500,21.70486111111111,2.0178043842315674,0.4955881788218168,2.0181398391723633,1.9691152572631836,2.0686371326446533,4.777488708496094,4.776206970214844,4.631837368011475,4.925205707550049,1.2093149897396178,0.8084893944919496,331776
Mirror Moderate Bi-Maxwellian,ion,165000,21.770833333333336,2.017815589904785,0.49558542663811367,2.018333911895752,1.9692256450653076,2.0684502124786377,4.7769598960876465,4.776004791259766,4.630420207977295,4.926192283630371,1.2093381610381542,0.808477428866631,331776
Mirror Moderate Bi-Maxwellian,ion,165500,21.836805555555557,2.0178382396698,0.4955798638069425,2.0183913707733154,1.969177007675171,2.068445920944214,4.776382923126221,4.775933265686035,4.630698204040527,4.92478084564209,1.2093634484702251,0.8084747911995747,331776
Mirror Moderate Bi-Maxwellian,ion,166000,21.90277777777778,2.017853260040283,0.49557617484040273,2.0180840492248535,1.9693148136138916,2.0684120655059814,4.775847434997559,4.775049209594727,4.629662036895752,4.924785614013672,1.2093869231818355,0.8084663368584477,331776
Mirror Moderate Bi-Maxwellian,ion,166500,21.96875,2.017857551574707,0.49557512086005,2.018144369125366,1.9694137573242188,2.0684242248535156,4.775308609008789,4.774879455566406,4.629610538482666,4.924190521240234,1.20941054953254,0.808447002042167,331776
Mirror Moderate Bi-Maxwellian,ion,167000,22.03472222222222,2.017857551574707,0.49557512086005,2.01828670501709,1.9693278074264526,2.0682156085968018,4.774784088134766,4.773750305175781,4.629270076751709,4.923588752746582,1.2094335537569076,0.8084239978177994,331776
Mirror Moderate Bi-Maxwellian,ion,167500,22.100694444444446,2.0178654193878174,0.4955731885743804,2.01820969581604,1.969302773475647,2.0684640407562256,4.774262428283691,4.773303985595703,4.6287522315979,4.922818183898926,1.2094564375170913,0.8084089818707261,331776
Mirror Moderate Bi-Maxwellian,ion,168000,22.166666666666668,2.017874002456665,0.4955710806435624,2.018291711807251,1.9692881107330322,2.0685527324676514,4.773725986480713,4.772885322570801,4.627976894378662,4.922155857086182,1.2094799749361442,0.8083940275205208,331776
Mirror Moderate Bi-Maxwellian,ion,168500,22.23263888888889,2.017890214920044,0.49556709904538765,2.0182480812072754,1.9694123268127441,2.0682995319366455,4.7731733322143555,4.771909713745117,4.628184795379639,4.921245574951172,1.2095042292411542,0.8083859856788898,331776
Mirror Moderate Bi-Maxwellian,ion,169000,22.29861111111111,2.0178818702697754,0.49556914838939886,2.018336534500122,1.969346046447754,2.068416118621826,4.772655010223389,4.77192497253418,4.626223564147949,4.92185115814209,1.2095269819121484,0.808354888357627,331776
Mirror Moderate Bi-Maxwellian,ion,169500,22.364583333333336,2.017909526824951,0.49556235634282114,2.0181639194488525,1.9692083597183228,2.0685067176818848,4.772096633911133,4.77095890045166,4.6254472732543945,4.92159366607666,1.2095514983694737,0.8083580284554774,331776
Mirror Moderate Bi-Maxwellian,ion,170000,22.430555555555557,2.0179059505462646,0.49556323461422536,2.0183324813842773,1.969419002532959,2.068427562713623,4.771583080291748,4.771074295043945,4.625576972961426,4.920881271362305,1.2095740518760616,0.808331898670203,331776
Mirror Moderate Bi-Maxwellian,ion,170500,22.49652777777778,2.0179319381713867,0.4955568525795681,2.0182366371154785,1.9693915843963623,2.0684311389923096,4.770998477935791,4.770715713500977,4.625115394592285,4.919836044311523,1.2095997315079123,0.8083322066634744,331776
Mirror Moderate Bi-Maxwellian,ion,171000,22.5625,2.017946243286133,0.4955533396031135,2.018402576446533,1.9694424867630005,2.0684332847595215,4.770473003387451,4.770062446594238,4.624303340911865,4.919341564178467,1.209622819223568,0.8083234240625647,331776
Mirror Moderate Bi-Maxwellian,ion,171500,22.62847222222222,2.0179500579833984,0.495552402817804,2.018369674682617,1.9695180654525757,2.0683343410491943,4.769933223724365,4.768561363220215,4.624261379241943,4.918657302856445,1.2096465407579018,0.8083035172254966,331776
Mirror Moderate Bi-Maxwellian,ion,172000,22.694444444444446,2.0179593563079834,0.4955501194184502,2.0182721614837646,1.9692344665527344,2.0684940814971924,4.769405841827393,4.769035339355469,4.62362813949585,4.918292999267578,1.20966972263716,0.8082896336708234,331776
Mirror Moderate Bi-Maxwellian,ion,172500,22.760416666666668,2.017972469329834,0.49554689927563716,2.018368721008301,1.9694225788116455,2.068603038787842,4.76884651184082,4.767740249633789,4.622982978820801,4.917699337005615,1.209694314446281,0.8082781548835529,331776
Mirror Moderate Bi-Maxwellian,ion,173000,22.82638888888889,2.017969846725464,0.49554754330085177,2.018256187438965,1.96951425075531,2.06839919090271,4.768339157104492,4.767097473144531,4.622492790222168,4.917462348937988,1.2097166260730572,0.8082532206524067,331776
Mirror Moderate Bi-Maxwellian,ion,173500,22.89236111111111,2.017977714538574,0.49554561123022983,2.0182347297668457,1.9694582223892212,2.068537712097168,4.767805576324463,4.766948223114014,4.621746063232422,4.9170708656311035,1.209740096149413,0.8082376183891613,331776
Mirror Moderate Bi-Maxwellian,ion,174000,22.958333333333336,2.0180013179779053,0.49553981510875744,2.0183963775634766,1.969503402709961,2.0683956146240234,4.767241954803467,4.766262054443359,4.62070369720459,4.916121006011963,1.2097648933032235,0.8082364246746818,331776
Mirror Moderate Bi-Maxwellian,ion,174500,23.024305555555557,2.0180044174194336,0.4955390540119686,2.018406867980957,1.9695358276367188,2.06835675239563,4.766735076904297,4.765928268432617,4.620161533355713,4.9163007736206055,1.2097871989666853,0.8082172184527483,331776
Mirror Moderate Bi-Maxwellian,ion,175000,23.09027777777778,2.018014669418335,0.4955365365546308,2.0183510780334473,1.9692872762680054,2.0687170028686523,4.7661871910095215,4.765469551086426,4.619482040405273,4.91607141494751,1.2098113145632015,0.8082033548551335,331776
Mirror Moderate Bi-Maxwellian,ion,175500,23.15625,2.018019437789917,0.4955353656529564,2.018218755722046,1.969779372215271,2.0682735443115234,4.7656755447387695,4.764500617980957,4.620011329650879,4.914457321166992,1.209833840053166,0.8081855977367509,331776
Mirror Moderate Bi-Maxwellian,ion,176000,23.22222222222222,2.0180325508117676,0.4955321457018833,2.018493890762329,1.9693716764450073,2.068693161010742,4.765130043029785,4.764660835266113,4.618825912475586,4.914201736450195,1.2098578613741622,0.8081746894376054,331776
Mirror Moderate Bi-Maxwellian,ion,176500,23.288194444444446,2.0180439949035645,0.4955293355969609,2.0183279514312744,1.969627022743225,2.0686874389648438,4.764594078063965,4.763892650604248,4.618326187133789,4.913864612579346,1.209881468099028,0.8081625268045365,331776
Mirror Moderate Bi-Maxwellian,ion,177000,23.354166666666668,2.0180435180664062,0.49552945268402965,2.0183210372924805,1.9694185256958008,2.06850528717041,4.764074802398682,4.763507843017578,4.6176886558532715,4.912939071655273,1.209904344805104,0.8081391732613024,331776
Mirror Moderate Bi-Maxwellian,ion,177500,23.42013888888889,2.018064260482788,0.49552435944768514,2.018228054046631,1.9693387746810913,2.068683624267578,4.763526439666748,4.762792110443115,4.617619037628174,4.912782192230225,1.209928508357342,0.8081357521254462,331776
Mirror Moderate Bi-Maxwellian,ion,178000,23.48611111111111,2.0180563926696777,0.49552629135259424,2.0184333324432373,1.9694870710372925,2.0686817169189453,4.763017654418945,4.762332916259766,4.616013526916504,4.912830352783203,1.2099509329074685,0.8081054597622093,331776
Mirror Moderate Bi-Maxwellian,ion,178500,23.552083333333336,2.018059015274048,0.49552564738261745,2.018219470977783,1.9695789813995361,2.0685689449310303,4.762486934661865,4.761475563049316,4.616094589233398,4.9123382568359375,1.2099743293198135,0.8080846859542343,331776
Mirror Moderate Bi-Maxwellian,ion,179000,23.618055555555557,2.0180697441101074,0.49552301297741436,2.018444538116455,1.9695335626602173,2.0687575340270996,4.761970043182373,4.761127948760986,4.615288734436035,4.911012649536133,1.209997121135124,0.8080726229749835,331776
Mirror Moderate Bi-Maxwellian,ion,179500,23.68402777777778,2.0180680751800537,0.4955234227719395,2.018430233001709,1.9697638750076294,2.0685274600982666,4.761436939239502,4.760903358459473,4.615083694458008,4.910660743713379,1.2100206330065815,0.8080474421734722,331776
Mirror Moderate Bi-Maxwellian,ion,180000,23.75,2.0180718898773193,0.49552248609973504,2.0183708667755127,1.969594120979309,2.0683696269989014,4.760911464691162,4.760074138641357,4.61427640914917,4.910245895385742,1.2100438135462932,0.8080280763310261,331776
Mirror Moderate Bi-Maxwellian,ion,180500,23.81597222222222,2.018077850341797,0.49552102255650465,2.0185117721557617,1.969496488571167,2.068830728530884,4.76039457321167,4.759640216827393,4.613600730895996,4.909546375274658,1.2100666204493498,0.8080112298924471,331776
Mirror Moderate Bi-Maxwellian,ion,181000,23.881944444444446,2.01809024810791,0.4955179784142778,2.018515110015869,1.9697954654693604,2.0685575008392334,4.7598700523376465,4.758393287658691,4.613187789916992,4.90941858291626,1.2100897690492378,0.8080004790586723,331776
Mirror Moderate Bi-Maxwellian,ion,181500,23.947916666666668,2.0180857181549072,0.49551909069267813,2.0183303356170654,1.969605803489685,2.0684714317321777,4.759339332580566,4.758398056030273,4.612655162811279,4.908830165863037,1.2101131964166525,0.8079725217382547,331776
Mirror Moderate Bi-Maxwellian,ion,182000,24.01388888888889,2.018085479736328,0.49551914923378493,2.018371343612671,1.9697372913360596,2.0684921741485596,4.758846282958984,4.7576141357421875,4.613211154937744,4.907884120941162,1.210134965607297,0.8079505141290311,331776
Mirror Moderate Bi-Maxwellian,ion,182500,24.07986111111111,2.0180721282958984,0.4955224275578398,2.0185508728027344,1.9696197509765625,2.0685510635375977,4.758341312408447,4.756955623626709,4.6120405197143555,4.9077348709106445,1.2101572658086284,0.8079148624872701,331776
Mirror Moderate Bi-Maxwellian,ion,183000,24.145833333333336,2.018089532852173,0.4955181540368512,2.01826548576355,1.9695727825164795,2.068549394607544,4.757798671722412,4.75715446472168,4.611227512359619,4.906938552856445,1.2101812348520373,0.8079082980001355,331776
Mirror Moderate Bi-Maxwellian,ion,183500,24.211805555555557,2.0180904865264893,0.49551791987344773,2.018352508544922,1.969721794128418,2.068727970123291,4.757284164428711,4.756903648376465,4.611137866973877,4.906734943389893,1.2102039662623532,0.8078865202641361,331776
Mirror Moderate Bi-Maxwellian,ion,184000,24.27777777777778,2.0180904865264893,0.49551791987344773,2.0185084342956543,1.9696345329284668,2.068610429763794,4.75676155090332,4.7558112144470215,4.610659599304199,4.906230926513672,1.2102270608477521,0.8078634256787371,331776
Mirror Moderate Bi-Maxwellian,ion,184500,24.34375,2.0180747509002686,0.49552178359790555,2.0184011459350586,1.9697238206863403,2.068620443344116,4.756270885467529,4.755283832550049,4.609822750091553,4.905514717102051,1.21024874824843,0.8078260026518385,331776
Mirror Moderate Bi-Maxwellian,ion,185000,24.40972222222222,2.0180838108062744,0.4955195590219195,2.0183959007263184,1.9694554805755615,2.0687503814697266,4.755744457244873,4.755105972290039,4.608781337738037,4.9057769775390625,1.2102720213397098,0.8078117894665646,331776
Mirror Moderate Bi-Maxwellian,ion,185500,24.475694444444446,2.018073558807373,0.4955220763067591,2.0183448791503906,1.9697847366333008,2.068310022354126,4.755244731903076,4.754453659057617,4.609116554260254,4.904834747314453,1.2102941186793124,0.8077794401280607,331776
Mirror Moderate Bi-Maxwellian,ion,186000,24.541666666666668,2.0180866718292236,0.49551885652838945,2.018336772918701,1.9695526361465454,2.06864070892334,4.754702568054199,4.754286766052246,4.607649803161621,4.904592990875244,1.2103180978593235,0.8077685739699001,331776
Mirror Moderate Bi-Maxwellian,ion,186500,24.60763888888889,2.018075704574585,0.4955215494310717,2.018550395965576,1.9693336486816406,2.0688273906707764,4.754220485687256,4.753417015075684,4.6076178550720215,4.904234886169434,1.2103394243095233,0.8077362802650616,331776
Mirror Moderate Bi-Maxwellian,ion,187000,24.67361111111111,2.0180912017822266,0.49551774425104034,2.0185208320617676,1.9696041345596313,2.0683627128601074,4.7536821365356445,4.752479553222656,4.606507301330566,4.903354167938232,1.2103632450125859,0.8077279567696407,331776
Mirror Moderate Bi-Maxwellian,ion,187500,24.739583333333336,2.0180883407592773,0.4955184467414167,2.018444776535034,1.9697312116622925,2.0685172080993652,4.753187656402588,4.7525224685668945,4.605737686157227,4.903306484222412,1.2103851293674448,0.8077032113918325,331776
Mirror Moderate Bi-Maxwellian,ion,188000,24.805555555555557,2.0180742740631104,0.49552190068140545,2.018434524536133,1.9695982933044434,2.068655252456665,4.752691268920898,4.751993656158447,4.606085777282715,4.902370929718018,1.2104071027165733,0.8076671713465371,331776
Mirror Moderate Bi-Maxwellian,ion,188500,24.87152777777778,2.0180907249450684,0.4955178613326314,2.018463134765625,1.9694302082061768,2.0687150955200195,4.752145290374756,4.7513275146484375,4.604547023773193,4.902222633361816,1.2104312765911118,0.8076594483539565,331776
Mirror Moderate Bi-Maxwellian,ion,189000,24.9375,2.018073320388794,0.4955221348485713,2.018368721008301,1.9696786403656006,2.068502187728882,4.75167989730835,4.7505388259887695,4.6057047843933105,4.9011735916137695,1.210451886829848,0.807621433558946,331776
Mirror Moderate Bi-Maxwellian,ion,189500,25.00347222222222,2.0180845260620117,0.4955193833983503,2.018324851989746,1.9696321487426758,2.068732976913452,4.7511420249938965,4.750210762023926,4.604125022888184,4.900844097137451,1.2104757118897713,0.8076088141722404,331776
Mirror Moderate Bi-Maxwellian,ion,190000,25.069444444444446,2.018066167831421,0.4955238911093697,2.018432378768921,1.9695889949798584,2.068460464477539,4.750649929046631,4.749329566955566,4.604061126708984,4.900854110717773,1.2104975140108212,0.8075686538205997,331776
Mirror Moderate Bi-Maxwellian,ion,190500,25.135416666666668,2.0180656909942627,0.49552400819386555,2.0183351039886475,1.9696342945098877,2.068751811981201,4.750148296356201,4.750033855438232,4.602888584136963,4.900111198425293,1.210519743302981,0.8075459476912816,331776
Mirror Moderate Bi-Maxwellian,ion,191000,25.20138888888889,2.018085479736328,0.49551914923378493,2.018582582473755,1.9694983959197998,2.068549871444702,4.749602794647217,4.748790264129639,4.602560997009277,4.899769306182861,1.2105439219311132,0.807541557805215,331776
Mirror Moderate Bi-Maxwellian,ion,191500,25.26736111111111,2.0180561542510986,0.4955263498954024,2.018418788909912,1.969586730003357,2.068704128265381,4.749145984649658,4.74825382232666,4.601983070373535,4.899415493011475,1.2105641736919084,0.8074919805591902,331776
Mirror Moderate Bi-Maxwellian,ion,192000,25.333333333333336,2.018057107925415,0.49552611572425276,2.018167734146118,1.969544768333435,2.068593978881836,4.748637676239014,4.748236656188965,4.601761341094971,4.898969650268555,1.210586713112215,0.8074703948132,331776
Mirror Moderate Bi-Maxwellian,ion,192500,25.399305555555557,2.018075466156006,0.4955216079727594,2.018404483795166,1.9695067405700684,2.068608522415161,4.748101711273193,4.747227668762207,4.601090908050537,4.897998809814453,1.21061048410689,0.8074649820491158,331776
Mirror Moderate Bi-Maxwellian,ion,193000,25.46527777777778,2.0180535316467285,0.49552699386720506,2.0184836387634277,1.9694626331329346,2.068441390991211,4.747605800628662,4.74667501449585,4.600526809692383,4.898097038269043,1.2106324834019673,0.8074210482447612,331776
Mirror Moderate Bi-Maxwellian,ion,193500,25.53125,2.018052577972412,0.4955272280391847,2.0184130668640137,1.9696552753448486,2.068476676940918,4.747102737426758,4.746397018432617,4.599978446960449,4.8972368240356445,1.210654804690843,0.8073977732815691,331776
Mirror Moderate Bi-Maxwellian,ion,194000,25.59722222222222,2.018033981323242,0.495531794437025,2.0184237957000732,1.96953547000885,2.0685276985168457,4.746617794036865,4.745609283447266,4.5994648933410645,4.896879196166992,1.2106763264689842,0.807357654854258,331776
Mirror Moderate Bi-Maxwellian,ion,194500,25.663194444444446,2.018052577972412,0.4955272280391847,2.0184035301208496,1.9697564840316772,2.0684046745300293,4.746096611022949,4.744951248168945,4.598712921142578,4.896062850952148,1.2106994614642843,0.8073531165081278,331776
Mirror Moderate Bi-Maxwellian,ion,195000,25.729166666666668,2.0180442333221436,0.49552927705344724,2.018338203430176,1.9695971012115479,2.068697214126587,4.74560546875,4.744578838348389,4.598412990570068,4.895872116088867,1.2107212676201256,0.807322965702018,331776
Mirror Moderate Bi-Maxwellian,ion,195500,25.79513888888889,2.018043041229248,0.49552956977115376,2.018367290496826,1.9696285724639893,2.068484306335449,4.745079040527344,4.743698596954346,4.59849739074707,4.894679069519043,1.2107446454440651,0.8072983957851829,331776
Mirror Moderate Bi-Maxwellian,ion,196000,25.86111111111111,2.018033504486084,0.4955319115252558,2.018588066101074,1.969527006149292,2.068695068359375,4.7445969581604,4.744074821472168,4.597190856933594,4.895853519439697,1.2107660584910305,0.8072674459950535,331776
Mirror Moderate Bi-Maxwellian,ion,196500,25.927083333333336,2.0180318355560303,0.4955323213344992,2.018400192260742,1.9694838523864746,2.0684611797332764,4.7441020011901855,4.743051052093506,4.596695899963379,4.894915580749512,1.2107880479275368,0.8072437876284935,331776
Mirror Moderate Bi-Maxwellian,ion,197000,25.993055555555557,2.018037796020508,0.4955308577331709,2.018467903137207,1.9692480564117432,2.0685982704162598,4.743583679199219,4.742859840393066,4.596038818359375,4.894235134124756,1.2108110803199352,0.8072267157005726,331776
Mirror Moderate Bi-Maxwellian,ion,197500,26.05902777777778,2.0180234909057617,0.49553437039088377,2.018371343612671,1.9694267511367798,2.068565845489502,4.743113040924072,4.74239444732666,4.596030235290527,4.8940205574035645,1.2108319981775462,0.8071914927282156,331776
Mirror Moderate Bi-Maxwellian,ion,198000,26.125,2.0180318355560303,0.4955323213344992,2.018421173095703,1.9696152210235596,2.0685513019561768,4.742578506469727,4.741911888122559,4.595160007476807,4.892444610595703,1.2108557609823054,0.8071760745737249,331776
Mirror Moderate Bi-Maxwellian,ion,198500,26.19097222222222,2.018009901046753,0.49553770746183873,2.018507719039917,1.9696142673492432,2.068540096282959,4.742098808288574,4.741656303405762,4.594839572906494,4.892205238342285,1.2108770905937534,0.8071328104529996,331776
Mirror Moderate Bi-Maxwellian,ion,199000,26.256944444444446,2.0179991722106934,0.49554034202328845,2.018264055252075,1.9694937467575073,2.0683414936065674,4.741608142852783,4.740354537963867,4.594179153442383,4.8922929763793945,1.2108989123252076,0.8071002598854857,331776
Mirror Moderate Bi-Maxwellian,ion,199500,26.32291666666667,2.0180160999298096,0.4955361852835475,2.018338203430176,1.9696000814437866,2.0684738159179688,4.74107027053833,4.740455627441406,4.593334197998047,4.89205265045166,1.2109228387130515,0.8070932612167581,331776
Mirror Moderate Bi-Maxwellian,ion,200000,26.38888888888889,2.018000364303589,0.4955400492928551,2.0184364318847656,1.9694136381149292,2.068343162536621,4.740604400634766,4.73951530456543,4.592889785766602,4.891143798828125,1.2109435665768906,0.8070567977266982,331776
Mirror Moderate Bi-Maxwellian,ion,200500,26.454861111111114,2.017988920211792,0.4955428595192921,2.0182876586914062,1.9693617820739746,2.0685434341430664,4.7400970458984375,4.739371299743652,4.592174530029297,4.890511989593506,1.2109661448525175,0.8070227753592745,331776
Mirror Moderate Bi-Maxwellian,ion,201000,26.520833333333332,2.017972230911255,0.49554695782331476,2.018242835998535,1.9695558547973633,2.0684986114501953,4.739628314971924,4.739295959472656,4.592319488525391,4.890315055847168,1.2109870085890742,0.8069852223221807,331776
Mirror Moderate Bi-Maxwellian,ion,201500,26.586805555555557,2.017951250076294,0.4955521100731211,2.0180959701538086,1.969494104385376,2.068483829498291,4.739161014556885,4.738832473754883,4.591361999511719,4.890258312225342,1.2110078127601875,0.8069434373161064,331776
Mirror Moderate Bi-Maxwellian,ion,202000,26.652777777777775,2.0179457664489746,0.4955534567015262,2.018223762512207,1.9693940877914429,2.068470001220703,4.738653182983398,4.7382001876831055,4.590731143951416,4.889970779418945,1.2110304260271718,0.8069153404218028,331776
Mirror Moderate Bi-Maxwellian,ion,202500,26.71875,2.017935276031494,0.49555603288060707,2.0184497833251953,1.9694831371307373,2.068678379058838,4.738184928894043,4.737843990325928,4.590469837188721,4.888930320739746,1.2110512812410243,0.8068839947904698,331776
Mirror Moderate Bi-Maxwellian,ion,203000,26.78472222222222,2.017918825149536,0.49556007285173914,2.0181751251220703,1.9693238735198975,2.0684926509857178,4.737710952758789,4.7362565994262695,4.590554237365723,4.888462066650391,1.2110723955030849,0.8068464296464513,331776
Mirror Moderate Bi-Maxwellian,ion,203500,26.850694444444446,2.017930030822754,0.4955573209801919,2.018310308456421,1.969541311264038,2.068366527557373,4.737191200256348,4.73728084564209,4.589922904968262,4.887806415557861,1.2110955538264714,0.8068344769962825,331776
Mirror Moderate Bi-Maxwellian,ion,204000,26.91666666666667,2.0179083347320557,0.49556264909960995,2.018301010131836,1.9695788621902466,2.0682213306427,4.736717224121094,4.735953330993652,4.589255332946777,4.887383460998535,1.2111166769482533,0.8067916577838024,331776
Mirror Moderate Bi-Maxwellian,ion,204500,26.98263888888889,2.0178937911987305,0.4955662207602857,2.018181800842285,1.9693715572357178,2.0682969093322754,4.736239433288574,4.73518705368042,4.588691234588623,4.886518478393555,1.2111379743539818,0.8067558168447486,331776
Mirror Moderate Bi-Maxwellian,ion,205000,27.048611111111114,2.017894744873047,0.495565986551451,2.0182945728302,1.9694483280181885,2.0682523250579834,4.735742092132568,4.734597206115723,4.588610649108887,4.886135101318359,1.211160147775211,0.8067345970978359,331776
Mirror Moderate Bi-Maxwellian,ion,205500,27.114583333333332,2.0178866386413574,0.4955679773336027,2.018308162689209,1.9694983959197998,2.0684587955474854,4.7352399826049805,4.7340803146362305,4.587333679199219,4.886829376220703,1.2111825385141037,0.8067041001272537,331776
Mirror Moderate Bi-Maxwellian,ion,206000,27.180555555555557,2.017876625061035,0.495570436557167,2.0182292461395264,1.9693477153778076,2.068358898162842,4.734774589538574,4.734546661376953,4.587277889251709,4.885336399078369,1.211203296184255,0.8066733288767802,331776
Mirror Moderate Bi-Maxwellian,ion,206500,27.246527777777775,2.0178511142730713,0.49557670183226027,2.0183043479919434,1.9693796634674072,2.0681605339050293,4.734315395355225,4.734383583068848,4.586492538452148,4.885109901428223,1.2112237813689148,0.8066273329041564,331776
Mirror Moderate Bi-Maxwellian,ion,207000,27.3125,2.01784086227417,0.49557921969771623,2.0183234214782715,1.9693704843521118,2.0682854652404785,4.733826637268066,4.733211517333984,4.585752487182617,4.88535213470459,1.2112455897998642,0.8065952724743057,331776
Mirror Moderate Bi-Maxwellian,ion,207500,27.37847222222222,2.0178143978118896,0.49558571942216106,2.018097400665283,1.969459056854248,2.0683579444885254,4.7333478927612305,4.732520580291748,4.585136413574219,4.8845720291137695,1.2112669557902795,0.8065474420216101,331776
Mirror Moderate Bi-Maxwellian,ion,208000,27.444444444444446,2.0178186893463135,0.49558466540120955,2.018266201019287,1.9695637226104736,2.068310260772705,4.732860565185547,4.732386589050293,4.585047721862793,4.884510040283203,1.211288709275718,0.8065299800705954,331776
Mirror Moderate Bi-Maxwellian,ion,208500,27.51041666666667,2.0177853107452393,0.49559286346011944,2.0181403160095215,1.9694201946258545,2.068419933319092,4.7324018478393555,4.731667518615723,4.584627151489258,4.884078025817871,1.211309189741899,0.8064761210033402,331776
Mirror Moderate Bi-Maxwellian,ion,209000,27.57638888888889,2.0177664756774902,0.49559748962735517,2.0180201530456543,1.9694440364837646,2.068268060684204,4.731949806213379,4.731574058532715,4.583757400512695,4.883140563964844,1.2113293760400692,0.806437099637421,331776
Mirror Moderate Bi-Maxwellian,ion,209500,27.642361111111114,2.0177385807037354,0.49560434119826646,2.0182223320007324,1.969335675239563,2.0682106018066406,4.731473445892334,4.731192588806152,4.583551406860352,4.882436275482178,1.2113506524839863,0.806387928219749,331776
Mirror Moderate Bi-Maxwellian,ion,210000,27.708333333333332,2.0177361965179443,0.4956049268114057,2.018141269683838,1.9692232608795166,2.068118095397949,4.730990886688232,4.730574607849121,4.583110332489014,4.882620811462402,1.2113722101671636,0.8063639863507808,331776
Mirror Moderate Bi-Maxwellian,ion,210500,27.774305555555557,2.017716407775879,0.49560978745387524,2.0181386470794678,1.9692940711975098,2.0682737827301025,4.730520725250244,4.72969913482666,4.582076549530029,4.882096767425537,1.2113932182269638,0.8063231895489151,331776
Mirror Moderate Bi-Maxwellian,ion,211000,27.840277777777775,2.017686605453491,0.4956171078784765,2.0179638862609863,1.969166874885559,2.0682435035705566,4.730062484741211,4.729327201843262,4.58194637298584,4.8814191818237305,1.2114136976468952,0.806272907806596,331776
Mirror Moderate Bi-Maxwellian,ion,211500,27.90625,2.0176737308502197,0.4956202703687944,2.018235445022583,1.9690454006195068,2.0681533813476562,4.729575157165527,4.729063034057617,4.58099365234375,4.881267547607422,1.2114354813634693,0.8062382494867504,331776
Mirror Moderate Bi-Maxwellian,ion,212000,27.97222222222222,2.0176517963409424,0.4956256584082163,2.0180587768554688,1.9690892696380615,2.0682106018066406,4.7291107177734375,4.728386878967285,4.5813069343566895,4.880310535430908,1.2114562461482865,0.8061955501926559,331776
Mirror Moderate Bi-Maxwellian,ion,212500,28.038194444444446,2.017639398574829,0.4956287038736236,2.017794132232666,1.9691640138626099,2.0681698322296143,4.728653907775879,4.728055000305176,4.580370903015137,4.880139350891113,1.2114766738068063,0.8061627247680228,331776
Mirror Moderate Bi-Maxwellian,ion,213000,28.10416666666667,2.0176005363464355,0.4956382504788814,2.018009662628174,1.9693325757980347,2.0679845809936523,4.728200912475586,4.727541923522949,4.580028057098389,4.879604816436768,1.211496934777338,0.8061036015690974,331776
Mirror Moderate Bi-Maxwellian,ion,213500,28.17013888888889,2.0175890922546387,0.49564106181923717,2.0178112983703613,1.9689165353775024,2.068269729614258,4.727722644805908,4.727102279663086,4.578764915466309,4.87988805770874,1.2115183303103971,0.8060707619442415,331776
Mirror Moderate Bi-Maxwellian,ion,214000,28.236111111111114,2.0175886154174805,0.4956411789591108,2.017948627471924,1.9688868522644043,2.068185806274414,4.727229118347168,4.726409912109375,4.5785932540893555,4.878960132598877,1.211540412991372,0.8060482024261084,331776
Mirror Moderate Bi-Maxwellian,ion,214500,28.302083333333332,2.0175607204437256,0.49564803173808236,2.017954111099243,1.9691174030303955,2.06790828704834,4.726772308349609,4.725598335266113,4.578334808349609,4.878974437713623,1.2115608569157328,0.8059998635279928,331776
Mirror Moderate Bi-Maxwellian,ion,215000,28.368055555555557,2.0175466537475586,0.49565148748482074,2.0179407596588135,1.9689360857009888,2.0681164264678955,4.726314544677734,4.726023197174072,4.578163146972656,4.877992153167725,1.211581347484816,0.8059653062627425,331776
Mirror Moderate Bi-Maxwellian,ion,215500,28.434027777777775,2.01753568649292,0.4956541818292686,2.01792573928833,1.9690121412277222,2.067868232727051,4.725838661193848,4.72485876083374,4.57769250869751,4.877536773681641,1.2116026533473274,0.8059330331455925,331776
Mirror Moderate Bi-Maxwellian,ion,216000,28.5,2.0175180435180664,0.49565851627093277,2.017827272415161,1.9690272808074951,2.0680325031280518,4.725369453430176,4.724686622619629,4.577347755432129,4.8773040771484375,1.2116236645314777,0.8058943789865887,331776
Mirror Moderate Bi-Maxwellian,ion,216500,28.56597222222222,2.017483711242676,0.4956669510774125,2.0178608894348145,1.9690501689910889,2.068040370941162,4.724913597106934,4.723878860473633,4.576691627502441,4.876880645751953,1.2116440818330096,0.8058396294096661,331776
Mirror Moderate Bi-Maxwellian,ion,217000,28.631944444444446,2.0174643993377686,0.4956716957822152,2.017904281616211,1.9691730737686157,2.0678658485412598,4.724462985992432,4.723679542541504,4.576722621917725,4.875951290130615,1.211664268079759,0.8058001312580096,331776
Mirror Moderate Bi-Maxwellian,ion,217500,28.69791666666667,2.0174717903137207,0.49566987989680794,2.0178253650665283,1.9689691066741943,2.0679609775543213,4.723958492279053,4.723208427429199,4.575328826904297,4.876129627227783,1.2116868727010246,0.8057849176126961,331776
Mirror Moderate Bi-Maxwellian,ion,218000,28.76388888888889,2.0174317359924316,0.49567972098350666,2.0177764892578125,1.96903657913208,2.0678701400756836,4.723508834838867,4.722671031951904,4.574800491333008,4.875575542449951,1.2117070243680645,0.8057247116243671,331776
Mirror Moderate Bi-Maxwellian,ion,218500,28.829861111111114,2.0174155235290527,0.49568370439160003,2.0179102420806885,1.9688563346862793,2.0681283473968506,4.723048210144043,4.722154140472412,4.574477195739746,4.875002861022949,1.2117276715177765,0.8056878520112762,331776
Mirror Moderate Bi-Maxwellian,ion,219000,28.895833333333332,2.0173850059509277,0.4956912027452259,2.0176515579223633,1.9688701629638672,2.067930221557617,4.722609043121338,4.722269058227539,4.574532508850098,4.874292373657227,1.21174736059436,0.8056376453565677,331776
Mirror Moderate Bi-Maxwellian,ion,219500,28.961805555555557,2.017359733581543,0.4956974124910476,2.017838478088379,1.9691827297210693,2.067687511444092,4.722143173217773,4.720921993255615,4.573619842529297,4.874490261077881,1.2117682508382264,0.8055914827433166,331776
Mirror Moderate Bi-Maxwellian,ion,220000,29.027777777777775,2.017371654510498,0.49569448334627436,2.0177102088928223,1.9688951969146729,2.067572832107544,4.721639633178711,4.721251487731934,4.5732293128967285,4.873549461364746,1.2117908348983377,0.8055808196121603,331776
Mirror Moderate Bi-Maxwellian,ion,220500,29.09375,2.017331838607788,0.4957042668250977,2.017752170562744,1.9689087867736816,2.0679516792297363,4.721198081970215,4.720376968383789,4.572538375854492,4.8732380867004395,1.2118106426881134,0.8055211959196746,331776
Mirror Moderate Bi-Maxwellian,ion,221000,29.15972222222222,2.0173089504241943,0.49570989103564067,2.0176565647125244,1.9689362049102783,2.06758975982666,4.7207441329956055,4.719714641571045,4.572075843811035,4.8722968101501465,1.2118310104990668,0.8054779399251275,331776
Mirror Moderate Bi-Maxwellian,ion,221500,29.225694444444446,2.0173020362854004,0.49571159004100845,2.0175580978393555,1.9689799547195435,2.0676932334899902,4.720261096954346,4.719921112060547,4.571146011352539,4.872888565063477,1.2118526876924731,0.8054493485929273,331776
Mirror Moderate Bi-Maxwellian,ion,222000,29.29166666666667,2.017265796661377,0.4957204953630919,2.017648696899414,1.9688217639923096,2.067796468734741,4.71982479095459,4.718888759613037,4.570900917053223,4.872262001037598,1.2118722715971304,0.8053935250642466,331776
Mirror Moderate Bi-Maxwellian,ion,222500,29.35763888888889,2.017258405685425,0.4957223116193781,2.0175886154174805,1.968915343284607,2.067645788192749,4.719366073608398,4.718513011932373,4.571053981781006,4.871730804443359,1.211892865355835,0.8053655403295898,331776
Mirror Moderate Bi-Maxwellian,ion,223000,29.423611111111114,2.0172202587127686,0.4957316860569908,2.0175621509552,1.9688646793365479,2.0675899982452393,4.718929767608643,4.718566417694092,4.570350646972656,4.870588779449463,1.2119124566896782,0.8053078020230904,331776
Mirror Moderate Bi-Maxwellian,ion,223500,29.489583333333332,2.0171897411346436,0.4957391858623635,2.017667770385742,1.968640685081482,2.0677223205566406,4.718479156494141,4.718140602111816,4.569634914398193,4.871142864227295,1.2119326941655935,0.8052570469690501,331776
Mirror Moderate Bi-Maxwellian,ion,224000,29.555555555555557,2.0171780586242676,0.4957420569416705,2.0175728797912598,1.968980073928833,2.067538022994995,4.718012809753418,4.717296600341797,4.568780422210693,4.871054649353027,1.2119536424175719,0.8052244162066957,331776
Mirror Moderate Bi-Maxwellian,ion,224500,29.621527777777775,2.01713228225708,0.4957533072055369,2.017537832260132,1.9688143730163574,2.067418098449707,4.717601776123047,4.716898441314697,4.569028854370117,4.869517803192139,1.2119721094436686,0.8051601728134115,331776
Mirror Moderate Bi-Maxwellian,ion,225000,29.6875,2.0171124935150146,0.4957581707589361,2.0173840522766113,1.9687178134918213,2.0673205852508545,4.717126369476318,4.716434478759766,4.569076061248779,4.869168281555176,1.2119934726512356,0.8051190208637791,331776
Mirror Moderate Bi-Maxwellian,ion,225500,29.75347222222222,2.0170793533325195,0.4957663159596815,2.0172994136810303,1.9685485363006592,2.0677201747894287,4.716673851013184,4.715707778930664,4.567943096160889,4.869550704956055,1.2120138113397836,0.805065541992736,331776
Mirror Moderate Bi-Maxwellian,ion,226000,29.819444444444446,2.0170516967773438,0.49577311359828125,2.01743745803833,1.9686322212219238,2.067444086074829,4.716239929199219,4.715304374694824,4.567673683166504,4.8684539794921875,1.2120333178574723,0.8050183789198715,331776
Mirror Moderate Bi-Maxwellian,ion,226500,29.88541666666667,2.0170342922210693,0.49577739151814026,2.0174264907836914,1.9687423706054688,2.0673532485961914,4.715774059295654,4.715178966522217,4.566450595855713,4.8681159019470215,1.2120542645652874,0.8049800276557819,331776
Mirror Moderate Bi-Maxwellian,ion,227000,29.95138888888889,2.0169990062713623,0.49578606478770987,2.017364978790283,1.9685286283493042,2.0673582553863525,4.715343952178955,4.714811325073242,4.566275596618652,4.868041038513184,1.2120736069609304,0.8049253993104319,331776
Mirror Moderate Bi-Maxwellian,ion,227500,30.017361111111114,2.016962766647339,0.49579497278585494,2.017470359802246,1.9686552286148071,2.067229747772217,4.714896202087402,4.714564323425293,4.566131114959717,4.8671722412109375,1.2120937465298334,0.8048690201175055,331776
Mirror Moderate Bi-Maxwellian,ion,228000,30.083333333333332,2.0169625282287598,0.4957950313921658,2.0172982215881348,1.9685065746307373,2.0673255920410156,4.714426517486572,4.713702201843262,4.565402030944824,4.867103576660156,1.2121148768128718,0.804847651415888,331776
Mirror Moderate Bi-Maxwellian,ion,228500,30.149305555555557,2.016939878463745,0.49580059905487917,2.017439126968384,1.9684758186340332,2.0673880577087402,4.713978290557861,4.713240623474121,4.565143585205078,4.866840362548828,1.2121350456795714,0.8048048327841737,331776
Mirror Moderate Bi-Maxwellian,ion,229000,30.215277777777775,2.016902446746826,0.4958098006241975,2.0174965858459473,1.9686412811279297,2.067305326461792,4.713545799255371,4.713046550750732,4.5641374588012695,4.866336822509766,1.212154510126533,0.8047479366202932,331776
Mirror Moderate Bi-Maxwellian,ion,229500,30.28125,2.016871213912964,0.49581747862813913,2.0175702571868896,1.968554139137268,2.067157745361328,4.713094234466553,4.712480545043945,4.564562797546387,4.865766525268555,1.2121748367955525,0.8046963771174114,331776
Mirror Moderate Bi-Maxwellian,ion,230000,30.34722222222222,2.016841173171997,0.4958248638028571,2.017094373703003,1.9684580564498901,2.06719970703125,4.712655544281006,4.712238311767578,4.563642501831055,4.865352630615234,1.2121945876595075,0.8046465855124896,331776
Mirror Moderate Bi-Maxwellian,ion,230500,30.413194444444446,2.016813039779663,0.4958317802770901,2.017138957977295,1.9684829711914062,2.067218542098999,4.7122321128845215,4.7116804122924805,4.563251495361328,4.864748954772949,1.2122136550247022,0.8045993847549608,331776
Mirror Moderate Bi-Maxwellian,ion,231000,30.47916666666667,2.016792058944702,0.4958369384512827,2.0171995162963867,1.9685429334640503,2.0671215057373047,4.711760520935059,4.710843086242676,4.562874794006348,4.864433288574219,1.2122348951218658,0.8045571638228364,331776
Mirror Moderate Bi-Maxwellian,ion,231500,30.54513888888889,2.016766309738159,0.4958432690844741,2.0169572830200195,1.9683961868286133,2.0670523643493652,4.7113037109375,4.710755348205566,4.561699867248535,4.8646063804626465,1.2122554735069309,0.8045108362312283,331776
Mirror Moderate Bi-Maxwellian,ion,232000,30.611111111111114,2.0167150497436523,0.49585587221512106,2.0171303749084473,1.9685206413269043,2.0670642852783203,4.710920333862305,4.710448741912842,4.561808109283447,4.862960338592529,1.2122727469645274,0.804442302779125,331776
Mirror Moderate Bi-Maxwellian,ion,232500,30.677083333333332,2.0166971683502197,0.49586026880677403,2.0170235633850098,1.9680243730545044,2.067204475402832,4.7104644775390625,4.7099504470825195,4.560836315155029,4.863616466522217,1.2122932897102412,0.8044038786399785,331776
Mirror Moderate Bi-Maxwellian,ion,233000,30.743055555555557,2.016659736633301,0.4958694725910695,2.0170040130615234,1.9682097434997559,2.0668370723724365,4.710041522979736,4.709431171417236,4.561333656311035,4.862428665161133,1.2123123533245128,0.804347383308788,331776
Mirror Moderate Bi-Maxwellian,ion,233500,30.809027777777775,2.0166194438934326,0.49587938023116895,2.0171046257019043,1.9682615995407104,2.0670297145843506,4.7096123695373535,4.709375858306885,4.560426712036133,4.862633228302002,1.2123316998375886,0.804287744055844,331776
Mirror Moderate Bi-Maxwellian,ion,234000,30.875,2.0165963172912598,0.4958850670436728,2.016892671585083,1.968043327331543,2.066995620727539,4.709145545959473,4.7084455490112305,4.55951452255249,4.862025260925293,1.212352748548623,0.8042435687426368,331776
Mirror Moderate Bi-Maxwellian,ion,234500,30.94097222222222,2.0165598392486572,0.49589403722955544,2.016984462738037,1.967999815940857,2.067089080810547,4.708724021911621,4.707991123199463,4.559826374053955,4.861324310302734,1.212371758324886,0.8041880809237711,331776
Mirror Moderate Bi-Maxwellian,ion,235000,31.006944444444446,2.0165374279022217,0.49589954848509177,2.0168275833129883,1.968078374862671,2.0667781829833984,4.708280086517334,4.707998275756836,4.559077262878418,4.86128044128418,1.2123917824820167,0.804145645420205,331776
Mirror Moderate Bi-Maxwellian,ion,235500,31.07291666666667,2.0164947509765625,0.49591004366151353,2.0167160034179688,1.9680910110473633,2.066831111907959,4.70786714553833,4.7076873779296875,4.558116912841797,4.861266613006592,1.2124104119946768,0.8040843389818857,331776
Mirror Moderate Bi-Maxwellian,ion,236000,31.13888888888889,2.016462802886963,0.49591790067652297,2.0168566703796387,1.96812105178833,2.0668201446533203,4.707434177398682,4.706984519958496,4.55866003036499,4.860089302062988,1.2124299485272034,0.8040328543597595,331776
Mirror Moderate Bi-Maxwellian,ion,236500,31.204861111111114,2.016418218612671,0.4959288657330306,2.016777276992798,1.9680860042572021,2.066740036010742,4.7070207595825195,4.7067718505859375,4.557198524475098,4.859882354736328,1.2124486062578346,0.8039696123548363,331776
Mirror Moderate Bi-Maxwellian,ion,237000,31.270833333333332,2.016395092010498,0.49593455368061057,2.016571521759033,1.9679535627365112,2.066802501678467,4.706578254699707,4.705608367919922,4.55736780166626,4.859900951385498,1.2124685803325292,0.8039265116779688,331776
Mirror Moderate Bi-Maxwellian,ion,237500,31.336805555555557,2.0163586139678955,0.49594352565695043,2.016981601715088,1.9678683280944824,2.0667362213134766,4.706142902374268,4.705240726470947,4.556982040405273,4.858948707580566,1.21248823521604,0.8038703787518555,331776
Mirror Moderate Bi-Maxwellian,ion,238000,31.402777777777775,2.016291618347168,0.4959600044460526,2.01655650138855,1.968010425567627,2.0665721893310547,4.705751419067383,4.704748630523682,4.556088924407959,4.859196186065674,1.2125059126472486,0.8037857056999194,331776
Mirror Moderate Bi-Maxwellian,ion,238500,31.46875,2.016279935836792,0.49596287808368344,2.0165481567382812,1.9678993225097656,2.0666518211364746,4.705308437347412,4.704805850982666,4.555993556976318,4.858241081237793,1.2125259190370405,0.8037540167997514,331776
Mirror Moderate Bi-Maxwellian,ion,239000,31.53472222222222,2.01623272895813,0.4959744902646933,2.0164198875427246,1.967800498008728,2.0666282176971436,4.704890727996826,4.704256534576416,4.555244445800781,4.858706474304199,1.2125447875015292,0.8036879414566007,331776
Mirror Moderate Bi-Maxwellian,ion,239500,31.600694444444446,2.016190767288208,0.4959848126598693,2.016554832458496,1.967651128768921,2.0668530464172363,4.704486846923828,4.704195022583008,4.555077075958252,4.857694149017334,1.2125630345111669,0.8036277327770411,331776
Mirror Moderate Bi-Maxwellian,ion,240000,31.66666666666667,2.0161547660827637,0.49599366914818965,2.0165200233459473,1.9679354429244995,2.066603183746338,4.704071998596191,4.703714370727539,4.554523468017578,4.8578948974609375,1.2125817802742866,0.803572985808477,331776
Mirror Moderate Bi-Maxwellian,ion,240500,31.73263888888889,2.016117811203003,0.4960027605744464,2.016537666320801,1.9675604104995728,2.0665969848632812,4.70363712310791,4.703198432922363,4.554269313812256,4.856661796569824,1.212601434555235,0.803516376647768,331776
Mirror Moderate Bi-Maxwellian,ion,241000,31.798611111111114,2.016092538833618,0.49600897812881933,2.016482353210449,1.967577338218689,2.0665552616119385,4.703188896179199,4.702180862426758,4.553386688232422,4.855617523193359,1.212621696060812,0.8034708427728061,331776
Mirror Moderate Bi-Maxwellian,ion,241500,31.864583333333332,2.016063690185547,0.4960160757163211,2.01631760597229,1.9676120281219482,2.0666158199310303,4.702762126922607,4.701848030090332,4.553186416625977,4.8565263748168945,1.2126409911900817,0.8034226989954651,331776
Mirror Moderate Bi-Maxwellian,ion,242000,31.930555555555557,2.01603364944458,0.496023466808454,2.016437292098999,1.9676371812820435,2.066319227218628,4.702310085296631,4.701447010040283,4.552450180053711,4.856536865234375,1.2126614327555385,0.8033722166890416,331776
Mirror Moderate Bi-Maxwellian,ion,242500,31.996527777777775,2.0159876346588135,0.4960347885116073,2.0163023471832275,1.9675217866897583,2.0665271282196045,4.701901912689209,4.701227188110352,4.552196502685547,4.855548858642578,1.212679893917238,0.8033077407415754,331776
Mirror Moderate Bi-Maxwellian,ion,243000,32.0625,2.0159404277801514,0.496046404060237,2.0164244174957275,1.967379093170166,2.0663435459136963,4.701519966125488,4.700778007507324,4.552244186401367,4.854813098907471,1.2126971718093325,0.8032432559708189,331776
Mirror Moderate Bi-Maxwellian,ion,243500,32.12847222222222,2.015899658203125,0.4960564361082096,2.016336679458618,1.967455506324768,2.0662920475006104,4.701097011566162,4.699997901916504,4.551424026489258,4.854614734649658,1.2127163080318677,0.8031833501712573,331776
Mirror Moderate Bi-Maxwellian,ion,244000,32.19444444444444,2.0158815383911133,0.4960608949264478,2.016247510910034,1.9675328731536865,2.065948486328125,4.7006306648254395,4.700030326843262,4.551346778869629,4.8545637130737305,1.2127374114888338,0.8031441269022794,331776
Mirror Moderate Bi-Maxwellian,ion,244500,32.26041666666667,2.0158350467681885,0.49607233568203524,2.016268014907837,1.9673655033111572,2.0660600662231445,4.700228691101074,4.699117183685303,4.550353527069092,4.853359222412109,1.2127556052524202,0.8030794415157683,331776
Mirror Moderate Bi-Maxwellian,ion,245000,32.326388888888886,2.0158116817474365,0.49607808559435224,2.0161776542663574,1.967341661453247,2.0663576126098633,4.6998090744018555,4.699256896972656,4.549816608428955,4.853200912475586,1.212774600876158,0.8030370808712786,331776
Mirror Moderate Bi-Maxwellian,ion,245500,32.392361111111114,2.015747547149658,0.49609386920204224,2.0161025524139404,1.9672788381576538,2.0661988258361816,4.6994147300720215,4.698887825012207,4.54940938949585,4.8529791831970215,1.2127924555372611,0.8029550916123971,331776
Mirror Moderate Bi-Maxwellian,ion,246000,32.458333333333336,2.015733480453491,0.4960973311685155,2.0159873962402344,1.9672881364822388,2.06620192527771,4.698949337005615,4.698163986206055,4.549406051635742,4.852767467498779,1.212813530915242,0.8029199495382493,331776
Mirror Moderate Bi-Maxwellian,ion,246500,32.52430555555556,2.0156543254852295,0.4961168129655711,2.016021251678467,1.9675674438476562,2.0656816959381104,4.698613166809082,4.6982340812683105,4.548971176147461,4.8518829345703125,1.212828757017918,0.8028255684673116,331776
Mirror Moderate Bi-Maxwellian,ion,247000,32.59027777777778,2.0156474113464355,0.4961185147614723,2.016005039215088,1.9672813415527344,2.066135883331299,4.698136806488037,4.697810173034668,4.547671318054199,4.852115631103516,1.2128503364608325,0.802797074885603,331776
Mirror Moderate Bi-Maxwellian,ion,247500,32.65625,2.015597105026245,0.4961308971452303,2.0159006118774414,1.9672465324401855,2.065962314605713,4.697731971740723,4.697347164154053,4.547723770141602,4.851895332336426,1.2128686791872152,0.8027284258390299,331776
Mirror Moderate Bi-Maxwellian,ion,248000,32.72222222222222,2.015530824661255,0.4961472123196466,2.0159802436828613,1.9669969081878662,2.066028356552124,4.6973772048950195,4.696415424346924,4.547711372375488,4.8511199951171875,1.2128847559778517,0.8026460686834032,331776
Mirror Moderate Bi-Maxwellian,ion,248500,32.78819444444444,2.0155134201049805,0.4961514966980045,2.0159926414489746,1.967156171798706,2.06587553024292,4.696922302246094,4.696005821228027,4.546719074249268,4.851122856140137,1.2129053741259026,0.8026080459790779,331776
Mirror Moderate Bi-Maxwellian,ion,249000,32.85416666666667,2.0154876708984375,0.4961578353660845,2.0157456398010254,1.9671576023101807,2.0656402111053467,4.696473598480225,4.695592403411865,4.5461320877075195,4.850808143615723,1.2129257152267607,0.8025619556716768,331776
Mirror Moderate Bi-Maxwellian,ion,249500,32.920138888888886,2.0154192447662354,0.4961746805766897,2.0156946182250977,1.9669060707092285,2.0656914710998535,4.696125507354736,4.696002960205078,4.545228958129883,4.850127220153809,1.2129414979292763,0.802477746836959,331776
Mirror Moderate Bi-Maxwellian,ion,250000,32.986111111111114,2.0154025554656982,0.496178789338158,2.015453338623047,1.9672341346740723,2.065739154815674,4.6956706047058105,4.695533275604248,4.545403480529785,4.849316596984863,1.2129621270703785,0.8024404283953197,331776
Mirror Moderate Bi-Maxwellian,ion,250500,33.052083333333336,2.015371322631836,0.4961864787746005,2.0157389640808105,1.9670796394348145,2.065805673599243,4.695247173309326,4.695051670074463,4.545034408569336,4.84910774230957,1.2129813326302852,0.8023899900015508,331776
Mirror Moderate Bi-Maxwellian,ion,251000,33.11805555555556,2.0152883529663086,0.49620690683201596,2.0157103538513184,1.9668805599212646,2.0657193660736084,4.6948957443237305,4.694979190826416,4.544613838195801,4.8490400314331055,1.212997275010639,0.8022910779556696,331776
Mirror Moderate Bi-Maxwellian,ion,251500,33.18402777777778,2.0152502059936523,0.49621629960679425,2.0154178142547607,1.966671347618103,2.0655784606933594,4.6944732666015625,4.693880081176758,4.5443115234375,4.849099636077881,1.2130164436369073,0.802233762356745,331776
Mirror Moderate Bi-Maxwellian,ion,252000,33.25,2.0151946544647217,0.49622997847104805,2.015547513961792,1.966719388961792,2.065598726272583,4.694065093994141,4.693326950073242,4.543397426605225,4.848825931549072,1.213034966489804,0.8021596879749178,331776
Mirror Moderate Bi-Maxwellian,ion,252500,33.31597222222222,2.0151631832122803,0.49623772820518947,2.0156383514404297,1.9666368961334229,2.065713882446289,4.693660259246826,4.693012237548828,4.543279647827148,4.847330093383789,1.2130533410529518,0.8021098421593285,331776
Mirror Moderate Bi-Maxwellian,ion,253000,33.38194444444444,2.0151212215423584,0.4962480615605882,2.0154881477355957,1.9667134284973145,2.0656380653381348,4.693243503570557,4.692821979522705,4.542996406555176,4.8472514152526855,1.213072259992309,0.8020489615500495,331776
Mirror Moderate Bi-Maxwellian,ion,253500,33.44791666666667,2.0150954723358154,0.4962544026962858,2.0154409408569336,1.966842532157898,2.065333843231201,4.692824363708496,4.6920671463012695,4.542452335357666,4.847195148468018,1.2130912905527433,0.8020041817830721,331776
Mirror Moderate Bi-Maxwellian,ion,254000,33.513888888888886,2.0150413513183594,0.49626773135238184,2.0152697563171387,1.9667341709136963,2.0651867389678955,4.692419052124023,4.691815376281738,4.541772842407227,4.847078323364258,1.2131096964895645,0.8019316548287949,331776
Mirror Moderate Bi-Maxwellian,ion,254500,33.579861111111114,2.014995574951172,0.49627900548825393,2.0152900218963623,1.9667985439300537,2.06536865234375,4.692038059234619,4.691357612609863,4.541324138641357,4.8464579582214355,1.213127000969622,0.8018685739815499,331776
Mirror Moderate Bi-Maxwellian,ion,255000,33.645833333333336,2.014953374862671,0.4962893992860529,2.015308380126953,1.966408610343933,2.0652356147766113,4.691633224487305,4.690914630889893,4.54150915145874,4.845748424530029,1.2131453914130892,0.8018079834495817,331776
Mirror Moderate Bi-Maxwellian,ion,255500,33.71180555555556,2.01491117477417,0.4962997935192252,2.015397071838379,1.966530442237854,2.0652248859405518,4.69121789932251,4.690701484680176,4.541476249694824,4.845730304718018,1.2131642617036436,0.8017469130705264,331776
Mirror Moderate Bi-Maxwellian,ion,256000,33.77777777777778,2.014836072921753,0.49631829280775214,2.015198230743408,1.9665794372558594,2.065136194229126,4.6908745765686035,4.690470218658447,4.540331840515137,4.84548282623291,1.2131798630888795,0.8016562098328734,331776
Mirror Moderate Bi-Maxwellian,ion,256500,33.84375,2.0147953033447266,0.496328335856212,2.015124797821045,1.9661648273468018,2.0652785301208496,4.690463542938232,4.690235137939453,4.539792060852051,4.845076084136963,1.2131985444179731,0.8015967589267534,331776
Mirror Moderate Bi-Maxwellian,ion,257000,33.90972222222222,2.0147528648376465,0.49633879045536555,2.014958381652832,1.9662854671478271,2.065350294113159,4.6900482177734375,4.689684867858887,4.539134979248047,4.844629287719727,1.2132174241216527,0.8015354407159938,331776
Mirror Moderate Bi-Maxwellian,ion,257500,33.97569444444444,2.0146851539611816,0.4963554717390188,2.0150251388549805,1.966363787651062,2.064727783203125,4.6896796226501465,4.688881874084473,4.53969669342041,4.843752384185791,1.2132341823885398,0.8014509715726419,331776
Mirror Moderate Bi-Maxwellian,ion,258000,34.04166666666667,2.0146543979644775,0.4963630491712912,2.015017509460449,1.9662895202636719,2.065159559249878,4.689252853393555,4.688665390014648,4.538792133331299,4.843762397766113,1.2132535888475948,0.8014008091168827,331776
Mirror Moderate Bi-Maxwellian,ion,258500,34.107638888888886,2.01460599899292,0.49637497381616524,2.0148093700408936,1.966009497642517,2.0649969577789307,4.688859462738037,4.688521385192871,4.537824630737305,4.844217300415039,1.213271480612058,0.801334518380862,331776
Mirror Moderate Bi-Maxwellian,ion,259000,34.173611111111114,2.014549732208252,0.49638883767036535,2.0148539543151855,1.9661784172058105,2.0648202896118164,4.688471794128418,4.687926769256592,4.537879467010498,4.8432393074035645,1.2132891150699348,0.8012606171383172,331776
Mirror Moderate Bi-Maxwellian,ion,259500,34.239583333333336,2.0144872665405273,0.4964042298054814,2.014802932739258,1.966280460357666,2.0648581981658936,4.688101768493652,4.68743896484375,4.537938117980957,4.842544078826904,1.2133059496959924,0.801181316844535,331776
Mirror Moderate Bi-Maxwellian,ion,260000,34.30555555555556,2.0144433975219727,0.4964150401198316,2.0149240493774414,1.9662357568740845,2.064725160598755,4.687706470489502,4.6875410079956055,4.537814617156982,4.841883659362793,1.213323937045823,0.8011194604761496,331776
Mirror Moderate Bi-Maxwellian,ion,260500,34.37152777777778,2.014375925064087,0.4964316677723326,2.0148308277130127,1.9659960269927979,2.0648458003997803,4.687338352203369,4.68668794631958,4.536721706390381,4.842093467712402,1.2133406903578727,0.8010352347062142,331776
Mirror Moderate Bi-Maxwellian,ion,261000,34.4375,2.014343023300171,0.49643977636026654,2.0146822929382324,1.9660077095031738,2.0645933151245117,4.686923503875732,4.686798572540283,4.536273002624512,4.841498851776123,1.2133595735396738,0.8009834497604971,331776
Mirror Moderate Bi-Maxwellian,ion,261500,34.50347222222222,2.01428484916687,0.49645411393210387,2.014577865600586,1.9657915830612183,2.064697265625,4.686549186706543,4.685854911804199,4.535646438598633,4.841583728790283,1.2133766146819738,0.8009082344848963,331776
Mirror Moderate Bi-Maxwellian,ion,262000,34.56944444444444,2.0142035484313965,0.49647415266385125,2.0146431922912598,1.9656662940979004,2.0646562576293945,4.686184883117676,4.68629264831543,4.535313129425049,4.841176986694336,1.2133932025606957,0.8008103458707008,331776
Mirror Moderate Bi-Maxwellian,ion,262500,34.63541666666667,2.014188528060913,0.4964778550112753,2.01456618309021,1.9657427072525024,2.0645177364349365,4.685758590698242,4.68520975112915,4.534426212310791,4.840704917907715,1.2134126162592143,0.8007759118016988,331776
Mirror Moderate Bi-Maxwellian,ion,263000,34.701388888888886,2.014148473739624,0.49648772820770387,2.014496326446533,1.9659721851348877,2.0644755363464355,4.685349941253662,4.6851654052734375,4.534881591796875,4.839941024780273,1.2134312297989058,0.8007172439407182,331776
Mirror Moderate Bi-Maxwellian,ion,263500,34.767361111111114,2.0140655040740967,0.49650818107811173,2.0144429206848145,1.9655275344848633,2.0646114349365234,4.6850104331970215,4.684109687805176,4.53475284576416,4.840121269226074,1.213446696492756,0.8006188075813407,331776
Mirror Moderate Bi-Maxwellian,ion,264000,34.833333333333336,2.0140156745910645,0.49652046536482136,2.0144476890563965,1.9658411741256714,2.064298152923584,4.684628486633301,4.684321403503418,4.533870220184326,4.839747428894043,1.2134640992030232,0.8005515753880412,331776
Mirror Moderate Bi-Maxwellian,ion,264500,34.89930555555556,2.013969898223877,0.49653175098689484,2.0144267082214355,1.9657196998596191,2.064542293548584,4.684223175048828,4.683750152587891,4.533135414123535,4.83890962600708,1.2134825696022855,0.8004873286215914,331776
Mirror Moderate Bi-Maxwellian,ion,265000,34.96527777777778,2.0139129161834717,0.49654579995200643,2.0142459869384766,1.9655451774597168,2.0641229152679443,4.683847904205322,4.682703018188477,4.532716751098633,4.839203357696533,1.2134996738690351,0.8004132423144366,331776
Mirror Moderate Bi-Maxwellian,ion,265500,35.03125,2.0138678550720215,0.4965569103660167,2.0143866539001465,1.9654515981674194,2.0642058849334717,4.683446884155273,4.68302059173584,4.532417297363281,4.837661266326904,1.2135179547745345,0.800349900297487,331776
Mirror Moderate Bi-Maxwellian,ion,266000,35.09722222222222,2.0137925148010254,0.49657548761859704,2.0139083862304688,1.9655604362487793,2.064019203186035,4.683094501495361,4.682997226715088,4.533146381378174,4.837567329406738,1.2135340210795853,0.8002584937214401,331776
Mirror Moderate Bi-Maxwellian,ion,266500,35.16319444444444,2.01373028755188,0.496590832536821,2.014150619506836,1.965428352355957,2.064091205596924,4.682733058929443,4.68255090713501,4.5318779945373535,4.837898254394531,1.2135505029681573,0.8001797845837226,331776
Mirror Moderate Bi-Maxwellian,ion,267000,35.22916666666667,2.0136847496032715,0.4966020625606944,2.014099597930908,1.9652760028839111,2.064065933227539,4.682331085205078,4.681440353393555,4.531344890594482,4.837303161621094,1.2135688360781949,0.8001159135250766,331776
Mirror Moderate Bi-Maxwellian,ion,267500,35.29513888888889,2.0136475563049316,0.49661123510363075,2.013965368270874,1.9653838872909546,2.063915967941284,4.681920051574707,4.681764602661133,4.530884742736816,4.837176322937012,1.2135875856452658,0.8000599706596658,331776
Mirror Moderate Bi-Maxwellian,ion,268000,35.361111111111114,2.013582706451416,0.49662722906590884,2.014023780822754,1.9653213024139404,2.063997268676758,4.681547164916992,4.681212425231934,4.530662536621094,4.836801528930664,1.2136045979615226,0.7999781084898934,331776
Mirror Moderate Bi-Maxwellian,ion,268500,35.427083333333336,2.0135247707366943,0.49664151866089384,2.0138297080993652,1.9653639793395996,2.0635855197906494,4.681198596954346,4.68082332611084,4.529791355133057,4.83615779876709,1.2136205032297955,0.7999042675068988,331776
Mirror Moderate Bi-Maxwellian,ion,269000,35.49305555555556,2.01347017288208,0.4966549857396698,2.013765811920166,1.965214490890503,2.063767910003662,4.680816650390625,4.680728435516357,4.5300703048706055,4.835712909698486,1.2136379342943389,0.7998322385877412,331776
Mirror Moderate Bi-Maxwellian,ion,269500,35.55902777777778,2.01340389251709,0.4966713354019762,2.013801097869873,1.9649016857147217,2.063849925994873,4.680441379547119,4.679876327514648,4.529890060424805,4.834870338439941,1.2136550634668477,0.7997488290502421,331776
Mirror Moderate Bi-Maxwellian,ion,270000,35.625,2.01334285736084,0.4966863921581816,2.0136852264404297,1.9650837182998657,2.0635828971862793,4.680079936981201,4.679319381713867,4.528502941131592,4.8360137939453125,1.2136715640470517,0.7996712933137882,331776
Mirror Moderate Bi-Maxwellian,ion,270500,35.69097222222222,2.013275623321533,0.49670297917290857,2.013683319091797,1.9649287462234497,2.063570499420166,4.679718494415283,4.679579257965088,4.52867317199707,4.835076332092285,1.2136880671761319,0.7995875561454013,331776
Mirror Moderate Bi-Maxwellian,ion,271000,35.75694444444444,2.013223171234131,0.49671592016646,2.013607978820801,1.9648780822753906,2.0635950565338135,4.6793341636657715,4.678380966186523,4.528322219848633,4.834728717803955,1.2137056181549992,0.7995175530791316,331776
Mirror Moderate Bi-Maxwellian,ion,271500,35.82291666666667,2.0131659507751465,0.496730038383056,2.0136053562164307,1.964907169342041,2.063310146331787,4.678966522216797,4.6788129806518555,4.527828216552734,4.834731578826904,1.2137224096927757,0.7994435410823708,331776
Mirror Moderate Bi-Maxwellian,ion,272000,35.88888888888889,2.013131856918335,0.49673845086867857,2.013420343399048,1.964784860610962,2.0634818077087402,4.678565979003906,4.67874813079834,4.527238845825195,4.834012508392334,1.213740706978959,0.799391149939376,331776
Mirror Moderate Bi-Maxwellian,ion,272500,35.954861111111114,2.0130486488342285,0.4967589832362509,2.013523578643799,1.9647384881973267,2.0632781982421875,4.678226470947266,4.677664279937744,4.526713848114014,4.833651065826416,1.2137562185606452,0.7992924302735833,331776
Mirror Moderate Bi-Maxwellian,ion,273000,36.020833333333336,2.012998580932617,0.49677133877397095,2.0133073329925537,1.964613437652588,2.063113212585449,4.677850723266602,4.677423000335693,4.526625633239746,4.833800315856934,1.2137733884978885,0.7992251924347287,331776
Mirror Moderate Bi-Maxwellian,ion,273500,36.08680555555556,2.0129358768463135,0.4967868134809688,2.013193368911743,1.9646689891815186,2.0634231567382812,4.677477836608887,4.677158355712891,4.52652645111084,4.8331732749938965,1.2137904304267078,0.7991454464196057,331776
Mirror Moderate Bi-Maxwellian,ion,274000,36.15277777777778,2.012881278991699,0.4968002884407192,2.0131921768188477,1.9646642208099365,2.0630996227264404,4.6770920753479,4.676572799682617,4.525511741638184,4.832821846008301,1.213808063619448,0.7990732153722513,331776
Mirror Moderate Bi-Maxwellian,ion,274500,36.21875,2.0128214359283447,0.49681505877782167,2.0134496688842773,1.9645112752914429,2.0631394386291504,4.676735877990723,4.675826549530029,4.5258073806762695,4.831921100616455,1.21382434802575,0.7989970879025947,331776
Mirror Moderate Bi-Maxwellian,ion,275000,36.28472222222222,2.012755870819092,0.49683124242636023,2.0129306316375732,1.9644875526428223,2.0631608963012695,4.676374435424805,4.675954818725586,4.525739669799805,4.831576824188232,1.2138408747650165,0.7989149960540753,331776
Mirror Moderate Bi-Maxwellian,ion,275500,36.35069444444444,2.0126829147338867,0.49684925165284577,2.013197422027588,1.964392066001892,2.0628583431243896,4.676013946533203,4.676169395446777,4.524540424346924,4.831139087677002,1.2138573604429475,0.7988255542909393,331776
Mirror Moderate Bi-Maxwellian,ion,276000,36.41666666666667,2.0126266479492188,0.4968631420134269,2.0128793716430664,1.964388132095337,2.0628576278686523,4.675631999969482,4.675641059875488,4.523954391479492,4.831234931945801,1.2138748301847808,0.7987518177644379,331776
Mirror Moderate Bi-Maxwellian,ion,276500,36.48263888888889,2.0125436782836914,0.4968836258265985,2.0128612518310547,1.9641284942626953,2.0629701614379883,4.675307750701904,4.674543380737305,4.524279594421387,4.830995559692383,1.2138896631670653,0.7986540151166261,331776
Mirror Moderate Bi-Maxwellian,ion,277000,36.548611111111114,2.012495994567871,0.4968953988972897,2.012955665588379,1.9640194177627563,2.0628485679626465,4.674914360046387,4.674462795257568,4.523345470428467,4.830409049987793,1.2139076618272164,0.7985883327406547,331776
Mirror Moderate Bi-Maxwellian,ion,277500,36.614583333333336,2.012409210205078,0.49691682731768716,2.0128495693206787,1.9642528295516968,2.0626425743103027,4.674595355987549,4.674078464508057,4.522973537445068,4.830660820007324,1.2139222593286347,0.7984869508764434,331776
Mirror Moderate Bi-Maxwellian,ion,278000,36.68055555555556,2.0123538970947266,0.49693048595662964,2.0127103328704834,1.9640034437179565,2.06246280670166,4.674230575561523,4.673679828643799,4.5224409103393555,4.8303375244140625,1.213938953980649,0.7984149431140775,331776
Mirror Moderate Bi-Maxwellian,ion,278500,36.74652777777778,2.01226806640625,0.496951681882981,2.0127062797546387,1.9640161991119385,2.0624899864196777,4.673905849456787,4.673530578613281,4.522771835327148,4.829038619995117,1.2139538176868117,0.7983142487194383,331776
Mirror Moderate Bi-Maxwellian,ion,279000,36.8125,2.0121891498565674,0.4969711719553213,2.012755870819092,1.9639859199523926,2.0622074604034424,4.673574447631836,4.673160552978516,4.521492004394531,4.829758167266846,1.213968989090719,0.7982201607658483,331776
Mirror Moderate Bi-Maxwellian,ion,279500,36.87847222222222,2.0121231079101562,0.4969874835534423,2.0125601291656494,1.9638093709945679,2.0625,4.673219680786133,4.672237396240234,4.521422863006592,4.829428195953369,1.213985232517847,0.7981378753923092,331776
Mirror Moderate Bi-Maxwellian,ion,280000,36.94444444444444,2.0120582580566406,0.4970035017603598,2.012359619140625,1.9639455080032349,2.0622096061706543,4.672868251800537,4.673025608062744,4.520078182220459,4.8292717933654785,1.2140013255487532,0.7980569325078875,331776
Mirror Moderate Bi-Maxwellian,ion,280500,37.01041666666667,2.011995553970337,0.49701899093497853,2.0124592781066895,1.963732123374939,2.0620806217193604,4.672493934631348,4.672671318054199,4.521090030670166,4.828287601470947,1.2140184693634917,0.7979770846068452,331776
Mirror Moderate Bi-Maxwellian,ion,281000,37.07638888888889,2.0119051933288574,0.4970413135349685,2.0122761726379395,1.9635467529296875,2.0621910095214844,4.672175407409668,4.671618938446045,4.520646572113037,4.8283891677856445,1.2140330601488305,0.7978721331800269,331776
Mirror Moderate Bi-Maxwellian,ion,281500,37.142361111111114,2.0118534564971924,0.4970540954514077,2.012190341949463,1.9634588956832886,2.0621957778930664,4.671790599822998,4.670927047729492,4.520328998565674,4.828159809112549,1.2140506896944157,0.7978027668027767,331776
Mirror Moderate Bi-Maxwellian,ion,282000,37.208333333333336,2.0117712020874023,0.497074418284945,2.0120773315429688,1.9635872840881348,2.061941146850586,4.671445369720459,4.671209812164307,4.519657611846924,4.827486038208008,1.2140665085118698,0.7977046935755325,331776
Mirror Moderate Bi-Maxwellian,ion,282500,37.27430555555556,2.0117123126983643,0.49708896927646323,2.0119729042053223,1.96341872215271,2.062025785446167,4.671084880828857,4.670339107513428,4.519668102264404,4.827154159545898,1.2140830289991553,0.7976292836992089,331776
Mirror Moderate Bi-Maxwellian,ion,283000,37.34027777777778,2.011629581451416,0.497109412796807,2.011808156967163,1.9634124040603638,2.061760425567627,4.6707587242126465,4.670116424560547,4.519071578979492,4.8270158767700195,1.2140979783040646,0.7975316031473514,331776
Mirror Moderate Bi-Maxwellian,ion,283500,37.40625,2.011563539505005,0.4971257334710266,2.0117616653442383,1.9633378982543945,2.0616912841796875,4.670396327972412,4.669922828674316,4.518455505371094,4.82684326171875,1.2141145910917022,0.7974489484133027,331776
Mirror Moderate Bi-Maxwellian,ion,284000,37.47222222222222,2.0114707946777344,0.49714865492750737,2.011855125427246,1.9632984399795532,2.061718463897705,4.670101642608643,4.669740676879883,4.5184197425842285,4.826285362243652,1.214128101811809,0.7973426928659253,331776
Mirror Moderate Bi-Maxwellian,ion,284500,37.53819444444444,2.0113985538482666,0.49716651037993975,2.0117831230163574,1.9629881381988525,2.061577320098877,4.669759750366211,4.669442653656006,4.517801284790039,4.826601982116699,1.2141437790073843,0.7972547748408823,331776
Mirror Moderate Bi-Maxwellian,ion,285000,37.60416666666667,2.0113332271575928,0.49718265799904054,2.011627197265625,1.9630634784698486,2.061586380004883,4.669397354125977,4.66927433013916,4.5181708335876465,4.825588226318359,1.214160398903807,0.7971728282537858,331776
Mirror Moderate Bi-Maxwellian,ion,285500,37.67013888888889,2.011253595352173,0.4972023430117965,2.0118114948272705,1.962833046913147,2.061502456665039,4.66906213760376,4.668370246887207,4.517207145690918,4.825282096862793,1.2141757746049653,0.7970778207472076,331776
Mirror Moderate Bi-Maxwellian,ion,286000,37.736111111111114,2.0111782550811768,0.49722096859069176,2.0115208625793457,1.9629020690917969,2.0614230632781982,4.668731689453125,4.6686692237854,4.517031669616699,4.824692726135254,1.214190933751675,0.7969873213295018,331776
Mirror Moderate Bi-Maxwellian,ion,286500,37.802083333333336,2.011113405227661,0.49723700185211506,2.011434555053711,1.962783694267273,2.061206579208374,4.668372631072998,4.668015480041504,4.516941070556641,4.824580192565918,1.214207407811436,0.7969059974162251,331776
Mirror Moderate Bi-Maxwellian,ion,287000,37.86805555555556,2.0110230445861816,0.4972593440398765,2.0114176273345947,1.9625682830810547,2.0612635612487793,4.66805362701416,4.667780876159668,4.5159993171691895,4.824954032897949,1.2142220462534903,0.7968009983326914,331776
Mirror Moderate Bi-Maxwellian,ion,287500,37.93402777777778,2.0109617710113525,0.4972744954256789,2.0113511085510254,1.9628794193267822,2.0611042976379395,4.66768217086792,4.667322158813477,4.515407562255859,4.823939323425293,1.2142390941356784,0.7967226768756741,331776
Mirror Moderate Bi-Maxwellian,ion,288000,38.0,2.0108754634857178,0.49729583863267546,2.011240005493164,1.9627094268798828,2.061065912246704,4.6673712730407715,4.667052745819092,4.515021324157715,4.824222564697266,1.214253364795748,0.7966220986899697,331776
Mirror Moderate Bi-Maxwellian,ion,288500,38.06597222222222,2.010800838470459,0.4973142943190051,2.0111541748046875,1.962630033493042,2.060950756072998,4.66705846786499,4.666450023651123,4.515531539916992,4.822977542877197,1.2142677249247027,0.7965331135457563,331776
Mirror Moderate Bi-Maxwellian,ion,289000,38.13194444444444,2.0106935501098633,0.49734083045392996,2.0110526084899902,1.9622974395751953,2.0611205101013184,4.66675329208374,4.665833473205566,4.514550685882568,4.823303699493408,1.2142817366618266,0.7964118134480367,331776
Mirror Moderate Bi-Maxwellian,ion,289500,38.19791666666667,2.010637044906616,0.4973548072901665,2.010831117630005,1.962532877922058,2.0606625080108643,4.666396141052246,4.6666579246521,4.514314651489258,4.823110580444336,1.2142981371004018,0.7963389078062144,331776
Mirror Moderate Bi-Maxwellian,ion,290000,38.26388888888889,2.0105350017547607,0.4973800501494463,2.0109944343566895,1.96222722530365,2.0606985092163086,4.666099548339844,4.665704250335693,4.5143818855285645,4.823083877563477,1.2143117585984189,0.7962232431563419,331776
Mirror Moderate Bi-Maxwellian,ion,290500,38.329861111111114,2.0104732513427734,0.4973953268625239,2.0107498168945312,1.9620754718780518,2.0608787536621094,4.665728569030762,4.66513729095459,4.51357364654541,4.822047710418701,1.2143287988584677,0.7961444524843058,331776
Mirror Moderate Bi-Maxwellian,ion,291000,38.395833333333336,2.0103843212127686,0.49741732933768,2.01076340675354,1.962208867073059,2.060643434524536,4.66542911529541,4.665081024169922,4.513263702392578,4.821813583374023,1.2143425556979406,0.796041765514828,331776
Mirror Moderate Bi-Maxwellian,ion,291500,38.46180555555556,2.010301113128662,0.49743791786678404,2.0107879638671875,1.962041974067688,2.0604827404022217,4.665097236633301,4.6649169921875,4.513180732727051,4.821743011474609,1.214357804194812,0.7959433089338501,331776
Mirror Moderate Bi-Maxwellian,ion,292000,38.52777777777778,2.010239839553833,0.49745308013691897,2.0106701850891113,1.9622341394424438,2.0602452754974365,4.664731979370117,4.664409637451172,4.51175594329834,4.822116851806641,1.2143745888129314,0.7958652507409016,331776
Mirror Moderate Bi-Maxwellian,ion,292500,38.59375,2.0101425647735596,0.49747715287679056,2.010244846343994,1.961739420890808,2.060330867767334,4.664445400238037,4.664402008056641,4.511824607849121,4.8212714195251465,1.2143877597857546,0.7957548049878049,331776
Mirror Moderate Bi-Maxwellian,ion,293000,38.65972222222222,2.010037422180176,0.4975031752967841,2.0102851390838623,1.9617295265197754,2.060070514678955,4.664166450500488,4.663525581359863,4.5117106437683105,4.820895195007324,1.2144005816715,0.7956368405086758,331776
Mirror Moderate Bi-Maxwellian,ion,293500,38.72569444444444,2.0099592208862305,0.49752253160592996,2.0102782249450684,1.961728572845459,2.060192108154297,4.663816452026367,4.66325569152832,4.5115838050842285,4.820579528808594,1.214416671472033,0.7955425494141974,331776
Mirror Moderate Bi-Maxwellian,ion,294000,38.79166666666667,2.0098891258239746,0.4975398827485271,2.0102434158325195,1.9616363048553467,2.0600905418395996,4.663482189178467,4.663311004638672,4.511872291564941,4.820110321044922,1.21443204014384,0.7954570856801346,331776
Mirror Moderate Bi-Maxwellian,ion,294500,38.85763888888889,2.00978684425354,0.4975652034240539,2.0102505683898926,1.9616286754608154,2.060009002685547,4.663197040557861,4.662771224975586,4.51108455657959,4.819619655609131,1.214445152392782,0.7953416918607581,331776
Mirror Moderate Bi-Maxwellian,ion,295000,38.923611111111114,2.0097262859344482,0.49758019636740586,2.0099823474884033,1.9616132974624634,2.059534788131714,4.662825584411621,4.662611484527588,4.510973930358887,4.8196330070495605,1.2144622358046413,0.7952640501298069,331776
Mirror Moderate Bi-Maxwellian,ion,295500,38.989583333333336,2.009634256362915,0.4976029826491037,2.010043144226074,1.961496114730835,2.059736490249634,4.662510871887207,4.6618452072143555,4.510879993438721,4.818417549133301,1.2144767116854438,0.7951575446774712,331776
Mirror Moderate Bi-Maxwellian,ion,296000,39.05555555555556,2.0095489025115967,0.49762411790535127,2.00981068611145,1.96140718460083,2.0596604347229004,4.662199020385742,4.661714553833008,4.509521484375,4.819457054138184,1.214491057895092,0.7950578446165046,331776
Mirror Moderate Bi-Maxwellian,ion,296500,39.12152777777778,2.0094406604766846,0.4976509232986146,2.009769916534424,1.9609906673431396,2.0598225593566895,4.661912441253662,4.661657333374023,4.5099873542785645,4.818440914154053,1.2145042431837445,0.7949364172929401,331776
Mirror Moderate Bi-Maxwellian,ion,297000,39.1875,2.009359121322632,0.4976711178148007,2.0099539756774902,1.960958480834961,2.059628963470459,4.661615371704102,4.661309719085693,4.509584903717041,4.818648338317871,1.2145179128398231,0.7948412084828087,331776
Mirror Moderate Bi-Maxwellian,ion,297500,39.25347222222222,2.0092592239379883,0.4976958612836822,2.0096139907836914,1.9610540866851807,2.059535503387451,4.661302089691162,4.661167144775391,4.508596897125244,4.818132400512695,1.2145323304000355,0.7947268935379528,331776
Mirror Moderate Bi-Maxwellian,ion,298000,39.31944444444444,2.00917911529541,0.4977157050793701,2.009580135345459,1.9608771800994873,2.059299945831299,4.661011695861816,4.660768032073975,4.5087432861328125,4.81888484954834,1.2145456963533967,0.7946334189420134,331776
Mirror Moderate Bi-Maxwellian,ion,298500,39.38541666666667,2.009079694747925,0.49774033484792546,2.009570837020874,1.9609088897705078,2.059319019317627,4.66070556640625,4.660131454467773,4.5077972412109375,4.818187713623047,1.2145597883736463,0.7945199063742785,331776
Mirror Moderate Bi-Maxwellian,ion,299000,39.45138888888889,2.0089917182922363,0.4977621315681978,2.009265661239624,1.9608489274978638,2.059175491333008,4.660383701324463,4.659905910491943,4.507453918457031,4.818039894104004,1.2145746067466083,0.794417111545628,331776
Mirror Moderate Bi-Maxwellian,ion,299500,39.517361111111114,2.008910655975342,0.4977822169570265,2.009261131286621,1.9605705738067627,2.059134006500244,4.660085201263428,4.659534454345703,4.507924556732178,4.817276954650879,1.2145883512449265,0.7943223047304153,331776
Mirror Moderate Bi-Maxwellian,ion,300000,39.583333333333336,2.0088183879852295,0.4978050808281196,2.0089964866638184,1.9606319665908813,2.058884620666504,4.659773349761963,4.659207344055176,4.507315635681152,4.816534519195557,1.2146027123939587,0.7942156755912708,331776
Mirror Moderate Bi-Maxwellian,ion,300500,39.64930555555556,2.0087194442749023,0.4978296012666792,2.0090818405151367,1.9607503414154053,2.058414936065674,4.659486293792725,4.659321308135986,4.507404804229736,4.815891265869141,1.214615933377072,0.7941035108978303,331776
Mirror Moderate Bi-Maxwellian,ion,301000,39.71527777777778,2.0086307525634766,0.49785158308652255,2.0089526176452637,1.9603525400161743,2.0587668418884277,4.6591644287109375,4.658296585083008,4.506425857543945,4.816291332244873,1.2146307595065222,0.7939999930569543,331776
Mirror Moderate Bi-Maxwellian,ion,301500,39.78125,2.0085229873657227,0.4978782947919105,2.0089564323425293,1.960068702697754,2.0586836338043213,4.658899307250977,4.657844066619873,4.506670951843262,4.815756797790527,1.2146429733829252,0.7938800139827975,331776
Mirror Moderate Bi-Maxwellian,ion,302000,39.84722222222222,2.0084328651428223,0.4979006355429703,2.0087640285491943,1.9603403806686401,2.0585744380950928,4.658565998077393,4.657840728759766,4.505875110626221,4.816418647766113,1.2146583305705454,0.7937745345722769,331776
Mirror Moderate Bi-Maxwellian,ion,302500,39.91319444444444,2.0083227157592773,0.4979279436282901,2.008841037750244,1.9601577520370483,2.0584828853607178,4.6583099365234375,4.657628059387207,4.5051589012146,4.815522193908691,1.2146701300743235,0.7936525856849539,331776
Mirror Moderate Bi-Maxwellian,ion,303000,39.97916666666667,2.0082387924194336,0.49794875179920517,2.0084035396575928,1.9601924419403076,2.0583691596984863,4.65799617767334,4.6584062576293945,4.505756378173828,4.814906597137451,1.2146845900804277,0.7935542023390059,331776
Mirror Moderate Bi-Maxwellian,ion,303500,40.04513888888889,2.0081236362457275,0.49797730675066526,2.0086350440979004,1.959871530532837,2.058147430419922,4.657712936401367,4.657132148742676,4.505624294281006,4.81512451171875,1.214697645315303,0.7934259909304244,331776
Mirror Moderate Bi-Maxwellian,ion,304000,40.111111111111114,2.0080158710479736,0.4980040319492619,2.0083799362182617,1.95997154712677,2.0579962730407715,4.6574387550354,4.657114028930664,4.504946708679199,4.814644813537598,1.2147102844710191,0.7933055865769545,331776
Mirror Moderate Bi-Maxwellian,ion,304500,40.177083333333336,2.0079360008239746,0.49802384119296683,2.0082483291625977,1.959786295890808,2.0580716133117676,4.657124042510986,4.656915664672852,4.5039472579956055,4.814737796783447,1.2147247938581487,0.7932112069658259,331776
Mirror Moderate Bi-Maxwellian,ion,305000,40.24305555555556,2.0078439712524414,0.49804666812642107,2.00803542137146,1.9596798419952393,2.0578718185424805,4.6568121910095215,4.656572341918945,4.504212379455566,4.814358711242676,1.2147391732762185,0.7931047979762229,331776
Mirror Moderate Bi-Maxwellian,ion,305500,40.30902777777778,2.0077462196350098,0.49807091664293657,2.007983684539795,1.9596225023269653,2.0576510429382324,4.65651798248291,4.656027793884277,4.503923416137695,4.813982963562012,1.214752740945454,0.7929934786895558,331776
Mirror Moderate Bi-Maxwellian,ion,306000,40.375,2.0076422691345215,0.49809670546092455,2.0080504417419434,1.9592616558074951,2.0579707622528076,4.656233787536621,4.655791282653809,4.503823280334473,4.813261985778809,1.2147658484581914,0.7928764206763301,331776
Mirror Moderate Bi-Maxwellian,ion,306500,40.44097222222222,2.0075342655181885,0.4981235026351484,2.0080456733703613,1.9593744277954102,2.0576748847961426,4.6559576988220215,4.655580520629883,4.503164291381836,4.813664436340332,1.2147785836312484,0.7927556818869401,331776
Mirror Moderate Bi-Maxwellian,ion,307000,40.50694444444444,2.0074398517608643,0.4981469303415646,2.0077571868896484,1.959266185760498,2.057427406311035,4.655665397644043,4.655434608459473,4.502719402313232,4.813146114349365,1.2147920682843834,0.7926477834764809,331776
Mirror Moderate Bi-Maxwellian,ion,307500,40.57291666666667,2.0073235034942627,0.49817580387976473,2.007692337036133,1.9590915441513062,2.0575156211853027,4.655397891998291,4.6552348136901855,4.502225875854492,4.813189506530762,1.2148044105357358,0.7925190929585268,331776
Mirror Moderate Bi-Maxwellian,ion,308000,40.63888888888889,2.0072312355041504,0.49819870392203863,2.007603406906128,1.9591306447982788,2.0573766231536865,4.655079364776611,4.654886722564697,4.501845836639404,4.813020706176758,1.2148191086851616,0.7924121268189888,331776
Mirror Moderate Bi-Maxwellian,ion,308500,40.704861111111114,2.007127285003662,0.4982245059750535,2.0074498653411865,1.958993673324585,2.057363510131836,4.654810428619385,4.654348373413086,4.501841068267822,4.812493324279785,1.214831520066135,0.7922957649375271,331776
Mirror Moderate Bi-Maxwellian,ion,309000,40.770833333333336,2.0070269107818604,0.49824942287915736,2.007413387298584,1.958815097808838,2.0571556091308594,4.654534339904785,4.654101371765137,4.501737594604492,4.81194543838501,1.2148442630289964,0.792182647752864,331776
Mirror Moderate Bi-Maxwellian,ion,309500,40.83680555555556,2.0069265365600586,0.4982743422756443,2.0072832107543945,1.95872962474823,2.0570900440216064,4.654233455657959,4.654133319854736,4.501245498657227,4.811821460723877,1.2148581521591577,0.7920683844009009,331776
Mirror Moderate Bi-Maxwellian,ion,310000,40.90277777777778,2.0068359375,0.4982968369829684,2.0071182250976562,1.9586135149002075,2.0570502281188965,4.653934955596924,4.653347015380859,4.500748634338379,4.812458515167236,1.214871933007439,0.7919640044925611,331776
Mirror Moderate Bi-Maxwellian,ion,310500,40.96875,2.0067098140716553,0.4983281553654136,2.007053852081299,1.9585877656936646,2.0569353103637695,4.653680324554443,4.653789043426514,4.500578880310059,4.811715126037598,1.2148836899525846,0.7918261241190707,331776
Mirror Moderate Bi-Maxwellian,ion,311000,41.03472222222222,2.0065951347351074,0.4983566354216298,2.0070037841796875,1.9586939811706543,2.056412696838379,4.653396129608154,4.6531877517700195,4.500339984893799,4.811394691467285,1.2148968134557259,0.7916983212793816,331776
Mirror Moderate Bi-Maxwellian,ion,311500,41.10069444444444,2.006479263305664,0.4983854148347914,2.006772518157959,1.9583005905151367,2.0566110610961914,4.653151512145996,4.65294075012207,4.500242233276367,4.811404705047607,1.2149081106406543,0.7915711526650098,331776
Mirror Moderate Bi-Maxwellian,ion,312000,41.16666666666667,2.006383180618286,0.49840928176632765,2.0067520141601562,1.9583889245986938,2.0563268661499023,4.652851104736328,4.652821063995361,4.49898624420166,4.81158971786499,1.214921986001671,0.7914611946166152,331776
Mirror Moderate Bi-Maxwellian,ion,312500,41.23263888888889,2.0062687397003174,0.4984377118637522,2.00667142868042,1.9581620693206787,2.05608868598938,4.652593612670898,4.652863502502441,4.499274253845215,4.810733795166016,1.214933880594384,0.7913348591059335,331776
Mirror Moderate Bi-Maxwellian,ion,313000,41.298611111111114,2.0061562061309814,0.4984656712891629,2.0066161155700684,1.9583266973495483,2.056145191192627,4.652334213256836,4.651526927947998,4.498990058898926,4.810145854949951,1.2149458646265132,0.7912103415044682,331776
Mirror Moderate Bi-Maxwellian,ion,313500,41.364583333333336,2.0060625076293945,0.49848895345824523,2.006291389465332,1.958155632019043,2.0561416149139404,4.652038097381592,4.651989936828613,4.499516010284424,4.810151100158691,1.2149595465615064,0.7911029610678881,331776
Mirror Moderate Bi-Maxwellian,ion,314000,41.43055555555556,2.00592303276062,0.4985236141507213,2.0061793327331543,1.9577339887619019,2.0560073852539062,4.651790618896484,4.651552200317383,4.498414039611816,4.810017108917236,1.2149709825583732,0.7909520502022469,331776
Mirror Moderate Bi-Maxwellian,ion,314500,41.49652777777778,2.005810022354126,0.4985517017341186,2.005911111831665,1.9575527906417847,2.05586838722229,4.651536464691162,4.65116024017334,4.498337268829346,4.809191703796387,1.2149827283072572,0.7908272940468688,331776
Mirror Moderate Bi-Maxwellian,ion,315000,41.5625,2.0056991577148438,0.4985792590845636,2.006053924560547,1.9576292037963867,2.055851936340332,4.651271820068359,4.650599479675293,4.497591495513916,4.810303211212158,1.2149949602354788,0.7907041974793649,331776
Mirror Moderate Bi-Maxwellian,ion,315500,41.62847222222222,2.005594491958618,0.49860527838976193,2.0060434341430664,1.957395315170288,2.0556020736694336,4.650986194610596,4.651048183441162,4.498414993286133,4.809235095977783,1.215008163464077,0.7905863284945411,331776
Mirror Moderate Bi-Maxwellian,ion,316000,41.69444444444444,2.0054707527160645,0.4986360427573787,2.005821704864502,1.9575101137161255,2.055510997772217,4.650731563568115,4.6507673263549805,4.496116638183594,4.809988021850586,1.215019935322344,0.7904508173937204,331776
Mirror Moderate Bi-Maxwellian,ion,316500,41.76041666666667,2.005364179611206,0.49866254227891765,2.005526542663574,1.9572088718414307,2.055521011352539,4.65046501159668,4.650109767913818,4.496031761169434,4.809656143188477,1.2150322596786214,0.7903319199325847,331776
Mirror Moderate Bi-Maxwellian,ion,317000,41.82638888888889,2.0052247047424316,0.49869722711622416,2.005519390106201,1.9570696353912354,2.0553057193756104,4.650246620178223,4.65015983581543,4.4969353675842285,4.808609485626221,1.2150423583258632,0.7901823464165685,331776
Mirror Moderate Bi-Maxwellian,ion,317500,41.892361111111114,2.0051307678222656,0.4987205902216946,2.0055088996887207,1.9571861028671265,2.0551199913024902,4.649950981140137,4.650043487548828,4.496387481689453,4.808732032775879,1.2150560304949294,0.7900747373273362,331776
Mirror Moderate Bi-Maxwellian,ion,318000,41.958333333333336,2.0050065517425537,0.49875148743573866,2.0053181648254395,1.9566540718078613,2.055253028869629,4.649694442749023,4.6497321128845215,4.495945930480957,4.807346343994141,1.215067895818284,0.7899386559242698,331776
Mirror Moderate Bi-Maxwellian,ion,318500,42.02430555555556,2.0048625469207764,0.4987873116468147,2.0052437782287598,1.9568915367126465,2.0547609329223633,4.649455547332764,4.649533271789551,4.495471000671387,4.807804107666016,1.2150789463023615,0.7897836006184149,331776
Mirror Moderate Bi-Maxwellian,ion,319000,42.09027777777778,2.0047354698181152,0.49881892900848784,2.005060911178589,1.9567772150039673,2.0546059608459473,4.6492228507995605,4.648924827575684,4.495226860046387,4.8076958656311035,1.2150897111391472,0.789645758678968,331776
Mirror Moderate Bi-Maxwellian,ion,319500,42.15625,2.004631280899048,0.49884485467647427,2.0049381256103516,1.956678032875061,2.0543131828308105,4.648961544036865,4.648660659790039,4.49531364440918,4.807327747344971,1.215101800805963,0.7895294800930848,331776
Mirror Moderate Bi-Maxwellian,ion,320000,42.22222222222222,2.0045042037963867,0.49887647933392804,2.004873752593994,1.9564207792282104,2.0545220375061035,4.6487135887146,4.648056983947754,4.4945292472839355,4.807921886444092,1.2151132740093171,0.7893909297870696,331776
Mirror Moderate Bi-Maxwellian,ion,320500,42.28819444444444,2.004395008087158,0.4989036571959555,2.004774808883667,1.95625638961792,2.054501533508301,4.648443698883057,4.647725582122803,4.494226455688477,4.807321548461914,1.215125763541093,0.7892692445460652,331776
Mirror Moderate Bi-Maxwellian,ion,321000,42.35416666666667,2.0042591094970703,0.49893748530893817,2.0046212673187256,1.9561471939086914,2.054152011871338,4.648208141326904,4.64840841293335,4.494309425354004,4.807478427886963,1.2151366654838598,0.7891224440132105,331776
Mirror Moderate Bi-Maxwellian,ion,321500,42.42013888888889,2.004127025604248,0.4989703682572207,2.0044660568237305,1.955930471420288,2.054018020629883,4.6479644775390625,4.647400856018066,4.493804931640625,4.807258129119873,1.215147943757407,0.788979081846841,331776
Mirror Moderate Bi-Maxwellian,ion,322000,42.486111111111114,2.004014730453491,0.4989983281079519,2.004258632659912,1.9560357332229614,2.0541281700134277,4.647692680358887,4.647276401519775,4.4943013191223145,4.806712627410889,1.2151605256143532,0.788854204839138,331776
Mirror Moderate Bi-Maxwellian,ion,322500,42.552083333333336,2.003868579864502,0.49903472216108014,2.0040926933288574,1.9558790922164917,2.0537796020507812,4.647511005401611,4.647541046142578,4.493227005004883,4.806426525115967,1.215168936413005,0.788699643451497,331776
Mirror Moderate Bi-Maxwellian,ion,323000,42.61805555555556,2.0037662982940674,0.49906019521905476,2.0041565895080566,1.955761432647705,2.053755044937134,4.647215366363525,4.647193431854248,4.4930596351623535,4.806467056274414,1.2151826246827262,0.7885836736113412,331776
Mirror Moderate Bi-Maxwellian,ion,323500,42.68402777777778,2.003605842590332,0.49910016169006816,2.0038743019104004,1.9556915760040283,2.053699493408203,4.6470208168029785,4.646958351135254,4.492618560791016,4.806195259094238,1.2151916333974961,0.7884142091928359,331776
Mirror Moderate Bi-Maxwellian,ion,324000,42.75,2.0035014152526855,0.49912617599717446,2.0039010047912598,1.955508828163147,2.053433895111084,4.646736145019531,4.6465654373168945,4.492371082305908,4.806291580200195,1.2152048166263585,0.7882965986263271,331776
Mirror Moderate Bi-Maxwellian,ion,324500,42.81597222222222,2.0033557415008545,0.4991624698920571,2.0038394927978516,1.955329179763794,2.053403377532959,4.646531581878662,4.646017551422119,4.492138862609863,4.8053460121154785,1.2152142909993275,0.788141450501527,331776
Mirror Moderate Bi-Maxwellian,ion,325000,42.88194444444444,2.003222703933716,0.4991956201556154,2.0036182403564453,1.9552819728851318,2.0531489849090576,4.6463093757629395,4.645654678344727,4.491874694824219,4.805180072784424,1.2152245834546471,0.7879981204790687,331776
Mirror Moderate Bi-Maxwellian,ion,325500,42.94791666666667,2.0030901432037354,0.4992286559808055,2.0034573078155518,1.9550480842590332,2.0529885292053223,4.646062850952148,4.646278381347656,4.49238920211792,4.805172920227051,1.2152360034895058,0.7878541397142296,331776
Mirror Moderate Bi-Maxwellian,ion,326000,43.01388888888889,2.0029566287994385,0.499261933893893,2.0032501220703125,1.955027461051941,2.0528345108032227,4.6458420753479,4.645550727844238,4.4922895431518555,4.804675579071045,1.2152462317447834,0.7877103970546551,331776
Mirror Moderate Bi-Maxwellian,ion,326500,43.079861111111114,2.0027947425842285,0.4993022893148245,2.0031890869140625,1.9548699855804443,2.0526280403137207,4.645655155181885,4.645657062530518,4.491626739501953,4.804855823516846,1.215254892280279,0.7875398503039495,331776
Mirror Moderate Bi-Maxwellian,ion,327000,43.145833333333336,2.0026566982269287,0.49933670652856255,2.003058910369873,1.9544765949249268,2.052720308303833,4.645423889160156,4.645229339599609,4.491082191467285,4.804867744445801,1.2152656084482292,0.7873910897786995,331776
Mirror Moderate Bi-Maxwellian,ion,327500,43.21180555555556,2.002534866333008,0.49936708559345844,2.002987861633301,1.9545609951019287,2.0524516105651855,4.645191192626953,4.645180702209473,4.491217136383057,4.803559303283691,1.2152763919787075,0.7872584743543003,331776
Mirror Moderate Bi-Maxwellian,ion,328000,43.27777777777778,2.00237774848938,0.4994062687494471,2.002694606781006,1.9544603824615479,2.052222728729248,4.644977569580078,4.64415168762207,4.490985870361328,4.804505348205566,1.2152862925644663,0.7870914559249136,331776
Mirror Moderate Bi-Maxwellian,ion,328500,43.34375,2.002232313156128,0.49944254391923953,2.0026636123657227,1.954075574874878,2.0523521900177,4.64478063583374,4.643697738647461,4.490550994873047,4.804589748382568,1.215295420473716,0.7869368926824118,331776
Mirror Moderate Bi-Maxwellian,ion,329000,43.40972222222222,2.002122640609741,0.49946990245085715,2.0024149417877197,1.9539496898651123,2.0522122383117676,4.644507884979248,4.6443328857421875,4.490431308746338,4.803801536560059,1.2153080637959706,0.7868145768137706,331776
Mirror Moderate Bi-Maxwellian,ion,329500,43.47569444444444,2.0019726753234863,0.4995073171208075,2.0024399757385254,1.953667163848877,2.0522751808166504,4.644320964813232,4.6443071365356445,4.489891052246094,4.803495407104492,1.2153167293079656,0.7866559460155207,331776
Mirror Moderate Bi-Maxwellian,ion,330000,43.54166666666667,2.0018184185028076,0.49954580832956674,2.002185583114624,1.953896164894104,2.0517265796661377,4.644118785858154,4.644352912902832,4.489454746246338,4.803168296813965,1.2153261029939864,0.7864923155088213,331776
Mirror Moderate Bi-Maxwellian,ion,330500,43.60763888888889,2.001666784286499,0.49958365091043533,2.001953601837158,1.9535603523254395,2.0516016483306885,4.643921852111816,4.643880844116211,4.489147186279297,4.803692817687988,1.2153352342794597,0.7863315500070394,331776
Mirror Moderate Bi-Maxwellian,ion,331000,43.673611111111114,2.0015146732330322,0.4996216182540931,2.0017552375793457,1.9534982442855835,2.0515666007995605,4.643722057342529,4.643128395080566,4.489354133605957,4.803092956542969,1.2153444990142825,0.7861701742187497,331776
Mirror Moderate Bi-Maxwellian,ion,331500,43.739583333333336,2.001396894454956,0.49965102013028345,2.0017147064208984,1.9535058736801147,2.0513153076171875,4.643450736999512,4.6435418128967285,4.488645076751709,4.803289413452148,1.2153570817564388,0.7860398126985173,331776
Mirror Moderate Bi-Maxwellian,ion,332000,43.80555555555556,2.0012264251708984,0.4996935816068905,2.001659393310547,1.9531038999557495,2.0509979724884033,4.643286228179932,4.64273738861084,4.488863945007324,4.801904678344727,1.215364711727448,0.7858617134434505,331776
Mirror Moderate Bi-Maxwellian,ion,332500,43.87152777777778,2.0010604858398438,0.4997350190443147,2.001326322555542,1.9530624151229858,2.0511488914489746,4.64309549331665,4.643047332763672,4.48901891708374,4.802156925201416,1.2153735587474814,0.7856869270923623,331776
Mirror Moderate Bi-Maxwellian,ion,333000,43.9375,2.0009140968322754,0.49977158019084317,2.0012612342834473,1.95280921459198,2.0510098934173584,4.642893314361572,4.64216423034668,4.487720966339111,4.802849292755127,1.2153829373823348,0.7855311594499406,331776
Mirror Moderate Bi-Maxwellian,ion,333500,44.00347222222222,2.0007591247558594,0.49981029081750356,2.000913143157959,1.9527413845062256,2.0507545471191406,4.642689228057861,4.642125129699707,4.488137245178223,4.80256986618042,1.2153924053233092,0.7853667194325502,331776
Mirror Moderate Bi-Maxwellian,ion,334000,44.06944444444444,2.000601053237915,0.49984978183507844,2.0009663105010986,1.952622890472412,2.0505449771881104,4.642505168914795,4.64202880859375,4.488107204437256,4.802244663238525,1.215400944881178,0.785200108356737,331776
Mirror Moderate Bi-Maxwellian,ion,334500,44.13541666666667,2.0004496574401855,0.4998876109082493,2.000790596008301,1.9525179862976074,2.050323009490967,4.642310619354248,4.641933441162109,4.487883567810059,4.802527904510498,1.2154099718857463,0.7850396855544393,331776
Mirror Moderate Bi-Maxwellian,ion,335000,44.20138888888889,2.0003020763397217,0.49992449231961145,2.0008139610290527,1.9524775743484497,2.0501163005828857,4.642096996307373,4.641951560974121,4.4884185791015625,4.801763534545898,1.21541988476231,0.7848821915774116,331776
Mirror Moderate Bi-Maxwellian,ion,335500,44.267361111111114,2.0001449584960938,0.4999637630024069,2.0005645751953125,1.9520666599273682,2.050046443939209,4.641899108886719,4.642358303070068,4.4871954917907715,4.800947189331055,1.2154290682633628,0.7847158902327309,331776
Mirror Moderate Bi-Maxwellian,ion,336000,44.333333333333336,1.9999972581863403,0.5000006854543546,2.000339984893799,1.9520742893218994,2.0499231815338135,4.641691207885742,4.641486644744873,4.486785888671875,4.801297187805176,1.2154387173151686,0.7845585408711717,331776
Mirror Moderate Bi-Maxwellian,ion,336500,44.39930555555556,1.9998400211334229,0.5000399979160549,2.0001935958862305,1.951669692993164,2.049722194671631,4.641510963439941,4.641693115234375,4.48689603805542,4.801243305206299,1.215447083477074,0.7843929376563488,331776
Mirror Moderate Bi-Maxwellian,ion,337000,44.46527777777778,1.9996955394744873,0.5000761267201688,1.9999544620513916,1.951772689819336,2.04952335357666,4.641307830810547,4.640619277954102,4.487115383148193,4.801876544952393,1.2154565127875525,0.7842390266869348,331776
Mirror Moderate Bi-Maxwellian,ion,337500,44.53125,1.999529480934143,0.5001176574465002,1.9998655319213867,1.9516395330429077,2.0494954586029053,4.641107082366943,4.64119815826416,4.487142562866211,4.801574230194092,1.2154658322363043,0.7840636486978387,331776
Mirror Moderate Bi-Maxwellian,ion,338000,44.59722222222222,1.9993555545806885,0.5001611632852984,1.9996929168701172,1.9515377283096313,2.0490896701812744,4.640954494476318,4.640920162200928,4.487326622009277,4.800541877746582,1.215472916442125,0.7838826381385635,331776
Mirror Moderate Bi-Maxwellian,ion,338500,44.66319444444444,1.9991638660430908,0.5002091209157767,1.999450922012329,1.9512107372283936,2.0490689277648926,4.640809059143066,4.6405029296875,4.48603630065918,4.801365852355957,1.2154796690094058,0.783684197033685,331776
Mirror Moderate Bi-Maxwellian,ion,339000,44.72916666666667,1.999025821685791,0.5002436632642863,1.99946928024292,1.9510844945907593,2.0490148067474365,4.64059591293335,4.640363693237305,4.4854536056518555,4.800966262817383,1.2154895661595957,0.7835362555261953,331776
Mirror Moderate Bi-Maxwellian,ion,339500,44.79513888888889,1.9988386631011963,0.5002905029105755,1.9990699291229248,1.951029896736145,2.048534631729126,4.640475273132324,4.640437126159668,4.485743045806885,4.800539493560791,1.2154951683052497,0.7833434947959466,331776
Mirror Moderate Bi-Maxwellian,ion,340000,44.861111111111114,1.9986932277679443,0.500326906654283,1.9990878105163574,1.950858235359192,2.0486714839935303,4.640251636505127,4.639718055725098,4.485234260559082,4.800436973571777,1.2155055540809343,0.78318767368701,331776
Mirror Moderate Bi-Maxwellian,ion,340500,44.927083333333336,1.9984776973724365,0.500380865553207,1.9986052513122559,1.9506453275680542,2.0483222007751465,4.640155792236328,4.639962673187256,4.485579490661621,4.800352096557617,1.2155100054341168,0.7829676919383197,331776
Mirror Moderate Bi-Maxwellian,ion,341000,44.99305555555556,1.998310923576355,0.5004226260297426,1.9987144470214844,1.9503990411758423,2.048133611679077,4.639971733093262,4.640169143676758,4.485023021697998,4.800361633300781,1.2155185543195852,0.7827923692567698,331776
Mirror Moderate Bi-Maxwellian,ion,341500,45.05902777777778,1.9981558322906494,0.5004614674390127,1.9986557960510254,1.950059175491333,2.047886371612549,4.6397786140441895,4.639327526092529,4.485442161560059,4.799673557281494,1.2155275247342816,0.7826283075563678,331776
Mirror Moderate Bi-Maxwellian,ion,342000,45.125,1.9979727268218994,0.500507332545356,1.9984217882156372,1.950019359588623,2.0480775833129883,4.639632225036621,4.639354228973389,4.484626293182373,4.800797462463379,1.2155343250276927,0.7824384017942068,331776
Mirror Moderate Bi-Maxwellian,ion,342500,45.19097222222222,1.997782826423645,0.5005549085583852,1.9982173442840576,1.9499086141586304,2.047720193862915,4.639503479003906,4.6395368576049805,4.484621524810791,4.79936408996582,1.21554030609644,0.782242520327205,331776
Mirror Moderate Bi-Maxwellian,ion,343000,45.25694444444444,1.9976050853729248,0.5005994464683263,1.9979586601257324,1.9496245384216309,2.0474209785461426,4.639338493347168,4.639237880706787,4.484851360321045,4.799409866333008,1.2155479712105517,0.7820571141623731,331776
Mirror Moderate Bi-Maxwellian,ion,343500,45.32291666666667,1.9974439144134521,0.5006398391384367,1.9976904392242432,1.949352741241455,2.047224283218384,4.639150142669678,4.639800071716309,4.484231472015381,4.799406051635742,1.2155567225130879,0.7818871919003643,331776
Mirror Moderate Bi-Maxwellian,ion,344000,45.38888888888889,1.9972516298294067,0.5006880380342531,1.9975395202636719,1.9494197368621826,2.0469770431518555,4.639008522033691,4.638479709625244,4.4838032722473145,4.798912048339844,1.2155633030744273,0.7816883267549795,331776
Mirror Moderate Bi-Maxwellian,ion,344500,45.454861111111114,1.9970778226852417,0.5007316132805554,1.9975277185440063,1.949187994003296,2.046957492828369,4.6388444900512695,4.638609409332275,4.484213829040527,4.798669815063477,1.2155709255062672,0.7815068971789745,331776
Mirror Moderate Bi-Maxwellian,ion,345000,45.520833333333336,1.996902585029602,0.5007755548502012,1.9972293376922607,1.948731780052185,2.0468339920043945,4.638689041137695,4.638258934020996,4.483240127563477,4.799984455108643,1.2155781495874398,0.7813244354421622,331776
Mirror Moderate Bi-Maxwellian,ion,345500,45.58680555555556,1.9967108964920044,0.5008236303797846,1.996923804283142,1.9488893747329712,2.046431541442871,4.63854455947876,4.638219356536865,4.483199596405029,4.799279689788818,1.215584864428331,0.7811260320636735,331776
Mirror Moderate Bi-Maxwellian,ion,346000,45.65277777777778,1.9965318441390991,0.5008685450900976,1.9970070123672485,1.9487478733062744,2.0465192794799805,4.638401031494141,4.638202667236328,4.482863426208496,4.799247741699219,1.2155915353610285,0.7809403087780706,331776
Mirror Moderate Bi-Maxwellian,ion,346500,45.71875,1.9963407516479492,0.5009164889182947,1.9965198040008545,1.9485782384872437,2.046208381652832,4.638247489929199,4.637175559997559,4.482756614685059,4.799610137939453,1.2155986721647025,0.7807420794832467,331776
Mirror Moderate Bi-Maxwellian,ion,347000,45.78472222222222,1.9961450099945068,0.5009656087073313,1.9965476989746094,1.94837486743927,2.0459911823272705,4.6381354331970215,4.638051509857178,4.482537269592285,4.798990249633789,1.2156038809998073,0.7805411289946995,331776
Mirror Moderate Bi-Maxwellian,ion,347500,45.85069444444444,1.9959415197372437,0.5010166831599582,1.9964587688446045,1.9478777647018433,2.0457353591918945,4.63799524307251,4.638025283813477,4.482767581939697,4.7988433837890625,1.21561039793942,0.7803311217978237,331776
Mirror Moderate Bi-Maxwellian,ion,348000,45.91666666666667,1.9957462549209595,0.5010657028839594,1.996142864227295,1.9479715824127197,2.045356273651123,4.6378607749938965,4.637667179107666,4.482019901275635,4.798577308654785,1.2156166492516836,0.7801296056692759,331776
Mirror Moderate Bi-Maxwellian,ion,348500,45.98263888888889,1.995565414428711,0.5011111100491182,1.9958407878875732,1.9478713274002075,2.045140027999878,4.6377272605896,4.637970924377441,4.482069969177246,4.799043655395508,1.215622856587058,0.779942557841653,331776
Mirror Moderate Bi-Maxwellian,ion,349000,46.048611111111114,1.995352864265442,0.5011644897044987,1.9957642555236816,1.9478427171707153,2.0450758934020996,4.637609004974365,4.637726783752441,4.482580184936523,4.798398971557617,1.2156283548111506,0.7797245094542913,331776
Mirror Moderate Bi-Maxwellian,ion,349500,46.114583333333336,1.9951599836349487,0.501212939414571,1.9955387115478516,1.9473750591278076,2.0447921752929688,4.637485027313232,4.637444496154785,4.482104778289795,4.798118591308594,1.2156341193794342,0.7795258642555145,331776
Mirror Moderate Bi-Maxwellian,ion,350000,46.18055555555556,1.9949595928192139,0.5012632855319298,1.9952304363250732,1.9470959901809692,2.0447514057159424,4.63735294342041,4.637308120727539,4.481856822967529,4.798788070678711,1.215640261200913,0.7793193316183009,331776
Mirror Moderate Bi-Maxwellian,ion,350500,46.24652777777778,1.9947552680969238,0.5013146304178155,1.9951962232589722,1.9468021392822266,2.044769525527954,4.637248516082764,4.637526035308838,4.481677532196045,4.798146724700928,1.2156451172568885,0.7791101508400353,331776
Mirror Moderate Bi-Maxwellian,ion,351000,46.3125,1.9945518970489502,0.5013657461004426,1.9948432445526123,1.9466487169265747,2.0443344116210938,4.637129306793213,4.637295722961426,4.4818315505981445,4.798211574554443,1.2156506609671287,0.7789012360818215,331776
Mirror Moderate Bi-Maxwellian,ion,351500,46.37847222222222,1.994324803352356,0.5014228366006641,1.9945590496063232,1.9465384483337402,2.044074296951294,4.6370439529418945,4.637219429016113,4.481454849243164,4.798429012298584,1.2156546304387663,0.7786701729135896,331776
Mirror Moderate Bi-Maxwellian,ion,352000,46.44444444444444,1.9941436052322388,0.5014683984524473,1.9944267272949219,1.9464004039764404,2.0440151691436768,4.6368865966796875,4.636598110198975,4.481670379638672,4.7983527183532715,1.2156619488421532,0.7784816563900856,331776
Mirror Moderate Bi-Maxwellian,ion,352500,46.51041666666667,1.993942379951477,0.5015190057921007,1.9941565990447998,1.9459104537963867,2.04365873336792,4.6367411613464355,4.636065483093262,4.4806108474731445,4.798585891723633,1.2156687132627468,0.7782736666887302,331776
Mirror Moderate Bi-Maxwellian,ion,353000,46.57638888888889,1.9937275648117065,0.5015730421996963,1.9939465522766113,1.945770502090454,2.0435400009155273,4.636641502380371,4.636770725250244,4.480889320373535,4.7976298332214355,1.2156733487992586,0.778054216012448,331776
Mirror Moderate Bi-Maxwellian,ion,353500,46.642361111111114,1.993542194366455,0.5016196812015803,1.9938445091247559,1.9455997943878174,2.0435421466827393,4.636503219604492,4.636109828948975,4.479843616485596,4.797929763793945,1.2156797812135032,0.7778624131529519,331776
Mirror Moderate Bi-Maxwellian,ion,354000,46.708333333333336,1.9933136701583862,0.5016771895817788,1.9937440156936646,1.9453730583190918,2.043214797973633,4.636407375335693,4.636183738708496,4.480979919433594,4.7968268394470215,1.2156842397671315,0.7776294303912548,331776
Mirror Moderate Bi-Maxwellian,ion,354500,46.77430555555556,1.9930781126022339,0.5017364817148909,1.993335247039795,1.9452266693115234,2.0429136753082275,4.636337757110596,4.636501312255859,4.481472492218018,4.797558784484863,1.215687478434101,0.7773906341681329,331776
Mirror Moderate Bi-Maxwellian,ion,355000,46.84027777777778,1.992883324623108,0.5017855223356436,1.993095874786377,1.9450324773788452,2.042656898498535,4.636200428009033,4.636017799377441,4.47971248626709,4.797311305999756,1.2156938673226083,0.7771894573004996,331776
Mirror Moderate Bi-Maxwellian,ion,355500,46.90625,1.9926272630691528,0.5018500040292261,1.9928982257843018,1.944799780845642,2.0425000190734863,4.636168003082275,4.635741710662842,4.479897499084473,4.797882556915283,1.2156953758654059,0.776931887203747,331776
Mirror Moderate Bi-Maxwellian,ion,356000,46.97222222222222,1.9924166202545166,0.5019030607525535,1.992706060409546,1.9445888996124268,2.0421767234802246,4.636054515838623,4.635991096496582,4.479765892028809,4.798372745513916,1.215700655931374,0.7767159643231425,331776
Mirror Moderate Bi-Maxwellian,ion,356500,47.03819444444444,1.9922075271606445,0.5019557382283515,1.9925874471664429,1.9445302486419678,2.0417943000793457,4.635948657989502,4.6360907554626465,4.480607032775879,4.79721736907959,1.2157055812679505,0.7765019458926941,331776
Mirror Moderate Bi-Maxwellian,ion,357000,47.10416666666667,1.9919846057891846,0.5020119116853415,1.992563247680664,1.9441150426864624,2.04176664352417,4.635852336883545,4.636178016662598,4.479613780975342,4.797822952270508,1.215710063075963,0.7762745427132216,331776
Mirror Moderate Bi-Maxwellian,ion,357500,47.17013888888889,1.9917612075805664,0.5020682179138938,1.9920839071273804,1.9439188241958618,2.04158878326416,4.635752201080322,4.635265350341797,4.479061126708984,4.797513008117676,1.2157147225787777,0.7760464850017887,331776
Mirror Moderate Bi-Maxwellian,ion,358000,47.236111111111114,1.9915138483047485,0.502130578128411,1.9918278455734253,1.943711519241333,2.041090726852417,4.6356940269470215,4.635308265686035,4.479615211486816,4.797722339630127,1.215717429620475,0.7757964186842736,331776
Mirror Moderate Bi-Maxwellian,ion,358500,47.302083333333336,1.9913192987442017,0.5021796356971161,1.9915684461593628,1.9434082508087158,2.041238307952881,4.6355791091918945,4.6346755027771,4.479604244232178,4.79703950881958,1.2157227773369457,0.775596521407256,331776
Mirror Moderate Bi-Maxwellian,ion,359000,47.36805555555556,1.9910688400268555,0.5022428054202848,1.9913986921310425,1.9434728622436523,2.0407681465148926,4.635522842407227,4.635313987731934,4.4800310134887695,4.797385215759277,1.2157253958176377,0.7753434442092177,331776
Mirror Moderate Bi-Maxwellian,ion,359500,47.43402777777778,1.9908400774002075,0.5023005169284501,1.9912444353103638,1.9430912733078003,2.0405433177948,4.635411739349365,4.635246276855469,4.479278087615967,4.797537326812744,1.215730566394165,0.7751095110060424,331776
Mirror Moderate Bi-Maxwellian,ion,360000,47.5,1.9906320571899414,0.5023530071205833,1.9911510944366455,1.9428248405456543,2.0402204990386963,4.635302543640137,4.634561061859131,4.47890043258667,4.7969465255737305,1.2157356484469497,0.7748964087429917,331776
Mirror Moderate Bi-Maxwellian,ion,360500,47.56597222222222,1.9903895854949951,0.5024142043786405,1.9907692670822144,1.942805528640747,2.0401298999786377,4.6352362632751465,4.634711265563965,4.479231357574463,4.796632289886475,1.2157387333031917,0.7746508521918034,331776
Mirror Moderate Bi-Maxwellian,ion,361000,47.63194444444444,1.9901561737060547,0.5024731291001183,1.9904345273971558,1.9427149295806885,2.0397872924804688,4.6351637840271,4.6353349685668945,4.478781223297119,4.797266006469727,1.2157421067721548,0.7744140669338999,331776
Mirror Moderate Bi-Maxwellian,ion,361500,47.69791666666667,1.9899039268493652,0.5025368242693555,1.9901578426361084,1.9420483112335205,2.039703607559204,4.6351213455200195,4.635010719299316,4.478739261627197,4.797111511230469,1.2157440820759804,0.7741598447733848,331776
Mirror Moderate Bi-Maxwellian,ion,362000,47.76388888888889,1.9896626472473145,0.50259776519577,1.9900493621826172,1.9418246746063232,2.0392723083496094,4.635027885437012,4.63448429107666,4.477787017822266,4.797090530395508,1.2157484323108263,0.7739142149364882,331776
Mirror Moderate Bi-Maxwellian,ion,362500,47.829861111111114,1.989443302154541,0.5026531788651695,1.9897410869598389,1.9418796300888062,2.0389342308044434,4.634918689727783,4.635001182556152,4.477987289428711,4.797423362731934,1.2157535152054053,0.7736897869491357,331776
Mirror Moderate Bi-Maxwellian,ion,363000,47.895833333333336,1.989176869392395,0.5027205048415104,1.989511251449585,1.9413294792175293,2.0388782024383545,4.6349101066589355,4.634654998779297,4.478418827056885,4.796928882598877,1.2157539147443892,0.7734229546480058,331776
Mirror Moderate Bi-Maxwellian,ion,363500,47.96180555555556,1.9889194965362549,0.5027855585615814,1.9891250133514404,1.9414446353912354,2.038494110107422,4.634847640991211,4.634387969970703,4.478089332580566,4.797330856323242,1.2157568225449022,0.7731626739913526,331776
Mirror Moderate Bi-Maxwellian,ion,364000,48.02777777777778,1.9886754751205444,0.502847253114229,1.9889700412750244,1.9410279989242554,2.038353443145752,4.634800434112549,4.634791374206543,4.478337287902832,4.7973246574401855,1.215759020094999,0.7729164550255454,331776
Mirror Moderate Bi-Maxwellian,ion,364500,48.09375,1.988415241241455,0.5029130632571777,1.9888091087341309,1.9407734870910645,2.0379621982574463,4.6347575187683105,4.633935451507568,4.478166103363037,4.797262191772461,1.2157610179066607,0.7726542233347944,331776
Mirror Moderate Bi-Maxwellian,ion,365000,48.15972222222222,1.9881516695022583,0.5029797350673724,1.9885154962539673,1.940352439880371,2.0378146171569824,4.634746551513672,4.634855270385742,4.478246688842773,4.796344757080078,1.2157615284644654,0.7723901410377929,331776
Mirror Moderate Bi-Maxwellian,ion,365500,48.22569444444444,1.9878926277160645,0.5030452782296009,1.9880335330963135,1.9402797222137451,2.037323474884033,4.6346917152404785,4.634703636169434,4.478062629699707,4.796608924865723,1.2157640812897332,0.7721285464263312,331776
Mirror Moderate Bi-Maxwellian,ion,366000,48.29166666666667,1.98762047290802,0.5031141576726336,1.9879865646362305,1.9399735927581787,2.0372002124786377,4.634665012359619,4.634437561035156,4.476804733276367,4.797778606414795,1.215765324426517,0.771855148481503,331776
Mirror Moderate Bi-Maxwellian,ion,366500,48.35763888888889,1.9873771667480469,0.5031757518057349,1.987752914428711,1.940004825592041,2.036748170852661,4.63460636138916,4.634489059448242,4.4780731201171875,4.7966766357421875,1.2157680549379524,0.7716091118100945,331776
Mirror Moderate Bi-Maxwellian,ion,367000,48.423611111111114,1.9870895147323608,0.5032485917649709,1.987560510635376,1.9394285678863525,2.036757469177246,4.634603500366211,4.634346008300781,4.477852821350098,4.797439098358154,1.2157681881353999,0.771321326596961,331776
Mirror Moderate Bi-Maxwellian,ion,367500,48.489583333333336,1.986817479133606,0.5033174967013433,1.9871699810028076,1.9390581846237183,2.036478281021118,4.6345906257629395,4.634720325469971,4.477361679077148,4.796955585479736,1.2157687875259493,0.7710486916076567,331776
Mirror Moderate Bi-Maxwellian,ion,368000,48.55555555555556,1.9865610599517822,0.503382463373299,1.9867982864379883,1.939079999923706,2.0363259315490723,4.634561061859131,4.63464879989624,4.478325843811035,4.79649019241333,1.215770163916851,0.7707908960349312,331776
Mirror Moderate Bi-Maxwellian,ion,368500,48.62152777777778,1.9862829446792603,0.5034529459555307,1.9866615533828735,1.938482642173767,2.035865068435669,4.634566307067871,4.634707450866699,4.477644443511963,4.797149658203125,1.2157699197171838,0.7705130249620764,331776
Mirror Moderate Bi-Maxwellian,ion,369000,48.6875,1.9859939813613892,0.5035261986617426,1.986293077468872,1.9383794069290161,2.0355114936828613,4.634551525115967,4.6345014572143555,4.477655410766602,4.797611713409424,1.215770607917662,0.7702233734437272,331776
Mirror Moderate Bi-Maxwellian,ion,369500,48.75347222222222,1.9857118129730225,0.5035977494150032,1.98594331741333,1.937776803970337,2.0352206230163574,4.634559631347656,4.634546279907227,4.477529525756836,4.797800064086914,1.2157702305168563,0.7699415824561662,331776
Mirror Moderate Bi-Maxwellian,ion,370000,48.81944444444444,1.9854174852371216,0.5036724051418175,1.9858553409576416,1.9377930164337158,2.0349209308624268,4.634558200836182,4.634071350097656,4.477676868438721,4.797070503234863,1.2157702971169024,0.7696471881202192,331776
Mirror Moderate Bi-Maxwellian,ion,370500,48.88541666666667,1.9851281642913818,0.5037458124810613,1.9855027198791504,1.937580943107605,2.034712314605713,4.634568691253662,4.634544849395752,4.477325439453125,4.797451496124268,1.215769808717518,0.7693583555738639,331776
Mirror Moderate Bi-Maxwellian,ion,371000,48.95138888888889,1.9848414659500122,0.5038185755159877,1.9852564334869385,1.9371273517608643,2.0344626903533936,4.634575843811035,4.634303569793701,4.477811336517334,4.7979254722595215,1.2157694757192052,0.769071990230807,331776
Mirror Moderate Bi-Maxwellian,ion,371500,49.017361111111114,1.9845473766326904,0.5038932361981524,1.9848577976226807,1.937044382095337,2.033942222595215,4.634617328643799,4.633808135986328,4.476859092712402,4.797890663146973,1.21576754434926,0.7687798322834305,331776
Mirror Moderate Bi-Maxwellian,ion,372000,49.083333333333336,1.984269142150879,0.5039638921744429,1.984609603881836,1.9367694854736328,2.0336971282958984,4.634600639343262,4.634815692901611,4.477475166320801,4.7976484298706055,1.215768321333012,0.768500820817867,331776
Mirror Moderate Bi-Maxwellian,ion,372500,49.14930555555556,1.9839578866958618,0.5040429571140885,1.984241247177124,1.9364228248596191,2.033566474914551,4.6346235275268555,4.634457588195801,4.476921081542969,4.797384262084961,1.2157672557567203,0.7681906309391415,331776
Mirror Moderate Bi-Maxwellian,ion,373000,49.21527777777778,1.9836559295654297,0.5041196838098205,1.9839403629302979,1.9360575675964355,2.0333075523376465,4.634644985198975,4.634897708892822,4.476459980010986,4.798146724700928,1.2157662567885053,0.7678896727769244,331776
Mirror Moderate Bi-Maxwellian,ion,373500,49.28125,1.9833523035049438,0.5041968581339877,1.9837878942489624,1.9358668327331543,2.0328502655029297,4.634662628173828,4.634533882141113,4.476997375488281,4.79828405380249,1.2157654354215692,0.7675868680833746,331776
Mirror Moderate Bi-Maxwellian,ion,374000,49.34722222222222,1.983046531677246,0.5042746017433123,1.983447551727295,1.9354350566864014,2.032654285430908,4.634700298309326,4.634734630584717,4.477330207824707,4.798051834106445,1.215763681713095,0.7672828499641511,331776
Mirror Moderate Bi-Maxwellian,ion,374500,49.41319444444444,1.982730507850647,0.5043549771592696,1.9830507040023804,1.9350696802139282,2.0321669578552246,4.634732723236084,4.634876251220703,4.477243423461914,4.7984466552734375,1.2157621722147065,0.7669683356359405,331776
Mirror Moderate Bi-Maxwellian,ion,375000,49.47916666666667,1.982425332069397,0.5044326178762701,1.982667088508606,1.934723138809204,2.032127618789673,4.634755611419678,4.634593963623047,4.477386474609375,4.798486232757568,1.215761106699149,0.766664225370248,331776
Mirror Moderate Bi-Maxwellian,ion,375500,49.54513888888889,1.9821131229400635,0.5045120727099079,1.9825208187103271,1.934457540512085,2.031620502471924,4.634798526763916,4.634274482727051,4.477648735046387,4.798179626464844,1.2157591088858428,0.7663540140542207,331776
Mirror Moderate Bi-Maxwellian,ion,376000,49.611111111111114,1.9817792177200317,0.5045970767371681,1.9820992946624756,1.934380292892456,2.031327486038208,4.6348652839660645,4.634611129760742,4.477334022521973,4.798408508300781,1.215756001249792,0.7660232164702396,331776
Mirror Moderate Bi-Maxwellian,ion,376500,49.677083333333336,1.981482982635498,0.5046725148605297,1.9816755056381226,1.933995008468628,2.0309550762176514,4.634902477264404,4.634604454040527,4.477522373199463,4.798297882080078,1.215754269891395,0.765728712744103,331776
Mirror Moderate Bi-Maxwellian,ion,377000,49.74305555555556,1.9811313152313232,0.504762098459504,1.9814866781234741,1.9335435628890991,2.03053879737854,4.634988307952881,4.634492874145508,4.477409839630127,4.79892635345459,1.2157502745549895,0.7653810406763337,331776
Mirror Moderate Bi-Maxwellian,ion,377500,49.80902777777778,1.9808075428009033,0.5048446042294341,1.981029987335205,1.9335129261016846,2.030057191848755,4.635058879852295,4.634759902954102,4.477375507354736,4.799050807952881,1.2157469896114603,0.765060553189443,331776
Mirror Moderate Bi-Maxwellian,ion,378000,49.875,1.9805103540420532,0.5049203595220217,1.9809024333953857,1.9329807758331299,2.029977321624756,4.635049343109131,4.635088920593262,4.477018356323242,4.798736095428467,1.2157474335169025,0.7647629205251507,331776
Mirror Moderate Bi-Maxwellian,ion,378500,49.94097222222222,1.9801579713821411,0.505010213554833,1.9805140495300293,1.9327630996704102,2.0294270515441895,4.635175704956055,4.635820388793945,4.477851867675781,4.797985076904297,1.215741551918037,0.7644164194641041,331776
Mirror Moderate Bi-Maxwellian,ion,379000,50.00694444444444,1.9798331260681152,0.5050930741753815,1.9800889492034912,1.9321125745773315,2.0294950008392334,4.635217666625977,4.635271072387695,4.477099895477295,4.799313545227051,1.2157395988542454,0.7640935272138698,331776
Mirror Moderate Bi-Maxwellian,ion,379500,50.07291666666667,1.979475975036621,0.5051842066340309,1.9797172546386719,1.9319525957107544,2.028988838195801,4.635331153869629,4.63496208190918,4.477343559265137,4.799404144287109,1.2157343168815864,0.7637416581550347,331776
Mirror Moderate Bi-Maxwellian,ion,380000,50.13888888888889,1.9791206121444702,0.5052749154668512,1.9796037673950195,1.931557536125183,2.0285964012145996,4.635428428649902,4.635566711425781,4.47733211517334,4.799259662628174,1.2157297896823005,0.7633908224621697,331776
Mirror Moderate Bi-Maxwellian,ion,380500,50.204861111111114,1.9787763357162476,0.5053628254746816,1.979264497756958,1.9311742782592773,2.0282480716705322,4.635525226593018,4.635392189025879,4.4773454666137695,4.799437522888184,1.2157252848637763,0.7630510508524713,331776
Mirror Moderate Bi-Maxwellian,ion,381000,50.270833333333336,1.9784302711486816,0.5054512229128992,1.978861927986145,1.9308431148529053,2.027761936187744,4.635617256164551,4.635428428649902,4.477717876434326,4.7996721267700195,1.2157210021319549,0.7627092690167268,331776
Mirror Moderate Bi-Maxwellian,ion,381500,50.33680555555556,1.9780616760253906,0.5055454094886189,1.9785354137420654,1.9303628206253052,2.0275990962982178,4.6357421875,4.635806560516357,4.477470397949219,4.799890995025635,1.2157151885401305,0.7623464874852601,331776
Mirror Moderate Bi-Maxwellian,ion,382000,50.40277777777778,1.9777052402496338,0.5056365223938912,1.978110432624817,1.9302048683166504,2.0270161628723145,4.63585090637207,4.636031627655029,4.477985858917236,4.799797058105469,1.2157101296388717,0.7619951106107621,331776
Mirror Moderate Bi-Maxwellian,ion,382500,50.46875,1.9773646593093872,0.5057236131393484,1.977596640586853,1.9298970699310303,2.0268540382385254,4.635912895202637,4.63593864440918,4.47788143157959,4.799961566925049,1.2157072452838418,0.7616574140255454,331776
Mirror Moderate Bi-Maxwellian,ion,383000,50.53472222222222,1.9769929647445679,0.5058186942659163,1.9773461818695068,1.929396629333496,2.026233196258545,4.636046409606934,4.635549545288086,4.477868556976318,4.799671173095703,1.215701033088835,0.761291931655733,331776
Mirror Moderate Bi-Maxwellian,ion,383500,50.60069444444444,1.9766128063201904,0.5059159774754645,1.9768474102020264,1.9291900396347046,2.025937557220459,4.636192321777344,4.636648178100586,4.478164196014404,4.800285816192627,1.2156942444563295,0.760918561863861,331776
Mirror Moderate Bi-Maxwellian,ion,384000,50.66666666666667,1.9762684106826782,0.5060041412363425,1.976435661315918,1.9285894632339478,2.0258078575134277,4.636265277862549,4.63623046875,4.477959632873535,4.800711154937744,1.2156908503003152,0.760577560382363,331776
Mirror Moderate Bi-Maxwellian,ion,384500,50.73263888888889,1.9758855104446411,0.5061021980848304,1.9762071371078491,1.9283241033554077,2.025158405303955,4.636404514312744,4.6363019943237305,4.479042053222656,4.800136566162109,1.215684372861118,0.7602011375835231,331776
Mirror Moderate Bi-Maxwellian,ion,385000,50.798611111111114,1.9754927158355713,0.5062028282787322,1.9760100841522217,1.9281833171844482,2.024899482727051,4.636571884155273,4.636362075805664,4.478808403015137,4.800854206085205,1.2156765871391613,0.75981612869641,331776
Mirror Moderate Bi-Maxwellian,ion,385500,50.864583333333336,1.9751384258270264,0.5062936282966,1.9753963947296143,1.9275274276733398,2.0245118141174316,4.6366705894470215,4.636702537536621,4.4788312911987305,4.800931453704834,1.2156719958230333,0.759466430003993,331776
Mirror Moderate Bi-Maxwellian,ion,386000,50.93055555555556,1.9747414588928223,0.5063954045714266,1.975048303604126,1.9274145364761353,2.024007797241211,4.636826038360596,4.6369428634643555,4.478182792663574,4.801490783691406,1.2156647654509725,0.7590766934418498,331776
Mirror Moderate Bi-Maxwellian,ion,386500,50.99652777777778,1.9743764400482178,0.5064890259608134,1.9746885299682617,1.9269633293151855,2.0238547325134277,4.636943817138672,4.636878490447998,4.478531360626221,4.801520824432373,1.215659287547088,0.7587171525011298,331776
Mirror Moderate Bi-Maxwellian,ion,387000,51.0625,1.9739643335342407,0.5065947661828176,1.9741837978363037,1.9266304969787598,2.0233078002929688,4.637118816375732,4.637259483337402,4.478629112243652,4.801805019378662,1.215651148827275,0.7583131847069657,331776
Mirror Moderate Bi-Maxwellian,ion,387500,51.12847222222222,1.9735918045043945,0.5066903894299047,1.9740175008773804,1.9261813163757324,2.0228943824768066,4.637248516082764,4.6371235847473145,4.478384971618652,4.802131175994873,1.2156451172568885,0.757946687247506,331776
Mirror Moderate Bi-Maxwellian,ion,388000,51.19444444444444,1.9731569290161133,0.5068020618606528,1.9735350608825684,1.9259331226348877,2.0223512649536133,4.637485504150391,4.637040615081787,4.4792962074279785,4.802132606506348,1.2156340972074273,0.757522831808686,331776
Mirror Moderate Bi-Maxwellian,ion,388500,51.26041666666667,1.9727818965911865,0.506898406624636,1.973259687423706,1.92542564868927,2.0221052169799805,4.6375813484191895,4.637547492980957,4.478316783905029,4.802416801452637,1.2156296407265976,0.7571522558645889,331776
Mirror Moderate Bi-Maxwellian,ion,389000,51.32638888888889,1.9723776578903198,0.5070022954273437,1.9728035926818848,1.9248619079589844,2.0217983722686768,4.6377668380737305,4.637977600097656,4.478951930999756,4.80318546295166,1.215621016518231,0.7567566413720888,331776
Mirror Moderate Bi-Maxwellian,ion,389500,51.392361111111114,1.9719730615615845,0.5071063187892185,1.972562313079834,1.9245519638061523,2.0213446617126465,4.63795280456543,4.638160705566406,4.479129791259766,4.802639961242676,1.2156123708321562,0.7563606907294282,331776
Mirror Moderate Bi-Maxwellian,ion,390000,51.458333333333336,1.9715569019317627,0.5072133596652393,1.9720231294631958,1.9244449138641357,2.0206432342529297,4.638144493103027,4.63865852355957,4.479448318481445,4.803462982177734,1.2156034598505956,0.7559534420811671,331776
Mirror Moderate Bi-Maxwellian,ion,390500,51.52430555555556,1.9711471796035767,0.5073187889506622,1.9715784788131714,1.923997402191162,2.0203192234039307,4.63831901550293,4.638650417327881,4.4796576499938965,4.8035478591918945,1.2155953475079313,0.7555518320956454,331776
Mirror Moderate Bi-Maxwellian,ion,391000,51.59027777777778,1.9707332849502563,0.5074253363641956,1.9710414409637451,1.9233131408691406,2.0200393199920654,4.6385111808776855,4.639043807983398,4.479340553283691,4.802937030792236,1.2155864157711878,0.7551468691790686,331776
Mirror Moderate Bi-Maxwellian,ion,391500,51.65625,1.9703071117401123,0.5075350913781314,1.970383644104004,1.9230788946151733,2.0193347930908203,4.638704299926758,4.638582229614258,4.479401111602783,4.804029941558838,1.215577440453747,0.7547296712863654,331776
Mirror Moderate Bi-Maxwellian,ion,392000,51.72222222222222,1.9698948860168457,0.5076412995934081,1.970188021659851,1.9225882291793823,2.019075870513916,4.63889741897583,4.639171600341797,4.479498386383057,4.804402828216553,1.2155684658835977,0.754326420133248,331776
Mirror Moderate Bi-Maxwellian,ion,392500,51.78819444444444,1.96945059299469,0.5077558195960776,1.9698989391326904,1.9220590591430664,2.0185446739196777,4.6391072273254395,4.639484882354736,4.48013162612915,4.804234504699707,1.2155587165801565,0.7538918764145335,331776
Mirror Moderate Bi-Maxwellian,ion,393000,51.85416666666667,1.9690027236938477,0.5078713137196685,1.9692952632904053,1.9216291904449463,2.018315553665161,4.639359474182129,4.639500141143799,4.480273723602295,4.804242134094238,1.2155469964258998,0.7534557272679479,331776
Mirror Moderate Bi-Maxwellian,ion,393500,51.92013888888889,1.9685853719711304,0.5079789854369928,1.9689058065414429,1.9213881492614746,2.017709255218506,4.639548301696777,4.639713287353516,4.480790615081787,4.8044328689575195,1.2155382237607655,0.7530471482103649,331776
Mirror Moderate Bi-Maxwellian,ion,394000,51.986111111111114,1.9681291580200195,0.5080967353819511,1.968435287475586,1.9209067821502686,2.017305850982666,4.639790058135986,4.639700889587402,4.4803338050842285,4.805517196655273,1.215526993133337,0.7526021648866825,331776
Mirror Moderate Bi-Maxwellian,ion,394500,52.052083333333336,1.9677091836929321,0.5082051800577729,1.967939853668213,1.9204987287521362,2.017049789428711,4.63998556137085,4.6402740478515625,4.480232238769531,4.805843353271484,1.2155179120222428,0.7521912716706893,331776
Mirror Moderate Bi-Maxwellian,ion,395000,52.11805555555556,1.9672503471374512,0.5083237125641388,1.9675664901733398,1.9200433492660522,2.0166122913360596,4.640244483947754,4.639787673950195,4.481094837188721,4.806151390075684,1.2155058862651211,0.75174446087233,331776
Mirror Moderate Bi-Maxwellian,ion,395500,52.18402777777778,1.966783046722412,0.5084444884078453,1.9670147895812988,1.9195046424865723,2.0162558555603027,4.640514850616455,4.640740871429443,4.481022834777832,4.806006908416748,1.2154933304150848,0.7512897163073273,331776
Mirror Moderate Bi-Maxwellian,ion,396000,52.25,1.9663326740264893,0.5085609435316379,1.9666166305541992,1.9191417694091797,2.015371561050415,4.640734672546387,4.640266418457031,4.480971336364746,4.806382179260254,1.2154831229451213,0.750849551081368,331776
Mirror Moderate Bi-Maxwellian,ion,396500,52.31597222222222,1.9658982753753662,0.5086733187194343,1.9663515090942383,1.9185734987258911,2.0151302814483643,4.640964508056641,4.6414031982421875,4.4813079833984375,4.806487083435059,1.2154724515268358,0.7504258238485304,331776
Mirror Moderate Bi-Maxwellian,ion,397000,52.38194444444444,1.96542227268219,0.5087965135529431,1.9659624099731445,1.9181091785430908,2.0145180225372314,4.64124059677124,4.641112327575684,4.481220245361328,4.807307243347168,1.2154596339383197,0.7499626387438703,331776
Mirror Moderate Bi-Maxwellian,ion,397500,52.447916666666664,1.9649457931518555,0.5089198915741885,1.9653007984161377,1.9174950122833252,2.0140573978424072,4.641518592834473,4.641082763671875,4.482565402984619,4.807289123535156,1.2154467293406492,0.7494990638112062,331776
Mirror Moderate Bi-Maxwellian,ion,398000,52.51388888888889,1.9644702672958374,0.5090430823249543,1.9646849632263184,1.9173765182495117,2.0134658813476562,4.641786098480225,4.642413139343262,4.482306480407715,4.807764053344727,1.2154343131682461,0.7490359541275913,331776
Mirror Moderate Bi-Maxwellian,ion,398500,52.579861111111114,1.963989019393921,0.5091678161767911,1.9643083810806274,1.916872262954712,2.0130724906921387,4.642092227935791,4.642264366149902,4.482706546783447,4.80828857421875,1.215420106042286,0.7485689133516349,331776
Mirror Moderate Bi-Maxwellian,ion,399000,52.64583333333334,1.963529109954834,0.5092870764839348,1.9638824462890625,1.9162108898162842,2.0126092433929443,4.642326831817627,4.642983436584473,4.483330249786377,4.808106422424316,1.2154092196064676,0.7481198903483663,331776
Mirror Moderate Bi-Maxwellian,ion,399500,52.71180555555555,1.9630218744277954,0.5094186738451357,1.963367223739624,1.915649175643921,2.0122127532958984,4.642659664154053,4.642145156860352,4.482599258422852,4.808948516845703,1.2153937769164933,0.7476280975113021,331776
Mirror Moderate Bi-Maxwellian,ion,400000,52.77777777777778,1.962552547454834,0.5095404967866288,1.9628283977508545,1.9154771566390991,2.0113279819488525,4.642940044403076,4.6427483558654785,4.483461856842041,4.809000492095947,1.2153807696064198,0.7471717778484142,331776
Mirror Moderate Bi-Maxwellian,ion,400500,52.84375,1.9620519876480103,0.5096704910448066,1.9624085426330566,1.9149519205093384,2.0111351013183594,4.643245697021484,4.643263816833496,4.483623504638672,4.80933141708374,1.2153665916583896,0.7466853959896207,331776
Mirror Moderate Bi-Maxwellian,ion,401000,52.90972222222223,1.9615694284439087,0.509795873395768,1.9618299007415771,1.914766788482666,2.01054048538208,4.643521308898926,4.6433563232421875,4.484470844268799,4.808407306671143,1.21535380877516,0.7462156196687486,331776
Mirror Moderate Bi-Maxwellian,ion,401500,52.97569444444444,1.9610563516616821,0.509929252748224,1.9614144563674927,1.913772702217102,2.010138511657715,4.643840789794922,4.643801212310791,4.483591079711914,4.810696601867676,1.215338993144974,0.7457173585167081,331776
Mirror Moderate Bi-Maxwellian,ion,402000,53.041666666666664,1.9605536460876465,0.5100600037114695,1.9609603881835938,1.9134671688079834,2.0095179080963135,4.644129276275635,4.644495010375977,4.484286308288574,4.809938907623291,1.21532561660341,0.7452280294842364,331776
Mirror Moderate Bi-Maxwellian,ion,402500,53.10763888888889,1.960048794746399,0.5101913802760125,1.9603972434997559,1.9127942323684692,2.0092246532440186,4.644435882568359,4.644543647766113,4.484543323516846,4.810768127441406,1.2153114017039681,0.7447373930424308,331776
Mirror Moderate Bi-Maxwellian,ion,403000,53.173611111111114,1.9595417976379395,0.5103233833569739,1.9598861932754517,1.912311315536499,2.0086963176727295,4.644746780395508,4.644474029541016,4.484609127044678,4.812010765075684,1.2152969897564252,0.7442448078815143,331776
Mirror Moderate Bi-Maxwellian,ion,403500,53.23958333333334,1.9590338468551636,0.5104557032566333,1.9594007730484009,1.911957025527954,2.008047103881836,4.64508056640625,4.644826889038086,4.485484600067139,4.811328411102295,1.2152815189540767,0.7437523279010869,331776
Mirror Moderate Bi-Maxwellian,ion,404000,53.30555555555555,1.9585071802139282,0.5105929710662434,1.9588639736175537,1.911302089691162,2.007582187652588,4.6454362869262695,4.645127296447754,4.4858808517456055,4.811685085296631,1.2152650339461801,0.7432421462677481,331776
Mirror Moderate Bi-Maxwellian,ion,404500,53.37152777777778,1.957979679107666,0.5107305303882123,1.9583773612976074,1.9111661911010742,2.0069124698638916,4.645770072937012,4.645203113555908,4.485983848571777,4.8118977546691895,1.2152495677358843,0.7427301113717817,331776
Mirror Moderate Bi-Maxwellian,ion,405000,53.4375,1.9574635028839111,0.5108652082282557,1.9577027559280396,1.9102638959884644,2.0064165592193604,4.646103858947754,4.6459455490112305,4.4854416847229,4.8126606941223145,1.2152341037478398,0.7422293991360713,331776
Mirror Moderate Bi-Maxwellian,ion,405500,53.50347222222223,1.9569270610809326,0.5110052489374017,1.9572455883026123,1.9099615812301636,2.006053924560547,4.646429538726807,4.646548271179199,4.486092567443848,4.81309175491333,1.2152190174552857,0.7417080436256469,331776
Mirror Moderate Bi-Maxwellian,ion,406000,53.56944444444444,1.9563987255096436,0.5111432485417814,1.9567315578460693,1.909293532371521,2.0053598880767822,4.646795272827148,4.646184921264648,4.486142158508301,4.814180374145508,1.2152020782683615,0.7411966472412821,331776
Mirror Moderate Bi-Maxwellian,ion,406500,53.635416666666664,1.9558478593826294,0.5112872124499774,1.9562947750091553,1.909047245979309,2.00471830368042,4.647171497344971,4.647119998931885,4.486670017242432,4.814311981201172,1.2151846559937205,0.7406632033889089,331776
Mirror Moderate Bi-Maxwellian,ion,407000,53.70138888888889,1.9553099870681763,0.5114278588120016,1.9556952714920044,1.9082810878753662,2.0043704509735107,4.64754581451416,4.647539138793945,4.486880302429199,4.813534736633301,1.2151673248442278,0.7401426622239484,331776
Mirror Moderate Bi-Maxwellian,ion,407500,53.767361111111114,1.9547722339630127,0.5115685513767746,1.955114722251892,1.9076412916183472,2.0034866333007812,4.647911071777344,4.647822380065918,4.487389087677002,4.814786911010742,1.2151504158657673,0.7396218180972454,331776
Mirror Moderate Bi-Maxwellian,ion,408000,53.83333333333334,1.9542020559310913,0.5117178118633919,1.9546079635620117,1.9069945812225342,2.0031142234802246,4.6483049392700195,4.648121356964111,4.48707389831543,4.816424369812012,1.215132185401985,0.7390698705291063,331776
Mirror Moderate Bi-Maxwellian,ion,408500,53.89930555555555,1.953648567199707,0.5118627867822542,1.953970193862915,1.9067978858947754,2.0025033950805664,4.648683547973633,4.648786544799805,4.487887859344482,4.815511226654053,1.215114664115156,0.738533903084551,331776
Mirror Moderate Bi-Maxwellian,ion,409000,53.96527777777778,1.9531168937683105,0.5120021250088196,1.953467845916748,1.9060840606689453,2.0020253658294678,4.6490373611450195,4.648777961730957,4.488924026489258,4.816450119018555,1.2150982928977168,0.7380186008705938,331776
Mirror Moderate Bi-Maxwellian,ion,409500,54.03125,1.9525299072265625,0.5121560475457366,1.9528189897537231,1.9053987264633179,2.001499652862549,4.649463653564453,4.649838447570801,4.488805294036865,4.816571235656738,1.2150785713172234,0.7374513359093391,331776
Mirror Moderate Bi-Maxwellian,ion,410000,54.09722222222223,1.951961874961853,0.5123050879359736,1.9520374536514282,1.9048532247543335,2.0010569095611572,4.649877548217773,4.6501665115356445,4.488685131072998,4.816869258880615,1.2150594267548582,0.7369024482069948,331776
Mirror Moderate Bi-Maxwellian,ion,410500,54.16319444444444,1.9513872861862183,0.5124559369013801,1.9516651630401611,1.9044137001037598,2.000270366668701,4.650261402130127,4.650448799133301,4.490058422088623,4.817032814025879,1.2150416747630433,0.736345611423175,331776
Mirror Moderate Bi-Maxwellian,ion,411000,54.229166666666664,1.9508154392242432,0.5126061542744699,1.9511418342590332,1.9037132263183594,1.9999459981918335,4.650678634643555,4.650604248046875,4.489959239959717,4.817590713500977,1.2150223824434696,0.7357930567807736,331776
Mirror Moderate Bi-Maxwellian,ion,411500,54.29513888888889,1.9502249956130981,0.5127613492030066,1.950709581375122,1.9032403230667114,1.9989665746688843,4.651110649108887,4.651064395904541,4.4905805587768555,4.818102836608887,1.2150024102719619,0.7352225853411363,331776
Mirror Moderate Bi-Maxwellian,ion,412000,54.361111111111114,1.9496450424194336,0.5129138782919371,1.950002670288086,1.9027583599090576,1.9986200332641602,4.651533603668213,4.651761054992676,4.490481376647949,4.818232536315918,1.2149828605368769,0.7346621818825567,331776
Mirror Moderate Bi-Maxwellian,ion,412500,54.42708333333334,1.949057698249817,0.5130684437397435,1.9492697715759277,1.9020628929138184,1.9979161024093628,4.6519598960876465,4.6522088050842285,4.491485118865967,4.819621562957764,1.2149631601168815,0.7340945381329353,331776
Mirror Moderate Bi-Maxwellian,ion,413000,54.49305555555555,1.9484597444534302,0.5132258969407212,1.9487628936767578,1.9014294147491455,1.997529149055481,4.652393817901611,4.652563095092773,4.49137544631958,4.819812297821045,1.2149431108244044,0.7335166336290257,331776
Mirror Moderate Bi-Maxwellian,ion,413500,54.55902777777778,1.9478744268417358,0.5133801164079094,1.9483206272125244,1.9009277820587158,1.996563196182251,4.652824401855469,4.6531171798706055,4.491409778594971,4.820972442626953,1.2149232194538047,0.7329512073879312,331776
Mirror Moderate Bi-Maxwellian,ion,414000,54.625,1.9472670555114746,0.5135402446057082,1.9475820064544678,1.9002596139907837,1.9961068630218506,4.653286933898926,4.653467178344727,4.491800308227539,4.821849822998047,1.214901856301845,0.7323651992096296,331776
Mirror Moderate Bi-Maxwellian,ion,414500,54.69097222222223,1.9466458559036255,0.5137041218705926,1.9469144344329834,1.8998522758483887,1.9954285621643066,4.653751850128174,4.653565406799316,4.492020606994629,4.822075843811035,1.2148803873099632,0.7317654685936623,331776
Mirror Moderate Bi-Maxwellian,ion,415000,54.75694444444444,1.9460489749908447,0.5138616822347467,1.9464185237884521,1.8990774154663086,1.9947034120559692,4.654189586639404,4.654078483581543,4.492875099182129,4.822450637817383,1.2148601773487397,0.731188797642105,331776
Mirror Moderate Bi-Maxwellian,ion,415500,54.822916666666664,1.9454432725906372,0.5140216700682083,1.9457050561904907,1.8986015319824219,1.9940721988677979,4.654665470123291,4.654790878295898,4.493290901184082,4.822687149047852,1.2148382104833653,0.7306050621072719,331776
Mirror Moderate Bi-Maxwellian,ion,416000,54.88888888888889,1.9448000192642212,0.5141916855689519,1.9451591968536377,1.897914171218872,1.9935879707336426,4.655166149139404,4.6550445556640625,4.493177890777588,4.823739051818848,1.2148151039001838,0.7299849153640374,331776
Mirror Moderate Bi-Maxwellian,ion,416500,54.954861111111114,1.9441908597946167,0.5143527935861397,1.9444622993469238,1.8973108530044556,1.992895245552063,4.655644416809082,4.656010627746582,4.494839668273926,4.822897911071777,1.2147930362528387,0.729397823541778,331776
Mirror Moderate Bi-Maxwellian,ion,417000,55.02083333333334,1.9435453414916992,0.5145236278524306,1.9438867568969727,1.896606683731079,1.9922137260437012,4.656132698059082,4.655856132507324,4.494443893432617,4.824244022369385,1.2147705112478542,0.728774830243845,331776
Mirror Moderate Bi-Maxwellian,ion,417500,55.08680555555555,1.9429497718811035,0.5146813440430995,1.943207859992981,1.8961431980133057,1.9917569160461426,4.65655517578125,4.656120777130127,4.494380950927734,4.82537317276001,1.2147510256511083,0.7281987462299953,331776
Mirror Moderate Bi-Maxwellian,ion,418000,55.15277777777778,1.9422883987426758,0.5148565993841809,1.9427754878997803,1.8953739404678345,1.9908580780029297,4.657129764556885,4.6571736335754395,4.495561122894287,4.82631778717041,1.2147245300336071,0.7275638687090686,331776
Mirror Moderate Bi-Maxwellian,ion,418500,55.21875,1.9416640996932983,0.5150221401106186,1.9420130252838135,1.894829511642456,1.9904128313064575,4.6576247215271,4.657858848571777,4.495821952819824,4.8263139724731445,1.2147017116639078,0.7269623880293905,331776
Mirror Moderate Bi-Maxwellian,ion,419000,55.28472222222223,1.941007375717163,0.515196393640967,1.9412477016448975,1.894014835357666,1.9899117946624756,4.658113479614258,4.657937049865723,4.49751091003418,4.826126575469971,1.2146791838319084,0.7263281918852547,331776
Mirror Moderate Bi-Maxwellian,ion,419500,55.35069444444444,1.9403661489486694,0.5153666489913878,1.94069242477417,1.8937876224517822,1.9890191555023193,4.658632755279541,4.658342361450195,4.496637344360352,4.8271050453186035,1.2146552545629872,0.7257108943856823,331776
Mirror Moderate Bi-Maxwellian,ion,420000,55.416666666666664,1.9396965503692627,0.5155445576317742,1.940201759338379,1.8930386304855347,1.9884631633758545,4.659181594848633,4.659304618835449,4.497359752655029,4.82772159576416,1.2146299687279065,0.7250665816413562,331776
Mirror Moderate Bi-Maxwellian,ion,420500,55.48263888888889,1.939062476158142,0.5157131409098775,1.9393253326416016,1.8923649787902832,1.987663984298706,4.659672737121582,4.65954065322876,4.497898101806641,4.82875394821167,1.2146073461411648,0.7244551300169773,331776
Mirror Moderate Bi-Maxwellian,ion,421000,55.548611111111114,1.9384071826934814,0.5158874817057099,1.9387925863265991,1.891380786895752,1.9871289730072021,4.6602091789245605,4.660116195678711,4.498558521270752,4.828583717346191,1.214582642453567,0.7238245402399144,331776
Mirror Moderate Bi-Maxwellian,ion,421500,55.61458333333334,1.9377251863479614,0.5160690520231633,1.9382271766662598,1.8910400867462158,1.986462116241455,4.660767078399658,4.660580158233643,4.497868061065674,4.82947301864624,1.2145569566508705,0.7231682296970909,331776
Mirror Moderate Bi-Maxwellian,ion,422000,55.68055555555555,1.9370445013046265,0.5162504007143285,1.9374339580535889,1.890336513519287,1.9856884479522705,4.661292552947998,4.66136360168457,4.49880313873291,4.8300275802612305,1.2145327693211527,0.7225117319834737,331776
Mirror Moderate Bi-Maxwellian,ion,422500,55.74652777777778,1.9363926649093628,0.5164241830294308,1.9366800785064697,1.889695405960083,1.9851166009902954,4.661814212799072,4.662023544311523,4.499831199645996,4.830652713775635,1.2145087629735407,0.7218839019358221,331776
Mirror Moderate Bi-Maxwellian,ion,423000,55.8125,1.9357178211212158,0.516604222520809,1.9360828399658203,1.8890033960342407,1.9844496250152588,4.662367820739746,4.662158489227295,4.499499320983887,4.831784248352051,1.2144832922772997,0.7212345288439161,331776
Mirror Moderate Bi-Maxwellian,ion,423500,55.87847222222223,1.9350178241729736,0.5167911052330486,1.9353699684143066,1.888173222541809,1.98388671875,4.662946701049805,4.663237571716309,4.500791072845459,4.831698894500732,1.2144566653045514,0.7205611588684222,331776
Mirror Moderate Bi-Maxwellian,ion,424000,55.94444444444444,1.934352159500122,0.5169689475045854,1.9349137544631958,1.8875175714492798,1.9831310510635376,4.663487434387207,4.663751602172852,4.500520706176758,4.832176685333252,1.2144317989636446,0.7199203605364775,331776
Mirror Moderate Bi-Maxwellian,ion,424500,56.010416666666664,1.9336391687393188,0.5171595694619556,1.9340200424194336,1.8869959115982056,1.9819916486740112,4.664089679718018,4.6643266677856445,4.501688480377197,4.832490921020508,1.2144041106989303,0.7192350580403886,331776
Mirror Moderate Bi-Maxwellian,ion,425000,56.07638888888889,1.9329575300216675,0.5173419407661742,1.9332072734832764,1.8864686489105225,1.9813673496246338,4.6646528244018555,4.665053367614746,4.502189636230469,4.834288597106934,1.2143782265571348,0.7185793034645327,331776
Mirror Moderate Bi-Maxwellian,ion,425500,56.142361111111114,1.932268738746643,0.517526356426304,1.932701587677002,1.8856618404388428,1.9811053276062012,4.665217399597168,4.665148735046387,4.503109931945801,4.834364891052246,1.2143522829367712,0.7179164558098718,331776
Mirror Moderate Bi-Maxwellian,ion,426000,56.20833333333334,1.9315550327301025,0.517717581459006,1.9320194721221924,1.8848330974578857,1.980148196220398,4.665826320648193,4.666290283203125,4.502973556518555,4.835517406463623,1.214324308552719,0.7172307241773836,331776
Mirror Moderate Bi-Maxwellian,ion,426500,56.27430555555555,1.9308446645736694,0.5179080525469406,1.9311342239379883,1.884185552597046,1.97965669631958,4.666423797607422,4.666083335876465,4.503619194030762,4.835733413696289,1.2142968670168197,0.7165477975568497,331776
Mirror Moderate Bi-Maxwellian,ion,427000,56.34027777777778,1.930124044418335,0.5181014157571212,1.9306200742721558,1.883448839187622,1.9786622524261475,4.66705846786499,4.66771936416626,4.5039191246032715,4.837278842926025,1.2142677249247027,0.7158563194936323,331776
Mirror Moderate Bi-Maxwellian,ion,427500,56.40625,1.9294391870498657,0.518285316641159,1.9297987222671509,1.882587194442749,1.978055715560913,4.667582988739014,4.6677656173706055,4.5044755935668945,4.83804988861084,1.2142436465323905,0.7151955405174752,331776
Mirror Moderate Bi-Maxwellian,ion,428000,56.47222222222223,1.928708791732788,0.5184815894895057,1.9291070699691772,1.8819208145141602,1.9773986339569092,4.668225288391113,4.668018341064453,4.505115509033203,4.8377299308776855,1.214214168816314,0.7144946229164741,331776
Mirror Moderate Bi-Maxwellian,ion,428500,56.53819444444444,1.9279581308364868,0.5186834630927012,1.928274154663086,1.8812276124954224,1.9765872955322266,4.668890953063965,4.669182777404785,4.506146430969238,4.838957786560059,1.2141836273438233,0.7137745034926635,331776
Mirror Moderate Bi-Maxwellian,ion,429000,56.604166666666664,1.927239179611206,0.5188769565185657,1.927577018737793,1.880709171295166,1.9759031534194946,4.669483184814453,4.669803619384766,4.5059661865234375,4.839108943939209,1.2141564623794092,0.7130827172317968,331776
Mirror Moderate Bi-Maxwellian,ion,429500,56.67013888888889,1.9265104532241821,0.5190732281397246,1.9267997741699219,1.8797483444213867,1.9749751091003418,4.670113563537598,4.670514106750488,4.5071187019348145,4.84072732925415,1.2141275552285506,0.7123828979956315,331776
Mirror Moderate Bi-Maxwellian,ion,430000,56.736111111111114,1.925769567489624,0.5192729269803398,1.926106572151184,1.8791649341583252,1.9744231700897217,4.670778751373291,4.67106819152832,4.5076189041137695,4.841185092926025,1.2140970603041263,0.7116725071854977,331776
Mirror Moderate Bi-Maxwellian,ion,430500,56.80208333333334,1.925039529800415,0.5194698521872319,1.9253661632537842,1.8782955408096313,1.9736907482147217,4.671385765075684,4.671120643615723,4.508256912231445,4.841493606567383,1.2140692398979809,0.7109702899024342,331776
Mirror Moderate Bi-Maxwellian,ion,431000,56.86805555555555,1.9243072271347046,0.5196675384777311,1.9248534440994263,1.8777498006820679,1.9729024171829224,4.672023296356201,4.672328948974609,4.508861064910889,4.841836929321289,1.2140400286060045,0.7102671985287001,331776
Mirror Moderate Bi-Maxwellian,ion,431500,56.93402777777778,1.9235392808914185,0.5198750084981753,1.9238803386688232,1.8770787715911865,1.972059965133667,4.672696113586426,4.672924995422363,4.509058952331543,4.843173027038574,1.2140092091784827,0.7095300717129358,331776
Mirror Moderate Bi-Maxwellian,ion,432000,57.0,1.922812581062317,0.5200714879073234,1.9233624935150146,1.8761751651763916,1.9712677001953125,4.67332124710083,4.674242973327637,4.510262489318848,4.843362331390381,1.2139805819298997,0.7088319991324172,331776
Mirror Moderate Bi-Maxwellian,ion,432500,57.06597222222223,1.9220539331436157,0.5202767637037374,1.9224119186401367,1.875462532043457,1.9706119298934937,4.673956394195557,4.673532485961914,4.510220527648926,4.844580173492432,1.213951503963937,0.7081024291796787,331776
Mirror Moderate Bi-Maxwellian,ion,433000,57.13194444444444,1.9212900400161743,0.520483622551638,1.9215120077133179,1.8746891021728516,1.969758152961731,4.67465353012085,4.675166130065918,4.511220932006836,4.844550132751465,1.213919597154433,0.7073704428617413,331776
Mirror Moderate Bi-Maxwellian,ion,433500,57.197916666666664,1.9205269813537598,0.5206904197175664,1.9209377765655518,1.8738230466842651,1.969123125076294,4.675305366516113,4.675580978393555,4.511891841888428,4.845651626586914,1.2138897722407314,0.7066372091130284,331776
Mirror Moderate Bi-Maxwellian,ion,434000,57.26388888888889,1.9197598695755005,0.520898481027797,1.920400857925415,1.8733445405960083,1.9680819511413574,4.676002025604248,4.6765923500061035,4.512362480163574,4.847146987915039,1.2138579056476728,0.7059019639278277,331776
Mirror Moderate Bi-Maxwellian,ion,434500,57.329861111111114,1.9189900159835815,0.5211074532284361,1.919370174407959,1.8723335266113281,1.9674519300460815,4.676687717437744,4.677495956420898,4.512122631072998,4.847827911376953,1.2138265499899314,0.7051634659936501,331776
Mirror Moderate Bi-Maxwellian,ion,435000,57.39583333333334,1.9182065725326538,0.521320286521423,1.9185891151428223,1.8715596199035645,1.9668740034103394,4.677370548248291,4.677304267883301,4.51296329498291,4.847580432891846,1.21379533429835,0.7044112382343037,331776
Mirror Moderate Bi-Maxwellian,ion,435500,57.46180555555555,1.9174330234527588,0.5215306025131875,1.9177591800689697,1.870844841003418,1.9660773277282715,4.678062915802002,4.6781768798828125,4.513738632202148,4.8491106033325195,1.2137636919379826,0.7036693315147762,331776
Mirror Moderate Bi-Maxwellian,ion,436000,57.52777777777778,1.9166696071624756,0.5217383299985882,1.9171825647354126,1.8698182106018066,1.9654021263122559,4.67872953414917,4.679120063781738,4.514725208282471,4.850009918212891,1.213733235208658,0.7029363719538175,331776
Mirror Moderate Bi-Maxwellian,ion,436500,57.59375,1.9158610105514526,0.5219585316954515,1.9161592721939087,1.8691575527191162,1.9642741680145264,4.6794657707214355,4.679553031921387,4.515013217926025,4.8508076667785645,1.2136996078178022,0.7021614027336505,331776
Mirror Moderate Bi-Maxwellian,ion,437000,57.65972222222223,1.915069818496704,0.5221741736731992,1.915349006652832,1.8683329820632935,1.9637620449066162,4.680179119110107,4.680386066436768,4.515224456787109,4.852470397949219,1.2136670359296293,0.7014027825670748,331776
Mirror Moderate Bi-Maxwellian,ion,437500,57.72569444444444,1.9142879247665405,0.5223874564856571,1.9146798849105835,1.8677178621292114,1.9626723527908325,4.680869102478027,4.681331157684326,4.51654577255249,4.852321147918701,1.2136355403466859,0.7006523844198547,331776
Mirror Moderate Bi-Maxwellian,ion,438000,57.791666666666664,1.9134759902954102,0.5226091182077576,1.913923740386963,1.8669648170471191,1.9619348049163818,4.681605339050293,4.68198823928833,4.517718315124512,4.852562427520752,1.2136019436877308,0.6998740466076794,331776
Mirror Moderate Bi-Maxwellian,ion,438500,57.85763888888889,1.912663459777832,0.5228311310533199,1.9131200313568115,1.8661656379699707,1.9611576795578003,4.682344436645508,4.682573318481445,4.5167741775512695,4.854822158813477,1.2135682270987336,0.6990952326790985,331776
Mirror Moderate Bi-Maxwellian,ion,439000,57.923611111111114,1.9118363857269287,0.5230573115281383,1.912276268005371,1.8656343221664429,1.9601480960845947,4.6831135749816895,4.683762550354004,4.518597602844238,4.8541364669799805,1.2135331513936025,0.6983032343333262,331776
Mirror Moderate Bi-Maxwellian,ion,439500,57.98958333333334,1.9110220670700073,0.5232801950493472,1.911444902420044,1.8642501831054688,1.9597079753875732,4.683858871459961,4.683858871459961,4.5193305015563965,4.855656147003174,1.2134991739595902,0.6975228931104172,331776
Mirror Moderate Bi-Maxwellian,ion,440000,58.05555555555555,1.91020929813385,0.5235028438909468,1.9106347560882568,1.8636200428009033,1.958550214767456,4.684628963470459,4.684602737426758,4.51961612701416,4.856892108917236,1.213464077475024,0.696745220658826,331776
Mirror Moderate Bi-Maxwellian,ion,440500,58.12152777777778,1.9093902111053467,0.5237274152678827,1.9097434282302856,1.8629642724990845,1.9578571319580078,4.685361385345459,4.685176849365234,4.520135879516602,4.85717248916626,1.213430708488726,0.6959595026166208,331776
Mirror Moderate Bi-Maxwellian,ion,441000,58.1875,1.9085501432418823,0.5239579392456465,1.9088702201843262,1.861900806427002,1.9570660591125488,4.686164855957031,4.685765266418457,4.521106719970703,4.8579277992248535,1.2133941145345761,0.6951560287073062,331776
Mirror Moderate Bi-Maxwellian,ion,441500,58.25347222222223,1.9077253341674805,0.5241844735664706,1.908062219619751,1.8613147735595703,1.9559638500213623,4.686939239501953,4.6868109703063965,4.521720886230469,4.8588714599609375,1.2133588572200613,0.6943664769474192,331776
Mirror Moderate Bi-Maxwellian,ion,442000,58.31944444444444,1.9069103002548218,0.5244085156319986,1.9073538780212402,1.8603051900863647,1.9553745985031128,4.6876654624938965,4.688055992126465,4.522424221038818,4.859855651855469,1.2133258032171919,0.6935844970376299,331776
Mirror Moderate Bi-Maxwellian,ion,442500,58.385416666666664,1.9060808420181274,0.5246367194694723,1.9064209461212158,1.8596274852752686,1.9546229839324951,4.688449382781982,4.6890668869018555,4.523538112640381,4.860174179077148,1.2132901346173073,0.6927907074008202,331776
Mirror Moderate Bi-Maxwellian,ion,443000,58.45138888888889,1.9052175283432007,0.5248744487825554,1.9056888818740845,1.85879647731781,1.953772783279419,4.689232349395752,4.689670562744141,4.523972988128662,4.861961364746094,1.2132545213138903,0.6919630070293104,331776
Mirror Moderate Bi-Maxwellian,ion,443500,58.517361111111114,1.904363751411438,0.5251097639612391,1.9048585891723633,1.8578975200653076,1.9528886079788208,4.690070152282715,4.689938545227051,4.524600028991699,4.8625969886779785,1.213216426946895,0.691147324464543,331776
Mirror Moderate Bi-Maxwellian,ion,444000,58.58333333333334,1.9035425186157227,0.525336308603819,1.903947353363037,1.8571714162826538,1.9521241188049316,4.690800189971924,4.691623687744141,4.524964332580566,4.864263534545898,1.213183243690025,0.6903592749256977,331776
Mirror Moderate Bi-Maxwellian,ion,444500,58.64930555555555,1.902681827545166,0.5255739480574094,1.9030483961105347,1.8562418222427368,1.9512348175048828,4.691614627838135,4.692445755004883,4.52603006362915,4.86437463760376,1.2131462362800232,0.6895355912651429,331776
Mirror Moderate Bi-Maxwellian,ion,445000,58.71527777777778,1.901824712753296,0.5258108138432418,1.9020493030548096,1.8553621768951416,1.9504834413528442,4.692425727844238,4.693005561828613,4.526345252990723,4.865434169769287,1.213109393307204,0.688715319446092,331776
Mirror Moderate Bi-Maxwellian,ion,445500,58.78125,1.9009613990783691,0.5260496086268893,1.9014935493469238,1.854421615600586,1.9493285417556763,4.693249225616455,4.693028450012207,4.528409004211426,4.865932941436768,1.213072000212955,0.6878893988654142,331776
Mirror Moderate Bi-Maxwellian,ion,446000,58.84722222222223,1.9000966548919678,0.5262890166273443,1.9004554748535156,1.8536667823791504,1.94858717918396,4.694063186645508,4.694277763366699,4.528750419616699,4.865696907043457,1.213035053052753,0.6870616018392148,331776
Mirror Moderate Bi-Maxwellian,ion,446500,58.91319444444444,1.8992406129837036,0.5265262300962498,1.8996694087982178,1.8525718450546265,1.9476909637451172,4.6948699951171875,4.695476531982422,4.529536724090576,4.86764669418335,1.2129984432029068,0.6862421697807968,331776
Mirror Moderate Bi-Maxwellian,ion,447000,58.979166666666664,1.8983761072158813,0.5267660060611378,1.8987534046173096,1.8520307540893555,1.9468467235565186,4.69570255279541,4.695602893829346,4.530473709106445,4.868805408477783,1.21296067814276,0.6854154290731214,331776
Mirror Moderate Bi-Maxwellian,ion,447500,59.04513888888889,1.8974822759628296,0.5270141453587888,1.897963285446167,1.8509074449539185,1.94589102268219,4.696563243865967,4.696658134460449,4.530458450317383,4.869486331939697,1.2129216510191934,0.6845606249436362,331776
Mirror Moderate Bi-Maxwellian,ion,448000,59.111111111111114,1.8965890407562256,0.5272623528401654,1.896904468536377,1.8499476909637451,1.9450581073760986,4.6974358558654785,4.698236465454102,4.530799865722656,4.870773792266846,1.21288209795379,0.6837069428024356,331776
Mirror Moderate Bi-Maxwellian,ion,448500,59.17708333333334,1.8957209587097168,0.5275037950103317,1.8962392807006836,1.849045991897583,1.9441752433776855,4.6982550621032715,4.698005676269531,4.532086372375488,4.871825695037842,1.2128449789936115,0.6828759797161053,331776
Mirror Moderate Bi-Maxwellian,ion,449000,59.24305555555555,1.894843578338623,0.5277480481406219,1.8951895236968994,1.8483643531799316,1.9429725408554077,4.699138641357422,4.699821949005127,4.532228469848633,4.873652935028076,1.2128049577424542,0.6820386205961688,331776
Mirror Moderate Bi-Maxwellian,ion,449500,59.30902777777778,1.893938422203064,0.52800027090468,1.8944380283355713,1.8472809791564941,1.942565679550171,4.7000041007995605,4.700153827667236,4.533989906311035,4.873787879943848,1.212765771806429,0.6811726503966349,331776
Mirror Moderate Bi-Maxwellian,ion,450000,59.375,1.8930743932724,0.5282412585336297,1.8934043645858765,1.846818208694458,1.9413286447525024,4.70081901550293,4.701316833496094,4.5344038009643555,4.874257564544678,1.2127288876049214,0.6803455056674785,331776
Mirror Moderate Bi-Maxwellian,ion,450500,59.44097222222223,1.89213228225708,0.5285042749797194,1.8924118280410767,1.8457355499267578,1.9402971267700195,4.701772689819336,4.701951503753662,4.535766124725342,4.875626564025879,1.2126857391820072,0.6794465430750729,331776
Mirror Moderate Bi-Maxwellian,ion,451000,59.50694444444444,1.8912492990493774,0.5287510221432165,1.8916466236114502,1.8448798656463623,1.9394513368606567,4.70265531539917,4.703214645385742,4.535985946655273,4.876358985900879,1.212645820910036,0.6786034781393415,331776
Mirror Moderate Bi-Maxwellian,ion,451500,59.572916666666664,1.8903356790542603,0.5290065733194553,1.890614628791809,1.8439290523529053,1.9386553764343262,4.703550338745117,4.7037763595581055,4.536674976348877,4.877944469451904,1.2126053572261322,0.6777303218281281,331776
Mirror Moderate Bi-Maxwellian,ion,452000,59.63888888888889,1.8894356489181519,0.5292585648908326,1.8897721767425537,1.842851161956787,1.9378619194030762,4.704425811767578,4.7047224044799805,4.537410259246826,4.878887176513672,1.2125657923010744,0.6768698566170774,331776
Mirror Moderate Bi-Maxwellian,ion,452500,59.704861111111114,1.8885483741760254,0.5295072202936292,1.8889448642730713,1.8420464992523193,1.9369561672210693,4.705327033996582,4.705249786376953,4.538166046142578,4.880240440368652,1.2125250790805557,0.6760232950954697,331776
Mirror Moderate Bi-Maxwellian,ion,453000,59.77083333333334,1.8876243829727173,0.5297664138164788,1.8878967761993408,1.841261863708496,1.935901165008545,4.706212043762207,4.7068634033203125,4.53911018371582,4.880916118621826,1.2124851134418047,0.6751392695309126,331776
Mirror Moderate Bi-Maxwellian,ion,453500,59.83680555555555,1.8867019414901733,0.5300254258551143,1.8868821859359741,1.8402001857757568,1.9350876808166504,4.707131385803223,4.707618713378906,4.540360450744629,4.881374359130859,1.212443613325945,0.6742583281642283,331776
Mirror Moderate Bi-Maxwellian,ion,454000,59.90277777777778,1.8857693672180176,0.5302875406631781,1.886063575744629,1.8391958475112915,1.934220314025879,4.708084583282471,4.7080559730529785,4.540965557098389,4.882785797119141,1.2124006020518012,0.6733687651662164,331776
Mirror Moderate Bi-Maxwellian,ion,454500,59.96875,1.884860634803772,0.5305432038502451,1.8851947784423828,1.838334083557129,1.933047890663147,4.708998680114746,4.709473609924316,4.5422043800354,4.883721828460693,1.2123593714780214,0.6725012633257506,331776
Mirror Moderate Bi-Maxwellian,ion,455000,60.03472222222223,1.8839176893234253,0.5308087533055289,1.8842225074768066,1.8373801708221436,1.9324368238449097,4.709956169128418,4.710390090942383,4.542263507843018,4.885048866271973,1.2123162008501347,0.6716014884732906,331776
Mirror Moderate Bi-Maxwellian,ion,455500,60.10069444444444,1.883013129234314,0.5310637427188987,1.8834903240203857,1.8363733291625977,1.9314630031585693,4.710857391357422,4.711770057678223,4.5437116622924805,4.8852715492248535,1.2122755831740117,0.6707375460603022,331776
Mirror Moderate Bi-Maxwellian,ion,456000,60.166666666666664,1.8820925951004028,0.5313234867419759,1.8823972940444946,1.8355530500411987,1.9303756952285767,4.711767196655273,4.712668418884277,4.544232368469238,4.886746406555176,1.2122345944234822,0.6698580006769206,331776
Mirror Moderate Bi-Maxwellian,ion,456500,60.23263888888889,1.8811384439468384,0.5315929846725627,1.8815639019012451,1.8348283767700195,1.9295333623886108,4.712771415710449,4.713077545166016,4.5451459884643555,4.88831901550293,1.2121893704978794,0.6689490734489589,331776
Mirror Moderate Bi-Maxwellian,ion,457000,60.298611111111114,1.8802074193954468,0.5318562142050984,1.8805807828903198,1.8336071968078613,1.9286017417907715,4.713716983795166,4.713560104370117,4.5459065437316895,4.8892669677734375,1.212146805469612,0.6680606139258347,331776
Mirror Moderate Bi-Maxwellian,ion,457500,60.36458333333334,1.8792721033096313,0.5321209197108157,1.879672646522522,1.8328489065170288,1.9276187419891357,4.714677810668945,4.714843273162842,4.546596050262451,4.889779567718506,1.212103571051468,0.6671685322581633,331776
Mirror Moderate Bi-Maxwellian,ion,458000,60.43055555555555,1.878337025642395,0.5323858212601639,1.8787004947662354,1.831735372543335,1.9267370700836182,4.715631484985352,4.716113090515137,4.547410011291504,4.891242504119873,1.2120606758997212,0.6662763497426738,331776
Mirror Moderate Bi-Maxwellian,ion,458500,60.49652777777778,1.8774057626724243,0.532649904396018,1.877779483795166,1.830983281135559,1.9257112741470337,4.716594696044922,4.717168807983398,4.549156665802002,4.891755104064941,1.2120173694039358,0.6653883932684885,331776
Mirror Moderate Bi-Maxwellian,ion,459000,60.5625,1.8764835596084595,0.5329116766728595,1.8769595623016357,1.8299745321273804,1.9247781038284302,4.7174973487854,4.718502044677734,4.5492658615112305,4.89307975769043,1.2119768016949637,0.6645067579134958,331776
Mirror Moderate Bi-Maxwellian,ion,459500,60.62847222222223,1.8755449056625366,0.5331783829759863,1.8759424686431885,1.8289202451705933,1.924088716506958,4.7184624671936035,4.718930721282959,4.55092191696167,4.893821716308594,1.21193344377597,0.6636114618865667,331776
Mirror Moderate Bi-Maxwellian,ion,460000,60.69444444444444,1.8746010065078735,0.5334468489712719,1.8749730587005615,1.8281065225601196,1.923190712928772,4.719423770904541,4.719958305358887,4.551058769226074,4.895077228546143,1.2118902748604703,0.6627107316474032,331776
Mirror Moderate Bi-Maxwellian,ion,460500,60.760416666666664,1.8736600875854492,0.5337147365340323,1.8740464448928833,1.8271229267120361,1.9222577810287476,4.72038459777832,4.720587253570557,4.552620887756348,4.896341800689697,1.2118471449276944,0.6618129426577548,331776
Mirror Moderate Bi-Maxwellian,ion,461000,60.82638888888889,1.8726972341537476,0.5339891477182053,1.8730559349060059,1.8262461423873901,1.921086072921753,4.7213850021362305,4.721340179443359,4.552715301513672,4.898011207580566,1.211802257080823,0.6608949770729247,331776
Mirror Moderate Bi-Maxwellian,ion,461500,60.892361111111114,1.8717893362045288,0.5342481553120307,1.871981143951416,1.8250601291656494,1.9203083515167236,4.722286701202393,4.722323417663574,4.553850173950195,4.8992180824279785,1.2117618144077063,0.6600275217968226,331776
Mirror Moderate Bi-Maxwellian,ion,462000,60.95833333333334,1.8708224296569824,0.5345242734679801,1.8711190223693848,1.8242570161819458,1.919350504875183,4.723308086395264,4.724056243896484,4.5541582107543945,4.899665832519531,1.211716022268448,0.6591064073885344,331776
Mirror Moderate Bi-Maxwellian,ion,462500,61.02430555555555,1.8698687553405762,0.5347968926395911,1.8702210187911987,1.8233357667922974,1.9183588027954102,4.724276542663574,4.724513053894043,4.555379867553711,4.901186943054199,1.2116726213991262,0.6581961339414499,331776
Mirror Moderate Bi-Maxwellian,ion,463000,61.09027777777778,1.8689311742782593,0.5350651825828623,1.8692188262939453,1.8222682476043701,1.9173462390899658,4.725243091583252,4.725163459777832,4.5558762550354,4.902270793914795,1.2116293237444715,0.6573018505337878,331776
Mirror Moderate Bi-Maxwellian,ion,463500,61.15625,1.8679593801498413,0.5353435468815084,1.8682267665863037,1.82146155834198,1.9163134098052979,4.726272106170654,4.726817607879639,4.556619644165039,4.9029998779296875,1.2115832473323729,0.6563761328174684,331776
Mirror Moderate Bi-Maxwellian,ion,464000,61.22222222222223,1.8670121431350708,0.5356151558397518,1.8675079345703125,1.8204149007797241,1.9155079126358032,4.727238178253174,4.727768898010254,4.55747127532959,4.904335975646973,1.2115400075672775,0.6554721355677933,331776
Mirror Moderate Bi-Maxwellian,ion,464500,61.28819444444444,1.8660508394241333,0.5358910801747512,1.8663190603256226,1.8195469379425049,1.9145442247390747,4.728224754333496,4.728619575500488,4.559053421020508,4.905028820037842,1.2114958683136803,0.654554971110453,331776
Mirror Moderate Bi-Maxwellian,ion,465000,61.354166666666664,1.8651238679885864,0.536157419441763,1.8653331995010376,1.818421483039856,1.9136073589324951,4.729172706604004,4.729564189910889,4.559701442718506,4.905591011047363,1.211453474431915,0.6536703935566714,331776
Mirror Moderate Bi-Maxwellian,ion,465500,61.42013888888889,1.864161491394043,0.5364342116369906,1.8646295070648193,1.8176923990249634,1.912619948387146,4.730177402496338,4.731078624725342,4.560429096221924,4.907350540161133,1.2114085614362482,0.6527529299577948,331776
Mirror Moderate Bi-Maxwellian,ion,466000,61.486111111111114,1.8632168769836426,0.5367061732603547,1.8637158870697021,1.8166487216949463,1.911776065826416,4.731128215789795,4.730881690979004,4.560941219329834,4.90910530090332,1.2113660747266526,0.65185080225699,331776
Mirror Moderate Bi-Maxwellian,ion,466500,61.55208333333334,1.862261414527893,0.5369815387886951,1.8625576496124268,1.8154568672180176,1.9107780456542969,4.732161521911621,4.73195743560791,4.562513828277588,4.9094696044921875,1.2113199212177432,0.6509414933101498,331776
Mirror Moderate Bi-Maxwellian,ion,467000,61.61805555555555,1.8613054752349854,0.53725732466013,1.8617603778839111,1.8148622512817383,1.9094616174697876,4.733132362365723,4.732508659362793,4.5632734298706055,4.910860538482666,1.2112765761530866,0.6500288990818988,331776
Mirror Moderate Bi-Maxwellian,ion,467500,61.68402777777778,1.8603515625,0.5375328083989501,1.8606359958648682,1.8136043548583984,1.9087809324264526,4.734146595001221,4.734381675720215,4.564823150634766,4.911586284637451,1.2112313127472434,0.6491202497527566,331776
Mirror Moderate Bi-Maxwellian,ion,468000,61.75,1.8593868017196655,0.537811712482386,1.8594709634780884,1.8127763271331787,1.9080089330673218,4.73514986038208,4.735635280609131,4.565581321716309,4.913498401641846,1.2111865578673173,0.6482002438523482,331776
Mirror Moderate Bi-Maxwellian,ion,468500,61.81597222222223,1.8584309816360474,0.5380883174470446,1.858794927597046,1.8117996454238892,1.9069641828536987,4.736117839813232,4.73686408996582,4.565913200378418,4.914087772369385,1.2111433950383792,0.6472875865976682,331776
Mirror Moderate Bi-Maxwellian,ion,469000,61.88194444444444,1.8574880361557007,0.5383614755708589,1.8579163551330566,1.8109662532806396,1.9058834314346313,4.737104892730713,4.738090515136719,4.567136287689209,4.914855003356934,1.2110993998749198,0.6463886362807809,331776
Mirror Moderate Bi-Maxwellian,ion,469500,61.947916666666664,1.8565192222595215,0.5386424164156651,1.8567755222320557,1.8099501132965088,1.9050267934799194,4.738113880157471,4.738714218139648,4.567941665649414,4.915781021118164,1.2110544459870105,0.645464776272511,331776
Mirror Moderate Bi-Maxwellian,ion,470000,62.01388888888889,1.8555564880371094,0.53892188486153,1.8558173179626465,1.8088047504425049,1.904057264328003,4.739112377166748,4.73946475982666,4.568696022033691,4.917754650115967,1.2110099783280186,0.6445465097090908,331776
Mirror Moderate Bi-Maxwellian,ion,470500,62.079861111111114,1.8546216487884521,0.5391935334375391,1.8549518585205078,1.8078362941741943,1.9032336473464966,4.7400970458984375,4.741145610809326,4.569769859313965,4.91828727722168,1.2109661448525175,0.6436555039359346,331776
Mirror Moderate Bi-Maxwellian,ion,471000,62.14583333333334,1.8536522388458252,0.5394755170595802,1.8538644313812256,1.8067570924758911,1.9021788835525513,4.741096496582031,4.742008209228516,4.570187568664551,4.920633316040039,1.210921671963632,0.6427305668821932,331776
Mirror Moderate Bi-Maxwellian,ion,471500,62.21180555555555,1.852702021598816,0.5397522042627425,1.853001356124878,1.8062492609024048,1.901027798652649,4.742066860198975,4.741945743560791,4.571178913116455,4.921224594116211,1.2108785113076286,0.6418235102911873,331776
Mirror Moderate Bi-Maxwellian,ion,472000,62.27777777777778,1.8517494201660156,0.540029870731833,1.8519856929779053,1.8049657344818115,1.9003125429153442,4.743048667907715,4.743451118469238,4.572800636291504,4.921082019805908,1.2108348596054206,0.640914560560595,331776
Mirror Moderate Bi-Maxwellian,ion,472500,62.34375,1.8507893085479736,0.540310015506057,1.8512191772460938,1.8039064407348633,1.8993641138076782,4.744032859802246,4.744544506072998,4.572798252105713,4.92310905456543,1.210791120034882,0.6399981885130916,331776
Mirror Moderate Bi-Maxwellian,ion,473000,62.40972222222223,1.8498400449752808,0.5405872808929071,1.8502633571624756,1.803083896636963,1.8983299732208252,4.7450056076049805,4.7455291748046875,4.5742106437683105,4.923807144165039,1.2107479068933589,0.6390921380819219,331776
Mirror Moderate Bi-Maxwellian,ion,473500,62.47569444444444,1.8489055633544922,0.5408605067885066,1.8491755723953247,1.8022677898406982,1.8974119424819946,4.745944976806641,4.746283531188965,4.575639247894287,4.924649715423584,1.2107061933686514,0.6381993699858408,331776
Mirror Moderate Bi-Maxwellian,ion,474000,62.541666666666664,1.8479478359222412,0.5411408160777101,1.8481882810592651,1.8011239767074585,1.8965450525283813,4.74692964553833,4.747199058532715,4.576308727264404,4.926103591918945,1.2106624860007997,0.6372853499214415,331776
Mirror Moderate Bi-Maxwellian,ion,474500,62.60763888888889,1.8470137119293213,0.5414144971102772,1.8473660945892334,1.800323486328125,1.895607829093933,4.747901439666748,4.748281478881836,4.576266288757324,4.9273247718811035,1.2106193678843908,0.6363943440449304,331776
Mirror Moderate Bi-Maxwellian,ion,475000,62.673611111111114,1.8460532426834106,0.5416961856129386,1.8462201356887817,1.7991786003112793,1.8946951627731323,4.748877048492432,4.7483720779418945,4.577713966369629,4.927563190460205,1.2105760982625267,0.635477144420884,331776
Mirror Moderate Bi-Maxwellian,ion,475500,62.73958333333334,1.845112681388855,0.5419723196782101,1.8455848693847656,1.7983503341674805,1.8936476707458496,4.749810218811035,4.750181674957275,4.578229904174805,4.92888879776001,1.2105347274801894,0.6345779539086656,331776
Mirror Moderate Bi-Maxwellian,ion,476000,62.80555555555555,1.8441563844680786,0.5422533622540022,1.8443598747253418,1.7972137928009033,1.892882227897644,4.750817775726318,4.751379013061523,4.578737258911133,4.930649757385254,1.2104900771209053,0.6336663073471733,331776
Mirror Moderate Bi-Maxwellian,ion,476500,62.87152777777778,1.84319007396698,0.5425376439054731,1.843559980392456,1.7963440418243408,1.8915610313415527,4.751817226409912,4.751832962036133,4.5799055099487305,4.932187557220459,1.2104458047001776,0.6327442692668024,331776
Mirror Moderate Bi-Maxwellian,ion,477000,62.9375,1.8422563076019287,0.5428126346337244,1.8426381349563599,1.7953579425811768,1.8909584283828735,4.752747058868408,4.752936363220215,4.581096649169922,4.932698726654053,1.210404632860494,0.6318516747414347,331776
Mirror Moderate Bi-Maxwellian,ion,477500,63.00347222222223,1.841306209564209,0.5430927212463347,1.8415729999542236,1.7942063808441162,1.890286922454834,4.7537007331848145,4.754081726074219,4.5815958976745605,4.9335503578186035,1.2103624220639642,0.6309437875002448,331776
Mirror Moderate Bi-Maxwellian,ion,478000,63.06944444444444,1.8403542041778564,0.5433736602062054,1.8406472206115723,1.7934752702713013,1.8891260623931885,4.754680633544922,4.754744529724121,4.583502769470215,4.933891773223877,1.2103190681083527,0.6300351360695038,331776
Mirror Moderate Bi-Maxwellian,ion,478500,63.135416666666664,1.8393865823745728,0.5436595056103111,1.8396570682525635,1.7923922538757324,1.8878192901611328,4.755680084228516,4.756342887878418,4.584375381469727,4.9357428550720215,1.2102748675875712,0.6291117147870016,331776
Mirror Moderate Bi-Maxwellian,ion,479000,63.20138888888889,1.838448166847229,0.5439370105902462,1.8388113975524902,1.7916499376296997,1.8869354724884033,4.756608486175537,4.75699520111084,4.584721565246582,4.937516212463379,1.2102338258249274,0.6282143410223016,331776
Mirror Moderate Bi-Maxwellian,ion,479500,63.267361111111114,1.8374944925308228,0.5442193182427869,1.8377468585968018,1.790574073791504,1.8861088752746582,4.757552146911621,4.757611274719238,4.585955619812012,4.938488006591797,1.2101921259337436,0.6273023665970792,331776
Mirror Moderate Bi-Maxwellian,ion,480000,63.33333333333334,1.836539387702942,0.5445023432090687,1.8366060256958008,1.7894655466079712,1.8851677179336548,4.7585248947143555,4.758915901184082,4.586203575134277,4.939027786254883,1.2101491580112933,0.6263902296916486,331776
Mirror Moderate Bi-Maxwellian,ion,480500,63.39930555555555,1.8355785608291626,0.5447873609660612,1.8357826471328735,1.7885489463806152,1.884263038635254,4.759514808654785,4.759940147399902,4.587213516235352,4.940019130706787,1.2101054498625747,0.6254731109665879,331776
Mirror Moderate Bi-Maxwellian,ion,481000,63.46527777777778,1.8346307277679443,0.5450688167730756,1.8347511291503906,1.7876269817352295,1.8833857774734497,4.760435581207275,4.7607951164245605,4.587798118591309,4.941178321838379,1.210064810864722,0.6245659169032223,331776
Mirror Moderate Bi-Maxwellian,ion,481500,63.53125,1.8336745500564575,0.5453530453205072,1.8340528011322021,1.7867066860198975,1.8824260234832764,4.7614312171936035,4.761691093444824,4.588129043579102,4.942441940307617,1.2100208853986978,0.6236536646577597,331776
Mirror Moderate Bi-Maxwellian,ion,482000,63.59722222222223,1.8327312469482422,0.5456337374424876,1.8329486846923828,1.7856627702713013,1.881502628326416,4.762325286865234,4.76318359375,4.589804172515869,4.943286895751953,1.2099814564868252,0.622749790461417,331776
Mirror Moderate Bi-Maxwellian,ion,482500,63.66319444444444,1.831784963607788,0.5459156068354509,1.8320084810256958,1.7846453189849854,1.8805608749389648,4.763288497924805,4.764263153076172,4.5901384353637695,4.9446516036987305,1.2099389949686365,0.6218459686391515,331776
Mirror Moderate Bi-Maxwellian,ion,483000,63.729166666666664,1.8308342695236206,0.5461990834703996,1.8312110900878906,1.7840492725372314,1.8796290159225464,4.76427698135376,4.764437675476074,4.5913567543029785,4.945430755615234,1.209895437211934,0.6209388323116867,331776
Mirror Moderate Bi-Maxwellian,ion,483500,63.79513888888889,1.8298709392547607,0.5464866283997402,1.8301546573638916,1.7827738523483276,1.878880262374878,4.765233993530273,4.76575231552124,4.591859817504883,4.947209358215332,1.2098532834605171,0.6200176557942436,331776
Mirror Moderate Bi-Maxwellian,ion,484000,63.861111111111114,1.8289111852645874,0.5467734070724329,1.829256296157837,1.781968116760254,1.8777031898498535,4.766207695007324,4.76668643951416,4.593276500701904,4.947969913482666,1.2098104119649498,0.6191007732996376,331776
Mirror Moderate Bi-Maxwellian,ion,484500,63.92708333333334,1.827950358390808,0.547060807975292,1.828139305114746,1.780892014503479,1.876582145690918,4.76714563369751,4.768312454223633,4.593477249145508,4.949212074279785,1.2097691316437456,0.6181812267470626,331776
Mirror Moderate Bi-Maxwellian,ion,485000,63.99305555555555,1.8270238637924194,0.5473382257439505,1.8272669315338135,1.780018925666809,1.875840425491333,4.768082618713379,4.768869400024414,4.59438943862915,4.949803352355957,1.2097279095113165,0.617295954281103,331776
Mirror Moderate Bi-Maxwellian,ion,485500,64.05902777777777,1.8260496854782104,0.5476302249344971,1.8262479305267334,1.7790453433990479,1.8748424053192139,4.769082546234131,4.769532203674316,4.59644079208374,4.950543403625488,1.2096839361251237,0.6163657493530867,331776
Mirror Moderate Bi-Maxwellian,ion,486000,64.125,1.8250890970230103,0.5479184559434099,1.8252168893814087,1.777958631515503,1.8738856315612793,4.770013809204102,4.77048397064209,4.595663070678711,4.952232360839844,1.2096429989511612,0.615446098071849,331776
Mirror Moderate Bi-Maxwellian,ion,486500,64.19097222222223,1.8241407871246338,0.5482033004570251,1.8244400024414062,1.7771074771881104,1.8729112148284912,4.770995140075684,4.771108627319336,4.5972137451171875,4.9537248611450195,1.2095998781470434,0.6145409089775904,331776
Mirror Moderate Bi-Maxwellian,ion,487000,64.25694444444444,1.8231595754623413,0.548498339618136,1.8232481479644775,1.7763464450836182,1.8717567920684814,4.771997928619385,4.771986484527588,4.598299503326416,4.9542059898376465,1.2095558327891638,0.6136037426731775,331776
Mirror Moderate Bi-Maxwellian,ion,487500,64.32291666666667,1.8222116231918335,0.5487836798276886,1.8223493099212646,1.7750638723373413,1.871150255203247,4.772965431213379,4.773648262023926,4.599544525146484,4.955282688140869,1.209513354833953,0.6126982683578805,331776
Mirror Moderate Bi-Maxwellian,ion,488000,64.38888888888889,1.8212358951568604,0.5490776909565971,1.8214759826660156,1.774266004562378,1.8700907230377197,4.773945331573486,4.774600982666016,4.599062442779541,4.956358909606934,1.209470350107759,0.6117655450491013,331776
Mirror Moderate Bi-Maxwellian,ion,488500,64.45486111111111,1.8202766180038452,0.5493670522981401,1.8204957246780396,1.773241639137268,1.8692470788955688,4.774912357330322,4.775373935699463,4.600281238555908,4.957663059234619,1.209427927711558,0.6108486902922872,331776
Mirror Moderate Bi-Maxwellian,ion,489000,64.52083333333334,1.8193304538726807,0.549652757074104,1.8195734024047852,1.7721648216247559,1.867993950843811,4.77588415145874,4.7766642570495605,4.601219177246094,4.958899021148682,1.2093853134386774,0.6099451404340033,331776
Mirror Moderate Bi-Maxwellian,ion,489500,64.58680555555556,1.8183542490005493,0.5499478446235907,1.818617343902588,1.7711181640625,1.8672603368759155,4.776888847351074,4.777047157287598,4.6015119552612305,4.961038589477539,1.2093412746152823,0.609012974385267,331776
Mirror Moderate Bi-Maxwellian,ion,490000,64.65277777777777,1.8173829317092896,0.5502417693884015,1.8175876140594482,1.77034592628479,1.8660370111465454,4.777881622314453,4.778112411499023,4.6039018630981445,4.960611343383789,1.2092977765145194,0.6080851551947701,331776
Mirror Moderate Bi-Maxwellian,ion,490500,64.71875,1.8164139986038208,0.5505352858812176,1.8166804313659668,1.7691700458526611,1.8652530908584595,4.77883243560791,4.779821395874023,4.603668212890625,4.962516784667969,1.2092561338934644,0.6071578647103564,331776
Mirror Moderate Bi-Maxwellian,ion,491000,64.78472222222223,1.8154219388961792,0.5508361326777974,1.8157334327697754,1.7682774066925049,1.8642661571502686,4.779876708984375,4.780729293823242,4.604501247406006,4.963124752044678,1.2092104171056075,0.6062115217905717,331776
Mirror Moderate Bi-Maxwellian,ion,491500,64.85069444444444,1.814446210861206,0.5511323477180189,1.8146051168441772,1.7673602104187012,1.8632408380508423,4.780891418457031,4.781813621520996,4.6058430671691895,4.9644670486450195,1.2091660137143916,0.6052801971468145,331776
Mirror Moderate Bi-Maxwellian,ion,492000,64.91666666666667,1.8134784698486328,0.551426452878411,1.8136565685272217,1.7663254737854004,1.8622246980667114,4.781885623931885,4.782284736633301,4.6067214012146,4.966586112976074,1.20912252584949,0.6043559439991428,331776
Mirror Moderate Bi-Maxwellian,ion,492500,64.98263888888889,1.8124711513519287,0.5517329195855595,1.8125483989715576,1.7652652263641357,1.8613625764846802,4.782947063446045,4.783632755279541,4.6079254150390625,4.966650009155273,1.209076117033065,0.6033950343188637,331776
Mirror Moderate Bi-Maxwellian,ion,493000,65.04861111111111,1.8114855289459229,0.5520331153745873,1.811641812324524,1.7642104625701904,1.860297679901123,4.7839460372924805,4.784580707550049,4.607950210571289,4.9686713218688965,1.209032458185076,0.6024530707608469,331776
Mirror Moderate Bi-Maxwellian,ion,493500,65.11458333333334,1.8105146884918213,0.5523291284828024,1.8105964660644531,1.7632853984832764,1.8595231771469116,4.784937381744385,4.785228729248047,4.609423637390137,4.969311714172363,1.2089891507912363,0.601525537700585,331776
Mirror Moderate Bi-Maxwellian,ion,494000,65.18055555555556,1.8095141649246216,0.5526345244396894,1.8096784353256226,1.7624378204345703,1.8583543300628662,4.7860188484191895,4.786800384521484,4.609940528869629,4.969991683959961,1.2089419268230206,0.600572238101601,331776
Mirror Moderate Bi-Maxwellian,ion,494500,65.24652777777777,1.8085345029830933,0.5529338800838727,1.808637261390686,1.7613604068756104,1.8575501441955566,4.78700590133667,4.7877912521362305,4.610764980316162,4.972294807434082,1.2088988442067246,0.5996356587763687,331776
Mirror Moderate Bi-Maxwellian,ion,495000,65.3125,1.8075530529022217,0.5532341075103671,1.8078546524047852,1.7602804899215698,1.856444239616394,4.788022518157959,4.7891435623168945,4.612249851226807,4.9730024337768555,1.2088544897622409,0.5986985631399808,331776
Mirror Moderate Bi-Maxwellian,ion,495500,65.37847222222223,1.8065365552902222,0.5535453999375888,1.806807279586792,1.759285807609558,1.8554691076278687,4.789096832275391,4.790110111236572,4.613299369812012,4.97415018081665,1.20880763848011,0.5977289168101121,331776
Mirror Moderate Bi-Maxwellian,ion,496000,65.44444444444444,1.8055778741836548,0.5538393077906563,1.8056292533874512,1.7583835124969482,1.8545682430267334,4.790070533752441,4.790781021118164,4.613519668579102,4.974785804748535,1.2087651931122236,0.5968126810714312,331776
Mirror Moderate Bi-Maxwellian,ion,496500,65.51041666666667,1.8045552968978882,0.5541531488223415,1.8048237562179565,1.7571014165878296,1.8535902500152588,4.7911906242370605,4.791979789733887,4.614727973937988,4.976827621459961,1.2087163877265348,0.5958389091713534,331776
Mirror Moderate Bi-Maxwellian,ion,497000,65.57638888888889,1.8035597801208496,0.5544590265441569,1.8035197257995605,1.7560688257217407,1.8526753187179565,4.792214870452881,4.792885780334473,4.6160430908203125,4.977723598480225,1.2086717785059369,0.5948880016149127,331776
Mirror Moderate Bi-Maxwellian,ion,497500,65.64236111111111,1.8025743961334229,0.5547621236299765,1.8027029037475586,1.7552518844604492,1.851628065109253,4.793269157409668,4.7935895919799805,4.617040634155273,4.978814125061035,1.2086258808258559,0.593948515307567,331776
Mirror Moderate Bi-Maxwellian,ion,498000,65.70833333333334,1.801541805267334,0.5550800969903711,1.801702857017517,1.7541050910949707,1.850532054901123,4.794376850128174,4.794875621795654,4.617744445800781,4.980225563049316,1.2085776799070906,0.5929641253602433,331776
Mirror Moderate Bi-Maxwellian,ion,498500,65.77430555555556,1.8005613088607788,0.5553823660871083,1.8007228374481201,1.7531481981277466,1.849790096282959,4.795382976531982,4.796416282653809,4.618607521057129,4.98244047164917,1.208533917915186,0.5920273909455929,331776
Mirror Moderate Bi-Maxwellian,ion,499000,65.84027777777777,1.7995662689208984,0.5556894554373067,1.7998569011688232,1.7523852586746216,1.8485937118530273,4.796473503112793,4.7972259521484375,4.619530200958252,4.982726573944092,1.2084865056277336,0.5910797632931648,331776
Mirror Moderate Bi-Maxwellian,ion,499500,65.90625,1.7985252141952515,0.5560111096065168,1.7985854148864746,1.7510344982147217,1.8475098609924316,4.797576427459717,4.797931671142578,4.620368480682373,4.982824325561523,1.208438576252029,0.5900866379432224,331776
Mirror Moderate Bi-Maxwellian,ion,500000,65.97222222222223,1.7975281476974487,0.5563195220508531,1.7975414991378784,1.7500507831573486,1.846440076828003,4.798652648925781,4.799478530883789,4.621378421783447,4.985623836517334,1.2083918285320898,0.5891363191653589,331776
Mirror Moderate Bi-Maxwellian,ion,500500,66.03819444444444,1.796494483947754,0.5566396161721152,1.7964632511138916,1.7493282556533813,1.8455088138580322,4.799773216247559,4.800205230712891,4.622039794921875,4.986736297607422,1.2083431768432167,0.5881513071045372,331776
Mirror Moderate Bi-Maxwellian,ion,501000,66.10416666666667,1.7954998016357422,0.5569479868997906,1.7957478761672974,1.748099446296692,1.8446615934371948,4.800872802734375,4.80206823348999,4.623342990875244,4.98721981048584,1.2082954581572005,0.5872043434785417,331776
Mirror Moderate Bi-Maxwellian,ion,501500,66.17013888888889,1.7944716215133667,0.557267101920871,1.7946031093597412,1.7472548484802246,1.843347430229187,4.801980018615723,4.803034782409668,4.624189376831055,4.98976993560791,1.2082474304606274,0.5862241910527393,331776
Mirror Moderate Bi-Maxwellian,ion,502000,66.23611111111111,1.7934492826461792,0.5575847667822147,1.7936936616897583,1.7462382316589355,1.8425118923187256,4.8030924797058105,4.80397891998291,4.62520170211792,4.990801811218262,1.20819919754309,0.5852500851030893,331776
Mirror Moderate Bi-Maxwellian,ion,502500,66.30208333333334,1.7924411296844482,0.5578983786073051,1.7926111221313477,1.7450276613235474,1.841582179069519,4.804188251495361,4.8050947189331055,4.626123905181885,4.991509437561035,1.2081517100602246,0.5842894196242236,331776
Mirror Moderate Bi-Maxwellian,ion,503000,66.36805555555556,1.7913979291915894,0.5582232644710456,1.7914724349975586,1.7439895868301392,1.8404004573822021,4.8053364753723145,4.806612968444824,4.626428604125977,4.99372673034668,1.208101972697452,0.5832959564941373,331776
Mirror Moderate Bi-Maxwellian,ion,503500,66.43402777777777,1.7903605699539185,0.558546706614377,1.7904725074768066,1.7430403232574463,1.8394973278045654,4.806476593017578,4.807446479797363,4.62788724899292,4.9940690994262695,1.208052609983103,0.5823079599708154,331776
Mirror Moderate Bi-Maxwellian,ion,504000,66.5,1.7893720865249634,0.5588552585181109,1.7893728017807007,1.7421581745147705,1.838175892829895,4.807589530944824,4.8085126876831055,4.628904819488525,4.9952192306518555,1.2080044466282611,0.5813676398967023,331776
Mirror Moderate Bi-Maxwellian,ion,504500,66.56597222222223,1.7883425951004028,0.5591769735506731,1.7885851860046387,1.7410157918930054,1.8371853828430176,4.808696269989014,4.809229850769043,4.629870891571045,4.997654914855957,1.2079565736436675,0.5803860214567353,331776
Mirror Moderate Bi-Maxwellian,ion,505000,66.63194444444444,1.7873201370239258,0.5594968574936464,1.7872726917266846,1.7400492429733276,1.8363287448883057,4.809850692749023,4.810613632202148,4.6305460929870605,4.999143123626709,1.2079066615326597,0.5794134754912661,331776
Mirror Moderate Bi-Maxwellian,ion,505500,66.69791666666667,1.7862722873687744,0.5598250653448954,1.786417007446289,1.7388205528259277,1.8354997634887695,4.8109917640686035,4.812069892883301,4.631295204162598,5.000275611877441,1.2078573502180163,0.5784149371507581,331776
Mirror Moderate Bi-Maxwellian,ion,506000,66.76388888888889,1.7852365970611572,0.5601498432455353,1.7852468490600586,1.7379488945007324,1.8343358039855957,4.812150001525879,4.813032627105713,4.632654190063477,5.001270294189453,1.2078073209860274,0.5774292760751298,331776
Mirror Moderate Bi-Maxwellian,ion,506500,66.82986111111111,1.7842390537261963,0.5604630152622233,1.7842036485671997,1.7368741035461426,1.8331085443496704,4.813286304473877,4.814384460449219,4.633662223815918,5.002344131469727,1.207758262597119,0.5764807911290772,331776
Mirror Moderate Bi-Maxwellian,ion,507000,66.89583333333334,1.783188819885254,0.5607931077452296,1.7831215858459473,1.7357473373413086,1.8320752382278442,4.814465522766113,4.815058708190918,4.635183334350586,5.003490924835205,1.2077073758803154,0.5754814440049385,331776
Mirror Moderate Bi-Maxwellian,ion,507500,66.96180555555556,1.7821604013442993,0.5611167206081401,1.7824223041534424,1.7348456382751465,1.8308842182159424,4.815605640411377,4.816556930541992,4.635780334472656,5.005306243896484,1.2076582001666096,0.5745022011776897,331776
Mirror Moderate Bi-Maxwellian,ion,508000,67.02777777777777,1.7811222076416016,0.5614437884776633,1.7811888456344604,1.733935832977295,1.8298516273498535,4.81678581237793,4.817572116851807,4.637591361999512,5.0066986083984375,1.2076073213449208,0.5735148862966808,331776
Mirror Moderate Bi-Maxwellian,ion,508500,67.09375,1.7800865173339844,0.5617704478194064,1.7801439762115479,1.7328548431396484,1.8289990425109863,4.817957401275635,4.8193769454956055,4.637941360473633,5.007872581481934,1.207556837205583,0.5725296801284014,331776
Mirror Moderate Bi-Maxwellian,ion,509000,67.15972222222223,1.779069423675537,0.5620916118798847,1.7790977954864502,1.7317177057266235,1.827885389328003,4.819091796875,4.82014274597168,4.639982223510742,5.009049892425537,1.2075079791276153,0.5715614445479218,331776
Mirror Moderate Bi-Maxwellian,ion,509500,67.22569444444444,1.7780364751815796,0.5624181584339412,1.7779297828674316,1.7307312488555908,1.8267953395843506,4.8202900886535645,4.821286201477051,4.640572547912598,5.010392189025879,1.2074563940360956,0.570580081145484,331776
Mirror Moderate Bi-Maxwellian,ion,510000,67.29166666666667,1.7769863605499268,0.5627505208821797,1.7772045135498047,1.7297420501708984,1.8258904218673706,4.821486473083496,4.822640419006348,4.64127254486084,5.011724472045898,1.207404916633618,0.5695814439163087,331776
Mirror Moderate Bi-Maxwellian,ion,510500,67.35763888888889,1.775963544845581,0.5630746210429389,1.7761592864990234,1.728769063949585,1.8246878385543823,4.822640895843506,4.824052810668945,4.642385005950928,5.013136863708496,1.2073552689485694,0.5686082758970117,331776
Mirror Moderate Bi-Maxwellian,ion,511000,67.42361111111111,1.7749308347702026,0.563402235405679,1.7751522064208984,1.7275384664535522,1.8239123821258545,4.823833465576172,4.824877738952637,4.643136978149414,5.0144476890563965,1.2073040056494897,0.5676268291207129,331776
Mirror Moderate Bi-Maxwellian,ion,511500,67.48958333333334,1.7738885879516602,0.5637332619376718,1.7737962007522583,1.7263706922531128,1.8230414390563965,4.825042247772217,4.826171398162842,4.645943641662598,5.015472888946533,1.2072520713081243,0.5666365166435359,331776
Mirror Moderate Bi-Maxwellian,ion,512000,67.55555555555556,1.772842288017273,0.5640659672657001,1.7728756666183472,1.7255388498306274,1.8217225074768066,4.8262810707092285,4.827714920043945,4.645660400390625,5.016720771789551,1.2071988732834096,0.5656434147338634,331776
Mirror Moderate Bi-Maxwellian,ion,512500,67.62152777777777,1.7718086242675781,0.5643950403579141,1.7717307806015015,1.724530816078186,1.820695400238037,4.8274078369140625,4.828731536865234,4.646575927734375,5.018190383911133,1.2071505109539808,0.5646581133135973,331776
Mirror Moderate Bi-Maxwellian,ion,513000,67.6875,1.7707726955413818,0.5647252199663424,1.77085542678833,1.723354697227478,1.8198597431182861,4.82863187789917,4.829965114593506,4.647781848907471,5.019834041595459,1.2070979990371677,0.5636746965042141,331776
Mirror Moderate Bi-Maxwellian,ion,513500,67.75347222222223,1.769742488861084,0.565053959146084,1.7698440551757812,1.7222833633422852,1.8186366558074951,4.829804420471191,4.830792427062988,4.64885139465332,5.021208763122559,1.2070477213862918,0.5626947674747922,331776
Mirror Moderate Bi-Maxwellian,ion,514000,67.81944444444444,1.768723964691162,0.5653793468980394,1.768725037574768,1.7213703393936157,1.8176709413528442,4.8309760093688965,4.832391738891602,4.651256561279297,5.021772861480713,1.2069975090045286,0.5617264556866335,331776
Mirror Moderate Bi-Maxwellian,ion,514500,67.88541666666667,1.7676955461502075,0.5657082760534524,1.767683982849121,1.7204631567001343,1.816541075706482,4.83213472366333,4.834019660949707,4.650581359863281,5.023008823394775,1.2069478723560674,0.5607476737941401,331776
Mirror Moderate Bi-Maxwellian,ion,515000,67.95138888888889,1.7666711807250977,0.5660362895542159,1.7667994499206543,1.7195162773132324,1.8155349493026733,4.833332061767578,4.834040641784668,4.651405334472656,5.024595260620117,1.2068966061550288,0.5597745745700689,331776
Mirror Moderate Bi-Maxwellian,ion,515500,68.01736111111111,1.7656326293945312,0.5663692340931187,1.7654674053192139,1.7181748151779175,1.8145685195922852,4.83453893661499,4.835629463195801,4.653204917907715,5.026254653930664,1.2068449573187576,0.5587876720757736,331776
Mirror Moderate Bi-Maxwellian,ion,516000,68.08333333333334,1.7646136283874512,0.5666962919887598,1.7645827531814575,1.7173140048980713,1.8134407997131348,4.83569860458374,4.836678981781006,4.654030799865723,5.028195858001709,1.206795353013131,0.5578182753743202,331776
Mirror Moderate Bi-Maxwellian,ion,516500,68.14930555555556,1.7635802030563354,0.567028365518603,1.7635136842727661,1.7162240743637085,1.8125638961791992,4.836877346038818,4.837601661682129,4.655184745788574,5.028698921203613,1.2067449572230635,0.5568352458332719,331776
Mirror Moderate Bi-Maxwellian,ion,517000,68.21527777777777,1.762567162513733,0.5673542667014305,1.7627531290054321,1.7153862714767456,1.8113964796066284,4.838061332702637,4.8397016525268555,4.6570024490356445,5.030001163482666,1.2066943619008195,0.5558728006129134,331776
Mirror Moderate Bi-Maxwellian,ion,517500,68.28125,1.761540412902832,0.5676849606601452,1.7615270614624023,1.714365005493164,1.8104323148727417,4.839241027832031,4.840866565704346,4.657792091369629,5.03151798248291,1.2066439745920234,0.5548964383108086,331776
Mirror Moderate Bi-Maxwellian,ion,518000,68.34722222222223,1.7605236768722534,0.5680128095616415,1.7604029178619385,1.7132571935653687,1.8094555139541626,4.840400695800781,4.841367244720459,4.658606052398682,5.032986640930176,1.2065944666249502,0.5539292102473032,331776
Mirror Moderate Bi-Maxwellian,ion,518500,68.41319444444444,1.759501338005066,0.5683428471465708,1.7594850063323975,1.7124550342559814,1.8082869052886963,4.8415679931640625,4.843515872955322,4.659926414489746,5.034297466278076,1.2065446568987415,0.5529566811063245,331776
Mirror Moderate Bi-Maxwellian,ion,519000,68.47916666666667,1.7584729194641113,0.5686752345920383,1.7585225105285645,1.7113285064697266,1.8071569204330444,4.842756748199463,4.843604564666748,4.661219596862793,5.035415172576904,1.2064939562309835,0.5519789632331278,331776
Mirror Moderate Bi-Maxwellian,ion,519500,68.54513888888889,1.7574769258499146,0.568997513020776,1.7574563026428223,1.7101571559906006,1.8062714338302612,4.843892574310303,4.844977378845215,4.660372257232666,5.0374979972839355,1.2064455362415598,0.5510313896083547,331776
Mirror Moderate Bi-Maxwellian,ion,520000,68.61111111111111,1.756469964981079,0.5693237117269877,1.7564356327056885,1.7093050479888916,1.8052494525909424,4.845033168792725,4.84649658203125,4.662307262420654,5.038969039916992,1.2063969358230788,0.5500730291580003,331776
Mirror Moderate Bi-Maxwellian,ion,520500,68.67708333333334,1.755462408065796,0.5696504780764974,1.755481243133545,1.708223581314087,1.8040568828582764,4.846188068389893,4.847231864929199,4.663853645324707,5.0393500328063965,1.2063477491768582,0.5491146588889377,331776
Mirror Moderate Bi-Maxwellian,ion,521000,68.74305555555556,1.7544397115707397,0.5699825382456178,1.754542350769043,1.707384705543518,1.8030636310577393,4.847352027893066,4.849190711975098,4.664603233337402,5.040629863739014,1.2062982003876983,0.5481415111830414,331776
Mirror Moderate Bi-Maxwellian,ion,521500,68.80902777777777,1.7534465789794922,0.5703053699999239,1.753516435623169,1.706421971321106,1.8019927740097046,4.84849214553833,4.849660873413086,4.665277481079102,5.0423736572265625,1.2062496895906532,0.547196889388839,331776
Mirror Moderate Bi-Maxwellian,ion,522000,68.875,1.7524173259735107,0.5706403293202295,1.7525639533996582,1.7052998542785645,1.801259994506836,4.849678039550781,4.851310729980469,4.666961669921875,5.043485164642334,1.2061992552587324,0.5462180707147783,331776
Mirror Moderate Bi-Maxwellian,ion,522500,68.94097222222223,1.7514411211013794,0.5709583884676398,1.7512149810791016,1.7043931484222412,1.8000096082687378,4.85076379776001,4.851985931396484,4.667190074920654,5.045048713684082,1.2061531011800206,0.5452880199213588,331776
Mirror Moderate Bi-Maxwellian,ion,523000,69.00694444444444,1.7504507303237915,0.571281432077225,1.7505683898925781,1.7035232782363892,1.7990607023239136,4.851911544799805,4.853008270263672,4.66898775100708,5.044658660888672,1.2061043345012714,0.5443463958225201,331776
Mirror Moderate Bi-Maxwellian,ion,523500,69.07291666666667,1.7494492530822754,0.5716084637711814,1.7493997812271118,1.702331781387329,1.798128366470337,4.853030681610107,4.855037689208984,4.6691460609436035,5.04745626449585,1.2060568056553531,0.5433924474269223,331776
Mirror Moderate Bi-Maxwellian,ion,524000,69.13888888888889,1.7484499216079712,0.5719351681976369,1.748518466949463,1.7014554738998413,1.796999454498291,4.854182243347168,4.8556976318359375,4.67005729675293,5.049179553985596,1.206007922626007,0.5424419989819642,331776
Mirror Moderate Bi-Maxwellian,ion,524500,69.20486111111111,1.7474761009216309,0.572253892040408,1.7475860118865967,1.7002569437026978,1.7962112426757812,4.855268955230713,4.856752395629883,4.671304702758789,5.050069808959961,1.2059618136957526,0.5415142872258782,331776
Mirror Moderate Bi-Maxwellian,ion,525000,69.27083333333334,1.7464869022369385,0.5725780128778396,1.7464325428009033,1.6992976665496826,1.7951245307922363,4.85637092590332,4.857639789581299,4.672835350036621,5.051861763000488,1.2059150784109418,0.5405718238259967,331776
Mirror Moderate Bi-Maxwellian,ion,525500,69.33680555555556,1.7455263137817383,0.5728931108654949,1.7455315589904785,1.6983555555343628,1.7941181659698486,4.857458114624023,4.859259605407715,4.673827171325684,5.051695823669434,1.205868990818339,0.5396573229633992,331776
Mirror Moderate Bi-Maxwellian,ion,526000,69.40277777777777,1.7445369958877563,0.573217995581184,1.744452714920044,1.69728684425354,1.7930775880813599,4.85854959487915,4.860764503479004,4.674958229064941,5.053334712982178,1.2058227420491883,0.5387142538385681,331776
Mirror Moderate Bi-Maxwellian,ion,526500,69.46875,1.7435431480407715,0.5735447391271649,1.7433552742004395,1.6964435577392578,1.7921996116638184,4.859694004058838,4.861590385437012,4.675136089324951,5.055084705352783,1.205774272858496,0.5377688751822756,331776
Mirror Moderate Bi-Maxwellian,ion,527000,69.53472222222223,1.7425851821899414,0.5738600386486015,1.742405652999878,1.6955488920211792,1.7909311056137085,4.860751152038574,4.862668991088867,4.676196098327637,5.056574821472168,1.2057295197226061,0.5368556624673353,331776
Mirror Moderate Bi-Maxwellian,ion,527500,69.60069444444444,1.7415928840637207,0.5741870038344807,1.7416490316390991,1.6945018768310547,1.790116310119629,4.861859321594238,4.862894535064697,4.676464080810547,5.0583014488220215,1.2056826275409576,0.5359102565227631,331776
Mirror Moderate Bi-Maxwellian,ion,528000,69.66666666666667,1.7406450510025024,0.5744996657555558,1.7405176162719727,1.6935815811157227,1.7890658378601074,4.862939357757568,4.864125728607178,4.678050994873047,5.058171272277832,1.2056369463881464,0.535008104614356,331776
Mirror Moderate Bi-Maxwellian,ion,528500,69.73263888888889,1.739667296409607,0.5748225549010658,1.739643931388855,1.6926192045211792,1.7881667613983154,4.864001750946045,4.865689277648926,4.679251194000244,5.059937477111816,1.2055920312539978,0.5340752651556091,331776
Mirror Moderate Bi-Maxwellian,ion,529000,69.79861111111111,1.7387248277664185,0.5751341351032578,1.7386102676391602,1.6917049884796143,1.7871958017349243,4.865075588226318,4.866168975830078,4.67988395690918,5.061168670654297,1.2055466522288043,0.5331781755376142,331776
Mirror Moderate Bi-Maxwellian,ion,529500,69.86458333333334,1.7377474308013916,0.5754576196028862,1.737674593925476,1.690887689590454,1.786124587059021,4.8661603927612305,4.867701053619385,4.681090831756592,5.06264591217041,1.2055008300769479,0.5322466007244437,331776
Mirror Moderate Bi-Maxwellian,ion,530000,69.93055555555556,1.7368098497390747,0.5757682685587213,1.7366232872009277,1.689885139465332,1.785284161567688,4.867185592651367,4.868823051452637,4.681995391845703,5.063053607940674,1.20545754439893,0.5313523053401448,331776
Mirror Moderate Bi-Maxwellian,ion,530500,69.99652777777777,1.7358391284942627,0.576090251443658,1.7355248928070068,1.6888736486434937,1.7841798067092896,4.868278503417969,4.869252681732178,4.683121681213379,5.063997268676758,1.2054114199296344,0.5304277085646283,331776
Mirror Moderate Bi-Maxwellian,ion,531000,70.0625,1.734893560409546,0.57640423759711,1.7347586154937744,1.6878128051757812,1.7835009098052979,4.869313716888428,4.8707499504089355,4.684380054473877,5.0653839111328125,1.2053677495725243,0.5295258108370215,331776
Mirror Moderate Bi-Maxwellian,ion,531500,70.12847222222223,1.733952522277832,0.5767170595226768,1.7339234352111816,1.6871123313903809,1.7821526527404785,4.870355606079102,4.871391296386719,4.685371398925781,5.067037105560303,1.2053238163455284,0.5286287059323036,331776
Mirror Moderate Bi-Maxwellian,ion,532000,70.19444444444444,1.7330130338668823,0.5770297051769392,1.7328832149505615,1.6861112117767334,1.781205654144287,4.871395587921143,4.872286796569824,4.68612813949585,5.067348480224609,1.205279982286708,0.5277330515801744,331776
Mirror Moderate Bi-Maxwellian,ion,532500,70.26041666666667,1.7320377826690674,0.5773546108555447,1.7319766283035278,1.6851216554641724,1.7801108360290527,4.872504711151123,4.873669624328613,4.686554908752441,5.069562911987305,1.2052332546157254,0.526804528053342,331776
Mirror Moderate Bi-Maxwellian,ion,533000,70.32638888888889,1.7311420440673828,0.5776533493753423,1.731201171875,1.6843243837356567,1.7794077396392822,4.873449325561523,4.874975681304932,4.687692642211914,5.070040702819824,1.2051934745181287,0.5259485695492541,331776
Mirror Moderate Bi-Maxwellian,ion,533500,70.39236111111111,1.7301942110061646,0.5779697987883494,1.7300752401351929,1.6833367347717285,1.7785322666168213,4.874497890472412,4.875397205352783,4.689255237579346,5.071976661682129,1.2051493348585869,0.5250448761475777,331776
Mirror Moderate Bi-Maxwellian,ion,534000,70.45833333333334,1.7292866706848145,0.5782731209071253,1.7291245460510254,1.6825952529907227,1.777477741241455,4.875463485717773,4.876917839050293,4.689068794250488,5.072966575622559,1.2051087046245774,0.524177966060237,331776
Mirror Moderate Bi-Maxwellian,ion,534500,70.52430555555556,1.7283388376235962,0.5785902499159042,1.7281887531280518,1.6814199686050415,1.7767049074172974,4.876534461975098,4.87767219543457,4.6894121170043945,5.074151992797852,1.2050636589974961,0.5232751786261001,331776
Mirror Moderate Bi-Maxwellian,ion,535000,70.59027777777779,1.7273969650268555,0.578905729398716,1.7273311614990234,1.68058443069458,1.7754852771759033,4.877557754516602,4.879290580749512,4.690023899078369,5.075225830078125,1.2050206374438117,0.5223763275830438,331776
Mirror Moderate Bi-Maxwellian,ion,535500,70.65625,1.726477861404419,0.5792139142673634,1.7263545989990234,1.6797007322311401,1.7746679782867432,4.87856388092041,4.87985897064209,4.691212177276611,5.077795505523682,1.2049783551899163,0.5214995062145027,331776
Mirror Moderate Bi-Maxwellian,ion,536000,70.72222222222223,1.7255667448043823,0.579519745040847,1.7253978252410889,1.678659439086914,1.7736749649047852,4.879522800445557,4.881155014038086,4.693536758422852,5.077398777008057,1.2049380730240031,0.5206286717803792,331776
Mirror Moderate Bi-Maxwellian,ion,536500,70.78819444444444,1.7246466875076294,0.5798289048089893,1.7244747877120972,1.677926778793335,1.7728875875473022,4.880499839782715,4.881823539733887,4.69300651550293,5.078545093536377,1.204897045964153,0.5197496415434764,331776
Mirror Moderate Bi-Maxwellian,ion,537000,70.85416666666667,1.7237404584884644,0.5801337405962455,1.7236111164093018,1.677000880241394,1.7719258069992065,4.881470680236816,4.88261079788208,4.694769859313965,5.080597877502441,1.204856295470259,0.5188841630182053,331776
Mirror Moderate Bi-Maxwellian,ion,537500,70.92013888888889,1.7228260040283203,0.5804416683180977,1.72258722782135,1.676233172416687,1.7708957195281982,4.882454872131348,4.883576393127441,4.695910453796387,5.079875469207764,1.2048150010987133,0.518011002929607,331776
Mirror Moderate Bi-Maxwellian,ion,538000,70.98611111111111,1.7219377756118774,0.5807410779664541,1.72182035446167,1.6751699447631836,1.770135760307312,4.88336706161499,4.88486385345459,4.696164131164551,5.082473278045654,1.2047767426414364,0.517161032970441,331776
Mirror Moderate Bi-Maxwellian,ion,538500,71.05208333333334,1.721029281616211,0.5810476385741121,1.7208971977233887,1.674391269683838,1.7692747116088867,4.884313106536865,4.885942459106445,4.6973795890808105,5.0833611488342285,1.2047370793370435,0.5162922022791674,331776
Mirror Moderate Bi-Maxwellian,ion,539000,71.11805555555556,1.7201391458511353,0.5813483184845456,1.7199101448059082,1.6735336780548096,1.7680842876434326,4.885261058807373,4.886776924133301,4.697968482971191,5.084311485290527,1.2046973514746266,0.5154417943765086,331776
Mirror Moderate Bi-Maxwellian,ion,539500,71.18402777777779,1.719224452972412,0.5816576179282896,1.719085931777954,1.6726353168487549,1.7674462795257568,4.886232376098633,4.888415336608887,4.698176383972168,5.085636615753174,1.2046566603937165,0.5145677925786956,331776
Mirror Moderate Bi-Maxwellian,ion,540000,71.25,1.7183442115783691,0.5819555786680594,1.7182931900024414,1.6717214584350586,1.766158938407898,4.88715934753418,4.888361930847168,4.699032783508301,5.086164951324463,1.204617842163168,0.5137263694152012,331776
Mirror Moderate Bi-Maxwellian,ion,540500,71.31597222222223,1.7174577713012695,0.5822559463819178,1.7173659801483154,1.6707383394241333,1.7655303478240967,4.888065338134766,4.889612197875977,4.700160980224609,5.088322162628174,1.2045799167614215,0.512877854539848,331776
Mirror Moderate Bi-Maxwellian,ion,541000,71.38194444444444,1.7165601253509521,0.5825604272355733,1.7163310050964355,1.6700775623321533,1.7642948627471924,4.889031410217285,4.890159606933594,4.700712203979492,5.088133335113525,1.204539491791802,0.5120206335591502,331776
Mirror Moderate Bi-Maxwellian,ion,541500,71.44791666666667,1.71566641330719,0.5828638902316438,1.7155942916870117,1.669182300567627,1.7635302543640137,4.889947414398193,4.8913726806640625,4.701690673828125,5.0897088050842285,1.2045011766497842,0.5111652366574058,331776
Mirror Moderate Bi-Maxwellian,ion,542000,71.51388888888889,1.714780330657959,0.5831650749202968,1.7148351669311523,1.6680833101272583,1.7627384662628174,4.89090633392334,4.892518043518066,4.702718734741211,5.090232849121094,1.204461081796639,0.51031924886132,331776
Mirror Moderate Bi-Maxwellian,ion,542500,71.57986111111111,1.7139040231704712,0.5834632432626808,1.7138142585754395,1.6673904657363892,1.7619307041168213,4.891787052154541,4.892829895019531,4.702922821044922,5.0921173095703125,1.2044242705862593,0.5094797525842119,331776
Mirror Moderate Bi-Maxwellian,ion,543000,71.64583333333334,1.7130202054977417,0.5837642759791244,1.712821125984192,1.6666007041931152,1.7607789039611816,4.892722129821777,4.894399642944336,4.704113006591797,5.093100547790527,1.2043852018296461,0.5086350036680956,331776
Mirror Moderate Bi-Maxwellian,ion,543500,71.71180555555556,1.7121391296386719,0.584064684165614,1.7119780778884888,1.6655884981155396,1.7600655555725098,4.893653869628906,4.89544677734375,4.7046895027160645,5.0940985679626465,1.2043462873837931,0.5077928422548788,331776
Mirror Moderate Bi-Maxwellian,ion,544000,71.77777777777779,1.7112518548965454,0.5843675185149503,1.7111250162124634,1.6647520065307617,1.7591923475265503,4.894570827484131,4.896023750305176,4.7055158615112305,5.09491491317749,1.2043080047763886,0.5069438501201569,331776
Mirror Moderate Bi-Maxwellian,ion,544500,71.84375,1.7103818655014038,0.5846647583034604,1.7102043628692627,1.6638755798339844,1.7581580877304077,4.895501613616943,4.897150993347168,4.70650053024292,5.095860481262207,1.204269159511352,0.5061127059900519,331776
Mirror Moderate Bi-Maxwellian,ion,545000,71.90972222222223,1.709497332572937,0.584967277190726,1.7094660997390747,1.6628750562667847,1.757392406463623,4.896413803100586,4.897398471832275,4.707306385040283,5.096784591674805,1.2042311046845682,0.5052662278883688,331776
Mirror Moderate Bi-Maxwellian,ion,545500,71.97569444444444,1.7086173295974731,0.5852685576094363,1.7084710597991943,1.6623259782791138,1.7563426494598389,4.89732027053833,4.898857593536377,4.708308219909668,5.098542213439941,1.2041933026140592,0.5044240269834139,331776
Mirror Moderate Bi-Maxwellian,ion,546000,72.04166666666667,1.7077393531799316,0.5855694536393561,1.7076581716537476,1.6613062620162964,1.7555230855941772,4.898227691650391,4.899194717407227,4.708738327026367,5.099595069885254,1.2041554747862413,0.5035838783936903,331776
Mirror Moderate Bi-Maxwellian,ion,546500,72.10763888888889,1.7068426609039307,0.5858770834040483,1.706796407699585,1.6603742837905884,1.7545065879821777,4.899170398712158,4.900158882141113,4.709442138671875,5.100419044494629,1.2041161908275062,0.5027264700764245,331776
Mirror Moderate Bi-Maxwellian,ion,547000,72.17361111111111,1.7059775590896606,0.5861741818770567,1.7061090469360352,1.6596884727478027,1.7537328004837036,4.9000701904296875,4.901606559753418,4.710032939910889,5.101667881011963,1.2040787093117762,0.5018988497778845,331776
Mirror Moderate Bi-Maxwellian,ion,547500,72.23958333333334,1.7051016092300415,0.5864753130175988,1.7049553394317627,1.6586344242095947,1.7528718709945679,4.901006698608398,4.9027276039123535,4.711702346801758,5.101905345916748,1.2040397129601847,0.5010618962698568,331776
Mirror Moderate Bi-Maxwellian,ion,548000,72.30555555555556,1.7042343616485596,0.5867737574735135,1.7041397094726562,1.6580694913864136,1.7518311738967896,4.9019365310668945,4.904235363006592,4.712429046630859,5.103027820587158,1.204001009328114,0.5002333523204456,331776
Mirror Moderate Bi-Maxwellian,ion,548500,72.37152777777779,1.7033430337905884,0.5870808053117864,1.7032709121704102,1.6571424007415771,1.7508397102355957,4.902855396270752,4.903876304626465,4.713773727416992,5.103817462921143,1.2039627766220942,0.4993802571684942,331776
Mirror Moderate Bi-Maxwellian,ion,549000,72.4375,1.7024714946746826,0.5873813471344408,1.7023506164550781,1.6560360193252563,1.7501842975616455,4.903769016265869,4.905435562133789,4.715367317199707,5.105443954467773,1.2039247763675218,0.4985467183071608,331776
Mirror Moderate Bi-Maxwellian,ion,549500,72.50347222222223,1.7015782594680786,0.5876896901072329,1.7014727592468262,1.6552876234054565,1.749433159828186,4.904731750488281,4.907086372375488,4.7140913009643555,5.1077494621276855,1.2038847486206452,0.4976935108474334,331776
Mirror Moderate Bi-Maxwellian,ion,550000,72.56944444444444,1.7007139921188354,0.5879883417400179,1.7006683349609375,1.6544162034988403,1.7483519315719604,4.905652046203613,4.907194137573242,4.715308666229248,5.108036041259766,1.20384650003334,0.4968674920854954,331776
Mirror Moderate Bi-Maxwellian,ion,550500,72.63541666666667,1.6998111009597778,0.5883006643710952,1.6995601654052734,1.6535147428512573,1.7475334405899048,4.906614780426025,4.908247947692871,4.715836524963379,5.110466003417969,1.2038065030067784,0.49600459795299945,331776
Mirror Moderate Bi-Maxwellian,ion,551000,72.70138888888889,1.6989586353302002,0.5885958487774751,1.6989197731018066,1.6529275178909302,1.7464087009429932,4.907504558563232,4.909253120422363,4.716042995452881,5.110458850860596,1.2037695509126067,0.49518908441759346,331776
Mirror Moderate Bi-Maxwellian,ion,551500,72.76736111111111,1.698095679283142,0.5888949675804805,1.6981009244918823,1.651859998703003,1.7457153797149658,4.908413410186768,4.910140037536621,4.717714309692383,5.11178731918335,1.2037318205358642,0.49436385874727784,331776
Mirror Moderate Bi-Maxwellian,ion,552000,72.83333333333334,1.697201132774353,0.5892053573905742,1.6970999240875244,1.6512333154678345,1.7445478439331055,4.909388065338135,4.9112348556518555,4.717796325683594,5.112628936767578,1.203691373892466,0.4935097588818871,331776
Mirror Moderate Bi-Maxwellian,ion,552500,72.89930555555556,1.6963163614273071,0.5895126774339335,1.696276068687439,1.6502587795257568,1.743701457977295,4.910353183746338,4.912247657775879,4.719381809234619,5.113738059997559,1.203651338830388,0.49266502259691913,331776
Mirror Moderate Bi-Maxwellian,ion,553000,72.96527777777779,1.6954185962677002,0.5898248386571925,1.6953139305114746,1.6494503021240234,1.7428812980651855,4.911283493041992,4.913454532623291,4.720160007476807,5.11464786529541,1.2036127626142412,0.491805833653459,331776
Mirror Moderate Bi-Maxwellian,ion,553500,73.03125,1.6945257186889648,0.5901356284953223,1.6945033073425293,1.6485425233840942,1.7419168949127197,4.912259101867676,4.913907051086426,4.720217704772949,5.116616249084473,1.2035723237033227,0.49095339498564217,331776
Mirror Moderate Bi-Maxwellian,ion,554000,73.09722222222223,1.6936482191085815,0.5904413848858946,1.693570613861084,1.6475566625595093,1.7411384582519531,4.9132208824157715,4.915103912353516,4.72199010848999,5.11700963973999,1.2035324736933692,0.4901157454152123,331776
Mirror Moderate Bi-Maxwellian,ion,554500,73.16319444444444,1.692753791809082,0.5907533658106763,1.6927824020385742,1.6467617750167847,1.7401447296142578,4.914173126220703,4.916863441467285,4.722379684448242,5.117969989776611,1.2034930341921146,0.4892607576169674,331776
Mirror Moderate Bi-Maxwellian,ion,555000,73.22916666666667,1.6918781995773315,0.5910590964821357,1.691789150238037,1.6457901000976562,1.7393704652786255,4.91512393951416,4.917000770568848,4.723201274871826,5.119814872741699,1.203453669186386,0.4884245303909456,331776
Mirror Moderate Bi-Maxwellian,ion,555500,73.29513888888889,1.6909719705581665,0.5913758580338347,1.6910030841827393,1.6450459957122803,1.7384282350540161,4.916159152984619,4.918010711669922,4.723862648010254,5.1211395263671875,1.2034108272090613,0.48756114334910516,331776
Mirror Moderate Bi-Maxwellian,ion,556000,73.36111111111111,1.69011652469635,0.5916751806090187,1.690117597579956,1.6441538333892822,1.7375009059906006,4.917049407958984,4.9185590744018555,4.724753379821777,5.1218156814575195,1.203373998719913,0.4867425259764371,331776
Mirror Moderate Bi-Maxwellian,ion,556500,73.42708333333334,1.689191222190857,0.5919992875069611,1.6891628503799438,1.6431362628936768,1.7364652156829834,4.918102741241455,4.9196977615356445,4.725440502166748,5.124290466308594,1.203330441150478,0.485860781040379,331776
Mirror Moderate Bi-Maxwellian,ion,557000,73.49305555555556,1.6883028745651245,0.5923107844364605,1.6883654594421387,1.6423277854919434,1.735472559928894,4.9190778732299805,4.9215168952941895,4.726935863494873,5.123810768127441,1.2032901339989108,0.4850127405662137,331776
Mirror Moderate Bi-Maxwellian,ion,557500,73.55902777777779,1.6874300241470337,0.5926171667506523,1.6874852180480957,1.6415425539016724,1.7348628044128418,4.92004919052124,4.921148300170898,4.727997303009033,5.125150680541992,1.2032500004118978,0.4841800237351359,331776
Mirror Moderate Bi-Maxwellian,ion,558000,73.625,1.6865147352218628,0.5929387861935573,1.686428427696228,1.6407274007797241,1.7339239120483398,4.921078681945801,4.923497676849365,4.7291059494018555,5.125824451446533,1.2032074804389428,0.48330725478292,331776
Mirror Moderate Bi-Maxwellian,ion,558500,73.69097222222223,1.6856287717819214,0.5932504337493447,1.685682773590088,1.6396710872650146,1.7332063913345337,4.92207670211792,4.9241862297058105,4.729366302490234,5.12756872177124,1.2031662772686396,0.4824624945132818,331776
Mirror Moderate Bi-Maxwellian,ion,559000,73.75694444444444,1.6847245693206787,0.5935688350548742,1.6846307516098022,1.638737678527832,1.732254981994629,4.923091411590576,4.925551414489746,4.730116844177246,5.129410266876221,1.2031244022090817,0.48160016711159703,331776
Mirror Moderate Bi-Maxwellian,ion,559500,73.82291666666667,1.6838116645812988,0.5938906476507054,1.683825969696045,1.6378228664398193,1.7313227653503418,4.924129962921143,4.926649570465088,4.730721473693848,5.130369186401367,1.2030815611143557,0.4807301034669431,331776
Mirror Moderate Bi-Maxwellian,ion,560000,73.88888888888889,1.6829367876052856,0.5941993825109366,1.682876467704773,1.6368017196655273,1.7303369045257568,4.925110816955566,4.927119731903076,4.732275009155273,5.130908966064453,1.2030411166703747,0.4798956709349109,331776
Mirror Moderate Bi-Maxwellian,ion,560500,73.95486111111111,1.6820167303085327,0.5945244075048943,1.6820001602172852,1.635968565940857,1.7294254302978516,4.926179885864258,4.9282331466674805,4.732554912567139,5.133098125457764,1.202997053126199,0.4790196771823336,331776
Mirror Moderate Bi-Maxwellian,ion,561000,74.02083333333334,1.6811012029647827,0.5948481853658807,1.6811699867248535,1.6353181600570679,1.7284023761749268,4.927234172821045,4.928781032562256,4.734012126922607,5.133870601654053,1.2029536175723223,0.4781475853924604,331776
Mirror Moderate Bi-Maxwellian,ion,561500,74.08680555555556,1.6802151203155518,0.5951618860638486,1.680251121520996,1.63417649269104,1.7276506423950195,4.9282402992248535,4.930427551269531,4.73461389541626,5.135164260864258,1.202912183514527,0.47730293680102487,331776
Mirror Moderate Bi-Maxwellian,ion,562000,74.15277777777779,1.679307222366333,0.5954836534263739,1.6792707443237305,1.6335211992263794,1.7264772653579712,4.929286479949951,4.9309563636779785,4.735495567321777,5.137174129486084,1.2028691178870483,0.4764381044792847,331776
Mirror Moderate Bi-Maxwellian,ion,562500,74.21875,1.678385853767395,0.5958105508071021,1.6782829761505127,1.6325470209121704,1.725630283355713,4.930351734161377,4.932738304138184,4.73526668548584,5.1380615234375,1.202825285886037,0.4755605678813579,331776
Mirror Moderate Bi-Maxwellian,ion,563000,74.28472222222223,1.677476167678833,0.5961336555879215,1.6774992942810059,1.6315858364105225,1.7249106168746948,4.931464672088623,4.933712005615234,4.738090991973877,5.13764762878418,1.2027795120706948,0.47469665560813823,331776
Mirror Moderate Bi-Maxwellian,ion,563500,74.35069444444444,1.6765344142913818,0.5964685195100325,1.6765525341033936,1.630700707435608,1.7239530086517334,4.932557582855225,4.934978485107422,4.7380852699279785,5.1402716636657715,1.2027345820504638,0.47379983224091804,331776
Mirror Moderate Bi-Maxwellian,ion,564000,74.41666666666667,1.6756298542022705,0.5967905128284298,1.6758909225463867,1.6298003196716309,1.7230255603790283,4.933633327484131,4.935972213745117,4.739767074584961,5.14213228225708,1.2026903771768427,0.4729394770254278,331776
Mirror Moderate Bi-Maxwellian,ion,564500,74.48263888888889,1.6747196912765503,0.5971148516428757,1.674728274345398,1.6288707256317139,1.7218276262283325,4.934675693511963,4.937313079833984,4.739865779876709,5.143157958984375,1.202647562293665,0.4720721289828853,331776
Mirror Moderate Bi-Maxwellian,ion,565000,74.54861111111111,1.673795223236084,0.5974446492125954,1.6737505197525024,1.6279503107070923,1.7212756872177124,4.935800075531006,4.938045501708984,4.739890098571777,5.144467830657959,1.202601398901356,0.471193824334728,331776
Mirror Moderate Bi-Maxwellian,ion,565500,74.61458333333334,1.6728785037994385,0.5977720424578365,1.6728827953338623,1.6270661354064941,1.7199819087982178,4.936892986297607,4.939480304718018,4.742224216461182,5.144886493682861,1.2025565477670894,0.47032195603234905,331776
Mirror Moderate Bi-Maxwellian,ion,566000,74.68055555555556,1.671974778175354,0.5980951465615479,1.6719927787780762,1.6262876987457275,1.7191108465194702,4.937971591949463,4.940518856048584,4.742698669433594,5.146388053894043,1.2025123031550713,0.4694624750202827,331776
Mirror Moderate Bi-Maxwellian,ion,566500,74.74652777777779,1.6710288524627686,0.5984337125754569,1.670945644378662,1.6252186298370361,1.7183799743652344,4.939092636108398,4.942037105560303,4.744096755981445,5.148530960083008,1.202466338187153,0.46856251427561557,331776
Mirror Moderate Bi-Maxwellian,ion,567000,74.8125,1.6701170206069946,0.5987604387365357,1.6701478958129883,1.6242812871932983,1.7176132202148438,4.940210342407227,4.9424591064453125,4.74411153793335,5.149322509765625,1.2024205308458036,0.46769648976119105,331776
Mirror Moderate Bi-Maxwellian,ion,567500,74.87847222222223,1.6692116260528564,0.5990852114807488,1.6693851947784424,1.6233093738555908,1.7163984775543213,4.941279411315918,4.943925857543945,4.746062278747559,5.15075159072876,1.202376736217329,0.46683488983552746,331776
Mirror Moderate Bi-Maxwellian,ion,568000,74.94444444444444,1.6682872772216797,0.5994171469468813,1.6681536436080933,1.6223297119140625,1.7155725955963135,4.942418098449707,4.9452667236328125,4.745960235595703,5.15287971496582,1.2023301105007023,0.4659571667209774,331776
Mirror Moderate Bi-Maxwellian,ion,568500,75.01041666666667,1.6673908233642578,0.5997394168107043,1.6672725677490234,1.6214938163757324,1.7148432731628418,4.943525314331055,4.946677207946777,4.746947288513184,5.15396785736084,1.2022847940317096,0.4651060293325482,331776
Mirror Moderate Bi-Maxwellian,ion,569000,75.07638888888889,1.6664602756500244,0.6000743099681372,1.6664671897888184,1.6206233501434326,1.713623046875,4.944645881652832,4.947751998901367,4.74905252456665,5.1545233726501465,1.202238951774183,0.4642213238758415,331776
Mirror Moderate Bi-Maxwellian,ion,569500,75.14236111111111,1.665555477142334,0.6004002951110001,1.6652687788009644,1.6198655366897583,1.7127656936645508,4.945727348327637,4.947990894317627,4.749269962310791,5.155906677246094,1.202194728817419,0.4633607483249149,331776
Mirror Moderate Bi-Maxwellian,ion,570000,75.20833333333334,1.6646367311477661,0.6007316679300357,1.6645777225494385,1.6187282800674438,1.7119951248168945,4.946874618530273,4.949212551116943,4.7505903244018555,5.157414436340332,1.2021478361820908,0.46248889496567536,331776
Mirror Moderate Bi-Maxwellian,ion,570500,75.27430555555556,1.6637122631072998,0.6010654739854531,1.6635452508926392,1.6177198886871338,1.7110793590545654,4.94802188873291,4.950372219085693,4.751316070556641,5.158480644226074,1.2021009652922292,0.4616112978150706,331776
Mirror Moderate Bi-Maxwellian,ion,571000,75.34027777777779,1.6627871990203857,0.6013998667954263,1.6626322269439697,1.6168556213378906,1.7100915908813477,4.949156284332275,4.951247215270996,4.752460956573486,5.160427570343018,1.2020546417509055,0.46073255726948026,331776
Mirror Moderate Bi-Maxwellian,ion,571500,75.40625,1.6618852615356445,0.6017262582110887,1.661862850189209,1.6159504652023315,1.7092057466506958,4.95024299621582,4.953183650970459,4.7539801597595215,5.1603546142578125,1.2020102853060837,0.45987497622956086,331776
Mirror Moderate Bi-Maxwellian,ion,572000,75.47222222222223,1.6609710454940796,0.6020574547117019,1.6608266830444336,1.6151466369628906,1.708193302154541,4.951354026794434,4.953742980957031,4.754403114318848,5.162494659423828,1.2019649563712196,0.45900608912286,331776
Mirror Moderate Bi-Maxwellian,ion,572500,75.53819444444444,1.6600619554519653,0.6023871559225884,1.6600189208984375,1.614326000213623,1.7071791887283325,4.9525017738342285,4.954939842224121,4.755012035369873,5.16370153427124,1.2019181507987224,0.4581438046532429,331776
Mirror Moderate Bi-Maxwellian,ion,573000,75.60416666666667,1.6591463088989258,0.6027196002163541,1.658881425857544,1.613135576248169,1.70645010471344,4.953628063201904,4.956482887268066,4.756056308746338,5.164502143859863,1.20187224136356,0.4572740675353657,331776
Mirror Moderate Bi-Maxwellian,ion,573500,75.67013888888889,1.6582733392715454,0.6030368916377109,1.6581907272338867,1.6122424602508545,1.705653190612793,4.954687118530273,4.957885265350342,4.757087707519531,5.165996074676514,1.2018290915404228,0.4564442477311226,331776
Mirror Moderate Bi-Maxwellian,ion,574000,75.73611111111111,1.6573588848114014,0.6033696196788391,1.6572461128234863,1.6116034984588623,1.7045550346374512,4.95580530166626,4.95894718170166,4.758231163024902,5.167483329772949,1.2017835526475942,0.4555753321638072,331776
Mirror Moderate Bi-Maxwellian,ion,574500,75.80208333333334,1.6564559936523438,0.6036985007945098,1.6562304496765137,1.6105248928070068,1.7035846710205078,4.956929683685303,4.959916114807129,4.759525775909424,5.1687140464782715,1.201737782016818,0.4547182116355257,331776
Mirror Moderate Bi-Maxwellian,ion,575000,75.86805555555556,1.6555533409118652,0.6040276536479388,1.6553406715393066,1.6096173524856567,1.7028111219406128,4.958043098449707,4.961146354675293,4.7603654861450195,5.170712947845459,1.201692478291018,0.4538608626208471,331776
Mirror Moderate Bi-Maxwellian,ion,575500,75.93402777777779,1.6546863317489624,0.6043441471732137,1.6544396877288818,1.6088974475860596,1.7018885612487793,4.959132671356201,4.962690353393555,4.760871887207031,5.1718292236328125,1.2016481643606691,0.4530381673882933,331776
Mirror Moderate Bi-Maxwellian,ion,576000,76.0,1.6537866592407227,0.6046729149811345,1.6538290977478027,1.6077234745025635,1.7009165287017822,4.960224628448486,4.963059425354004,4.76229190826416,5.17338752746582,1.2016037729954159,0.4521828862453068,331776
Mirror Moderate Bi-Maxwellian,ion,576500,76.06597222222223,1.6529009342193604,0.6049969355678806,1.6527578830718994,1.6068295240402222,1.7002925872802734,4.961299419403076,4.964755058288574,4.763553619384766,5.173187732696533,1.2015600985679507,0.4513408356514097,331776
Mirror Moderate Bi-Maxwellian,ion,577000,76.13194444444444,1.6520285606384277,0.6053164114871895,1.651850700378418,1.606203556060791,1.699310064315796,4.962385654449463,4.965130805969238,4.764035224914551,5.1760149002075195,1.201515978328561,0.4505125823098668,331776
Mirror Moderate Bi-Maxwellian,ion,577500,76.19791666666667,1.6511210203170776,0.6056491242585975,1.651116132736206,1.6052303314208984,1.6982330083847046,4.963510513305664,4.966075897216797,4.765994071960449,5.176063537597656,1.2014703096365573,0.4496507106805203,331776
Mirror Moderate Bi-Maxwellian,ion,578000,76.26388888888889,1.6502445936203003,0.6059707778264577,1.6502281427383423,1.6042230129241943,1.697325587272644,4.96460485458374,4.968043327331543,4.766594886779785,5.177868366241455,1.2014258998028244,0.44881869381747586,331776
Mirror Moderate Bi-Maxwellian,ion,578500,76.32986111111111,1.649362564086914,0.6062948327880834,1.649179458618164,1.6034048795700073,1.6966087818145752,4.965719699859619,4.969677925109863,4.767664909362793,5.178496360778809,1.2013806780169791,0.44798188606993494,331776
Mirror Moderate Bi-Maxwellian,ion,579000,76.39583333333334,1.6484696865081787,0.6066232264896663,1.64818274974823,1.6026222705841064,1.695594310760498,4.9668474197387695,4.970103740692139,4.768512725830078,5.1798930168151855,1.2013349546486762,0.4471347318595025,331776
Mirror Moderate Bi-Maxwellian,ion,579500,76.46180555555556,1.6476027965545654,0.6069424026781093,1.6473989486694336,1.601464867591858,1.694878101348877,4.967923641204834,4.971704006195068,4.769471645355225,5.181112766265869,1.2012913386401158,0.4463114579144496,331776
Mirror Moderate Bi-Maxwellian,ion,580000,76.52777777777779,1.646732211112976,0.6072632776911132,1.64669930934906,1.6007957458496094,1.6939400434494019,4.968962669372559,4.971621036529541,4.770326614379883,5.183318138122559,1.2012492478890513,0.4454829632239248,331776
Mirror Moderate Bi-Maxwellian,ion,580500,76.59375,1.6458704471588135,0.6075812356472234,1.6456022262573242,1.5999176502227783,1.6929922103881836,4.970052719116211,4.97299861907959,4.771071434020996,5.1844096183776855,1.2012051091839973,0.4446653379748162,331776
Mirror Moderate Bi-Maxwellian,ion,581000,76.65972222222223,1.6450449228286743,0.6078861349758693,1.6449252367019653,1.5991588830947876,1.6922457218170166,4.971060752868652,4.973906993865967,4.772546768188477,5.184199810028076,1.2011643087288624,0.44388061409981194,331776
Mirror Moderate Bi-Maxwellian,ion,581500,76.72569444444444,1.6441656351089478,0.6082112280212795,1.6439518928527832,1.5983099937438965,1.6911749839782715,4.972139835357666,4.975338459014893,4.77335262298584,5.186305522918701,1.2011206508893502,0.4430449842195976,331776
Mirror Moderate Bi-Maxwellian,ion,582000,76.79166666666667,1.6433175802230835,0.6085251031418091,1.6431024074554443,1.5975098609924316,1.6905028820037842,4.973183631896973,4.97650146484375,4.773420333862305,5.187494277954102,1.2010784386858764,0.4422391415372071,331776
Mirror Moderate Bi-Maxwellian,ion,582500,76.85763888888889,1.6424627304077148,0.6088418211789598,1.6423301696777344,1.5964998006820679,1.6897037029266357,4.974207401275635,4.977358818054199,4.775500774383545,5.187767028808594,1.2010370536105008,0.441425676797214,331776
Mirror Moderate Bi-Maxwellian,ion,583000,76.92361111111111,1.6416171789169312,0.609155418719337,1.6414794921875,1.5955594778060913,1.688889741897583,4.9752726554870605,4.978923320770264,4.776243209838867,5.18935489654541,1.2009940096242029,0.44062316929272827,331776
Mirror Moderate Bi-Maxwellian,ion,583500,76.98958333333334,1.6407840251922607,0.609464734325911,1.6405692100524902,1.59495210647583,1.6877973079681396,4.976278781890869,4.979129791259766,4.777131080627441,5.190205097198486,1.2009533717522198,0.4398306534400409,331776
Mirror Moderate Bi-Maxwellian,ion,584000,77.05555555555556,1.6399595737457275,0.609771128513835,1.6397907733917236,1.594117522239685,1.6868791580200195,4.977297782897949,4.980379104614258,4.778625965118408,5.191520690917969,1.2009122306155784,0.43904734313014915,331776
Mirror Moderate Bi-Maxwellian,ion,584500,77.12152777777779,1.6391152143478394,0.6100852406509286,1.6387903690338135,1.5932680368423462,1.686443567276001,4.978318214416504,4.980589866638184,4.7783379554748535,5.192804336547852,1.2008710486011405,0.4382441657466989,331776
Mirror Moderate Bi-Maxwellian,ion,585000,77.1875,1.6382735967636108,0.6103986550082279,1.638071060180664,1.5922809839248657,1.6854307651519775,4.979363918304443,4.982150077819824,4.778923988342285,5.194230556488037,1.2008288641695657,0.43744473259404515,331776
Mirror Moderate Bi-Maxwellian,ion,585500,77.25347222222223,1.6374502182006836,0.6107055890217247,1.6371266841888428,1.5915967226028442,1.6845316886901855,4.980342388153076,4.983979225158691,4.7806549072265625,5.195684432983398,1.2007894080492814,0.43666081015140223,331776
Mirror Moderate Bi-Maxwellian,ion,586000,77.31944444444444,1.636643409729004,0.6110066457088417,1.636451005935669,1.5907241106033325,1.6837526559829712,4.981308937072754,4.983736515045166,4.781521320343018,5.196488380432129,1.20075044785069,0.43589296187831383,331776
Mirror Moderate Bi-Maxwellian,ion,586500,77.38541666666667,1.6358305215835571,0.6113102713305258,1.6354807615280151,1.5900185108184814,1.6828171014785767,4.982312202453613,4.985546112060547,4.782387733459473,5.19721794128418,1.2007100236527801,0.435120497930777,331776
Mirror Moderate Bi-Maxwellian,ion,587000,77.45138888888889,1.6350396871566772,0.6116059492959423,1.6347827911376953,1.5893250703811646,1.681872844696045,4.98325777053833,4.986614227294922,4.783138751983643,5.198444366455078,1.2006719391302876,0.43436774802638967,331776
Mirror Moderate Bi-Maxwellian,ion,587500,77.51736111111111,1.6342251300811768,0.6119107958830171,1.633917212486267,1.5883166790008545,1.6813535690307617,4.984198093414307,4.986844062805176,4.7841949462890625,5.199282646179199,1.200634080198641,0.4335910498825357,331776
Mirror Moderate Bi-Maxwellian,ion,588000,77.58333333333334,1.6334195137023926,0.6122125954852521,1.6331102848052979,1.5875622034072876,1.6805055141448975,4.985173225402832,4.988397598266602,4.7843499183654785,5.200984954833984,1.2005948348804256,0.43282467882196696,331776
Mirror Moderate Bi-Maxwellian,ion,588500,77.64930555555556,1.6326215267181396,0.6125118305956545,1.6322709321975708,1.5868414640426636,1.6796939373016357,4.9861159324646,4.988742828369141,4.785884380340576,5.201320171356201,1.200556909134222,0.43206461758391757,331776
Mirror Moderate Bi-Maxwellian,ion,589000,77.71527777777779,1.6318172216415405,0.6128137310587036,1.631568193435669,1.5859496593475342,1.678718090057373,4.987074851989746,4.989723205566406,4.785703659057617,5.203248500823975,1.2005183458598019,0.43129887578173864,331776
Mirror Moderate Bi-Maxwellian,ion,589500,77.78125,1.6310451030731201,0.6131038302471576,1.6305201053619385,1.585323452949524,1.6780822277069092,4.987947940826416,4.9915618896484375,4.787064552307129,5.204022407531738,1.2004832471916933,0.4305618558814268,331776
Mirror Moderate Bi-Maxwellian,ion,590000,77.84722222222223,1.630261778831482,0.6133984204161169,1.6300671100616455,1.5845211744308472,1.6772493124008179,4.988884925842285,4.992484092712402,4.786932468414307,5.205733299255371,1.2004455935273286,0.42981618530415333,331776
Mirror Moderate Bi-Maxwellian,ion,590500,77.91319444444444,1.6294857263565063,0.6136905551397358,1.6290305852890015,1.583687663078308,1.6766070127487183,4.989812850952148,4.993226051330566,4.789254188537598,5.205898761749268,1.2004083178809364,0.42907740847556997,331776
Mirror Moderate Bi-Maxwellian,ion,591000,77.97916666666667,1.6287047863006592,0.6139848107595601,1.6284029483795166,1.5829153060913086,1.6758320331573486,4.990701675415039,4.9931559562683105,4.789862632751465,5.206760406494141,1.2003726259427914,0.4283321603578678,331776
Mirror Moderate Bi-Maxwellian,ion,591500,78.04513888888889,1.6279343366622925,0.6142753902778852,1.6276408433914185,1.5820361375808716,1.6750826835632324,4.991613864898682,4.993684768676758,4.790334224700928,5.207653999328613,1.2003360089673718,0.4275983276949207,331776
Mirror Moderate Bi-Maxwellian,ion,592000,78.11111111111111,1.6271636486053467,0.6145663350192877,1.6268645524978638,1.5812876224517822,1.67414391040802,4.992444038391113,4.995177745819092,4.790808200836182,5.210081100463867,1.2003026958960694,0.42686095270927726,331776
Mirror Moderate Bi-Maxwellian,ion,592500,78.17708333333334,1.6263929605484009,0.6148575554968041,1.6261851787567139,1.580716848373413,1.6732800006866455,4.993376731872559,4.995282173156738,4.793113708496094,5.2090163230896,1.2002652821320356,0.42612767841636523,331776
Mirror Moderate Bi-Maxwellian,ion,593000,78.24305555555556,1.6256678104400635,0.6151318206450203,1.625290870666504,1.5800724029541016,1.6724494695663452,4.994205951690674,4.997269630432129,4.792880058288574,5.210970401763916,1.2002320308119199,0.4254357796281436,331776
Mirror Moderate Bi-Maxwellian,ion,593500,78.30902777777779,1.6249057054519653,0.6154203266348008,1.6246230602264404,1.57919180393219,1.6717215776443481,4.9950408935546875,4.998223304748535,4.793252468109131,5.211245059967041,1.200198561195033,0.42470714425693235,331776
Mirror Moderate Bi-Maxwellian,ion,594000,78.375,1.6241521835327148,0.6157058495743218,1.6238691806793213,1.5784779787063599,1.6710898876190186,4.995921611785889,4.999050140380859,4.794129848480225,5.212149620056152,1.2001632687031953,0.4239889148295195,331776
Mirror Moderate Bi-Maxwellian,ion,594500,78.44097222222223,1.6234164237976074,0.6159848978617151,1.6230456829071045,1.5777077674865723,1.6703150272369385,4.9967217445373535,4.99995231628418,4.795614242553711,5.213766098022461,1.200131216250584,0.4232852075470235,331776
Mirror Moderate Bi-Maxwellian,ion,595000,78.50694444444444,1.6226648092269897,0.6162702206356365,1.6223704814910889,1.57706880569458,1.6693854331970215,4.9975433349609375,5.000723361968994,4.796037673950195,5.214679718017578,1.2000983149069215,0.4225664943200682,331776
Mirror Moderate Bi-Maxwellian,ion,595500,78.57291666666667,1.6219120025634766,0.6165562610175351,1.621593952178955,1.5761147737503052,1.668944001197815,4.998375415802002,5.001523494720459,4.79688835144043,5.216397285461426,1.2000650044889731,0.42184699807450343,331776
Mirror Moderate Bi-Maxwellian,ion,596000,78.63888888888889,1.6211941242218018,0.6168292772958424,1.6207921504974365,1.5753885507583618,1.6680986881256104,4.999180793762207,5.002004623413086,4.797184944152832,5.216229438781738,1.2000327736191823,0.4211613506026195,331776
Mirror Moderate Bi-Maxwellian,ion,596500,78.70486111111111,1.6204676628112793,0.617105804052358,1.620077133178711,1.5748764276504517,1.6670725345611572,4.999993324279785,5.003101348876953,4.797606468200684,5.216588973999023,1.2000002670291652,0.4204673957821141,331776
Mirror Moderate Bi-Maxwellian,ion,597000,78.77083333333334,1.6197240352630615,0.6173891219917526,1.6195703744888306,1.5740971565246582,1.6664490699768066,5.000796794891357,5.003610610961914,4.7977166175842285,5.2184672355651855,1.199968133282593,0.4197559019804684,331776
Mirror Moderate Bi-Maxwellian,ion,597500,78.83680555555556,1.6190077066421509,0.617662285298207,1.6187126636505127,1.5732301473617554,1.6658934354782104,5.001577854156494,5.004605293273926,4.799121379852295,5.2188310623168945,1.199936905744447,0.419070800897704,331776
Mirror Moderate Bi-Maxwellian,ion,598000,78.90277777777779,1.6182914972305298,0.6179356449140061,1.6178205013275146,1.5727601051330566,1.665144443511963,5.002354621887207,5.004681587219238,4.799377918243408,5.220752239227295,1.199905859457588,0.4183856377729418,331776
Mirror Moderate Bi-Maxwellian,ion,598500,78.96875,1.6175880432128906,0.6182043717470717,1.6171880960464478,1.5718885660171509,1.6643306016921997,5.003098964691162,5.005697250366211,4.800384044647217,5.2202959060668945,1.1998761181934223,0.4177119250194683,331776
Mirror Moderate Bi-Maxwellian,ion,599000,79.03472222222223,1.616850733757019,0.6184862826986727,1.6166267395019531,1.5711047649383545,1.6637213230133057,5.0039167404174805,5.006892204284668,4.8012800216674805,5.22179651260376,1.1998434530140822,0.4170072807429368,331776
Mirror Moderate Bi-Maxwellian,ion,599500,79.10069444444444,1.6161377429962158,0.6187591400136873,1.615774393081665,1.5705375671386719,1.6628570556640625,5.004698753356934,5.007237434387207,4.802801609039307,5.222720146179199,1.1998122263261588,0.416325516670057,331776
Mirror Moderate Bi-Maxwellian,ion,600000,79.16666666666667,1.6154391765594482,0.6190267108228695,1.615014672279358,1.5697383880615234,1.6622332334518433,5.005431175231934,5.008490562438965,4.801431655883789,5.224264144897461,1.1997829887159848,0.4156561878434635,331776
Mirror Moderate Bi-Maxwellian,ion,600500,79.23263888888889,1.6147172451019287,0.6193034743596085,1.614443302154541,1.5691630840301514,1.6615381240844727,5.006202697753906,5.009112358093262,4.802595138549805,5.224826335906982,1.1997521994961695,0.4149650456057592,331776
Mirror Moderate Bi-Maxwellian,ion,601000,79.29861111111111,1.6140333414077759,0.6195658877330192,1.613590955734253,1.5683928728103638,1.6607370376586914,5.006925106048584,5.010478973388672,4.803563117980957,5.225893974304199,1.199723378884169,0.41430996252360686,331776
Mirror Moderate Bi-Maxwellian,ion,601500,79.36458333333334,1.613305687904358,0.6198453321632889,1.6128138303756714,1.5676918029785156,1.6599881649017334,5.0077009201049805,5.010163307189941,4.804224967956543,5.226114749908447,1.1996924368995736,0.4136132510047843,331776
Mirror Moderate Bi-Maxwellian,ion,602000,79.43055555555556,1.6126312017440796,0.6201045836881293,1.612163782119751,1.5669822692871094,1.659207820892334,5.008423805236816,5.011292457580566,4.805234432220459,5.22734260559082,1.1996636145196815,0.4129675872243981,331776
Mirror Moderate Bi-Maxwellian,ion,602500,79.49652777777779,1.6119463443756104,0.6203680435699312,1.6115868091583252,1.5664037466049194,1.6585958003997803,5.009140491485596,5.012521743774414,4.806100845336914,5.227668762207031,1.1996350475096025,0.41231129686600787,331776
Mirror Moderate Bi-Maxwellian,ion,603000,79.5625,1.6112267971038818,0.6206450896903288,1.6109620332717896,1.565568208694458,1.6580486297607422,5.009908199310303,5.012397766113281,4.805456638336182,5.229736804962158,1.1996044558536356,0.4116223412502462,331776
Mirror Moderate Bi-Maxwellian,ion,603500,79.62847222222223,1.610567331314087,0.6208992201425596,1.6104166507720947,1.5650818347930908,1.6571707725524902,5.010573863983154,5.0132341384887695,4.80711555480957,5.229745388031006,1.1995779380058975,0.4109893933081894,331776
Mirror Moderate Bi-Maxwellian,ion,604000,79.69444444444444,1.6098588705062866,0.6211724632020127,1.6094188690185547,1.5643328428268433,1.656500220298767,5.011343955993652,5.014886856079102,4.807721138000488,5.230057716369629,1.1995472689125606,0.41031160159372604,331776
Mirror Moderate Bi-Maxwellian,ion,604500,79.76041666666667,1.6092005968093872,0.6214265654528911,1.6087520122528076,1.563627004623413,1.6559722423553467,5.012023448944092,5.014513969421387,4.808379173278809,5.231273174285889,1.1995202157744642,0.409680381034923,331776
Mirror Moderate Bi-Maxwellian,ion,605000,79.82638888888889,1.6084985733032227,0.6216977848767337,1.6080509424209595,1.5629183053970337,1.6550832986831665,5.012754917144775,5.015453338623047,4.808995246887207,5.232433795928955,1.1994911015058347,0.40900747179738794,331776
Mirror Moderate Bi-Maxwellian,ion,605500,79.89236111111111,1.6078084707260132,0.6219646296231077,1.6073968410491943,1.5621927976608276,1.6544499397277832,5.013473033905029,5.0166192054748535,4.809703350067139,5.233404159545898,1.1994625269223984,0.4083459438036148,331776
Mirror Moderate Bi-Maxwellian,ion,606000,79.95833333333334,1.6071149110794067,0.6222330420220901,1.6065653562545776,1.5616774559020996,1.65389883518219,5.014175891876221,5.016965866088867,4.809609889984131,5.233951091766357,1.1994345674271543,0.4076803436522525,331776
Mirror Moderate Bi-Maxwellian,ion,606500,80.02430555555556,1.6064517498016357,0.6224899067920837,1.606166124343872,1.5608412027359009,1.6531627178192139,5.014906406402588,5.0180134773254395,4.810094833374023,5.234432220458984,1.1994055160677153,0.40704623373392046,331776
Mirror Moderate Bi-Maxwellian,ion,607000,80.09027777777779,1.6057662963867188,0.6227556290415307,1.6052031517028809,1.5601179599761963,1.6523391008377075,5.01561164855957,5.018045902252197,4.810739517211914,5.236057758331299,1.1993774777772497,0.40638881860946907,331776
Mirror Moderate Bi-Maxwellian,ion,607500,80.15625,1.6051037311553955,0.6230126941890378,1.6045913696289062,1.5594266653060913,1.651918888092041,5.016308307647705,5.018362998962402,4.812138080596924,5.236147403717041,1.1993497884640447,0.4057539426913508,331776
Mirror Moderate Bi-Maxwellian,ion,608000,80.22222222222223,1.604404330253601,0.6232842813643705,1.6040858030319214,1.5588414669036865,1.6509977579116821,5.0170183181762695,5.020613670349121,4.812353134155273,5.238170623779297,1.1993215763986904,0.40508275385491066,331776
Mirror Moderate Bi-Maxwellian,ion,608500,80.28819444444444,1.6037378311157227,0.6235433127522462,1.6032177209854126,1.558232307434082,1.6503262519836426,5.017732620239258,5.0208353996276855,4.812426567077637,5.237951278686523,1.1992932018670053,0.4044446292487174,331776
Mirror Moderate Bi-Maxwellian,ion,609000,80.35416666666667,1.6030621528625488,0.6238061314181266,1.6024820804595947,1.5575354099273682,1.649576187133789,5.01845121383667,5.0216875076293945,4.81343936920166,5.238462448120117,1.1992646650111574,0.40379748785139147,331776
Mirror Moderate Bi-Maxwellian,ion,609500,80.42013888888889,1.602382779121399,0.6240706109861647,1.6017944812774658,1.5566864013671875,1.6490029096603394,5.019136905670166,5.0218048095703125,4.814181804656982,5.240299224853516,1.1992374423718728,0.40314533674952613,331776
Mirror Moderate Bi-Maxwellian,ion,610000,80.48611111111111,1.601683259010315,0.624343167960626,1.6012996435165405,1.5562225580215454,1.648229956626892,5.019852638244629,5.022010803222656,4.8154425621032715,5.240556716918945,1.1992090350185431,0.4024742239917718,331776
Mirror Moderate Bi-Maxwellian,ion,610500,80.55208333333334,1.601030945777893,0.6245975461230888,1.6004183292388916,1.5556249618530273,1.6475653648376465,5.0205559730529785,5.024183750152588,4.815037727355957,5.241606712341309,1.1991811276215898,0.4018498181563033,331776
Mirror Moderate Bi-Maxwellian,ion,611000,80.61805555555556,1.6003448963165283,0.6248653039114717,1.5997861623764038,1.5548572540283203,1.6469064950942993,5.021302700042725,5.024378776550293,4.815640449523926,5.242456912994385,1.1991515070365089,0.40119338928001946,331776
Mirror Moderate Bi-Maxwellian,ion,611500,80.68402777777779,1.5996779203414917,0.6251258376977065,1.5991207361221313,1.554211974143982,1.6460916996002197,5.021937847137451,5.024444580078125,4.815476894378662,5.243685722351074,1.1991263194485788,0.40055160089291286,331776
Mirror Moderate Bi-Maxwellian,ion,612000,80.75,1.5990043878555298,0.6253891531474335,1.5984646081924438,1.5535149574279785,1.645397663116455,5.0226850509643555,5.025331497192383,4.816718101501465,5.24425745010376,1.1990966962597027,0.39990769159582706,331776
Mirror Moderate Bi-Maxwellian,ion,612500,80.81597222222223,1.5983188152313232,0.6256574035607977,1.5978014469146729,1.5528032779693604,1.644701361656189,5.0234375,5.027021408081055,4.817716598510742,5.245396614074707,1.1990668740279937,0.3992519412033295,331776
Mirror Moderate Bi-Maxwellian,ion,613000,80.88194444444444,1.5976579189300537,0.625916216576385,1.5970213413238525,1.5519367456436157,1.6442166566848755,5.024101257324219,5.026487350463867,4.819085121154785,5.246483325958252,1.1990405743797825,0.3986173445502712,331776
Mirror Moderate Bi-Maxwellian,ion,613500,80.94791666666667,1.5970016717910767,0.6261734208947166,1.5965020656585693,1.5515763759613037,1.6433569192886353,5.024784564971924,5.028051853179932,4.819356918334961,5.246327877044678,1.1990135073593124,0.3979881644317642,331776
Mirror Moderate Bi-Maxwellian,ion,614000,81.01388888888889,1.5963075160980225,0.626445712944068,1.596017837524414,1.5507855415344238,1.642655372619629,5.025548458099365,5.0282793045043945,4.819359302520752,5.248247146606445,1.1989832569196228,0.39732425917839964,331776
Mirror Moderate Bi-Maxwellian,ion,614500,81.07986111111111,1.5956380367279053,0.6267085497978286,1.5952556133270264,1.5502979755401611,1.642136573791504,5.026272773742676,5.029152870178223,4.819911479949951,5.248640537261963,1.1989545822550687,0.3966834544728366,331776
Mirror Moderate Bi-Maxwellian,ion,615000,81.14583333333334,1.5949716567993164,0.6269703889326371,1.594462513923645,1.5495243072509766,1.6414028406143188,5.026974201202393,5.029423713684082,4.821197509765625,5.249481201171875,1.1989268215780402,0.3960448352212762,331776
Mirror Moderate Bi-Maxwellian,ion,615500,81.21180555555556,1.5942970514297485,0.6272356830260777,1.593790054321289,1.5488754510879517,1.6408286094665527,5.027686595916748,5.030837059020996,4.822362422943115,5.24981164932251,1.1988986347741233,0.39539841665562525,331776
Mirror Moderate Bi-Maxwellian,ion,616000,81.27777777777779,1.5936205387115479,0.627501952760038,1.5931310653686523,1.5481234788894653,1.6401772499084473,5.028439044952393,5.031981468200684,4.8222856521606445,5.251293659210205,1.1988688718428062,0.39475166686874164,331776
Mirror Moderate Bi-Maxwellian,ion,616500,81.34375,1.592958927154541,0.6277625762682235,1.5923703908920288,1.5474737882614136,1.6393275260925293,5.029122829437256,5.03275203704834,4.823026657104492,5.251403331756592,1.1988418326445802,0.3941170945099608,331776
Mirror Moderate Bi-Maxwellian,ion,617000,81.40972222222223,1.5922683477401733,0.6280348418777839,1.5917718410491943,1.546851396560669,1.639018177986145,5.029877662658691,5.0331902503967285,4.823385238647461,5.252545356750488,1.1988119924712881,0.3934563552688852,331776
Mirror Moderate Bi-Maxwellian,ion,617500,81.47569444444444,1.5915913581848145,0.6283019789328869,1.5911198854446411,1.5459332466125488,1.638098955154419,5.030617713928223,5.0338335037231445,4.824191570281982,5.253091335296631,1.1987827453537783,0.3928086128310362,331776
Mirror Moderate Bi-Maxwellian,ion,618000,81.54166666666667,1.590898871421814,0.628575466337645,1.5903069972991943,1.5453991889953613,1.6373859643936157,5.031385898590088,5.035082817077637,4.82492208480835,5.253991603851318,1.198752395494097,0.3921464759277169,331776
Mirror Moderate Bi-Maxwellian,ion,618500,81.60763888888889,1.590238094329834,0.6288366525526009,1.5897340774536133,1.544785499572754,1.6366047859191895,5.032106399536133,5.035317420959473,4.825132369995117,5.255577087402344,1.198723937970028,0.3915141563598059,331776
Mirror Moderate Bi-Maxwellian,ion,619000,81.67361111111111,1.5895740985870361,0.6290993297442973,1.5891649723052979,1.543957233428955,1.636220097541809,5.032800197601318,5.035710334777832,4.8261213302612305,5.25652551651001,1.1986965428265184,0.39087755576051775,331776
Mirror Moderate Bi-Maxwellian,ion,619500,81.73958333333334,1.5888863801956177,0.6293716230841401,1.5884382724761963,1.5433197021484375,1.6355222463607788,5.033571720123291,5.037548065185547,4.826255798339844,5.256911754608154,1.1986660875422088,0.39022029265340885,331776
Mirror Moderate Bi-Maxwellian,ion,620000,81.80555555555556,1.5882066488265991,0.6296409857865922,1.5876792669296265,1.5427525043487549,1.6349430084228516,5.0343241691589355,5.037644386291504,4.827455997467041,5.258362770080566,1.1986363941611384,0.3895702546654607,331776
Mirror Moderate Bi-Maxwellian,ion,620500,81.87152777777779,1.5875391960144043,0.6299057072168986,1.5869622230529785,1.542056679725647,1.63412344455719,5.0350260734558105,5.0383429527282715,4.827165603637695,5.2600016593933105,1.1986087033931974,0.38893049262120694,331776
Mirror Moderate Bi-Maxwellian,ion,621000,81.9375,1.5868589878082275,0.6301757167353614,1.5863838195800781,1.5412774085998535,1.6333415508270264,5.035786151885986,5.039453983306885,4.828610420227051,5.25911283493042,1.1985787263078047,0.38828026150042283,331776
Mirror Moderate Bi-Maxwellian,ion,621500,82.00347222222223,1.5861706733703613,0.6304491797690084,1.5857157707214355,1.5406997203826904,1.6327769756317139,5.036585807800293,5.039933681488037,4.828103542327881,5.261190891265869,1.1985471980743927,0.38762347529596863,331776
Mirror Moderate Bi-Maxwellian,ion,622000,82.06944444444444,1.5855076313018799,0.6307128267675934,1.5850763320922852,1.5397703647613525,1.6321181058883667,5.037303924560547,5.040273666381836,4.828855991363525,5.262022972106934,1.198518893236572,0.38698873806530787,331776
Mirror Moderate Bi-Maxwellian,ion,622500,82.13541666666667,1.5848294496536255,0.6309827219695825,1.5842715501785278,1.5393801927566528,1.6313523054122925,5.038056373596191,5.041414260864258,4.8300628662109375,5.263079643249512,1.1984892438363477,0.3863402058172778,331776
Mirror Moderate Bi-Maxwellian,ion,623000,82.20138888888889,1.5841593742370605,0.6312496181020961,1.5836901664733887,1.5386582612991333,1.63081955909729,5.038769245147705,5.042631149291992,4.830874443054199,5.263692378997803,1.198461162110766,0.3856982121262946,331776
Mirror Moderate Bi-Maxwellian,ion,623500,82.26736111111111,1.5834890604019165,0.6315168352007325,1.5828230381011963,1.5380964279174805,1.6301461458206177,5.039523601531982,5.042330741882324,4.831095218658447,5.264823913574219,1.198431454849424,0.3850576055524926,331776
Mirror Moderate Bi-Maxwellian,ion,624000,82.33333333333334,1.5827988386154175,0.6317922250150048,1.5822529792785645,1.537109136581421,1.6293385028839111,5.040299415588379,5.043848037719727,4.831765174865723,5.265305519104004,1.1984009118401282,0.3843979267752893,331776
Mirror Moderate Bi-Maxwellian,ion,624500,82.39930555555556,1.582120656967163,0.6320630449999586,1.5816147327423096,1.5367212295532227,1.6287846565246582,5.041099548339844,5.044854164123535,4.832159996032715,5.266800880432129,1.1983694212762221,0.38375123569094094,331776
Mirror Moderate Bi-Maxwellian,ion,625000,82.46527777777779,1.581446647644043,0.632332428975551,1.5809731483459473,1.535979151725769,1.627892255783081,5.04188871383667,5.045886993408203,4.833642482757568,5.267522811889648,1.1983383721373415,0.38310827550670146,331776
Mirror Moderate Bi-Maxwellian,ion,625500,82.53125,1.5807642936706543,0.632605382095217,1.580298662185669,1.535402536392212,1.6273038387298584,5.042637825012207,5.04610538482666,4.833630561828613,5.2684006690979,1.1983089078973421,0.3824553857733122,331776
Mirror Moderate Bi-Maxwellian,ion,626000,82.59722222222223,1.5801012516021729,0.6328708359581587,1.579561710357666,1.5345714092254639,1.626688003540039,5.043353080749512,5.047680854797363,4.83516263961792,5.2690043449401855,1.1982807834369167,0.38182046816525617,331776
Mirror Moderate Bi-Maxwellian,ion,626500,82.66319444444444,1.5793981552124023,0.6331525693503909,1.5789763927459717,1.5338976383209229,1.625998854637146,5.044219493865967,5.047797203063965,4.835543632507324,5.270342826843262,1.1982467260229361,0.3811514291894662,331776
Mirror Moderate Bi-Maxwellian,ion,627000,82.72916666666667,1.5786982774734497,0.6334332622446393,1.578061580657959,1.533218264579773,1.6251287460327148,5.045024871826172,5.0490312576293945,4.836740016937256,5.271047115325928,1.1982150783010956,0.38048319917235407,331776
Mirror Moderate Bi-Maxwellian,ion,627500,82.79513888888889,1.578043818473816,0.633695964771838,1.5775468349456787,1.5327240228652954,1.6243616342544556,5.045755863189697,5.049263000488281,4.836570739746094,5.272441387176514,1.1981863623833449,0.37985745609047106,331776
Mirror Moderate Bi-Maxwellian,ion,628000,82.86111111111111,1.5773756504058838,0.6339643950651096,1.5770490169525146,1.5320457220077515,1.6239811182022095,5.046517848968506,5.050416946411133,4.8372883796691895,5.272930145263672,1.1981564377513094,0.37921921265457437,331776
Mirror Moderate Bi-Maxwellian,ion,628500,82.92708333333334,1.5767087936401367,0.6342325253931684,1.5760363340377808,1.531315803527832,1.6230417490005493,5.04727840423584,5.051473617553711,4.836942672729492,5.274853706359863,1.1981265783081765,0.37858221533196024,331776
Mirror Moderate Bi-Maxwellian,ion,629000,82.99305555555556,1.5760146379470825,0.6345118731273972,1.575620412826538,1.530616283416748,1.6224732398986816,5.04808235168457,5.052225589752197,4.837778568267822,5.2755045890808105,1.1980950250675477,0.3779196128795348,331776
Mirror Moderate Bi-Maxwellian,ion,629500,83.05902777777779,1.5753321647644043,0.6347867594956096,1.5748634338378906,1.5296443700790405,1.621915578842163,5.048896312713623,5.051916599273682,4.8392744064331055,5.277047157287598,1.1980630890521362,0.3772690757122681,331776
Mirror Moderate Bi-Maxwellian,ion,630000,83.125,1.574664831161499,0.6350557783540408,1.574265480041504,1.5291520357131958,1.6213849782943726,5.049646854400635,5.053703308105469,4.840055465698242,5.277219295501709,1.198033650438055,0.3766311807234439,331776
Mirror Moderate Bi-Maxwellian,ion,630500,83.19097222222223,1.5739874839782715,0.6353290672124587,1.5735270977020264,1.5284395217895508,1.6205188035964966,5.050463676452637,5.054462909698486,4.84028434753418,5.27823543548584,1.1980016220416387,0.37598586193663275,331776
Mirror Moderate Bi-Maxwellian,ion,631000,83.25694444444444,1.5732897520065308,0.6356108267562458,1.572821855545044,1.527814507484436,1.6200112104415894,5.051334381103516,5.054983139038086,4.842226505279541,5.279003620147705,1.197967492261231,0.37532225974529987,331776
Mirror Moderate Bi-Maxwellian,ion,631500,83.32291666666667,1.5725891590118408,0.6358939932082226,1.5720162391662598,1.5271676778793335,1.6192375421524048,5.052150726318359,5.055542945861816,4.842092514038086,5.28062629699707,1.1979355039410566,0.3746536550707842,331776
Mirror Moderate Bi-Maxwellian,ion,632000,83.38888888888889,1.571914553642273,0.6361668944936648,1.57151198387146,1.526363492012024,1.6185814142227173,5.053014755249023,5.056394577026367,4.841801166534424,5.281156539916992,1.197901658403275,0.37401289523899806,331776
Mirror Moderate Bi-Maxwellian,ion,632500,83.45486111111111,1.5712237358093262,0.6364465971390809,1.5706814527511597,1.5257676839828491,1.6177762746810913,5.053811073303223,5.057154178619385,4.842830657958984,5.282067775726318,1.1978704754680094,0.3733532603413168,331776
Mirror Moderate Bi-Maxwellian,ion,633000,83.52083333333334,1.5705233812332153,0.6367304122621685,1.5700379610061646,1.5251779556274414,1.6168813705444336,5.054692268371582,5.058774948120117,4.844103813171387,5.283014297485352,1.1978359802944363,0.37268740093877906,331776
Mirror Moderate Bi-Maxwellian,ion,633500,83.58680555555556,1.5698473453521729,0.6370046125571938,1.5694037675857544,1.5244104862213135,1.6163129806518555,5.055495262145996,5.059154033660889,4.8449320793151855,5.283848285675049,1.1978045568527567,0.3720427884994162,331776
Mirror Moderate Bi-Maxwellian,ion,634000,83.65277777777779,1.5691622495651245,0.6372827285879065,1.5687530040740967,1.5237464904785156,1.6155974864959717,5.056351184844971,5.060156345367432,4.844837665557861,5.285279273986816,1.1977710731400988,0.3713911764250257,331776
Mirror Moderate Bi-Maxwellian,ion,634500,83.71875,1.5684870481491089,0.6375570656959193,1.567874550819397,1.5230365991592407,1.6149570941925049,5.0571770668029785,5.061187744140625,4.845963954925537,5.285872936248779,1.1977387753662687,0.37074827278284017,331776
Mirror Moderate Bi-Maxwellian,ion,635000,83.78472222222223,1.5677911043167114,0.637840077830923,1.5673062801361084,1.5224272012710571,1.6143730878829956,5.0580902099609375,5.06239652633667,4.84781551361084,5.287111282348633,1.1977030773454163,0.37008802697129517,331776
Mirror Moderate Bi-Maxwellian,ion,635500,83.85069444444444,1.5670987367630005,0.638121885073815,1.566518783569336,1.5215445756912231,1.6137044429779053,5.058924674987793,5.063100814819336,4.847555160522461,5.288671016693115,1.1976704664025093,0.3694282703604912,331776
Mirror Moderate Bi-Maxwellian,ion,636000,83.91666666666667,1.5664321184158325,0.6383934472764272,1.5658835172653198,1.5209170579910278,1.6130367517471313,5.059746265411377,5.064406394958496,4.848300457000732,5.288698673248291,1.1976383691087513,0.3687937493070812,331776
Mirror Moderate Bi-Maxwellian,ion,636500,83.98263888888889,1.5657339096069336,0.6386781265094035,1.5652552843093872,1.5202393531799316,1.61234450340271,5.060646057128906,5.064743518829346,4.849173545837402,5.290547847747803,1.197603228661152,0.3681306809457816,331776
Mirror Moderate Bi-Maxwellian,ion,637000,84.04861111111111,1.565058708190918,0.6389536665726231,1.5645256042480469,1.5195341110229492,1.6117160320281982,5.061477184295654,5.0657501220703125,4.849969863891602,5.291906833648682,1.1975707809377705,0.3674879272531475,331776
Mirror Moderate Bi-Maxwellian,ion,637500,84.11458333333334,1.5643607378005981,0.639238748350296,1.5639209747314453,1.5187761783599854,1.6107921600341797,5.062372207641602,5.066655158996582,4.850496292114258,5.292852401733398,1.1975358505821658,0.3668248872184323,331776
Mirror Moderate Bi-Maxwellian,ion,638000,84.18055555555556,1.563666582107544,0.6395225244579814,1.5631046295166016,1.5182205438613892,1.61013662815094,5.0632643699646,5.067675590515137,4.852118492126465,5.292914867401123,1.1975010441745888,0.36616553793295514,331776
Mirror Moderate Bi-Maxwellian,ion,638500,84.24652777777779,1.5629959106445312,0.6397969394479291,1.5624980926513672,1.517471432685852,1.6097185611724854,5.064094543457031,5.068202018737793,4.851632595062256,5.294815540313721,1.1974686671859298,0.36552724345860144,331776
Mirror Moderate Bi-Maxwellian,ion,639000,84.3125,1.5623106956481934,0.6400775484578668,1.5616437196731567,1.5168501138687134,1.6089990139007568,5.064959526062012,5.069719314575195,4.85272216796875,5.296330451965332,1.1974349439229373,0.3648757517252561,331776
Mirror Moderate Bi-Maxwellian,ion,639500,84.37847222222223,1.5616449117660522,0.6403504359189489,1.561302661895752,1.5160162448883057,1.608048677444458,5.065803050994873,5.070749759674072,4.854264259338379,5.2956085205078125,1.1974020683262865,0.36424284343976576,331776
Mirror Moderate Bi-Maxwellian,ion,640000,84.44444444444444,1.560966968536377,0.6406285463795808,1.5603822469711304,1.5155194997787476,1.6075810194015503,5.066688060760498,5.071017265319824,4.8541741371154785,5.297375202178955,1.1973675876643375,0.36359938087203947,331776
Mirror Moderate Bi-Maxwellian,ion,640500,84.51041666666667,1.5602827072143555,0.6409094937579267,1.5598177909851074,1.514864206314087,1.6068356037139893,5.067568302154541,5.0716094970703125,4.8548383712768555,5.298521995544434,1.1973333047281942,0.36294940248616125,331776
Mirror Moderate Bi-Maxwellian,ion,641000,84.57638888888889,1.5596020221710205,0.6411892173671108,1.5590598583221436,1.5141640901565552,1.605921745300293,5.068469047546387,5.072847366333008,4.856400012969971,5.299741744995117,1.1972982355459176,0.3623037866251029,331776
Mirror Moderate Bi-Maxwellian,ion,641500,84.64236111111111,1.5589293241500854,0.6414658987476493,1.5584075450897217,1.5135161876678467,1.6056182384490967,5.069324016571045,5.073309898376465,4.857282638549805,5.300047874450684,1.197264960127053,0.36166436402303237,331776
Mirror Moderate Bi-Maxwellian,ion,642000,84.70833333333334,1.5582588911056519,0.6417418862217799,1.5579156875610352,1.5129826068878174,1.6050366163253784,5.070180416107178,5.074718475341797,4.857956886291504,5.3019490242004395,1.1972316402830865,0.36102725082256537,331776
Mirror Moderate Bi-Maxwellian,ion,642500,84.77430555555556,1.5575776100158691,0.642022582739753,1.557039737701416,1.5121148824691772,1.6041046380996704,5.071115016937256,5.075700283050537,4.8576178550720215,5.302906036376953,1.1971952907122108,0.3603823193036584,331776
Mirror Moderate Bi-Maxwellian,ion,643000,84.84027777777779,1.5569113492965698,0.6422973282658716,1.5564501285552979,1.5114506483078003,1.6034152507781982,5.071946620941162,5.075632095336914,4.85875129699707,5.303700923919678,1.1971629582754635,0.35974839102110634,331776
Mirror Moderate Bi-Maxwellian,ion,643500,84.90625,1.556248664855957,0.6425708324013617,1.5556304454803467,1.5108107328414917,1.6027626991271973,5.072826862335205,5.077596664428711,4.860310077667236,5.304001808166504,1.1971287463849425,0.35911991847101454,331776
Mirror Moderate Bi-Maxwellian,ion,644000,84.97222222222223,1.5555899143218994,0.6428429438846756,1.5550832748413086,1.509979009628296,1.6023428440093994,5.073719501495361,5.077354431152344,4.8612284660339355,5.304529666900635,1.1970940647596449,0.35849584956225455,331776
Mirror Moderate Bi-Maxwellian,ion,644500,85.03819444444444,1.5549347400665283,0.6431138067937274,1.5545552968978882,1.5095174312591553,1.6015716791152954,5.07454252243042,5.078747749328613,4.8609795570373535,5.306964874267578,1.197062098815768,0.35787264125076024,331776
Mirror Moderate Bi-Maxwellian,ion,645000,85.10416666666667,1.554263710975647,0.6433914611390348,1.5537407398223877,1.5087800025939941,1.6005611419677734,5.075400352478027,5.079549789428711,4.862581729888916,5.307419776916504,1.1970287919280609,0.3572349190475861,331776
Mirror Moderate Bi-Maxwellian,ion,645500,85.17013888888889,1.5536290407180786,0.643654291849363,1.5529942512512207,1.5081125497817993,1.6002373695373535,5.07623291015625,5.080451965332031,4.863188743591309,5.308825969696045,1.196996477052748,0.3566325636653307,331776
Mirror Moderate Bi-Maxwellian,ion,646000,85.23611111111111,1.5529730319976807,0.6439261850630086,1.5524344444274902,1.5074248313903809,1.599553108215332,5.0771307945251465,5.082069396972656,4.864151954650879,5.309732437133789,1.196961638466816,0.35601139353086464,331776
Mirror Moderate Bi-Maxwellian,ion,646500,85.30208333333334,1.5523173809051514,0.6441981596681622,1.5518693923950195,1.5068938732147217,1.5988914966583252,5.0779619216918945,5.082273483276367,4.86342716217041,5.31131649017334,1.1969294010906675,0.3553879798144839,331776
Mirror Moderate Bi-Maxwellian,ion,647000,85.36805555555556,1.5516849756240845,0.6444607092994518,1.5512216091156006,1.5062528848648071,1.598245620727539,5.078798294067383,5.082762718200684,4.865091323852539,5.31162691116333,1.196896970916942,0.35478800470714256,331776
Mirror Moderate Bi-Maxwellian,ion,647500,85.43402777777779,1.551051139831543,0.6447240676465434,1.5505281686782837,1.5054768323898315,1.5975925922393799,5.079640865325928,5.083641052246094,4.866586685180664,5.312022686004639,1.196864311181148,0.35418682865039486,331776
Mirror Moderate Bi-Maxwellian,ion,648000,85.5,1.550406575202942,0.6449921046478432,1.5498895645141602,1.5050326585769653,1.596945881843567,5.080484867095947,5.084796905517578,4.866616725921631,5.314063549041748,1.1968316068563765,0.35357496834656543,331776
Mirror Moderate Bi-Maxwellian,ion,648500,85.56597222222223,1.5497643947601318,0.6452593719284518,1.5493276119232178,1.5043221712112427,1.5962605476379395,5.081350326538086,5.086057662963867,4.867127418518066,5.3142313957214355,1.1967980823477877,0.3529663124123441,331776
Mirror Moderate Bi-Maxwellian,ion,649000,85.63194444444444,1.5491207838058472,0.6455274568992749,1.5486373901367188,1.5035908222198486,1.595617651939392,5.0822062492370605,5.08664083480835,4.867855072021484,5.314574241638184,1.1967649384851549,0.3523558453206923,331776
Mirror Moderate Bi-Maxwellian,ion,649500,85.69791666666667,1.548486590385437,0.645791837145382,1.5479376316070557,1.5030491352081299,1.5949246883392334,5.0830488204956055,5.087407112121582,4.869318962097168,5.315593719482422,1.19673232253207,0.35175426785336694,331776
Mirror Moderate Bi-Maxwellian,ion,650000,85.76388888888889,1.547865867614746,0.6460508115867916,1.5474109649658203,1.5024422407150269,1.5942261219024658,5.083860874176025,5.087773323059082,4.8699140548706055,5.31721305847168,1.1967008981460525,0.3511649694686936,331776
Mirror Moderate Bi-Maxwellian,ion,650500,85.82986111111111,1.5472311973571777,0.6463158199680163,1.5466580390930176,1.5016300678253174,1.5937713384628296,5.084691524505615,5.089069366455078,4.870027542114258,5.3180155754089355,1.1966687645023324,0.35056243285484534,331776
Mirror Moderate Bi-Maxwellian,ion,651000,85.89583333333334,1.5466197729110718,0.6465713276882427,1.5461485385894775,1.5011557340621948,1.5932257175445557,5.085513114929199,5.089912414550781,4.871687889099121,5.319045066833496,1.1966369916664588,0.349982781244613,331776
Mirror Moderate Bi-Maxwellian,ion,651500,85.96180555555556,1.5459988117218018,0.6468310275648176,1.54545259475708,1.5005604028701782,1.592588186264038,5.08630895614624,5.089997291564941,4.87149715423584,5.319617748260498,1.196606224400036,0.3493925873217658,331776
Mirror Moderate Bi-Maxwellian,ion,652000,86.02777777777779,1.5454132556915283,0.6470761114007195,1.544952630996704,1.4999401569366455,1.591843605041504,5.087092399597168,5.09127140045166,4.872755527496338,5.320029258728027,1.1965759458348324,0.3488373098566959,331776
Mirror Moderate Bi-Maxwellian,ion,652500,86.09375,1.5447745323181152,0.6473436602423674,1.5443168878555298,1.4994041919708252,1.5912625789642334,5.08793306350708,5.092248916625977,4.873915672302246,5.3209710121154785,1.196543466181276,0.3482310661368393,331776
Mirror Moderate Bi-Maxwellian,ion,653000,86.15972222222223,1.5441800355911255,0.6475928822750201,1.543604850769043,1.4990187883377075,1.5906023979187012,5.088658809661865,5.092304229736328,4.874638557434082,5.321774959564209,1.1965154350889657,0.34766460050215975,331776
Mirror Moderate Bi-Maxwellian,ion,653500,86.22569444444444,1.5435869693756104,0.6478416958938865,1.5430514812469482,1.4982423782348633,1.5901168584823608,5.089465141296387,5.093109130859375,4.874515533447266,5.322744369506836,1.1964843008523447,0.34710266852326566,331776
Mirror Moderate Bi-Maxwellian,ion,654000,86.29166666666667,1.54298734664917,0.6480934546687315,1.542667031288147,1.4975924491882324,1.5893651247024536,5.0902299880981445,5.095074653625488,4.875030040740967,5.3236799240112305,1.1964547775519332,0.34653256909723673,331776
Mirror Moderate Bi-Maxwellian,ion,654500,86.35763888888889,1.5424160957336426,0.6483334832708387,1.5417088270187378,1.4970290660858154,1.5890170335769653,5.090974807739258,5.094597816467285,4.876129627227783,5.325260639190674,1.196426035831057,0.3459900599025856,331776
Mirror Moderate Bi-Maxwellian,ion,655000,86.42361111111111,1.5418128967285156,0.6485871289063949,1.5411925315856934,1.4963911771774292,1.5882699489593506,5.091752052307129,5.095592975616455,4.876650333404541,5.324881553649902,1.1963960518358094,0.3454168448927062,331776
Mirror Moderate Bi-Maxwellian,ion,655500,86.48958333333334,1.5412427186965942,0.6488270717318846,1.5407707691192627,1.4957947731018066,1.5876202583312988,5.092484951019287,5.0962677001953125,4.8787336349487305,5.326210021972656,1.196367786968098,0.34487493172849626,331776
Mirror Moderate Bi-Maxwellian,ion,656000,86.55555555555556,1.540642261505127,0.6490799486592379,1.5400989055633545,1.4951491355895996,1.5872420072555542,5.093231201171875,5.097031593322754,4.878589630126953,5.327203750610352,1.1963390155486984,0.3443032459564286,331776
Mirror Moderate Bi-Maxwellian,ion,656500,86.62152777777779,1.540095329284668,0.6493104556485296,1.539496898651123,1.494736671447754,1.58653724193573,5.093915939331055,5.097994327545166,4.8792219161987305,5.328639507293701,1.196312623119439,0.343782706165229,331776
Mirror Moderate Bi-Maxwellian,ion,657000,86.6875,1.539520025253296,0.6495530968072148,1.5388619899749756,1.4940780401229858,1.585986614227295,5.094671249389648,5.098836421966553,4.880030632019043,5.3281073570251465,1.1962835188079706,0.34323650644532533,331776
Mirror Moderate Bi-Maxwellian,ion,657500,86.75347222222223,1.5389387607574463,0.6497984361039894,1.5383622646331787,1.493483543395996,1.5854177474975586,5.095422744750977,5.099628448486328,4.880819797515869,5.328374862670898,1.196254570051159,0.3426841907062872,331776
Mirror Moderate Bi-Maxwellian,ion,658000,86.81944444444444,1.5384008884429932,0.6500256256430627,1.537710189819336,1.493065595626831,1.5849721431732178,5.096035957336426,5.100221633911133,4.881608963012695,5.329626560211182,1.196230954485391,0.3421699339576021,331776
Mirror Moderate Bi-Maxwellian,ion,658500,86.88541666666667,1.5378215312957764,0.6502705155632688,1.5372917652130127,1.4922595024108887,1.5845779180526733,5.096795082092285,5.100590229034424,4.880980491638184,5.330880165100098,1.1962017275353143,0.3416198037604621,331776
Mirror Moderate Bi-Maxwellian,ion,659000,86.95138888888889,1.5372852087020874,0.6504973796269651,1.5367134809494019,1.4917194843292236,1.584049105644226,5.097450256347656,5.1005754470825195,4.882363319396973,5.331854343414307,1.196176509766768,0.34110869893531937,331776
Mirror Moderate Bi-Maxwellian,ion,659500,87.01736111111111,1.5367375612258911,0.6507291975100009,1.5361008644104004,1.4913784265518188,1.5833024978637695,5.098161220550537,5.102618217468262,4.883076190948486,5.331505298614502,1.1961491519666012,0.3405884092592899,331776
Mirror Moderate Bi-Maxwellian,ion,660000,87.08333333333334,1.536183476448059,0.6509639084988632,1.5356619358062744,1.490761399269104,1.5827523469924927,5.098812580108643,5.102667808532715,4.883552551269531,5.332447052001953,1.1961240944413558,0.34005938200670327,331776
Mirror Moderate Bi-Maxwellian,ion,660500,87.14930555555556,1.5356351137161255,0.651196362383296,1.5349440574645996,1.4902894496917725,1.582087755203247,5.099490165710449,5.1026763916015625,4.883882522583008,5.333419322967529,1.1960980348043642,0.3395370789117613,331776
Mirror Moderate Bi-Maxwellian,ion,661000,87.21527777777779,1.5351109504699707,0.6514187132166911,1.5347063541412354,1.4896644353866577,1.5815072059631348,5.100122451782227,5.103763580322266,4.8850603103637695,5.333788871765137,1.1960737236123717,0.33903722685759896,331776
Mirror Moderate Bi-Maxwellian,ion,661500,87.28125,1.5345629453659058,0.6516513402202325,1.5339460372924805,1.4891496896743774,1.5809062719345093,5.100766658782959,5.104655742645264,4.885695457458496,5.334945201873779,1.1960489602632793,0.3385139851026264,331776
Mirror Moderate Bi-Maxwellian,ion,662000,87.34722222222223,1.5340427160263062,0.651872330250582,1.5334300994873047,1.4888758659362793,1.5805106163024902,5.101382255554199,5.104530334472656,4.886312484741211,5.33560037612915,1.1960253025366285,0.3380174134896776,331776
Mirror Moderate Bi-Maxwellian,ion,662500,87.41319444444444,1.533523678779602,0.6520929633090589,1.5331051349639893,1.4879631996154785,1.5799942016601562,5.102016448974609,5.105952262878418,4.886563777923584,5.33489990234375,1.1960009361006623,0.3375227426789398,331776
Mirror Moderate Bi-Maxwellian,ion,663000,87.47916666666667,1.5330021381378174,0.6523148109987174,1.532404899597168,1.4876571893692017,1.579323172569275,5.102605819702148,5.106435775756836,4.887579917907715,5.336219310760498,1.195978297233701,0.3370238409041164,331776
Mirror Moderate Bi-Maxwellian,ion,663500,87.54513888888889,1.5324797630310059,0.6525371650077493,1.5318822860717773,1.487375020980835,1.578723669052124,5.103174209594727,5.106755256652832,4.887972354888916,5.337255001068115,1.1959564692343545,0.33652329379665136,331776
Mirror Moderate Bi-Maxwellian,ion,664000,87.61111111111111,1.5319887399673462,0.6527463119744044,1.5313019752502441,1.4868278503417969,1.578437089920044,5.103715896606445,5.10792875289917,4.888114929199219,5.33845853805542,1.1959356712361122,0.336053068731234,331776
Mirror Moderate Bi-Maxwellian,ion,664500,87.67708333333334,1.5314644575119019,0.6529697735360133,1.5307042598724365,1.486389398574829,1.5775974988937378,5.104326248168945,5.108062744140625,4.889052391052246,5.339754104614258,1.1959122421609956,0.3355522153509063,331776
Mirror Moderate Bi-Maxwellian,ion,665000,87.74305555555556,1.5309654474258423,0.6531826055783264,1.5305135250091553,1.485619068145752,1.577260136604309,5.104895114898682,5.108266830444336,4.889350414276123,5.338973045349121,1.1958904105750363,0.335075036850806,331776
Mirror Moderate Bi-Maxwellian,ion,665500,87.80902777777779,1.5304656028747559,0.6533959326636588,1.5299537181854248,1.4852813482284546,1.5766757726669312,5.10543966293335,5.10897159576416,4.888653755187988,5.340242862701416,1.1958695168332372,0.3345960860415187,331776
Mirror Moderate Bi-Maxwellian,ion,666000,87.875,1.5299675464630127,0.6536086352366136,1.5294153690338135,1.484814167022705,1.5762948989868164,5.105952262878418,5.109142303466797,4.889697074890137,5.3405632972717285,1.1958498529785044,0.33411769348450826,331776
Mirror Moderate Bi-Maxwellian,ion,666500,87.94097222222223,1.5294889211654663,0.6538131699822989,1.528796672821045,1.4843168258666992,1.5757060050964355,5.106440544128418,5.109247207641602,4.8906097412109375,5.341986179351807,1.1958311256849623,0.333657795480504,331776
Mirror Moderate Bi-Maxwellian,ion,667000,88.00694444444444,1.528997778892517,0.6540231868252415,1.5283410549163818,1.4838294982910156,1.575183629989624,5.107001781463623,5.110400199890137,4.890851974487305,5.342141151428223,1.1958096046940105,0.33318817419850655,331776
Mirror Moderate Bi-Maxwellian,ion,667500,88.07291666666667,1.528512954711914,0.6542306343674232,1.5279093980789185,1.4834245443344116,1.574732780456543,5.107501983642578,5.110987663269043,4.8916096687316895,5.342115879058838,1.1957904281197789,0.3327225265921352,331776
Mirror Moderate Bi-Maxwellian,ion,668000,88.13888888888889,1.5280394554138184,0.6544333632597095,1.5274449586868286,1.4830799102783203,1.5741121768951416,5.107991695404053,5.111942291259766,4.890702724456787,5.343247890472412,1.1957716573618857,0.33226779805193263,331776
Mirror Moderate Bi-Maxwellian,ion,668500,88.20486111111111,1.5275592803955078,0.6546390787145656,1.527012586593628,1.4822988510131836,1.573589563369751,5.108495235443115,5.112173080444336,4.892472267150879,5.3442230224609375,1.1957523603157985,0.33180692007970936,331776
Mirror Moderate Bi-Maxwellian,ion,669000,88.27083333333334,1.527083396911621,0.6548430832411665,1.5264880657196045,1.481994867324829,1.5733251571655273,5.108973503112793,5.1114349365234375,4.891995429992676,5.34387731552124,1.1957340352990127,0.3313493616126084,331776
Mirror Moderate Bi-Maxwellian,ion,669500,88.33680555555556,1.5265954732894897,0.6550523812606439,1.5260226726531982,1.4814130067825317,1.5728378295898438,5.109483242034912,5.112307071685791,4.89278507232666,5.3444929122924805,1.1957145082252463,0.33088096506424347,331776
Mirror Moderate Bi-Maxwellian,ion,670000,88.40277777777779,1.5261255502700806,0.6552540843202767,1.5254881381988525,1.4810516834259033,1.5723932981491089,5.109955787658691,5.112656116485596,4.893117904663086,5.346228122711182,1.19569640943179,0.33042914083829067,331776
Mirror Moderate Bi-Maxwellian,ion,670500,88.46875,1.5256627798080444,0.6554528387497386,1.5250587463378906,1.4803270101547241,1.5718824863433838,5.110411167144775,5.113343715667725,4.8934760093688965,5.3458757400512695,1.1956789712790776,0.3299838085289668,331776
Mirror Moderate Bi-Maxwellian,ion,671000,88.53472222222223,1.525205373764038,0.655649407746388,1.5246646404266357,1.4800971746444702,1.571413516998291,5.110860824584961,5.114051818847656,4.893720626831055,5.347073554992676,1.1956617552936804,0.32954361847035774,331776
Mirror Moderate Bi-Maxwellian,ion,671500,88.60069444444444,1.5247397422790527,0.6558496327414436,1.5242352485656738,1.4798033237457275,1.5707054138183594,5.111288547515869,5.1143412590026855,4.894237041473389,5.347088813781738,1.195645381923509,0.3290943603555436,331776
Mirror Moderate Bi-Maxwellian,ion,672000,88.66666666666667,1.5242730379104614,0.6560504418360917,1.5237398147583008,1.4792680740356445,1.570470929145813,5.111795902252197,5.1150102615356445,4.895195484161377,5.347952842712402,1.19562596377516,0.32864707413530136,331776
Mirror Moderate Bi-Maxwellian,ion,672500,88.73263888888889,1.5238181352615356,0.656246291378051,1.5230406522750854,1.4787719249725342,1.5699570178985596,5.112231254577637,5.116005897521973,4.8946919441223145,5.347985744476318,1.1956093044704446,0.3282088307910911,331776
Mirror Moderate Bi-Maxwellian,ion,673000,88.79861111111111,1.523391842842102,0.6564299295014993,1.5228265523910522,1.4783633947372437,1.5694507360458374,5.112599849700928,5.11607551574707,4.895538330078125,5.3485894203186035,1.1955952019320457,0.32779664091005634,331776
Mirror Moderate Bi-Maxwellian,ion,673500,88.86458333333334,1.5229153633117676,0.6566353088889828,1.522355556488037,1.4779143333435059,1.5688852071762085,5.113105297088623,5.117100715637207,4.895763397216797,5.349678039550781,1.1955758666987348,0.32733949661303274,331776
Mirror Moderate Bi-Maxwellian,ion,674000,88.93055555555556,1.5224695205688477,0.6568275991668885,1.521880030632019,1.4774161577224731,1.5682828426361084,5.113535404205322,5.116667747497559,4.89578914642334,5.349756240844727,1.1955594165198522,0.32691010404899545,331776
Mirror Moderate Bi-Maxwellian,ion,674500,88.99652777777779,1.5220093727111816,0.6570261773215513,1.5214771032333374,1.477035641670227,1.5680686235427856,5.11395788192749,5.118409156799316,4.895661354064941,5.350766658782959,1.1955432608340317,0.3264661118771499,331776
Mirror Moderate Bi-Maxwellian,ion,675000,89.0625,1.5215643644332886,0.6572183361907619,1.5209741592407227,1.476699948310852,1.5675361156463623,5.114396095275879,5.117890357971191,4.897554397583008,5.3500800132751465,1.1955265062328064,0.32603785820048214,331776
Mirror Moderate Bi-Maxwellian,ion,675500,89.12847222222223,1.5211288928985596,0.6574064858464874,1.5204975605010986,1.4763082265853882,1.5669634342193604,5.114792823791504,5.117498397827148,4.896450996398926,5.35207986831665,1.1955113402342499,0.3256175526643097,331776
Mirror Moderate Bi-Maxwellian,ion,676000,89.19444444444444,1.5206499099731445,0.657613559466597,1.5199644565582275,1.4757869243621826,1.566550850868225,5.115290641784668,5.11904239654541,4.8972487449646,5.351982116699219,1.1954923131505801,0.3251575968225644,331776
Mirror Moderate Bi-Maxwellian,ion,676500,89.26041666666667,1.52021324634552,0.6578024513363016,1.5196247100830078,1.4753319025039673,1.5661277770996094,5.1157026290893555,5.119729042053223,4.897969722747803,5.352312088012695,1.1954765693990328,0.3247366769464872,331776
Mirror Moderate Bi-Maxwellian,ion,677000,89.32638888888889,1.5197904109954834,0.6579854648148401,1.5190446376800537,1.4749996662139893,1.5656262636184692,5.116051197052002,5.118847846984863,4.897582054138184,5.353443622589111,1.1954632511449896,0.32432715985049376,331776
Mirror Moderate Bi-Maxwellian,ion,677500,89.39236111111111,1.5193365812301636,0.658182006774515,1.5188871622085571,1.4744775295257568,1.5650073289871216,5.116476058959961,5.11979341506958,4.8984575271606445,5.3533549308776855,1.1954470202687262,0.3238895609614374,331776
Mirror Moderate Bi-Maxwellian,ion,678000,89.45833333333334,1.5188913345336914,0.658374945767273,1.518347978591919,1.4740383625030518,1.5646615028381348,5.116908550262451,5.120723724365234,4.898864269256592,5.353873252868652,1.1954305006972832,0.3234608338364082,331776
Mirror Moderate Bi-Maxwellian,ion,678500,89.52430555555556,1.518444299697876,0.6585687734472508,1.5178312063217163,1.4736602306365967,1.5642088651657104,5.117339611053467,5.120676040649414,4.899186134338379,5.354883670806885,1.1954140385445589,0.3230302611533171,331776
Mirror Moderate Bi-Maxwellian,ion,679000,89.59027777777779,1.5179816484451294,0.6587694923876724,1.5175487995147705,1.473120093345642,1.563777208328247,5.117806911468506,5.121467590332031,4.899503707885742,5.354716777801514,1.19539619553819,0.3225854529069394,331776
Mirror Moderate Bi-Maxwellian,ion,679500,89.65625,1.5175572633743286,0.6589537173552671,1.5170576572418213,1.4728151559829712,1.5633599758148193,5.11810827255249,5.121853828430176,4.898838520050049,5.355905532836914,1.19538469034796,0.3221725730263687,331776
Mirror Moderate Bi-Maxwellian,ion,680000,89.72222222222223,1.51711106300354,0.6591475234649097,1.516602873802185,1.4724034070968628,1.562917947769165,5.118555545806885,5.122225284576416,4.899298667907715,5.355765342712402,1.195367617104243,0.32174344589929693,331776
Mirror Moderate Bi-Maxwellian,ion,680500,89.78819444444444,1.5166702270507812,0.6593391115381326,1.5161069631576538,1.4717355966567993,1.5625416040420532,5.119015216827393,5.122812747955322,4.90003776550293,5.35617733001709,1.1953500737237053,0.321320153327076,331776
Mirror Moderate Bi-Maxwellian,ion,681000,89.85416666666667,1.516222357749939,0.6595338704040689,1.515608787536621,1.4714933633804321,1.5620744228363037,5.119397163391113,5.1234130859375,4.9011311531066895,5.356202125549316,1.1953354990995844,0.3208868586503546,331776
Mirror Moderate Bi-Maxwellian,ion,681500,89.92013888888889,1.5157898664474487,0.6597220512785829,1.5152695178985596,1.4708784818649292,1.5616308450698853,5.119809627532959,5.123140335083008,4.9011077880859375,5.357406139373779,1.1953197624033263,0.32047010404412246,331776
Mirror Moderate Bi-Maxwellian,ion,682000,89.98611111111111,1.5153541564941406,0.6599117412351696,1.5147590637207031,1.4706504344940186,1.5610054731369019,5.120163440704346,5.124276161193848,4.900697708129883,5.358911991119385,1.1953062654309403,0.3200478910632003,331776
Mirror Moderate Bi-Maxwellian,ion,682500,90.05208333333334,1.5148789882659912,0.6601187340677632,1.5144662857055664,1.4700841903686523,1.5608205795288086,5.1206769943237305,5.12490177154541,4.900942802429199,5.3588972091674805,1.1952866781303526,0.3195923101356386,331776
Mirror Moderate Bi-Maxwellian,ion,683000,90.11805555555556,1.5144299268722534,0.660314473621963,1.5138787031173706,1.4697046279907227,1.560161828994751,5.121107578277588,5.12462043762207,4.902073860168457,5.359923839569092,1.1952702583796015,0.31915966849265187,331776
Mirror Moderate Bi-Maxwellian,ion,683500,90.18402777777779,1.5140036344528198,0.6605003959329415,1.5133283138275146,1.4691967964172363,1.559950590133667,5.121490478515625,5.125280380249023,4.902798652648926,5.360011577606201,1.1952556593036627,0.3187479751491571,331776
Mirror Moderate Bi-Maxwellian,ion,684000,90.25,1.513548731803894,0.6606989117609509,1.5130035877227783,1.4687057733535767,1.5594232082366943,5.121927738189697,5.125788688659668,4.902454853057861,5.360640525817871,1.1952389903012262,0.3183097415026679,331776
Mirror Moderate Bi-Maxwellian,ion,684500,90.31597222222223,1.5130903720855713,0.6608990569556318,1.512723445892334,1.4681898355484009,1.5590527057647705,5.122366428375244,5.126345634460449,4.902221202850342,5.362171173095703,1.1952222696253278,0.31786810246024344,331776
Mirror Moderate Bi-Maxwellian,ion,685000,90.38194444444444,1.5126575231552124,0.6610881740859137,1.5123236179351807,1.4677048921585083,1.558434009552002,5.122799396514893,5.126856803894043,4.904354572296143,5.360728740692139,1.1952057698531613,0.3174517533020511,331776
Mirror Moderate Bi-Maxwellian,ion,685500,90.44791666666667,1.5121973752975464,0.6612893371827443,1.511625051498413,1.4677002429962158,1.5578711032867432,5.123198986053467,5.1264142990112305,4.903688430786133,5.361739635467529,1.1951905445644861,0.31700683073306024,331776
Mirror Moderate Bi-Maxwellian,ion,686000,90.51388888888889,1.511740803718567,0.661489057873022,1.5112390518188477,1.4670063257217407,1.557673454284668,5.123640060424805,5.127419471740723,4.904228210449219,5.362300872802734,1.1951737413648627,0.31656706235370424,331776
Mirror Moderate Bi-Maxwellian,ion,686500,90.57986111111111,1.51129949092865,0.6616822185161518,1.5106403827667236,1.4666458368301392,1.557038426399231,5.124102592468262,5.127734184265137,4.904568195343018,5.362338542938232,1.1951561238195865,0.31614336710906343,331776
Mirror Moderate Bi-Maxwellian,ion,687000,90.64583333333334,1.5108553171157837,0.6618767453583813,1.5102871656417847,1.4662376642227173,1.5564956665039062,5.124485492706299,5.128922462463379,4.904847621917725,5.364600658416748,1.1951415418042073,0.3157137753115764,331776
Mirror Moderate Bi-Maxwellian,ion,687500,90.71180555555556,1.5103827714920044,0.6620838233027301,1.5098906755447388,1.4659144878387451,1.556142807006836,5.1249566078186035,5.129120826721191,4.905218124389648,5.364110469818115,1.1951236032856172,0.3152591682063872,331776
Mirror Moderate Bi-Maxwellian,ion,688000,90.77777777777779,1.5099413394927979,0.6622773837928754,1.5095713138580322,1.4652953147888184,1.5557708740234375,5.125415802001953,5.129912853240967,4.904767990112305,5.366217136383057,1.1951061218505252,0.3148352176422726,331776
Mirror Moderate Bi-Maxwellian,ion,688500,90.84375,1.509508490562439,0.6624672906791021,1.5090162754058838,1.4648984670639038,1.55525803565979,5.125783920288086,5.130011558532715,4.9054179191589355,5.366150379180908,1.1950921099194125,0.31441638064302646,331776
Mirror Moderate Bi-Maxwellian,ion,689000,90.90972222222223,1.509043574333191,0.6626713880292524,1.5087471008300781,1.4646610021591187,1.5547300577163696,5.126310348510742,5.130519866943359,4.906535625457764,5.366176605224609,1.1950720756285294,0.31397149870466157,331776
Mirror Moderate Bi-Maxwellian,ion,689500,90.97569444444444,1.5085792541503906,0.6628753492723756,1.5079972743988037,1.4640958309173584,1.5542277097702026,5.126775741577148,5.1302924156188965,4.905914306640625,5.367035865783691,1.195054367580426,0.3135248865699647,331776
Mirror Moderate Bi-Maxwellian,ion,690000,91.04166666666667,1.5081363916397095,0.6630700018535842,1.5076931715011597,1.463446855545044,1.5537245273590088,5.127196311950684,5.131003379821777,4.906883239746094,5.367206573486328,1.1950383677857541,0.31309802385395535,331776
Mirror Moderate Bi-Maxwellian,ion,690500,91.10763888888889,1.5076618194580078,0.6632787188041227,1.5070991516113281,1.4629480838775635,1.553572654724121,5.127697944641113,5.131718635559082,4.906240940093994,5.369304656982422,1.195019287562577,0.3126425318954309,331776
Mirror Moderate Bi-Maxwellian,ion,691000,91.17361111111111,1.5072273015975952,0.6634699351186404,1.5069327354431152,1.4626896381378174,1.5529510974884033,5.128095626831055,5.132436275482178,4.907711505889893,5.369385719299316,1.1950041638786595,0.31222313771893573,331776
Mirror Moderate Bi-Maxwellian,ion,691500,91.23958333333334,1.5067808628082275,0.6636665122865135,1.5064940452575684,1.462299108505249,1.5524932146072388,5.128536701202393,5.13215446472168,4.908621788024902,5.3695292472839355,1.1949873927519226,0.311793470056305,331776
Mirror Moderate Bi-Maxwellian,ion,692000,91.30555555555556,1.5062987804412842,0.6638789149832816,1.505955696105957,1.4618197679519653,1.5518367290496826,5.129050254821777,5.132692337036133,4.9075822830200195,5.370959758758545,1.1949678693555221,0.31133091108576205,331776
Mirror Moderate Bi-Maxwellian,ion,692500,91.37152777777779,1.5058523416519165,0.6640757346122013,1.505427598953247,1.461393117904663,1.5515602827072144,5.129483699798584,5.133052825927734,4.909219741821289,5.369912147521973,1.1949513944335697,0.3109009472183468,331776
Mirror Moderate Bi-Maxwellian,ion,693000,91.4375,1.5053712129592896,0.6642879785339986,1.504981279373169,1.4608262777328491,1.5512584447860718,5.130009651184082,5.133929252624512,4.908497333526611,5.3708720207214355,1.194931407150313,0.31043980580897657,331776
Mirror Moderate Bi-Maxwellian,ion,693500,91.50347222222223,1.5049060583114624,0.6644933047329359,1.5045233964920044,1.460288643836975,1.5506552457809448,5.1305036544799805,5.1349310874938965,4.909578323364258,5.372239112854004,1.1949126376952866,0.30999342061617585,331776
Mirror Moderate Bi-Maxwellian,ion,694000,91.56944444444444,1.504433512687683,0.6647020234303952,1.5039774179458618,1.4599368572235107,1.550088882446289,5.131043910980225,5.135736465454102,4.910043716430664,5.372698783874512,1.1948921150060792,0.30954139768160394,331776
Mirror Moderate Bi-Maxwellian,ion,694500,91.63541666666667,1.5039681196212769,0.664907711110137,1.5035078525543213,1.4593825340270996,1.549796223640442,5.131556987762451,5.135434150695801,4.909841537475586,5.374210357666016,1.194872628791761,0.3090954908295158,331776
Mirror Moderate Bi-Maxwellian,ion,695000,91.70138888888889,1.5034922361373901,0.6651181668680192,1.5029850006103516,1.4590067863464355,1.5492280721664429,5.132036209106445,5.136327743530273,4.910419464111328,5.37484073638916,1.1948544318969474,0.30863780424044274,331776
Mirror Moderate Bi-Maxwellian,ion,695500,91.76736111111111,1.5030189752578735,0.6653275949682735,1.5027456283569336,1.4586775302886963,1.5485353469848633,5.132598400115967,5.136500835418701,4.91059684753418,5.376344203948975,1.1948330888263936,0.3081858864314799,331776
Mirror Moderate Bi-Maxwellian,ion,696000,91.83333333333334,1.5025285482406616,0.6655447586476266,1.5020287036895752,1.4579657316207886,1.5482189655303955,5.133147716522217,5.137147903442383,4.910364151000977,5.376465797424316,1.1948122390441385,0.30771630919652315,331776
Mirror Moderate Bi-Maxwellian,ion,696500,91.89930555555556,1.5020464658737183,0.6657583654832641,1.5018033981323242,1.4573934078216553,1.5477120876312256,5.133685111999512,5.138370513916016,4.9113945960998535,5.3771748542785645,1.194791846048873,0.30725461982484537,331776
Mirror Moderate Bi-Maxwellian,ion,697000,91.96527777777779,1.501544713973999,0.6659808334001541,1.5011709928512573,1.4570080041885376,1.5473592281341553,5.1342597007751465,5.138613700866699,4.911284446716309,5.378457546234131,1.1947700463708575,0.30677466760314154,331776
Mirror Moderate Bi-Maxwellian,ion,697500,92.03125,1.5010868310928345,0.6661839803577326,1.500763177871704,1.4566320180892944,1.5467822551727295,5.1347784996032715,5.1395697593688965,4.911681652069092,5.378317832946777,1.1947503675333344,0.30633646355950006,331776
Mirror Moderate Bi-Maxwellian,ion,698000,92.09722222222223,1.5005872249603271,0.6664057799282133,1.50014328956604,1.4560691118240356,1.546473741531372,5.135379314422607,5.139575004577637,4.912935733795166,5.379122734069824,1.1947275826717454,0.30585964228858176,331776
Mirror Moderate Bi-Maxwellian,ion,698500,92.16319444444444,1.500098705291748,0.6666228005346582,1.499847412109375,1.455649495124817,1.54578697681427,5.13596248626709,5.141041278839111,4.913948059082031,5.379239082336426,1.1947054719877477,0.30539323330400037,331776
Mirror Moderate Bi-Maxwellian,ion,699000,92.22916666666667,1.4996306896209717,0.6668308450347517,1.4991240501403809,1.4552216529846191,1.5453357696533203,5.136505126953125,5.1408281326293945,4.913781642913818,5.3799729347229,1.1946849025327813,0.3049457870881904,331776
Mirror Moderate Bi-Maxwellian,ion,699500,92.29513888888889,1.4991308450698853,0.6670531817076867,1.4986191987991333,1.4548197984695435,1.544663667678833,5.137104511260986,5.141946315765381,4.91412878036499,5.381281852722168,1.1946621871927876,0.30446865787709765,331776
Mirror Moderate Bi-Maxwellian,ion,700000,92.36111111111111,1.4986356496810913,0.667273596629574,1.498270034790039,1.454279899597168,1.5442103147506714,5.137770175933838,5.141775131225586,4.914138317108154,5.38253116607666,1.1946369661850904,0.3039986834960009,331776
Mirror Moderate Bi-Maxwellian,ion,700500,92.42708333333334,1.4981297254562378,0.6674989375138803,1.4978066682815552,1.4536974430084229,1.5435858964920044,5.138335227966309,5.142865180969238,4.91583251953125,5.383158206939697,1.1946155623629462,0.3035141630932916,331776
Mirror Moderate Bi-Maxwellian,ion,701000,92.49305555555556,1.4976588487625122,0.6677088048631913,1.4971991777420044,1.453224778175354,1.543439269065857,5.13892126083374,5.143534183502197,4.915250301361084,5.383552074432373,1.19459336877206,0.3030654799904522,331776
Mirror Moderate Bi-Maxwellian,ion,701500,92.55902777777779,1.497150182723999,0.6679356630612328,1.496811866760254,1.4528729915618896,1.54275381565094,5.139526844024658,5.144312858581543,4.916481971740723,5.384263038635254,1.1945704401101873,0.3025797426138117,331776
Mirror Moderate Bi-Maxwellian,ion,702000,92.625,1.49667227268219,0.6681489449977567,1.4964344501495361,1.4524075984954834,1.5421743392944336,5.140139102935791,5.144989967346191,4.916560649871826,5.385761737823486,1.1945472641837358,0.30212500849845414,331776
Mirror Moderate Bi-Maxwellian,ion,702500,92.69097222222223,1.496176838874817,0.6683701912883766,1.4959352016448975,1.4518061876296997,1.5417393445968628,5.140769958496094,5.145401954650879,4.91663122177124,5.385931968688965,1.1945233900900996,0.30165344878471734,331776
Mirror Moderate Bi-Maxwellian,ion,703000,92.75694444444444,1.4957020282745361,0.6685823654017603,1.4953300952911377,1.4512579441070557,1.5415467023849487,5.141349792480469,5.146489143371582,4.917501449584961,5.387054443359375,1.1945014520238557,0.3012005762506804,331776
Mirror Moderate Bi-Maxwellian,ion,703500,92.82291666666667,1.4952014684677124,0.6688061917333478,1.494783639907837,1.4506385326385498,1.5408269166946411,5.141956329345703,5.147026062011719,4.917882919311523,5.387607574462891,1.1944785089466614,0.300722959521051,331776
Mirror Moderate Bi-Maxwellian,ion,704000,92.88888888888889,1.4946975708007812,0.6690316620132406,1.4944431781768799,1.4502589702606201,1.5405192375183105,5.142643928527832,5.147826194763184,4.918345928192139,5.387219429016113,1.1944525061229092,0.30024506467787204,331776
Mirror Moderate Bi-Maxwellian,ion,704500,92.95486111111111,1.4941939115524292,0.6692571775781267,1.4938833713531494,1.4499189853668213,1.5399447679519653,5.1432576179504395,5.148682117462158,4.919569969177246,5.389504909515381,1.1944293042039948,0.29976460734843435,331776
Mirror Moderate Bi-Maxwellian,ion,705000,93.02083333333334,1.4937207698822021,0.6694691673055213,1.4934051036834717,1.4494515657424927,1.5394803285598755,5.143887519836426,5.1492390632629395,4.92002010345459,5.388884544372559,1.1944054950936795,0.2993152747885226,331776
Mirror Moderate Bi-Maxwellian,ion,705500,93.08680555555556,1.493214726448059,0.6696960472515033,1.4930803775787354,1.4489189386367798,1.5388156175613403,5.144530296325684,5.149009704589844,4.921146869659424,5.389288902282715,1.194381205357896,0.29883352109016315,331776
Mirror Moderate Bi-Maxwellian,ion,706000,93.15277777777779,1.492711067199707,0.6699220110131413,1.492546558380127,1.4482532739639282,1.5386781692504883,5.145145893096924,5.150245666503906,4.921121597290039,5.390847206115723,1.1943579483998048,0.29835311879990223,331776
Mirror Moderate Bi-Maxwellian,ion,706500,93.21875,1.492219090461731,0.6701428807552477,1.4920202493667603,1.4478753805160522,1.537966251373291,5.145788669586182,5.150751113891602,4.921602249145508,5.392712593078613,1.194333670543143,0.29788541991858786,331776
Mirror Moderate Bi-Maxwellian,ion,707000,93.28472222222223,1.4917346239089966,0.6703605212162758,1.4914495944976807,1.4475576877593994,1.5376073122024536,5.1464362144470215,5.1511335372924805,4.921550273895264,5.393802642822266,1.1943092187158193,0.2974254051931773,331776
Mirror Moderate Bi-Maxwellian,ion,707500,93.35069444444444,1.4912267923355103,0.6705888099246345,1.4910085201263428,1.44688880443573,1.5371837615966797,5.147088527679443,5.151297569274902,4.9221272468566895,5.39465856552124,1.1942845930514525,0.29694219928405774,331776
Mirror Moderate Bi-Maxwellian,ion,708000,93.41666666666667,1.4907715320587158,0.6707935981437925,1.4904940128326416,1.4464102983474731,1.5366079807281494,5.147659778594971,5.152874946594238,4.923740386962891,5.3944525718688965,1.194263032719879,0.2965084993388367,331776
Mirror Moderate Bi-Maxwellian,ion,708500,93.48263888888889,1.4902632236480713,0.6710223966690009,1.4899191856384277,1.445847988128662,1.5360217094421387,5.148411273956299,5.15386962890625,4.923826217651367,5.394768714904785,1.1942346768329464,0.2960285468151249,331776
Mirror Moderate Bi-Maxwellian,ion,709000,93.54861111111111,1.4897838830947876,0.6712382992912099,1.4895329475402832,1.4453082084655762,1.5356054306030273,5.1490068435668945,5.154112815856934,4.923923492431641,5.395780563354492,1.1942122103118562,0.2955716727829314,331776
Mirror Moderate Bi-Maxwellian,ion,709500,93.61458333333334,1.489281177520752,0.6714648751988714,1.4889100790023804,1.444867730140686,1.5351213216781616,5.149734973907471,5.1547627449035645,4.924495697021484,5.397188663482666,1.194184750296233,0.2950964272245189,331776
Mirror Moderate Bi-Maxwellian,ion,710000,93.68055555555556,1.4887853860855103,0.6716884846843625,1.4884138107299805,1.4444477558135986,1.5346531867980957,5.150413990020752,5.155426979064941,4.925773620605469,5.397057056427002,1.1941591495242057,0.2946262365613046,331776
Mirror Moderate Bi-Maxwellian,ion,710500,93.74652777777779,1.4883058071136475,0.6719049238538917,1.4878811836242676,1.4440643787384033,1.5341901779174805,5.150982856750488,5.1556220054626465,4.925647258758545,5.398548603057861,1.1941377068823817,0.2941681002312657,331776
Mirror Moderate Bi-Maxwellian,ion,711000,93.8125,1.4878288507461548,0.672120317803015,1.487682580947876,1.4433890581130981,1.5335644483566284,5.1516547203063965,5.157162189483643,4.926858425140381,5.399521827697754,1.1941123880174416,0.2937164627287132,331776
Mirror Moderate Bi-Maxwellian,ion,711500,93.87847222222223,1.487341046333313,0.6723407536323045,1.4870212078094482,1.4429045915603638,1.5330941677093506,5.152310371398926,5.157007217407227,4.926820755004883,5.398934364318848,1.194087686477724,0.2932533598555891,331776
Mirror Moderate Bi-Maxwellian,ion,712000,93.94444444444444,1.4868545532226562,0.6725607409497909,1.486591100692749,1.4424381256103516,1.532657504081726,5.153033256530762,5.158217430114746,4.927988052368164,5.400672912597656,1.194060459193163,0.2927940940294933,331776
Mirror Moderate Bi-Maxwellian,ion,712500,94.01041666666667,1.4863826036453247,0.6727742894376719,1.4861836433410645,1.441896677017212,1.5323948860168457,5.153665065765381,5.158141136169434,4.927957534790039,5.401001930236816,1.1940366685143688,0.29234593513095586,331776
Mirror Moderate Bi-Maxwellian,ion,713000,94.07638888888889,1.4858804941177368,0.6730016336837132,1.4856479167938232,1.4415571689605713,1.5316274166107178,5.15435791015625,5.160287857055664,4.9287848472595215,5.401642799377441,1.1940105862710038,0.29186990784673306,331776
Mirror Moderate Bi-Maxwellian,ion,713500,94.14236111111111,1.4854313135147095,0.6732051431135375,1.485015630722046,1.4411907196044922,1.531261920928955,5.154953479766846,5.160853385925293,4.930377006530762,5.40287971496582,1.193988171556735,0.2914431419579744,331776
Mirror Moderate Bi-Maxwellian,ion,714000,94.20833333333334,1.4849472045898438,0.673424615305572,1.4848268032073975,1.4405522346496582,1.5307687520980835,5.15561580657959,5.160934925079346,4.9303412437438965,5.402285099029541,1.1939632504663753,0.29098395412346845,331776
Mirror Moderate Bi-Maxwellian,ion,714500,94.27430555555556,1.4844697713851929,0.6736412012397376,1.4841976165771484,1.440093755722046,1.5301787853240967,5.156306743621826,5.1615753173828125,4.931013107299805,5.4041643142700195,1.1939372596940563,0.2905325116911366,331776
Mirror Moderate Bi-Maxwellian,ion,715000,94.34027777777779,1.4839982986450195,0.6738552199911959,1.483699083328247,1.439868450164795,1.5297398567199707,5.1569342613220215,5.163110733032227,4.930587291717529,5.405461311340332,1.1939136605832246,0.29008463806179496,331776
Mirror Moderate Bi-Maxwellian,ion,715500,94.40625,1.4835002422332764,0.6740814538018476,1.483368158340454,1.4393391609191895,1.5291876792907715,5.157660961151123,5.162612438201904,4.931639671325684,5.407155990600586,1.1938863386973797,0.28961390353589667,331776
Mirror Moderate Bi-Maxwellian,ion,716000,94.47222222222223,1.4830316305160522,0.6742944515971172,1.4827982187271118,1.43878972530365,1.5286297798156738,5.158337593078613,5.163117408752441,4.932325839996338,5.406373500823975,1.1938609061457681,0.2891707243702841,331776
Mirror Moderate Bi-Maxwellian,ion,716500,94.53819444444444,1.4825719594955444,0.6745035164028443,1.4822726249694824,1.4384971857070923,1.5282046794891357,5.158987522125244,5.163520812988281,4.9335126876831055,5.408177375793457,1.1938364835563802,0.28873547593916427,331776
Mirror Moderate Bi-Maxwellian,ion,717000,94.60416666666667,1.4820945262908936,0.6747207969943801,1.4818251132965088,1.4377591609954834,1.527791976928711,5.159642219543457,5.164656639099121,4.934084415435791,5.408275604248047,1.193811888004995,0.2882826382858985,331776
Mirror Moderate Bi-Maxwellian,ion,717500,94.67013888888889,1.4816274642944336,0.6749334931343287,1.4813637733459473,1.437347412109375,1.5274028778076172,5.16031551361084,5.1657514572143555,4.9330573081970215,5.4087443351745605,1.193786600327519,0.28784086396691455,331776
Mirror Moderate Bi-Maxwellian,ion,718000,94.73611111111111,1.481175184249878,0.675139585535547,1.480860948562622,1.4366233348846436,1.5269044637680054,5.160927772521973,5.166204929351807,4.934485912322998,5.409518241882324,1.1937636107453862,0.28741157350449176,331776
Mirror Moderate Bi-Maxwellian,ion,718500,94.80208333333334,1.4807133674621582,0.6753501534965757,1.480513095855713,1.4362151622772217,1.5265309810638428,5.161552906036377,5.167171478271484,4.934176445007324,5.411360740661621,1.1937401433647055,0.28697322409745274,331776
Mirror Moderate Bi-Maxwellian,ion,719000,94.86805555555556,1.4802660942077637,0.6755542154974499,1.4799420833587646,1.4359664916992188,1.5262253284454346,5.1621994972229,5.16738224029541,4.936430931091309,5.410815715789795,1.193715876447233,0.2865502177605306,331776
Mirror Moderate Bi-Maxwellian,ion,719500,94.93402777777779,1.4798002243041992,0.6757668931089662,1.4795321226119995,1.4354852437973022,1.5256069898605347,5.162870407104492,5.167865753173828,4.936835289001465,5.411367416381836,1.1936907032614892,0.28610952104271004,331776
Mirror Moderate Bi-Maxwellian,ion,720000,95.0,1.4793590307235718,0.675968429050579,1.4790635108947754,1.435086965560913,1.5251076221466064,5.163478851318359,5.168708324432373,4.936698913574219,5.412686347961426,1.1936678795042757,0.2856911512192961,331776
Mirror Moderate Bi-Maxwellian,ion,720500,95.06597222222223,1.478904366493225,0.6761762441551227,1.4785947799682617,1.4346449375152588,1.5244765281677246,5.164092540740967,5.169229507446289,4.936305046081543,5.413923740386963,1.193644864438567,0.285259502054658,331776
Mirror Moderate Bi-Maxwellian,ion,721000,95.13194444444444,1.4784907102584839,0.676365426621565,1.4782514572143555,1.4342925548553467,1.5244122743606567,5.164686679840088,5.169930458068848,4.9380950927734375,5.41424560546875,1.1936225877754432,0.2848681224830407,331776
Mirror Moderate Bi-Maxwellian,ion,721500,95.19791666666667,1.4780279397964478,0.6765771965973246,1.4778095483779907,1.4336745738983154,1.5239239931106567,5.1653313636779785,5.169759273529053,4.9384446144104,5.414941787719727,1.1935984217841058,0.28442951801234195,331776
Mirror Moderate Bi-Maxwellian,ion,722000,95.26388888888889,1.4776161909103394,0.676765729931474,1.4774638414382935,1.4333772659301758,1.523324728012085,5.165894508361816,5.17197322845459,4.9398722648620605,5.414251327514648,1.1935773172257664,0.2840388736845729,331776
Mirror Moderate Bi-Maxwellian,ion,722500,95.32986111111111,1.4771648645401,0.6769725059168258,1.476989984512329,1.432896614074707,1.5227829217910767,5.166521072387695,5.171045303344727,4.940325736999512,5.415162086486816,1.1935538413545757,0.28361102318552445,331776
Mirror Moderate Bi-Maxwellian,ion,723000,95.39583333333334,1.4767441749572754,0.6771653594157103,1.476550579071045,1.4324465990066528,1.5225245952606201,5.167051792144775,5.171792030334473,4.940375328063965,5.416830062866211,1.1935339609949822,0.2832102139622932,331776
Mirror Moderate Bi-Maxwellian,ion,723500,95.46180555555556,1.476333737373352,0.6773536190937216,1.4761343002319336,1.4320695400238037,1.5219287872314453,5.167658805847168,5.173360824584961,4.940082550048828,5.417518615722656,1.1935112277282136,0.28282250964513844,331776
Mirror Moderate Bi-Maxwellian,ion,724000,95.52777777777779,1.47590970993042,0.6775482221382931,1.4757280349731445,1.4316617250442505,1.521437406539917,5.16823673248291,5.173440933227539,4.9409284591674805,5.418041229248047,1.1934895887633967,0.2824201211670232,331776
Mirror Moderate Bi-Maxwellian,ion,724500,95.59375,1.4754873514175415,0.6777421704356004,1.4753460884094238,1.431241512298584,1.5211925506591797,5.168858051300049,5.173727035522461,4.941786766052246,5.419299125671387,1.1934663304883144,0.2820210209292271,331776
Mirror Moderate Bi-Maxwellian,ion,725000,95.65972222222223,1.4750856161117554,0.6779267515576113,1.4748345613479614,1.4309864044189453,1.5208961963653564,5.169412136077881,5.174823760986328,4.941523551940918,5.41909122467041,1.1934455937496051,0.28164002236215024,331776
Mirror Moderate Bi-Maxwellian,ion,725500,95.72569444444444,1.474628210067749,0.678137033574081,1.474287509918213,1.4304372072219849,1.5201501846313477,5.170037269592285,5.175307273864746,4.943037986755371,5.420337677001953,1.1934222033333353,0.28120600673441376,331776
Mirror Moderate Bi-Maxwellian,ion,726000,95.79166666666667,1.4742236137390137,0.6783231462856171,1.4740759134292603,1.4298723936080933,1.5200231075286865,5.170562744140625,5.1760663986206055,4.9417266845703125,5.421926498413086,1.193402546199293,0.2808210675397207,331776
Mirror Moderate Bi-Maxwellian,ion,726500,95.85763888888889,1.4738249778747559,0.6785066171439109,1.473503589630127,1.4294960498809814,1.519457459449768,5.171114444732666,5.176095008850098,4.944033622741699,5.421023845672607,1.1933819122913838,0.28044306558337206,331776
Mirror Moderate Bi-Maxwellian,ion,727000,95.92361111111111,1.4734247922897339,0.6786909011120809,1.4731802940368652,1.4290803670883179,1.5192077159881592,5.171668529510498,5.177587032318115,4.943667411804199,5.422397136688232,1.1933611936445299,0.280063598645204,331776
Mirror Moderate Bi-Maxwellian,ion,727500,95.98958333333334,1.47299325466156,0.6788897347868462,1.472700834274292,1.4289480447769165,1.5184928178787231,5.172301292419434,5.177220344543457,4.945337295532227,5.421969413757324,1.1933375384503622,0.2796557162111979,331776
Mirror Moderate Bi-Maxwellian,ion,728000,96.05555555555556,1.4725967645645142,0.6790725228136206,1.472245454788208,1.4284049272537231,1.5182868242263794,5.172820568084717,5.177788257598877,4.945260047912598,5.423311233520508,1.1933181301841016,0.27927863438041256,331776
Mirror Moderate Bi-Maxwellian,ion,728500,96.12152777777779,1.4722087383270264,0.6792515041965923,1.4720213413238525,1.4279060363769531,1.517822027206421,5.173341274261475,5.178891181945801,4.94539737701416,5.424152851104736,1.1932986723638788,0.2789100659631476,331776
Mirror Moderate Bi-Maxwellian,ion,729000,96.1875,1.4718340635299683,0.6794244166367868,1.4716795682907104,1.4276013374328613,1.517589807510376,5.173861026763916,5.178940296173096,4.945923805236816,5.4239935874938965,1.1932792540864725,0.27855480944349575,331776
Mirror Moderate Bi-Maxwellian,ion,729500,96.25347222222223,1.4714324474334717,0.6796098602720348,1.471163034439087,1.427382469177246,1.5170104503631592,5.174417972564697,5.1800336837768555,4.946761131286621,5.424023151397705,1.1932584505739783,0.2781739968594934,331776
Mirror Moderate Bi-Maxwellian,ion,730000,96.31944444444444,1.4710404872894287,0.6797909429689606,1.470902919769287,1.4269071817398071,1.5165109634399414,5.174938201904297,5.179813385009766,4.947412490844727,5.424172401428223,1.1932390225707459,0.27780146471868283,331776
Mirror Moderate Bi-Maxwellian,ion,730500,96.38541666666667,1.470676302909851,0.6799592799730435,1.470482349395752,1.4267123937606812,1.5160768032073975,5.175417900085449,5.18035888671875,4.94785737991333,5.425401210784912,1.1932211116678113,0.27745519124203977,331776
Mirror Moderate Bi-Maxwellian,ion,731000,96.45138888888889,1.4703162908554077,0.6801257703661946,1.4698896408081055,1.4262089729309082,1.5157181024551392,5.175868034362793,5.180804252624512,4.948278903961182,5.425259590148926,1.1932043076370882,0.27711198321831954,331776
Mirror Moderate Bi-Maxwellian,ion,731500,96.51736111111111,1.469935417175293,0.6803019971596125,1.4697532653808594,1.425810694694519,1.5153850317001343,5.1764326095581055,5.181332588195801,4.948244571685791,5.427160263061523,1.1931832355266316,0.27675218164866133,331776
Mirror Moderate Bi-Maxwellian,ion,732000,96.58333333333334,1.4695788621902466,0.6804670546972956,1.469221591949463,1.4254887104034424,1.5150212049484253,5.176855087280273,5.181873321533203,4.948424339294434,5.427872180938721,1.1931674700450932,0.2764113921451534,331776
Mirror Moderate Bi-Maxwellian,ion,732500,96.64930555555556,1.4691946506500244,0.680645004770174,1.468874216079712,1.425193190574646,1.5144613981246948,5.177370071411133,5.182689666748047,4.949767112731934,5.426727294921875,1.1931482560077924,0.276046394642232,331776
Mirror Moderate Bi-Maxwellian,ion,733000,96.71527777777779,1.468824028968811,0.6808167488259643,1.4687144756317139,1.4246532917022705,1.5142662525177002,5.177834510803223,5.182796478271484,4.949110984802246,5.428767204284668,1.1931309310704241,0.2756930978983869,331776
Mirror Moderate Bi-Maxwellian,ion,733500,96.78125,1.4684836864471436,0.6809745380416209,1.468207836151123,1.4242671728134155,1.5139704942703247,5.178210258483887,5.183744430541992,4.949002265930176,5.429160118103027,1.1931169168655555,0.275366769581588,331776
Mirror Moderate Bi-Maxwellian,ion,734000,96.84722222222223,1.4681333303451538,0.6811370461597673,1.4677233695983887,1.4241876602172852,1.5134023427963257,5.178743362426758,5.183101654052734,4.95117712020874,5.4287614822387695,1.1930970372572005,0.2750362930879533,331776
Mirror Moderate Bi-Maxwellian,ion,734500,96.91319444444444,1.4677815437316895,0.6813002958584687,1.4675788879394531,1.4237178564071655,1.51312255859375,5.179135322570801,5.183294296264648,4.95171594619751,5.42887020111084,1.1930824235547535,0.274699120176936,331776
Mirror Moderate Bi-Maxwellian,ion,735000,96.97916666666667,1.4674309492111206,0.6814630702300454,1.4670464992523193,1.4235280752182007,1.5126713514328003,5.179593563079834,5.184322357177734,4.951033592224121,5.430123329162598,1.193065341483163,0.2743656077279577,331776
Mirror Moderate Bi-Maxwellian,ion,735500,97.04513888888889,1.4670956134796143,0.681618833027678,1.4668159484863281,1.4229546785354614,1.512495994567871,5.179963111877441,5.184516906738281,4.951102256774902,5.431131839752197,1.1930515678204427,0.2740440456591715,331776
Mirror Moderate Bi-Maxwellian,ion,736000,97.11111111111111,1.4667433500289917,0.6817825354246426,1.466365933418274,1.42276132106781,1.5119845867156982,5.18047571182251,5.185356140136719,4.950961112976074,5.432063579559326,1.1930324656706472,0.27371088435834445,331776
Mirror Moderate Bi-Maxwellian,ion,736500,97.17708333333334,1.4664371013641357,0.6819249179318785,1.4661363363265991,1.4224530458450317,1.511776089668274,5.180810928344727,5.185232639312744,4.952716827392578,5.431368350982666,1.1930199757973992,0.2734171255667366,331776
Mirror Moderate Bi-Maxwellian,ion,737000,97.24305555555556,1.4660909175872803,0.6820859388759343,1.4659156799316406,1.4221817255020142,1.5112916231155396,5.181225776672363,5.1857781410217285,4.952305316925049,5.432377815246582,1.1930045211506395,0.2730863964366408,331776
Mirror Moderate Bi-Maxwellian,ion,737500,97.30902777777779,1.465754508972168,0.6822424859543709,1.4653444290161133,1.4219088554382324,1.5110186338424683,5.181657314300537,5.185694217681885,4.952637672424316,5.431878566741943,1.1929884473911776,0.27276606158099037,331776
Mirror Moderate Bi-Maxwellian,ion,738000,97.375,1.4654271602630615,0.6823948860211436,1.4650741815567017,1.4215673208236694,1.5106185674667358,5.181983947753906,5.1871843338012695,4.954235553741455,5.431139945983887,1.1929762828449986,0.27245087741806295,331776
Mirror Moderate Bi-Maxwellian,ion,738500,97.44097222222223,1.4650936126708984,0.6825502420811034,1.4648436307907104,1.4212143421173096,1.5103063583374023,5.182429313659668,5.1873345375061035,4.954052925109863,5.433101654052734,1.1929596989126767,0.2721339137582217,331776
Mirror Moderate Bi-Maxwellian,ion,739000,97.50694444444444,1.464780569076538,0.6826961123811492,1.4643363952636719,1.420867681503296,1.510033369064331,5.1827712059021,5.186689376831055,4.953172206878662,5.434226989746094,1.1929469699262834,0.27183359915025473,331776
Mirror Moderate Bi-Maxwellian,ion,739500,97.57291666666667,1.4644676446914673,0.6828419894593705,1.4641125202178955,1.4204713106155396,1.5096943378448486,5.183134078979492,5.188015937805176,4.953741073608398,5.434037208557129,1.1929334616396592,0.2715341830518081,331776
Mirror Moderate Bi-Maxwellian,ion,740000,97.63888888888889,1.464155673980713,0.6829874840297705,1.4637227058410645,1.4202871322631836,1.509427547454834,5.183495998382568,5.187830448150635,4.955509662628174,5.433067798614502,1.192919990738304,0.271235683242409,331776
Mirror Moderate Bi-Maxwellian,ion,740500,97.70486111111111,1.4638527631759644,0.6831288126480748,1.4635648727416992,1.4199438095092773,1.5089055299758911,5.183830261230469,5.187764644622803,4.9546661376953125,5.434591770172119,1.1929075509047693,0.27094521227119506,331776
Mirror Moderate Bi-Maxwellian,ion,741000,97.77083333333334,1.463530421257019,0.6832792714627038,1.4632773399353027,1.4197733402252197,1.5087451934814453,5.184199333190918,5.189064979553223,4.9558305740356445,5.435298919677734,1.1928938174883974,0.27063660376862164,331776
Mirror Moderate Bi-Maxwellian,ion,741500,97.83680555555556,1.4632468223571777,0.6834117011025366,1.462996244430542,1.4194248914718628,1.5083751678466797,5.184466361999512,5.189525604248047,4.955432415008545,5.434427261352539,1.1928838823855974,0.27036293997158034,331776
Mirror Moderate Bi-Maxwellian,ion,742000,97.90277777777779,1.4629428386688232,0.6835537066574185,1.4625818729400635,1.4190120697021484,1.508074164390564,5.184787273406982,5.189157485961914,4.9568915367126465,5.436058044433594,1.1928719438749296,0.2700708947938937,331776
Mirror Moderate Bi-Maxwellian,ion,742500,97.96875,1.462641954421997,0.6836943224394089,1.462297797203064,1.41896390914917,1.507706642150879,5.185159683227539,5.189096927642822,4.9565629959106445,5.435687065124512,1.1928580913784979,0.2697838630434992,331776
Mirror Moderate Bi-Maxwellian,ion,743000,98.03472222222223,1.462320327758789,0.6838446960062712,1.4621241092681885,1.4186598062515259,1.5073485374450684,5.185522556304932,5.1901535987854,4.95704460144043,5.436738967895508,1.1928445955334102,0.2694757322253789,331776
Mirror Moderate Bi-Maxwellian,ion,743500,98.10069444444444,1.4620187282562256,0.6839857661691632,1.461669683456421,1.4183697700500488,1.5070576667785645,5.18582010269165,5.18938684463501,4.957679271697998,5.436620712280273,1.1928335307044222,0.26918519755180337,331776
Mirror Moderate Bi-Maxwellian,ion,744000,98.16666666666667,1.4617408514022827,0.6841157918249847,1.4614181518554688,1.4180312156677246,1.5067718029022217,5.186098575592041,5.190723419189453,4.956143856048584,5.4377007484436035,1.1928231763095325,0.2689176750927502,331776
Mirror Moderate Bi-Maxwellian,ion,744500,98.23263888888889,1.461427927017212,0.6842622763073984,1.461289405822754,1.4176453351974487,1.5065290927886963,5.1864013671875,5.192012786865234,4.956666946411133,5.437466144561768,1.1928119189399111,0.2686160080773008,331776
Mirror Moderate Bi-Maxwellian,ion,745000,98.29861111111111,1.4611468315124512,0.6843939147203212,1.4609614610671997,1.4175992012023926,1.5060588121414185,5.186707973480225,5.190255641937256,4.957715034484863,5.43749475479126,1.1928005210844772,0.26834631042797397,331776
Mirror Moderate Bi-Maxwellian,ion,745500,98.36458333333334,1.4608690738677979,0.6845240397569643,1.460711121559143,1.417396903038025,1.5057663917541504,5.186943531036377,5.191586017608643,4.95831823348999,5.437675476074219,1.1927917653270066,0.26807730854079126,331776
Mirror Moderate Bi-Maxwellian,ion,746000,98.43055555555556,1.4605748653411865,0.6846619257455198,1.460279107093811,1.4170222282409668,1.5054422616958618,5.18727970123291,5.191720962524414,4.957969665527344,5.438117027282715,1.1927792711394223,0.26779559420176424,331776
Mirror Moderate Bi-Maxwellian,ion,746500,98.49652777777779,1.460296869277954,0.6847922645307398,1.4600422382354736,1.4166343212127686,1.5051839351654053,5.187525749206543,5.1917314529418945,4.957947731018066,5.438377380371094,1.1927701274837923,0.2675267417941618,331776
Mirror Moderate Bi-Maxwellian,ion,747000,98.5625,1.460026741027832,0.684918962029434,1.4596596956253052,1.416426420211792,1.5049107074737549,5.187780380249023,5.191791534423828,4.957596778869629,5.439539432525635,1.19276066577668,0.267266075251152,331776
Mirror Moderate Bi-Maxwellian,ion,747500,98.62847222222223,1.459747552871704,0.6850499581470366,1.4594039916992188,1.4160743951797485,1.5045756101608276,5.187998294830322,5.1925530433654785,4.958271503448486,5.440250873565674,1.1927525691356662,0.2669949837360379,331776
Mirror Moderate Bi-Maxwellian,ion,748000,98.69444444444444,1.4594882726669312,0.6851716582639574,1.4592761993408203,1.4160645008087158,1.5042848587036133,5.188302040100098,5.193059921264648,4.958849906921387,5.440073013305664,1.1927412845803995,0.26674698808653163,331776
Mirror Moderate Bi-Maxwellian,ion,748500,98.76041666666667,1.4592046737670898,0.6853048225362348,1.4588596820831299,1.415684461593628,1.5040473937988281,5.188525199890137,5.192561626434326,4.959928512573242,5.4396867752075195,1.1927329947286704,0.2664716790384194,331776
Mirror Moderate Bi-Maxwellian,ion,749000,98.82638888888889,1.45894193649292,0.6854282374004902,1.4586412906646729,1.415675163269043,1.5036592483520508,5.188724517822266,5.193873405456543,4.9587202072143555,5.440351486206055,1.1927255911477268,0.2662163453451931,331776
Mirror Moderate Bi-Maxwellian,ion,749500,98.89236111111111,1.458656668663025,0.685562285823284,1.4584214687347412,1.415186882019043,1.5035642385482788,5.189006805419922,5.193163871765137,4.957756042480469,5.441781997680664,1.1927151066665589,0.265941561996466,331776
Mirror Moderate Bi-Maxwellian,ion,750000,98.95833333333334,1.458377718925476,0.6856934160628798,1.4580867290496826,1.4149516820907593,1.503000020980835,5.189282417297363,5.193029403686523,4.959296226501465,5.441254138946533,1.192704871229732,0.2656728476957442,331776
Mirror Moderate Bi-Maxwellian,ion,750500,99.02430555555556,1.4581263065338135,0.6858116443815838,1.457880973815918,1.4147783517837524,1.5029542446136475,5.189451694488525,5.193906784057617,4.958835124969482,5.441584587097168,1.1926985852979524,0.2654277212358611,331776
Mirror Moderate Bi-Maxwellian,ion,751000,99.09027777777779,1.4578466415405273,0.6859432065798675,1.4576263427734375,1.4144153594970703,1.5025997161865234,5.18966817855835,5.194049835205078,4.959680557250977,5.441579818725586,1.192690546985567,0.26515609455496025,331776
Mirror Moderate Bi-Maxwellian,ion,751500,99.15625,1.457585334777832,0.6860661781784612,1.457250952720642,1.4143824577331543,1.5022547245025635,5.189931869506836,5.194060802459717,4.960246562957764,5.441777229309082,1.1926807567312099,0.26490457804662215,331776
Mirror Moderate Bi-Maxwellian,ion,752000,99.22222222222223,1.4573146104812622,0.6861936282034261,1.4570389986038208,1.4138976335525513,1.502124309539795,5.190138816833496,5.193480014801025,4.960071563720703,5.442612648010254,1.1926730739371822,0.26464153654407996,331776
Mirror Moderate Bi-Maxwellian,ion,752500,99.28819444444444,1.4570425748825073,0.6863217432617834,1.4569222927093506,1.4137160778045654,1.5017446279525757,5.190359115600586,5.194759845733643,4.9605712890625,5.443390846252441,1.1926648961522364,0.26437767873027096,331776
Mirror Moderate Bi-Maxwellian,ion,753000,99.35416666666667,1.456773281097412,0.686448614191141,1.4566152095794678,1.413398265838623,1.5014456510543823,5.190637111663818,5.194576263427734,4.960192680358887,5.443255424499512,1.1926545775571389,0.2641187035402732,331776
Mirror Moderate Bi-Maxwellian,ion,753500,99.42013888888889,1.4564908742904663,0.686581713385024,1.4562170505523682,1.412990689277649,1.50118887424469,5.190894603729248,5.19489860534668,4.96049690246582,5.444297790527344,1.1926450210107482,0.2638458532797181,331776
Mirror Moderate Bi-Maxwellian,ion,754000,99.48611111111111,1.4562357664108276,0.6867019908903157,1.4560647010803223,1.4130171537399292,1.5008537769317627,5.1911234855651855,5.19570255279541,4.9606614112854,5.444080352783203,1.1926365270987431,0.2635992393120845,331776
Mirror Moderate Bi-Maxwellian,ion,754500,99.55208333333334,1.455958366394043,0.686832826461027,1.4556024074554443,1.4127920866012573,1.5004252195358276,5.1913228034973145,5.195093631744385,4.96051549911499,5.444343566894531,1.1926291309271533,0.2633292354668897,331776
Mirror Moderate Bi-Maxwellian,ion,755000,99.61805555555556,1.4556924104690552,0.6869583112532535,1.4553682804107666,1.4125672578811646,1.5002031326293945,5.191531181335449,5.196375846862793,4.961704730987549,5.4438581466674805,1.192621399173175,0.2630710112958803,331776
Mirror Moderate Bi-Maxwellian,ion,755500,99.68402777777779,1.455420732498169,0.6870865432042745,1.4551419019699097,1.412064790725708,1.5000118017196655,5.191747665405273,5.1967058181762695,4.961791038513184,5.444910049438477,1.1926133672989168,0.2628073651992522,331776
Mirror Moderate Bi-Maxwellian,ion,756000,99.75,1.4551594257354736,0.68720992512183,1.4548060894012451,1.4119982719421387,1.4996103048324585,5.191943645477295,5.196264266967773,4.960052967071533,5.445681571960449,1.19260609673048,0.26255332900499373,331776
Mirror Moderate Bi-Maxwellian,ion,756500,99.81597222222223,1.4548797607421875,0.6873420243951042,1.4547853469848633,1.411509394645691,1.4995876550674438,5.192215442657471,5.196445465087891,4.961034297943115,5.445948123931885,1.192596014368807,0.2622837463733805,331776
Mirror Moderate Bi-Maxwellian,ion,757000,99.88194444444444,1.4546282291412354,0.6874608782962827,1.4542092084884644,1.4113073348999023,1.4992002248764038,5.192372798919678,5.196958541870117,4.961594104766846,5.445667266845703,1.1925901776944945,0.26203805144674086,331776
Mirror Moderate Bi-Maxwellian,ion,757500,99.94791666666667,1.4543697834014893,0.6875830420934583,1.454010009765625,1.4111366271972656,1.498955488204956,5.192568778991699,5.195454120635986,4.961357593536377,5.44659948348999,1.192582908876593,0.26178687452489635,331776
Mirror Moderate Bi-Maxwellian,ion,758000,100.01388888888889,1.454086422920227,0.6877170326586985,1.4536546468734741,1.4109326601028442,1.498575210571289,5.192826747894287,5.196972846984863,4.963249206542969,5.4462666511535645,1.1925733417556255,0.2615130811646016,331776
Mirror Moderate Bi-Maxwellian,ion,758500,100.07986111111111,1.4538158178329468,0.6878450404333865,1.4535307884216309,1.4107333421707153,1.4981828927993774,5.193032264709473,5.197288513183594,4.9622273445129395,5.446140289306641,1.1925657205705702,0.2612500972623766,331776
Mirror Moderate Bi-Maxwellian,ion,759000,100.14583333333334,1.4535624980926514,0.6879649146921367,1.453376054763794,1.4102790355682373,1.4981510639190674,5.193201541900635,5.19790506362915,4.961997032165527,5.447170257568359,1.1925594437134082,0.2610030543792432,331776
Mirror Moderate Bi-Maxwellian,ion,759500,100.21180555555556,1.4532766342163086,0.6881002394559644,1.4529942274093628,1.4101909399032593,1.4976840019226074,5.19345760345459,5.198624610900879,4.961935043334961,5.447881698608398,1.1925499496394885,0.26072668457682013,331776
Mirror Moderate Bi-Maxwellian,ion,760000,100.27777777777779,1.4529906511306763,0.6882356739335028,1.4527525901794434,1.4098658561706543,1.4973039627075195,5.193692684173584,5.198389530181885,4.961978435516357,5.447801113128662,1.1925412343027606,0.26044941682791567,331776
Mirror Moderate Bi-Maxwellian,ion,760500,100.34375,1.4527437686920166,0.6883526342022129,1.4526517391204834,1.4096410274505615,1.4973089694976807,5.193872928619385,5.198430061340332,4.962993621826172,5.447780609130859,1.1925345524896807,0.26020921620233595,331776
Mirror Moderate Bi-Maxwellian,ion,761000,100.40972222222223,1.4524765014648438,0.6884792965610703,1.452204704284668,1.4092546701431274,1.4970389604568481,5.194085597991943,5.198703765869141,4.963134765625,5.448374271392822,1.1925266692536998,0.259949832211144,331776
Mirror Moderate Bi-Maxwellian,ion,761500,100.47569444444444,1.4522064924240112,0.6886073056530743,1.4519453048706055,1.4090017080307007,1.496573805809021,5.1943678855896,5.198573112487793,4.9627180099487305,5.448533535003662,1.1925162064039083,0.2596902860201029,331776
Mirror Moderate Bi-Maxwellian,ion,762000,100.54166666666667,1.4519293308258057,0.6887387552335179,1.4516127109527588,1.4086835384368896,1.4964450597763062,5.194594383239746,5.199245929718018,4.963659286499023,5.449176788330078,1.192507812203101,0.2594215186227047,331776
Mirror Moderate Bi-Maxwellian,ion,762500,100.60763888888889,1.4516321420669556,0.6888797588734266,1.451431393623352,1.408466100692749,1.4960896968841553,5.194886684417725,5.1988396644592285,4.9640631675720215,5.44940185546875,1.1924969803479142,0.2591351617190414,331776
Mirror Moderate Bi-Maxwellian,ion,763000,100.67361111111111,1.4513500928878784,0.6890136328239125,1.4513118267059326,1.4081655740737915,1.4959653615951538,5.195130348205566,5.199332237243652,4.964089870452881,5.449365139007568,1.1924879517884295,0.25886214109944894,331776
Mirror Moderate Bi-Maxwellian,ion,763500,100.73958333333334,1.4510657787322998,0.6891486345116855,1.4508754014968872,1.4080047607421875,1.4956159591674805,5.195372104644775,5.199967384338379,4.962743282318115,5.449820518493652,1.1924789947395642,0.2585867839927356,331776
Mirror Moderate Bi-Maxwellian,ion,764000,100.80555555555556,1.4507895708084106,0.6892798377663956,1.4507099390029907,1.4076424837112427,1.495398759841919,5.195594787597656,5.200407028198242,4.963863372802734,5.450993061065674,1.1924707450987302,0.25831882570968046,331776
Mirror Moderate Bi-Maxwellian,ion,764500,100.87152777777779,1.4504824876785278,0.6894257659053042,1.4502177238464355,1.4073114395141602,1.495004653930664,5.195892810821533,5.200954437255859,4.9639434814453125,5.451474189758301,1.1924597054653034,0.2580227822132244,331776
Mirror Moderate Bi-Maxwellian,ion,765000,100.9375,1.4501889944076538,0.6895652938039717,1.449948787689209,1.407138705253601,1.4945461750030518,5.196172714233398,5.20040225982666,4.9634246826171875,5.4509100914001465,1.1924493381947816,0.2577396562128722,331776
Mirror Moderate Bi-Maxwellian,ion,765500,101.00347222222223,1.4499125480651855,0.6896967691840693,1.4495769739151,1.406972885131836,1.4944592714309692,5.196427822113037,5.201624870300293,4.964006423950195,5.452165603637695,1.192439890292437,0.25747265777274864,331776
Mirror Moderate Bi-Maxwellian,ion,766000,101.06944444444444,1.4496208429336548,0.6898355558797434,1.449481725692749,1.4066638946533203,1.4941495656967163,5.19669246673584,5.20189094543457,4.963454246520996,5.452768802642822,1.1924300901777478,0.25719075275590697,331776
Mirror Moderate Bi-Maxwellian,ion,766500,101.13541666666667,1.4493359327316284,0.6899711636316469,1.4491145610809326,1.4062669277191162,1.493747353553772,5.196993827819824,5.201484680175781,4.964080333709717,5.453155517578125,1.19241893162292,0.2569170011087085,331776
Mirror Moderate Bi-Maxwellian,ion,767000,101.20138888888889,1.4490388631820679,0.6901126156161297,1.4488409757614136,1.4059967994689941,1.493412733078003,5.197300434112549,5.203022003173828,4.964142799377441,5.453285217285156,1.1924075801807583,0.25663128300130955,331776
Mirror Moderate Bi-Maxwellian,ion,767500,101.26736111111111,1.4487489461898804,0.6902507177864997,1.4486496448516846,1.4056934118270874,1.4932873249053955,5.197569847106934,5.201760292053223,4.963761806488037,5.454030990600586,1.1923976068463262,0.25635133934355414,331776
Mirror Moderate Bi-Maxwellian,ion,768000,101.33333333333334,1.448453426361084,0.6903915457691152,1.4482929706573486,1.4054826498031616,1.4927895069122314,5.197847366333008,5.20206356048584,4.963851451873779,5.453718662261963,1.1923873345102634,0.25606609185082063,331776
Mirror Moderate Bi-Maxwellian,ion,768500,101.39930555555556,1.448148488998413,0.6905369218674756,1.44802987575531,1.4052188396453857,1.4925943613052368,5.1981520652771,5.202509880065918,4.964704513549805,5.45579195022583,1.1923760573839028,0.25577243161451024,331776
Mirror Moderate Bi-Maxwellian,ion,769000,101.46527777777779,1.4478644132614136,0.690672407471796,1.447898268699646,1.4047603607177734,1.4924044609069824,5.19844388961792,5.203566074371338,4.9651265144348145,5.454751491546631,1.192365257995215,0.2554991552661985,331776
Mirror Moderate Bi-Maxwellian,ion,769500,101.53125,1.4475524425506592,0.6908212584256709,1.4473469257354736,1.404603362083435,1.4918872117996216,5.198798656463623,5.203961372375488,4.966638565063477,5.45528507232666,1.1923521309594685,0.2552003115911907,331776
Mirror Moderate Bi-Maxwellian,ion,770000,101.59722222222223,1.4472395181655884,0.6909706288752566,1.4469571113586426,1.4042541980743408,1.4917765855789185,5.199099540710449,5.203732490539551,4.964704513549805,5.457220077514648,1.1923409990844975,0.25489851908109085,331776
Mirror Moderate Bi-Maxwellian,ion,770500,101.66319444444444,1.446934461593628,0.6911163059165912,1.446793794631958,1.4038491249084473,1.4912974834442139,5.1994147300720215,5.204726219177246,4.965953826904297,5.456528186798096,1.1923293393420356,0.2546051222515924,331776
Mirror Moderate Bi-Maxwellian,ion,771000,101.72916666666667,1.4466370344161987,0.6912583987617582,1.4465150833129883,1.4037237167358398,1.4909182786941528,5.199713230133057,5.204289436340332,4.965579032897949,5.457871913909912,1.192318298287079,0.2543187361291197,331776
Mirror Moderate Bi-Maxwellian,ion,771500,101.79513888888889,1.4463293552398682,0.6914054508934128,1.4463238716125488,1.4032047986984253,1.4909439086914062,5.200063228607178,5.20490837097168,4.96589994430542,5.458218574523926,1.1923053540000603,0.25402400123980784,331776
Mirror Moderate Bi-Maxwellian,ion,772000,101.86111111111111,1.4460065364837646,0.6915598061068846,1.4458345174789429,1.4030210971832275,1.490457534790039,5.200436592102051,5.2051496505737305,4.966403961181641,5.458495140075684,1.19229154750559,0.2537149889781747,331776
Mirror Moderate Bi-Maxwellian,ion,772500,101.92708333333334,1.4456861019134521,0.6917130894987785,1.4456613063812256,1.4024826288223267,1.4902660846710205,5.200826168060303,5.205831527709961,4.967111587524414,5.458480358123779,1.192277143608697,0.2534089583047552,331776
Mirror Moderate Bi-Maxwellian,ion,773000,101.99305555555556,1.4453916549682617,0.6918540013446793,1.4451630115509033,1.4023699760437012,1.48983633518219,5.201141834259033,5.206575393676758,4.9669904708862305,5.458806037902832,1.192265473979804,0.25312618098845774,331776
Mirror Moderate Bi-Maxwellian,ion,773500,102.05902777777779,1.4450451135635376,0.6920199173117585,1.4448611736297607,1.4021992683410645,1.4895168542861938,5.201536178588867,5.206557273864746,4.9680399894714355,5.460393905639648,1.1922508977475366,0.25279421581600103,331776
Mirror Moderate Bi-Maxwellian,ion,774000,102.125,1.4447283744812012,0.6921716342416946,1.444571614265442,1.4017990827560425,1.4891539812088013,5.201874732971191,5.206897735595703,4.9681620597839355,5.46048641204834,1.1922383854539347,0.2524899890272665,331776
Mirror Moderate Bi-Maxwellian,ion,774500,102.19097222222223,1.44441556930542,0.6923215321480318,1.4443734884262085,1.4012640714645386,1.4889620542526245,5.2022247314453125,5.207456588745117,4.96751070022583,5.461456298828125,1.1922254519216386,0.2521901173837813,331776
Mirror Moderate Bi-Maxwellian,ion,775000,102.25694444444444,1.4440889358520508,0.6924781259472592,1.4439581632614136,1.401003360748291,1.4886555671691895,5.202595233917236,5.208146095275879,4.968204498291016,5.462497711181641,1.1922117625989253,0.25187717325312553,331776
Mirror Moderate Bi-Maxwellian,ion,775500,102.32291666666667,1.4437575340270996,0.6926370782015464,1.4436777830123901,1.4007318019866943,1.4883650541305542,5.2030534744262695,5.207569122314453,4.968522548675537,5.462355613708496,1.1921948342286195,0.2515626997984801,331776
Mirror Moderate Bi-Maxwellian,ion,776000,102.38888888888889,1.4434163570404053,0.6928007952261325,1.4433889389038086,1.4003804922103882,1.4880375862121582,5.203501224517822,5.209125995635986,4.969112873077393,5.4622344970703125,1.1921782962764007,0.25123806076400457,331776
Mirror Moderate Bi-Maxwellian,ion,776500,102.45486111111111,1.4431040287017822,0.6929507368222102,1.4430530071258545,1.4001613855361938,1.4874820709228516,5.2038187980651855,5.20858097076416,4.969291687011719,5.461912155151367,1.1921665682079103,0.2509374604938719,331776
Mirror Moderate Bi-Maxwellian,ion,777000,102.52083333333334,1.4427508115768433,0.6931203864006549,1.4428660869598389,1.3997005224227905,1.4872767925262451,5.2042670249938965,5.208980560302734,4.969335079193115,5.463337421417236,1.192150017513979,0.2506007940628643,331776
Mirror Moderate Bi-Maxwellian,ion,777500,102.58680555555556,1.4424268007278442,0.6932760813203158,1.4424028396606445,1.3994574546813965,1.4870094060897827,5.2046895027160645,5.210000991821289,4.9694719314575195,5.464574337005615,1.1921344202143376,0.25029238051350666,331776
Mirror Moderate Bi-Maxwellian,ion,778000,102.65277777777779,1.4420888423919678,0.6934385528850756,1.4419126510620117,1.3991448879241943,1.4866715669631958,5.205165863037109,5.210940361022949,4.968754768371582,5.465936660766602,1.1921168366797288,0.249972005712239,331776
Mirror Moderate Bi-Maxwellian,ion,778500,102.71875,1.44174325466156,0.6936047710067099,1.4417052268981934,1.3987085819244385,1.4862689971923828,5.205560207366943,5.210670471191406,4.969666004180908,5.46706485748291,1.1921022829751913,0.24964097168636878,331776
Mirror Moderate Bi-Maxwellian,ion,779000,102.78472222222223,1.4414324760437012,0.6937543149747114,1.4415826797485352,1.398445725440979,1.4858479499816895,5.205963134765625,5.212076187133789,4.970850944519043,5.465446472167969,1.1920874147805545,0.2493450612631467,331776
Mirror Moderate Bi-Maxwellian,ion,779500,102.85069444444444,1.4410816431045532,0.6939232102392745,1.4412040710449219,1.3982036113739014,1.4856747388839722,5.2064433097839355,5.211587905883789,4.970718860626221,5.466922760009766,1.192069699120857,0.2490119439836962,331776
Mirror Moderate Bi-Maxwellian,ion,780000,102.91666666666667,1.4407432079315186,0.6940862150137806,1.4406603574752808,1.3977625370025635,1.4853954315185547,5.206879615783691,5.212531089782715,4.9713873863220215,5.467111110687256,1.1920536048055894,0.24868960312592914,331776
Mirror Moderate Bi-Maxwellian,ion,780500,102.98263888888889,1.4404098987579346,0.6942468257558491,1.4405101537704468,1.3972634077072144,1.4850823879241943,5.207333087921143,5.212841987609863,4.971737861633301,5.46840763092041,1.1920368801295975,0.24837301862833705,331776
Mirror Moderate Bi-Maxwellian,ion,781000,103.04861111111111,1.4400663375854492,0.6944124544128253,1.4401919841766357,1.3969756364822388,1.48483145236969,5.2078070640563965,5.213909149169922,4.971856594085693,5.468377590179443,1.1920194023511104,0.24804693523433885,331776
Mirror Moderate Bi-Maxwellian,ion,781500,103.11458333333334,1.4397187232971191,0.694580117503707,1.4397449493408203,1.3965520858764648,1.484466314315796,5.208280086517334,5.214171409606934,4.972580909729004,5.468438148498535,1.1920019629106926,0.24771676038642654,331776
Mirror Moderate Bi-Maxwellian,ion,782000,103.18055555555556,1.4393757581710815,0.6947456175520373,1.439408779144287,1.3963291645050049,1.483934998512268,5.208709716796875,5.21391487121582,4.973203182220459,5.46990966796875,1.191986126002613,0.24738963216846854,331776
Mirror Moderate Bi-Maxwellian,ion,782500,103.24652777777779,1.439021348953247,0.694916722901579,1.439107894897461,1.3958804607391357,1.4837816953659058,5.2091965675354,5.2145867347717285,4.972467422485352,5.4712419509887695,1.191968183007754,0.2470531659454931,331776
Mirror Moderate Bi-Maxwellian,ion,783000,103.3125,1.4386907815933228,0.6950763936170627,1.4387516975402832,1.3956596851348877,1.4834431409835815,5.209672927856445,5.214934349060059,4.974781513214111,5.470170021057129,1.1919506298855995,0.24674015170772323,331776
Mirror Moderate Bi-Maxwellian,ion,783500,103.37847222222223,1.4383468627929688,0.6952425912468772,1.4382803440093994,1.3950886726379395,1.4832725524902344,5.210200786590576,5.216130256652832,4.973254203796387,5.471798896789551,1.1919311828775747,0.24641567991539404,331776
Mirror Moderate Bi-Maxwellian,ion,784000,103.44444444444444,1.4379881620407104,0.6954160169029885,1.4380428791046143,1.3948832750320435,1.4825326204299927,5.210733413696289,5.216610908508301,4.97532844543457,5.471324920654297,1.1919115641900857,0.24607659785062475,331776
Mirror Moderate Bi-Maxwellian,ion,784500,103.51041666666667,1.4376347064971924,0.6955869912437683,1.4376146793365479,1.3947045803070068,1.4823329448699951,5.211211681365967,5.217003345489502,4.974818229675293,5.472518444061279,1.1918939511852413,0.24574075531195105,331776
Mirror Moderate Bi-Maxwellian,ion,785000,103.57638888888889,1.4372776746749878,0.6957597808830714,1.437324047088623,1.394104242324829,1.4819656610488892,5.211766242980957,5.21747350692749,4.976978302001953,5.473530292510986,1.191873532575788,0.2454041420991997,331776
Mirror Moderate Bi-Maxwellian,ion,785500,103.64236111111111,1.4369462728500366,0.6959202434316503,1.4371225833892822,1.393900752067566,1.4816606044769287,5.21229362487793,5.217718124389648,4.9753241539001465,5.474063396453857,1.1918541187371077,0.24509215411292895,331776
Mirror Moderate Bi-Maxwellian,ion,786000,103.70833333333334,1.436571478843689,0.6961018053935681,1.4366216659545898,1.3935658931732178,1.4812302589416504,5.212804317474365,5.218884468078613,4.975512504577637,5.474804401397705,1.1918353230041265,0.24473615583956243,331776
Mirror Moderate Bi-Maxwellian,ion,786500,103.77430555555556,1.4362401962280273,0.6962623679704012,1.4363049268722534,1.3932759761810303,1.480887532234192,5.21323823928833,5.219878196716309,4.975823402404785,5.476164817810059,1.19181935566722,0.24442084056080726,331776
Mirror Moderate Bi-Maxwellian,ion,787000,103.84027777777779,1.4358594417572021,0.6964469995588161,1.4358575344085693,1.3929283618927002,1.4805655479431152,5.2138471603393555,5.218808650970459,4.977897644042969,5.476591110229492,1.1917969532376764,0.24406248851952572,331776
Mirror Moderate Bi-Maxwellian,ion,787500,103.90625,1.4355168342590332,0.6966132170203126,1.4357314109802246,1.3925708532333374,1.4802213907241821,5.214380264282227,5.22064208984375,4.977702617645264,5.476945877075195,1.1917773444429935,0.24373948981603966,331776
Mirror Moderate Bi-Maxwellian,ion,788000,103.97222222222223,1.4351688623428345,0.6967821182850601,1.4352473020553589,1.392385482788086,1.4797664880752563,5.214951992034912,5.2203168869018555,4.977689743041992,5.477100372314453,1.191756319430621,0.24341254291221337,331776
Mirror Moderate Bi-Maxwellian,ion,788500,104.03819444444444,1.434805154800415,0.6969587449935685,1.434855341911316,1.391904354095459,1.479325532913208,5.215505123138428,5.222117900848389,4.978466987609863,5.478250026702881,1.1917359826881448,0.2430691721122702,331776
Mirror Moderate Bi-Maxwellian,ion,789000,104.10416666666667,1.4344595670700073,0.697126655192224,1.4345752000808716,1.3914345502853394,1.4791332483291626,5.2159881591796875,5.222233772277832,4.978690147399902,5.47886848449707,1.1917182266298068,0.24274134044020057,331776
Mirror Moderate Bi-Maxwellian,ion,789500,104.17013888888889,1.4341298341751099,0.6972869374655922,1.4342620372772217,1.3912972211837769,1.478714108467102,5.216527462005615,5.222331523895264,4.979898452758789,5.479835510253906,1.1916984061300286,0.24243142804508122,331776
Mirror Moderate Bi-Maxwellian,ion,790000,104.23611111111111,1.4337916374206543,0.6974514105822017,1.4340732097625732,1.3908699750900269,1.4784841537475586,5.217039108276367,5.221644401550293,4.978756904602051,5.479787826538086,1.1916796058541308,0.2421120315665235,331776
Mirror Moderate Bi-Maxwellian,ion,790500,104.30208333333333,1.433433175086975,0.6976258240565165,1.4335815906524658,1.3907047510147095,1.478055715560913,5.217568874359131,5.224477767944336,4.979301452636719,5.481015682220459,1.1916601436570071,0.24177303142996798,331776
Mirror Moderate Bi-Maxwellian,ion,791000,104.36805555555556,1.433060884475708,0.6978070581877996,1.43317449092865,1.3900766372680664,1.4777826070785522,5.218209266662598,5.224001884460449,4.981268882751465,5.482317924499512,1.191636622622375,0.2414242618533331,331776
Mirror Moderate Bi-Maxwellian,ion,791500,104.43402777777779,1.4327269792556763,0.6979696861152956,1.4327049255371094,1.3898195028305054,1.4772809743881226,5.218757152557373,5.225290298461914,4.980177879333496,5.483277320861816,1.1916165038470827,0.24111047540859354,331776
Mirror Moderate Bi-Maxwellian,ion,792000,104.5,1.432379961013794,0.698138781062136,1.4324760437011719,1.3895416259765625,1.4768433570861816,5.219338893890381,5.224820137023926,4.980755805969238,5.484176158905029,1.1915951464984529,0.24078481451534106,331776
Mirror Moderate Bi-Maxwellian,ion,792500,104.56597222222223,1.4320271015167236,0.6983108063673205,1.432136058807373,1.3890626430511475,1.4766322374343872,5.219935417175293,5.225520133972168,4.981815338134766,5.484848976135254,1.1915732514064588,0.24045385011026488,331776
Mirror Moderate Bi-Maxwellian,ion,793000,104.63194444444444,1.431672215461731,0.6984839051846015,1.4317870140075684,1.388922929763794,1.4762325286865234,5.220494270324707,5.2265944480896,4.9825873374938965,5.484580993652344,1.1915527435178666,0.2401194719438644,331776
Mirror Moderate Bi-Maxwellian,ion,793500,104.69791666666667,1.4313366413116455,0.6986476634061586,1.4314556121826172,1.3885711431503296,1.4758963584899902,5.221075534820557,5.2267560958862305,4.982748985290527,5.484776973724365,1.19153141787181,0.23980522343983557,331776
Mirror Moderate Bi-Maxwellian,ion,794000,104.76388888888889,1.4309861660003662,0.6988187753030619,1.431089997291565,1.3883682489395142,1.4753222465515137,5.221620082855225,5.227801322937012,4.98323917388916,5.486162185668945,1.191511443600315,0.2394747224000513,331776
Mirror Moderate Bi-Maxwellian,ion,794500,104.82986111111111,1.4306448698043823,0.698985486270072,1.4308578968048096,1.387892246246338,1.4751288890838623,5.222184181213379,5.22933292388916,4.983885765075684,5.486843109130859,1.1914907566066828,0.23915411319769952,331776
Mirror Moderate Bi-Maxwellian,ion,795000,104.89583333333333,1.4302940368652344,0.6991569385213219,1.4303960800170898,1.3875178098678589,1.4747971296310425,5.222775459289551,5.229321002960205,4.984123706817627,5.487630844116211,1.1914690776570411,0.23882495920819324,331776
Mirror Moderate Bi-Maxwellian,ion,795500,104.96180555555556,1.4299768209457397,0.6993120345395758,1.430000901222229,1.3871983289718628,1.4744362831115723,5.223316192626953,5.229519367218018,4.983885288238525,5.488271713256836,1.1914492562046242,0.23852756474111558,331776
Mirror Moderate Bi-Maxwellian,ion,796000,105.02777777777779,1.4296177625656128,0.6994876715894922,1.4296653270721436,1.3869197368621826,1.4742234945297241,5.22395658493042,5.229483604431152,4.985486030578613,5.489044189453125,1.1914257868996665,0.2381919756659463,331776
Mirror Moderate Bi-Maxwellian,ion,796500,105.09375,1.4292832612991333,0.6996513756769667,1.429535150527954,1.3863110542297363,1.47390615940094,5.224503517150879,5.231258869171143,4.986286163330078,5.488927364349365,1.1914057473054087,0.2378775139937246,331776
Mirror Moderate Bi-Maxwellian,ion,797000,105.15972222222223,1.4289445877075195,0.6998171997728179,1.4291644096374512,1.3861310482025146,1.4736158847808838,5.22502326965332,5.230189323425293,4.986660957336426,5.489631175994873,1.1913867074636684,0.23755788024385116,331776
Mirror Moderate Bi-Maxwellian,ion,797500,105.22569444444446,1.4286097288131714,0.6999812333846821,1.4288134574890137,1.3859106302261353,1.4732683897018433,5.2256293296813965,5.23228645324707,4.987062931060791,5.490581512451172,1.191364510743239,0.23724521806993248,331776
Mirror Moderate Bi-Maxwellian,ion,798000,105.29166666666669,1.4282681941986084,0.7001486163886,1.4284179210662842,1.3855171203613281,1.472785472869873,5.226221084594727,5.231673240661621,4.986810207366943,5.491476535797119,1.1913428429095143,0.2369253512890941,331776
Mirror Moderate Bi-Maxwellian,ion,798500,105.35763888888889,1.4279338121414185,0.700312571561239,1.4280651807785034,1.3853445053100586,1.4724735021591187,5.226722717285156,5.233436584472656,4.987301349639893,5.491950988769531,1.191324478854202,0.23660933328721656,331776
Mirror Moderate Bi-Maxwellian,ion,799000,105.4236111111111,1.4276010990142822,0.7004757846505382,1.4276337623596191,1.3847852945327759,1.4721075296401978,5.227320194244385,5.232757568359375,4.9881086349487305,5.491739273071289,1.1913026106763203,0.23629848833796196,331776
Mirror Moderate Bi-Maxwellian,ion,799500,105.48958333333333,1.4272968769073486,0.7006250880102738,1.427417278289795,1.3846080303192139,1.4718186855316162,5.227831840515137,5.233272075653076,4.989019393920898,5.492076396942139,1.1912838879495142,0.2360129889578344,331776
Mirror Moderate Bi-Maxwellian,ion,800000,105.55555555555556,1.4269541501998901,0.7007933645660012,1.427032470703125,1.3843321800231934,1.4713115692138672,5.228400707244873,5.234910488128662,4.989987373352051,5.492616176605225,1.191263075650327,0.23569107454956306,331776
Mirror Moderate Bi-Maxwellian,ion,800500,105.62152777777779,1.4266653060913086,0.7009352479031957,1.4268224239349365,1.38380765914917,1.4713280200958252,5.228875160217285,5.234567165374756,4.99048376083374,5.49419641494751,1.1912457209933551,0.23541958509795347,331776
Mirror Moderate Bi-Maxwellian,ion,801000,105.6875,1.4263267517089844,0.7011016226133516,1.4262808561325073,1.3835598230361938,1.4708380699157715,5.229512691497803,5.235637187957764,4.990616798400879,5.4937543869018555,1.1912224061767382,0.23510434553224613,331776
Mirror Moderate Bi-Maxwellian,ion,801500,105.75347222222223,1.4260214567184448,0.7012517205043999,1.4260003566741943,1.3831367492675781,1.4706953763961792,5.230035305023193,5.235965728759766,4.990468978881836,5.495485782623291,1.1912032981956258,0.23481815852281906,331776
Mirror Moderate Bi-Maxwellian,ion,802000,105.81944444444446,1.4257060289382935,0.701406867686944,1.425832748413086,1.3830158710479736,1.4702203273773193,5.230578422546387,5.236422061920166,4.9919843673706055,5.495769023895264,1.1911834445860718,0.23452258435222162,331776
Mirror Moderate Bi-Maxwellian,ion,802500,105.88541666666669,1.4254052639007568,0.7015548667635793,1.425337791442871,1.3827393054962158,1.4699079990386963,5.2311177253723145,5.2373809814453125,4.992382049560547,5.4962158203125,1.19116373450166,0.23424152939909693,331776
Mirror Moderate Bi-Maxwellian,ion,803000,105.95138888888889,1.425097107887268,0.7017065675492934,1.425217866897583,1.382213830947876,1.4696259498596191,5.231687545776367,5.2383527755737305,4.993083477020264,5.497034072875977,1.1911429134959173,0.2339541943913508,331776
Mirror Moderate Bi-Maxwellian,ion,803500,106.0173611111111,1.424769639968872,0.7018678472274632,1.424743413925171,1.3819924592971802,1.469244122505188,5.23219108581543,5.238368511199951,4.993090629577637,5.497382164001465,1.191124518122249,0.23364512184662312,331776
Mirror Moderate Bi-Maxwellian,ion,804000,106.08333333333333,1.424460530281067,0.7020201534139281,1.4247063398361206,1.381797432899475,1.4688889980316162,5.232720851898193,5.238460063934326,4.994032382965088,5.498302459716797,1.1911051684779335,0.23335536180313343,331776
Mirror Moderate Bi-Maxwellian,ion,804500,106.14930555555556,1.4241468906402588,0.7021747591994717,1.4241479635238647,1.3814696073532104,1.4686158895492554,5.233264446258545,5.238987922668457,4.993717193603516,5.497714042663574,1.191085317829665,0.2330615728105938,331776
Mirror Moderate Bi-Maxwellian,ion,805000,106.21527777777779,1.4238629341125488,0.702314791713621,1.4240353107452393,1.381235122680664,1.468116044998169,5.233728408813477,5.239495277404785,4.994442462921143,5.4992523193359375,1.1910683783889173,0.2327945557236315,331776
Mirror Moderate Bi-Maxwellian,ion,805500,106.28125,1.4235877990722656,0.7024505272184037,1.4237158298492432,1.3808808326721191,1.467957615852356,5.2341814041137695,5.239015579223633,4.995964050292969,5.4994025230407715,1.191051842264018,0.23253595680824768,331776
Mirror Moderate Bi-Maxwellian,ion,806000,106.34722222222223,1.4232947826385498,0.7025951420591648,1.4233243465423584,1.3805756568908691,1.4677058458328247,5.234657287597656,5.240222454071045,4.99443244934082,5.500017166137695,1.1910344737122094,0.23226030892634042,331776
Mirror Moderate Bi-Maxwellian,ion,806500,106.41319444444446,1.4230146408081055,0.702733458478064,1.4229676723480225,1.3804149627685547,1.4674351215362549,5.235118865966797,5.241024971008301,4.995122909545898,5.501216888427734,1.19101763027788,0.23199701053022537,331776
Mirror Moderate Bi-Maxwellian,ion,807000,106.47916666666669,1.4227194786071777,0.7028792499410959,1.4229791164398193,1.3802434206008911,1.4669227600097656,5.235635757446289,5.241518497467041,4.995536804199219,5.5016865730285645,1.190998771940498,0.23172070666667977,331776
Mirror Moderate Bi-Maxwellian,ion,807500,106.54513888888889,1.4224570989608765,0.7030088996923093,1.4224481582641602,1.379869818687439,1.4667993783950806,5.236056804656982,5.241804599761963,4.996100902557373,5.502399444580078,1.1909834131498713,0.23147368581100514,331776
Mirror Moderate Bi-Maxwellian,ion,808000,106.6111111111111,1.4221670627593994,0.7031522710557802,1.4221397638320923,1.3796766996383667,1.4664325714111328,5.236562728881836,5.242236614227295,4.9971442222595215,5.502152442932129,1.1909649615165654,0.23120210124283402,331776
Mirror Moderate Bi-Maxwellian,ion,808500,106.67708333333333,1.421907901763916,0.7032804295970734,1.4219129085540771,1.3794755935668945,1.4661198854446411,5.23701810836792,5.242654323577881,4.997334003448486,5.502072334289551,1.1909483563561025,0.2309595454078135,331776
Mirror Moderate Bi-Maxwellian,ion,809000,106.74305555555556,1.4216469526290894,0.7034095196072931,1.4217255115509033,1.379181981086731,1.4659463167190552,5.23738956451416,5.243753910064697,4.997497081756592,5.505198001861572,1.190934813552057,0.23071213907703236,331776
Mirror Moderate Bi-Maxwellian,ion,809500,106.80902777777779,1.4213697910308838,0.7035466817363025,1.4213590621948242,1.3789081573486328,1.4656155109405518,5.237849235534668,5.243232727050781,4.997791767120361,5.504058361053467,1.1909180572086326,0.23045173382225115,331776
Mirror Moderate Bi-Maxwellian,ion,810000,106.875,1.4211186170578003,0.7036710292841991,1.4212453365325928,1.3786368370056152,1.4652490615844727,5.2382588386535645,5.245063781738281,4.998003005981445,5.504416465759277,1.1909031284633957,0.23021548859440455,331776
Mirror Moderate Bi-Maxwellian,ion,810500,106.94097222222223,1.4208719730377197,0.7037931769898125,1.4209635257720947,1.3785080909729004,1.46494722366333,5.238626956939697,5.244584083557129,4.9990644454956055,5.505337715148926,1.1908897137016567,0.22998225933606298,331776
Mirror Moderate Bi-Maxwellian,ion,811000,107.00694444444446,1.4206178188323975,0.7039190884019023,1.4206078052520752,1.3782566785812378,1.4646795988082886,5.239075183868408,5.244904518127441,4.999111175537109,5.50479793548584,1.1908733822104884,0.22974443662190902,331776
Mirror Moderate Bi-Maxwellian,ion,811500,107.07291666666669,1.4203734397888184,0.7040401995609552,1.4203758239746094,1.3782106637954712,1.4643118381500244,5.239405155181885,5.244588851928711,4.999326229095459,5.506210803985596,1.190861361238876,0.22951207854994227,331776
Mirror Moderate Bi-Maxwellian,ion,812000,107.13888888888889,1.4201029539108276,0.7041742975367354,1.420356035232544,1.3779512643814087,1.4640414714813232,5.239867687225342,5.245984077453613,4.9990692138671875,5.505893707275391,1.1908445135815116,0.22925844032931608,331776
Mirror Moderate Bi-Maxwellian,ion,812500,107.2048611111111,1.419858455657959,0.7042955556697392,1.419942855834961,1.3775640726089478,1.4638944864273071,5.240262031555176,5.24608850479126,5.000026702880859,5.505803108215332,1.190830151999713,0.2290283036582459,331776
Mirror Moderate Bi-Maxwellian,ion,813000,107.27083333333333,1.4196183681488037,0.7044146669530698,1.4196040630340576,1.377458930015564,1.4635897874832153,5.2405571937561035,5.246120929718018,5.000296592712402,5.506652355194092,1.190819403935035,0.22879896421376866,331776
Mirror Moderate Bi-Maxwellian,ion,813500,107.33680555555556,1.4193828105926514,0.7045315700156031,1.4195364713668823,1.3771486282348633,1.4631822109222412,5.240938186645508,5.246367454528809,5.000997543334961,5.506908416748047,1.1908055322133184,0.22857727837933295,331776
Mirror Moderate Bi-Maxwellian,ion,814000,107.40277777777779,1.4191306829452515,0.7046567395221198,1.419154405593872,1.376942753791809,1.4628909826278687,5.2412896156311035,5.247196197509766,4.999834060668945,5.5082879066467285,1.1907927386835673,0.2283379442616842,331776
Mirror Moderate Bi-Maxwellian,ion,814500,107.46875,1.418896198272705,0.7047731900454389,1.418887734413147,1.3767752647399902,1.4626339673995972,5.2416462898254395,5.247494697570801,5.001385688781738,5.507549285888672,1.1907797559597069,0.2281164423129982,331776
Mirror Moderate Bi-Maxwellian,ion,815000,107.53472222222223,1.4186928272247314,0.704874219993214,1.4186632633209229,1.3763641119003296,1.4626588821411133,5.242005348205566,5.247745037078857,5.001424789428711,5.50803279876709,1.1907666882374164,0.22792613898731506,331776
Mirror Moderate Bi-Maxwellian,ion,815500,107.60069444444446,1.4184401035308838,0.704999807542615,1.4185742139816284,1.3762993812561035,1.4621597528457642,5.242351055145264,5.248172760009766,5.002320766448975,5.508468151092529,1.1907541081245445,0.22768599540633927,331776
Mirror Moderate Bi-Maxwellian,ion,816000,107.66666666666669,1.4182188510894775,0.7051097926330613,1.4183769226074219,1.3759692907333374,1.462148666381836,5.242673397064209,5.247684478759766,5.003228664398193,5.50852108001709,1.1907423797484658,0.2274764713410118,331776
Mirror Moderate Bi-Maxwellian,ion,816500,107.73263888888889,1.4179949760437012,0.7052211163611211,1.4180688858032227,1.3758063316345215,1.4618995189666748,5.2429680824279785,5.248733997344971,5.001504898071289,5.510242462158203,1.190731658915022,0.2272633171286791,331776
Mirror Moderate Bi-Maxwellian,ion,817000,107.7986111111111,1.417786717414856,0.7053247062600262,1.4179214239120483,1.3755033016204834,1.461740493774414,5.243255615234375,5.247795104980469,5.002261638641357,5.508996963500977,1.1907211994575435,0.22706551795731245,331776
Mirror Moderate Bi-Maxwellian,ion,817500,107.86458333333333,1.417559266090393,0.7054378775696517,1.4175894260406494,1.3754860162734985,1.4613542556762695,5.2435526847839355,5.249644756317139,5.0035529136657715,5.51007604598999,1.1907103942908521,0.22684887179954094,331776
Mirror Moderate Bi-Maxwellian,ion,818000,107.93055555555556,1.4173643589019775,0.705534885027512,1.4173471927642822,1.3752562999725342,1.4610954523086548,5.243803024291992,5.249109268188477,5.002642631530762,5.510458946228027,1.1907012897638385,0.22666306913813905,331776
Mirror Moderate Bi-Maxwellian,ion,818500,107.99652777777779,1.417150855064392,0.7056411788669896,1.4172356128692627,1.3751094341278076,1.4608409404754639,5.244082927703857,5.249344825744629,5.003493309020996,5.511116027832031,1.1906911110648386,0.2264597439995535,331776
Mirror Moderate Bi-Maxwellian,ion,819000,108.0625,1.4169464111328125,0.7057429922141696,1.4169731140136719,1.3751256465911865,1.4604992866516113,5.244391918182373,5.248247146606445,5.003688812255859,5.5110883712768555,1.1906798758752157,0.22626653525759677,331776
Mirror Moderate Bi-Maxwellian,ion,819500,108.12847222222223,1.4167487621307373,0.7058414496131532,1.4168756008148193,1.3747506141662598,1.4603700637817383,5.244682788848877,5.250588893890381,5.004222869873047,5.510961532592773,1.190669300748975,0.22607946138176227,331776
Mirror Moderate Bi-Maxwellian,ion,820000,108.19444444444446,1.416524887084961,0.7059530045094234,1.416498064994812,1.3744878768920898,1.4602113962173462,5.244937896728516,5.249675750732422,5.004778861999512,5.511281490325928,1.1906600268086571,0.2258648602763038,331776
Mirror Moderate Bi-Maxwellian,ion,820500,108.26041666666669,1.4163174629211426,0.7060563935556571,1.4163968563079834,1.3743141889572144,1.459951400756836,5.2451863288879395,5.249691963195801,5.004570960998535,5.5119404792785645,1.1906509964178937,0.22566646650324884,331776
Mirror Moderate Bi-Maxwellian,ion,821000,108.32638888888889,1.4161280393600464,0.7061508367929101,1.4163532257080078,1.3742549419403076,1.459684133529663,5.245429039001465,5.250201225280762,5.004274368286133,5.511616230010986,1.1906421748468383,0.22548586451320807,331776
Mirror Moderate Bi-Maxwellian,ion,821500,108.3923611111111,1.4159380197525024,0.706245602596923,1.4161157608032227,1.3739148378372192,1.4594637155532837,5.245616436004639,5.251446723937988,5.004726886749268,5.512742042541504,1.1906353642512333,0.22530265550126916,331776
Mirror Moderate Bi-Maxwellian,ion,822000,108.45833333333333,1.4157284498214722,0.7063501479581789,1.4158380031585693,1.3739137649536133,1.4592076539993286,5.245942115783691,5.250828742980957,5.0063395500183105,5.5112810134887695,1.1906235291829197,0.22510492063855247,331776
Mirror Moderate Bi-Maxwellian,ion,822500,108.52430555555556,1.4155441522598267,0.7064421116102689,1.4157073497772217,1.373937726020813,1.4591929912567139,5.246084213256836,5.251220703125,5.0049238204956055,5.512552738189697,1.1906183658800222,0.22492578637980443,331776
Mirror Moderate Bi-Maxwellian,ion,823000,108.59027777777779,1.4153562784194946,0.7065358844606136,1.4153473377227783,1.3736026287078857,1.4588110446929932,5.2463579177856445,5.2515716552734375,5.0053510665893555,5.511703968048096,1.1906084212458907,0.2247478571736039,331776
Mirror Moderate Bi-Maxwellian,ion,823500,108.65625,1.4151560068130493,0.7066358727840993,1.4153056144714355,1.373250126838684,1.4587221145629883,5.246565341949463,5.252031326293945,5.005105972290039,5.513823509216309,1.1906008854982506,0.2245551213147987,331776
Mirror Moderate Bi-Maxwellian,ion,824000,108.72222222222223,1.4149690866470337,0.7067292207560797,1.4151005744934082,1.3730015754699707,1.458467960357666,5.246810436248779,5.252439498901367,5.006606101989746,5.513254642486572,1.1905919819575095,0.2243771046895242,331776
Mirror Moderate Bi-Maxwellian,ion,824500,108.78819444444446,1.4147673845291138,0.7068299785076234,1.4147813320159912,1.3729803562164307,1.458147644996643,5.247073173522949,5.252197265625,5.007076740264893,5.512500762939453,1.1905824384241601,0.22418494610495365,331776
Mirror Moderate Bi-Maxwellian,ion,825000,108.85416666666669,1.4146087169647217,0.7069092590816677,1.4146785736083984,1.3728487491607666,1.4579869508743286,5.247199058532715,5.252508163452148,5.006590366363525,5.512950897216797,1.1905778661805966,0.2240308507841251,331776
Mirror Moderate Bi-Maxwellian,ion,825500,108.92013888888889,1.4144117832183838,0.7070076846536006,1.4144246578216553,1.3726537227630615,1.4577686786651611,5.247411251068115,5.252938270568848,5.0062761306762695,5.513909339904785,1.190570159675678,0.22384162354270587,331776
Mirror Moderate Bi-Maxwellian,ion,826000,108.9861111111111,1.4142231941223145,0.7071019653447369,1.4142277240753174,1.3726990222930908,1.4574054479599,5.247647285461426,5.2527055740356445,5.00647497177124,5.5141682624816895,1.190561588003541,0.2236616061187735,331776
Mirror Moderate Bi-Maxwellian,ion,826500,109.05208333333333,1.4140331745147705,0.7071969866217268,1.4140682220458984,1.3724970817565918,1.4574354887008667,5.247878074645996,5.252685546875,5.007447242736816,5.514589309692383,1.1905532075585534,0.22347996695621708,331776
Mirror Moderate Bi-Maxwellian,ion,827000,109.11805555555556,1.4138586521148682,0.7072842808608817,1.4138466119766235,1.372248888015747,1.4571741819381714,5.248017311096191,5.252902507781982,5.006830215454102,5.515044212341309,1.1905481519440955,0.2233105001707727,331776
Mirror Moderate Bi-Maxwellian,ion,827500,109.18402777777779,1.4136710166931152,0.7073781581369745,1.4138685464859009,1.3720146417617798,1.4569246768951416,5.248259544372559,5.252942085266113,5.0074076652526855,5.514120578765869,1.1905393571993308,0.22313165949378444,331776
Mirror Moderate Bi-Maxwellian,ion,828000,109.25,1.4134894609451294,0.707469017371626,1.4134721755981445,1.3717684745788574,1.4567745923995972,5.248440742492676,5.253870964050293,5.007272720336914,5.515860080718994,1.1905327789840041,0.22295668196112528,331776
Mirror Moderate Bi-Maxwellian,ion,828500,109.31597222222223,1.4133211374282837,0.7075532754145504,1.4134485721588135,1.3717273473739624,1.4567317962646484,5.2486066818237305,5.253450393676758,5.006994247436523,5.514593124389648,1.1905267551220908,0.22279438230619286,331776
Mirror Moderate Bi-Maxwellian,ion,829000,109.38194444444446,1.4131462574005127,0.7076408367237963,1.413200855255127,1.3715847730636597,1.4563225507736206,5.248752593994141,5.2538065910339355,5.006538391113281,5.516042232513428,1.1905214585927035,0.22262479880780917,331776
Mirror Moderate Bi-Maxwellian,ion,829500,109.44791666666669,1.4129704236984253,0.7077288973837949,1.4131125211715698,1.3713961839675903,1.4562454223632812,5.248874187469482,5.253788948059082,5.007449150085449,5.51641321182251,1.1905170450431595,0.22245337865526582,331776
Mirror Moderate Bi-Maxwellian,ion,830000,109.51388888888889,1.412805438041687,0.707811545081619,1.4128055572509766,1.3712965250015259,1.45587956905365,5.249034881591797,5.253084182739258,5.0070953369140625,5.515557765960693,1.1905112125482284,0.22229422549345856,331776
Mirror Moderate Bi-Maxwellian,ion,830500,109.5798611111111,1.412638545036316,0.707895167885492,1.4126560688018799,1.3708831071853638,1.455869436264038,5.249189376831055,5.253381729125977,5.006995677947998,5.516438007354736,1.190505605382388,0.222132939653928,331776
Mirror Moderate Bi-Maxwellian,ion,831000,109.64583333333333,1.4124431610107422,0.7079930914065253,1.412557601928711,1.3709368705749512,1.455472707748413,5.24941873550415,5.254302024841309,5.007577419281006,5.516583442687988,1.1904972817726571,0.22194587923808506,331776
Mirror Moderate Bi-Maxwellian,ion,831500,109.71180555555556,1.4122769832611084,0.7080763985056856,1.4122536182403564,1.3706899881362915,1.4553402662277222,5.249602317810059,5.254450798034668,5.007292747497559,5.516528129577637,1.1904906199479817,0.22178636331312673,331776
Mirror Moderate Bi-Maxwellian,ion,832000,109.77777777777779,1.4121077060699463,0.708161279555022,1.4121359586715698,1.3706117868423462,1.4551657438278198,5.249692440032959,5.254341125488281,5.00730037689209,5.517820835113525,1.1904873497681936,0.2216203563017527,331776
Mirror Moderate Bi-Maxwellian,ion,832500,109.84375,1.4119141101837158,0.7082583797323775,1.411991834640503,1.3701984882354736,1.4551411867141724,5.24989128112793,5.255586624145508,5.0080766677856445,5.518554210662842,1.1904801350067484,0.2214339751769674,331776
Mirror Moderate Bi-Maxwellian,ion,833000,109.90972222222223,1.4117199182510376,0.708355805618219,1.4116754531860352,1.3701242208480835,1.4549591541290283,5.25006103515625,5.2544779777526855,5.007452487945557,5.517172813415527,1.190473976074497,0.2212459421765407,331776
Mirror Moderate Bi-Maxwellian,ion,833500,109.97569444444446,1.4115809202194214,0.7084255572429785,1.4114453792572021,1.369974970817566,1.4547374248504639,5.250174045562744,5.255359172821045,5.008425235748291,5.5170793533325195,1.1904698761072814,0.22111104411214,331776
Mirror Moderate Bi-Maxwellian,ion,834000,110.04166666666669,1.4113980531692505,0.7085173440295819,1.4112669229507446,1.3699021339416504,1.4544777870178223,5.250334739685059,5.254514694213867,5.007941722869873,5.518266677856445,1.1904640465000114,0.22093400666923912,331776
Mirror Moderate Bi-Maxwellian,ion,834500,110.10763888888889,1.4112433195114136,0.7085950283514609,1.4112036228179932,1.369642972946167,1.4544918537139893,5.250479221343994,5.25600004196167,5.00852108001709,5.5185065269470215,1.190458805347681,0.22078451416373257,331776
Mirror Moderate Bi-Maxwellian,ion,835000,110.1736111111111,1.4110567569732666,0.708688715076927,1.410977840423584,1.3696303367614746,1.453938603401184,5.2507004737854,5.255807876586914,5.009321212768555,5.516923427581787,1.190450779851677,0.22060597712158958,331776
Mirror Moderate Bi-Maxwellian,ion,835500,110.23958333333333,1.4108859300613403,0.7087745215210443,1.4109348058700562,1.3695383071899414,1.4540348052978516,5.25076961517334,5.256610870361328,5.008182048797607,5.51924467086792,1.190448272022879,0.22043765803846127,331776
Mirror Moderate Bi-Maxwellian,ion,836000,110.30555555555556,1.410731315612793,0.7088522023526644,1.410680890083313,1.3692357540130615,1.4538317918777466,5.250903606414795,5.254330635070801,5.008234024047852,5.519356727600098,1.1904434122116325,0.22028790340116045,331776
Mirror Moderate Bi-Maxwellian,ion,836500,110.37152777777779,1.410510778427124,0.7089630333169882,1.4104458093643188,1.3690683841705322,1.453539490699768,5.251192569732666,5.255989074707031,5.0087738037109375,5.518650531768799,1.1904329324664071,0.2200778459607169,331776
Mirror Moderate Bi-Maxwellian,ion,837000,110.4375,1.410345196723938,0.709046269184934,1.4103813171386719,1.3689870834350586,1.4534385204315186,5.251307010650635,5.256508827209473,5.0087456703186035,5.519994258880615,1.1904287823910908,0.21991641433284714,331776
Mirror Moderate Bi-Maxwellian,ion,837500,110.50347222222223,1.4101790189743042,0.7091298243306382,1.4102327823638916,1.368795394897461,1.4532274007797241,5.251425266265869,5.257424831390381,5.008981704711914,5.520172119140625,1.190424494169955,0.2197545248043491,331776
Mirror Moderate Bi-Maxwellian,ion,838000,110.56944444444446,1.4100068807601929,0.7092163972000326,1.4099507331848145,1.3685294389724731,1.4530305862426758,5.251595973968506,5.256565570831299,5.009453296661377,5.519563674926758,1.190418304255863,0.21958857650432995,331776
Mirror Moderate Bi-Maxwellian,ion,838500,110.63541666666669,1.4098244905471802,0.7093081491383942,1.4098689556121826,1.3683470487594604,1.4528613090515137,5.251706600189209,5.256356239318848,5.008892059326172,5.520008087158203,1.1904142931297745,0.21941019741740564,331776
Mirror Moderate Bi-Maxwellian,ion,839000,110.70138888888889,1.4096546173095703,0.7093936257298072,1.4095509052276611,1.368452548980713,1.452493667602539,5.251853942871094,5.257065773010254,5.008363246917725,5.522032737731934,1.1904089509871856,0.21924566632238474,331776
Mirror Moderate Bi-Maxwellian,ion,839500,110.7673611111111,1.409462332725525,0.7094904040935002,1.4094762802124023,1.368056297302246,1.4524595737457275,5.252035617828369,5.256926536560059,5.008613586425781,5.521360874176025,1.19040236448615,0.2190599682393748,331776
Mirror Moderate Bi-Maxwellian,ion,840000,110.83333333333333,1.4092917442321777,0.7095762847492082,1.4094438552856445,1.3679174184799194,1.4523158073425293,5.252201080322266,5.256877899169922,5.00910758972168,5.522125244140625,1.1903963661533388,0.21889537807883896,331776
Mirror Moderate Bi-Maxwellian,ion,840500,110.89930555555556,1.4090890884399414,0.7096783363123902,1.4092278480529785,1.3675734996795654,1.452156662940979,5.252427101135254,5.257117748260498,5.009543418884277,5.521995544433594,1.1903881730759978,0.21870091536394365,331776
Mirror Moderate Bi-Maxwellian,ion,841000,110.96527777777779,1.4089099168777466,0.7097685863522611,1.4087927341461182,1.3674278259277344,1.4519153833389282,5.25253438949585,5.257856369018555,5.009132385253906,5.521799087524414,1.190384284203798,0.21852563267394864,331776
Mirror Moderate Bi-Maxwellian,ion,841500,111.03125,1.4087291955947876,0.7098596402538419,1.408888578414917,1.367440104484558,1.4515423774719238,5.252699851989746,5.256715774536133,5.009050369262695,5.522101402282715,1.1903782870100974,0.2183509085846902,331776
Mirror Moderate Bi-Maxwellian,ion,842000,111.09722222222223,1.4085148572921753,0.7099676619119716,1.4086346626281738,1.3672823905944824,1.4514052867889404,5.252986907958984,5.258325576782227,5.009244918823242,5.522558689117432,1.1903678835530438,0.2181469737391315,331776
Mirror Moderate Bi-Maxwellian,ion,842500,111.16319444444446,1.4083439111709595,0.7100538384609166,1.408433198928833,1.3670110702514648,1.4513823986053467,5.253093719482422,5.257834434509277,5.0099310874938965,5.5217180252075195,1.1903640127895012,0.21797989838145826,331776
Mirror Moderate Bi-Maxwellian,ion,843000,111.22916666666669,1.4081509113311768,0.7101511577723323,1.4084055423736572,1.366990566253662,1.450934648513794,5.253263473510742,5.258941650390625,5.009151458740234,5.523703575134277,1.190357861364167,0.21779304996700977,331776
Mirror Moderate Bi-Maxwellian,ion,843500,111.29513888888889,1.4079662561416626,0.7102442943060029,1.4080244302749634,1.3667765855789185,1.450945496559143,5.253452301025391,5.257625579833984,5.008511066436768,5.5248026847839355,1.1903510192344977,0.2176152369071649,331776
Mirror Moderate Bi-Maxwellian,ion,844000,111.3611111111111,1.4077601432800293,0.7103482825348619,1.4079997539520264,1.3666112422943115,1.4504973888397217,5.253676891326904,5.258517265319824,5.009942054748535,5.524609565734863,1.1903428818873238,0.21741726139270545,331776
Mirror Moderate Bi-Maxwellian,ion,844500,111.42708333333333,1.407562017440796,0.710448269851855,1.4077990055084229,1.3662806749343872,1.4505900144577026,5.253850936889648,5.25963020324707,5.00958251953125,5.524774551391602,1.1903365763536515,0.21722544108714437,331776
Mirror Moderate Bi-Maxwellian,ion,845000,111.49305555555556,1.4073487520217896,0.710555929056963,1.4074695110321045,1.36610746383667,1.4502360820770264,5.254110813140869,5.259820461273193,5.009496212005615,5.525546550750732,1.1903271620192966,0.217021590002493,331776
Mirror Moderate Bi-Maxwellian,ion,845500,111.55902777777779,1.4071379899978638,0.7106623565763569,1.4071595668792725,1.3659268617630005,1.450060248374939,5.254355430603027,5.26007604598999,5.009407043457031,5.526372909545898,1.190318301304035,0.21681968869382873,331776
Mirror Moderate Bi-Maxwellian,ion,846000,111.625,1.4069344997406006,0.7107651423604809,1.4070634841918945,1.365776538848877,1.4498616456985474,5.254549980163574,5.259030342102051,5.0096755027771,5.526505470275879,1.1903112547744517,0.21662324496614893,331776
Mirror Moderate Bi-Maxwellian,ion,846500,111.69097222222223,1.4067258834838867,0.7108705482289183,1.4068257808685303,1.3655990362167358,1.449683427810669,5.254817962646484,5.259481430053711,5.009584426879883,5.526515483856201,1.1903015493797182,0.2164243341041685,331776
Mirror Moderate Bi-Maxwellian,ion,847000,111.75694444444446,1.4065109491348267,0.7109791790921501,1.406682014465332,1.3652479648590088,1.4495136737823486,5.255065441131592,5.259634971618652,5.010815143585205,5.526185512542725,1.1902925874477153,0.2162183616871114,331776
Mirror Moderate Bi-Maxwellian,ion,847500,111.82291666666669,1.4062957763671875,0.7110879637164589,1.4064061641693115,1.3652455806732178,1.4491422176361084,5.255373477935791,5.261040687561035,5.010061264038086,5.527211666107178,1.1902814336979872,0.21601434266920028,331776
Mirror Moderate Bi-Maxwellian,ion,848000,111.88888888888889,1.4060852527618408,0.7111944300929081,1.4062035083770752,1.3648513555526733,1.4489752054214478,5.25557279586792,5.260390281677246,5.009585380554199,5.528532028198242,1.1902742172625271,0.21581103549931369,331776
Mirror Moderate Bi-Maxwellian,ion,848500,111.9548611111111,1.4058703184127808,0.7113031599735273,1.4061167240142822,1.364795446395874,1.448649525642395,5.255805969238281,5.2616071701049805,5.010295867919922,5.528517246246338,1.1902657757635846,0.21560454264919615,331776
Mirror Moderate Bi-Maxwellian,ion,849000,112.02083333333333,1.4056369066238403,0.7114212747884315,1.4058082103729248,1.3645105361938477,1.4485759735107422,5.256161689758301,5.262296199798584,5.01119327545166,5.52801513671875,1.190252899173272,0.2153840074505684,331776
Mirror Moderate Bi-Maxwellian,ion,849500,112.08680555555556,1.405442476272583,0.7115196935360389,1.405655860900879,1.3643074035644531,1.4483530521392822,5.25639533996582,5.2615509033203125,5.011371612548828,5.528463840484619,1.1902444423075877,0.21519803396499526,331776
Mirror Moderate Bi-Maxwellian,ion,850000,112.15277777777779,1.405221939086914,0.7116313602745062,1.4054269790649414,1.3640494346618652,1.448117971420288,5.256631851196289,5.262199401855469,5.0112385749816895,5.528400421142578,1.1902358826541035,0.21498605643281055,331776
Mirror Moderate Bi-Maxwellian,ion,850500,112.21875,1.4049898386001587,0.7117489198329972,1.4051300287246704,1.3637572526931763,1.4478650093078613,5.256925106048584,5.262979507446289,5.010616779327393,5.531145095825195,1.19022527044363,0.21476456815652867,331776
Mirror Moderate Bi-Maxwellian,ion,851000,112.28472222222223,1.4047863483428955,0.7118520201877055,1.4051129817962646,1.3636342287063599,1.4476122856140137,5.2571845054626465,5.262922286987305,5.011048316955566,5.530647277832031,1.1902158843694601,0.21457046397343538,331776
Mirror Moderate Bi-Maxwellian,ion,851500,112.35069444444446,1.4045363664627075,0.711978716876144,1.4048473834991455,1.3633053302764893,1.4474897384643555,5.2574968338012695,5.263708591461182,5.012701988220215,5.530494689941406,1.190204584351025,0.21433178211168258,331776
Mirror Moderate Bi-Maxwellian,ion,852000,112.41666666666669,1.4043033123016357,0.7120968748275701,1.4046117067337036,1.3631948232650757,1.4472072124481201,5.257811546325684,5.263668537139893,5.011447429656982,5.53078556060791,1.1901931994308221,0.2141101128708136,331776
Mirror Moderate Bi-Maxwellian,ion,852500,112.48263888888889,1.4040837287902832,0.7122082390781427,1.4042761325836182,1.3629525899887085,1.4469152688980103,5.258112907409668,5.263394355773926,5.012620449066162,5.530633449554443,1.190182298784572,0.21390143000571116,331776
Mirror Moderate Bi-Maxwellian,ion,853000,112.5486111111111,1.4038466215133667,0.7123285298232835,1.4040534496307373,1.3625881671905518,1.4469256401062012,5.2584333419799805,5.26353645324707,5.011993408203125,5.532565116882324,1.1901707095945548,0.21367591191881186,331776
Mirror Moderate Bi-Maxwellian,ion,853500,112.61458333333333,1.4036149978637695,0.7124460778218735,1.4040777683258057,1.3624266386032104,1.4465065002441406,5.2587690353393555,5.264697551727295,5.0126495361328125,5.531328201293945,1.1901585700531663,0.21345642781060326,331776
Mirror Moderate Bi-Maxwellian,ion,854000,112.68055555555556,1.4033825397491455,0.7125640883196038,1.4036160707473755,1.3621485233306885,1.4462355375289917,5.259047985076904,5.264929294586182,5.013169765472412,5.532810211181641,1.1901484836870864,0.21323405606205914,331776
Mirror Moderate Bi-Maxwellian,ion,854500,112.74652777777779,1.4031392335891724,0.7126876478551891,1.4034579992294312,1.3619451522827148,1.4460562467575073,5.259437084197998,5.265575408935547,5.0139007568359375,5.532802581787109,1.1901344162865841,0.21300481730258825,331776
Mirror Moderate Bi-Maxwellian,ion,855000,112.8125,1.402907133102417,0.7128055566932502,1.4031707048416138,1.3616286516189575,1.4459741115570068,5.259683609008789,5.265564918518066,5.013827323913574,5.533984661102295,1.1901255045621375,0.2127816285402795,331776
Mirror Moderate Bi-Maxwellian,ion,855500,112.87847222222223,1.402642846107483,0.7129398640396096,1.402958869934082,1.3613979816436768,1.4456385374069214,5.2601189613342285,5.26635217666626,5.014670372009277,5.533890247344971,1.1901097688760922,0.2125330772313907,331776
Mirror Moderate Bi-Maxwellian,ion,856000,112.94444444444446,1.4024258852005005,0.7130501586948625,1.4026702642440796,1.361182451248169,1.445542335510254,5.260397434234619,5.266403675079346,5.014084339141846,5.535486698150635,1.190099704918113,0.21232618028238748,331776
Mirror Moderate Bi-Maxwellian,ion,856500,113.01041666666669,1.402169108390808,0.7131807383402168,1.4024779796600342,1.360939383506775,1.4452221393585205,5.260781764984131,5.268435955047607,5.0142998695373535,5.535183906555176,1.1900858170274273,0.21208329136338078,331776
Mirror Moderate Bi-Maxwellian,ion,857000,113.07638888888889,1.4019287824630737,0.713302995493881,1.402224063873291,1.3607051372528076,1.4449639320373535,5.261124134063721,5.26747465133667,5.01497745513916,5.536109924316406,1.1900734471413421,0.21185533532173162,331776
Mirror Moderate Bi-Maxwellian,ion,857500,113.1423611111111,1.4016751050949097,0.7134320901934607,1.4019818305969238,1.3605091571807861,1.4447319507598877,5.261508464813232,5.267976760864258,5.01543664932251,5.536579132080078,1.1900595630868185,0.21161554200809118,331776
Mirror Moderate Bi-Maxwellian,ion,858000,113.20833333333333,1.4014191627502441,0.7135623848881367,1.4015491008758545,1.3603942394256592,1.4443084001541138,5.2619452476501465,5.268681526184082,5.015349388122559,5.5369744300842285,1.1900437866484026,0.21137537610184154,331776
Mirror Moderate Bi-Maxwellian,ion,858500,113.27430555555556,1.4011832475662231,0.713682526348316,1.4015495777130127,1.3598430156707764,1.4442832469940186,5.262285232543945,5.268403053283691,5.014220237731934,5.537714004516602,1.190031508329428,0.2111517392367952,331776
Mirror Moderate Bi-Maxwellian,ion,859000,113.34027777777779,1.4009150266647339,0.7138191688762001,1.4011619091033936,1.359628438949585,1.4441293478012085,5.262676239013672,5.269600868225098,5.015443801879883,5.53767204284668,1.1900173893629868,0.21089763730174704,331776
Mirror Moderate Bi-Maxwellian,ion,859500,113.40625,1.4006571769714355,0.7139505772299296,1.400943636894226,1.3595523834228516,1.4437857866287231,5.263089179992676,5.269635200500488,5.0160980224609375,5.539142608642578,1.190002480634651,0.21065469633678457,331776
Mirror Moderate Bi-Maxwellian,ion,860000,113.47222222222223,1.4003915786743164,0.7140859851118585,1.4008550643920898,1.3592925071716309,1.4433077573776245,5.263470649719238,5.2696919441223145,5.015719413757324,5.538967132568359,1.1899887102160134,0.21040286845830303,331776
Mirror Moderate Bi-Maxwellian,ion,860500,113.53819444444446,1.400160789489746,0.7142036882524222,1.4005789756774902,1.3590483665466309,1.4430935382843018,5.2638983726501465,5.271440029144287,5.017308235168457,5.538975715637207,1.1899732725076422,0.21018751698210392,331776
Mirror Moderate Bi-Maxwellian,ion,861000,113.60416666666669,1.399888038635254,0.7143428419996335,1.400354027748108,1.358802318572998,1.4427433013916016,5.264351844787598,5.270901203155518,5.016173839569092,5.540190696716309,1.1899569081785695,0.20993113045668443,331776
Mirror Moderate Bi-Maxwellian,ion,861500,113.67013888888889,1.3996416330337524,0.7144686013893993,1.4000134468078613,1.3584349155426025,1.4425666332244873,5.264756202697754,5.271759033203125,5.016661643981934,5.540127754211426,1.189942318599213,0.20969931443453937,331776
Mirror Moderate Bi-Maxwellian,ion,862000,113.7361111111111,1.39938223361969,0.7146010403557617,1.399718999862671,1.358245611190796,1.4424011707305908,5.265146732330322,5.271481990814209,5.0175065994262695,5.5421247482299805,1.18992823008323,0.20945400353646004,331776
Mirror Moderate Bi-Maxwellian,ion,862500,113.80208333333333,1.3990939855575562,0.7147482658940083,1.3994338512420654,1.3579020500183105,1.442137360572815,5.265642166137695,5.273062705993652,5.019379138946533,5.541452407836914,1.1899103601134924,0.20918362544406377,331776
Mirror Moderate Bi-Maxwellian,ion,863000,113.86805555555556,1.398821473121643,0.7148875101040424,1.3991550207138062,1.3577560186386108,1.441784381866455,5.266077041625977,5.272864818572998,5.018250942230225,5.543648719787598,1.1898946772133123,0.20892679590833074,331776
Mirror Moderate Bi-Maxwellian,ion,863500,113.93402777777779,1.3985692262649536,0.7150164476810488,1.3989070653915405,1.357527494430542,1.4413856267929077,5.266513824462891,5.273456573486328,5.0181450843811035,5.543507099151611,1.1898789281355366,0.20869029812941697,331776
Mirror Moderate Bi-Maxwellian,ion,864000,114.0,1.3982688188552856,0.7151700635208796,1.3985522985458374,1.3572156429290771,1.4411072731018066,5.267046928405762,5.274421691894531,5.01888370513916,5.544748783111572,1.1898597095474677,0.20840910930781797,331776
Mirror Moderate Bi-Maxwellian,ion,864500,114.06597222222223,1.398025393486023,0.7152945895399415,1.3983056545257568,1.3569470643997192,1.4410256147384644,5.267463684082031,5.273499011993408,5.019225597381592,5.5453901290893555,1.1898446880653286,0.20818070542069433,331776
Mirror Moderate Bi-Maxwellian,ion,865000,114.13194444444446,1.3977651596069336,0.7154277620435257,1.3980891704559326,1.3568198680877686,1.4406659603118896,5.267949104309082,5.274817943572998,5.01954460144043,5.545608043670654,1.1898271946443102,0.2079379649626234,331776
Mirror Moderate Bi-Maxwellian,ion,865500,114.19791666666669,1.3974874019622803,0.7155699569068396,1.3979169130325317,1.356462001800537,1.440448522567749,5.268404006958008,5.276329040527344,5.01993465423584,5.546919822692871,1.1898108039321387,0.2076765980301416,331776
Mirror Moderate Bi-Maxwellian,ion,866000,114.26388888888889,1.397218942642212,0.7157074453263204,1.3976045846939087,1.3560521602630615,1.4402997493743896,5.268895626068115,5.2756547927856445,5.020491600036621,5.546083450317383,1.1897930934620249,0.20742584918018703,331776
Mirror Moderate Bi-Maxwellian,ion,866500,114.3298611111111,1.396946907043457,0.7158468192011906,1.397265911102295,1.355938196182251,1.43988037109375,5.26942253112793,5.275943756103516,5.020808219909668,5.547323226928711,1.1897741154923,0.20717279155115698,331776
Mirror Moderate Bi-Maxwellian,ion,867000,114.39583333333333,1.3966574668884277,0.7159951696874329,1.3970770835876465,1.3555337190628052,1.4397059679031372,5.269925594329834,5.277884006500244,5.020376205444336,5.548877239227295,1.1897559997955092,0.20690146709291857,331776
Mirror Moderate Bi-Maxwellian,ion,867500,114.46180555555556,1.3963963985443115,0.716129031156526,1.3969354629516602,1.3553953170776367,1.439298152923584,5.270451068878174,5.277070999145508,5.020927429199219,5.549107074737549,1.189737080741526,0.20665931780278557,331776
Mirror Moderate Bi-Maxwellian,ion,868000,114.52777777777779,1.3961284160614014,0.7162664898842803,1.396539568901062,1.3551863431930542,1.4390673637390137,5.270910739898682,5.277176856994629,5.021799087524414,5.548632621765137,1.1897205339544836,0.20640788210691774,331776
Mirror Moderate Bi-Maxwellian,ion,868500,114.59375,1.3958426713943481,0.7164131176768445,1.396080493927002,1.354814052581787,1.4388747215270996,5.271470546722412,5.277731895446777,5.021976947784424,5.5509843826293945,1.1897003864740854,0.20614228492026276,331776
Mirror Moderate Bi-Maxwellian,ion,869000,114.65972222222223,1.395588755607605,0.7165434630953477,1.3960968255996704,1.3546721935272217,1.4383941888809204,5.27191686630249,5.278469085693359,5.021626949310303,5.550999641418457,1.189684326471817,0.20590442913578788,331776
Mirror Moderate Bi-Maxwellian,ion,869500,114.72569444444446,1.3953006267547607,0.7166914289473482,1.3957700729370117,1.3543661832809448,1.438185691833496,5.272465229034424,5.2793731689453125,5.023469924926758,5.551389217376709,1.1896645983539536,0.2056360284008072,331776
Mirror Moderate Bi-Maxwellian,ion,870000,114.79166666666669,1.3950444459915161,0.7168230394905148,1.3954029083251953,1.3540496826171875,1.4379675388336182,5.273033618927002,5.279937267303467,5.024192810058594,5.551795482635498,1.18964415406164,0.20540029192987608,331776
Mirror Moderate Bi-Maxwellian,ion,870500,114.85763888888889,1.3947794437408447,0.7169592328647796,1.3952364921569824,1.353832483291626,1.4376401901245117,5.273488998413086,5.280926704406738,5.024078845977783,5.551816463470459,1.1896277777958622,0.20515166594498258,331776
Mirror Moderate Bi-Maxwellian,ion,871000,114.9236111111111,1.3944950103759766,0.717105470123113,1.3948801755905151,1.3533787727355957,1.437528371810913,5.273986339569092,5.28121280670166,5.023339748382568,5.553577899932861,1.189609895743815,0.20488511463216152,331776
Mirror Moderate Bi-Maxwellian,ion,871500,114.98958333333333,1.394223690032959,0.7172450211173504,1.3947179317474365,1.3532638549804688,1.4370037317276,5.274582862854004,5.281695365905762,5.02556848526001,5.552679538726807,1.1895884520162632,0.2046352380166958,331776
Mirror Moderate Bi-Maxwellian,ion,872000,115.05555555555556,1.3939597606658936,0.7173808227594035,1.394540786743164,1.3529795408248901,1.4368517398834229,5.275097846984863,5.281920433044434,5.0257415771484375,5.5542144775390625,1.1895699433464688,0.20438981731942474,331776
Mirror Moderate Bi-Maxwellian,ion,872500,115.12152777777779,1.3936787843704224,0.7175254522165507,1.3939311504364014,1.3526724576950073,1.436563491821289,5.275670528411865,5.2825026512146,5.025439262390137,5.555193901062012,1.1895493652635336,0.20412941910688875,331776
Mirror Moderate Bi-Maxwellian,ion,873000,115.1875,1.3934171199798584,0.7176601935351956,1.3937187194824219,1.3524909019470215,1.4361129999160767,5.27618408203125,5.283576011657715,5.0263671875,5.555675506591797,1.1895309156110823,0.20388620436877614,331776
Mirror Moderate Bi-Maxwellian,ion,873500,115.25347222222223,1.3931342363357544,0.7178059184233511,1.393723487854004,1.3523768186569214,1.4359432458877563,5.276729583740234,5.2834625244140625,5.026435375213623,5.5563154220581055,1.189511322141921,0.2036229141938335,331776
Mirror Moderate Bi-Maxwellian,ion,874000,115.31944444444446,1.3928935527801514,0.7179299509313156,1.3934340476989746,1.3519177436828613,1.435948133468628,5.2772345542907715,5.284465789794922,5.027532577514648,5.556602478027344,1.1894931880916546,0.20340036468849676,331776
Mirror Moderate Bi-Maxwellian,ion,874500,115.38541666666669,1.3926005363464355,0.7180810102397025,1.3930110931396484,1.351671814918518,1.4354451894760132,5.277839183807373,5.285524368286133,5.028416633605957,5.55671501159668,1.1894714797427024,0.20312905660373315,331776
Mirror Moderate Bi-Maxwellian,ion,875000,115.45138888888889,1.392333745956421,0.7182186044862977,1.3928779363632202,1.3513591289520264,1.4350779056549072,5.278401851654053,5.2852888107299805,5.028547286987305,5.557249546051025,1.1894512824344052,0.20288246352201567,331776
Mirror Moderate Bi-Maxwellian,ion,875500,115.5173611111111,1.392064094543457,0.7183577278659437,1.392282247543335,1.3512319326400757,1.4347716569900513,5.278943061828613,5.285925388336182,5.029383659362793,5.557851314544678,1.18943185942483,0.20263223511862694,331776
Mirror Moderate Bi-Maxwellian,ion,876000,115.58333333333333,1.391786813735962,0.7185008437576069,1.3922094106674194,1.3508377075195312,1.434616208076477,5.279548168182373,5.286325454711914,5.029158115386963,5.558625221252441,1.1894101480173211,0.20237666571864077,331776
Mirror Moderate Bi-Maxwellian,ion,876500,115.64930555555556,1.3915045261383057,0.718646602447779,1.3917580842971802,1.3507263660430908,1.434301733970642,5.280129909515381,5.287866115570068,5.030692100524902,5.558565616607666,1.189389279645921,0.20211524649238477,331776
Mirror Moderate Bi-Maxwellian,ion,877000,115.71527777777779,1.3912585973739624,0.718773635532263,1.391722559928894,1.3502001762390137,1.4341646432876587,5.280605792999268,5.28757381439209,5.030360698699951,5.559852600097656,1.1893722120529702,0.20188638532099223,331776
Mirror Moderate Bi-Maxwellian,ion,877500,115.78125,1.3909882307052612,0.7189133437117424,1.3913202285766602,1.3500404357910156,1.4338805675506592,5.281215190887451,5.287832736968994,5.031433582305908,5.561117649078369,1.1893503604483802,0.20163787025688107,331776
Mirror Moderate Bi-Maxwellian,ion,878000,115.84722222222223,1.39071524143219,0.7190544621990174,1.3909790515899658,1.3497340679168701,1.4337475299835205,5.281769275665283,5.289135932922363,5.03164005279541,5.561856269836426,1.1893304966211424,0.2013847448110475,331776
Mirror Moderate Bi-Maxwellian,ion,878500,115.91319444444446,1.3904566764831543,0.7191881753045869,1.3908634185791016,1.3494641780853271,1.4332730770111084,5.282319068908691,5.289903163909912,5.0316386222839355,5.562624931335449,1.1893107907634586,0.20114588571969572,331776
Mirror Moderate Bi-Maxwellian,ion,879000,115.97916666666669,1.3901852369308472,0.7193285998402122,1.3905346393585205,1.3493212461471558,1.4330471754074097,5.282957077026367,5.289701461791992,5.031595230102539,5.564116477966309,1.189287928222743,0.20089730870810407,331776
Mirror Moderate Bi-Maxwellian,ion,879500,116.04513888888889,1.3899469375610352,0.7194519250891102,1.3904317617416382,1.3490833044052124,1.4328851699829102,5.283473968505859,5.289738655090332,5.033783435821533,5.562513828277588,1.1892694098543644,0.2006775277066708,331776
Mirror Moderate Bi-Maxwellian,ion,880000,116.1111111111111,1.3897026777267456,0.7195783789060439,1.3900434970855713,1.3486979007720947,1.4326831102371216,5.283959865570068,5.290922164916992,5.0335822105407715,5.563528060913086,1.1892520052084297,0.20045067251831594,331776
Mirror Moderate Bi-Maxwellian,ion,880500,116.17708333333333,1.3894312381744385,0.7197189558757087,1.3897576332092285,1.3484225273132324,1.4323562383651733,5.2845611572265625,5.292247295379639,5.033472061157227,5.565284729003906,1.1892304716035909,0.20020076657084762,331776
Mirror Moderate Bi-Maxwellian,ion,881000,116.24305555555556,1.389172911643982,0.7198527927071188,1.3896452188491821,1.3483933210372925,1.4319555759429932,5.285144805908203,5.292984485626221,5.035642623901367,5.565003871917725,1.189209574519531,0.1999633371244509,331776
Mirror Moderate Bi-Maxwellian,ion,881500,116.30902777777779,1.3889083862304688,0.7199898927200119,1.3893816471099854,1.347920298576355,1.4318296909332275,5.285684585571289,5.293504238128662,5.034836292266846,5.567060470581055,1.189190252238995,0.19971813399147376,331776
Mirror Moderate Bi-Maxwellian,ion,882000,116.375,1.3886444568634033,0.720126735866391,1.389275312423706,1.347704529762268,1.431369423866272,5.286240577697754,5.293471336364746,5.035907745361328,5.566293239593506,1.1891703537328444,0.1994741031305589,331776
Mirror Moderate Bi-Maxwellian,ion,882500,116.44097222222223,1.3884261846542358,0.7202399458124835,1.3887805938720703,1.347376823425293,1.4315516948699951,5.286677360534668,5.293466091156006,5.034852027893066,5.5675811767578125,1.189154724565765,0.19927146008847085,331776
Mirror Moderate Bi-Maxwellian,ion,883000,116.50694444444446,1.388183355331421,0.720365934485114,1.3885223865509033,1.3472588062286377,1.4309455156326294,5.287214279174805,5.293161869049072,5.036735534667969,5.568730354309082,1.1891355158308572,0.1990478395005637,331776
Mirror Moderate Bi-Maxwellian,ion,883500,116.57291666666669,1.3879516124725342,0.7204862122092089,1.388456106185913,1.3472073078155518,1.4308803081512451,5.287717819213867,5.294521331787109,5.036482810974121,5.568106174468994,1.189117504789367,0.19883410768316723,331776
Mirror Moderate Bi-Maxwellian,ion,884000,116.63888888888889,1.3877153396606445,0.7206088823984194,1.3881959915161133,1.3469467163085938,1.4306172132492065,5.288268089294434,5.295085906982422,5.037996768951416,5.568033218383789,1.1890978261908467,0.19861751346979784,331776
Mirror Moderate Bi-Maxwellian,ion,884500,116.7048611111111,1.3874884843826294,0.7207267024237362,1.387986660003662,1.3466262817382812,1.4302966594696045,5.288771152496338,5.295732498168945,5.038043975830078,5.568771839141846,1.1890798393740278,0.19840864500860156,331776
Mirror Moderate Bi-Maxwellian,ion,885000,116.77083333333333,1.3872456550598145,0.7208528614615719,1.3876214027404785,1.346511721611023,1.4299020767211914,5.289312362670898,5.296018600463867,5.038493633270264,5.569766044616699,1.1890604924484056,0.19818516261140884,331776
Mirror Moderate Bi-Maxwellian,ion,885500,116.83680555555556,1.3870199918746948,0.720970141640425,1.3874695301055908,1.3461296558380127,1.4299354553222656,5.289820194244385,5.296998977661133,5.0388383865356445,5.570645332336426,1.1890423423253695,0.19797764954932529,331776
Mirror Moderate Bi-Maxwellian,ion,886000,116.90277777777779,1.3867944478988647,0.721087398002712,1.3872597217559814,1.345978021621704,1.4295841455459595,5.290249824523926,5.297798156738281,5.038966655731201,5.572216033935547,1.1890269898718802,0.1977674580269846,331776
Mirror Moderate Bi-Maxwellian,ion,886500,116.96875,1.386556625366211,0.7212110790901776,1.3869940042495728,1.3457860946655273,1.429396390914917,5.290785312652588,5.297316551208496,5.038663864135742,5.571844100952148,1.1890078581734476,0.19754876719276337,331776
Mirror Moderate Bi-Maxwellian,ion,887000,117.03472222222223,1.3863418102264404,0.7213228315148796,1.3867619037628174,1.345632791519165,1.4290883541107178,5.2912726402282715,5.298221588134766,5.039963722229004,5.571625232696533,1.1889904505009325,0.19735135972550788,331776
Mirror Moderate Bi-Maxwellian,ion,887500,117.10069444444446,1.386137843132019,0.7214289725619717,1.3864660263061523,1.3453255891799927,1.4289286136627197,5.291706085205078,5.298433780670166,5.039297103881836,5.573870658874512,1.188974970245583,0.19716287288643608,331776
Mirror Moderate Bi-Maxwellian,ion,888000,117.16666666666669,1.3858953714370728,0.7215551914016949,1.3864606618881226,1.3451006412506104,1.428576111793518,5.292236328125,5.298886299133301,5.041167736053467,5.574230194091797,1.1889560363518936,0.19693933508517913,331776
Mirror Moderate Bi-Maxwellian,ion,888500,117.23263888888889,1.3856920003890991,0.7216610904293322,1.3859620094299316,1.345014214515686,1.428412675857544,5.292721271514893,5.300238609313965,5.040776252746582,5.575387954711914,1.1889387233334845,0.19675327705561463,331776
Mirror Moderate Bi-Maxwellian,ion,889000,117.2986111111111,1.3854849338531494,0.7217689457069132,1.385962963104248,1.344868540763855,1.4280774593353271,5.293150424957275,5.299575328826904,5.0413818359375,5.574749946594238,1.1889234047241481,0.19656152912900127,331776
Mirror Moderate Bi-Maxwellian,ion,889500,117.36458333333333,1.3852717876434326,0.72188000139753,1.385594367980957,1.344462275505066,1.4278621673583984,5.293636798858643,5.300954818725586,5.041517734527588,5.574542045593262,1.1889060466361443,0.19636574100728832,331776
Mirror Moderate Bi-Maxwellian,ion,890000,117.43055555555556,1.3850743770599365,0.7219828888342268,1.385280728340149,1.3445343971252441,1.4275662899017334,5.294086933135986,5.301425457000732,5.041781902313232,5.576786518096924,1.1888899847376786,0.19618439232225793,331776
Mirror Moderate Bi-Maxwellian,ion,890500,117.49652777777779,1.3848708868026733,0.7220889756075054,1.3852131366729736,1.344303011894226,1.427359700202942,5.294544696807861,5.301948070526123,5.043229103088379,5.575831413269043,1.1888736534045903,0.19599723339808306,331776
Mirror Moderate Bi-Maxwellian,ion,891000,117.5625,1.3846697807312012,0.7221938500542209,1.3851525783538818,1.3439457416534424,1.4272642135620117,5.295025825500488,5.302339553833008,5.042877197265625,5.576425552368164,1.1888564915366544,0.19581328919454677,331776
Mirror Moderate Bi-Maxwellian,ion,891500,117.62847222222223,1.3844624757766724,0.7223019890365812,1.3848799467086792,1.3440115451812744,1.4268194437026978,5.2954230308532715,5.3016252517700195,5.0429558753967285,5.576776504516602,1.1888423255656058,0.1956201502110666,331776
Mirror Moderate Bi-Maxwellian,ion,892000,117.69444444444446,1.3842850923538208,0.7223945454036587,1.3846683502197266,1.3437893390655518,1.4265320301055908,5.295795917510986,5.303116798400879,5.043857574462891,5.577270030975342,1.188829028832742,0.1954560635210787,331776
Mirror Moderate Bi-Maxwellian,ion,892500,117.76041666666669,1.3840781450271606,0.722502557816471,1.3843759298324585,1.3435144424438477,1.4265074729919434,5.296284198760986,5.303001403808594,5.044458389282227,5.577279090881348,1.1888116200852552,0.19526652494190544,331776
Mirror Moderate Bi-Maxwellian,ion,893000,117.82638888888889,1.3839010000228882,0.7225950411073199,1.3843932151794434,1.3433959484100342,1.4263895750045776,5.296605110168457,5.303343772888184,5.044932842254639,5.579153537750244,1.1888001803419692,0.19510081968091897,331776
Mirror Moderate Bi-Maxwellian,ion,893500,117.8923611111111,1.3836731910705566,0.7227140096761532,1.3841252326965332,1.3433349132537842,1.425900936126709,5.297096252441406,5.303377151489258,5.044809818267822,5.579268455505371,1.1887826749493375,0.1948905161212191,331776
Mirror Moderate Bi-Maxwellian,ion,894000,117.95833333333333,1.3835216760635376,0.7227931569856195,1.383957862854004,1.3430898189544678,1.425862431526184,5.297450065612793,5.304413795471191,5.045548439025879,5.578523635864258,1.1887700662798646,0.194751609783673,331776
Mirror Moderate Bi-Maxwellian,ion,894500,118.02430555555556,1.3833178281784058,0.7228996689190581,1.383602499961853,1.3430426120758057,1.425605058670044,5.297878265380859,5.30572509765625,5.045772552490234,5.580117225646973,1.1887548089835376,0.19456301919486818,331776
Mirror Moderate Bi-Maxwellian,ion,895000,118.09027777777779,1.383163571357727,0.7229802900450812,1.3833999633789062,1.342685580253601,1.4254533052444458,5.298266410827637,5.3047027587890625,5.046772480010986,5.579438209533691,1.1887409810039715,0.19442259035375553,331776
Mirror Moderate Bi-Maxwellian,ion,895500,118.15625,1.3829600811004639,0.7230866701548386,1.3832063674926758,1.3426398038864136,1.425184726715088,5.298687934875488,5.304530143737793,5.047185897827148,5.580448150634766,1.1887259661808143,0.1942341149196496,331776
Mirror Moderate Bi-Maxwellian,ion,896000,118.22222222222223,1.3828026056289673,0.7231690162640028,1.383098840713501,1.3424062728881836,1.4249329566955566,5.299007415771484,5.306069374084473,5.047244071960449,5.580130577087402,1.188714587759151,0.19408801786981633,331776
Mirror Moderate Bi-Maxwellian,ion,896500,118.28819444444446,1.3826274871826172,0.7232606101573331,1.382954478263855,1.3423659801483154,1.4246244430541992,5.299427509307861,5.305778503417969,5.048168659210205,5.580961227416992,1.1886996280718267,0.19392785911079047,331776
Mirror Moderate Bi-Maxwellian,ion,897000,118.35416666666669,1.3824477195739746,0.723354659884113,1.3827879428863525,1.3420751094818115,1.4246071577072144,5.2998504638671875,5.306266784667969,5.047900199890137,5.580864906311035,1.1886845688982555,0.19376315067571914,331776
Mirror Moderate Bi-Maxwellian,ion,897500,118.42013888888889,1.3822680711746216,0.7234486716822024,1.3825032711029053,1.3419020175933838,1.4243098497390747,5.300171852111816,5.307598114013672,5.048142910003662,5.581847667694092,1.1886731275706763,0.19359494360394525,331776
Mirror Moderate Bi-Maxwellian,ion,898000,118.4861111111111,1.382088541984558,0.7235426455124847,1.382422924041748,1.341726541519165,1.4243543148040771,5.300591945648193,5.30687141418457,5.047299861907959,5.582594871520996,1.1886581744555915,0.19343036752896658,331776
Mirror Moderate Bi-Maxwellian,ion,898500,118.55208333333333,1.3819196224212646,0.7236310880714594,1.3820834159851074,1.3416465520858765,1.4240795373916626,5.300878524780273,5.307127475738525,5.048214912414551,5.5818586349487305,1.1886479751092676,0.19327164731199709,331776
Mirror Moderate Bi-Maxwellian,ion,899000,118.61805555555556,1.3817604780197144,0.7237144323545578,1.382112741470337,1.3414584398269653,1.423819661140442,5.301292896270752,5.307729721069336,5.049452304840088,5.582311630249023,1.188633229585081,0.19312724843463336,331776
Mirror Moderate Bi-Maxwellian,ion,899500,118.68402777777779,1.3816008567810059,0.723798045645326,1.3821237087249756,1.341226577758789,1.423744797706604,5.301553726196289,5.308764457702637,5.049817085266113,5.583235740661621,1.1886239490620933,0.19297690771891252,331776
Mirror Moderate Bi-Maxwellian,ion,900000,118.75,1.3814326524734497,0.7238861758548301,1.381679654121399,1.34116792678833,1.423632025718689,5.301902770996094,5.308563232421875,5.050326824188232,5.582271575927734,1.1886115312167682,0.1928211212566815,331776
Mirror Moderate Bi-Maxwellian,ion,900500,118.81597222222223,1.3812726736068726,0.7239700162812404,1.3815391063690186,1.3408772945404053,1.4235336780548096,5.302249431610107,5.307962417602539,5.051228046417236,5.583005428314209,1.1885991998110008,0.19267347379587174,331776
Mirror Moderate Bi-Maxwellian,ion,901000,118.88194444444446,1.381129264831543,0.7240451892980274,1.3814268112182617,1.340969443321228,1.4232853651046753,5.302510738372803,5.30877685546875,5.050427436828613,5.583188056945801,1.18858990567681,0.19253935915473286,331776
Mirror Moderate Bi-Maxwellian,ion,901500,118.94791666666669,1.3809694051742554,0.7241290040555364,1.3813397884368896,1.3409335613250732,1.4230067729949951,5.302873611450195,5.308638572692871,5.050642490386963,5.583983898162842,1.1885770005607443,0.19239240461351104,331776
Mirror Moderate Bi-Maxwellian,ion,902000,119.01388888888889,1.3808178901672363,0.7242084616088557,1.3811407089233398,1.3405778408050537,1.4228512048721313,5.303182601928711,5.30933952331543,5.050900459289551,5.584898471832275,1.188566013102455,0.19225187706478142,331776
Mirror Moderate Bi-Maxwellian,ion,902500,119.0798611111111,1.380670428276062,0.7242858103715771,1.3810253143310547,1.340450644493103,1.4228813648223877,5.303431034088135,5.310053825378418,5.051590919494629,5.585771560668945,1.1885571799788548,0.19211324829720722,331776
Mirror Moderate Bi-Maxwellian,ion,903000,119.14583333333333,1.3805086612701416,0.7243706816587059,1.3807363510131836,1.3402405977249146,1.4226480722427368,5.303775787353516,5.30927848815918,5.051471710205078,5.585574150085449,1.1885449234834606,0.19196373778668097,331776
Mirror Moderate Bi-Maxwellian,ion,903500,119.21180555555556,1.380371332168579,0.7244427471765794,1.3807213306427002,1.3401144742965698,1.4223731756210327,5.304051876068115,5.309541702270508,5.051674842834473,5.585205078125,1.1885351092646737,0.19183622290390545,331776
Mirror Moderate Bi-Maxwellian,ion,904000,119.27777777777779,1.3802375793457031,0.7245129497735068,1.3804845809936523,1.3401997089385986,1.4221806526184082,5.304262638092041,5.310291290283203,5.053490161895752,5.585478782653809,1.1885276179234787,0.1917099614222244,331776
Mirror Moderate Bi-Maxwellian,ion,904500,119.34375,1.380092978477478,0.7245888614716397,1.3804593086242676,1.3400349617004395,1.422109842300415,5.3045830726623535,5.310359954833984,5.052355766296387,5.584959983825684,1.188516229513605,0.1915767489638731,331776
Mirror Moderate Bi-Maxwellian,ion,905000,119.40972222222223,1.3799563646316528,0.7246605948057834,1.3803588151931763,1.3397972583770752,1.4218193292617798,5.304818153381348,5.310564041137695,5.052003383636475,5.586128234863281,1.188507875498539,0.19144848913311385,331776
Mirror Moderate Bi-Maxwellian,ion,905500,119.47569444444446,1.3798085451126099,0.7247382280259667,1.3800684213638306,1.3398380279541016,1.4217585325241089,5.305103778839111,5.310885429382324,5.052028656005859,5.586967945098877,1.1884977262817702,0.19131081883083967,331776
Mirror Moderate Bi-Maxwellian,ion,906000,119.54166666666669,1.3796974420547485,0.7247965891063227,1.379965901374817,1.3395652770996094,1.4216537475585938,5.305283069610596,5.310943603515625,5.05285120010376,5.5853166580200195,1.1884913560462287,0.19120608600851985,331776
Mirror Moderate Bi-Maxwellian,ion,906500,119.60763888888889,1.3795398473739624,0.7248793877926474,1.3797111511230469,1.3394250869750977,1.4214141368865967,5.305571556091309,5.311467170715332,5.053786277770996,5.586319923400879,1.1884811069698802,0.19105874040408222,331776
Mirror Moderate Bi-Maxwellian,ion,907000,119.6736111111111,1.3794175386428833,0.7249436606292777,1.3798928260803223,1.3390921354293823,1.4214394092559814,5.305759906768799,5.311872482299805,5.053637981414795,5.586894512176514,1.1884744160255452,0.19094312261733815,331776
Mirror Moderate Bi-Maxwellian,ion,907500,119.73958333333333,1.3793021440505981,0.725004310559033,1.3797187805175781,1.3392486572265625,1.4211475849151611,5.306021690368652,5.312872886657715,5.053481101989746,5.587941646575928,1.1884651172487992,0.19083702680179893,331776
Mirror Moderate Bi-Maxwellian,ion,908000,119.80555555555556,1.3791491985321045,0.7250847124186046,1.3794598579406738,1.3391010761260986,1.4209132194519043,5.306288719177246,5.3119001388549805,5.05349063873291,5.587810039520264,1.1884556331030274,0.19069356542907712,331776
Mirror Moderate Bi-Maxwellian,ion,908500,119.87152777777779,1.379021406173706,0.7251519052011269,1.379274845123291,1.3390188217163086,1.420907735824585,5.306491851806641,5.312605857849121,5.05374002456665,5.587926864624023,1.188448419017084,0.19057298715662196,331776
Mirror Moderate Bi-Maxwellian,ion,909000,119.9375,1.378915786743164,0.7252074489348488,1.3793835639953613,1.3388593196868896,1.4208035469055176,5.306646823883057,5.3116984367370605,5.053510665893555,5.588650226593018,1.1884429156844218,0.19047287105874222,331776
Mirror Moderate Bi-Maxwellian,ion,909500,120.00347222222223,1.3787672519683838,0.7252855756273291,1.3791067600250244,1.338841438293457,1.4206265211105347,5.30694055557251,5.313448905944824,5.054832458496094,5.588210582733154,1.1884324856342998,0.19033476633408397,331776
Mirror Moderate Bi-Maxwellian,ion,910000,120.06944444444446,1.3786485195159912,0.7253480389266111,1.3790767192840576,1.3388323783874512,1.4203143119812012,5.307102203369141,5.312580108642578,5.054878234863281,5.58844518661499,1.18842674621287,0.1902217733031213,331776
Mirror Moderate Bi-Maxwellian,ion,910500,120.13541666666669,1.3785061836242676,0.7254229338100415,1.378948450088501,1.3384628295898438,1.4203664064407349,5.307322978973389,5.3123064041137695,5.0546770095825195,5.588385581970215,1.1884189079808807,0.1900872756433869,331776
Mirror Moderate Bi-Maxwellian,ion,911000,120.20138888888889,1.3783985376358032,0.7254795856902,1.3787853717803955,1.3383115530014038,1.420165777206421,5.307484149932861,5.313221454620361,5.055014610290527,5.590129852294922,1.1884131863140184,0.18998535132178485,331776
Mirror Moderate Bi-Maxwellian,ion,911500,120.2673611111111,1.3782676458358765,0.725548483287171,1.3786438703536987,1.3383479118347168,1.4202102422714233,5.307693958282471,5.31334114074707,5.055484771728516,5.589118480682373,1.1884057385108904,0.1898619073249861,331776
Mirror Moderate Bi-Maxwellian,ion,912000,120.33333333333333,1.3781391382217407,0.7256161386507995,1.378434419631958,1.338324785232544,1.419798493385315,5.30789041519165,5.3136749267578125,5.055387496948242,5.588913917541504,1.1883987651926482,0.18974037302909252,331776
Mirror Moderate Bi-Maxwellian,ion,912500,120.39930555555556,1.3780157566070557,0.7256811072046052,1.3783109188079834,1.3382480144500732,1.4196127653121948,5.308071136474609,5.313634872436523,5.055327892303467,5.589666366577148,1.1883923508727046,0.1896234057343511,331776
Mirror Moderate Bi-Maxwellian,ion,913000,120.46527777777779,1.3779081106185913,0.7257377994176004,1.3781647682189941,1.338016390800476,1.4195177555084229,5.308224678039551,5.314644813537598,5.054781913757324,5.590312480926514,1.1883869015825688,0.18952120903602254,331776
Mirror Moderate Bi-Maxwellian,ion,913500,120.53125,1.3777813911437988,0.7258045481147235,1.3781055212020874,1.3379226922988892,1.4194334745407104,5.308375358581543,5.313746452331543,5.054656505584717,5.590785026550293,1.1883815541384797,0.18939983700531915,331776
Mirror Moderate Bi-Maxwellian,ion,914000,120.59722222222223,1.3776497840881348,0.7258738843137112,1.3779456615447998,1.3377704620361328,1.4192546606063843,5.308613300323486,5.314220428466797,5.055729866027832,5.589881896972656,1.1883731105332278,0.18927667355490696,331776
Mirror Moderate Bi-Maxwellian,ion,914500,120.66319444444446,1.3775354623794556,0.7259341246087937,1.377856969833374,1.3377273082733154,1.4192112684249878,5.30875825881958,5.314027786254883,5.056434631347656,5.590899467468262,1.1883679669042517,0.18916749547520384,331776
Mirror Moderate Bi-Maxwellian,ion,915000,120.72916666666669,1.377415657043457,0.7259972651584651,1.377840518951416,1.3376781940460205,1.4189780950546265,5.308926582336426,5.31407356262207,5.0553178787231445,5.591909408569336,1.1883619945559514,0.18905366248750566,331776
Mirror Moderate Bi-Maxwellian,ion,915500,120.79513888888889,1.37728750705719,0.7260648157164156,1.3774855136871338,1.337526798248291,1.418856143951416,5.309058666229248,5.3143792152404785,5.054810523986816,5.591915130615234,1.188357308304195,0.188930198752995,331776
Mirror Moderate Bi-Maxwellian,ion,916000,120.8611111111111,1.3771876096725464,0.7261174824523507,1.3774871826171875,1.3373963832855225,1.4186320304870605,5.309235572814941,5.314942836761475,5.0562286376953125,5.590730667114258,1.1883510321373445,0.1888365775352019,331776
Mirror Moderate Bi-Maxwellian,ion,916500,120.92708333333333,1.3770654201507568,0.7261819121785246,1.3773856163024902,1.3372302055358887,1.4187476634979248,5.309369087219238,5.315408706665039,5.056476593017578,5.591339111328125,1.188346295684587,0.1887191244661699,331776
Mirror Moderate Bi-Maxwellian,ion,917000,120.99305555555556,1.3769365549087524,0.7262498743569695,1.377225399017334,1.3371291160583496,1.4185335636138916,5.309579372406006,5.315281391143799,5.056486129760742,5.590423583984375,1.188338836254529,0.18859771865422337,331776
Mirror Moderate Bi-Maxwellian,ion,917500,121.05902777777779,1.3767917156219482,0.7263262762648617,1.3771302700042725,1.3370686769485474,1.418014645576477,5.309774875640869,5.314667701721191,5.056370258331299,5.592459201812744,1.1883319017134986,0.18845981390844968,331776
Mirror Moderate Bi-Maxwellian,ion,918000,121.125,1.3766798973083496,0.7263852707918341,1.3769054412841797,1.3370277881622314,1.4179913997650146,5.309914588928223,5.315850734710693,5.056180953979492,5.592226982116699,1.1883269463665411,0.18835295094180848,331776
Mirror Moderate Bi-Maxwellian,ion,918500,121.19097222222223,1.37653648853302,0.7264609462446605,1.3767844438552856,1.3369386196136475,1.4180152416229248,5.310053825378418,5.316269874572754,5.0568013191223145,5.592679023742676,1.1883220081914585,0.18821448034156152,331776
Mirror Moderate Bi-Maxwellian,ion,919000,121.25694444444446,1.3764041662216187,0.7265307854633355,1.3766570091247559,1.3367936611175537,1.4177438020706177,5.310237884521484,5.3162384033203125,5.05665922164917,5.593181610107422,1.188315480727303,0.18808868549431557,331776
Mirror Moderate Bi-Maxwellian,ion,919500,121.32291666666669,1.3762993812561035,0.7265861001022413,1.3765937089920044,1.3368232250213623,1.4175422191619873,5.310421466827393,5.316863059997559,5.055788040161133,5.5929036140441895,1.1883089706244032,0.1879904106317003,331776
Mirror Moderate Bi-Maxwellian,ion,920000,121.38888888888889,1.3761614561080933,0.7266589218594225,1.3764796257019043,1.3365308046340942,1.4175074100494385,5.310542106628418,5.316699028015137,5.055755615234375,5.594541072845459,1.1883046928018588,0.18785676330623446,331776
Mirror Moderate Bi-Maxwellian,ion,920500,121.4548611111111,1.3760390281677246,0.7267235736268016,1.3764625787734985,1.3365038633346558,1.4173698425292969,5.310723304748535,5.316214084625244,5.0569329261779785,5.592947006225586,1.1882982679790264,0.18774076018869823,331776
Mirror Moderate Bi-Maxwellian,ion,921000,121.52083333333333,1.3759044408798218,0.7267946597806969,1.3762362003326416,1.3362141847610474,1.4173979759216309,5.310880184173584,5.316320419311523,5.056617736816406,5.593777179718018,1.1882927057891455,0.1876117350906763,331776
Mirror Moderate Bi-Maxwellian,ion,921500,121.58680555555556,1.375769019126892,0.7268662007192404,1.3759231567382812,1.3361014127731323,1.4172096252441406,5.3111186027526855,5.317052841186523,5.0563554763793945,5.59523868560791,1.1882842532421913,0.18748476588470075,331776
Mirror Moderate Bi-Maxwellian,ion,922000,121.65277777777779,1.3756282329559326,0.726940590519295,1.3758544921875,1.3359215259552002,1.4170268774032593,5.311212062835693,5.3173370361328125,5.056026935577393,5.59464168548584,1.1882809400508276,0.187347292905105,331776
Mirror Moderate Bi-Maxwellian,ion,922500,121.71875,1.3754960298538208,0.727010458987856,1.3757447004318237,1.3358957767486572,1.4168556928634644,5.311437129974365,5.31800651550293,5.056393623352051,5.595487594604492,1.1882729618235783,0.18722306803024247,331776
Mirror Moderate Bi-Maxwellian,ion,923000,121.78472222222223,1.3753775358200073,0.7270730937188056,1.3756146430969238,1.3357030153274536,1.4166581630706787,5.31161642074585,5.316906929016113,5.05744743347168,5.595204830169678,1.1882666067704455,0.18711092904956184,331776
Mirror Moderate Bi-Maxwellian,ion,923500,121.85069444444446,1.3752110004425049,0.7271611408563687,1.375401496887207,1.3357126712799072,1.4164527654647827,5.311864376068115,5.316901206970215,5.056150436401367,5.595489501953125,1.1882578185740895,0.18695318186841536,331776
Mirror Moderate Bi-Maxwellian,ion,924000,121.91666666666669,1.3750652074813843,0.727238239000777,1.3753697872161865,1.3356610536575317,1.416118860244751,5.312100410461426,5.318548202514648,5.056532859802246,5.597286701202393,1.188249453649378,0.18681575383200633,331776
Mirror Moderate Bi-Maxwellian,ion,924500,121.98263888888889,1.3749196529388428,0.7273152273753124,1.3752394914627075,1.3355491161346436,1.4160776138305664,5.312272071838379,5.318016529083252,5.0575971603393555,5.595879077911377,1.1882433705346604,0.18667628240418233,331776
Mirror Moderate Bi-Maxwellian,ion,925000,122.0486111111111,1.374802589416504,0.7273771577811923,1.374927043914795,1.3353708982467651,1.4160884618759155,5.312425136566162,5.318541526794434,5.056613922119141,5.59682559967041,1.1882379467555901,0.18656464266091377,331776
Mirror Moderate Bi-Maxwellian,ion,925500,122.11458333333333,1.3746254444122314,0.7274708933003815,1.3749151229858398,1.3349673748016357,1.4159915447235107,5.312640190124512,5.318206787109375,5.057483196258545,5.596640586853027,1.1882303269584993,0.18639511745373216,331776
Mirror Moderate Bi-Maxwellian,ion,926000,122.18055555555556,1.3744913339614868,0.7275418733400468,1.3748009204864502,1.334911823272705,1.4160236120224,5.312824249267578,5.3180832862854,5.057924747467041,5.596963882446289,1.188223805848247,0.18626752811323977,331776
Mirror Moderate Bi-Maxwellian,ion,926500,122.24652777777779,1.374355435371399,0.7276138139110754,1.3747378587722778,1.3347948789596558,1.415562629699707,5.313031196594238,5.319245338439941,5.057250499725342,5.59754753112793,1.1882164743623227,0.18613896100907623,331776
Mirror Moderate Bi-Maxwellian,ion,927000,122.3125,1.374194860458374,0.7276988357142027,1.374564528465271,1.3347142934799194,1.4154895544052124,5.313328266143799,5.3199357986450195,5.058618068695068,5.5984649658203125,1.1882059511308456,0.18598890932752843,331776
Mirror Moderate Bi-Maxwellian,ion,927500,122.37847222222223,1.3740540742874146,0.7277733960496429,1.3743765354156494,1.334482192993164,1.4153704643249512,5.313504219055176,5.320104598999023,5.0582733154296875,5.5981125831604,1.1881997188246922,0.18585435546272233,331776
Mirror Moderate Bi-Maxwellian,ion,928000,122.44444444444446,1.3738672733306885,0.7278723493978309,1.3742254972457886,1.3343064785003662,1.41498863697052,5.313758850097656,5.319928169250488,5.057908535003662,5.599842548370361,1.18819070044581,0.18567657288487838,331776
Mirror Moderate Bi-Maxwellian,ion,928500,122.51041666666669,1.3737181425094604,0.7279513672093133,1.3740291595458984,1.3342969417572021,1.4150248765945435,5.3140435218811035,5.3200602531433105,5.059217929840088,5.600063800811768,1.1881806191241002,0.18553752338536023,331776
Mirror Moderate Bi-Maxwellian,ion,929000,122.57638888888889,1.3735488653182983,0.7280410804811562,1.3738336563110352,1.3341621160507202,1.4147813320159912,5.314234256744385,5.319973945617676,5.0584821701049805,5.599459171295166,1.1881738650739537,0.1853750002443446,331776
Mirror Moderate Bi-Maxwellian,ion,929500,122.6423611111111,1.373400330543518,0.7281198189345518,1.3737101554870605,1.3339478969573975,1.414656400680542,5.31448221206665,5.32149600982666,5.058656692504883,5.60036563873291,1.1881650855335404,0.18523524500997768,331776
Mirror Moderate Bi-Maxwellian,ion,930000,122.70833333333333,1.373228669166565,0.728210838044123,1.3735320568084717,1.3338273763656616,1.4144657850265503,5.314733028411865,5.320980548858643,5.058355331420898,5.600725173950195,1.188156205524178,0.18507246364238683,331776
Mirror Moderate Bi-Maxwellian,ion,930500,122.77430555555556,1.3730461597442627,0.7283076340173847,1.3733980655670166,1.3336725234985352,1.4141573905944824,5.315070629119873,5.320849418640137,5.059289932250977,5.599824905395508,1.1881442542872833,0.18490190545697938,331776
Mirror Moderate Bi-Maxwellian,ion,931000,122.84027777777779,1.3728997707366943,0.7283852917124479,1.3732013702392578,1.333540439605713,1.414049506187439,5.315208435058594,5.321491241455078,5.059060573577881,5.6015777587890625,1.1881393763232497,0.1847603944134446,331776
Mirror Moderate Bi-Maxwellian,ion,931500,122.90625,1.3727309703826904,0.7284748589311857,1.3730500936508179,1.3334362506866455,1.4139270782470703,5.315495491027832,5.321653366088867,5.058962821960449,5.602416038513184,1.1881292161169033,0.18460175426578718,331776
Mirror Moderate Bi-Maxwellian,ion,932000,122.97222222222223,1.3725755214691162,0.7285573612224008,1.3729647397994995,1.3332293033599854,1.4139173030853271,5.315746307373047,5.322322845458984,5.059765338897705,5.601511001586914,1.1881203394926843,0.18445518197643196,331776
Mirror Moderate Bi-Maxwellian,ion,932500,123.03819444444446,1.3723856210708618,0.7286581735093579,1.3725858926773071,1.3330304622650146,1.4134976863861084,5.316097259521484,5.322766304016113,5.059262752532959,5.603135585784912,1.1881079203750333,0.1842777006958285,331776
Mirror Moderate Bi-Maxwellian,ion,933000,123.10416666666669,1.3722227811813354,0.7287446424254144,1.3726732730865479,1.3328943252563477,1.4134256839752197,5.316333770751953,5.322334289550781,5.060910224914551,5.601167678833008,1.1880995518944926,0.18412322928684288,331776
Mirror Moderate Bi-Maxwellian,ion,933500,123.17013888888889,1.3720459938049316,0.7288385407742922,1.3724215030670166,1.3325860500335693,1.4131989479064941,5.316624164581299,5.32285737991333,5.059919357299805,5.6039299964904785,1.1880892779034256,0.18395671590150608,331776
Mirror Moderate Bi-Maxwellian,ion,934000,123.2361111111111,1.3718550205230713,0.7289400009767157,1.3722143173217773,1.3325815200805664,1.4130492210388184,5.316961288452148,5.323573112487793,5.0607075691223145,5.601538181304932,1.1880773520341195,0.18377766848895183,331776
Mirror Moderate Bi-Maxwellian,ion,934500,123.30208333333333,1.371668815612793,0.7290389550434229,1.3720569610595703,1.3323280811309814,1.4128543138504028,5.317285060882568,5.32398796081543,5.0613484382629395,5.6033406257629395,1.1880658999000553,0.18360291571273768,331776
Mirror Moderate Bi-Maxwellian,ion,935000,123.36805555555556,1.371521234512329,0.7291174025136908,1.3718955516815186,1.3320136070251465,1.4128857851028442,5.317470073699951,5.323394775390625,5.060817718505859,5.604379177093506,1.1880593564495963,0.18346187806273284,331776
Mirror Moderate Bi-Maxwellian,ion,935500,123.43402777777779,1.3713185787200928,0.729225152723695,1.3717892169952393,1.3318017721176147,1.412750244140625,5.317887306213379,5.324573516845703,5.060290336608887,5.605246067047119,1.1880446016280954,0.18327397709199733,331776
Mirror Moderate Bi-Maxwellian,ion,936000,123.5,1.3711178302764893,0.7293319202174969,1.3715362548828125,1.331844687461853,1.4124462604522705,5.3182759284973145,5.323765754699707,5.060114860534668,5.605341911315918,1.1880308606482084,0.18308696962828086,331776
Mirror Moderate Bi-Maxwellian,ion,936500,123.56597222222223,1.3709399700164795,0.7294265408192742,1.3713445663452148,1.331411600112915,1.4122397899627686,5.318565845489502,5.324688911437988,5.062206268310547,5.605875492095947,1.1880206110164202,0.1829193590000593,331776
Mirror Moderate Bi-Maxwellian,ion,937000,123.63194444444446,1.3707484006881714,0.7295284820306625,1.3710517883300781,1.3315072059631348,1.4120453596115112,5.3189520835876465,5.324715614318848,5.061588287353516,5.606509208679199,1.188006957815175,0.18274144287299632,331776
Mirror Moderate Bi-Maxwellian,ion,937500,123.69791666666669,1.3705543279647827,0.7296317844510106,1.3709681034088135,1.3310619592666626,1.4119153022766113,5.319281101226807,5.326963901519775,5.0622100830078125,5.606583595275879,1.1879953288743033,0.18255899909047946,331776
Mirror Moderate Bi-Maxwellian,ion,938000,123.76388888888889,1.3703454732894897,0.7297429878025706,1.3708033561706543,1.331010341644287,1.4117528200149536,5.319614887237549,5.32584810256958,5.061819553375244,5.608681678771973,1.187983532867977,0.18236194042151266,331776
Mirror Moderate Bi-Maxwellian,ion,938500,123.8298611111111,1.370160698890686,0.7298413980269783,1.3706140518188477,1.3306832313537598,1.411535382270813,5.3200483322143555,5.326805591583252,5.062442302703857,5.608301162719727,1.1879682171202703,0.1821924817704157,331776
Mirror Moderate Bi-Maxwellian,ion,939000,123.89583333333333,1.3699498176574707,0.7299537451013629,1.3703913688659668,1.330661416053772,1.4111660718917847,5.3204193115234375,5.327576160430908,5.062224388122559,5.6102752685546875,1.1879551105744826,0.18199470708298815,331776
Mirror Moderate Bi-Maxwellian,ion,939500,123.96180555555556,1.3697535991668701,0.7300583116614794,1.3702049255371094,1.3302446603775024,1.4110983610153198,5.320773124694824,5.326844215393066,5.062431335449219,5.6100969314575195,1.1879426122040029,0.18181098696286724,331776
Mirror Moderate Bi-Maxwellian,ion,940000,124.02777777777779,1.369556188583374,0.7301635437348274,1.3700369596481323,1.3302544355392456,1.4107747077941895,5.321145057678223,5.327188014984131,5.062429904937744,5.609983921051025,1.1879294755471919,0.18162671303618216,331776
Mirror Moderate Bi-Maxwellian,ion,940500,124.09375,1.3693753480911255,0.7302599695503316,1.3699082136154175,1.3300576210021973,1.41064453125,5.321518898010254,5.327699661254883,5.063316345214844,5.6116719245910645,1.1879162733733608,0.18145907471776468,331776
Mirror Moderate Bi-Maxwellian,ion,941000,124.15972222222223,1.3691824674606323,0.7303628433503533,1.3697227239608765,1.329933762550354,1.4102792739868164,5.321889877319336,5.328405857086182,5.063937664031982,5.611757278442383,1.1879031740701305,0.18127929339050186,331776
Mirror Moderate Bi-Maxwellian,ion,941500,124.22569444444446,1.368963360786438,0.7304797401046021,1.3695125579833984,1.3297046422958374,1.4102110862731934,5.3223114013671875,5.329391002655029,5.063098430633545,5.613271236419678,1.1878882922451928,0.18107506854124522,331776
Mirror Moderate Bi-Maxwellian,ion,942000,124.29166666666669,1.3687653541564941,0.730585411855528,1.3692412376403809,1.3294219970703125,1.4099957942962646,5.322686672210693,5.328555107116699,5.064480781555176,5.611915111541748,1.1878750453640108,0.18089030879248336,331776
Mirror Moderate Bi-Maxwellian,ion,942500,124.35763888888889,1.3685359954833984,0.7307078537212878,1.369009256362915,1.3290671110153198,1.4100000858306885,5.323179244995117,5.331171035766602,5.063859462738037,5.614927291870117,1.1878576606151683,0.18067833486823015,331776
Mirror Moderate Bi-Maxwellian,ion,943000,124.4236111111111,1.3683441877365112,0.7308102807482822,1.3689913749694824,1.329003095626831,1.4097310304641724,5.323533535003662,5.330520153045654,5.064351558685303,5.615133762359619,1.187845158375491,0.18049902936102025,331776
Mirror Moderate Bi-Maxwellian,ion,943500,124.48958333333333,1.3681385517120361,0.7309201240975473,1.3686189651489258,1.3287241458892822,1.4094619750976562,5.324014186859131,5.330288410186768,5.064455509185791,5.6142120361328125,1.18782819971972,0.18031035199231615,331776
Mirror Moderate Bi-Maxwellian,ion,944000,124.55555555555556,1.3679436445236206,0.7310242669742765,1.3683311939239502,1.328635573387146,1.4092122316360474,5.324392318725586,5.330626487731934,5.065366744995117,5.615488052368164,1.18781486038943,0.18012878413419053,331776
Mirror Moderate Bi-Maxwellian,ion,944500,124.62152777777779,1.3677232265472412,0.7311420765475024,1.368246078491211,1.3284554481506348,1.4089062213897705,5.324841022491455,5.3310933113098145,5.064976692199707,5.6153764724731445,1.187799033957282,0.1799241925899593,331776
Mirror Moderate Bi-Maxwellian,ion,945000,124.6875,1.3674880266189575,0.7312678287008096,1.3680577278137207,1.328060507774353,1.408768653869629,5.325346946716309,5.333278656005859,5.066286087036133,5.61740779876709,1.1877811924754715,0.17970683414348598,331776
Mirror Moderate Bi-Maxwellian,ion,945500,124.75347222222223,1.3672864437103271,0.7313756415856484,1.3678264617919922,1.3280730247497559,1.408596158027649,5.325770378112793,5.332435131072998,5.065701484680176,5.618415832519531,1.187766262719414,0.17952018099091305,331776
Mirror Moderate Bi-Maxwellian,ion,946000,124.81944444444446,1.367085337638855,0.7314832311252332,1.3676466941833496,1.3276948928833008,1.408429503440857,5.326236248016357,5.3340229988098145,5.066255569458008,5.61815881729126,1.1877498393677954,0.17933549827105955,331776
Mirror Moderate Bi-Maxwellian,ion,946500,124.88541666666669,1.3668534755706787,0.7316073140776755,1.367406964302063,1.3273358345031738,1.4080356359481812,5.3267412185668945,5.332809925079346,5.067232608795166,5.617069244384766,1.1877320408422318,0.17912143472844688,331776
Mirror Moderate Bi-Maxwellian,ion,947000,124.95138888888889,1.3666340112686157,0.731724801047299,1.3671566247940063,1.327303409576416,1.4080183506011963,5.3272223472595215,5.334270000457764,5.067954063415527,5.618135452270508,1.187715085801596,0.17891892546701982,331776
Mirror Moderate Bi-Maxwellian,ion,947500,125.0173611111111,1.3664326667785645,0.7318326210376335,1.3669335842132568,1.3269469738006592,1.407809853553772,5.3276872634887695,5.334768772125244,5.067754745483398,5.618641376495361,1.1876987049996555,0.178733961778909,331776
Mirror Moderate Bi-Maxwellian,ion,948000,125.08333333333333,1.3662054538726807,0.7319543317334699,1.3666645288467407,1.3267936706542969,1.4076917171478271,5.328146934509277,5.3359832763671875,5.06815242767334,5.620128154754639,1.1876825118172347,0.17852294205544594,331776
Mirror Moderate Bi-Maxwellian,ion,948500,125.14930555555556,1.3659794330596924,0.7320754440351085,1.3664333820343018,1.3266305923461914,1.4074008464813232,5.328677177429199,5.335840225219727,5.068711280822754,5.621845722198486,1.1876638360146348,0.17831559704505762,331776
Mirror Moderate Bi-Maxwellian,ion,949000,125.21527777777779,1.365772008895874,0.7321866266745548,1.3662729263305664,1.3263477087020874,1.407309889793396,5.329174041748047,5.336023330688477,5.070237159729004,5.621475696563721,1.187646339219949,0.17812566967592502,331776
Mirror Moderate Bi-Maxwellian,ion,949500,125.28125,1.3655476570129395,0.732306920863857,1.366145133972168,1.326127052307129,1.4070284366607666,5.329714775085449,5.338075637817383,5.070476055145264,5.622277736663818,1.187627301309753,0.17792035570318654,331776
Mirror Moderate Bi-Maxwellian,ion,950000,125.34722222222223,1.3653141260147095,0.7324321787535847,1.3657866716384888,1.3259152173995972,1.4066650867462158,5.3302154541015625,5.336825847625732,5.070407867431641,5.623528480529785,1.187609677059209,0.17770444895550042,331776
Mirror Moderate Bi-Maxwellian,ion,950500,125.41319444444446,1.3650999069213867,0.7325471160973334,1.3657429218292236,1.3257040977478027,1.4065076112747192,5.330738067626953,5.337709426879883,5.0699286460876465,5.623219013214111,1.187591284230021,0.1775086226913658,331776
Mirror Moderate Bi-Maxwellian,ion,951000,125.47916666666669,1.364858865737915,0.7326764877329254,1.3653292655944824,1.3254585266113281,1.406286597251892,5.331274032592773,5.337828636169434,5.069829940795898,5.625431537628174,1.18757242525642,0.1772864404814951,331776
Mirror Moderate Bi-Maxwellian,ion,951500,125.54513888888889,1.3646306991577148,0.7327989914174038,1.3652689456939697,1.3251980543136597,1.4061357975006104,5.331820964813232,5.339137077331543,5.070701599121094,5.626120090484619,1.1875531842872051,0.1770775148705097,331776
Mirror Moderate Bi-Maxwellian,ion,952000,125.6111111111111,1.364408016204834,0.7329185904239611,1.3649098873138428,1.3250162601470947,1.405842661857605,5.332350730895996,5.339947700500488,5.072350978851318,5.626376152038574,1.1875345509825401,0.17687346522229386,331776
Mirror Moderate Bi-Maxwellian,ion,952500,125.67708333333333,1.3641879558563232,0.7330368192352816,1.3646903038024902,1.3248721361160278,1.4053874015808105,5.332955837249756,5.340529441833496,5.072157859802246,5.626309394836426,1.1875132722861075,0.17667468357021576,331776
Mirror Moderate Bi-Maxwellian,ion,953000,125.74305555555556,1.3639543056488037,0.7331623910408945,1.3646137714385986,1.3245869874954224,1.4054503440856934,5.333593845367432,5.340862274169922,5.073525428771973,5.626519203186035,1.1874908418211416,0.1764634638276621,331776
Mirror Moderate Bi-Maxwellian,ion,953500,125.80902777777779,1.3637186288833618,0.7332890955803827,1.364240050315857,1.3242908716201782,1.4051722288131714,5.334088325500488,5.341551780700684,5.073719024658203,5.627744674682617,1.1874734610635027,0.1762451678198591,331776
Mirror Moderate Bi-Maxwellian,ion,954000,125.875,1.3634986877441406,0.7334073798446142,1.3640234470367432,1.3240621089935303,1.4049265384674072,5.334693908691406,5.342940330505371,5.074141979217529,5.629757881164551,1.1874521794719612,0.17604650827217938,331776
Mirror Moderate Bi-Maxwellian,ion,954500,125.94097222222223,1.363258719444275,0.7335364782465097,1.3637852668762207,1.3238868713378906,1.404773235321045,5.33519172668457,5.343758583068848,5.073105812072754,5.62876558303833,1.1874346886164158,0.17582403082785913,331776
Mirror Moderate Bi-Maxwellian,ion,955000,126.00694444444446,1.3630403280258179,0.7336540082041202,1.36370849609375,1.3235504627227783,1.4045357704162598,5.335813999176025,5.345314025878906,5.073904991149902,5.630175590515137,1.1874128296365698,0.17562749838924807,331776
Mirror Moderate Bi-Maxwellian,ion,955500,126.07291666666669,1.3628367185592651,0.733763617007002,1.3634090423583984,1.323397159576416,1.4043891429901123,5.336397647857666,5.344159126281738,5.074769973754883,5.630306243896484,1.1873923320540885,0.17544438650517669,331776
Mirror Moderate Bi-Maxwellian,ion,956000,126.13888888888889,1.3625903129577637,0.7338963080027394,1.3631700277328491,1.3230223655700684,1.404073715209961,5.337007999420166,5.346240043640137,5.075929641723633,5.631544589996338,1.1873709014692584,0.17521941148850528,331776
Mirror Moderate Bi-Maxwellian,ion,956500,126.2048611111111,1.3623801469802856,0.7340095216570053,1.36295747756958,1.323070764541626,1.403959035873413,5.33755350112915,5.345331192016602,5.076227188110352,5.631677150726318,1.1873517520317973,0.17502839494848832,331776
Mirror Moderate Bi-Maxwellian,ion,957000,126.27083333333333,1.3621538877487183,0.7341314435865516,1.3628841638565063,1.3228839635849,1.403709053993225,5.338109493255615,5.345376014709473,5.076740264892578,5.631986141204834,1.1873322383633083,0.17482164938541,331776
Mirror Moderate Bi-Maxwellian,ion,957500,126.33680555555556,1.361926794052124,0.7342538559100613,1.3624191284179688,1.3225594758987427,1.4034934043884277,5.338771820068359,5.344979286193848,5.077095985412598,5.633525848388672,1.1873089979685993,0.17461779608352468,331776
Mirror Moderate Bi-Maxwellian,ion,958000,126.40277777777779,1.3617029190063477,0.7343745732216782,1.3622766733169556,1.3223766088485718,1.403122901916504,5.339320659637451,5.347219467163086,5.078527927398682,5.633769989013672,1.1872897440978758,0.17441317490847186,331776
Mirror Moderate Bi-Maxwellian,ion,958500,126.46875,1.3614760637283325,0.7344969380229508,1.3621219396591187,1.3220715522766113,1.4029176235198975,5.339861869812012,5.348047733306885,5.0777268409729,5.634609699249268,1.1872707617500984,0.17420530197823414,331776
Mirror Moderate Bi-Maxwellian,ion,959000,126.53472222222223,1.3612470626831055,0.7346205016075008,1.3617916107177734,1.321905255317688,1.4028351306915283,5.340553283691406,5.348782539367676,5.078494071960449,5.635308265686035,1.1872465167707862,0.17400054591231928,331776
Mirror Moderate Bi-Maxwellian,ion,959500,126.60069444444446,1.361042857170105,0.7347307211759745,1.3615756034851074,1.3216601610183716,1.4024503231048584,5.341089248657227,5.348384380340576,5.078518390655518,5.636261940002441,1.1872277270505083,0.1738151301195967,331776
Mirror Moderate Bi-Maxwellian,ion,960000,126.66666666666669,1.360801100730896,0.7348612515546121,1.361457347869873,1.3215845823287964,1.4022152423858643,5.341701507568359,5.349008560180664,5.0790839195251465,5.6367292404174805,1.1872062672508292,0.17359483348006677,331776
Mirror Moderate Bi-Maxwellian,ion,960500,126.73263888888889,1.3605799674987793,0.7349806875654277,1.361149549484253,1.3214300870895386,1.401943325996399,5.342331409454346,5.350447177886963,5.081128120422363,5.635607719421387,1.1871841941947472,0.1733957733040321,331776
Mirror Moderate Bi-Maxwellian,ion,961000,126.7986111111111,1.3603683710098267,0.7350950090508804,1.3609626293182373,1.321134328842163,1.4018826484680176,5.3429670333862305,5.351290702819824,5.08071756362915,5.63733434677124,1.1871619259021007,0.17320644510772598,331776
Mirror Moderate Bi-Maxwellian,ion,961500,126.86458333333333,1.3601672649383545,0.7352036957346727,1.3608368635177612,1.3208413124084473,1.4014332294464111,5.343485355377197,5.350225448608398,5.081151485443115,5.639564514160156,1.1871437710582833,0.1730234938800712,331776
Mirror Moderate Bi-Maxwellian,ion,962000,126.93055555555556,1.3599238395690918,0.7353352966566584,1.360548496246338,1.320474624633789,1.4014487266540527,5.34415340423584,5.352138519287109,5.0823283195495605,5.640035152435303,1.1871203770474454,0.17280346252164636,331776
Mirror Moderate Bi-Maxwellian,ion,962500,126.99652777777779,1.359726071357727,0.7354422490417281,1.3604061603546143,1.320359706878662,1.4011094570159912,5.344701290130615,5.352750778198242,5.081753730773926,5.641475677490234,1.1871011953177952,0.17262487603993182,331776
Mirror Moderate Bi-Maxwellian,ion,963000,127.0625,1.35951566696167,0.735556069195482,1.3601744174957275,1.32025146484375,1.4009077548980713,5.3453192710876465,5.352232933044434,5.082486152648926,5.641002655029297,1.1870795642477168,0.17243610271395315,331776
Mirror Moderate Bi-Maxwellian,ion,963500,127.12847222222223,1.3592901229858398,0.7356781183720977,1.3597676753997803,1.3199102878570557,1.4006855487823486,5.345895290374756,5.354027271270752,5.083667278289795,5.641131401062012,1.1870594064572295,0.17223071652861033,331776
Mirror Moderate Bi-Maxwellian,ion,964000,127.19444444444446,1.359067440032959,0.735798659097998,1.3596330881118774,1.3198459148406982,1.4002715349197388,5.34654426574707,5.355473041534424,5.084868431091309,5.642351150512695,1.1870367007726008,0.17203073926035817,331776
Mirror Moderate Bi-Maxwellian,ion,964500,127.26041666666669,1.3588488101959229,0.7359170442632371,1.3595390319824219,1.3196451663970947,1.4002532958984375,5.347147464752197,5.355524063110352,5.084883213043213,5.643860816955566,1.1870156016066302,0.17183320858929263,331776
Mirror Moderate Bi-Maxwellian,ion,965000,127.32638888888889,1.3586483001708984,0.7360256512845998,1.359297513961792,1.3193097114562988,1.4001193046569824,5.347761631011963,5.356056213378906,5.085039138793945,5.643893241882324,1.1869941237098052,0.17165417646109327,331776
Mirror Moderate Bi-Maxwellian,ion,965500,127.3923611111111,1.3584363460540771,0.7361404919006721,1.3590813875198364,1.3191946744918823,1.3995773792266846,5.348349571228027,5.356403350830078,5.0859198570251465,5.645196914672852,1.1869735675804736,0.17146277847360358,331776
Mirror Moderate Bi-Maxwellian,ion,966000,127.45833333333333,1.3582117557525635,0.7362622181442657,1.3588480949401855,1.3189146518707275,1.3994649648666382,5.348968029022217,5.356314659118652,5.086169242858887,5.6441168785095215,1.1869519493431704,0.1712598064093931,331776
Mirror Moderate Bi-Maxwellian,ion,966500,127.52430555555556,1.3580280542373657,0.736361812909362,1.3586456775665283,1.3187659978866577,1.399334192276001,5.3495402336120605,5.3563995361328125,5.086307048797607,5.646912574768066,1.1869319523417792,0.17109610189558655,331776
Mirror Moderate Bi-Maxwellian,ion,967000,127.59027777777779,1.3578051328659058,0.7364827071240406,1.3584175109863281,1.3186566829681396,1.3991286754608154,5.3501811027526855,5.358724594116211,5.087364673614502,5.645969390869141,1.186909560778325,0.17089557208758066,331776
Mirror Moderate Bi-Maxwellian,ion,967500,127.65625,1.3576196432113647,0.7365833317162105,1.3582109212875366,1.318590521812439,1.3989014625549316,5.350732803344727,5.358027935028076,5.088219165802002,5.645958423614502,1.1868902890039479,0.17072935420741686,331776
Mirror Moderate Bi-Maxwellian,ion,968000,127.72222222222223,1.357419490814209,0.7366919414131727,1.3581836223602295,1.3182967901229858,1.3987665176391602,5.351322650909424,5.358945369720459,5.088204383850098,5.648543834686279,1.1868696890908002,0.17054980172340883,331776
Mirror Moderate Bi-Maxwellian,ion,968500,127.78819444444446,1.357211709022522,0.7368047249755976,1.3577051162719727,1.317946195602417,1.3985817432403564,5.351871013641357,5.359140396118164,5.088516712188721,5.649501800537109,1.1868505420723154,0.17036116695020653,331776
Mirror Moderate Bi-Maxwellian,ion,969000,127.85416666666669,1.3570274114608765,0.7369047902455214,1.3577641248703003,1.3177752494812012,1.3985507488250732,5.352485656738281,5.360506057739258,5.088482856750488,5.6490960121154785,1.1868290854252161,0.17019832603566032,331776
Mirror Moderate Bi-Maxwellian,ion,969500,127.92013888888889,1.3568484783172607,0.7370019688861517,1.3575183153152466,1.3178019523620605,1.3982329368591309,5.35299015045166,5.361605644226074,5.089587211608887,5.649325370788574,1.186811477677691,0.17003700063956972,331776
Mirror Moderate Bi-Maxwellian,ion,970000,127.9861111111111,1.3566462993621826,0.7371118031797549,1.3572648763656616,1.3174716234207153,1.3980084657669067,5.3535661697387695,5.361081123352051,5.090383052825928,5.650449752807617,1.1867913776152683,0.1698549217469143,331776
Mirror Moderate Bi-Maxwellian,ion,970500,128.05208333333334,1.356454610824585,0.7372159687614632,1.3570928573608398,1.3173571825027466,1.3978193998336792,5.354176044464111,5.361348628997803,5.09078311920166,5.651163578033447,1.1867701008886211,0.16968450993596385,331776
Mirror Moderate Bi-Maxwellian,ion,971000,128.11805555555554,1.3562661409378052,0.7373184140013544,1.3568735122680664,1.317155361175537,1.3976346254348755,5.354737281799316,5.362653732299805,5.091691493988037,5.651656150817871,1.1867505252590052,0.16951561567880002,331776
Mirror Moderate Bi-Maxwellian,ion,971500,128.18402777777777,1.3560742139816284,0.7374227676403171,1.356790542602539,1.317009687423706,1.3972619771957397,5.355310440063477,5.363033294677734,5.092117786407471,5.650818824768066,1.1867305380690774,0.16934367591255106,331776
Mirror Moderate Bi-Maxwellian,ion,972000,128.25,1.3559311628341675,0.7375005659651629,1.3565607070922852,1.3166958093643188,1.3972868919372559,5.355783939361572,5.364310264587402,5.092234134674072,5.6525444984436035,1.1867140294160565,0.16921713341811095,331776
Mirror Moderate Bi-Maxwellian,ion,972500,128.31597222222223,1.3557462692260742,0.7376011446233582,1.3562134504318237,1.3166369199752808,1.396967887878418,5.3562912940979,5.363152503967285,5.093389987945557,5.652179718017578,1.1866963436252804,0.1690499256007938,331776
Mirror Moderate Bi-Maxwellian,ion,973000,128.38194444444446,1.3555485010147095,0.7377087571941837,1.356173038482666,1.316448450088501,1.396710991859436,5.3568806648254395,5.365056991577148,5.0922088623046875,5.653751373291016,1.186675803059463,0.1688726979552464,331776
Mirror Moderate Bi-Maxwellian,ion,973500,128.44791666666669,1.3553849458694458,0.7377977769692026,1.3560125827789307,1.3161755800247192,1.3965888023376465,5.357372760772705,5.364748477935791,5.094362735748291,5.653011798858643,1.1866586561461832,0.16872628972326265,331776
Mirror Moderate Bi-Maxwellian,ion,974000,128.51388888888889,1.3552100658416748,0.7378929844200457,1.355771541595459,1.3160948753356934,1.3963545560836792,5.357958793640137,5.365571022033691,5.0951995849609375,5.655025482177734,1.1866382401423081,0.16857182569936668,331776
Mirror Moderate Bi-Maxwellian,ion,974500,128.57986111111111,1.3550363779067993,0.7379875672007833,1.355656385421753,1.3159270286560059,1.3962078094482422,5.3584885597229,5.366931915283203,5.09592866897583,5.654066562652588,1.1866197881836502,0.1684165897231491,331776
Mirror Moderate Bi-Maxwellian,ion,975000,128.64583333333334,1.3548661470413208,0.7380802909451556,1.3555793762207031,1.3157048225402832,1.3960802555084229,5.359035015106201,5.367382526397705,5.095770835876465,5.655223369598389,1.186600758752494,0.16826538828882676,331776
Mirror Moderate Bi-Maxwellian,ion,975500,128.71180555555554,1.354709267616272,0.7381657628721965,1.355372428894043,1.3156338930130005,1.3958392143249512,5.3595452308654785,5.367384910583496,5.096504211425781,5.655555725097656,1.1865829948110198,0.16812627280525216,331776
Mirror Moderate Bi-Maxwellian,ion,976000,128.77777777777777,1.354512333869934,0.7382730854453956,1.355090618133545,1.315525770187378,1.3957536220550537,5.360062599182129,5.3663740158081055,5.096250057220459,5.657145023345947,1.1865649852956168,0.16794734857431726,331776
Mirror Moderate Bi-Maxwellian,ion,976500,128.84375,1.354353904724121,0.7383594469007698,1.3548953533172607,1.3154547214508057,1.395453929901123,5.360584259033203,5.368462562561035,5.0974907875061035,5.656643867492676,1.1865468299122217,0.16780707481189938,331776
Mirror Moderate Bi-Maxwellian,ion,977000,128.90972222222223,1.3541916608810425,0.7384479087320595,1.354802131652832,1.315029263496399,1.3953593969345093,5.361093997955322,5.3679399490356445,5.096961975097656,5.657515525817871,1.1865290928272088,0.16766256805383373,331776
Mirror Moderate Bi-Maxwellian,ion,977500,128.97569444444446,1.3540598154067993,0.7385198117703321,1.3545643091201782,1.3150814771652222,1.3951330184936523,5.361573696136475,5.368246555328369,5.096911907196045,5.657949447631836,1.1865124041325021,0.16754741127429718,331776
Mirror Moderate Bi-Maxwellian,ion,978000,129.04166666666669,1.353882074356079,0.7386167665124089,1.3545305728912354,1.3148380517959595,1.3947944641113281,5.362087726593018,5.369181156158447,5.097784042358398,5.658583641052246,1.1864945243324811,0.16738755002359795,331776
Mirror Moderate Bi-Maxwellian,ion,978500,129.10763888888889,1.3537334203720093,0.73869787430172,1.354349136352539,1.314716100692749,1.3949530124664307,5.362555503845215,5.3695831298828125,5.098339080810547,5.658820629119873,1.18647825636172,0.16725516401028928,331776
Mirror Moderate Bi-Maxwellian,ion,979000,129.17361111111111,1.353577971458435,0.7387827085591039,1.3542053699493408,1.314262866973877,1.3949123620986938,5.363021373748779,5.37037467956543,5.099411487579346,5.659158706665039,1.186462057543693,0.167115913914742,331776
Mirror Moderate Bi-Maxwellian,ion,979500,129.23958333333334,1.3534255027770996,0.7388659353234409,1.3540802001953125,1.314512014389038,1.3945879936218262,5.363492488861084,5.3712615966796875,5.100451469421387,5.661232948303223,1.18644567920563,0.16697982357146968,331776
Mirror Moderate Bi-Maxwellian,ion,980000,129.30555555555554,1.3532772064208984,0.7389469025675575,1.353846549987793,1.3142515420913696,1.3942140340805054,5.3639984130859375,5.372086048126221,5.099978446960449,5.6608452796936035,1.186428093930903,0.16684911248999534,331776
Mirror Moderate Bi-Maxwellian,ion,980500,129.37152777777777,1.353127121925354,0.7390288641743489,1.353661060333252,1.3141549825668335,1.3941776752471924,5.364424228668213,5.3718366622924805,5.099327564239502,5.6620073318481445,1.1864132957001916,0.1667138262251624,331776
Mirror Moderate Bi-Maxwellian,ion,981000,129.4375,1.3529841899871826,0.7391069366519896,1.3536269664764404,1.3141599893569946,1.3939341306686401,5.3648271560668945,5.371690273284912,5.101387023925781,5.662042617797852,1.186399295058208,0.16658489492897455,331776
Mirror Moderate Bi-Maxwellian,ion,981500,129.50347222222223,1.3528350591659546,0.7391884126779776,1.3535051345825195,1.3139286041259766,1.3938087224960327,5.365283966064453,5.373043537139893,5.101308822631836,5.6620683670043945,1.186383424684513,0.1664516344814415,331776
Mirror Moderate Bi-Maxwellian,ion,982000,129.56944444444446,1.352711796760559,0.7392557693329617,1.3533496856689453,1.3138145208358765,1.3935465812683105,5.365743637084961,5.372771263122559,5.102251052856445,5.661668300628662,1.1863674576415784,0.16634433911898072,331776
Mirror Moderate Bi-Maxwellian,ion,982500,129.63541666666669,1.3525657653808594,0.7393355839657949,1.3530876636505127,1.31377112865448,1.3934063911437988,5.366186141967773,5.3726420402526855,5.103189945220947,5.662217617034912,1.1863520894624242,0.16621367591843517,331776
Mirror Moderate Bi-Maxwellian,ion,983000,129.70138888888889,1.3524407148361206,0.7394039450529061,1.3530241250991821,1.31354820728302,1.3932685852050781,5.366528034210205,5.373104095458984,5.102093696594238,5.663484573364258,1.1863402172923094,0.16610049754381118,331776
Mirror Moderate Bi-Maxwellian,ion,983500,129.76736111111111,1.3523026704788208,0.7394794241188046,1.3527520895004272,1.3136540651321411,1.3932147026062012,5.367005825042725,5.374063491821289,5.104252815246582,5.662342071533203,1.186323628592678,0.16597904188614288,331776
Mirror Moderate Bi-Maxwellian,ion,984000,129.83333333333334,1.3521784543991089,0.7395473554149977,1.3528783321380615,1.3133960962295532,1.392972707748413,5.367384910583496,5.374210357666016,5.103301048278809,5.6642374992370605,1.1863104690010555,0.16586798539805336,331776
Mirror Moderate Bi-Maxwellian,ion,984500,129.89930555555554,1.3520538806915283,0.7396154948266818,1.3526220321655273,1.3133292198181152,1.3927631378173828,5.3677287101745605,5.3756561279296875,5.103636741638184,5.664976596832275,1.1862985359346672,0.16575534475686116,331776
Mirror Moderate Bi-Maxwellian,ion,985000,129.96527777777777,1.3519196510314941,0.7396889299131166,1.3525574207305908,1.3133184909820557,1.392589807510376,5.368211269378662,5.3750410079956055,5.104467868804932,5.664983749389648,1.1862817891881785,0.16563786184331564,331776
Mirror Moderate Bi-Maxwellian,ion,985500,130.03125,1.351797103881836,0.7397559864038683,1.3523166179656982,1.312942385673523,1.3924416303634644,5.368551254272461,5.375757217407227,5.104776859283447,5.665891647338867,1.1862699921518247,0.16552711173001122,331776
Mirror Moderate Bi-Maxwellian,ion,986000,130.09722222222223,1.3516756296157837,0.739822467824068,1.3522584438323975,1.312914490699768,1.3924922943115234,5.368947505950928,5.375555515289307,5.105207920074463,5.666715145111084,1.1862562446162124,0.16541938499957132,331776
Mirror Moderate Bi-Maxwellian,ion,986500,130.16319444444446,1.3515435457229614,0.739894769328416,1.3519841432571411,1.3126444816589355,1.3922572135925293,5.369330883026123,5.376579284667969,5.105282783508301,5.665191650390625,1.1862429456827228,0.1653006000402386,331776
Mirror Moderate Bi-Maxwellian,ion,987000,130.22916666666669,1.3514149188995361,0.7399651920479796,1.3519800901412964,1.3127243518829346,1.392022967338562,5.369719982147217,5.376706123352051,5.105062484741211,5.666347503662109,1.1862294501993984,0.16518546870013773,331776
Mirror Moderate Bi-Maxwellian,ion,987500,130.29513888888889,1.3513003587722778,0.7400279245900213,1.3519545793533325,1.3126962184906006,1.39188814163208,5.370044231414795,5.376626014709473,5.10644006729126,5.667050361633301,1.1862182054572274,0.16508215331505038,331776
Mirror Moderate Bi-Maxwellian,ion,988000,130.36111111111111,1.3511940240859985,0.7400861624417262,1.351599931716919,1.3126018047332764,1.3918253183364868,5.370359897613525,5.376802921295166,5.105383396148682,5.666974067687988,1.1862072596744175,0.164986764411581,331776
Mirror Moderate Bi-Maxwellian,ion,988500,130.42708333333334,1.3510801792144775,0.7401485236660073,1.3515598773956299,1.312429666519165,1.3915432691574097,5.370668888092041,5.376314163208008,5.106680393218994,5.668763160705566,1.1861965466195878,0.1648836325948897,331776
Mirror Moderate Bi-Maxwellian,ion,989000,130.49305555555554,1.3509708642959595,0.7402084133924951,1.351400375366211,1.312328577041626,1.3916051387786865,5.371043682098389,5.377453804016113,5.1070098876953125,5.667435646057129,1.1861835537351866,0.1647873105607729,331776
Mirror Moderate Bi-Maxwellian,ion,989500,130.55902777777777,1.350864052772522,0.7402669409609306,1.3512754440307617,1.3123652935028076,1.3913578987121582,5.371348857879639,5.378331184387207,5.106601715087891,5.668686389923096,1.1861729756266015,0.16469107714592046,331776
Mirror Moderate Bi-Maxwellian,ion,990000,130.625,1.350762963294983,0.74032234164953,1.3511528968811035,1.312178134918213,1.3911430835723877,5.371581554412842,5.377835273742676,5.106266498565674,5.668862819671631,1.1861649106264585,0.16459805266852445,331776
Mirror Moderate Bi-Maxwellian,ion,990500,130.69097222222223,1.3506704568862915,0.7403730457726201,1.3511714935302734,1.3122625350952148,1.3910329341888428,5.371940612792969,5.378342151641846,5.108807563781738,5.668197154998779,1.1861524674376624,0.16451798944862905,331776
Mirror Moderate Bi-Maxwellian,ion,991000,130.75694444444446,1.3505536317825317,0.7404370892551282,1.3510879278182983,1.3119621276855469,1.3910691738128662,5.372262477874756,5.379034996032715,5.107840538024902,5.6696367263793945,1.1861413145985369,0.16441231718399485,331776
Mirror Moderate Bi-Maxwellian,ion,991500,130.82291666666669,1.3504621982574463,0.7404872208125032,1.3510472774505615,1.311905860900879,1.3910191059112549,5.372542858123779,5.378567695617676,5.1078338623046875,5.670069217681885,1.1861316003255158,0.1643305979319305,331776
Mirror Moderate Bi-Maxwellian,ion,992000,130.88888888888889,1.350364089012146,0.7405410201122472,1.350813388824463,1.311786413192749,1.390842080116272,5.372839450836182,5.380154609680176,5.109350681304932,5.6683125495910645,1.186121325446337,0.16424276356580902,331776
Mirror Moderate Bi-Maxwellian,ion,992500,130.95486111111111,1.3502522706985474,0.7406023464657121,1.3508234024047852,1.3116228580474854,1.3908650875091553,5.373157978057861,5.380879878997803,5.109096050262451,5.669927597045898,1.1861102919518944,0.16414197874665293,331776
Mirror Moderate Bi-Maxwellian,ion,993000,131.02083333333334,1.3501390218734741,0.7406644677319113,1.350562334060669,1.3116443157196045,1.3904707431793213,5.373485565185547,5.379302024841309,5.108522415161133,5.670791149139404,1.1860989459949298,0.1640400758785443,331776
Mirror Moderate Bi-Maxwellian,ion,993500,131.08680555555554,1.3500258922576904,0.7407265340131135,1.3506557941436768,1.3115730285644531,1.3903639316558838,5.373781204223633,5.380990028381348,5.10935115814209,5.669517517089844,1.186088707745308,0.16393718451238248,331776
Mirror Moderate Bi-Maxwellian,ion,994000,131.15277777777777,1.3499337434768677,0.7407770972702824,1.3505043983459473,1.3114385604858398,1.3902974128723145,5.374021053314209,5.381450176239014,5.108283042907715,5.671802520751953,1.1860804023801303,0.16385334109673733,331776
Mirror Moderate Bi-Maxwellian,ion,994500,131.21875,1.3498340845108032,0.7408317892360916,1.3503127098083496,1.3113579750061035,1.3901442289352417,5.374331951141357,5.380550384521484,5.109677791595459,5.6705121994018555,1.186069637880784,0.1637644466300192,331776
Mirror Moderate Bi-Maxwellian,ion,995000,131.28472222222223,1.3497449159622192,0.7408807309987979,1.3503153324127197,1.3112986087799072,1.3901375532150269,5.374549865722656,5.380977630615234,5.109920501708984,5.671034336090088,1.1860620935676334,0.16368282239458587,331776
Mirror Moderate Bi-Maxwellian,ion,995500,131.35069444444446,1.3496384620666504,0.7409391686042629,1.350182294845581,1.3112554550170898,1.3899288177490234,5.374879837036133,5.380500793457031,5.110894203186035,5.671906471252441,1.186050670958149,0.1635877911085013,331776
Mirror Moderate Bi-Maxwellian,ion,996000,131.41666666666669,1.3495526313781738,0.7409862918638395,1.350153923034668,1.3111324310302734,1.3899158239364624,5.3751420974731445,5.381858825683594,5.111163139343262,5.670537948608398,1.1860415932948265,0.16351103808334733,331776
Mirror Moderate Bi-Maxwellian,ion,996500,131.48263888888889,1.3494670391082764,0.7410332901949179,1.349984884262085,1.3110249042510986,1.3897567987442017,5.375311851501465,5.3819804191589355,5.1109619140625,5.672487735748291,1.186035718043163,0.16343132106511327,331776
Mirror Moderate Bi-Maxwellian,ion,997000,131.54861111111111,1.3493480682373047,0.7410986264695447,1.349808931350708,1.3109725713729858,1.3896950483322144,5.375638484954834,5.381479263305664,5.110839366912842,5.672033309936523,1.1860244141786633,0.16332365405864135,331776
Mirror Moderate Bi-Maxwellian,ion,997500,131.61458333333334,1.349246621131897,0.7411543481658599,1.3496432304382324,1.311065673828125,1.3892879486083984,5.375936508178711,5.383396148681641,5.110398769378662,5.6730756759643555,1.1860141016320866,0.16323251949981032,331776
Mirror Moderate Bi-Maxwellian,ion,998000,131.68055555555554,1.3491408824920654,0.741212435985818,1.34961998462677,1.310774803161621,1.3893542289733887,5.3762311935424805,5.382868766784668,5.111130714416504,5.6744384765625,1.1860039057102165,0.1631369767818489,331776
Mirror Moderate Bi-Maxwellian,ion,998500,131.74652777777777,1.349053144454956,0.7412606420364705,1.3494313955307007,1.310873031616211,1.3892163038253784,5.376500606536865,5.382105827331543,5.110302925109863,5.674219608306885,1.1859945851738916,0.1630585592810645,331776
Mirror Moderate Bi-Maxwellian,ion,999000,131.8125,1.3489454984664917,0.7413197947113653,1.3494699001312256,1.310538411140442,1.3889905214309692,5.376727104187012,5.3837127685546875,5.112555503845215,5.674909591674805,1.185986750047491,0.1629587484190007,331776
Mirror Moderate Bi-Maxwellian,ion,999500,131.87847222222223,1.3488301038742065,0.7413832158162309,1.349318027496338,1.3107351064682007,1.38895845413208,5.377015590667725,5.383494853973389,5.111348628997803,5.6734299659729,1.1859767715264926,0.16285333234771393,331776
Mirror Moderate Bi-Maxwellian,ion,1000000,131.94444444444446,1.3487391471862793,0.7414332134469337,1.3491473197937012,1.3106637001037598,1.388749122619629,5.377401351928711,5.383617401123047,5.111548900604248,5.675590515136719,1.1859634300202142,0.1627757171660651,331776
Mirror Moderate Bi-Maxwellian,ion,1000500,132.01041666666669,1.348654866218567,0.7414795475464048,1.3489127159118652,1.3105502128601074,1.3886340856552124,5.377535343170166,5.383753776550293,5.111854076385498,5.674976825714111,1.185958796397325,0.16269606982124185,331776
Mirror Moderate Bi-Maxwellian,ion,1001000,132.07638888888889,1.3485392332077026,0.7415431270926766,1.3490021228790283,1.3103253841400146,1.3886737823486328,5.377769470214844,5.384346008300781,5.112205505371094,5.676059722900391,1.1859507004788084,0.16258853272889429,331776
Mirror Moderate Bi-Maxwellian,ion,1001500,132.14236111111111,1.348438024520874,0.7415987845309533,1.3488590717315674,1.310325026512146,1.3883551359176636,5.378025531768799,5.384154319763184,5.111968517303467,5.674760818481445,1.1859418468902483,0.16249617763062574,331776
Mirror Moderate Bi-Maxwellian,ion,1002000,132.20833333333334,1.3483461141586304,0.7416493358042576,1.3488967418670654,1.3102022409439087,1.388322114944458,5.378330230712891,5.383519172668457,5.112802982330322,5.676338195800781,1.1859313127129145,0.16241480144571585,331776
Mirror Moderate Bi-Maxwellian,ion,1002500,132.27430555555554,1.3482532501220703,0.7417004186041906,1.3485584259033203,1.3100794553756714,1.3882404565811157,5.378531455993652,5.384073257446289,5.112242221832275,5.6764116287231445,1.1859243565240534,0.16232889359801694,331776
Mirror Moderate Bi-Maxwellian,ion,1003000,132.34027777777777,1.3481717109680176,0.7417452775967073,1.34853196144104,1.3101270198822021,1.3882246017456055,5.378693103790283,5.386410713195801,5.112388610839844,5.676601409912109,1.1859187688725568,0.16225294209546082,331776
Mirror Moderate Bi-Maxwellian,ion,1003500,132.40625,1.3480607271194458,0.7418063443898506,1.3485013246536255,1.3099195957183838,1.3880475759506226,5.379015922546387,5.385801315307617,5.113664627075195,5.677107810974121,1.1859076110573414,0.16215311606210436,331776
Mirror Moderate Bi-Maxwellian,ion,1004000,132.47222222222223,1.3479846715927124,0.7418481983318469,1.3485021591186523,1.3099931478500366,1.3880112171173096,5.3792009353637695,5.385730743408203,5.113518714904785,5.677241802215576,1.1859012169309073,0.16208345466180507,331776
Mirror Moderate Bi-Maxwellian,ion,1004500,132.53819444444446,1.3478845357894897,0.741903311038638,1.3482983112335205,1.309913158416748,1.3875483274459839,5.379464149475098,5.386768341064453,5.113214015960693,5.678724765777588,1.1858921208904376,0.16199241489905214,331776
Mirror Moderate Bi-Maxwellian,ion,1005000,132.60416666666669,1.3477908372879028,0.7419548882022775,1.3482425212860107,1.3097662925720215,1.3876566886901855,5.37966775894165,5.386366367340088,5.113419055938721,5.6787190437316895,1.1858850852523153,0.16190575203558755,331776
Mirror Moderate Bi-Maxwellian,ion,1005500,132.67013888888889,1.3476908206939697,0.7420099511289003,1.3482627868652344,1.3094924688339233,1.3877105712890625,5.379904747009277,5.385767936706543,5.114013671875,5.677783489227295,1.1858768969015494,0.16181392379242032,331776
Mirror Moderate Bi-Maxwellian,ion,1006000,132.73611111111111,1.3475807905197144,0.7420705363530266,1.3480422496795654,1.3094160556793213,1.3876606225967407,5.380169868469238,5.386965751647949,5.114307403564453,5.679055213928223,1.185867737347951,0.16171305317176343,331776
Mirror Moderate Bi-Maxwellian,ion,1006500,132.80208333333334,1.3474799394607544,0.7421260760291454,1.347726821899414,1.3095248937606812,1.387518286705017,5.380374431610107,5.387541770935059,5.114269256591797,5.67915153503418,1.1858606706114958,0.1616192688492586,331776
Mirror Moderate Bi-Maxwellian,ion,1007000,132.86805555555554,1.3473929166793823,0.7421740070182914,1.3479483127593994,1.3092321157455444,1.3874657154083252,5.380601406097412,5.387163162231445,5.112659931182861,5.679661750793457,1.185852830292684,0.16154008638669826,331776
Mirror Moderate Bi-Maxwellian,ion,1007500,132.93402777777777,1.347293734550476,0.7422286427641182,1.3477282524108887,1.3091624975204468,1.3871617317199707,5.380824089050293,5.387668609619141,5.113958358764648,5.679960250854492,1.1858451388579958,0.16144859569248027,331776
Mirror Moderate Bi-Maxwellian,ion,1008000,133.0,1.3471814393997192,0.7422905116964666,1.34763503074646,1.3092533349990845,1.3870220184326172,5.38114070892334,5.387710094451904,5.114140510559082,5.680370807647705,1.185834203952656,0.1613472354470633,331776
Mirror Moderate Bi-Maxwellian,ion,1008500,133.06597222222223,1.3470911979675293,0.7423402376236923,1.3474678993225098,1.3090721368789673,1.3870052099227905,5.381286144256592,5.387960433959961,5.114866733551025,5.680710792541504,1.1858291815734967,0.1612620163940326,331776
Mirror Moderate Bi-Maxwellian,ion,1009000,133.13194444444446,1.3469876050949097,0.7423973288377359,1.347437858581543,1.3090174198150635,1.386756181716919,5.381529331207275,5.3878173828125,5.114199161529541,5.680795669555664,1.185820784103329,0.16116682099158064,331776
Mirror Moderate Bi-Maxwellian,ion,1009500,133.19791666666669,1.346874475479126,0.7424596858918633,1.3473197221755981,1.3088139295578003,1.3867672681808472,5.38178014755249,5.388050079345703,5.114410400390625,5.681666851043701,1.1858121239781185,0.16106235150100745,331776
Mirror Moderate Bi-Maxwellian,ion,1010000,133.26388888888889,1.3467775583267212,0.7425131149663879,1.3471978902816772,1.308824896812439,1.3867133855819702,5.382036209106445,5.388058662414551,5.1143999099731445,5.682087421417236,1.1858032835802912,0.16097427474643,331776
Mirror Moderate Bi-Maxwellian,ion,1010500,133.32986111111111,1.3466681241989136,0.7425734537192417,1.3471031188964844,1.3086497783660889,1.3864946365356445,5.3823442459106445,5.387826919555664,5.115286827087402,5.68193244934082,1.1857926498773788,0.16087547432153482,331776
Mirror Moderate Bi-Maxwellian,ion,1011000,133.39583333333334,1.3465665578842163,0.7426294631668585,1.3468480110168457,1.3086820840835571,1.3863356113433838,5.382560729980469,5.388882160186768,5.114001750946045,5.683069705963135,1.185785177384079,0.16078138050013724,331776
Mirror Moderate Bi-Maxwellian,ion,1011500,133.46180555555554,1.3464668989181519,0.7426844290071087,1.3469504117965698,1.3085463047027588,1.3861346244812012,5.382749557495117,5.388857841491699,5.11531925201416,5.682930946350098,1.1857786600172708,0.16068823890088102,331776
Mirror Moderate Bi-Maxwellian,ion,1012000,133.52777777777777,1.346349835395813,0.7427490045378958,1.3469038009643555,1.3083770275115967,1.3861470222473145,5.383005619049072,5.389638900756836,5.1153130531311035,5.683155059814453,1.185769822803316,0.160580012592497,331776
Mirror Moderate Bi-Maxwellian,ion,1012500,133.59375,1.3462481498718262,0.7428051062467259,1.3465617895126343,1.3082531690597534,1.386161208152771,5.383222579956055,5.389594078063965,5.1154656410217285,5.6834588050842285,1.1857623356915261,0.16048581418030006,331776
Mirror Moderate Bi-Maxwellian,ion,1013000,133.65972222222223,1.3461154699325562,0.7428783208695332,1.346588373184204,1.3082811832427979,1.3857812881469727,5.383601188659668,5.389209747314453,5.1163458824157715,5.684330940246582,1.1857492717154567,0.1603661982170994,331776
Mirror Moderate Bi-Maxwellian,ion,1013500,133.72569444444446,1.346017599105835,0.7429323365937445,1.3464865684509277,1.308293342590332,1.3857231140136719,5.3838090896606445,5.391075134277344,5.1149091720581055,5.684011459350586,1.185742098827474,0.1602755002783609,331776
Mirror Moderate Bi-Maxwellian,ion,1014000,133.79166666666669,1.3458855152130127,0.7430052472492287,1.3462278842926025,1.308061122894287,1.3856472969055176,5.384190559387207,5.390385627746582,5.115341663360596,5.685046672821045,1.1857289390057943,0.16015657620721835,331776
Mirror Moderate Bi-Maxwellian,ion,1014500,133.85763888888889,1.3457770347595215,0.7430651394483717,1.346240758895874,1.3078265190124512,1.3855079412460327,5.384410858154297,5.39093542098999,5.1169562339782715,5.682424068450928,1.185721340058137,0.16005569470138448,331776
Mirror Moderate Bi-Maxwellian,ion,1015000,133.92361111111111,1.3456511497497559,0.7431346528303158,1.3461294174194336,1.307773232460022,1.3854315280914307,5.384749412536621,5.391646385192871,5.117006301879883,5.685436725616455,1.1857096632336925,0.15994148651606332,331776
Mirror Moderate Bi-Maxwellian,ion,1015500,133.98958333333334,1.345528244972229,0.743202533084424,1.3460533618927002,1.3076412677764893,1.3852932453155518,5.385019302368164,5.391941070556641,5.1163787841796875,5.68590784072876,1.1857003557183594,0.1598278892538696,331776
Mirror Moderate Bi-Maxwellian,ion,1016000,134.05555555555554,1.34541654586792,0.7432642352074733,1.3458744287490845,1.3075640201568604,1.3852015733718872,5.385354518890381,5.391415596008301,5.116398334503174,5.6876139640808105,1.1856887966228162,0.1597277492451037,331776
Mirror Moderate Bi-Maxwellian,ion,1016500,134.12152777777777,1.3452624082565308,0.7433493970117003,1.3458086252212524,1.3074214458465576,1.3850659132003784,5.385721683502197,5.392607688903809,5.117244720458984,5.688050270080566,1.1856761375292095,0.15958627072732123,331776
Mirror Moderate Bi-Maxwellian,ion,1017000,134.1875,1.3451530933380127,0.743409805882012,1.3455874919891357,1.3074766397476196,1.3848321437835693,5.385993480682373,5.392359256744385,5.117979049682617,5.686593055725098,1.1856667676235855,0.15948632571442722,331776
Mirror Moderate Bi-Maxwellian,ion,1017500,134.25347222222223,1.345033884048462,0.7434756937052522,1.3455760478973389,1.3072621822357178,1.3846913576126099,5.386326313018799,5.393035411834717,5.116939067840576,5.687959671020508,1.1856552948867933,0.15937858916166858,331776
Mirror Moderate Bi-Maxwellian,ion,1018000,134.31944444444446,1.3448784351348877,0.74356162897333,1.3453128337860107,1.307035207748413,1.384688377380371,5.386660575866699,5.392862319946289,5.119134902954102,5.6865057945251465,1.1856437742671586,0.15923466086772908,331776
Mirror Moderate Bi-Maxwellian,ion,1018500,134.38541666666669,1.3447514772415161,0.7436318285749695,1.3452715873718262,1.3071115016937256,1.3844270706176758,5.386941909790039,5.394069671630859,5.117335796356201,5.690124988555908,1.1856340789906488,0.15911739825086735,331776
Mirror Moderate Bi-Maxwellian,ion,1019000,134.45138888888889,1.344610571861267,0.7437097557665023,1.3451766967773438,1.3069056272506714,1.3842182159423828,5.387255668640137,5.393285751342773,5.117770195007324,5.690704822540283,1.1856232674868432,0.15898730437442388,331776
Mirror Moderate Bi-Maxwellian,ion,1019500,134.51736111111111,1.3444998264312744,0.743771014574479,1.3450403213500977,1.3066853284835815,1.3843066692352295,5.3875932693481445,5.393856525421143,5.117769241333008,5.691137790679932,1.1856116358466295,0.15888819058464487,331776
Mirror Moderate Bi-Maxwellian,ion,1020000,134.58333333333334,1.3443459272384644,0.7438561606343281,1.3448529243469238,1.306645393371582,1.3839049339294434,5.388023376464844,5.393606185913086,5.118622779846191,5.690632343292236,1.185596819117016,0.15874910812144827,331776
Mirror Moderate Bi-Maxwellian,ion,1020500,134.64930555555554,1.344204068183899,0.7439346626521228,1.3446969985961914,1.3064616918563843,1.3838289976119995,5.388330936431885,5.394698143005371,5.117887020111084,5.692525863647461,1.1855862254559653,0.15861784272793367,331776
Mirror Moderate Bi-Maxwellian,ion,1021000,134.71527777777777,1.3440574407577515,0.7440158208091322,1.344621181488037,1.3062777519226074,1.3838258981704712,5.388755798339844,5.395735740661621,5.119845867156982,5.6916680335998535,1.185571593410872,0.15848584734687954,331776
Mirror Moderate Bi-Maxwellian,ion,1021500,134.78125,1.3439141511917114,0.7440951485727368,1.3445355892181396,1.306321144104004,1.383458137512207,5.3890485763549805,5.396233558654785,5.119580268859863,5.69278621673584,1.1855615116159104,0.15835263957580104,331776
Mirror Moderate Bi-Maxwellian,ion,1022000,134.84722222222223,1.343778371810913,0.7441703341692962,1.3441667556762695,1.3060457706451416,1.3834218978881836,5.389384746551514,5.396217346191406,5.118472099304199,5.693982124328613,1.1855499369644869,0.15822843484642624,331776
Mirror Moderate Bi-Maxwellian,ion,1022500,134.91319444444446,1.3436188697814941,0.7442586752020124,1.3441078662872314,1.305965542793274,1.3832718133926392,5.389832973480225,5.39694881439209,5.120621681213379,5.6923322677612305,1.1855345063419096,0.15808436343958454,331776
Mirror Moderate Bi-Maxwellian,ion,1023000,134.97916666666669,1.3434503078460693,0.7443520569088132,1.3440542221069336,1.305806040763855,1.383105993270874,5.390238285064697,5.396778106689453,5.120003700256348,5.693869590759277,1.1855205553288444,0.15792975251722496,331776
Mirror Moderate Bi-Maxwellian,ion,1023500,135.04513888888889,1.3433032035827637,0.7444335704201929,1.3437288999557495,1.3055667877197266,1.3831100463867188,5.390539169311523,5.396559238433838,5.119860649108887,5.695643424987793,1.185510200110042,0.15779300347272174,331776
Mirror Moderate Bi-Maxwellian,ion,1024000,135.11111111111111,1.3431477546691895,0.7445197272777297,1.3438293933868408,1.3055813312530518,1.3827193975448608,5.3910231590271,5.397820472717285,5.120924949645996,5.696040630340576,1.1854935455666762,0.15765420910251327,331776
Mirror Moderate Bi-Maxwellian,ion,1024500,135.17708333333334,1.3429927825927734,0.7446056397037416,1.3436812162399292,1.3054113388061523,1.3827271461486816,5.391461372375488,5.397886276245117,5.120649337768555,5.695595741271973,1.1854784688106554,0.157514313782118,331776
Mirror Moderate Bi-Maxwellian,ion,1025000,135.24305555555554,1.3428288698196411,0.7446965301947318,1.3433842658996582,1.3051774501800537,1.3824490308761597,5.391875267028809,5.39857292175293,5.1224517822265625,5.6956987380981445,1.1854642309912058,0.15736463882843532,331776
Mirror Moderate Bi-Maxwellian,ion,1025500,135.30902777777777,1.3426638841629028,0.7447880380155306,1.3430886268615723,1.3050626516342163,1.3825072050094604,5.392355442047119,5.399827003479004,5.121220111846924,5.698033332824707,1.1854477158909922,0.15721616827191065,331776
Mirror Moderate Bi-Maxwellian,ion,1026000,135.375,1.3425066471099854,0.7448752690742354,1.3430829048156738,1.3050833940505981,1.3822834491729736,5.392727851867676,5.399722576141357,5.122018814086914,5.698122024536133,1.1854349092831873,0.15707173782679806,331776
Mirror Moderate Bi-Maxwellian,ion,1026500,135.44097222222223,1.342339038848877,0.7449682763138217,1.3429529666900635,1.304640531539917,1.3820515871047974,5.393216133117676,5.4004130363464355,5.123071670532227,5.697660446166992,1.1854181207126826,0.15692091813619435,331776
Mirror Moderate Bi-Maxwellian,ion,1027000,135.50694444444446,1.3421638011932373,0.7450655420083301,1.342898964881897,1.3045942783355713,1.3816590309143066,5.39367151260376,5.4006242752075195,5.123654842376709,5.698597431182861,1.1854024661426326,0.15676133505060474,331776
Mirror Moderate Bi-Maxwellian,ion,1027500,135.57291666666669,1.3419890403747559,0.7451625683327086,1.3426508903503418,1.3044579029083252,1.3816603422164917,5.3942155838012695,5.402083873748779,5.12322998046875,5.698212623596191,1.185383766085097,0.15660527428965887,331776
Mirror Moderate Bi-Maxwellian,ion,1028000,135.63888888888889,1.3418323993682861,0.7452495561075917,1.342454433441162,1.304178237915039,1.381380319595337,5.394607067108154,5.402561187744141,5.12360143661499,5.69972038269043,1.185370312899557,0.15646208646872917,331776
Mirror Moderate Bi-Maxwellian,ion,1028500,135.70486111111111,1.341657280921936,0.745346829044775,1.3423265218734741,1.3041558265686035,1.3813433647155762,5.3951520919799805,5.402912139892578,5.124491214752197,5.700765609741211,1.1853515865635231,0.1563056943584129,331776
Mirror Moderate Bi-Maxwellian,ion,1029000,135.77083333333334,1.3414747714996338,0.7454482344696656,1.3420315980911255,1.3037809133529663,1.3811049461364746,5.395569801330566,5.403249740600586,5.124194145202637,5.701649188995361,1.1853372371817703,0.15613753431786348,331776
Mirror Moderate Bi-Maxwellian,ion,1029500,135.83680555555554,1.3413265943527222,0.7455305845796381,1.342010736465454,1.3036729097366333,1.3810685873031616,5.396030426025391,5.40315055847168,5.123754501342773,5.702201843261719,1.1853214161241452,0.15600517822857696,331776
Mirror Moderate Bi-Maxwellian,ion,1030000,135.90277777777777,1.3411227464675903,0.7456439036873543,1.3418182134628296,1.3034634590148926,1.3807957172393799,5.396614074707031,5.4037933349609375,5.124797821044922,5.703146457672119,1.1853013734457725,0.15582137302181787,331776
Mirror Moderate Bi-Maxwellian,ion,1030500,135.96875,1.3409645557403564,0.7457318657075859,1.3416187763214111,1.3032816648483276,1.3807040452957153,5.397044658660889,5.4038896560668945,5.124726295471191,5.703928470611572,1.1852865898367644,0.15567796590359206,331776
Mirror Moderate Bi-Maxwellian,ion,1031000,136.03472222222223,1.3407779932022095,0.7458356305592979,1.3413257598876953,1.3032742738723755,1.3804033994674683,5.3975629806518555,5.405465126037598,5.125063896179199,5.704400062561035,1.1852687969708937,0.15550919623131576,331776
Mirror Moderate Bi-Maxwellian,ion,1031500,136.10069444444446,1.3405989408493042,0.7459352454556424,1.3413059711456299,1.3027970790863037,1.380434274673462,5.398092269897461,5.405552387237549,5.125204563140869,5.7046661376953125,1.1852506311491773,0.15534830970012692,331776
Mirror Moderate Bi-Maxwellian,ion,1032000,136.16666666666669,1.3404216766357422,0.7460338917450592,1.341010332107544,1.3028335571289062,1.3800678253173828,5.398621082305908,5.407447338104248,5.126457691192627,5.706092834472656,1.1852324852502651,0.15518919138547704,331776
Mirror Moderate Bi-Maxwellian,ion,1032500,136.23263888888889,1.3402432203292847,0.7461332277840658,1.3409762382507324,1.3025065660476685,1.379822850227356,5.399117469787598,5.406736373901367,5.128271579742432,5.706171989440918,1.1852154552287117,0.15502776510057292,331776
Mirror Moderate Bi-Maxwellian,ion,1033000,136.29861111111111,1.3400535583496094,0.7462388303580832,1.3407094478607178,1.3022911548614502,1.3798599243164062,5.399768829345703,5.407374382019043,5.126951694488525,5.708573341369629,1.1851931131876199,0.1548604451619895,331776
Mirror Moderate Bi-Maxwellian,ion,1033500,136.36458333333334,1.3398550748825073,0.7463493766948568,1.340467929840088,1.3021732568740845,1.3796353340148926,5.4002766609191895,5.409339904785156,5.127342224121094,5.707736015319824,1.1851756979854045,0.15467937689710287,331776
Mirror Moderate Bi-Maxwellian,ion,1034000,136.43055555555554,1.3396872282028198,0.7464428852856143,1.3404064178466797,1.30196213722229,1.3794960975646973,5.400765419006348,5.408482074737549,5.12732458114624,5.709312438964844,1.1851589399681766,0.15452828823464326,331776
Mirror Moderate Bi-Maxwellian,ion,1034500,136.49652777777777,1.3394843339920044,0.7465559503930481,1.3402223587036133,1.301857590675354,1.3791429996490479,5.401427268981934,5.408295631408691,5.1269378662109375,5.710524082183838,1.1851362519944624,0.15434808199754202,331776
Mirror Moderate Bi-Maxwellian,ion,1035000,136.5625,1.3393017053604126,0.74665775157129,1.3400208950042725,1.3013895750045776,1.379112958908081,5.4019341468811035,5.410380840301514,5.128156661987305,5.710836887359619,1.1851188801657953,0.15418282519461735,331776
Mirror Moderate Bi-Maxwellian,ion,1035500,136.62847222222223,1.3391368389129639,0.7467496755684384,1.3397300243377686,1.3014580011367798,1.3788100481033325,5.40243673324585,5.411101818084717,5.129293441772461,5.7106523513793945,1.185101658636026,0.15403518027693797,331776
Mirror Moderate Bi-Maxwellian,ion,1036000,136.69444444444446,1.3389102220535278,0.7468760664671521,1.3397819995880127,1.3010286092758179,1.3789019584655762,5.403110027313232,5.411873817443848,5.129718780517578,5.710608959197998,1.185078592689193,0.15383162936433492,331776
Mirror Moderate Bi-Maxwellian,ion,1036500,136.76041666666669,1.3387380838394165,0.7469721016168174,1.3394465446472168,1.3009800910949707,1.3786731958389282,5.403716087341309,5.411355018615723,5.131048679351807,5.71198844909668,1.1850578349855556,0.1536802488538609,331776
Mirror Moderate Bi-Maxwellian,ion,1037000,136.82638888888889,1.3385368585586548,0.7470843956264354,1.3391120433807373,1.3008086681365967,1.37836754322052,5.404288291931152,5.412290573120117,5.130982398986816,5.7135515213012695,1.1850382411117937,0.1534986174468611,331776
Mirror Moderate Bi-Maxwellian,ion,1037500,136.89236111111111,1.3383567333221436,0.7471849433728662,1.338994026184082,1.3005670309066772,1.3781969547271729,5.4049296379089355,5.41356086730957,5.130814552307129,5.713161468505859,1.185016284575886,0.15334044874625752,331776
Mirror Moderate Bi-Maxwellian,ion,1038000,136.95833333333334,1.338165521621704,0.7472917093156861,1.3388667106628418,1.30032217502594,1.3782174587249756,5.405473709106445,5.414342880249023,5.132022857666016,5.714277744293213,1.184997662335371,0.15316785928633303,331776
Mirror Moderate Bi-Maxwellian,ion,1038500,137.02430555555554,1.3379555940628052,0.7474089606841308,1.3387080430984497,1.3002113103866577,1.3777217864990234,5.406187534332275,5.413586616516113,5.132075309753418,5.716203689575195,1.184973235510135,0.15298235855267017,331776
Mirror Moderate Bi-Maxwellian,ion,1039000,137.09027777777777,1.3377658128738403,0.7475149913210604,1.3384653329849243,1.300073266029358,1.3775854110717773,5.406772136688232,5.413922309875488,5.1331915855407715,5.715729713439941,1.1849532354460424,0.15281257742779797,331776
Mirror Moderate Bi-Maxwellian,ion,1039500,137.15625,1.3375719785690308,0.7476233174904172,1.338236927986145,1.2998950481414795,1.3775246143341064,5.407352447509766,5.416292190551758,5.133568286895752,5.7185235023498535,1.1849333864783547,0.1526385920906761,331776
Mirror Moderate Bi-Maxwellian,ion,1040000,137.22222222222223,1.3373531103134155,0.7477456718709428,1.3381068706512451,1.2996151447296143,1.377254605293274,5.4080891609191895,5.416919708251953,5.133450031280518,5.717718124389648,1.1849081940487154,0.15244491626470014,331776
Mirror Moderate Bi-Maxwellian,ion,1040500,137.28819444444446,1.337170124053955,0.7478479978061863,1.3378620147705078,1.2994881868362427,1.3769409656524658,5.408669948577881,5.416860103607178,5.133877754211426,5.7175068855285645,1.184888338446855,0.15228178560710015,331776
Mirror Moderate Bi-Maxwellian,ion,1041000,137.35416666666669,1.3369733095169067,0.7479580877806256,1.3377501964569092,1.2993065118789673,1.3768061399459839,5.409320831298828,5.418161392211914,5.135577201843262,5.718026638031006,1.184866091545894,0.1521072179710128,331776
Mirror Moderate Bi-Maxwellian,ion,1041500,137.42013888888889,1.3367751836776733,0.7480689439856647,1.3375048637390137,1.2989262342453003,1.3766567707061768,5.409940242767334,5.418696403503418,5.135027885437012,5.718757629394531,1.1848449252904265,0.15193025838724683,331776
Mirror Moderate Bi-Maxwellian,ion,1042000,137.48611111111111,1.3365978002548218,0.7481682221902134,1.337371587753296,1.2988475561141968,1.3764243125915527,5.410513877868652,5.419541358947754,5.136183738708496,5.722400665283203,1.1848253276071306,0.15177247264769123,331776
Mirror Moderate Bi-Maxwellian,ion,1042500,137.55208333333334,1.336397647857666,0.7482802754128356,1.3371005058288574,1.2986475229263306,1.3763482570648193,5.411306381225586,5.419174671173096,5.136650562286377,5.720958232879639,1.1847982593389055,0.15159938851876054,331776
Mirror Moderate Bi-Maxwellian,ion,1043000,137.61805555555554,1.336216688156128,0.7483816127007963,1.336906909942627,1.2985751628875732,1.3760769367218018,5.411875247955322,5.419920921325684,5.137238502502441,5.72320032119751,1.184778834356504,0.15143785379962393,331776
Mirror Moderate Bi-Maxwellian,ion,1043500,137.68402777777777,1.3360331058502197,0.7484844466961197,1.3367496728897095,1.2983478307724,1.3758811950683594,5.412492752075195,5.422323226928711,5.1386399269104,5.723406791687012,1.1847577531843514,0.15127535266586833,331776
Mirror Moderate Bi-Maxwellian,ion,1044000,137.75,1.335831880569458,0.7485971959088934,1.3366432189941406,1.2979905605316162,1.3757404088974,5.413173675537109,5.42164421081543,5.138406753540039,5.7257490158081055,1.184734512494794,0.15109736807466412,331776
Mirror Moderate Bi-Maxwellian,ion,1044500,137.81597222222223,1.3356398344039917,0.7487048336247281,1.336319923400879,1.297857403755188,1.3755022287368774,5.413795471191406,5.4224419593811035,5.138740062713623,5.725554943084717,1.1847132950111119,0.1509265393928798,331776
Mirror Moderate Bi-Maxwellian,ion,1045000,137.88194444444446,1.3354523181915283,0.7488099622712113,1.3362042903900146,1.2977526187896729,1.3752771615982056,5.414416790008545,5.423203945159912,5.140070915222168,5.7262115478515625,1.1846920986661653,0.150760219525363,331776
Mirror Moderate Bi-Maxwellian,ion,1045500,137.94791666666669,1.335252046585083,0.7489222746802803,1.335906744003296,1.2976007461547852,1.375126838684082,5.415109157562256,5.4235734939575195,5.139710426330566,5.727803707122803,1.1846684842176245,0.1505835623674585,331776
Mirror Moderate Bi-Maxwellian,ion,1046000,138.01388888888889,1.3350695371627808,0.7490246553937162,1.335998773574829,1.2974610328674316,1.3748961687088013,5.415705680847168,5.424237251281738,5.140571117401123,5.727691650390625,1.1846481435533942,0.15042139360938656,331776
Mirror Moderate Bi-Maxwellian,ion,1046500,138.07986111111111,1.3348743915557861,0.7491341554874743,1.3356010913848877,1.2971904277801514,1.3746509552001953,5.416408061981201,5.425780296325684,5.1416239738464355,5.72880744934082,1.1846241990183846,0.15025019253740157,331776
Mirror Moderate Bi-Maxwellian,ion,1047000,138.14583333333334,1.3346835374832153,0.7492412784873925,1.3355411291122437,1.296931266784668,1.3745921850204468,5.417106628417969,5.425497055053711,5.142080783843994,5.728882312774658,1.1846003906871672,0.15008314679604817,331776
Mirror Moderate Bi-Maxwellian,ion,1047500,138.21180555555554,1.334498405456543,0.7493452190809413,1.335327386856079,1.296765685081482,1.3744263648986816,5.417743682861328,5.425417423248291,5.143474578857422,5.729077339172363,1.1845786841417827,0.14991972131476028,331776
Mirror Moderate Bi-Maxwellian,ion,1048000,138.27777777777777,1.334299087524414,0.7494571564575867,1.335062861442566,1.296656847000122,1.3741413354873657,5.4184160232543945,5.426048755645752,5.143927574157715,5.730188369750977,1.1845557808238176,0.14974330670059643,331776
Mirror Moderate Bi-Maxwellian,ion,1048500,138.34375,1.3341144323349,0.7495608890534603,1.3348180055618286,1.2962963581085205,1.3740122318267822,5.4190874099731445,5.426573753356934,5.144084453582764,5.7313456535339355,1.1845329156639228,0.14958151667097708,331776
Mirror Moderate Bi-Maxwellian,ion,1049000,138.40972222222223,1.3339325189590454,0.7496631094805045,1.3347651958465576,1.2962076663970947,1.3738352060317993,5.419648170471191,5.428219318389893,5.144541263580322,5.7327985763549805,1.1845138224005893,0.14941869655845608,331776
Mirror Moderate Bi-Maxwellian,ion,1049500,138.47569444444446,1.3337154388427734,0.7497851272289922,1.3345935344696045,1.2959080934524536,1.373589038848877,5.420483112335205,5.429928779602051,5.144311428070068,5.732202529907227,1.1844854008906207,0.14923003795215273,331776
Mirror Moderate Bi-Maxwellian,ion,1050000,138.54166666666669,1.3335585594177246,0.7498733317242797,1.3342634439468384,1.2959736585617065,1.373430848121643,5.421062469482422,5.429937839508057,5.144970893859863,5.732519149780273,1.184465684656734,0.14909287476099053,331776
Mirror Moderate Bi-Maxwellian,ion,1050500,138.60763888888889,1.3333791494369507,0.7499742293272491,1.3340518474578857,1.2956799268722534,1.373226284980774,5.4217729568481445,5.430638313293457,5.146590709686279,5.734372138977051,1.1844415116529212,0.14893763778402946,331776
Mirror Moderate Bi-Maxwellian,ion,1051000,138.67361111111111,1.3331916332244873,0.7500797147829209,1.3340919017791748,1.295411467552185,1.3731504678726196,5.422459602355957,5.430948257446289,5.1472039222717285,5.733265399932861,1.184418155843064,0.14877347738142332,331776
Mirror Moderate Bi-Maxwellian,ion,1051500,138.73958333333334,1.3329970836639404,0.7501891881498731,1.333756685256958,1.295377254486084,1.3726515769958496,5.423163414001465,5.432493209838867,5.148995876312256,5.735366344451904,1.1843942222759156,0.1486028613880248,331776
Mirror Moderate Bi-Maxwellian,ion,1052000,138.80555555555554,1.3328039646148682,0.7502978881736472,1.3336145877838135,1.295261263847351,1.3726825714111328,5.42385721206665,5.432429790496826,5.147660255432129,5.735895156860352,1.1843706353064134,0.14843332930845476,331776
Mirror Moderate Bi-Maxwellian,ion,1052500,138.87152777777777,1.3326383829116821,0.7503911134655297,1.3333786725997925,1.295093297958374,1.3725371360778809,5.424445152282715,5.432958602905273,5.148813247680664,5.737303256988525,1.1843506518964764,0.14828773101520576,331776
Mirror Moderate Bi-Maxwellian,ion,1053000,138.9375,1.3324612379074097,0.7504908747442964,1.3331806659698486,1.2950522899627686,1.3721636533737183,5.425135135650635,5.43410062789917,5.150109767913818,5.737908363342285,1.184327205681683,0.14813403222572674,331776
Mirror Moderate Bi-Maxwellian,ion,1053500,139.00347222222223,1.3322776556015015,0.7505942892576071,1.3330730199813843,1.294664740562439,1.372065544128418,5.4257659912109375,5.434574604034424,5.150693893432617,5.738072872161865,1.1843057738980773,0.14797188170342412,331776
Mirror Moderate Bi-Maxwellian,ion,1054000,139.06944444444446,1.3321106433868408,0.7506883943645536,1.332862377166748,1.2945218086242676,1.371863603591919,5.426477909088135,5.43433952331543,5.150787353515625,5.73921537399292,1.184281594204083,0.14782904918275785,331776
Mirror Moderate Bi-Maxwellian,ion,1054500,139.13541666666669,1.3319350481033325,0.7507873611584844,1.3325995206832886,1.2945168018341064,1.3715778589248657,5.427092552185059,5.435277938842773,5.151620388031006,5.7392578125,1.1842607234692137,0.14767432463411878,331776
Mirror Moderate Bi-Maxwellian,ion,1055000,139.20138888888889,1.3317439556121826,0.7508950919475471,1.3325097560882568,1.294285535812378,1.3714563846588135,5.427799224853516,5.4366607666015625,5.152260780334473,5.7406206130981445,1.184236733632495,0.14750722197968757,331776
Mirror Moderate Bi-Maxwellian,ion,1055500,139.26736111111111,1.331570029258728,0.7509931719901283,1.3323163986206055,1.2939413785934448,1.3712761402130127,5.42846155166626,5.436308860778809,5.152921676635742,5.740555286407471,1.1842142549011978,0.14735577435753022,331776
Mirror Moderate Bi-Maxwellian,ion,1056000,139.33333333333334,1.331364393234253,0.7511091667178532,1.3321870565414429,1.2938417196273804,1.3711233139038086,5.429190635681152,5.438384056091309,5.152712821960449,5.743217468261719,1.1841895168366174,0.1471748763976355,331776
Mirror Moderate Bi-Maxwellian,ion,1056500,139.39930555555554,1.3312435150146484,0.751177368168435,1.332101583480835,1.2937219142913818,1.371027946472168,5.429663181304932,5.43847131729126,5.153678894042969,5.744115829467773,1.1841734867538627,0.14707002826078575,331776
Mirror Moderate Bi-Maxwellian,ion,1057000,139.46527777777777,1.331060528755188,0.7512806355509641,1.3317570686340332,1.2934460639953613,1.3709052801132202,5.430362224578857,5.439675331115723,5.1550750732421875,5.743408679962158,1.184149778346978,0.1469107504082099,331776
Mirror Moderate Bi-Maxwellian,ion,1057500,139.53125,1.3309025764465332,0.751369797983236,1.3317527770996094,1.2934333086013794,1.3705146312713623,5.431031703948975,5.439130783081055,5.153397560119629,5.743934631347656,1.1841270783363107,0.1467754981102225,331776
Mirror Moderate Bi-Maxwellian,ion,1058000,139.59722222222223,1.3307123184204102,0.7514772247596128,1.3314330577850342,1.293141484260559,1.3703733682632446,5.431740760803223,5.441638469696045,5.15460205078125,5.746194839477539,1.1841030424751207,0.1466092759452895,331776
Mirror Moderate Bi-Maxwellian,ion,1058500,139.66319444444446,1.3305457830429077,0.7515712820591848,1.3313225507736206,1.2930309772491455,1.3701262474060059,5.4324116706848145,5.440060615539551,5.157487392425537,5.746011257171631,1.1840803055107822,0.14646547753212547,331776
Mirror Moderate Bi-Maxwellian,ion,1059000,139.72916666666669,1.3303744792938232,0.7516680570502303,1.331178903579712,1.2928063869476318,1.3700881004333496,5.4330668449401855,5.441625595092773,5.156689643859863,5.746527194976807,1.1840581072421923,0.14631637205163095,331776
Mirror Moderate Bi-Maxwellian,ion,1059500,139.79513888888889,1.330211877822876,0.7517599389028721,1.331038236618042,1.2926067113876343,1.3697741031646729,5.433740139007568,5.441133499145508,5.156844615936279,5.746774673461914,1.1840353006249287,0.1461765771979473,331776
Mirror Moderate Bi-Maxwellian,ion,1060000,139.86111111111111,1.3300756216049194,0.7518369510399433,1.3308587074279785,1.2925727367401123,1.369675874710083,5.434329509735107,5.444106101989746,5.156583786010742,5.7480244636535645,1.1840153413974237,0.14606028020749573,331776
Mirror Moderate Bi-Maxwellian,ion,1060500,139.92708333333334,1.3298786878585815,0.7519482860577577,1.3305535316467285,1.2925591468811035,1.3693686723709106,5.43505859375,5.44310188293457,5.157338619232178,5.748568058013916,1.1839906567244631,0.1458880311341184,331776
Mirror Moderate Bi-Maxwellian,ion,1061000,139.99305555555554,1.3297295570373535,0.7520326179918921,1.3305349349975586,1.2924487590789795,1.369267225265503,5.435690879821777,5.443802833557129,5.159366607666016,5.748271942138672,1.1839692547109646,0.14576030232638892,331776
Mirror Moderate Bi-Maxwellian,ion,1061500,140.05902777777777,1.3295767307281494,0.7521190593132184,1.3303678035736084,1.2921388149261475,1.3690937757492065,5.436228275299072,5.4450531005859375,5.158090591430664,5.750941753387451,1.1839510685273762,0.14562566220077322,331776
Mirror Moderate Bi-Maxwellian,ion,1062000,140.125,1.3294262886047363,0.7522041715073373,1.3301442861557007,1.292261004447937,1.368922472000122,5.436901092529297,5.4444899559021,5.159347057342529,5.751839637756348,1.183928304558285,0.14549798404645142,331776
Mirror Moderate Bi-Maxwellian,ion,1062500,140.19097222222223,1.3292889595031738,0.7522818818669443,1.3300106525421143,1.2919918298721313,1.3690063953399658,5.4375810623168945,5.445866584777832,5.160939693450928,5.7505879402160645,1.1839053043144723,0.14538365518870155,331776
Mirror Moderate Bi-Maxwellian,ion,1063000,140.25694444444446,1.3291170597076416,0.7523791773615218,1.329836130142212,1.29169499874115,1.3686860799789429,5.438238143920898,5.445866584777832,5.161613464355469,5.751965045928955,1.183883083736935,0.14523397597070664,331776
Mirror Moderate Bi-Maxwellian,ion,1063500,140.32291666666669,1.3289979696273804,0.7524465972512933,1.329763650894165,1.2918381690979004,1.3685729503631592,5.438819408416748,5.447032451629639,5.16248893737793,5.752074718475342,1.1838634315477488,0.14513453807963161,331776
Mirror Moderate Bi-Maxwellian,ion,1064000,140.38888888888889,1.3288445472717285,0.7525334713177065,1.329498291015625,1.2916226387023926,1.3681925535202026,5.43937873840332,5.446927070617676,5.162443161010742,5.7529191970825195,1.1838445249160092,0.1450000223557193,331776
Mirror Moderate Bi-Maxwellian,ion,1064500,140.45486111111111,1.32869553565979,0.7526178670446351,1.3294439315795898,1.2913126945495605,1.3681488037109375,5.440023899078369,5.447993755340576,5.162892818450928,5.754578113555908,1.1838227218394053,0.14487281382038475,331776
Mirror Moderate Bi-Maxwellian,ion,1065000,140.52083333333334,1.328586220741272,0.7526797917880403,1.32942795753479,1.2911416292190552,1.3680315017700195,5.440557956695557,5.448962688446045,5.1633620262146,5.7544145584106445,1.1838046773804376,0.14478154336083437,331776
Mirror Moderate Bi-Maxwellian,ion,1065500,140.58680555555554,1.3284211158752441,0.7527733397561507,1.3292934894561768,1.2909996509552002,1.3678637742996216,5.441239833831787,5.448650360107422,5.16356086730957,5.755998134613037,1.1837816436214295,0.14463947225381468,331776
Mirror Moderate Bi-Maxwellian,ion,1066000,140.65277777777777,1.3282947540283203,0.7528449517453106,1.329000473022461,1.2910529375076294,1.3677153587341309,5.441755294799805,5.449911594390869,5.164503574371338,5.755370616912842,1.1837642352193987,0.14453051880892165,331776
Mirror Moderate Bi-Maxwellian,ion,1066500,140.71875,1.3281606435775757,0.752920969941082,1.3287855386734009,1.291087031364441,1.3675379753112793,5.4423394203186035,5.450658798217773,5.165491104125977,5.757137298583984,1.1837445118300722,0.14441613174750345,331776
Mirror Moderate Bi-Maxwellian,ion,1067000,140.78472222222223,1.328017234802246,0.7530022757188909,1.328643560409546,1.290960431098938,1.3673641681671143,5.442962169647217,5.449867248535156,5.166234016418457,5.756218433380127,1.183723488944406,0.14429374585784016,331776
Mirror Moderate Bi-Maxwellian,ion,1067500,140.85069444444446,1.327902913093567,0.7530671031290507,1.3286669254302979,1.2907118797302246,1.3674476146697998,5.443514823913574,5.450894355773926,5.166941165924072,5.758038520812988,1.1837048363691343,0.14419807672443263,331776
Mirror Moderate Bi-Maxwellian,ion,1068000,140.91666666666669,1.3277552127838135,0.7531508747786186,1.3285717964172363,1.2906289100646973,1.3670263290405273,5.444095611572266,5.451282024383545,5.168178558349609,5.75679349899292,1.1836852383478251,0.14406997443598835,331776
Mirror Moderate Bi-Maxwellian,ion,1068500,140.98263888888889,1.3276361227035522,0.7532184330474788,1.3282139301300049,1.2904071807861328,1.367136836051941,5.444669723510742,5.452744483947754,5.167141914367676,5.757659435272217,1.1836658697003932,0.14397025300315902,331776
Mirror Moderate Bi-Maxwellian,ion,1069000,141.04861111111111,1.3275201320648193,0.7532842446951099,1.328179121017456,1.2902766466140747,1.3668913841247559,5.445167541503906,5.452888488769531,5.166809558868408,5.7581562995910645,1.1836490782657918,0.14387105379902754,331776
Mirror Moderate Bi-Maxwellian,ion,1069500,141.11458333333334,1.3273833990097046,0.7533618401029053,1.3280847072601318,1.2901599407196045,1.3669328689575195,5.445697784423828,5.453701019287109,5.1682915687561035,5.759710788726807,1.1836311965126436,0.143752202497061,331776
Mirror Moderate Bi-Maxwellian,ion,1070000,141.18055555555557,1.3272802829742432,0.7534203685744089,1.327955722808838,1.2902222871780396,1.3665103912353516,5.446274280548096,5.453949928283691,5.168210983276367,5.75982141494751,1.1836117588810389,0.1436685240932043,331776
Mirror Moderate Bi-Maxwellian,ion,1070500,141.24652777777777,1.3271602392196655,0.7534885166451136,1.327810525894165,1.2898608446121216,1.3664281368255615,5.446732044219971,5.4538469314575195,5.169186115264893,5.760607719421387,1.1835963274641337,0.14356391175553185,331776
Mirror Moderate Bi-Maxwellian,ion,1071000,141.3125,1.3270595073699951,0.753545710984603,1.327574610710144,1.289969801902771,1.3663169145584106,5.447308540344238,5.454320907592773,5.171187400817871,5.759079933166504,1.1835768972133174,0.14348261015667774,331776
Mirror Moderate Bi-Maxwellian,ion,1071500,141.37847222222223,1.3269035816192627,0.7536342608855333,1.327406644821167,1.2897518873214722,1.3661466836929321,5.447889804840088,5.455307960510254,5.170955657958984,5.761303424835205,1.1835573104124768,0.1433462712067859,331776
Mirror Moderate Bi-Maxwellian,ion,1072000,141.44444444444446,1.3268179893493652,0.7536828774008199,1.3273611068725586,1.28962242603302,1.3660790920257568,5.448358535766602,5.456591606140137,5.171585559844971,5.761587619781494,1.1835415186859204,0.14327647066344484,331776
Mirror Moderate Bi-Maxwellian,ion,1072500,141.51041666666669,1.326709508895874,0.7537445034461454,1.3273439407348633,1.2897038459777832,1.3659002780914307,5.448936939239502,5.45623779296875,5.1717729568481445,5.76251220703125,1.1835220357935667,0.14318747310230728,331776
Mirror Moderate Bi-Maxwellian,ion,1073000,141.57638888888889,1.3265682458877563,0.7538247678548851,1.3270869255065918,1.2895357608795166,1.3657944202423096,5.449460506439209,5.457408905029297,5.172305107116699,5.763826370239258,1.1835044035677251,0.14306384232003122,331776
Mirror Moderate Bi-Maxwellian,ion,1073500,141.64236111111111,1.3264633417129517,0.7538843845534642,1.3271396160125732,1.2892714738845825,1.3656855821609497,5.449987888336182,5.457111358642578,5.172821521759033,5.762833595275879,1.1834866462988212,0.1429766954141305,331776
Mirror Moderate Bi-Maxwellian,ion,1074000,141.70833333333334,1.3263570070266724,0.7539448238311983,1.3269519805908203,1.289309024810791,1.3655145168304443,5.450395107269287,5.459002494812012,5.172550201416016,5.764660835266113,1.183472937341053,0.14288406968561929,331776
Mirror Moderate Bi-Maxwellian,ion,1074500,141.77430555555557,1.3262503147125244,0.7540054761206659,1.3270423412322998,1.2894208431243896,1.3652178049087524,5.45089054107666,5.458427429199219,5.173334121704102,5.7636189460754395,1.1834562614061372,0.14279405330638717,331776
Mirror Moderate Bi-Maxwellian,ion,1075000,141.84027777777777,1.326133131980896,0.754072103233151,1.3266830444335938,1.289214849472046,1.365135908126831,5.451408863067627,5.459969520568848,5.172987937927246,5.765472412109375,1.183438818316276,0.14269431366461993,331776
Mirror Moderate Bi-Maxwellian,ion,1075500,141.90625,1.326020359992981,0.75413623362864,1.3267345428466797,1.2889914512634277,1.3651126623153687,5.451923370361328,5.4583845138549805,5.173488616943359,5.7664947509765625,1.1834215068825746,0.14259885311040632,331776
Mirror Moderate Bi-Maxwellian,ion,1076000,141.97222222222223,1.3259332180023193,0.7541857964058117,1.326635479927063,1.289022445678711,1.3649731874465942,5.452364444732666,5.45897102355957,5.174259185791016,5.7671217918396,1.1834066688198117,0.14252654918250762,331776
Mirror Moderate Bi-Maxwellian,ion,1076500,142.03819444444446,1.3258533477783203,0.7542312290236777,1.3265724182128906,1.2887623310089111,1.3649680614471436,5.4527058601379395,5.4606122970581055,5.173962116241455,5.7677998542785645,1.1833951850053952,0.1424581627729251,331776
Mirror Moderate Bi-Maxwellian,ion,1077000,142.10416666666669,1.325749397277832,0.7542903674354332,1.3264355659484863,1.2889063358306885,1.3647874593734741,5.453205585479736,5.460770606994629,5.174415111541748,5.7679572105407715,1.1833783788864851,0.14237101839134692,331776
Mirror Moderate Bi-Maxwellian,ion,1077500,142.17013888888889,1.3256579637527466,0.7543423924894956,1.3263113498687744,1.288661003112793,1.364631175994873,5.4536662101745605,5.459929466247559,5.174989700317383,5.767576217651367,1.1833628904780353,0.14229507327471125,331776
Mirror Moderate Bi-Maxwellian,ion,1078000,142.23611111111111,1.3255629539489746,0.7543964600254612,1.3260090351104736,1.2886323928833008,1.3644654750823975,5.454145908355713,5.461857795715332,5.1760711669921875,5.768243789672852,1.183346763508473,0.1422161904405017,331776
Mirror Moderate Bi-Maxwellian,ion,1078500,142.30208333333334,1.3254776000976562,0.7544450392268596,1.326178789138794,1.2886046171188354,1.3645020723342896,5.454538822174072,5.461158752441406,5.176823139190674,5.768284320831299,1.1833335562549758,0.14214404384268042,331776
Mirror Moderate Bi-Maxwellian,ion,1079000,142.36805555555557,1.3253740072250366,0.7545040075847881,1.325927972793579,1.2884330749511719,1.3643784523010254,5.454989433288574,5.463161468505859,5.1775431632995605,5.767819404602051,1.1833184119290114,0.14205559529602518,331776
Mirror Moderate Bi-Maxwellian,ion,1079500,142.43402777777777,1.3252812623977661,0.7545568087114951,1.3258657455444336,1.2883810997009277,1.3642053604125977,5.45535945892334,5.463362216949463,5.1766886711120605,5.769615173339844,1.183305977824119,0.14197528457364705,331776
Mirror Moderate Bi-Maxwellian,ion,1080000,142.5,1.3252136707305908,0.7545952943940728,1.325769066810608,1.288227915763855,1.3642048835754395,5.455807685852051,5.46384334564209,5.17767858505249,5.768783092498779,1.1832909181518971,0.1419227525786937,331776
Mirror Moderate Bi-Maxwellian,ion,1080500,142.56597222222223,1.3251298666000366,0.7546430166620262,1.3256239891052246,1.288257360458374,1.3642216920852661,5.456236362457275,5.463796615600586,5.179257392883301,5.770460605621338,1.1832765176524793,0.1418533489475573,331776
Mirror Moderate Bi-Maxwellian,ion,1081000,142.63194444444446,1.3250384330749512,0.7546950903751142,1.3256306648254395,1.2881743907928467,1.3637040853500366,5.456587314605713,5.463752269744873,5.1771674156188965,5.771163463592529,1.1832647298290797,0.14177370324587146,331776
Mirror Moderate Bi-Maxwellian,ion,1081500,142.69791666666669,1.324953556060791,0.754743436421343,1.3255743980407715,1.2880570888519287,1.3636980056762695,5.457000255584717,5.464564323425293,5.177849769592285,5.771612167358398,1.1832508618588748,0.14170269420191617,331776
Mirror Moderate Bi-Maxwellian,ion,1082000,142.76388888888889,1.3249043226242065,0.754771482682858,1.3254449367523193,1.2880382537841797,1.3637365102767944,5.4573750495910645,5.464181900024414,5.1785383224487305,5.772153377532959,1.183238276811291,0.14166604581291553,331776
Mirror Moderate Bi-Maxwellian,ion,1082500,142.82986111111111,1.3247853517532349,0.7548392640940583,1.3252991437911987,1.2879570722579956,1.3635642528533936,5.457808017730713,5.465452194213867,5.1796875,5.7722673416137695,1.183223740511083,0.14156161124215183,331776
Mirror Moderate Bi-Maxwellian,ion,1083000,142.89583333333334,1.3247151374816895,0.7548792730647137,1.325270175933838,1.2878843545913696,1.3634364604949951,5.458166122436523,5.464536666870117,5.179372787475586,5.772204875946045,1.1832117193885627,0.14150341809312672,331776
Mirror Moderate Bi-Maxwellian,ion,1083500,142.96180555555557,1.3246421813964844,0.7549208488482262,1.3252160549163818,1.2878589630126953,1.3635632991790771,5.458514213562012,5.465183258056641,5.179516315460205,5.77261209487915,1.1832000359210275,0.14144214547545686,331776
Mirror Moderate Bi-Maxwellian,ion,1084000,143.02777777777777,1.3245643377304077,0.7549652149879433,1.3250432014465332,1.2877647876739502,1.3632228374481201,5.458919048309326,5.464617729187012,5.180776596069336,5.773113250732422,1.1831864497623772,0.14137788796803052,331776
Mirror Moderate Bi-Maxwellian,ion,1084500,143.09375,1.3244831562042236,0.7550114890595172,1.3250144720077515,1.2876718044281006,1.3633694648742676,5.459262371063232,5.466467380523682,5.180224418640137,5.773636341094971,1.183174929510714,0.14130822669350973,331776
Mirror Moderate Bi-Maxwellian,ion,1085000,143.15972222222223,1.3244173526763916,0.7550490017207893,1.3250435590744019,1.2876379489898682,1.3630414009094238,5.459508895874023,5.466484546661377,5.181366443634033,5.774531364440918,1.1831666582237355,0.14125069445265614,331776
Mirror Moderate Bi-Maxwellian,ion,1085500,143.22569444444446,1.3243391513824463,0.7550935868324392,1.3248652219772339,1.2875651121139526,1.3628878593444824,5.459980010986328,5.466984272003174,5.182049751281738,5.7734150886535645,1.1831508536639044,0.1411882977185419,331776
Mirror Moderate Bi-Maxwellian,ion,1086000,143.29166666666669,1.3242653608322144,0.7551356620636557,1.3248075246810913,1.2876262664794922,1.3630104064941406,5.46027946472168,5.4669694900512695,5.181291580200195,5.774296283721924,1.1831408092682618,0.14112455156395254,331776
Mirror Moderate Bi-Maxwellian,ion,1086500,143.35763888888889,1.3241959810256958,0.7551752265744077,1.3247473239898682,1.2875359058380127,1.3629558086395264,5.460594177246094,5.466733455657959,5.18133544921875,5.775420188903809,1.1831302542435636,0.14106572678213225,331776
Mirror Moderate Bi-Maxwellian,ion,1087000,143.42361111111111,1.3241239786148071,0.7552162910350134,1.324654459953308,1.2874982357025146,1.3629112243652344,5.460920810699463,5.468609809875488,5.182717323303223,5.775418281555176,1.1831193006938907,0.14100467792091642,331776
Mirror Moderate Bi-Maxwellian,ion,1087500,143.48958333333334,1.3240630626678467,0.7552510361440836,1.3245718479156494,1.2873821258544922,1.3626998662948608,5.461216449737549,5.4686279296875,5.182765007019043,5.775117874145508,1.1831093876618015,0.14095367500604516,331776
Mirror Moderate Bi-Maxwellian,ion,1088000,143.55555555555557,1.3239548206329346,0.7553127828953683,1.3243452310562134,1.2874563932418823,1.3626012802124023,5.461688041687012,5.467896938323975,5.182268142700195,5.776092052459717,1.1830935769980593,0.1408612436348753,331776
Mirror Moderate Bi-Maxwellian,ion,1088500,143.62152777777777,1.323892593383789,0.7553482850478532,1.324467420578003,1.287171721458435,1.362595558166504,5.461971282958984,5.46904182434082,5.181774616241455,5.777403831481934,1.1830840823202309,0.14080851106355818,331776
Mirror Moderate Bi-Maxwellian,ion,1089000,143.6875,1.3238354921340942,0.7553808656300233,1.3244333267211914,1.2871499061584473,1.3624237775802612,5.4622321128845215,5.469536781311035,5.183673858642578,5.776986122131348,1.1830753397756866,0.14076015235840766,331776
Mirror Moderate Bi-Maxwellian,ion,1089500,143.75347222222223,1.3237248659133911,0.7554439942547911,1.3242254257202148,1.286988377571106,1.362287163734436,5.462723731994629,5.469515323638916,5.18331241607666,5.777258396148682,1.1830588638673232,0.14066600204606794,331776
Mirror Moderate Bi-Maxwellian,ion,1090000,143.81944444444446,1.3236730098724365,0.7554735894300443,1.3242146968841553,1.2872464656829834,1.3620967864990234,5.4630279541015625,5.469928741455078,5.1826372146606445,5.778558731079102,1.1830486697856295,0.14062434008680702,331776
Mirror Moderate Bi-Maxwellian,ion,1090500,143.88541666666669,1.323595643043518,0.7555177483816493,1.3241556882858276,1.2869086265563965,1.3621444702148438,5.463322639465332,5.471008777618408,5.183940887451172,5.778107643127441,1.1830387963501026,0.1405568466934155,331776
Mirror Moderate Bi-Maxwellian,ion,1091000,143.95138888888889,1.3235160112380981,0.7555632055138786,1.3240530490875244,1.286932349205017,1.3620270490646362,5.463588714599609,5.4701008796691895,5.1839518547058105,5.778133392333984,1.183029882415533,0.14048612882256517,331776
Mirror Moderate Bi-Maxwellian,ion,1091500,144.01736111111111,1.323444128036499,0.7556042441199461,1.3238883018493652,1.2869682312011719,1.3617193698883057,5.463921546936035,5.468852996826172,5.1845502853393555,5.779787063598633,1.183018733232135,0.1404253948043641,331776
Mirror Moderate Bi-Maxwellian,ion,1092000,144.08333333333334,1.3233773708343506,0.7556423602509762,1.3238739967346191,1.2868058681488037,1.3617591857910156,5.46427059173584,5.471539497375488,5.184682846069336,5.780035018920898,1.183007042424363,0.14037032840998753,331776
Mirror Moderate Bi-Maxwellian,ion,1092500,144.14930555555557,1.3232907056808472,0.7556918488938448,1.3239400386810303,1.2868934869766235,1.3616970777511597,5.46466064453125,5.472458839416504,5.18540096282959,5.779425144195557,1.1829939798733429,0.1402967258075043,331776
Mirror Moderate Bi-Maxwellian,ion,1093000,144.21527777777777,1.3231943845748901,0.7557468590083802,1.3237076997756958,1.286742925643921,1.3615741729736328,5.4649338722229,5.471688270568848,5.183866500854492,5.78169059753418,1.182984830810632,0.14020955376425803,331776
Mirror Moderate Bi-Maxwellian,ion,1093500,144.28125,1.3231257200241089,0.7557860790294204,1.3235481977462769,1.286419153213501,1.3614997863769531,5.4651923179626465,5.471317291259766,5.184891700744629,5.780467510223389,1.1829761775652914,0.1401495424588175,331776
Mirror Moderate Bi-Maxwellian,ion,1094000,144.34722222222223,1.3230351209640503,0.7558378338976628,1.3235162496566772,1.286673665046692,1.3613390922546387,5.465679168701172,5.4720377922058105,5.1864728927612305,5.780800819396973,1.1829598791173894,0.14007524184666087,331776
Mirror Moderate Bi-Maxwellian,ion,1094500,144.41319444444446,1.3229413032531738,0.7558914348965852,1.3235619068145752,1.2864638566970825,1.3614110946655273,5.466004371643066,5.472951889038086,5.18494176864624,5.782519817352295,1.1829489938185693,0.1399923094346045,331776
Mirror Moderate Bi-Maxwellian,ion,1095000,144.47916666666669,1.322871446609497,0.7559313511248485,1.3235015869140625,1.2864720821380615,1.3613336086273193,5.466327667236328,5.47238302230835,5.186983585357666,5.781672954559326,1.1829381736469489,0.1399332729625482,331776
Mirror Moderate Bi-Maxwellian,ion,1095500,144.54513888888889,1.3227689266204834,0.755989938888934,1.3233373165130615,1.2864848375320435,1.3608412742614746,5.4667277336120605,5.472980499267578,5.18612003326416,5.781991004943848,1.1829247858552605,0.1398441407652229,331776
Mirror Moderate Bi-Maxwellian,ion,1096000,144.61111111111111,1.3226752281188965,0.7560434933239024,1.3231933116912842,1.2863101959228516,1.3609758615493774,5.467119216918945,5.473272323608398,5.186456203460693,5.7832350730896,1.1829116871835037,0.13976354093539278,331776
Mirror Moderate Bi-Maxwellian,ion,1096500,144.67708333333334,1.3226258754730225,0.7560717044359662,1.3230152130126953,1.286347508430481,1.3607884645462036,5.467319965362549,5.474296569824219,5.187489986419678,5.783547401428223,1.1829049710526112,0.1397209044204113,331776
Mirror Moderate Bi-Maxwellian,ion,1097000,144.74305555555557,1.3225488662719727,0.7561157288795083,1.3232202529907227,1.286167860031128,1.3608099222183228,5.467673301696777,5.4747161865234375,5.186216354370117,5.7849812507629395,1.182893151222051,0.13965571504992158,331776
Mirror Moderate Bi-Maxwellian,ion,1097500,144.80902777777777,1.3224818706512451,0.756154032952874,1.3229272365570068,1.2861052751541138,1.3605608940124512,5.467926025390625,5.475305557250977,5.187751770019531,5.784706115722656,1.1828846980292789,0.13959717262196625,331776
Mirror Moderate Bi-Maxwellian,ion,1098000,144.875,1.3223663568496704,0.7562200859241024,1.3228237628936768,1.2858984470367432,1.3607627153396606,5.46833610534668,5.474656105041504,5.186736583709717,5.785239219665527,1.1828709831903432,0.13949537365932718,331776
Mirror Moderate Bi-Maxwellian,ion,1098500,144.94097222222223,1.322268009185791,0.7562763320695983,1.3226449489593506,1.285982370376587,1.3604689836502075,5.4687113761901855,5.474753379821777,5.186979293823242,5.787775039672852,1.1828584343203457,0.13940957486544536,331776
Mirror Moderate Bi-Maxwellian,ion,1099000,145.00694444444446,1.3221840858459473,0.7563243353970559,1.3227097988128662,1.2858444452285767,1.3603531122207642,5.46903133392334,5.476274490356445,5.187419891357422,5.787514686584473,1.18284773645329,0.13933634939265716,331776
Mirror Moderate Bi-Maxwellian,ion,1099500,145.07291666666669,1.3221112489700317,0.7563660023156394,1.3226984739303589,1.2857379913330078,1.3603954315185547,5.469360828399658,5.476654052734375,5.189128398895264,5.785312652587891,1.1828367210310022,0.1392745279390295,331776
Mirror Moderate Bi-Maxwellian,ion,1100000,145.13888888888889,1.3219908475875854,0.7564348889592046,1.322450876235962,1.2856812477111816,1.3602551221847534,5.469764232635498,5.476425647735596,5.1872429847717285,5.787042617797852,1.1828232365178508,0.13916761106973463,331776
Mirror Moderate Bi-Maxwellian,ion,1100500,145.20486111111111,1.3219294548034668,0.7564700191574681,1.3224647045135498,1.2855956554412842,1.3601865768432617,5.47000789642334,5.477177619934082,5.187171936035156,5.788650035858154,1.1828150925803722,0.1391143622230946,331776
Mirror Moderate Bi-Maxwellian,ion,1101000,145.27083333333334,1.321831226348877,0.7565262342622744,1.3224172592163086,1.2854212522506714,1.360069990158081,5.470437049865723,5.477780342102051,5.1887946128845215,5.788719177246094,1.1828007508146987,0.13903047553417824,331776
Mirror Moderate Bi-Maxwellian,ion,1101500,145.33680555555557,1.3217467069625854,0.756574610500094,1.3223260641098022,1.2854034900665283,1.3600281476974487,5.470729351043701,5.477974891662598,5.188691139221191,5.788991451263428,1.1827909837669488,0.13895572319563665,331776
Mirror Moderate Bi-Maxwellian,ion,1102000,145.40277777777777,1.3216460943222046,0.7566322060769543,1.3222448825836182,1.2854530811309814,1.3597760200500488,5.47105073928833,5.477456092834473,5.18878698348999,5.789906978607178,1.182780245998976,0.13886584832322857,331776
Mirror Moderate Bi-Maxwellian,ion,1102500,145.46875,1.3215614557266235,0.7566806641240744,1.3221280574798584,1.2851561307907104,1.359870195388794,5.471454620361328,5.477309226989746,5.189455509185791,5.789901256561279,1.1827667538863662,0.13879470184025733,331776
Mirror Moderate Bi-Maxwellian,ion,1103000,145.53472222222223,1.3214757442474365,0.7567297427539899,1.3220431804656982,1.2852728366851807,1.3597270250320435,5.471770763397217,5.4787139892578125,5.189993381500244,5.789175033569336,1.182756194153707,0.1387195500937295,331776
Mirror Moderate Bi-Maxwellian,ion,1103500,145.60069444444446,1.3213725090026855,0.75678886399321,1.3218529224395752,1.2851566076278687,1.3597748279571533,5.472269535064697,5.478898525238037,5.190962791442871,5.789991855621338,1.1827395367849287,0.13863297221775683,331776
Mirror Moderate Bi-Maxwellian,ion,1104000,145.66666666666669,1.3212645053863525,0.7568507258942742,1.3217662572860718,1.2849774360656738,1.359532117843628,5.4726176261901855,5.479361534118652,5.189968109130859,5.7908525466918945,1.182727913460338,0.13853659192601464,331776
Mirror Moderate Bi-Maxwellian,ion,1104500,145.73263888888889,1.32114839553833,0.7569172421335217,1.3216469287872314,1.2848602533340454,1.3594446182250977,5.473032474517822,5.480231285095215,5.190125465393066,5.791525363922119,1.1827140629360327,0.13843433260229743,331776
Mirror Moderate Bi-Maxwellian,ion,1105000,145.79861111111111,1.3210439682006836,0.7569770757608024,1.3214960098266602,1.284733772277832,1.3593199253082275,5.473365306854248,5.480932712554932,5.190687656402588,5.792725563049316,1.1827029521942758,0.1383410160064078,331776
Mirror Moderate Bi-Maxwellian,ion,1105500,145.86458333333334,1.320928692817688,0.7570431359673842,1.321410894393921,1.2846084833145142,1.3590741157531738,5.473797798156738,5.479907989501953,5.190359115600586,5.792919158935547,1.1826885166157841,0.13824017620190387,331776
Mirror Moderate Bi-Maxwellian,ion,1106000,145.93055555555557,1.3208087682724,0.7571118726808473,1.3214271068572998,1.2846496105194092,1.3589178323745728,5.474242210388184,5.481321334838867,5.191657066345215,5.793479919433594,1.182673685519861,0.13813508275253894,331776
Mirror Moderate Bi-Maxwellian,ion,1106500,145.99652777777777,1.320690631866455,0.7571795966984018,1.321245789527893,1.2844194173812866,1.3588526248931885,5.4746222496032715,5.4823713302612305,5.191946506500244,5.792675495147705,1.18266100461497,0.13802962725148515,331776
Mirror Moderate Bi-Maxwellian,ion,1107000,146.0625,1.320584774017334,0.7572402920850835,1.321108341217041,1.2844090461730957,1.35866117477417,5.4751057624816895,5.482819557189941,5.192596435546875,5.7950663566589355,1.1826448736118538,0.1379399004054802,331776
Mirror Moderate Bi-Maxwellian,ion,1107500,146.12847222222223,1.3204790353775024,0.7573009288361152,1.3210582733154297,1.2842297554016113,1.3587605953216553,5.47544527053833,5.482240676879883,5.192209720611572,5.795140743255615,1.182633548613971,0.13784548676353148,331776
Mirror Moderate Bi-Maxwellian,ion,1108000,146.19444444444446,1.3203601837158203,0.7573690969578866,1.320896029472351,1.2841322422027588,1.3585031032562256,5.475892543792725,5.483209609985352,5.1927947998046875,5.796341896057129,1.182618631027295,0.13774155268852528,331776
Mirror Moderate Bi-Maxwellian,ion,1108500,146.26041666666669,1.3202470541000366,0.7574339945652542,1.320857286453247,1.2840956449508667,1.3583314418792725,5.4762654304504395,5.483089447021484,5.192453861236572,5.797286033630371,1.1826061962664485,0.13764085783358815,331776
Mirror Moderate Bi-Maxwellian,ion,1109000,146.32638888888889,1.3201496601104736,0.7574898742285912,1.320708990097046,1.283956527709961,1.3581064939498901,5.47672176361084,5.484585762023926,5.19313383102417,5.797223091125488,1.1825909810946271,0.1375586790158465,331776
Mirror Moderate Bi-Maxwellian,ion,1109500,146.39236111111111,1.3200125694274902,0.7575685437856969,1.3204505443572998,1.2837910652160645,1.3580344915390015,5.477172374725342,5.485174179077148,5.193366527557373,5.797076225280762,1.1825759591964906,0.13743661023099962,331776
Mirror Moderate Bi-Maxwellian,ion,1110000,146.45833333333334,1.3198717832565308,0.7576493510094531,1.3204253911972046,1.2836418151855469,1.3578860759735107,5.4777021408081055,5.4852190017700195,5.193981170654297,5.800107479095459,1.1825583016918977,0.13731348156463308,331776
Mirror Moderate Bi-Maxwellian,ion,1110500,146.52430555555557,1.3197777271270752,0.7577033461360382,1.3203623294830322,1.2837361097335815,1.3578143119812012,5.477993965148926,5.485060691833496,5.192809104919434,5.799840927124023,1.1825485764245112,0.13722915070256403,331776
Mirror Moderate Bi-Maxwellian,ion,1111000,146.59027777777777,1.3196303844451904,0.7577879471306869,1.320243000984192,1.2834651470184326,1.3577446937561035,5.478633403778076,5.486485481262207,5.194931507110596,5.79912805557251,1.1825272702696987,0.1371031141754917,331776
Mirror Moderate Bi-Maxwellian,ion,1111500,146.65625,1.319498062133789,0.7578639398551887,1.3202154636383057,1.2834680080413818,1.3576244115829468,5.479070663452148,5.487112522125244,5.194241523742676,5.803305625915527,1.1825127035996172,0.13698535853417182,331776
Mirror Moderate Bi-Maxwellian,ion,1112000,146.72222222222223,1.319360613822937,0.7579428925822123,1.3199260234832764,1.2833002805709839,1.3574093580245972,5.4796013832092285,5.487081050872803,5.194875717163086,5.801977157592773,1.182495026566026,0.13686558725691111,331776
Mirror Moderate Bi-Maxwellian,ion,1112500,146.78819444444446,1.3192378282546997,0.7580134366848479,1.319814920425415,1.2831799983978271,1.3573353290557861,5.4800872802734375,5.487006187438965,5.194652557373047,5.800835132598877,1.1824788454738084,0.13675898278089127,331776
Mirror Moderate Bi-Maxwellian,ion,1113000,146.85416666666669,1.3191120624542236,0.7580857066377577,1.3197102546691895,1.2829246520996094,1.3574479818344116,5.480573654174805,5.48691463470459,5.1960883140563965,5.802343368530273,1.1824626513756007,0.13664941107862294,331776
Mirror Moderate Bi-Maxwellian,ion,1113500,146.92013888888889,1.3189574480056763,0.7581745730402794,1.3196604251861572,1.282908320426941,1.357079267501831,5.48103141784668,5.487707138061523,5.195263862609863,5.803688049316406,1.1824474124968376,0.13651003550883867,331776
Mirror Moderate Bi-Maxwellian,ion,1114000,146.98611111111111,1.3188104629516602,0.7582590736821097,1.3193641901016235,1.282701015472412,1.3569412231445312,5.481601238250732,5.489785194396973,5.196476459503174,5.80484676361084,1.1824284468235264,0.13638201612813372,331776
Mirror Moderate Bi-Maxwellian,ion,1114500,147.05208333333334,1.3186883926391602,0.7583292653381498,1.3193995952606201,1.2826226949691772,1.3567359447479248,5.482089042663574,5.489382743835449,5.1959381103515625,5.804995059967041,1.1824122140697904,0.1362761785693698,331776
Mirror Moderate Bi-Maxwellian,ion,1115000,147.11805555555557,1.3185622692108154,0.7584018012274225,1.3191497325897217,1.282553791999817,1.3567097187042236,5.482568264007568,5.490394115447998,5.197687149047852,5.8050079345703125,1.1823962697491401,0.1361659994616753,331776
Mirror Moderate Bi-Maxwellian,ion,1115500,147.18402777777777,1.318398118019104,0.758496228364238,1.3189839124679565,1.282195806503296,1.3566535711288452,5.483195781707764,5.491089820861816,5.198892593383789,5.806506156921387,1.1823753956289604,0.13602272239014357,331776
Mirror Moderate Bi-Maxwellian,ion,1116000,147.25,1.3182467222213745,0.7585833388721819,1.3188705444335938,1.2822668552398682,1.356354832649231,5.483729839324951,5.490496635437012,5.198552131652832,5.806477069854736,1.182357634183361,0.13588908803801347,331776
Mirror Moderate Bi-Maxwellian,ion,1116500,147.31597222222223,1.318095088005066,0.7586706066202689,1.3185303211212158,1.2818739414215088,1.3563114404678345,5.484342098236084,5.492674827575684,5.197795391082764,5.808861255645752,1.182337276210692,0.13575781179437385,331776
Mirror Moderate Bi-Maxwellian,ion,1117000,147.38194444444446,1.3179283142089844,0.7587666106105295,1.318503499031067,1.2816241979599,1.356213092803955,5.484866619110107,5.492769241333008,5.200054168701172,5.80851936340332,1.1823198391946028,0.13560847501438156,331776
Mirror Moderate Bi-Maxwellian,ion,1117500,147.44791666666669,1.3177844285964966,0.7588494584543299,1.3184423446655273,1.2816500663757324,1.355846643447876,5.485458850860596,5.493179798126221,5.200038909912109,5.807029724121094,1.1823001552264152,0.1354842733700814,331776
Mirror Moderate Bi-Maxwellian,ion,1118000,147.51388888888889,1.3176467418670654,0.7589287539868466,1.3184516429901123,1.2814743518829346,1.3557708263397217,5.485987186431885,5.4954352378845215,5.199913501739502,5.810361862182617,1.182282598558238,0.1353641433088275,331776
Mirror Moderate Bi-Maxwellian,ion,1118500,147.57986111111111,1.3175086975097656,0.7590082721200312,1.3182992935180664,1.2814090251922607,1.355473279953003,5.486598968505859,5.494931221008301,5.19992208480835,5.811633110046387,1.1822622731750934,0.13524642433467227,331776
Mirror Moderate Bi-Maxwellian,ion,1119000,147.64583333333334,1.3173329830169678,0.7591095136096806,1.3180129528045654,1.281209111213684,1.3555184602737427,5.487146377563477,5.496123313903809,5.201464653015137,5.810832977294922,1.1822440903142157,0.13508889270275204,331776
Mirror Moderate Bi-Maxwellian,ion,1119500,147.71180555555557,1.3171536922454834,0.7592128434876876,1.3178542852401733,1.2808784246444702,1.355390191078186,5.487786769866943,5.495516300201416,5.202965259552002,5.811830520629883,1.1822228235052663,0.1349308687402171,331776
Mirror Moderate Bi-Maxwellian,ion,1120000,147.77777777777777,1.3170075416564941,0.7592970946409531,1.3176591396331787,1.2809302806854248,1.3551361560821533,5.488397598266602,5.496724605560303,5.202362537384033,5.813324451446533,1.182202543109455,0.1348049985470392,331776
Mirror Moderate Bi-Maxwellian,ion,1120500,147.84375,1.3168456554412842,0.7593904387108245,1.3174841403961182,1.2808290719985962,1.3551303148269653,5.489015579223633,5.497585296630859,5.201566696166992,5.814705848693848,1.1821820298315568,0.13466362560972733,331776
Mirror Moderate Bi-Maxwellian,ion,1121000,147.90972222222223,1.3167061805725098,0.7594708787386382,1.3174347877502441,1.280658483505249,1.354965090751648,5.489520072937012,5.497751235961914,5.203081130981445,5.816626071929932,1.1821652870767223,0.13454089349578746,331776
Mirror Moderate Bi-Maxwellian,ion,1121500,147.97569444444446,1.316554069519043,0.759558625925113,1.3171641826629639,1.2802969217300415,1.354914665222168,5.490242004394531,5.4976725578308105,5.203740119934082,5.815687656402588,1.1821413335149114,0.13441273600413162,331776
Mirror Moderate Bi-Maxwellian,ion,1122000,148.04166666666669,1.3164033889770508,0.7596455678962349,1.3171542882919312,1.2802096605300903,1.3545178174972534,5.490753173828125,5.4978508949279785,5.203665733337402,5.816347122192383,1.182124376809822,0.13427901216722882,331776
Mirror Moderate Bi-Maxwellian,ion,1122500,148.10763888888889,1.3162462711334229,0.7597362453599945,1.316946268081665,1.2800779342651367,1.354385256767273,5.491377830505371,5.500178337097168,5.205744743347168,5.817378997802734,1.1821036597490817,0.13414261138434114,331776
Mirror Moderate Bi-Maxwellian,ion,1123000,148.17361111111111,1.3160617351531982,0.7598427743084509,1.316866397857666,1.2800579071044922,1.3542602062225342,5.492062568664551,5.500968933105469,5.204723358154297,5.8185625076293945,1.1820809554693692,0.13398077968382904,331776
Mirror Moderate Bi-Maxwellian,ion,1123500,148.23958333333334,1.3159152269363403,0.7599273718628204,1.3166401386260986,1.2799917459487915,1.3540304899215698,5.4926629066467285,5.500006675720215,5.205728530883789,5.818693161010742,1.1820610543548722,0.13385417258146814,331776
Mirror Moderate Bi-Maxwellian,ion,1124000,148.30555555555557,1.3157377243041992,0.7600298916175178,1.3165175914764404,1.2797298431396484,1.35404372215271,5.493402481079102,5.500788688659668,5.20658540725708,5.8200812339782715,1.182036543552797,0.13370118075140214,331776
Mirror Moderate Bi-Maxwellian,ion,1124500,148.37152777777777,1.3155819177627563,0.7601199032140648,1.316425085067749,1.2794713973999023,1.353682279586792,5.494075775146484,5.503220558166504,5.208372116088867,5.81915283203125,1.1820142351373626,0.13356768262539376,331776
Mirror Moderate Bi-Maxwellian,ion,1125000,148.4375,1.3154363632202148,0.7602040113532971,1.3160797357559204,1.2792015075683594,1.3537081480026245,5.494668006896973,5.503625869750977,5.206260681152344,5.820944309234619,1.181994617098756,0.13344174612145876,331776
Mirror Moderate Bi-Maxwellian,ion,1125500,148.50347222222223,1.3152519464492798,0.7603106026184947,1.3160511255264282,1.2791590690612793,1.3534748554229736,5.495339870452881,5.503652572631836,5.208932399749756,5.821062088012695,1.1819723663274695,0.1332795801218103,331776
Mirror Moderate Bi-Maxwellian,ion,1126000,148.56944444444446,1.3151060342788696,0.760394959748127,1.3158950805664062,1.2791768312454224,1.3532977104187012,5.495890140533447,5.504387855529785,5.2093095779418945,5.822125434875488,1.1819541465402976,0.133151887738572,331776
Mirror Moderate Bi-Maxwellian,ion,1126500,148.63541666666669,1.3149402141571045,0.7604908491151549,1.315694808959961,1.2788424491882324,1.3533096313476562,5.496645927429199,5.504816055297852,5.208950519561768,5.823471546173096,1.1819291279086814,0.13301108624842306,331776
Mirror Moderate Bi-Maxwellian,ion,1127000,148.70138888888889,1.3147811889648438,0.7605828318758668,1.3155827522277832,1.2786139249801636,1.3530678749084473,5.497273921966553,5.506899356842041,5.209031105041504,5.824272632598877,1.1819083447896057,0.13287284417523804,331776
Mirror Moderate Bi-Maxwellian,ion,1127500,148.76736111111111,1.3146198987960815,0.7606761474672581,1.3153595924377441,1.278398871421814,1.3528859615325928,5.497916221618652,5.5062737464904785,5.209150314331055,5.825412750244141,1.181887093162287,0.13273280563379464,331776
Mirror Moderate Bi-Maxwellian,ion,1128000,148.83333333333334,1.3144443035125732,0.7607777654235424,1.3152719736099243,1.2781755924224854,1.3529837131500244,5.4986982345581055,5.507480621337891,5.210759162902832,5.826022624969482,1.1818612255743042,0.13258307793826907,331776
Mirror Moderate Bi-Maxwellian,ion,1128500,148.89930555555557,1.3142859935760498,0.7608694035299677,1.315068006515503,1.2780977487564087,1.352512001991272,5.499327182769775,5.507625579833984,5.2104339599609375,5.828081130981445,1.1818404264312825,0.1324455671447673,331776
Mirror Moderate Bi-Maxwellian,ion,1129000,148.96527777777777,1.3141049146652222,0.7609742485855913,1.3148049116134644,1.2779476642608643,1.3524796962738037,5.500008583068848,5.509006500244141,5.211108207702637,5.828299522399902,1.1818178980808114,0.13228701658441078,331776
Mirror Moderate Bi-Maxwellian,ion,1129500,149.03125,1.3139376640319824,0.7610711127127406,1.3146662712097168,1.2779505252838135,1.3523614406585693,5.500711441040039,5.509466171264648,5.211638450622559,5.828747749328613,1.181794666147935,0.13214299788404738,331776
Mirror Moderate Bi-Maxwellian,ion,1130000,149.09722222222223,1.3137688636779785,0.7611688993758287,1.3145318031311035,1.2775919437408447,1.3519506454467773,5.50137996673584,5.5106706619262695,5.213099956512451,5.8282790184021,1.1817725745261212,0.13199628915185735,331776
Mirror Moderate Bi-Maxwellian,ion,1130500,149.16319444444446,1.3135970830917358,0.7612684382994815,1.3145227432250977,1.2772984504699707,1.3520278930664062,5.502130508422852,5.5102925300598145,5.212130069732666,5.831981182098389,1.1817477790592508,0.13184930403248507,331776
Mirror Moderate Bi-Maxwellian,ion,1131000,149.22916666666669,1.3134299516677856,0.7613653082375698,1.3143248558044434,1.2772259712219238,1.351850986480713,5.502838611602783,5.510866641998291,5.213318347930908,5.832315921783447,1.1817243918241562,0.13170555984362942,331776
Mirror Moderate Bi-Maxwellian,ion,1131500,149.29513888888889,1.3132497072219849,0.7614698061615217,1.3139922618865967,1.2772120237350464,1.3513593673706055,5.503592014312744,5.511857986450195,5.2137861251831055,5.832735538482666,1.1816995150438807,0.13155019217810415,331776
Mirror Moderate Bi-Maxwellian,ion,1132000,149.36111111111111,1.3130683898925781,0.761574955042372,1.3137516975402832,1.2769601345062256,1.351478099822998,5.504338264465332,5.512279033660889,5.214143753051758,5.834494590759277,1.181674881148885,0.13139350874369304,331776
Mirror Moderate Bi-Maxwellian,ion,1132500,149.42708333333334,1.3129163980484009,0.7616631199720417,1.3137199878692627,1.276663899421692,1.3512061834335327,5.505021572113037,5.514097213745117,5.215691566467285,5.833271026611328,1.1816523308583806,0.13126406719002026,331776
Mirror Moderate Bi-Maxwellian,ion,1133000,149.49305555555557,1.3127332925796509,0.7617693598940429,1.3136142492294312,1.276578664779663,1.3509939908981323,5.505812644958496,5.515089988708496,5.21589994430542,5.835581302642822,1.1816262311278733,0.13110706145177753,331776
Mirror Moderate Bi-Maxwellian,ion,1133500,149.55902777777777,1.3125643730163574,0.7618673952744395,1.3132425546646118,1.2765638828277588,1.3509294986724854,5.506507873535156,5.515944004058838,5.215233325958252,5.837308883666992,1.1816032997621058,0.13096107325425166,331776
Mirror Moderate Bi-Maxwellian,ion,1134000,149.625,1.3123761415481567,0.7619766683813229,1.313153624534607,1.276212453842163,1.3508061170578003,5.507265567779541,5.516922950744629,5.218039512634277,5.837236404418945,1.1815783146268697,0.13079782692128705,331776
Mirror Moderate Bi-Maxwellian,ion,1134500,149.69097222222223,1.312209963798523,0.7620731648045467,1.3130004405975342,1.2761551141738892,1.3504855632781982,5.508065700531006,5.516548156738281,5.218359470367432,5.838230609893799,1.181551937534731,0.13065802626379197,331776
Mirror Moderate Bi-Maxwellian,ion,1135000,149.75694444444446,1.3120107650756836,0.7621888681243517,1.312759518623352,1.2758803367614746,1.3504687547683716,5.508879661560059,5.516966342926025,5.218984603881836,5.839768409729004,1.1815251124430644,0.13048565263261924,331776
Mirror Moderate Bi-Maxwellian,ion,1135500,149.82291666666669,1.3118476867675781,0.7622836172879355,1.3127355575561523,1.2758324146270752,1.3501795530319214,5.509598731994629,5.518715858459473,5.218994140625,5.840978622436523,1.181501421182078,0.1303462655855001,331776
Mirror Moderate Bi-Maxwellian,ion,1136000,149.88888888888889,1.3116815090179443,0.7623801914755205,1.3125402927398682,1.2754063606262207,1.3500211238861084,5.510497093200684,5.520696640014648,5.21981143951416,5.840301513671875,1.1814718315038917,0.13020967751405266,331776
Mirror Moderate Bi-Maxwellian,ion,1136500,149.95486111111111,1.311514139175415,0.7624774831849906,1.3123512268066406,1.2754496335983276,1.3497835397720337,5.511181354522705,5.520315170288086,5.220442771911621,5.842536926269531,1.1814493001903046,0.13006483898511045,331776
Mirror Moderate Bi-Maxwellian,ion,1137000,150.02083333333334,1.3113006353378296,0.7626016285291973,1.3122466802597046,1.275200605392456,1.3495054244995117,5.512030124664307,5.521739959716797,5.221226692199707,5.841630935668945,1.1814213597137955,0.12987927562403412,331776
Mirror Moderate Bi-Maxwellian,ion,1137500,150.08680555555557,1.3111492395401,0.7626896846241248,1.3119287490844727,1.2750062942504883,1.3494946956634521,5.512789726257324,5.521083831787109,5.221786975860596,5.844813346862793,1.1813963618523335,0.12975287768776655,331776
Mirror Moderate Bi-Maxwellian,ion,1138000,150.15277777777777,1.3109772205352783,0.76278976044427,1.3117152452468872,1.2749395370483398,1.3493551015853882,5.513638019561768,5.5221147537231445,5.223557472229004,5.84414005279541,1.1813684533609412,0.12960876717433711,331776
Mirror Moderate Bi-Maxwellian,ion,1138500,150.21875,1.3107877969741821,0.7628999921332777,1.3115805387496948,1.2745929956436157,1.349076271057129,5.514375686645508,5.522900581359863,5.223329067230225,5.847329616546631,1.1813441914053406,0.1294436055688415,331776
Mirror Moderate Bi-Maxwellian,ion,1139000,150.28472222222223,1.3106361627578735,0.7629882559441782,1.311370849609375,1.2745519876480103,1.3487509489059448,5.515203952789307,5.524028301239014,5.22396183013916,5.847372055053711,1.1813169573709512,0.12931920538692232,331776
Mirror Moderate Bi-Maxwellian,ion,1139500,150.35069444444446,1.3104526996612549,0.7630950741362086,1.3112728595733643,1.2744466066360474,1.348707675933838,5.515910625457764,5.525341033935547,5.225898742675781,5.847250938415527,1.1812937278904896,0.1291589717707653,331776
Mirror Moderate Bi-Maxwellian,ion,1140000,150.41666666666669,1.3102972507476807,0.7631856049681711,1.3111416101455688,1.2743232250213623,1.3485467433929443,5.516759872436523,5.525374412536621,5.227062225341797,5.8475847244262695,1.1812658196337884,0.12903143111389226,331776
Mirror Moderate Bi-Maxwellian,ion,1140500,150.48263888888889,1.310123085975647,0.7632870611201399,1.3109033107757568,1.2738676071166992,1.3485310077667236,5.517500400543213,5.526407241821289,5.227693557739258,5.848084926605225,1.1812414911472497,0.12888159482839723,331776
Mirror Moderate Bi-Maxwellian,ion,1141000,150.54861111111111,1.3099466562271118,0.7633898641950693,1.3107141256332397,1.2737913131713867,1.3482787609100342,5.518285751342773,5.5264387130737305,5.226595878601074,5.849809646606445,1.1812156972401562,0.12873095898695563,331776
Mirror Moderate Bi-Maxwellian,ion,1141500,150.61458333333334,1.3097987174987793,0.763476087310287,1.3105995655059814,1.27363121509552,1.3480594158172607,5.519065856933594,5.52847957611084,5.228999137878418,5.851454734802246,1.181190082873119,0.1286086346256603,331776
Mirror Moderate Bi-Maxwellian,ion,1142000,150.68055555555557,1.3096237182617188,0.7635781072500073,1.3105367422103882,1.2735679149627686,1.3479890823364258,5.519805431365967,5.52999210357666,5.227537155151367,5.853977680206299,1.1811658060114871,0.12845791225023162,331776
Mirror Moderate Bi-Maxwellian,ion,1142500,150.74652777777777,1.3094450235366821,0.7636823097002564,1.3102660179138184,1.2733322381973267,1.347693920135498,5.520725250244141,5.529333114624023,5.229266166687012,5.853815078735352,1.1811356216206879,0.12830940191599427,331776
Mirror Moderate Bi-Maxwellian,ion,1143000,150.8125,1.3092626333236694,0.7637886964370311,1.3101015090942383,1.2731136083602905,1.347578763961792,5.521514415740967,5.529890060424805,5.229965686798096,5.852486610412598,1.1811097327119455,0.1281529006117239,331776
Mirror Moderate Bi-Maxwellian,ion,1143500,150.87847222222223,1.3091027736663818,0.7638819656605853,1.3099238872528076,1.2728461027145386,1.3474942445755005,5.522278785705566,5.5322675704956055,5.230323314666748,5.854599952697754,1.181084664285422,0.1280181093809598,331776
Mirror Moderate Bi-Maxwellian,ion,1144000,150.94444444444446,1.30894935131073,0.7639715005004889,1.3097712993621826,1.2727030515670776,1.347470998764038,5.523030757904053,5.5321526527404785,5.232698917388916,5.854369163513184,1.1810600092293333,0.12788934208139668,331776
Mirror Moderate Bi-Maxwellian,ion,1144500,151.01041666666669,1.3087685108184814,0.7640770630817035,1.309610366821289,1.2725666761398315,1.347165584564209,5.523840427398682,5.532629489898682,5.232146263122559,5.8570075035095215,1.1810334699460039,0.12773504087247756,331776
Mirror Moderate Bi-Maxwellian,ion,1145000,151.07638888888889,1.308631420135498,0.7641571068929846,1.309621810913086,1.2724756002426147,1.3470213413238525,5.524576187133789,5.532164573669434,5.2343645095825195,5.856939792633057,1.1810093600173177,0.12762206011818034,331776
Mirror Moderate Bi-Maxwellian,ion,1145500,151.14236111111111,1.3084603548049927,0.7642570111717567,1.3094327449798584,1.2723233699798584,1.3469702005386353,5.525393486022949,5.535007476806641,5.233511447906494,5.859084606170654,1.180982585680025,0.12747776912496778,331776
Mirror Moderate Bi-Maxwellian,ion,1146000,151.20833333333334,1.3082988262176514,0.7643513698556493,1.3091611862182617,1.2720909118652344,1.346704125404358,5.526236534118652,5.534736633300781,5.234612941741943,5.8588361740112305,1.1809549761082538,0.12734385010939753,331776
Mirror Moderate Bi-Maxwellian,ion,1146500,151.27430555555557,1.3081401586532593,0.7644440799291018,1.3090667724609375,1.2718809843063354,1.3464641571044922,5.526928901672363,5.536465167999268,5.233250141143799,5.860260963439941,1.1809323075781588,0.12720785107510046,331776
Mirror Moderate Bi-Maxwellian,ion,1147000,151.34027777777777,1.3079800605773926,0.7645376486538806,1.3088493347167969,1.2719125747680664,1.3463079929351807,5.527764320373535,5.536419868469238,5.235515117645264,5.861412048339844,1.1809049630271549,0.12707509755023771,331776
Mirror Moderate Bi-Maxwellian,ion,1147500,151.40625,1.3078312873840332,0.7646246191282307,1.3088457584381104,1.2716467380523682,1.3461713790893555,5.528585910797119,5.537562370300293,5.237104892730713,5.862810134887695,1.180878079157102,0.12695320822693112,331776
Mirror Moderate Bi-Maxwellian,ion,1148000,151.47222222222223,1.3076646327972412,0.7647220662846007,1.3084642887115479,1.271593689918518,1.3460160493850708,5.529460906982422,5.538268089294434,5.237193584442139,5.862418174743652,1.1808494565423606,0.1268151762548806,331776
Mirror Moderate Bi-Maxwellian,ion,1148500,151.53819444444446,1.307490587234497,0.7648238616502185,1.3083596229553223,1.2713570594787598,1.34591543674469,5.5302300453186035,5.538673400878906,5.238399505615234,5.8635430335998535,1.1808243041980704,0.12666628303642669,331776
Mirror Moderate Bi-Maxwellian,ion,1149000,151.60416666666669,1.307329773902893,0.7649179418706323,1.3082160949707031,1.2713074684143066,1.3456194400787354,5.530974388122559,5.539542198181152,5.238985538482666,5.863439083099365,1.1807999693774467,0.12652980452544638,331776
Mirror Moderate Bi-Maxwellian,ion,1149500,151.67013888888889,1.3072025775909424,0.76499237160541,1.3081272840499878,1.2711772918701172,1.345548152923584,5.531708240509033,5.541144371032715,5.239406585693359,5.864450454711914,1.1807759839314986,0.12642659365944375,331776
Mirror Moderate Bi-Maxwellian,ion,1150000,151.73611111111111,1.3070428371429443,0.7650858652696441,1.3078749179840088,1.2710516452789307,1.3450974225997925,5.53252649307251,5.541240692138672,5.2400007247924805,5.866945743560791,1.1807492474283021,0.12629358971464222,331776
Mirror Moderate Bi-Maxwellian,ion,1150500,151.80208333333334,1.3069063425064087,0.7651657716207741,1.3076114654541016,1.2710267305374146,1.344980001449585,5.533317565917969,5.541816711425781,5.241082668304443,5.865837097167969,1.1807234065435572,0.12618293596285146,331776
Mirror Moderate Bi-Maxwellian,ion,1151000,151.86805555555557,1.3067753314971924,0.7652424834606304,1.3075764179229736,1.2707386016845703,1.345043420791626,5.533956050872803,5.542091369628906,5.2404279708862305,5.869017601013184,1.180702555424574,0.12607277607261835,331776
Mirror Moderate Bi-Maxwellian,ion,1151500,151.93402777777777,1.3066208362579346,0.7653329659612088,1.3075623512268066,1.2705681324005127,1.344909429550171,5.534718036651611,5.544689178466797,5.242432594299316,5.868403434753418,1.1806776774133518,0.12594315884458274,331776
Mirror Moderate Bi-Maxwellian,ion,1152000,152.0,1.3064647912979126,0.7654243778024404,1.307314395904541,1.2706464529037476,1.3444689512252808,5.535489559173584,5.545856475830078,5.241887092590332,5.870555877685547,1.1806524950160495,0.12581229628186308,331776
Mirror Moderate Bi-Maxwellian,ion,1152500,152.06597222222223,1.306347370147705,0.7654931780411001,1.3072686195373535,1.27052640914917,1.3444998264312744,5.536294460296631,5.545358657836914,5.243393898010254,5.868899822235107,1.1806262306261832,0.12572113952152186,331776
Mirror Moderate Bi-Maxwellian,ion,1153000,152.13194444444446,1.3062057495117188,0.7655761738713954,1.3069440126419067,1.2703886032104492,1.3442580699920654,5.537047386169434,5.545899868011475,5.24489164352417,5.870951175689697,1.180601669131065,0.12560408038065374,331776
Mirror Moderate Bi-Maxwellian,ion,1153500,152.19791666666669,1.3060688972473145,0.7656563923293873,1.306922197341919,1.2701947689056396,1.344115972518921,5.537773609161377,5.546616554260254,5.243913173675537,5.872213840484619,1.18057798504902,0.12549091219829456,331776
Mirror Moderate Bi-Maxwellian,ion,1154000,152.26388888888889,1.3059176206588745,0.7657450854330843,1.3067610263824463,1.2701677083969116,1.3439135551452637,5.538493633270264,5.547218322753906,5.244890213012695,5.872066497802734,1.1805545092609484,0.1253631113979261,331776
Mirror Moderate Bi-Maxwellian,ion,1154500,152.32986111111111,1.3058165311813354,0.7658043654075417,1.306765079498291,1.2700912952423096,1.3437836170196533,5.539158821105957,5.549151420593262,5.246401309967041,5.873455047607422,1.180532826787649,0.12528370439368652,331776
Mirror Moderate Bi-Maxwellian,ion,1155000,152.39583333333334,1.3056840896606445,0.7658820444537286,1.30643630027771,1.2698383331298828,1.34356689453125,5.539782524108887,5.549030303955078,5.246240139007568,5.874863624572754,1.1805125012846704,0.12517158837597409,331776
Mirror Moderate Bi-Maxwellian,ion,1155500,152.46180555555557,1.3055402040481567,0.7659664535027322,1.3062362670898438,1.2697205543518066,1.3434171676635742,5.540536403656006,5.550482273101807,5.247555255889893,5.87223482131958,1.18048793964067,0.12505226440748674,331776
Mirror Moderate Bi-Maxwellian,ion,1156000,152.52777777777777,1.3054091930389404,0.76604332597968,1.3063721656799316,1.269509196281433,1.3433852195739746,5.541319847106934,5.550379753112793,5.248321533203125,5.876581192016602,1.1804624218762774,0.12494677116266306,331776
Mirror Moderate Bi-Maxwellian,ion,1156500,152.59375,1.3052852153778076,0.7661160857556756,1.3059766292572021,1.269402027130127,1.3433445692062378,5.542059898376465,5.550536155700684,5.247940540313721,5.876555442810059,1.1804383240774694,0.12484689130033821,331776
Mirror Moderate Bi-Maxwellian,ion,1157000,152.65972222222223,1.305166244506836,0.7661859201529192,1.3059719800949097,1.269309163093567,1.34324049949646,5.542739391326904,5.55100154876709,5.249860763549805,5.875825881958008,1.1804162038656854,0.12475004064115058,331776
Mirror Moderate Bi-Maxwellian,ion,1157500,152.72569444444446,1.3050498962402344,0.7662542274291093,1.305870532989502,1.2691831588745117,1.3431857824325562,5.543435573577881,5.551159858703613,5.251123905181885,5.87730598449707,1.1803935459746984,0.12465635026553601,331776
Mirror Moderate Bi-Maxwellian,ion,1158000,152.79166666666669,1.3049379587173462,0.7663199566843187,1.3058472871780396,1.2691015005111694,1.3429205417633057,5.544064044952393,5.553704261779785,5.250880718231201,5.877617359161377,1.1803730966835515,0.12456486203379469,331776
Mirror Moderate Bi-Maxwellian,ion,1158500,152.85763888888889,1.3048303127288818,0.7663831766052636,1.3056557178497314,1.2690712213516235,1.3427338600158691,5.544728755950928,5.552743434906006,5.25058126449585,5.877656936645508,1.1803514732667024,0.12447883946217941,331776
Mirror Moderate Bi-Maxwellian,ion,1159000,152.92361111111111,1.3046787977218628,0.766472178245043,1.3055962324142456,1.2688426971435547,1.3426930904388428,5.5454936027526855,5.555087089538574,5.25208854675293,5.880217552185059,1.1803265987907041,0.12435219893115868,331776
Mirror Moderate Bi-Maxwellian,ion,1159500,152.98958333333334,1.304560661315918,0.7665415872584217,1.3053946495056152,1.2686569690704346,1.342599630355835,5.54616641998291,5.554380416870117,5.252186298370361,5.881330490112305,1.180304722987934,0.12425593832798398,331776
Mirror Moderate Bi-Maxwellian,ion,1160000,153.05555555555557,1.3044406175613403,0.7666121297798179,1.305124282836914,1.268602728843689,1.342333436012268,5.546934127807617,5.555997848510742,5.253751277923584,5.8805952072143555,1.180279768419612,0.12416084914172831,331776
Mirror Moderate Bi-Maxwellian,ion,1160500,153.12152777777777,1.3043596744537354,0.7666597025232317,1.3050552606582642,1.2684818506240845,1.342432975769043,5.54749870300293,5.555842399597168,5.253716468811035,5.881801128387451,1.1802614211443956,0.12409825330933977,331776
Mirror Moderate Bi-Maxwellian,ion,1161000,153.1875,1.3042124509811401,0.7667462454048146,1.305004358291626,1.26841402053833,1.3420863151550293,5.548154830932617,5.556232452392578,5.254311561584473,5.883056640625,1.1802401033267316,0.12397234765440857,331776
Mirror Moderate Bi-Maxwellian,ion,1161500,153.25347222222223,1.3041216135025024,0.7667996524605419,1.3048895597457886,1.268467903137207,1.34200119972229,5.54877233505249,5.55692195892334,5.25600528717041,5.882647514343262,1.1802200450147935,0.12390156848770895,331776
Mirror Moderate Bi-Maxwellian,ion,1162000,153.31944444444446,1.3040086030960083,0.7668661062709067,1.3047747611999512,1.2682589292526245,1.3417199850082397,5.549435615539551,5.558572769165039,5.255043983459473,5.884860515594482,1.1801985047271828,0.1238100983688255,331776
Mirror Moderate Bi-Maxwellian,ion,1162500,153.38541666666669,1.3039066791534424,0.7669260507579017,1.304571270942688,1.268156886100769,1.341788411140442,5.5501251220703125,5.558895111083984,5.255507946014404,5.884966850280762,1.1801761181965893,0.12373056095685309,331776
Mirror Moderate Bi-Maxwellian,ion,1163000,153.45138888888889,1.3037883043289185,0.7669956822589513,1.3044345378875732,1.2681019306182861,1.341752052307129,5.55079984664917,5.559462547302246,5.256967544555664,5.885448455810547,1.1801542169825607,0.12363408734635772,331776
Mirror Moderate Bi-Maxwellian,ion,1163500,153.51736111111111,1.3036856651306152,0.7670560678442458,1.3043992519378662,1.2679616212844849,1.3415307998657227,5.551401615142822,5.560271263122559,5.257850646972656,5.88614559173584,1.1801346883771213,0.12355097675349391,331776
Mirror Moderate Bi-Maxwellian,ion,1164000,153.58333333333334,1.303558588027954,0.767130844124787,1.3042495250701904,1.2678536176681519,1.3412082195281982,5.552002906799316,5.560606956481934,5.257610321044922,5.885947227478027,1.180115179474301,0.1234434085536531,331776
Mirror Moderate Bi-Maxwellian,ion,1164500,153.64930555555557,1.3034837245941162,0.7671749030172079,1.3043791055679321,1.2679393291473389,1.3412542343139648,5.552615642547607,5.561080455780029,5.2576093673706055,5.8889360427856445,1.180095303614638,0.12338842097947822,331776
Mirror Moderate Bi-Maxwellian,ion,1165000,153.71527777777777,1.303382396697998,0.7672345449297229,1.3040153980255127,1.2678415775299072,1.340982437133789,5.55325984954834,5.562384605407715,5.258326530456543,5.888162612915039,1.1800744116235318,0.12330798507446628,331776
Mirror Moderate Bi-Maxwellian,ion,1165500,153.78125,1.3032734394073486,0.7672986878753093,1.303990125656128,1.2677595615386963,1.3410351276397705,5.553969860076904,5.562027931213379,5.259217739105225,5.88899040222168,1.1800513912018515,0.12322204820549709,331776
Mirror Moderate Bi-Maxwellian,ion,1166000,153.84722222222223,1.3031831979751587,0.7673518209517785,1.3039414882659912,1.2675803899765015,1.340867280960083,5.554502487182617,5.56325626373291,5.26082706451416,5.888989448547363,1.1800341258839233,0.12314907209123538,331776
Mirror Moderate Bi-Maxwellian,ion,1166500,153.91319444444446,1.3030825853347778,0.7674110691480753,1.3038232326507568,1.2675094604492188,1.3406686782836914,5.555079460144043,5.563113689422607,5.260805130004883,5.890312194824219,1.1800154268133674,0.12306715852141048,331776
Mirror Moderate Bi-Maxwellian,ion,1167000,153.97916666666669,1.303017020225525,0.7674496836786683,1.3037021160125732,1.267388105392456,1.3406896591186523,5.55571174621582,5.564338684082031,5.260600566864014,5.891035079956055,1.179994939564878,0.1230220806606468,331776
Mirror Moderate Bi-Maxwellian,ion,1167500,154.04513888888889,1.3029236793518066,0.7675046634331578,1.303590178489685,1.2673178911209106,1.3404831886291504,5.556241512298584,5.564440727233887,5.261806011199951,5.890913009643555,1.1799777777453568,0.1229459016064498,331776
Mirror Moderate Bi-Maxwellian,ion,1168000,154.11111111111111,1.3028372526168823,0.7675555776374965,1.3035461902618408,1.2673826217651367,1.3404039144515991,5.556797504425049,5.564608573913574,5.260976791381836,5.892197608947754,1.1799597698501105,0.1228774827667718,331776
Mirror Moderate Bi-Maxwellian,ion,1168500,154.17708333333334,1.302743673324585,0.767610713048418,1.3034138679504395,1.267439603805542,1.340184211730957,5.557348728179932,5.565916061401367,5.261799335479736,5.892795085906982,1.179941919953529,0.12280175337105592,331776
Mirror Moderate Bi-Maxwellian,ion,1169000,154.24305555555557,1.302647590637207,0.7676673316616944,1.3033467531204224,1.2672512531280518,1.3401741981506348,5.557926654815674,5.567317962646484,5.262638092041016,5.893394470214844,1.1799232091581398,0.12272438147906728,331776
Mirror Moderate Bi-Maxwellian,ion,1169500,154.30902777777777,1.3025386333465576,0.7677315469950723,1.3033111095428467,1.267170786857605,1.3400641679763794,5.55856466293335,5.566676139831543,5.263397693634033,5.893845081329346,1.1799025576995417,0.12263607564701595,331776
Mirror Moderate Bi-Maxwellian,ion,1170000,154.375,1.30247163772583,0.7677710370308268,1.3031411170959473,1.2670090198516846,1.3399341106414795,5.559057712554932,5.567568778991699,5.26417875289917,5.893893241882324,1.1798866015982414,0.12258503612758864,331776
Mirror Moderate Bi-Maxwellian,ion,1170500,154.44097222222223,1.3024078607559204,0.7678086336330908,1.3031160831451416,1.2669306993484497,1.339891791343689,5.559501647949219,5.56887149810791,5.263973236083984,5.8947978019714355,1.179872237355821,0.12253562340009938,331776
Mirror Moderate Bi-Maxwellian,ion,1171000,154.50694444444446,1.302328109741211,0.767855652135707,1.3029561042785645,1.2668923139572144,1.3399039506912231,5.560055732727051,5.5673675537109375,5.263937473297119,5.895944595336914,1.1798543122713498,0.12247379746986109,331776
Mirror Moderate Bi-Maxwellian,ion,1171500,154.57291666666669,1.3022561073303223,0.7678981072701901,1.3028676509857178,1.2669062614440918,1.3396598100662231,5.56063985824585,5.569664001464844,5.265988349914551,5.896922588348389,1.1798354192129714,0.12242068811735085,331776
Mirror Moderate Bi-Maxwellian,ion,1172000,154.63888888888889,1.3021498918533325,0.7679607441941368,1.302865982055664,1.2668217420578003,1.3395224809646606,5.561285972595215,5.570043563842773,5.266542434692383,5.8955230712890625,1.179814525799928,0.12233536605340456,331776
Mirror Moderate Bi-Maxwellian,ion,1172500,154.70486111111111,1.3020888566970825,0.7679967422013194,1.3028161525726318,1.2665293216705322,1.3396635055541992,5.56176233291626,5.57037353515625,5.266134738922119,5.896668910980225,1.1797991248352497,0.12228973186183278,331776
Mirror Moderate Bi-Maxwellian,ion,1173000,154.77083333333334,1.3020055294036865,0.7680458933672856,1.3025829792022705,1.2667393684387207,1.3392571210861206,5.562304496765137,5.569342613220215,5.266445159912109,5.898637294769287,1.1797815996196483,0.12222392978403818,331776
Mirror Moderate Bi-Maxwellian,ion,1173500,154.83680555555557,1.301944375038147,0.7680819696853024,1.3025761842727661,1.2664117813110352,1.339395523071289,5.562712669372559,5.570545196533203,5.267591953277588,5.898160934448242,1.1797684078679538,0.12217596717019319,331776
Mirror Moderate Bi-Maxwellian,ion,1174000,154.90277777777777,1.3018312454223633,0.768148716291997,1.302517056465149,1.266552448272705,1.339202642440796,5.563366413116455,5.570666313171387,5.267672538757324,5.898728370666504,1.17974728352286,0.12208396189950332,331776
Mirror Moderate Bi-Maxwellian,ion,1174500,154.96875,1.3017535209655762,0.7681945805364518,1.3024176359176636,1.2663869857788086,1.3390995264053345,5.563736438751221,5.57206916809082,5.26894998550415,5.89847469329834,1.1797353291279287,0.1220181918376475,331776
Mirror Moderate Bi-Maxwellian,ion,1175000,155.03472222222223,1.3016741275787354,0.768241435250861,1.3023539781570435,1.2662581205368042,1.3389273881912231,5.564309597015381,5.572689056396484,5.267662525177002,5.900310516357422,1.1797168152786441,0.12195731230009121,331776
Mirror Moderate Bi-Maxwellian,ion,1175500,155.10069444444446,1.3016033172607422,0.7682832294131869,1.302281141281128,1.2663111686706543,1.3389556407928467,5.564767837524414,5.57271671295166,5.269259929656982,5.901566982269287,1.179702016184177,0.12190130107656527,331776
Mirror Moderate Bi-Maxwellian,ion,1176000,155.16666666666669,1.3015373945236206,0.7683221428808912,1.3023005723953247,1.2661923170089722,1.3387939929962158,5.565310955047607,5.573154926300049,5.26968240737915,5.90185022354126,1.1796844791022905,0.12185291542133014,331776
Mirror Moderate Bi-Maxwellian,ion,1176500,155.23263888888889,1.3014591932296753,0.7683683093577601,1.302126407623291,1.2661283016204834,1.338860034942627,5.565900802612305,5.574653625488281,5.269903659820557,5.901987552642822,1.1796654370000017,0.12179375622967359,331776
Mirror Moderate Bi-Maxwellian,ion,1177000,155.29861111111111,1.3013734817504883,0.7684189158787005,1.3019285202026367,1.2660120725631714,1.3386532068252563,5.566364765167236,5.574684143066406,5.270417213439941,5.900640487670898,1.1796504616904955,0.1217230200599928,331776
Mirror Moderate Bi-Maxwellian,ion,1177500,155.36458333333334,1.301328420639038,0.7684455239277215,1.30186927318573,1.26596999168396,1.3385868072509766,5.566851615905762,5.57391357421875,5.2711310386657715,5.902294158935547,1.1796347503035238,0.12169367033551426,331776
Mirror Moderate Bi-Maxwellian,ion,1178000,155.43055555555557,1.3012326955795288,0.7685020545496137,1.3017969131469727,1.26603102684021,1.3382880687713623,5.567287921905518,5.573946952819824,5.2720184326171875,5.9027180671691895,1.1796206724041192,0.12161202317540964,331776
Mirror Moderate Bi-Maxwellian,ion,1178500,155.49652777777777,1.3011716604232788,0.7685381033235031,1.301730751991272,1.2659326791763306,1.3382256031036377,5.567835807800293,5.576118469238281,5.271038055419922,5.905080795288086,1.1796029973798876,0.1215686630433912,331776
Mirror Moderate Bi-Maxwellian,ion,1179000,155.5625,1.3011183738708496,0.7685695783581802,1.3017704486846924,1.2657644748687744,1.3383548259735107,5.568244457244873,5.575967788696289,5.272561550140381,5.902757167816162,1.17958981644545,0.1215285574253997,331776
Mirror Moderate Bi-Maxwellian,ion,1179500,155.62847222222223,1.3010447025299072,0.768613098424274,1.3016539812088013,1.2657630443572998,1.338426947593689,5.568814277648926,5.577581882476807,5.27324104309082,5.9048566818237305,1.1795714401921455,0.12147326233776168,331776
Mirror Moderate Bi-Maxwellian,ion,1180000,155.69444444444446,1.3009436130523682,0.7686728233007175,1.301612138748169,1.2658295631408691,1.3379650115966797,5.569207191467285,5.576976776123047,5.272083282470703,5.905250072479248,1.179558771225485,0.12138484182688325,331776
Mirror Moderate Bi-Maxwellian,ion,1180500,155.76041666666669,1.300889015197754,0.7687050842288691,1.3014535903930664,1.2655673027038574,1.3379846811294556,5.569729328155518,5.577400207519531,5.273230075836182,5.90612268447876,1.1795419384107058,0.12134707678704815,331776
Mirror Moderate Bi-Maxwellian,ion,1181000,155.82638888888889,1.3007932901382446,0.7687616530476743,1.3013763427734375,1.2656638622283936,1.337929129600525,5.570253372192383,5.5775299072265625,5.274319648742676,5.9076738357543945,1.1795250472792072,0.12126824285903748,331776
Mirror Moderate Bi-Maxwellian,ion,1181500,155.89236111111111,1.3007291555404663,0.7687995581097663,1.3012888431549072,1.2656071186065674,1.3378351926803589,5.57070779800415,5.578307151794434,5.274018287658691,5.907808303833008,1.1795104026741945,0.12121875286627182,331776
Mirror Moderate Bi-Maxwellian,ion,1182000,155.95833333333334,1.3006583452224731,0.7688414130222287,1.3013269901275635,1.265438437461853,1.3376734256744385,5.5712690353393555,5.57900333404541,5.274829387664795,5.906718730926514,1.179492319192783,0.12116602602969007,331776
Mirror Moderate Bi-Maxwellian,ion,1182500,156.02430555555557,1.3005969524383545,0.768877705060898,1.3013237714767456,1.2656642198562622,1.3375369310379028,5.571630954742432,5.5782790184021,5.27377462387085,5.9086174964904785,1.1794806598144885,0.12111629262386603,331776
Mirror Moderate Bi-Maxwellian,ion,1183000,156.09027777777777,1.300503134727478,0.7689331715525247,1.3011837005615234,1.2655280828475952,1.3374888896942139,5.572122573852539,5.580262184143066,5.275211811065674,5.909207820892334,1.1794648245342896,0.12103831019318845,331776
Mirror Moderate Bi-Maxwellian,ion,1183500,156.15625,1.3004487752914429,0.7689653133595289,1.3009941577911377,1.265444278717041,1.3374240398406982,5.572563171386719,5.5802764892578125,5.274876594543457,5.910301685333252,1.179450635056893,0.12099814023454991,331776
Mirror Moderate Bi-Maxwellian,ion,1184000,156.22222222222223,1.3003777265548706,0.7690073273166019,1.3009698390960693,1.2651798725128174,1.337402105331421,5.57300329208374,5.581073760986328,5.2764458656311035,5.911364555358887,1.1794364631760519,0.12094126337881872,331776
Mirror Moderate Bi-Maxwellian,ion,1184500,156.28819444444446,1.300277590751648,0.769066549414216,1.300952434539795,1.2652521133422852,1.3372313976287842,5.573624134063721,5.582193851470947,5.276643753051758,5.911527156829834,1.1794164758775905,0.12086111487405748,331776
Mirror Moderate Bi-Maxwellian,ion,1185000,156.35416666666669,1.300235390663147,0.7690915100303333,1.300766944885254,1.2650452852249146,1.3372457027435303,5.5739593505859375,5.580326080322266,5.276340007781982,5.911127090454102,1.1794056858155737,0.12082970484757327,331776
Mirror Moderate Bi-Maxwellian,ion,1185500,156.42013888888889,1.3001503944396973,0.7691417887320277,1.3007915019989014,1.265117883682251,1.337094783782959,5.574464797973633,5.582805633544922,5.277896881103516,5.911524772644043,1.1793894187588212,0.12076097568087607,331776
Mirror Moderate Bi-Maxwellian,ion,1186000,156.48611111111111,1.3000750541687012,0.7691863610439197,1.3006243705749512,1.2650582790374756,1.3370200395584106,5.574962139129639,5.583253860473633,5.276988506317139,5.91266393661499,1.1793734154679156,0.12070163870078554,331776
Mirror Moderate Bi-Maxwellian,ion,1186500,156.55208333333334,1.299985408782959,0.7692394031839141,1.3006142377853394,1.2650068998336792,1.3368830680847168,5.575499534606934,5.583979606628418,5.277385234832764,5.91192626953125,1.179356126530553,0.12062928225240599,331776
Mirror Moderate Bi-Maxwellian,ion,1187000,156.61805555555557,1.2999180555343628,0.7692792601368443,1.3004778623580933,1.2650175094604492,1.3368167877197266,5.575905799865723,5.583320617675781,5.278251647949219,5.9130425453186035,1.1793430584899913,0.12057499704437147,331776
Mirror Moderate Bi-Maxwellian,ion,1187500,156.68402777777777,1.2998602390289307,0.7693134769219934,1.300506591796875,1.264794945716858,1.3368209600448608,5.576507091522217,5.584284782409668,5.27988338470459,5.912247180938721,1.1793237206710034,0.12053651835792722,331776
Mirror Moderate Bi-Maxwellian,ion,1188000,156.75,1.2997710704803467,0.7693662543438803,1.3002705574035645,1.2647435665130615,1.3366303443908691,5.576969146728516,5.583537578582764,5.27985954284668,5.915521621704102,1.1793088635942348,0.12046220688611187,331776
Mirror Moderate Bi-Maxwellian,ion,1188500,156.81597222222223,1.2996912002563477,0.7694135343862932,1.3002674579620361,1.2648074626922607,1.3365223407745361,5.577442646026611,5.585491180419922,5.279422760009766,5.915286540985107,1.1792936410941677,0.12039755916217998,331776
Mirror Moderate Bi-Maxwellian,ion,1189000,156.88194444444446,1.2995924949645996,0.7694719720794014,1.3001749515533447,1.2644755840301514,1.336464762687683,5.577935218811035,5.585900783538818,5.279814720153809,5.916710376739502,1.1792778081444186,0.12031468682018098,331776
Mirror Moderate Bi-Maxwellian,ion,1189500,156.94791666666669,1.299540638923645,0.7695026765982925,1.3001532554626465,1.264648675918579,1.3362598419189453,5.578347682952881,5.585992336273193,5.279972076416016,5.91731071472168,1.179264552307477,0.12027608661616807,331776
Mirror Moderate Bi-Maxwellian,ion,1190000,157.01388888888889,1.2994076013565063,0.7695814607795567,1.3000845909118652,1.264385461807251,1.3362863063812256,5.5789361000061035,5.585817337036133,5.280157566070557,5.916741847991943,1.179245645061055,0.12016195629545146,331776
Mirror Moderate Bi-Maxwellian,ion,1190500,157.07986111111111,1.299345850944519,0.769618034546446,1.2997500896453857,1.2644097805023193,1.3361625671386719,5.5794572830200195,5.587240695953369,5.281194686889648,5.917916297912598,1.1792289015355137,0.1201169494090053,331776
Mirror Moderate Bi-Maxwellian,ion,1191000,157.14583333333334,1.2992656230926514,0.7696655573936396,1.2997918128967285,1.2643852233886719,1.336061954498291,5.5799336433410645,5.58815860748291,5.281637668609619,5.918839454650879,1.1792136007196738,0.12005202237297752,331776
Mirror Moderate Bi-Maxwellian,ion,1191500,157.21180555555557,1.2991667985916138,0.7697241040057896,1.299635648727417,1.2643258571624756,1.3359535932540894,5.580440998077393,5.5879621505737305,5.282279014587402,5.9198713302612305,1.1791973072279638,0.11996949136364998,331776
Mirror Moderate Bi-Maxwellian,ion,1192000,157.27777777777777,1.2990690469741821,0.7697820237725009,1.2996622323989868,1.2642557621002197,1.3358147144317627,5.581011772155762,5.58768367767334,5.283174991607666,5.919332027435303,1.1791789805907777,0.11989006638340438,331776
Mirror Moderate Bi-Maxwellian,ion,1192500,157.34375,1.298991084098816,0.7698282245668814,1.2995145320892334,1.2640048265457153,1.3358057737350464,5.581552505493164,5.588588237762451,5.282235622406006,5.920213222503662,1.1791616219709187,0.11982946212789725,331776
Mirror Moderate Bi-Maxwellian,ion,1193000,157.40972222222223,1.2989084720611572,0.7698771865065767,1.2994370460510254,1.2639527320861816,1.3356471061706543,5.5820746421813965,5.589217185974121,5.282999038696289,5.921424865722656,1.1791448635321748,0.11976360852898238,331776
Mirror Moderate Bi-Maxwellian,ion,1193500,157.47569444444446,1.2988137006759644,0.7699333626366526,1.2994930744171143,1.263984203338623,1.335477590560913,5.582614421844482,5.590510368347168,5.284562110900879,5.920597553253174,1.17912754212203,0.11968615855393439,331776
Mirror Moderate Bi-Maxwellian,ion,1194000,157.54166666666669,1.2986937761306763,0.770004460157957,1.2991734743118286,1.2637767791748047,1.335376501083374,5.583094596862793,5.5896477699279785,5.284639358520508,5.922295570373535,1.1791121362267285,0.11958163990394777,331776
Mirror Moderate Bi-Maxwellian,ion,1194500,157.60763888888889,1.2986092567443848,0.770054575544149,1.2991423606872559,1.263805866241455,1.335237741470337,5.5836334228515625,5.592087268829346,5.2842817306518555,5.922418594360352,1.1790948517335331,0.11951440501085164,331776
Mirror Moderate Bi-Maxwellian,ion,1195000,157.67361111111111,1.2985570430755615,0.7700855386618631,1.299159288406372,1.263676643371582,1.3352001905441284,5.584051132202148,5.591464996337891,5.284878730773926,5.9233174324035645,1.1790814547225745,0.119475588352987,331776
Mirror Moderate Bi-Maxwellian,ion,1195500,157.73958333333334,1.2984505891799927,0.7701486743762253,1.2990840673446655,1.2635509967803955,1.3352822065353394,5.584710597991943,5.5919623374938965,5.286056995391846,5.92495584487915,1.179060308041667,0.11939028113832562,331776
Mirror Moderate Bi-Maxwellian,ion,1196000,157.80555555555557,1.2983242273330688,0.7702236305442235,1.2989535331726074,1.2635328769683838,1.3349121809005737,5.585183620452881,5.592947959899902,5.284966468811035,5.92620849609375,1.1790451429990612,0.11927908433400769,331776
Mirror Moderate Bi-Maxwellian,ion,1196500,157.87152777777777,1.2982474565505981,0.7702691770773562,1.2988109588623047,1.263468623161316,1.334822177886963,5.585691452026367,5.593144416809082,5.284888744354248,5.925385475158691,1.1790288648395038,0.11921859171109439,331776
Mirror Moderate Bi-Maxwellian,ion,1197000,157.9375,1.2981466054916382,0.770329018132183,1.2987356185913086,1.2632246017456055,1.3348637819290161,5.586276531219482,5.59399938583374,5.2868218421936035,5.92626953125,1.17901011423466,0.11913649125697812,331776
Mirror Moderate Bi-Maxwellian,ion,1197500,158.00347222222223,1.2980482578277588,0.7703873827260223,1.2986241579055786,1.2632081508636475,1.334646463394165,5.586812973022461,5.5943732261657715,5.287714004516602,5.925913333892822,1.1789929258109746,0.1190553320167842,331776
Mirror Moderate Bi-Maxwellian,ion,1198000,158.06944444444446,1.2979594469070435,0.7704400953226526,1.298536777496338,1.262993335723877,1.3345977067947388,5.587211608886719,5.595127105712891,5.286622047424316,5.927987098693848,1.1789801550400298,0.11897929186701361,331776
Mirror Moderate Bi-Maxwellian,ion,1198500,158.13541666666669,1.297883152961731,0.7704853843876697,1.2985258102416992,1.2628190517425537,1.3346107006072998,5.58783483505249,5.595314025878906,5.28875207901001,5.92878532409668,1.1789601929045932,0.11892296005713776,331776
Mirror Moderate Bi-Maxwellian,ion,1199000,158.20138888888889,1.297761082649231,0.7705578579676733,1.2983006238937378,1.262975811958313,1.3344372510910034,5.588372230529785,5.595419883728027,5.2885050773620605,5.927613735198975,1.1789429835287115,0.11881809912051944,331776
Mirror Moderate Bi-Maxwellian,ion,1199500,158.26736111111111,1.2976551055908203,0.7706207879825677,1.2982590198516846,1.2629338502883911,1.3343406915664673,5.588829040527344,5.59747314453125,5.287907600402832,5.931874752044678,1.178928357398036,0.11872674819278428,331776
Mirror Moderate Bi-Maxwellian,ion,1200000,158.33333333333334,1.2975053787231445,0.7707097145015961,1.2981626987457275,1.2627522945404053,1.3341610431671143,5.589489459991455,5.59743070602417,5.288074493408203,5.93171501159668,1.178907216331262,0.11859816239188259,331776
