step,omega_ci_t,A_mean,A_median,A_p10,A_p90,T_parallel_mean,T_perp_mean,beta_parallel_mean,beta_parallel_median
0,0.0,2.009237903268532,2.0033958233053015,1.795026919344739,2.231267144848148,0.015976872901688498,0.03193490536623543,4.9927273042223606,4.953452388740187
500,0.06597222222222222,2.003763493324078,2.0016728059300535,1.8588542967730615,2.1515947046289408,0.015981865567025782,0.031947965609239834,4.993508358613142,4.970748011124101
1000,0.13194444444444445,2.003957826378026,2.001986977338511,1.8586361528311701,2.1526001144343025,0.015978600996179364,0.031944319676246835,4.992117227468579,4.969920089275934
1500,0.19791666666666669,2.0041355900551547,2.0018492291922665,1.8589077124400628,2.152242396802791,0.015975193260758146,0.03194044030603552,4.990922266168005,4.96885226748348
2000,0.2638888888888889,2.004343943041005,2.002517820609767,1.8584914386743008,2.152563810937554,0.015971844377347243,0.03193671635912818,4.989824032088041,4.967551969761021
2500,0.3298611111111111,2.0045123662873277,2.0024906391064796,1.8591578679480851,2.1528903388662615,0.015968552254353736,0.0319330814364422,4.988735739091927,4.966261342039536
3000,0.39583333333333337,2.004674928503172,2.0027250908445957,1.859079954467433,2.1526238783112017,0.015965392603419264,0.03192914534103334,4.9877505930383625,4.965866690828033
3500,0.4618055555555556,2.0048127928876984,2.0030191834352573,1.8596023865850981,2.152729404129039,0.015962149295121148,0.03192550519775032,4.986773595974788,4.96401508618796
4000,0.5277777777777778,2.005003361942948,2.0030641015260153,1.859871742091551,2.153233289983782,0.015958974310377478,0.03192181003954609,4.985758117195095,4.963724587559904
4500,0.59375,2.005197531012959,2.003170632162049,1.8590078462107056,2.1542907779092664,0.01595578989375516,0.031918071517206256,4.984783714019321,4.9621169855254355
5000,0.6597222222222222,2.0053317615241086,2.003380026941518,1.8598537280714464,2.153997676777732,0.015952614119298342,0.03191438275056627,4.983830326586718,4.960855954225652
5500,0.7256944444444444,2.005492218048703,2.003613528388369,1.8600651670591928,2.1536875777400826,0.01594939127761565,0.03191063110278027,4.982877633800207,4.961585104449259
6000,0.7916666666666667,2.0056872802614083,2.003525473633887,1.8599511225868004,2.1545972043490513,0.01594634508703674,0.031907092281329937,4.981953476396702,4.959533618397164
6500,0.857638888888889,2.005836123749999,2.0037094596889915,1.8604653600603371,2.154115908474264,0.015943190360040115,0.031903323171228695,4.980982235642471,4.958933599365652
7000,0.9236111111111112,2.005970518416418,2.0042894115402063,1.8603885657648416,2.1537559501643884,0.015940322502956586,0.03189976293263305,4.980082408285643,4.957632621977366
7500,0.9895833333333335,2.006128634058846,2.004167895565261,1.8606294094636273,2.1540733451835856,0.015937112351056108,0.031896029316135666,4.979150161824876,4.956882703017333
8000,1.0555555555555556,2.006275842592988,2.004503655932176,1.860743216838344,2.154563156544131,0.015934205544421164,0.03189246968202628,4.9782159936958585,4.955630362551482
8500,1.121527777777778,2.0064218317286096,2.0043659868775414,1.8609294589270482,2.155374078548016,0.01593124401811818,0.03188874854751668,4.977326136370058,4.955234226167649
9000,1.1875,2.0065457952213177,2.004775992994018,1.8606373789710844,2.154591057409978,0.015928240389224364,0.031885088612878844,4.976407300318115,4.954315059064093
9500,1.2534722222222223,2.0067155735376687,2.0049258447217086,1.8610073617054304,2.1548297975381634,0.01592526525260532,0.031881455665776166,4.975485263085858,4.953667453369555
10000,1.3194444444444444,2.0068649528536504,2.005003590169597,1.8611036560820988,2.1553758494710427,0.01592229018608561,0.03187782279557192,4.974601124774135,4.9520767382821695
10500,1.3854166666666667,2.006993378183436,2.0049976230669277,1.861889578152071,2.1557285640011967,0.01591940053807397,0.03187424246338831,4.973716931481535,4.951139019901133
11000,1.4513888888888888,2.0071384619629544,2.00537954412309,1.8615359835567946,2.1556107731465977,0.015916406520271337,0.03187064480339944,4.9728210181154475,4.950435619780958
11500,1.5173611111111112,2.0072498893732087,2.0052924910056324,1.8620492923776217,2.1556117347976556,0.015913584158211258,0.031867088970260714,4.971940570856437,4.95022593687637
12000,1.5833333333333335,2.0073705340989707,2.0052195221393974,1.8622966143276032,2.1555162662593927,0.015910742938351752,0.03186345843366834,4.971038627256393,4.948749174884265
12500,1.6493055555555556,2.0075191561065284,2.0052717092589605,1.8623616281773538,2.15615425386449,0.015907828726153955,0.03185975246074532,4.9701888820412785,4.94750687188283
13000,1.715277777777778,2.007666912230473,2.005716152357338,1.8624609033986634,2.1558354866533573,0.01590500645893121,0.0318562812847612,4.969305034125581,4.947222759300807
13500,1.78125,2.0077863679681354,2.0056881111404783,1.862324790831798,2.1564502937722647,0.01590215951906161,0.031852607637639745,4.968439662244111,4.9459307567878
14000,1.8472222222222223,2.0079400455804564,2.006175968940081,1.8622422295235652,2.1560926400158023,0.015899379098940996,0.031849008962798374,4.967515424767748,4.944698269415509
14500,1.9131944444444446,2.0080493768659258,2.0062605882332116,1.862670133092217,2.156291282521151,0.01589649549715619,0.031845415779314684,4.966719381401106,4.944533386742664
15000,1.979166666666667,2.008196676230417,2.0060739572660355,1.8628344615441739,2.156868203260771,0.015893698766098398,0.03184194608118596,4.965814738794588,4.943689820423671
15500,2.045138888888889,2.00827525253013,2.0065229656792325,1.863090782241228,2.1567661821903936,0.015890973724039706,0.0318380832298116,4.964980099436609,4.942656925923168
16000,2.111111111111111,2.008452353084149,2.006466474013909,1.8629590395233517,2.1573511882159684,0.015888111102959932,0.031834618424062856,4.964113751741822,4.942543341333204
16500,2.1770833333333335,2.0085782621142467,2.0066383596079294,1.8627771523306609,2.1570669486829734,0.015885314179865898,0.03183113158314675,4.963271161395147,4.941341024847716
17000,2.243055555555556,2.008663809651494,2.006772184305224,1.8633540254078516,2.157059059324541,0.015882577360922197,0.03182745918388264,4.962405086593938,4.940034438440436
17500,2.3090277777777777,2.008748791942698,2.0069170807635617,1.863213318573679,2.156886754108406,0.015879918328332288,0.031823818364195004,4.961550097843007,4.939937095493921
18000,2.375,2.0088936798399697,2.006879750649387,1.863435696512522,2.157255155350007,0.015877109847109137,0.03182029792476749,4.960739592931679,4.9387730854931835
18500,2.4409722222222223,2.0090323071364695,2.007143015063551,1.8635405370232778,2.1574317177391977,0.01587439725789772,0.03181672353765088,4.959878387027632,4.9374140135553395
19000,2.5069444444444446,2.0091467902670597,2.007322215652701,1.8637450820200803,2.157227409100934,0.015871733059680055,0.031813181244339746,4.9590489295520035,4.936868996754379
19500,2.572916666666667,2.00928567963472,2.0073772860468773,1.8636033428942396,2.157712428533459,0.015868907860413655,0.031809582437106174,4.958201994118662,4.935876427090855
20000,2.638888888888889,2.0093709031771954,2.007247973835498,1.8642257676703111,2.157790943965132,0.015866298682234936,0.031806138487646664,4.957362728164966,4.935568798347903
20500,2.704861111111111,2.00945528535552,2.007404844424168,1.8641146558268546,2.157569444542318,0.015863650282364757,0.03180246820819505,4.956571841246529,4.934486799087139
21000,2.7708333333333335,2.009600981885711,2.007562491422858,1.8637106314211942,2.15798603137379,0.01586093450359428,0.03179882804378413,4.955718323971638,4.933708162121503
21500,2.836805555555556,2.009735655327213,2.007535204296843,1.8640931359034,2.157984968178918,0.015858363962547348,0.03179540976054962,4.954893433483687,4.932659408411069
22000,2.9027777777777777,2.009833907252073,2.007947501327755,1.8640240462145559,2.1582386133988787,0.015855573540231083,0.031791729447822624,4.954047094672931,4.932315461224588
22500,2.96875,2.0099149608194122,2.0077401718497088,1.864421859382865,2.1582972167729904,0.015852944724856037,0.03178820806414765,4.953240687753771,4.932441096564414
23000,3.0347222222222223,2.0100586676944996,2.0082999360445255,1.864183810104589,2.1582611481352005,0.015850261937136068,0.03178466095939989,4.952414613550771,4.93051387927612
23500,3.1006944444444446,2.0101557457581634,2.0082565572459865,1.864658873664594,2.1587065061099366,0.01584768246539977,0.031781117277608135,4.951627545232849,4.929492930057039
24000,3.166666666666667,2.010273687594426,2.008672307701553,1.8646534850654144,2.1583492677342475,0.015845035944244273,0.03177763485780196,4.950799470378221,4.928421635600209
24500,3.232638888888889,2.0103307680001588,2.008181926127469,1.865479418945677,2.1581079711641116,0.015842467261529665,0.03177409812259154,4.949992811258373,4.928434120868328
25000,3.298611111111111,2.0104673425580675,2.0086426342048633,1.86522500051333,2.1588103887350893,0.01583987312613347,0.03177062705869553,4.949156308199006,4.927366310342291
25500,3.364583333333334,2.010578988492337,2.0086326604917843,1.8650275091914155,2.1592865787004367,0.01583721089432138,0.031766974587343386,4.948352047292055,4.926180213973831
26000,3.430555555555556,2.010703438470833,2.0089243480367736,1.8653442360536323,2.158809294679262,0.015834466464687363,0.03176346486122931,4.947532812002549,4.925319467982536
26500,3.4965277777777777,2.0107812425787683,2.0087668668386653,1.865601148895157,2.159132924382581,0.015831975093956514,0.03175992462068628,4.946723959606701,4.925683390658358
27000,3.5625,2.0109271015774524,2.009113969600828,1.8653899102890854,2.1591102662470023,0.01582937643434364,0.03175630821977758,4.9459562067347385,4.923158911737364
27500,3.628472222222222,2.0110176042299157,2.009244239325864,1.865237470179245,2.1592247594034966,0.015826733740057088,0.03175283509876753,4.945122420162392,4.9233546251430695
28000,3.6944444444444446,2.0111342337668647,2.009230315122971,1.8656708159270095,2.15911477383699,0.015824161765466215,0.03174942962819379,4.944324935620199,4.922819832216013
28500,3.7604166666666665,2.0112361341229863,2.009436748489322,1.865504484533084,2.1600206198370078,0.01582147836934483,0.031745697640192416,4.94347636515797,4.921425910257556
29000,3.8263888888888893,2.0113076802319174,2.0096697629984464,1.8661420370103743,2.1588520540929297,0.015818993462693352,0.031742240582251724,4.942694944327062,4.920264286517924
29500,3.892361111111111,2.0114086663396895,2.009342087826192,1.8664289585708413,2.1593136742912846,0.015816309195810282,0.031738673921551275,4.9419006273647845,4.920079631623908
30000,3.958333333333334,2.0115301596902215,2.009324627660689,1.8657781546770291,2.1600648347099805,0.015813795811969397,0.03173506550920756,4.9410841854389105,4.919635585560636
30500,4.024305555555555,2.0116406122443777,2.009667598844473,1.8664024237948507,2.159739987635361,0.015811286291013065,0.031731705585166387,4.94028729956258,4.918008064717963
31000,4.090277777777778,2.0117258329566603,2.009800574283276,1.866015780801877,2.160175559785027,0.015808697429339876,0.03172811182496904,4.939513366064187,4.9173419054259355
31500,4.15625,2.0118480713321576,2.00960826741857,1.8665366696584917,2.1605111530812877,0.01580617588682745,0.031724686178267555,4.938701707785259,4.917593307696057
32000,4.222222222222222,2.011936833733849,2.009899100259467,1.8664994484210187,2.1600472312290253,0.015803588792324786,0.03172132362570108,4.937914516581337,4.916182551257068
32500,4.288194444444445,2.0120447109316584,2.0099644647163486,1.8663563922044992,2.1606065939378043,0.015801035469227523,0.03171772238397719,4.937105729722636,4.915480583336269
33000,4.354166666666667,2.0121496295703154,2.010312779998541,1.8664799209144745,2.160311087789368,0.01579846988058719,0.031714179073146345,4.936335788791802,4.914918402172111
33500,4.420138888888889,2.012245625467896,2.0101817062045955,1.8670409765632971,2.160479686787459,0.015795976111056438,0.03171064029068178,4.935532805371551,4.913379600783366
34000,4.486111111111112,2.0123411730644625,2.0104506015713506,1.8667018796281036,2.1604182206164024,0.01579339748773046,0.03170709771719532,4.934755602339152,4.91237662732803
34500,4.552083333333334,2.0124530204860234,2.0105538259208457,1.8668304543284728,2.1608331560046032,0.015790841501319867,0.03170360441931284,4.9339385714218755,4.911519566600971
35000,4.618055555555555,2.0125100482774676,2.0104130339263784,1.8669545045538383,2.160736898143849,0.015788375271860652,0.031700065216141854,4.933180091097345,4.911779642199946
35500,4.684027777777778,2.0126008917292433,2.0103000135480533,1.8676493631502022,2.1606368604644013,0.015785807111712454,0.03169659568465083,4.932347615783828,4.910872925099199
36000,4.75,2.012731121526156,2.0107438720832604,1.8673467330935503,2.1611727683289663,0.015783259891148763,0.03169304780414505,4.931611795326308,4.909188533434123
36500,4.815972222222222,2.0128374651584844,2.010923481785748,1.8673280486347736,2.1613823032122017,0.01578068406347907,0.031689432899537136,4.930821504624491,4.908018324547398
37000,4.881944444444445,2.012964168644164,2.011109321375743,1.8671624775439706,2.1612958522030885,0.015778172291996802,0.03168604432929938,4.929975930773391,4.908065498190279
37500,4.947916666666667,2.013019739225374,2.0111264153882584,1.8673624052011288,2.1612708760554753,0.01577568419503273,0.03168251340011703,4.929207399531529,4.90708539651802
38000,5.013888888888889,2.0131349784305352,2.011207003422739,1.8681048334229302,2.1613816885556885,0.015773100340053595,0.03167900721225469,4.928428859340962,4.906562744499219
38500,5.079861111111112,2.013217140709775,2.011178274541778,1.8682290353147508,2.1611718243864884,0.01577061910592932,0.031675346709838875,4.927649209246189,4.905545025428848
39000,5.145833333333334,2.0132878195485118,2.0112975006876477,1.8682841912475423,2.16135268740262,0.015768068534870703,0.031671813434893614,4.926869994368915,4.905168687126381
39500,5.211805555555555,2.0134223296374545,2.0116383039712384,1.8679676785774264,2.16152883363319,0.015765622221935113,0.03166844251657335,4.9260701321093405,4.904323539860606
40000,5.277777777777778,2.013498359345728,2.0116705505646104,1.868107478879435,2.161601772305639,0.015763200566468752,0.031664959694152534,4.925324339070339,4.9036197545825715
40500,5.34375,2.0135673269258385,2.011657567028405,1.8683283112132245,2.1617651807523206,0.01576068925655719,0.031661326075642766,4.9245432888160945,4.902569757286443
41000,5.409722222222222,2.013707848927178,2.011878634839306,1.8683415828896268,2.1620268250518038,0.015758110534458657,0.03165783745397329,4.923748029373814,4.901945264084808
41500,5.475694444444445,2.013798445104174,2.011933763910366,1.8682554318954323,2.1622568652225302,0.01575566093667285,0.031654304295095755,4.922998078309435,4.901024465853869
42000,5.541666666666667,2.013880470681505,2.011902634681628,1.8682864651966837,2.1621548185484833,0.015753142171209693,0.031650781500203576,4.922186824346696,4.900783601008809
42500,5.607638888888889,2.01396443263769,2.01215888067414,1.8684121518652326,2.161560841205625,0.015750620921002996,0.03164728368312086,4.921396613606089,4.899929614249855
43000,5.673611111111112,2.014049693733356,2.011987032527976,1.869035584582603,2.1617236658280343,0.015748044912820194,0.03164367631019904,4.9206307732416645,4.899227490245018
43500,5.739583333333334,2.014179977462074,2.0120937033810535,1.8690854204455498,2.162236817472971,0.01574559097893609,0.03164031557961207,4.919863743580879,4.898259018978495
44000,5.805555555555555,2.0142324635972813,2.0121154080915598,1.869442352806702,2.162036924967988,0.015743119155197372,0.03163674051216974,4.919089466840406,4.897120917254033
44500,5.871527777777778,2.0143417671798924,2.0125357195230587,1.8692562711619505,2.1621620111213744,0.015740632483422366,0.03163329072497529,4.918340766738627,4.896627817238766
45000,5.9375,2.0144635895323915,2.0123112892089465,1.8688988682779657,2.1631619900412513,0.015738218016717417,0.03162983314922215,4.917574457689958,4.8959663248700025
45500,6.003472222222222,2.0145335670041797,2.012541663110632,1.8688677970904573,2.1631560070561378,0.015735722111448202,0.03162629606323795,4.916762931301862,4.895264935919759
46000,6.069444444444445,2.0146567649899914,2.012785763022391,1.8688404591369294,2.1629383072155255,0.01573329938922233,0.03162275794399742,4.916004719750509,4.893384874996192
46500,6.135416666666667,2.014767372307595,2.0126430329502614,1.8697704436330667,2.163117232909295,0.015730699062478416,0.031619297012195444,4.91521509436767,4.893638813474378
47000,6.201388888888889,2.0148254259415275,2.013076033688879,1.8688988903664843,2.1632327448325017,0.015728304326575505,0.03161567689132063,4.91448096406941,4.892367048565366
47500,6.267361111111112,2.014938549165599,2.01290356950734,1.8696663973872258,2.163485621059338,0.015725798316118724,0.031612246801964165,4.913669600433758,4.891974655863063
48000,6.333333333333334,2.0149769935402606,2.0130910203006813,1.8697428840101633,2.162739380068288,0.015723399585648928,0.03160871240626713,4.912917808487413,4.891799484247835
48500,6.399305555555555,2.0150890170626856,2.0128543518110726,1.8698972572055759,2.1636180426676326,0.015720905916188847,0.0316052337108223,4.912175241876665,4.890855868457582
49000,6.465277777777778,2.0151724685481893,2.0130996490864588,1.8694164172739423,2.1637340051669014,0.015718409604263888,0.03160163040315561,4.911397048026546,4.8898783411428255
49500,6.53125,2.015236720355145,2.013004615760063,1.8701187533244856,2.163290283843612,0.01571611740678344,0.03159830430647525,4.910647388756547,4.890334106044587
50000,6.597222222222222,2.0153826688438183,2.01305832921442,1.8698388372470243,2.1640587640182205,0.015713561707818798,0.03159470866666462,4.909870060216093,4.887768104349107
50500,6.663194444444444,2.0154222426857844,2.0134828600732675,1.8699780819597096,2.1634223255788556,0.015711114583090418,0.03159118479342822,4.909081429985632,4.888261466189274
51000,6.729166666666668,2.0155323715143014,2.013670061947506,1.8702777301923637,2.163779404209385,0.015708640161775457,0.03158780357702003,4.908319289639544,4.886458666352137
51500,6.795138888888889,2.0156521191479357,2.0138259045818456,1.870143615849209,2.1640230151937754,0.01570627722715201,0.03158428425897512,4.907563931750544,4.886303175809009
52000,6.861111111111112,2.0157262757727707,2.0138056860541713,1.8704098309833657,2.163852567992847,0.015703736275303373,0.03158077555198943,4.90679088825587,4.884791040758034
52500,6.927083333333333,2.0158090656712466,2.013871282957737,1.8704795249831978,2.1639722900281537,0.01570135230291992,0.03157728078968154,4.906037453483897,4.884090833774504
53000,6.993055555555555,2.0159084333563215,2.0138599229880594,1.8704079181146172,2.1643693832780846,0.015698834265121284,0.03157375412910893,4.905300904273023,4.883513132970409
53500,7.059027777777779,2.0159866628010192,2.014127676615156,1.8705871073261808,2.16431105302603,0.015696419428874613,0.03157027153760518,4.904509820351489,4.883749213333645
54000,7.125,2.016075967634279,2.0141186850395596,1.8710804505119882,2.1643079997097963,0.01569400683443896,0.03156674757201175,4.903762065190156,4.882018968813222
54500,7.190972222222222,2.016178884255596,2.0140987657471836,1.8704829916833934,2.1646674782061828,0.01569162588108399,0.03156331539942561,4.903018333491718,4.881817215646123
55000,7.256944444444444,2.0162395105206805,2.0142683652729074,1.8709964385832523,2.164396652703493,0.015689134609023794,0.03155977467638531,4.902230109430978,4.8805156335252455
55500,7.322916666666668,2.0163495213274047,2.0142910930265057,1.8708165771938479,2.1649676382365506,0.01568676363496908,0.03155631006154466,4.901517337291856,4.879692741598438
56000,7.388888888888889,2.0164139559244574,2.014471442935377,1.871116886424374,2.16448741790526,0.015684340288154144,0.03155280133527951,4.900758592136604,4.879731161077291
56500,7.454861111111112,2.0165056031687443,2.014799903634369,1.8711509810393987,2.1642699214536405,0.015681920930093882,0.03154932034792514,4.900000965583423,4.879005443297425
57000,7.520833333333333,2.0166096617366076,2.0146684729436117,1.8710016284328126,2.1651003985367607,0.01567943432804143,0.03154574629236064,4.899221548006647,4.878068048263252
57500,7.586805555555555,2.0166756851940213,2.014579249059709,1.8714926690411158,2.164581113141411,0.015677073174847372,0.031542314645337126,4.8984967060160445,4.877007365484165
58000,7.652777777777779,2.0167583831094182,2.0147956486286813,1.871301605299837,2.1652477415148894,0.015674691130202294,0.031538837007989914,4.897728962005929,4.87595160221318
58500,7.71875,2.016879836473443,2.015080136629236,1.871301894672106,2.1653200592571413,0.015672169188074278,0.031535344274369555,4.896967659701779,4.874883884034497
59000,7.784722222222222,2.0169245417390425,2.015048174964791,1.8716746254674979,2.164971895497687,0.015669831668992506,0.03153187106611174,4.896215608852886,4.874466178493295
59500,7.850694444444444,2.017029652508199,2.0150826151217904,1.8718565773530378,2.165178255798197,0.0156674358357974,0.03152834314082604,4.8954799131396625,4.873753556271822
60000,7.916666666666668,2.0171370001325912,2.015345593268135,1.8718031265997945,2.1652442686119078,0.015665021084333486,0.03152496928070564,4.8947236980855315,4.873082057731631
60500,7.982638888888889,2.0172049056836854,2.015384468838829,1.8715110524974983,2.165748664913324,0.015662567935191243,0.031521348025850604,4.893987577982212,4.872811651838093
61000,8.04861111111111,2.017331472206819,2.0154501394930886,1.8717527008935693,2.1661475276833926,0.01566023368841554,0.03151782979970195,4.893244504345598,4.871535705244837
61500,8.114583333333334,2.0173588448142583,2.01556410142833,1.8719309137675517,2.165507736786209,0.015657884968026496,0.03151432354813243,4.8924952490426605,4.8718866719954805
62000,8.180555555555555,2.0174229422858323,2.015425602303301,1.8725584067706422,2.1654672301069215,0.015655400655204595,0.031510779990873025,4.891754264706183,4.870386334200868
62500,8.246527777777779,2.01753150594098,2.015820944863394,1.8719532864030548,2.165752615851722,0.01565308694744897,0.03150744006081386,4.891027413805999,4.869217013094204
63000,8.3125,2.0176146013486647,2.0155110039670134,1.8723374558761567,2.1660726750623693,0.015650647345185766,0.031503822305966815,4.890264103157649,4.868695083673598
63500,8.378472222222221,2.0176944313212575,2.0157981953198614,1.8723398294792548,2.1659525921743543,0.015648361006573516,0.03150042737718021,4.8895078375849,4.867996785904321
64000,8.444444444444445,2.0177841758326776,2.0159428197924587,1.872172511197323,2.165776600094597,0.01564588880677012,0.03149684464334013,4.888767358485409,4.867742324758537
64500,8.510416666666668,2.0178426189334315,2.0158135275860922,1.8725911692509984,2.1661106667475165,0.015643530846247606,0.03149331478307273,4.888029786311402,4.866434220034888
65000,8.57638888888889,2.0179606948394095,2.0157351308747797,1.8726828550281358,2.16620874201761,0.01564112394288157,0.0314898177169709,4.887290903020363,4.866081837864595
65500,8.64236111111111,2.0180197204554524,2.015959433736798,1.8727446836495778,2.1659712820144517,0.01563868173903625,0.03148617841146629,4.886524702453378,4.865366544632226
66000,8.708333333333334,2.0181149665378184,2.0163858581783938,1.8727740925614293,2.1660321214496046,0.015636357115360572,0.03148275832690019,4.88582046355821,4.864130695624423
66500,8.774305555555555,2.018197601701637,2.016277539345728,1.8728844071499788,2.1662186066785005,0.015633981787228614,0.03147925651453389,4.885068299990068,4.863059572447702
67000,8.840277777777779,2.0182942653671008,2.016191131128216,1.8730768802658457,2.1669934821868195,0.015631633771248758,0.03147580194600943,4.884321345938406,4.862428899758533
67500,8.90625,2.0183739499215796,2.0163721262624374,1.8732333383013948,2.166574935115282,0.0156292414451444,0.03147233915767983,4.8835942787281095,4.862723538589531
68000,8.972222222222223,2.0184320812134215,2.0166172730949548,1.8731400916317182,2.167136596233172,0.015626884982506077,0.03146874199737052,4.882873800967075,4.861586848122402
68500,9.038194444444445,2.0184843042596206,2.016339536430932,1.873209563874731,2.166358951179361,0.01562465748769043,0.031465322431322475,4.88209796175296,4.86184554656637
69000,9.104166666666668,2.0185929306969475,2.0166621594557066,1.873033529840857,2.1667015822862252,0.015622153280133685,0.031461833353853545,4.881352914979746,4.860339532416212
69500,9.17013888888889,2.018669690668176,2.016744326500243,1.8732937800024874,2.1674346086399083,0.015619842853291134,0.031458325228635786,4.880609103391385,4.859565882778112
70000,9.23611111111111,2.0187181939724814,2.0170719905594514,1.8734657121583678,2.166426173699023,0.0156175574297723,0.031454880950618345,4.879896020599815,4.857719445364976
70500,9.302083333333334,2.01879076832442,2.0167267128298416,1.873950102631492,2.1666730619360743,0.015615129901983047,0.03145143346219157,4.879177389588602,4.858414325787566
71000,9.368055555555555,2.0188754935033617,2.0165304037547744,1.8736086012339621,2.167111281345194,0.01561288662535656,0.03144782482614457,4.878415195034696,4.856550589153242
71500,9.434027777777779,2.018953961135293,2.0168028094729507,1.873803857816184,2.1669895130797467,0.015610558460240767,0.03144440999056497,4.8776799805107585,4.856770758328473
72000,9.5,2.0190475115599495,2.017047378934766,1.873653935360956,2.1672110327690506,0.015608239102408439,0.03144077187070404,4.876981595685144,4.855672749480023
72500,9.565972222222223,2.01911962997273,2.0172394056522096,1.8738123338561634,2.1672427758222494,0.015605811733365286,0.03143734116805394,4.876237810595471,4.8549756316529535
73000,9.631944444444445,2.019210967644722,2.0170497360873787,1.8739361621145547,2.167043065633154,0.015603541955422545,0.031433898152081176,4.875523187038004,4.854119438647546
73500,9.697916666666668,2.019274846919115,2.0173853542657634,1.8737334140450503,2.1674241382023,0.015601155350380955,0.031430254089600713,4.874779002476372,4.85351915818754
74000,9.76388888888889,2.019385378584081,2.0174270012869426,1.8740181671677738,2.1673262698599283,0.015598779731718757,0.031426835299346166,4.874045490947552,4.851970034528825
74500,9.82986111111111,2.019423557458879,2.017317936657914,1.8745782761875418,2.167590540497855,0.015596496393141798,0.03142337490829294,4.873344290030315,4.851830276774056
75000,9.895833333333334,2.0194571689227026,2.017359672514745,1.8748308237296594,2.1672385940657004,0.015594206469204267,0.031419761131460916,4.872628008311446,4.852026292496131
75500,9.961805555555555,2.019575033902172,2.017632046101631,1.8747656226741953,2.1672429574690364,0.015591857198838294,0.031416397071425343,4.871893625409487,4.851235702078455
76000,10.027777777777779,2.0196184411696247,2.0176530180355026,1.874367964972322,2.1674525826085356,0.015589540264790206,0.031412895945817074,4.871201982122706,4.850591367976472
76500,10.09375,2.0197137454024623,2.017846409646274,1.8742835487620217,2.1681070803856697,0.015587198159621556,0.031409283601323,4.870464685437707,4.849501053520895
77000,10.159722222222223,2.0198239772075346,2.0175667329520417,1.8745502009353299,2.168080590294009,0.015584942813386071,0.03140600423932288,4.869709442467305,4.849037333427438
77500,10.225694444444445,2.019875821002999,2.017869213541851,1.8746579430923958,2.1677460003655638,0.01558248549658832,0.031402441039184825,4.868971802638274,4.847503741905344
78000,10.291666666666668,2.019952916423475,2.018052601137572,1.875035769838422,2.167644644136913,0.01558008178188364,0.03139887555613257,4.86824073164387,4.846673309598692
78500,10.35763888888889,2.020040689577051,2.017983405688548,1.8749937242470769,2.1680752256003135,0.015577850763346442,0.031395442707762865,4.867525675407485,4.845649351451464
79000,10.42361111111111,2.0200881143882543,2.018124492307294,1.8750093226762141,2.168129821303534,0.015575551367252846,0.03139183432789609,4.866816008204202,4.845560906263991
79500,10.489583333333334,2.0201833120145167,2.0181135526289813,1.8748669588275373,2.1682335628855216,0.015573241107079513,0.031388358183238804,4.866091897551547,4.8454975018815425
80000,10.555555555555555,2.020238297769586,2.0180535125338044,1.8755105256813933,2.168476502202029,0.015570989743079152,0.03138499742580554,4.865379200983925,4.844718627461294
80500,10.621527777777779,2.0203286596964927,2.0182820471509335,1.8750172370700098,2.1687404103379224,0.01556865572456626,0.0313813364343281,4.864656869640521,4.84333602220791
81000,10.6875,2.020369456592966,2.018336202687033,1.8751907481330448,2.168487708662121,0.015566435336938007,0.031377923279305144,4.863982258236803,4.84233163334182
81500,10.753472222222223,2.0204327555603188,2.0184899143383124,1.8753850239211003,2.1681494107270978,0.015564121560795645,0.03137445529646162,4.8632429539916116,4.841919296810364
82000,10.819444444444445,2.020517130495782,2.0184475957086656,1.8757302639647897,2.1688301582553056,0.015561823958724528,0.03137103134081046,4.862501087698902,4.841604636991406
82500,10.885416666666668,2.0205948658885564,2.0184464891857363,1.8754766107633825,2.168746816055429,0.015559518278399409,0.03136752209202462,4.861825092461269,4.84192063452948
83000,10.95138888888889,2.0206732436978987,2.0185671885473244,1.8754564507516784,2.1685940361995537,0.015557271942436895,0.03136407523753039,4.861095168756326,4.840867021060333
83500,11.01736111111111,2.020724251056856,2.0187415162516658,1.8759183875010654,2.168672555295446,0.015555030161689538,0.031360611784701356,4.8603830613242565,4.839156288071782
84000,11.083333333333334,2.0208454812305296,2.019022575818291,1.8756951156407142,2.1688703332236456,0.015552685455973807,0.03135706314457111,4.859683942791693,4.838000688334473
84500,11.149305555555555,2.020872431966222,2.018631851985207,1.8760061865296103,2.168919246647881,0.015550375548717792,0.031353529609436256,4.858977819319185,4.838337501064548
85000,11.215277777777779,2.0209704462250033,2.019095764105958,1.8756956406461647,2.168809910857715,0.015548059485633214,0.03135001956156608,4.858281024877169,4.836677732467154
85500,11.28125,2.02102454992108,2.01910026242962,1.8756829328727618,2.169326720448332,0.015545841297848402,0.03134650649614159,4.857543002326442,4.836731206571846
86000,11.347222222222223,2.021136681335167,2.019302268337591,1.8754354760356797,2.169100104332246,0.0155435394333311,0.0313431310713655,4.856822169080232,4.834897881274214
86500,11.413194444444445,2.021161964153356,2.018893500783083,1.8763797634691861,2.169258408002393,0.01554138768941257,0.03133966613738572,4.856136984371797,4.834832141718508
87000,11.479166666666668,2.021233043967597,2.019208817222408,1.8758208894733062,2.1695155697325106,0.015538966951694638,0.03133610331225696,4.8554215485216865,4.8347662417001676
87500,11.54513888888889,2.021343010201487,2.0195914710704566,1.8758365738134923,2.1697922369668126,0.015536716668525161,0.03133266488539142,4.8546584940823125,4.833604448809082
88000,11.61111111111111,2.0214066315828374,2.019387544669282,1.8760356627437804,2.1693834061036785,0.015534462274575256,0.031329197797434497,4.853958746471082,4.833222419870954
88500,11.677083333333334,2.0214267795719056,2.019405414257707,1.8765901302478118,2.1696080148810593,0.01553218520197345,0.031325578516636365,4.853246478762895,4.83200925837936
89000,11.743055555555555,2.0214932774554577,2.0196911479415167,1.876454170318321,2.1690773255929705,0.015529969453809649,0.031322246599492835,4.852552474664634,4.83102699256953
89500,11.809027777777779,2.021622296687227,2.019722056513343,1.8760108782709408,2.1698950749666133,0.015527614857467916,0.031318730891365686,4.851843533804666,4.830378295370889
90000,11.875,2.0216680407535534,2.0196934789530454,1.8766621093766371,2.169839778423911,0.015525369035994399,0.03131513955095679,4.851151603084366,4.830493398426195
90500,11.940972222222223,2.021719035874964,2.0195708979271427,1.8761173608405952,2.1698214062372587,0.01552306141980775,0.03131165195672215,4.8504132949676375,4.829613521781032
91000,12.006944444444445,2.021802695844747,2.0197963835734054,1.8767044657877365,2.169639397900591,0.015520717219991528,0.03130825087987812,4.849707818777165,4.828573066012891
91500,12.072916666666668,2.021863185163637,2.0197583613420678,1.8769801067082046,2.169370500778853,0.015518504347921564,0.03130472412655057,4.84899955223028,4.828421123555837
92000,12.13888888888889,2.021913454757533,2.019836361351497,1.8772184304238793,2.169784557478372,0.01551631429911473,0.03130129428007148,4.848325262304046,4.827797263040161
92500,12.20486111111111,2.0220199852749703,2.0198425822340695,1.876658481883211,2.170017317198495,0.015514056959488627,0.03129770321488433,4.847652610607692,4.825965370827584
93000,12.270833333333334,2.0220932534829625,2.0202329334789404,1.876751448848278,2.170064824258831,0.01551169509033722,0.031294228314330756,4.846908871096345,4.825553267623322
93500,12.336805555555555,2.0221677186082476,2.020344241717427,1.877134066803777,2.170400340651063,0.0155094820232632,0.031290762116481075,4.8462260929613885,4.824613967741175
94000,12.402777777777779,2.022196283439507,2.020012193002338,1.8772457904342248,2.1701523238117515,0.015507326596652814,0.031287214897548175,4.845518495706159,4.824249589689897
94500,12.46875,2.022261180631553,2.0201540423829867,1.8773687586188004,2.170113989387583,0.015505075009512353,0.03128375056874356,4.844809198397551,4.823696273925206
95000,12.534722222222223,2.022303289109173,2.020284434534253,1.8772131362999491,2.1703670498977714,0.015502916738081218,0.0312803040927463,4.844106458061543,4.822917401747958
95500,12.600694444444445,2.02238501015256,2.0202920146390047,1.8773551875772445,2.170285546482831,0.015500603598590606,0.03127669393318719,4.843383869157437,4.8220842007421485
96000,12.666666666666668,2.0224258312277903,2.0205237953787547,1.877397124289301,2.1701207164708776,0.0154984169819121,0.031273266978682546,4.842735801027347,4.821482042252873
96500,12.73263888888889,2.0225129771724,2.0205048221088235,1.877620722468507,2.1708265997661136,0.015496201888264508,0.03126988643318816,4.842044362281015,4.820862321606097
97000,12.79861111111111,2.0225693515747207,2.020422669335444,1.8778033729422465,2.170259137647056,0.01549391991684222,0.031266407297809634,4.841354060474277,4.820551310394957
97500,12.864583333333334,2.0226632449222053,2.0208155737953004,1.8778339897584138,2.1705826512867468,0.015491610803212152,0.03126285575986058,4.840640385531128,4.818783546337647
98000,12.930555555555555,2.0227221081824114,2.0206898913938054,1.8777665580255498,2.1705011755513928,0.015489448459959669,0.031259378695871726,4.839935399730572,4.818834611695856
98500,12.996527777777779,2.022776803322733,2.0204577727164272,1.877194124564364,2.1709670655157876,0.01548731620519402,0.03125585456698753,4.839237883843085,4.818437765333098
99000,13.0625,2.0228276217817256,2.020796695495366,1.8774605733774947,2.171007438913226,0.015485085531859916,0.0312523771455323,4.838560424373084,4.817413291925401
99500,13.128472222222223,2.022929769622957,2.020898093639019,1.8777050694018849,2.171638085204324,0.015482827825516899,0.031248925986204656,4.837887016348037,4.8158081633206935
100000,13.194444444444445,2.022983795728416,2.0212301541154627,1.877579351748153,2.1710740712890324,0.015480640781718234,0.03124552640874602,4.837176962112782,4.816495553477619
100500,13.260416666666666,2.02301723447216,2.0209765730012053,1.8781170938146166,2.1709612460276375,0.015478418444450312,0.031241990664676398,4.836479835118379,4.81586112256479
101000,13.326388888888888,2.0231026771465572,2.0208259137965556,1.8779966789674152,2.1714895494332964,0.01547619836658859,0.03123862304037055,4.83583236932584,4.81488875374416
101500,13.39236111111111,2.0231634747806067,2.0213200524137,1.878236756168231,2.1704957104100657,0.015473909428714528,0.031235035378961124,4.835104481161668,4.813622765561933
102000,13.458333333333336,2.023201394821288,2.021289776540952,1.8784398167986898,2.171005204213466,0.015471742096250024,0.031231603530557078,4.834443240714873,4.813663196924768
102500,13.524305555555557,2.023306354313738,2.0210773292224973,1.87815918046689,2.171469920965291,0.01546962381100957,0.031228183702639387,4.833732838983453,4.813162261173977
103000,13.590277777777779,2.02336401917063,2.021572578959954,1.8782559657037066,2.171809865018381,0.015467440705241966,0.0312247085063217,4.833030248205309,4.812402200030828
103500,13.65625,2.023433180827088,2.02145836685202,1.8782414908455667,2.1717483266585176,0.015465213323049731,0.031221248376959224,4.832408125120857,4.811306368006049
104000,13.722222222222223,2.02346773635608,2.021642442790965,1.8785334611548976,2.171200458150663,0.015463006890610096,0.031217734982651204,4.831696109865997,4.81042181643454
104500,13.788194444444445,2.023521305491687,2.021345775028319,1.8792554902234384,2.17163695812149,0.015460770353272441,0.031214231313050476,4.830981332454625,4.810246264804466
105000,13.854166666666666,2.0235858983958517,2.021454438844624,1.87848059191405,2.1713962890674168,0.01545852573711015,0.031210790466965597,4.830235608933384,4.809828236496886
105500,13.920138888888888,2.0236981612309046,2.0213419892685307,1.878861701804234,2.171836534241144,0.015456280805509894,0.031207252775078364,4.829614071095732,4.8091246546191595
106000,13.98611111111111,2.0237344410629823,2.0215225956169576,1.8787135175704643,2.1715927118386036,0.01545415861354153,0.03120390285656007,4.828908560991624,4.807623526531066
106500,14.052083333333336,2.0237718715898785,2.0215292742182656,1.8787964704641449,2.17169788437131,0.015451916204487352,0.031200337365452902,4.828211102932446,4.806566825252497
107000,14.118055555555557,2.023854973852248,2.021787135402633,1.878732394853471,2.1715524776899082,0.015449674630474742,0.031196873357827382,4.827533306850267,4.806697004512247
107500,14.184027777777779,2.0239311872310934,2.0220852444415156,1.8785116085686555,2.172007819002661,0.01544757862209546,0.031193343685792838,4.826876797433668,4.805355111503259
108000,14.25,2.023971399031927,2.0219621740549827,1.8790800314793052,2.1721157889162632,0.015445407264062532,0.031189852384369228,4.826184872456946,4.8047675940770995
108500,14.315972222222223,2.0240306320405073,2.0218001984344594,1.8795064317835724,2.171989398360675,0.015443215709737968,0.03118635681157454,4.825530454666497,4.804694599320136
109000,14.381944444444445,2.02405580992898,2.0221492413330786,1.8792916954489591,2.171291565091556,0.015441032987308723,0.03118297791061723,4.8248294101382285,4.804223570428556
109500,14.447916666666666,2.0241258024762696,2.0221699010353325,1.8789553630549585,2.172268476375125,0.015438825080683158,0.031179479707211823,4.824111857288342,4.803991662411436
110000,14.513888888888888,2.0241907687978986,2.0219976316052684,1.879397907230486,2.1724262416663733,0.015436687802691005,0.031176026644054455,4.8234692794739225,4.802539855468945
110500,14.57986111111111,2.0242340903114764,2.0220639662938362,1.8792750428416167,2.1721449351959015,0.015434511253101427,0.03117249818912772,4.8227893744454775,4.801885146294621
111000,14.645833333333336,2.024306499610905,2.022229415261496,1.8792724032277173,2.171976560361336,0.015432336116263214,0.031168979559728725,4.822129217675003,4.8019701790718825
111500,14.711805555555557,2.0243637893214292,2.022340153148625,1.8796601040078642,2.1724870920432533,0.015430194082012554,0.031165597207264563,4.821451644616867,4.801010891609124
112000,14.777777777777779,2.024403183929053,2.0223114161157483,1.8800668877251323,2.1717519427079646,0.015428035548304594,0.031162072958267895,4.820774079436648,4.800471731031684
112500,14.84375,2.0244733789245144,2.0225573072030807,1.8797783918690079,2.171991876438984,0.015425880707899728,0.031158570473797848,4.820081389144657,4.799351913286326
113000,14.909722222222223,2.0245525878759913,2.022652631536557,1.8792724610104712,2.1721778461261163,0.015423692855784378,0.031155097718476153,4.819387531159425,4.7987385727745
113500,14.975694444444445,2.024573741304964,2.022350553484336,1.8799401021481912,2.1720651374090605,0.015421601677180388,0.031151556609391038,4.818778877020261,4.7976720556273325
114000,15.041666666666666,2.0246322528495604,2.022530842420593,1.8802220470992297,2.1724928347571026,0.015419403973953657,0.031148055429347364,4.818089321391927,4.797421436808838
114500,15.107638888888888,2.024705395153007,2.0225790671455965,1.8801560851574903,2.172521441980596,0.015417218619101598,0.031144665442125335,4.817381702540173,4.796933052420007
115000,15.17361111111111,2.024772178614679,2.022477721397903,1.8799770191321026,2.172770039000988,0.015415038783875004,0.031141040004121334,4.81673949954722,4.7962476661918245
115500,15.239583333333336,2.0247938687574916,2.0227261776931327,1.879937448647615,2.1723702902835234,0.01541297699578874,0.031137641726471665,4.816079409263953,4.79498513294973
116000,15.305555555555557,2.024839461528333,2.02293843779242,1.880103685685056,2.1722314317577367,0.015410852108608708,0.031134092835887448,4.815400597678619,4.794742138349147
116500,15.371527777777779,2.0249000507728026,2.0226940189714497,1.8800063722885567,2.17296431651409,0.015408776953339934,0.031130708126659655,4.814735396949105,4.793993678766297
117000,15.4375,2.0249466405974754,2.022763922279282,1.879949966640682,2.1730382380033477,0.015406601763272411,0.03112717653940932,4.814078395493539,4.793841594858032
117500,15.503472222222223,2.0250132567172967,2.0229760570299327,1.88035828910589,2.172703958678852,0.015404473243461376,0.031123807845852572,4.813420535885322,4.792645410405445
118000,15.569444444444445,2.0251031916543223,2.0232926957004937,1.8796397313104176,2.1733124061612985,0.01540241973004886,0.03112028249409737,4.812734603483844,4.791647149681227
118500,15.635416666666666,2.0251206535810145,2.023203730697556,1.8803498985720002,2.1728625347940005,0.015400279028900343,0.031116782920340178,4.812117721012342,4.791488797083874
119000,15.701388888888888,2.0251501430089878,2.0229682887169504,1.8806172039739633,2.1727249862706923,0.015398113638156293,0.031113317986112596,4.811439552461249,4.7902684922802745
119500,15.76736111111111,2.0252205161666783,2.023377452922447,1.8801412404853626,2.1728608736790465,0.015396015510707406,0.031109864319097125,4.810785364924402,4.789911216248692
120000,15.833333333333336,2.0252779831419025,2.0230815235560984,1.8799015206272962,2.173110747143295,0.015393900442435068,0.031106341565431763,4.8101439247738815,4.788985999421497
120500,15.899305555555557,2.0252757005851576,2.022987404815347,1.8805382427041213,2.1729189971481015,0.015391931397395095,0.03110288472316149,4.809438230115195,4.789257333814525
121000,15.965277777777779,2.0253852725066004,2.023525220292445,1.8806801106115558,2.1731331940679306,0.015389635505780645,0.031099394542632268,4.808817219740824,4.787564213518005
121500,16.03125,2.025410467020713,2.023150394885186,1.880486504911735,2.1734825051496824,0.015387617499987937,0.031096005822682668,4.808145553809267,4.787382633911546
122000,16.09722222222222,2.0254931101841542,2.023360201608687,1.8808788019194909,2.173196110325022,0.015385452973955976,0.031092437114405114,4.807498892790862,4.786596033226223
122500,16.163194444444443,2.0255220263094778,2.023217920584226,1.88081017891219,2.1730594574429523,0.015383408365517983,0.031089160691696538,4.806826313589914,4.786012431035945
123000,16.229166666666668,2.0255701428653268,2.0234221868127693,1.8805036955081516,2.173326919298059,0.015381256874001001,0.031085605134763473,4.8061826900595666,4.785498393248277
123500,16.29513888888889,2.0256238598220024,2.023367511810382,1.8806203382210473,2.1736679037140156,0.015379172977487693,0.03108216258268309,4.8055069802436785,4.784915141414055
124000,16.36111111111111,2.0256728030221867,2.023322553858212,1.8808016978573083,2.1738055948804385,0.015377070220709811,0.03107868393222374,4.804862834225414,4.785368053142916
124500,16.427083333333336,2.0257272408189575,2.023777193884613,1.8805247011442168,2.173446313215613,0.015374985104723744,0.031075199657168047,4.804227336203885,4.783507945095509
125000,16.493055555555557,2.025753536933863,2.023537438376611,1.880916375096485,2.1733318833525965,0.015372818422049657,0.03107170085377355,4.803543087894722,4.783050963312864
125500,16.55902777777778,2.025791915778039,2.023936116680868,1.881282897733566,2.1727963831338397,0.015370799896092188,0.031068209471254882,4.8028919471212514,4.783116395441125
126000,16.625,2.0258762224237508,2.023760317159816,1.881594459474282,2.173251369822438,0.015368647069434622,0.031064750443246487,4.802226690662434,4.780953413245431
126500,16.69097222222222,2.025915899562791,2.02404378375392,1.8806858823634864,2.1732600177818817,0.015366633572008672,0.031061392093646875,4.801588397201103,4.781196714026012
127000,16.756944444444443,2.025947746586557,2.0238928277173818,1.8813192305513717,2.1734812704451594,0.015364527604538143,0.031057930639429757,4.800931024627481,4.779952077238999
127500,16.822916666666668,2.0259965270066074,2.0238839842511895,1.881520070621015,2.173861594386637,0.015362425995472027,0.03105445251562917,4.800268517155681,4.780018583878078
128000,16.88888888888889,2.0260381857610232,2.0239000847467423,1.8814097071713047,2.1731727023499428,0.015360296364092783,0.031050933262661916,4.799596616009662,4.7792595198307035
128500,16.95486111111111,2.02610540319867,2.0239523021059496,1.8814130080790892,2.173974327150157,0.01535825276767809,0.031047477063120592,4.798963810303206,4.778300663853891
129000,17.020833333333336,2.026162836518873,2.024273393042109,1.881176116108954,2.1734133696370614,0.015356080210984016,0.03104400436369948,4.79832951817114,4.777247716660637
129500,17.086805555555557,2.0262034950671812,2.024136214898124,1.881315016761051,2.17423887936054,0.01535408795371246,0.031040568372138286,4.79766367213759,4.776907887079325
130000,17.15277777777778,2.026235769471759,2.0241833082622867,1.8814387399443573,2.1735507388658775,0.015352018612160144,0.031037044552649086,4.797056916465889,4.7768575075102335
130500,17.21875,2.02626886123271,2.0241708184552305,1.8817554952565567,2.1741405850031494,0.01534996506864301,0.03103350489560637,4.796394312640164,4.77523135687343
131000,17.28472222222222,2.0262755048875345,2.0241964044012093,1.8817369986365633,2.173532711658538,0.015347911131615969,0.03103009941267439,4.795742239057715,4.775668556266494
131500,17.350694444444443,2.026332890374687,2.0242538544740993,1.8819578598476903,2.1733759566571607,0.015345869386048688,0.0310266179249238,4.7951168524714545,4.7748846747611005
132000,17.416666666666668,2.0264130501215005,2.024317785657384,1.8819443020270423,2.1740987728759764,0.015343728670085214,0.031023050460278555,4.79445067175866,4.773838433544501
132500,17.48263888888889,2.026453425353958,2.024412597194308,1.8820120039610986,2.1735884501950524,0.015341590715088909,0.031019681833169034,4.793811520109905,4.773422729713469
133000,17.54861111111111,2.026528333983263,2.0247091050468993,1.8815964426715335,2.1735116020521374,0.01533956802336599,0.03101627952082976,4.793154380995646,4.772573666575816
133500,17.614583333333336,2.0265385671528966,2.024487544919638,1.8820041759298833,2.1734102426049065,0.015337523081005135,0.03101278127020029,4.792504469813388,4.77233265870685
134000,17.680555555555557,2.026633078962318,2.0245413340996645,1.8816999808134782,2.174506347120962,0.01533551508069155,0.031009395544137005,4.7918710697719495,4.771375290550271
134500,17.74652777777778,2.0266614943467074,2.0247262170165357,1.8818003169850686,2.17412834112416,0.015333393343822931,0.031005867922004837,4.791219846528167,4.769967782528067
135000,17.8125,2.0266926663820333,2.0247355952160397,1.8823220488973038,2.174168526829924,0.01533128336688495,0.03100238188015209,4.7905816330012305,4.770127052130388
135500,17.87847222222222,2.0267224980032603,2.024645488944344,1.882456754990074,2.1739868458462874,0.015329232338681713,0.030998958875177427,4.789877324227174,4.769163935865819
136000,17.944444444444446,2.026781565628772,2.0246288642292005,1.8822182812921544,2.1743482003171657,0.015327144015856692,0.030995460156531592,4.789276581359775,4.769202282608369
136500,18.010416666666668,2.026871129134189,2.0248877386643835,1.8818827151729614,2.1747719134783443,0.015325156399145256,0.0309920917791131,4.788638663960175,4.768182847975336
137000,18.07638888888889,2.026866563996186,2.024359487958322,1.8824100359568199,2.1749240876468603,0.015323179201826017,0.03098859089170017,4.787997881589959,4.7676021958314445
137500,18.14236111111111,2.026922260253779,2.025006441935961,1.8824583685848144,2.1743447819598414,0.01532109104380498,0.03098510805186248,4.787373869680518,4.766713576600077
138000,18.208333333333336,2.0269140338340517,2.024752550404564,1.8826899839527131,2.1739918728418894,0.015319135557051911,0.030981647714966795,4.786734570785234,4.7663523865632005
138500,18.274305555555557,2.0269868818043975,2.0250556743425943,1.8822183139373774,2.174666878508793,0.015317052292269614,0.030978102652856932,4.786139190138777,4.766244462005005
139000,18.34027777777778,2.0270282223883016,2.0248434972670903,1.8826246191901217,2.174638783166215,0.015315007007432503,0.030974732979414686,4.785489711529473,4.765163577209739
139500,18.40625,2.027076772105709,2.024927237518666,1.8824126129303433,2.174688182526596,0.015313052118242597,0.03097120827134673,4.7848597634063905,4.76484051399901
140000,18.47222222222222,2.027075388177042,2.0249086703571364,1.882775932300786,2.1740169713377817,0.015311080164194473,0.030967875457161155,4.784250347687768,4.763809797880065
140500,18.538194444444446,2.027149236525739,2.024991430715324,1.882552292594439,2.174463599714935,0.015309040798596685,0.030964362644886653,4.783607744442874,4.7626541606670445
141000,18.604166666666668,2.0271765027270665,2.0250335162326216,1.8824556712168126,2.1747286779519013,0.015307011256881962,0.03096094430993606,4.783019203504712,4.763222820881887
141500,18.67013888888889,2.0272274088257545,2.0251898056121447,1.8825560316975753,2.1749622969253966,0.015305049468078792,0.030957412713377274,4.782350142277437,4.762247612765874
142000,18.73611111111111,2.027278103388434,2.025226157670293,1.8829582095222945,2.174630871790052,0.015302999362391986,0.03095396728024417,4.781719844940133,4.7615126466213535
142500,18.802083333333336,2.0272804250948067,2.0251997194143527,1.883063774650145,2.174575436379844,0.015300948947764124,0.03095044561925277,4.78112109521565,4.760772342648624
143000,18.868055555555557,2.0273506447217144,2.0251631102941783,1.882519656458135,2.175115792413841,0.015298821739674232,0.03094706745816342,4.7804037953352445,4.760205320945685
143500,18.93402777777778,2.0273981292118446,2.0254288169307593,1.8829316181826796,2.17509965296675,0.015296869349957162,0.030943560788313736,4.779868861993511,4.759020094363764
144000,19.0,2.027417105522292,2.0252698629058723,1.8832933774522593,2.1743751422150455,0.015294884291421335,0.030940148389201276,4.779208976591527,4.758554291324861
144500,19.06597222222222,2.027473250188397,2.0252826473804513,1.8831411718724007,2.175308648849027,0.01529287438927958,0.030936705905628144,4.778530267715795,4.758533011527863
145000,19.131944444444446,2.0274892811258867,2.0251931924258573,1.8833483859084872,2.1747153935078405,0.015290883997347354,0.03093323426896034,4.777939861950488,4.757488634505746
145500,19.197916666666668,2.027532057804289,2.025372394381897,1.8829907532497305,2.1750930558965567,0.015288888839390266,0.030929779331360367,4.777333324836,4.7578162044606
146000,19.26388888888889,2.027571631516228,2.0253355270783233,1.883503268426698,2.174725003116534,0.015286865303801326,0.030926281239910678,4.7767180998490275,4.7561939901039745
146500,19.32986111111111,2.0276054511301265,2.0256948406968354,1.8834563443023185,2.175061340623275,0.015284863766370518,0.030922869894587274,4.776066937169912,4.755446847197119
147000,19.395833333333336,2.0276548089591424,2.0255561633629675,1.8831726937776003,2.1746383359427286,0.015282866164626012,0.03091937710608524,4.775453379220653,4.755125002401492
147500,19.461805555555557,2.0277123125188568,2.0257763396528787,1.882760958254202,2.1751346928137503,0.015280848464281476,0.03091610108216971,4.774828711458054,4.754202062511004
148000,19.52777777777778,2.02770528601428,2.0253257937551905,1.883395816046396,2.175103920849062,0.015278909912196248,0.030912603914685408,4.774236050740545,4.7538598826563625
148500,19.59375,2.027781053198818,2.0259318504981065,1.8832828965118782,2.1751827935418184,0.015276901163516623,0.03090912580662263,4.773585060318094,4.752953145162322
149000,19.65972222222222,2.0277952345674444,2.0256216718276554,1.883390052297843,2.175507726239351,0.0152748997793191,0.03090558576061778,4.772998851115586,4.752397128901912
149500,19.725694444444446,2.0278373102458405,2.0256818808662413,1.883473524422965,2.1747811921771576,0.015272857608146664,0.030902137052827006,4.772336012009777,4.752041210622828
150000,19.791666666666668,2.0278811439849678,2.0257139547228102,1.883716734994027,2.1750690286938372,0.015270889618127635,0.030898692601894113,4.77172767868792,4.751297160571465
150500,19.85763888888889,2.02790116619283,2.0258771794806667,1.8838893862793742,2.1747821673230554,0.015268941982505623,0.03089521761937462,4.771111000899959,4.750646310762312
151000,19.92361111111111,2.0279059591293236,2.025751161936104,1.8836241026197027,2.175439170929998,0.015267054504040421,0.030891788591558098,4.770493823999496,4.750724064389972
151500,19.989583333333336,2.027973007559371,2.02569804884972,1.8839574304877011,2.1754971862722687,0.015265105119696342,0.030888271213780134,4.769883878814356,4.749606294209073
152000,20.055555555555557,2.028037318626254,2.025886811857502,1.883831666993677,2.1750624918972337,0.015263005193700706,0.03088493885293712,4.769255425938431,4.749121975566894
152500,20.12152777777778,2.0280409424668977,2.02568012065376,1.8838024365149248,2.175147522547314,0.015261105160168435,0.030881452531634587,4.768630150266857,4.74834445309165
153000,20.1875,2.0280529450468983,2.025848536885613,1.884142876848613,2.17510723311076,0.015259167481355784,0.030877998929872155,4.768035912073856,4.7474829056673205
153500,20.25347222222222,2.0281134811431016,2.025961765510833,1.8837725095740687,2.175525579445761,0.015257147743694008,0.030874672300492203,4.767397961169855,4.747174640645785
154000,20.319444444444446,2.0281454537801666,2.025843374144979,1.8839740032640808,2.175650338317768,0.015255260231759197,0.03087115261387245,4.766816511210509,4.746117711072209
154500,20.385416666666668,2.0281686226285207,2.025915816947701,1.8836118148310628,2.1759959080174394,0.01525328103477733,0.03086764100312315,4.766212848731402,4.745351863833072
155000,20.45138888888889,2.02817737604517,2.0260414929551316,1.8843193603782713,2.175089360639176,0.015251434638725463,0.030864329780686064,4.765619365585364,4.745189663938053
155500,20.51736111111111,2.0282299611555423,2.026177999861552,1.8841586052099093,2.175147776488629,0.015249389178708349,0.03086075049435992,4.765015174306517,4.744826287045485
156000,20.583333333333336,2.0282523542058226,2.0259836865151826,1.8839726776857697,2.1757321080791345,0.015247429862439854,0.030857305378827523,4.764367523086236,4.743564578836848
156500,20.649305555555557,2.0283207330620523,2.026180761830509,1.88410490656744,2.175206275632259,0.015245452638006751,0.030853911905220265,4.76380767949337,4.743830620329807
157000,20.71527777777778,2.0283585413971985,2.0264796077293816,1.8837098921335769,2.1757291651234736,0.015243510669204893,0.030850470169157446,4.763129207015744,4.742555121987037
157500,20.78125,2.0283398455203856,2.026201758226624,1.8844107041685851,2.1750998394002483,0.01524162638181263,0.03084700094040576,4.7625929577612265,4.742137822376079
158000,20.84722222222222,2.0283772059306022,2.026086208295765,1.884263646051318,2.175455138182448,0.015239663297863852,0.030843585028098534,4.761993013506066,4.741383434561706
158500,20.913194444444446,2.0284317352354524,2.026448996520353,1.8835642600726201,2.1760471186007173,0.015237685336835085,0.030840071286868265,4.761331843822383,4.7412167091268795
159000,20.979166666666668,2.028442882940972,2.026248470658012,1.8839791473122935,2.175224268904388,0.015235779548002766,0.03083664664130587,4.760732837218288,4.740414784399814
159500,21.04513888888889,2.028495738368782,2.0261755316493524,1.8838638847626248,2.1757480206066275,0.01523390009183542,0.030833237116737945,4.760125168427475,4.739873947354757
160000,21.11111111111111,2.0285237247855594,2.0263955885304545,1.884031487004889,2.1760773211524187,0.015231957022443362,0.03082975329038487,4.759563726228321,4.739117208621875
160500,21.177083333333336,2.028536087001598,2.0264837342456006,1.8847285401233838,2.17533634065879,0.015230073023789077,0.030826247526539684,4.758983101878503,4.738581320025282
161000,21.243055555555557,2.028555243648902,2.0262937625414255,1.884527862622138,2.1759211184610305,0.015228189427192458,0.03082287837902857,4.758379499122352,4.738175066153462
161500,21.30902777777778,2.028607350401038,2.0264559968406575,1.88396992612412,2.176191798090901,0.01522626335166602,0.030819420593248294,4.757804605314853,4.738156217095272
162000,21.375,2.028616205363025,2.02663401279084,1.8843516044393471,2.175799563446896,0.015224468745844348,0.03081607359098773,4.757195591235064,4.736995701586316
162500,21.44097222222222,2.028638181034336,2.026573918809756,1.8840762174123182,2.1759459859093493,0.015222399358905646,0.030812432908862313,4.75655853401414,4.735893636927787
163000,21.506944444444446,2.028622742121856,2.0264684758499074,1.8844224284045996,2.1756832657950005,0.015220510247800717,0.03080911836347833,4.755983352397849,4.735366961546566
163500,21.572916666666668,2.02867645261608,2.0263153878666182,1.8849006080990616,2.1761637390366806,0.015218617432932787,0.0308055591712728,4.755390466367133,4.734909001748299
164000,21.63888888888889,2.0287303320308547,2.0263039739262014,1.8848152566881522,2.1760750394189152,0.015216702399670353,0.030802153033533074,4.754786841296363,4.734744720141606
164500,21.70486111111111,2.0287151460551454,2.026520785899329,1.8846556628302853,2.1754605643619094,0.015214865585652375,0.03079875032924309,4.754217123204026,4.7349824991924745
165000,21.770833333333336,2.0287846599302055,2.0264945372941945,1.8845486075742994,2.1760772709850498,0.015212858650947982,0.0307954158893076,4.753569053831686,4.7335739919858035
165500,21.836805555555557,2.0287548357148744,2.026696187678896,1.8846531778807478,2.175584665250022,0.015211016508240863,0.030791797779545486,4.7529751492642305,4.7330660372221836
166000,21.90277777777778,2.028835834592287,2.026736316411146,1.884511384505629,2.1759531059136106,0.015209071638939722,0.03078836994376142,4.7523877387211595,4.732165355753951
166500,21.96875,2.028877406130554,2.0267453051143787,1.8846255511416508,2.1766609790049642,0.015207189059529587,0.030784946658712502,4.751837902251524,4.7323454759624966
167000,22.03472222222222,2.0288437671608572,2.026641717639552,1.8847683514125302,2.175863883675887,0.015205286645363874,0.030781430352587336,4.751239486045051,4.730970488446349
167500,22.100694444444446,2.028899991342447,2.0267440642012104,1.88474564633881,2.1760350859056095,0.01520349581632197,0.030778109170267052,4.75066516586511,4.7314372280726396
168000,22.166666666666668,2.028929741881247,2.0268048689581413,1.8849627736956291,2.176251932759377,0.01520148727552851,0.030774663771987943,4.750042803171176,4.729391721551551
168500,22.23263888888889,2.0289320705023925,2.026624140039192,1.8847063535654205,2.176110718425881,0.015199602855242862,0.030771162515593888,4.749458985809287,4.729430547238126
169000,22.29861111111111,2.028969831058499,2.026890778099886,1.8849260041777791,2.1761855737806757,0.015197777707057067,0.030767766306395238,4.748882240643723,4.72889329586893
169500,22.364583333333336,2.0289716888903255,2.026595625441267,1.8851392925164037,2.1760197953557734,0.015195842232364478,0.03076425401575872,4.748282161804108,4.728002752974857
170000,22.430555555555557,2.028995515983888,2.026871115611695,1.8853855550272287,2.175617605348763,0.015194033836832576,0.030760895684147655,4.747714145386073,4.726524946490262
170500,22.49652777777778,2.029057219520781,2.026868666023396,1.8849871088931447,2.1762611769257845,0.015192092322757094,0.030757462667024577,4.747120918086287,4.726798781258965
171000,22.5625,2.0290317457416878,2.0268263469225705,1.8848346608292945,2.176089283650269,0.015190232468611923,0.030753973492783467,4.746538764495408,4.7266646813957855
171500,22.62847222222222,2.0290744567690564,2.0268638585205654,1.8851406440975709,2.1761589157034003,0.015188333211676485,0.030750570483148526,4.745949077314898,4.726028585660691
172000,22.694444444444446,2.0290680724399266,2.0268701979869617,1.885015548912456,2.175508667671506,0.015186523448600069,0.030747139791454575,4.745367653075862,4.725173374860605
172500,22.760416666666668,2.029102399649183,2.0268619829903893,1.8850199739485451,2.176216296800171,0.015184711945041155,0.030743634369716707,4.744789855948315,4.725483494512062
173000,22.82638888888889,2.0290967089322525,2.0269927683767146,1.8855415250405652,2.1758632216812757,0.015182811836145359,0.030740319116236203,4.744191474148874,4.724347212373396
173500,22.89236111111111,2.0291812569339385,2.026865821244419,1.8850870048666497,2.1763442936220345,0.01518090224138883,0.030736798228352468,4.743608797084828,4.72391406090291
174000,22.958333333333336,2.029157282561166,2.026787744819546,1.885360621105895,2.176487764863766,0.01517910178084373,0.030733372521962777,4.743051681362123,4.7233582645061185
174500,23.024305555555557,2.0291846728398117,2.027107931107852,1.8852848472316945,2.1759145672751807,0.015177213194157548,0.030730022158006978,4.742446635025538,4.722624077646733
175000,23.09027777777778,2.0292343624525238,2.0269765118479794,1.8849499280538158,2.1765038480526617,0.015175288333427498,0.030726484561136504,4.741859150614439,4.7223671401786955
175500,23.15625,2.0292308241680206,2.0271963347063924,1.8853242482944466,2.176344547749237,0.015173443167560741,0.030723173445868057,4.741318790402261,4.720860529020554
176000,23.22222222222222,2.0292312255212934,2.02690766640708,1.8856514457296607,2.176207589643731,0.015171689249024628,0.030719727725364233,4.740728582814946,4.7205561062367725
176500,23.288194444444446,2.02927188847368,2.027124728882976,1.8856420801602871,2.1760166696834844,0.0151697917130548,0.030716218308371346,4.740168773533075,4.720420633326198
177000,23.354166666666668,2.0293116543254457,2.0270268147369155,1.8855796538521146,2.1760584956417413,0.015167939886909823,0.030712834737987187,4.739586161677163,4.719857824258316
177500,23.42013888888889,2.029317997411971,2.02711126788079,1.8849537570190011,2.176447255840417,0.015166163213825943,0.03070941569901884,4.739018358612696,4.719160351703104
178000,23.48611111111111,2.0293057276460256,2.0271191272313374,1.8854715765965029,2.1758918750582756,0.015164372215257849,0.03070595578985043,4.7384475230292935,4.718800260532255
178500,23.552083333333336,2.0293321857736375,2.0272190854164798,1.885475317805151,2.1760061995666344,0.01516253468994176,0.030702551653923733,4.737904566914323,4.718106915694179
179000,23.618055555555557,2.0293935350584915,2.0272419153558277,1.8855879257373274,2.1764896582630513,0.015160744821089731,0.030699283009968242,4.737304733860643,4.7168723262235135
179500,23.68402777777778,2.029368435826115,2.0271767964866827,1.8857702700950472,2.176074498368604,0.015158788969280327,0.03069577492698755,4.736664427815759,4.716482353696868
180000,23.75,2.029384441815372,2.0272399816275675,1.8854815733139498,2.1761516547626063,0.015156981879522935,0.030692305133902222,4.73613039590463,4.71607015439837
180500,23.81597222222222,2.0293932277012305,2.0271651513055744,1.8854974102355504,2.176235236991376,0.015155149425884876,0.0306888923476088,4.735568705055072,4.715767723455381
181000,23.881944444444446,2.0294402896111956,2.0273101728623786,1.8855891144629755,2.176289691910875,0.015153384662426932,0.030685536223004767,4.735003362116797,4.714782401615208
181500,23.947916666666668,2.0294536972176944,2.0274078472953345,1.8856909249379452,2.17586266266744,0.015151537782195731,0.030681947528903818,4.734441868033942,4.714236429568851
182000,24.01388888888889,2.0294469795442316,2.0272638345700376,1.885511321593397,2.176227723943363,0.015149786570361149,0.030678512227293075,4.733882780023633,4.713689245676427
182500,24.07986111111111,2.029478173157418,2.0272695510060927,1.8857400118889331,2.1762995994911805,0.015147894815016787,0.030675125517934655,4.733290058730787,4.713701221729881
183000,24.145833333333336,2.029518816190219,2.0273917323404826,1.8852301555320121,2.177203398014843,0.01514610792516958,0.030671831589429297,4.732719535772954,4.71297190410812
183500,24.211805555555557,2.0295015539039176,2.02728924475472,1.8856721868857034,2.1763467535155776,0.015144259983387674,0.030668325035338815,4.732178968841952,4.711656067139483
184000,24.27777777777778,2.029526855440465,2.0274261111730567,1.8856615604869802,2.1764468186915487,0.015142503098512984,0.030664729707718393,4.731600560860695,4.711387428358364
184500,24.34375,2.0295447604696677,2.0272628387287353,1.885970245337013,2.1761430618679602,0.01514063336426286,0.030661363673372,4.731038935925618,4.710581476198497
185000,24.40972222222222,2.0295563153665914,2.027328128245566,1.8853198636586668,2.1768700539527783,0.015138921574250064,0.03065799106053374,4.730478963795293,4.7108430006133695
185500,24.475694444444446,2.029525757297237,2.0272712957763352,1.8859714560385887,2.1761305913885676,0.015137131905672833,0.03065452857895708,4.7299681483407765,4.710047756042935
186000,24.541666666666668,2.0295542950827246,2.0273856889947934,1.8855483086270337,2.175719872559085,0.015135347019256652,0.030651096380047232,4.729392682896049,4.708974856341847
186500,24.60763888888889,2.029549577421492,2.0271624447295866,1.8859148176842084,2.176817690036148,0.01513360768918187,0.03064772962134146,4.728839606221959,4.709173409071592
187000,24.67361111111111,2.0295832299697567,2.0277066935531387,1.8866069970905053,2.17572329233131,0.015131701329355096,0.030644318611966145,4.728277519442725,4.707652982140035
187500,24.739583333333336,2.029586429223116,2.027622598293049,1.8863588915790794,2.1757817144826173,0.015129884334432445,0.03064084840201431,4.72769866907993,4.707543649486297
188000,24.805555555555557,2.0296201114578616,2.0272892126027227,1.8860440078693976,2.176655893577844,0.015128232153853546,0.030637408608334842,4.7270932504133665,4.707060569225975
188500,24.87152777777778,2.0296374051945603,2.027707068514429,1.8855750337128097,2.176388947439337,0.015126426724711314,0.030633996298460954,4.726603000192243,4.70648435107759
189000,24.9375,2.029591920405471,2.0274873982729154,1.8859087389926463,2.176063567414137,0.015124667720182994,0.030630469477500387,4.72608032835551,4.7064969919016875
189500,25.00347222222222,2.0296126448381635,2.027558630134818,1.8860429388634228,2.176008329123465,0.015122941076658751,0.03062717964405995,4.7255055457766035,4.705648252003728
190000,25.069444444444446,2.0295981541067905,2.027525527680476,1.8865871315145843,2.1755045645119875,0.015121146870177715,0.03062371730292305,4.724924715819107,4.705014922947658
190500,25.135416666666668,2.029673114460784,2.0273260342108137,1.8855889784160214,2.176222782196577,0.015119296595187626,0.030620256207698756,4.724363748922154,4.704132125379442
191000,25.20138888888889,2.0296419009243047,2.027411299438703,1.8859695664994423,2.175924051612242,0.015117583691542362,0.03061681603295076,4.723819493957663,4.703758105307388
191500,25.26736111111111,2.029682275833966,2.0274822375941812,1.8858106204366307,2.1765920002839962,0.015115743313197838,0.030613536053662932,4.723244080107098,4.703691821512951
192000,25.333333333333336,2.029666581649012,2.0272062431061677,1.886433450640351,2.1762649060598616,0.015113959143971777,0.030610001866290044,4.722717621751283,4.703031985581529
192500,25.399305555555557,2.0297289778151026,2.0277496128616983,1.8852923560205084,2.17659912605119,0.015112138402816023,0.030606599040143068,4.722099363811308,4.70119908206573
193000,25.46527777777778,2.029713050252662,2.027707015110483,1.885552631359705,2.1767192689122616,0.015110482294520985,0.03060327427731041,4.721589323651869,4.701407085510457
193500,25.53125,2.0297199617162556,2.0276261721007245,1.886118073166658,2.1766830765984544,0.015108657971437433,0.030599658735270787,4.721065602140204,4.701480380672831
194000,25.59722222222222,2.02975692979859,2.0275510829488423,1.8859235076209453,2.1769188370843287,0.015106896500682202,0.030596439273507765,4.72052486903349,4.70046218897442
194500,25.663194444444446,2.02970222243204,2.0275854786641654,1.8865547262497426,2.175838366675456,0.015105253961351891,0.03059300430749365,4.720007732480018,4.7005427181459964
195000,25.729166666666668,2.029732124062179,2.027498824985181,1.8862700978140046,2.1758076803506716,0.015103400889575043,0.030589691416090362,4.719425052287038,4.699930082543361
195500,25.79513888888889,2.0297056894856165,2.0274861198281844,1.8865214525695841,2.1756146927087796,0.01510172023382557,0.0305861594628848,4.718880836457991,4.6997068032365625
196000,25.86111111111111,2.0297392346544654,2.027473006262046,1.8867209204544806,2.1762148232191185,0.015099926213218927,0.03058280299970363,4.718343455464895,4.698904573953717
196500,25.927083333333336,2.0297486855424274,2.0275397575678005,1.88630483679457,2.176270524751066,0.015098179351611321,0.030579456706557033,4.717782384139456,4.698670508929649
197000,25.993055555555557,2.0297910539353707,2.0277570705089936,1.8864713143691978,2.1761364029089876,0.015096403323225814,0.030576017964350218,4.717239788006864,4.697565932255239
197500,26.05902777777778,2.029785611460602,2.027738674168272,1.8864132387143975,2.176120650955408,0.0150946736380161,0.03057258906551286,4.716687172491229,4.69705032421551
198000,26.125,2.0297957017303063,2.027303389941636,1.8863862166404948,2.1764852153630176,0.015092999417531954,0.030569286477907198,4.716126287422584,4.6965953281426085
198500,26.19097222222222,2.0297861993785418,2.0272660110361125,1.8866356923627676,2.1766362412405984,0.015091210674366811,0.03056582702471283,4.715612889302249,4.695785064782795
199000,26.256944444444446,2.029791332355143,2.0275067904198796,1.8865740510122024,2.1763633103724325,0.015089437235848628,0.0305624047364005,4.715026718969454,4.695048789097196
199500,26.32291666666667,2.0297702928663046,2.027636311661399,1.8863132564345109,2.175730889064452,0.015087805021360519,0.030558921556942426,4.7145256719026305,4.695343753519387
200000,26.38888888888889,2.029784749889952,2.0275969705589603,1.8862857834804283,2.1758170675051964,0.015086056945666927,0.03055551175734119,4.714017664190262,4.695572436154091
200500,26.454861111111114,2.029811962609445,2.027594904555021,1.8862545860792812,2.17630023770162,0.015084353723789619,0.030552094709000787,4.7134651962198335,4.693677458278433
201000,26.520833333333332,2.029820101810069,2.027655999080634,1.8863537061112892,2.1763640248642355,0.01508257378290883,0.03054875653430683,4.712907873347219,4.6934631782031095
201500,26.586805555555557,2.0297740108014133,2.02742898500858,1.8870548124333628,2.1756110587254085,0.015080933724703708,0.030545235438957232,4.712372959618185,4.692826955224639
202000,26.652777777777775,2.029800819067112,2.0274183093535503,1.8867001491407556,2.1764363501751856,0.015079204904457438,0.030541992486297888,4.711799294463582,4.6922832319736365
202500,26.71875,2.0298222774092043,2.0275479743417613,1.886579386006075,2.176737898031849,0.015077527666801819,0.030538540819141216,4.71130331351857,4.69087982459995
203000,26.78472222222222,2.029820116658545,2.0278223348974995,1.8862704353227397,2.1762443177077815,0.0150758985461214,0.03053505416636953,4.710784703924069,4.690793938610907
203500,26.850694444444446,2.029805363170387,2.027676605737354,1.8867778922589584,2.1758805841964524,0.015074123522845068,0.030531597911236365,4.710269842733965,4.690885657713579
204000,26.91666666666667,2.0298216168501724,2.0274904489724723,1.8862267321889545,2.1766189449699356,0.01507244547804977,0.030528360475854766,4.7097431516354336,4.689738933804096
204500,26.98263888888889,2.029806768942597,2.027652783218834,1.886436894775779,2.176148465453315,0.015070761455962001,0.030524860490466568,4.709163924664386,4.689528772693391
205000,27.048611111111114,2.029830877033336,2.02755124781131,1.886337344972414,2.1756189695203965,0.015069038107122559,0.030521415860262628,4.708697616378606,4.689121244586447
205500,27.114583333333332,2.02984579013809,2.02752050823178,1.885649334965297,2.176620750602523,0.01506737135004458,0.030518098417882073,4.708182907910037,4.6886591315755295
206000,27.180555555555557,2.029820959090466,2.027595362338313,1.886147226588248,2.1766534147681416,0.015065695735788927,0.030514661940874776,4.707596730794864,4.687592029539733
206500,27.246527777777775,2.029852873800754,2.0278369647540284,1.8861929263904527,2.1763441843476974,0.015063966653824892,0.03051130093249868,4.707089602873791,4.687948703367725
207000,27.3125,2.0297968109494295,2.0274074412110634,1.8868952690616458,2.176012674474024,0.015062320648781718,0.030507867594475116,4.706552747522541,4.687147508663689
207500,27.37847222222222,2.0298088127415754,2.027365335403107,1.88671354331427,2.1760529505523443,0.01506062828576854,0.030504335115879425,4.706044831791304,4.68580311743291
208000,27.444444444444446,2.0298298534692676,2.027518723288035,1.8864895749250172,2.176648338142607,0.015059002952822361,0.030501126184629006,4.70552844738542,4.686281991761054
208500,27.51041666666667,2.0298386623504134,2.027650652092022,1.886258852819262,2.1764063680678762,0.015057283986652788,0.030497609245409767,4.705006862711479,4.685085160647578
209000,27.57638888888889,2.0298211345480603,2.0277615000923785,1.8862981811029271,2.1760066395993793,0.015055631260143136,0.03049431449379015,4.704444445926641,4.684653857889138
209500,27.642361111111114,2.0298190631755864,2.027677764471295,1.886091683994084,2.176361094385787,0.015053939240178438,0.030490829360614313,4.7039611585935175,4.684459184495407
210000,27.708333333333332,2.0297850959936747,2.027519938717762,1.886742111982144,2.175980475331148,0.015052322731316955,0.03048741810310094,4.703466299796595,4.684107810741116
210500,27.774305555555557,2.0297855226708332,2.02757432237052,1.8867679131032036,2.175522778867782,0.015050684675313413,0.030483988656779967,4.702930785209182,4.683180370148372
211000,27.840277777777775,2.029765520186075,2.027422504171022,1.886692935373493,2.1759571592872633,0.015049054821888713,0.030480630606260155,4.702397077986263,4.682721054133969
211500,27.90625,2.0298156899262887,2.0277389014224774,1.886431333138309,2.176763461080049,0.015047358743913853,0.030477214370335654,4.701878713363064,4.681817704312703
212000,27.97222222222222,2.0297666218327777,2.0272962412356175,1.8869216118999934,2.1758159811430033,0.015045651487614813,0.03047377228398781,4.701353509004533,4.681492139798481
212500,28.038194444444446,2.029773614694257,2.027545613634442,1.8866137709958228,2.1763138785409453,0.015044013085054675,0.030470417347766374,4.700862718309624,4.681129318254696
213000,28.10416666666667,2.0297888986892176,2.027673823750865,1.8869053831046356,2.1759560887915708,0.015042375763269474,0.03046696128024388,4.700331426502885,4.680544275464803
213500,28.17013888888889,2.0297483971669465,2.0276571619875643,1.8867005392570038,2.175886659537153,0.015040742393492292,0.030463724276026404,4.699817791328727,4.680316774721032
214000,28.236111111111114,2.029762902076008,2.0276806066396755,1.8865332092147393,2.1760917903430608,0.0150391265930142,0.03046019698299272,4.699312851301402,4.67936629909114
214500,28.302083333333332,2.0297861271843693,2.0275905441499056,1.8860572870409436,2.1762639193824485,0.015037442204390619,0.03045674886672542,4.6987800012024765,4.679568449817071
215000,28.368055555555557,2.029767228360761,2.0274156910845775,1.8865613891122317,2.1760299263454046,0.015035801110800166,0.030453350420856038,4.698298641908182,4.678494899448533
215500,28.434027777777775,2.0297349134549867,2.0272900501272186,1.8868744862585676,2.1758884176484443,0.015034201405012588,0.03045003676641833,4.697794835977196,4.677881361094387
216000,28.5,2.0297469359628355,2.0276385647447155,1.8861056528824385,2.1763422477618657,0.015032585849248268,0.03044645464337148,4.697290618161932,4.677473280929022
216500,28.56597222222222,2.0296955682606344,2.027550510872648,1.8867699562451234,2.1760552427490003,0.015030845423403764,0.030443153109261066,4.696759780633364,4.677364590056458
217000,28.631944444444446,2.0297001641269223,2.027533026148797,1.8866860553216216,2.1757000866819007,0.015029244674326654,0.03043966006764732,4.696249405366326,4.676988959021491
217500,28.69791666666667,2.029723551707487,2.02757073214578,1.8859657569334294,2.1760272484935355,0.015027643904416804,0.03043633933565136,4.695748128726361,4.676214898182078
218000,28.76388888888889,2.029706788871827,2.0274003447848346,1.8863658118920807,2.176001643124093,0.015025994434312299,0.030433002431445654,4.695241399328172,4.676004184913257
218500,28.829861111111114,2.0296855863328687,2.027595208928207,1.8864303714114277,2.1754808394962835,0.015024405629217943,0.030429650629007904,4.694722730165312,4.6753033157513215
219000,28.895833333333332,2.029681413317515,2.0276158718360815,1.8862935899634512,2.1757551264563646,0.015022730590772188,0.03042637328232014,4.694205340858723,4.674769624714158
219500,28.961805555555557,2.0296536737974997,2.0274217380804567,1.8868009432684527,2.1751233227099447,0.015021111288014113,0.030422834707602077,4.6937066018375795,4.67434016533843
220000,29.027777777777775,2.02969003408782,2.027470385183079,1.8868456510520677,2.176085983527719,0.01501944021404415,0.030419459768431693,4.6931792240807395,4.674235781846885
220500,29.09375,2.0296778727658054,2.0272463155847698,1.8866794750507425,2.175753834364432,0.01501777729682195,0.03041610632314925,4.692646526125032,4.673417561122886
221000,29.15972222222222,2.0296655383970363,2.027354244239574,1.8867386852006967,2.175622575291448,0.015016202467426092,0.03041268508928958,4.692152022386728,4.672236919987781
221500,29.225694444444446,2.0296570227332644,2.0274830726570645,1.8868493422749972,2.175474282623905,0.015014569461268418,0.030409325684161565,4.691658951389625,4.672106914315254
222000,29.29166666666667,2.029654567574313,2.027308351092824,1.8868316502943827,2.175646498334557,0.015012941486625273,0.030405911902656207,4.691163747787082,4.671068178480882
222500,29.35763888888889,2.0296389630492695,2.0272046610546868,1.8865864922668436,2.1755060961365897,0.01501132593159275,0.030402632809013175,4.690654980576425,4.6711565219816755
223000,29.423611111111114,2.029617795584183,2.0272878678238837,1.886532794358288,2.1756058279150725,0.015009688605419572,0.030399075931182153,4.690137111356895,4.6700370191075855
223500,29.489583333333332,2.0296403794703695,2.0274675299396625,1.8864899416856278,2.175918195932705,0.015008093107029634,0.030395874637415606,4.689620989313957,4.670608603545287
224000,29.555555555555557,2.029607222015092,2.0275470900725407,1.8868177092845075,2.1758761849730313,0.015006508619713178,0.030392445813084704,4.689187993623934,4.6691104727103
224500,29.621527777777775,2.0295955319656374,2.027100576749352,1.886413823588485,2.175865827177467,0.015004867551856376,0.030388886008979387,4.688648722393233,4.668976253708347
225000,29.6875,2.0295912036626587,2.0271573003949825,1.886619818813068,2.1756988397313712,0.015003371110130797,0.03038564789502125,4.688157856006121,4.668056764464421
225500,29.75347222222222,2.029601906559863,2.027372661873999,1.8864749889581662,2.175722149692935,0.015001773369700338,0.030382226687169292,4.687677317893909,4.668531498083396
226000,29.819444444444446,2.0295669178526023,2.0273769146449823,1.886579022829743,2.1758499502933035,0.015000184640015818,0.030378810938819164,4.687162939160605,4.6669405381828675
226500,29.88541666666667,2.029542522912471,2.027123425269468,1.8869300573055328,2.1755119995384,0.01499864532425737,0.03037546886316711,4.686672976611463,4.667085353812687
227000,29.95138888888889,2.0295394709931913,2.0274664993913394,1.8861645359546046,2.175607986413177,0.01499711472570832,0.03037206601307761,4.686189742195872,4.666564377469695
227500,30.017361111111114,2.0295113449922115,2.0271696466994014,1.8868210175155342,2.1755548369853077,0.014995508019258875,0.030368782377556046,4.685753534142435,4.6661522124890205
228000,30.083333333333332,2.029488941190384,2.0270631948253266,1.8867218550280969,2.175092700118486,0.014993963314818,0.030365316935762835,4.685219316462785,4.666051756251996
228500,30.149305555555557,2.0294535327710346,2.0272800816034446,1.8865318359167575,2.1751164725908656,0.014992405214620403,0.030361927074281876,4.684770946455325,4.665391700103569
229000,30.215277777777775,2.0294680811663817,2.027173152459485,1.8866229476188159,2.1755054162079857,0.014990879162749852,0.030358637067814165,4.6842422130560415,4.664894617481984
229500,30.28125,2.029429097636182,2.0273438074913805,1.8866454121781677,2.174992391696833,0.014989288000683434,0.030355205051478075,4.683748867165488,4.664671334440046
230000,30.34722222222222,2.029416450905051,2.0269417618522834,1.8868364096930605,2.1750231824926636,0.014987667341364272,0.03035164812188294,4.683304511912901,4.663938114479846
230500,30.413194444444446,2.0293937101996415,2.027243625622811,1.886537343205607,2.1753960536069035,0.014986172508140072,0.030348260094263294,4.682813953766879,4.663589880110447
231000,30.47916666666667,2.0293752396066895,2.0271724242532745,1.8866963078976462,2.174467464787785,0.014984660956081843,0.030345060231981295,4.682297210155617,4.662955701024039
231500,30.54513888888889,2.0293638833656824,2.0272319028224026,1.8862526856363049,2.1749203323283606,0.01498306862855921,0.030341468978147143,4.681827435663405,4.662601538573383
232000,30.611111111111114,2.029354946395444,2.0270723497997167,1.8868876613657748,2.175364332611443,0.014981449738400673,0.030338171712843004,4.681317900106514,4.662507342859071
232500,30.677083333333332,2.029327917115767,2.02727981294849,1.8863948317831922,2.1747872584759866,0.014979893834667959,0.0303347801655308,4.680849714856238,4.661925983861167
233000,30.743055555555557,2.0293325286608463,2.0269465650617273,1.8866928810750427,2.1749715451406813,0.014978314244535391,0.030331410961848576,4.680359341108153,4.660906228619551
233500,30.809027777777775,2.0293079890703183,2.0269811387988947,1.8861727548677694,2.175347840573178,0.014976879639818358,0.030328072784684357,4.679853118079733,4.660374389626205
234000,30.875,2.029302464147637,2.027002531575543,1.8861442892083216,2.1754778372827728,0.014975292738384039,0.030324733060507515,4.679377487462673,4.659658863530458
234500,30.94097222222222,2.0292846093471564,2.0271126492256064,1.8862372691502722,2.17520108396249,0.014973733392681017,0.03032128017038068,4.678929888716396,4.659889807962552
235000,31.006944444444446,2.0292308373797425,2.0270037004270565,1.8867515138173516,2.174861378907158,0.014972209136566418,0.03031803214620167,4.678402211888248,4.658650847400356
235500,31.07291666666667,2.0292365272775137,2.0270640350608176,1.886366388156135,2.174602623902789,0.014970682304067211,0.030314626390449188,4.677924048006515,4.659156217705355
236000,31.13888888888889,2.029216828302139,2.026776237506116,1.8864040564764224,2.175088804069665,0.01496922173446208,0.030311159975548223,4.677520117112352,4.65803325021302
236500,31.204861111111114,2.029181963316923,2.027181916177996,1.8861128130100262,2.174812547831114,0.014967638018766239,0.030307758486069192,4.67697381552843,4.658002649241414
237000,31.270833333333332,2.0291629824505315,2.027155592097436,1.8861239168832635,2.174670313154661,0.014966137294811171,0.03030431919818101,4.676554520266655,4.65733798377595
237500,31.336805555555557,2.0291387590555576,2.026769024248912,1.8868952845807674,2.174570675113981,0.014964550235233,0.030301156113566406,4.6760100650601615,4.656344274335966
238000,31.402777777777775,2.029097361718291,2.027008241052271,1.8861783728314454,2.174607860535402,0.014963097406851042,0.030297562619273338,4.67554113430879,4.656740623900719
238500,31.46875,2.029123593980451,2.0269683035705266,1.886726421337351,2.1743573259297424,0.014961532512418623,0.03029428921205443,4.675081221007103,4.655307340276954
239000,31.53472222222222,2.0290760672565264,2.0267139391337343,1.8865403774307135,2.174214242611876,0.014959995647457858,0.03029087065753847,4.674592658534779,4.655039540781863
239500,31.600694444444446,2.0290732814784698,2.0267559099629606,1.8867930675608147,2.174823159901035,0.014958473062913879,0.0302876120042025,4.674114016601111,4.655186707248825
240000,31.66666666666667,2.0290681815497607,2.026568581974963,1.8866741872641555,2.1754255468275536,0.014956965807983308,0.030284169525065643,4.673668622387994,4.655208493311533
240500,31.73263888888889,2.0289889408946093,2.0267621387898096,1.8865646136679088,2.1746068749020138,0.014955510076182416,0.03028079258411942,4.673206792640855,4.653883677406162
241000,31.798611111111114,2.029007272523403,2.026536854491188,1.8867391726564486,2.174694597363391,0.01495395435932856,0.03027734535792738,4.672716988422037,4.653350555907802
241500,31.864583333333332,2.028976443155208,2.026406822739377,1.8865681857068064,2.174556510534532,0.01495245863867205,0.03027402894485763,4.6722247524454374,4.652529146658345
242000,31.930555555555557,2.028950856906735,2.0267674645628446,1.8866395117871162,2.174385475253452,0.014950977921273178,0.030270581228329974,4.6717952115468355,4.652802492779074
242500,31.996527777777775,2.0288997163343248,2.0265191276238133,1.886475165728155,2.1743873556794453,0.014949485778205674,0.030267265452063236,4.671321684910063,4.65199982156822
243000,32.0625,2.0288986057018357,2.0265699982499688,1.8865673762617106,2.174399864277423,0.01494790861226463,0.030263914485643355,4.670822094599224,4.651692794039748
243500,32.12847222222222,2.0288897849547163,2.0268017556693305,1.8858612338020166,2.1745187779181596,0.014946505515695032,0.030260504250198716,4.6703829126128396,4.650651967441581
244000,32.19444444444444,2.0288345083694246,2.026561899499255,1.8861575080783148,2.1741662921924245,0.014945098216059712,0.030257171397834355,4.6699121439889995,4.651223615465453
244500,32.26041666666667,2.0288212818394586,2.0266138524582833,1.886370787272915,2.1738736098150366,0.014943568338775134,0.030253759649938945,4.6694544736369386,4.650093129118697
245000,32.326388888888886,2.028786362472119,2.026418858920357,1.8864249583853772,2.173937948838372,0.014942047939764589,0.030250432690552092,4.669003102351504,4.650426532887096
245500,32.392361111111114,2.028724743697371,2.0263718615150967,1.8866793108116546,2.173788508644307,0.014940609391290625,0.030246975068936602,4.668578393870249,4.649807847165933
246000,32.458333333333336,2.0287332066647568,2.0266554664683607,1.8865438242666206,2.173822763628653,0.01493902770811123,0.030243620515769953,4.668084281202142,4.64852064419766
246500,32.52430555555556,2.0287005435956247,2.0266635785520704,1.8860936698229076,2.1737762066698356,0.014937567302219354,0.03024029392198977,4.667634582151926,4.648027623735404
247000,32.59027777777778,2.0286712521568044,2.0262247138280913,1.8865667833224702,2.173825049157487,0.014936171048828746,0.030236866304365135,4.667175711797473,4.64784041215364
247500,32.65625,2.028677740211071,2.026477416462282,1.8861491732510902,2.1740405425345366,0.014934706087576506,0.030233517562913457,4.666699749464209,4.647303788100655
248000,32.72222222222222,2.028628960811955,2.026339939331326,1.8861999070262985,2.1739739543784724,0.014933273568270202,0.030230167814999556,4.6661939395656775,4.646740480874428
248500,32.78819444444444,2.028593652934794,2.026351355573013,1.8861217762626294,2.173982589677726,0.014931843217540187,0.0302269298304573,4.665796809009138,4.6465906031681286
249000,32.85416666666667,2.028553283166849,2.026320432525935,1.8858994004060903,2.1740269557371565,0.0149304026184419,0.030223642628648954,4.665367997293048,4.646356817614543
249500,32.920138888888886,2.028502862217959,2.026096980110064,1.8864234838064422,2.173333318823089,0.014928923564771168,0.03022014283947217,4.664896213153755,4.646058005172741
250000,32.986111111111114,2.02850539449552,2.0262774157024857,1.886392752739651,2.1739149874904653,0.014927443481568492,0.030216791598409308,4.664425129281926,4.644995853030445
250500,33.052083333333336,2.028481398300059,2.0262105885691897,1.8862805520200514,2.173340689892539,0.014926030779711242,0.03021348894984764,4.664018636246406,4.644551213415628
251000,33.11805555555556,2.0284239269023163,2.0264546703679542,1.8861630148862705,2.173310186516832,0.014924585437844261,0.030210045155631252,4.663499978735513,4.644143724882976
251500,33.18402777777778,2.0284096955858693,2.0260087860656695,1.8863898397749252,2.1737141564828617,0.014923120869363166,0.030206680223235402,4.663053258537669,4.643099722227337
252000,33.25,2.0283726532994404,2.026236955463925,1.8863674539121025,2.1735062203615634,0.014921729523444005,0.030203318525093593,4.66264949544573,4.643521348423031
252500,33.31597222222222,2.0283178204868975,2.0259895910304246,1.8864895823123535,2.173460106299504,0.014920304214534014,0.03020005604818506,4.662227276319462,4.642813836694213
253000,33.38194444444444,2.0283344972424864,2.0259142938758607,1.886499589550799,2.1735544140378433,0.014918781358614727,0.030196697105831442,4.66170514231568,4.642294683579291
253500,33.44791666666667,2.0282811971222388,2.025865483824971,1.8862227204359472,2.172953033391071,0.014917325335348322,0.0301932853464956,4.661235357801943,4.641743693910724
254000,33.513888888888886,2.0282648935653067,2.0259985339451365,1.8859644553733914,2.173758872058036,0.014915891652234087,0.03018992970525656,4.660768538619832,4.641912518664646
254500,33.579861111111114,2.0282245780261063,2.0257453697639116,1.8862708061871873,2.1733664966126582,0.014914496739092793,0.030186588501783344,4.660382825651938,4.640880586003515
255000,33.645833333333336,2.0281743650338666,2.0258211306720577,1.886251920412727,2.1732904969142925,0.014913017690252054,0.030183250072908344,4.65994509504107,4.640169148111186
255500,33.71180555555556,2.0281392242016536,2.0257998439576514,1.8865534369339567,2.1731619996198974,0.014911669069274037,0.03017979776385066,4.659468911403047,4.640354578831166
256000,33.77777777777778,2.0281249511270465,2.0261509776587046,1.8857197890043451,2.173152757394371,0.014910223481262056,0.030176431308159033,4.659023082774389,4.639560568990033
256500,33.84375,2.0281025689785737,2.0259597395935245,1.8861632126362902,2.1731618014112852,0.014908801924243131,0.03017312231561678,4.658590240106886,4.639825502106305
257000,33.90972222222222,2.0280590790606023,2.0257531275340037,1.885865599418405,2.17289302233824,0.014907400975580713,0.030169796859709663,4.6581492799818935,4.638849917697138
257500,33.97569444444444,2.0280045518565855,2.025825415007414,1.8856299283996591,2.1732249451772447,0.014906046570512824,0.03016633978621126,4.6576774716152265,4.63823441457966
258000,34.04166666666667,2.0279820358257257,2.0257577645162086,1.8861543710319504,2.1730321126013816,0.01490459785419965,0.030163022660067464,4.6572441999679155,4.637922901504184
258500,34.107638888888886,2.0279271990852297,2.0258002667343957,1.88560675428216,2.172809137988816,0.014903237266953567,0.030159687125372966,4.65685936575243,4.637633413413029
259000,34.173611111111114,2.027903960328616,2.0255926023509447,1.8861496341843624,2.172882685627135,0.014901834345461043,0.03015625896729549,4.656395302975417,4.6371124623064075
259500,34.239583333333336,2.0278789251951217,2.025789960298,1.8857124459054375,2.1729799765030267,0.014900381273216882,0.030152890936434237,4.655935927370011,4.636507216495255
260000,34.30555555555556,2.0278534095617595,2.0252612556540672,1.8860627595097899,2.172840644929692,0.014898983848448958,0.030149603603430743,4.6554999699044926,4.636344414592627
260500,34.37152777777778,2.0278137889252337,2.0255481480656368,1.88568596860965,2.1724767457262972,0.014897528837609628,0.030146282181103875,4.655063110592485,4.6360593061581685
261000,34.4375,2.0277527150733983,2.025841117063352,1.8857624884148372,2.172287249793162,0.014896188065825152,0.03014287266643499,4.6546377291043175,4.636014457688427
261500,34.50347222222222,2.0277203356284677,2.0255407946594337,1.8857695193050974,2.172616237863306,0.01489481852068263,0.030139515817954064,4.654224235519022,4.6347207078616925
262000,34.56944444444444,2.027681388947069,2.0253696768282037,1.8854548533306017,2.1727725676373018,0.014893460167626422,0.03013612898924567,4.65379203317677,4.634325314558581
262500,34.63541666666667,2.0276279763697502,2.025369344661735,1.8858484591587028,2.1723092332339773,0.014891997765146213,0.030132786879114245,4.653337399001899,4.63425909504675
263000,34.701388888888886,2.0276291168195684,2.0253195184615462,1.8852617894063828,2.1727480872540132,0.014890623036981413,0.03012938645524406,4.652911686332856,4.633895536962239
263500,34.767361111111114,2.0275674641313817,2.0253187690844743,1.88609784345419,2.1720250247844914,0.01488932252472012,0.030126050316958763,4.652451201802541,4.6334017987694605
264000,34.833333333333336,2.0275264621763567,2.0252762319600235,1.8857959721172466,2.1722882704966953,0.01488793398983798,0.030122696693118414,4.652048628762326,4.63359777055473
264500,34.89930555555556,2.02751433960684,2.0251995102115754,1.885417546586581,2.1726023892339343,0.014886529158003281,0.0301193833529261,4.651590776850133,4.6327015485069065
265000,34.96527777777778,2.0274636343997687,2.025081296288486,1.8857903754953278,2.172159406423564,0.01488517161446327,0.030116002803052204,4.6512229185856935,4.632004990136938
265500,35.03125,2.027419351984045,2.0249751245625305,1.8852308770496724,2.172396589464946,0.014883769117933075,0.030112702559665593,4.650737815660557,4.630830156220032
266000,35.09722222222222,2.0273869262964084,2.025098534495626,1.8851156498906745,2.172236020870157,0.014882448441899777,0.030109340138458285,4.6503172374749635,4.631195860831586
266500,35.16319444444444,2.0273000755458277,2.0251822300210116,1.8857824257522329,2.172368852159105,0.01488112093742118,0.03010609163800582,4.649914983608601,4.630980885674176
267000,35.22916666666667,2.0272688886555974,2.0248587176230064,1.8858585655126872,2.17218185346886,0.014879710749974339,0.030102531191751082,4.649499056157868,4.630465032353758
267500,35.29513888888889,2.0272242495545663,2.0246652106523477,1.8855310085109207,2.1723919147681525,0.014878423698539492,0.030099313900372075,4.649097795497575,4.630088471973783
268000,35.361111111111114,2.0271965968041212,2.025031907954487,1.8854432729546304,2.1722162377958254,0.014877042562007134,0.030095909890384038,4.648640151344071,4.629634332856075
268500,35.427083333333336,2.0271210137546314,2.024782717910556,1.885636089578336,2.1718744130660426,0.014875697926555066,0.0300926670466372,4.648232201024784,4.6289087721068345
269000,35.49305555555556,2.0271006319055562,2.024874103875361,1.8851606606634181,2.1720196008139574,0.014874363176378282,0.03008918512126162,4.647810876199155,4.62934516701649
269500,35.55902777777778,2.027053010762186,2.024776597647339,1.8853968503066574,2.172060937927493,0.01487298490535123,0.03008587018147165,4.64737136567812,4.628294794039574
270000,35.625,2.0270475611787444,2.024936666975022,1.8849231064410321,2.171971152902732,0.014871630568320818,0.03008239695131705,4.646956528280994,4.627323875770285
270500,35.69097222222222,2.0269701162344127,2.0244469727353227,1.8852706169773974,2.171698137199689,0.014870272930102806,0.030079175568570676,4.6465047671443305,4.627229211639682
271000,35.75694444444444,2.0269622402304757,2.0244969419887338,1.884985729190522,2.172371855433364,0.01486900097759697,0.030075875192068544,4.646097523198185,4.6275716088573
271500,35.82291666666667,2.0268958618778226,2.0245896345712846,1.8851382809866992,2.171479491858241,0.014867690849667074,0.03007260411895423,4.645738392967349,4.62594610836462
272000,35.88888888888889,2.0268611374383596,2.0246292026272856,1.8851848839869632,2.171509220967841,0.014866328379524677,0.0300691587864082,4.645262068095503,4.625869441838883
272500,35.954861111111114,2.0267928070964736,2.0243460119086962,1.8852015670432831,2.1717107606407096,0.014865036936342916,0.03006585760574226,4.644875905068948,4.62500534683687
273000,36.020833333333336,2.026780256682688,2.0242883439895527,1.884852571084771,2.1720694333420276,0.014863623743675542,0.030062452947754958,4.644421729687706,4.625219497128377
273500,36.08680555555556,2.026703263093928,2.024566226739177,1.8852260992121825,2.1714821357488496,0.014862364775741285,0.030059132702192213,4.644025508891387,4.6252790491823745
274000,36.15277777777778,2.026668408860839,2.024188693446881,1.8851046290639717,2.1717114798834647,0.014861004508063897,0.030055741435937564,4.643639600626308,4.624656793105367
274500,36.21875,2.0265972577360216,2.0244285320805986,1.8846763343941142,2.1708095231658615,0.014859722157663855,0.030052453764434956,4.643191730977115,4.624182206177034
275000,36.28472222222222,2.0265499274819243,2.0240203781012207,1.8847856684459594,2.1711913486889607,0.014858401312316773,0.030049192388998332,4.642773612075295,4.624171299277357
275500,36.35069444444444,2.026509545439486,2.0244280205728433,1.8848897153821165,2.170434076316512,0.014857118685606362,0.030045785772136003,4.642365333860831,4.623670021853517
276000,36.41666666666667,2.0264927953732945,2.024097756259323,1.8845164463812143,2.171004858536559,0.014855797533927009,0.03004251577967179,4.641968243868311,4.623014330491419
276500,36.48263888888889,2.026403015316273,2.0237987596927844,1.8851354694444433,2.171184971576724,0.014854491238784349,0.030039111297977653,4.641570829445181,4.623194534448831
277000,36.548611111111114,2.0263930816087035,2.0243077125101436,1.8842890051449446,2.171189552632245,0.01485330286711913,0.0300358807359218,4.641180487291454,4.6223753616084
277500,36.614583333333336,2.026315668715178,2.0241337502549293,1.8845829057488799,2.171320226703523,0.0148519267716439,0.030032441826827263,4.640736325979862,4.6218965122197915
278000,36.68055555555556,2.0262570728231757,2.0238143810020155,1.8847285436774603,2.170751549096401,0.014850624109534524,0.030029080262640544,4.640400655179872,4.621616893561274
278500,36.74652777777778,2.0262269303846066,2.024299510303617,1.8841488080277025,2.17101149074942,0.014849343058073476,0.0300257833937804,4.639985874367484,4.619944508045599
279000,36.8125,2.0261569442838163,2.0237262277802692,1.884996787005052,2.1702041687314932,0.014847978715596413,0.030022437263961112,4.639511732440274,4.62083354989373
279500,36.87847222222222,2.02610984309179,2.0236197450984754,1.8851192659113167,2.170382826816045,0.014846698195355298,0.0300192001228564,4.639105638880089,4.620589468450475
280000,36.94444444444444,2.026082772794424,2.023767561224738,1.884876341251025,2.1706244654593645,0.0148453804901702,0.030015835188279254,4.638754988491955,4.619830401612877
280500,37.01041666666667,2.026043394276895,2.0235759427950026,1.8844355323639728,2.171067401703182,0.0148441045106267,0.030012526534059895,4.638317951164803,4.619421985345028
281000,37.07638888888889,2.025974733334909,2.023834012797643,1.8843293033431356,2.1702791520578257,0.014842745029240195,0.030009111579316034,4.637876949225855,4.619000265682909
281500,37.142361111111114,2.0259003425511977,2.023545422555517,1.8848494979654347,2.1702294604809245,0.014841451612278822,0.030005756515041355,4.63749677648823,4.6183693111460595
282000,37.208333333333336,2.025874809638118,2.0237042984720044,1.8839803276649008,2.170206015548411,0.014840219000205684,0.030002456675655532,4.637080737660074,4.618311082163684
282500,37.27430555555556,2.025851479011276,2.023548198813442,1.8842563847886549,2.1704881461079815,0.014838893111464318,0.029999216959223907,4.63663957099425,4.617370294327154
283000,37.34027777777778,2.025744915349826,2.023577127215475,1.8844097286395938,2.1696086928048244,0.014837667969269119,0.02999574883601272,4.636300664574073,4.617805477503775
283500,37.40625,2.0257261089021426,2.0235072022651845,1.8844486339710596,2.170608471768571,0.014836407754487427,0.029992514591684404,4.635904927468256,4.617109709316843
284000,37.47222222222222,2.025646656160714,2.023130072433377,1.884432908719671,2.1698269376358255,0.01483509568708604,0.02998914067395394,4.635491821135264,4.616500581574261
284500,37.53819444444444,2.025610039657964,2.0230735285925485,1.884462168210843,2.1700783892109063,0.014833822576126594,0.029985781293416815,4.63510622276829,4.616341404643112
285000,37.60416666666667,2.0255625304595735,2.023407165369207,1.8846594185910612,2.1696641460449246,0.014832517900592652,0.02998244452904494,4.634686652296084,4.615537891410323
285500,37.67013888888889,2.0254800253038514,2.0232458842066077,1.8847044077438582,2.1697924546653464,0.014831344430523115,0.02997907876646427,4.6343030252449475,4.615362551524496
286000,37.736111111111114,2.02544615861021,2.0231936121864615,1.8842450800134003,2.16993969543941,0.014830056651318348,0.02997575280759754,4.633890635886043,4.614486657706754
286500,37.802083333333336,2.025359055617363,2.0229629373428004,1.8845798145494634,2.169322359867555,0.014828767192062688,0.029972408891873456,4.6335199595644525,4.6147534272702035
287000,37.86805555555556,2.025319827481965,2.0230748036851933,1.884253335814778,2.1693863594078575,0.014827547336153865,0.029969137963271605,4.63314118512902,4.614769954496037
287500,37.93402777777778,2.025298643387284,2.0230535736174717,1.8838037331803879,2.169313043439427,0.01482624173971713,0.029965852033322287,4.632698098820641,4.614449324257665
288000,38.0,2.025215064889662,2.023110609537902,1.8839477499389732,2.168972371273753,0.014825038023156257,0.029962430426087927,4.632315669684376,4.613619294877184
288500,38.06597222222222,2.025173794383812,2.0228854590291263,1.8839068161029848,2.1693708803222194,0.014823851681070909,0.02995914078393665,4.631938289820504,4.6130136638482355
289000,38.13194444444444,2.0250909531280947,2.0228047526030464,1.8837996085950128,2.1692345764388943,0.01482256682640285,0.029955759409392272,4.63156677357487,4.61265537160917
289500,38.19791666666667,2.025043683356555,2.022679024010529,1.8837004582960297,2.169021538698953,0.014821440138899506,0.02995251847098061,4.631185304785864,4.612583041078765
290000,38.26388888888889,2.024994744641794,2.022726270347543,1.8835079452313588,2.1692385960294907,0.014820174159510409,0.029949149937988428,4.6307672289875335,4.611695952230107
290500,38.329861111111114,2.0249099431113886,2.022442699556536,1.8836857461491374,2.1692056767269783,0.014819008448252803,0.02994567480124342,4.630437290930572,4.611877101944956
291000,38.395833333333336,2.0249048615601355,2.0226835836984525,1.8830881278950018,2.1693081680415065,0.014817763770885449,0.029942427710712996,4.630065989006374,4.611313834138326
291500,38.46180555555556,2.0247964111467085,2.022505828266201,1.8844070636345784,2.16833937377894,0.01481652707451471,0.02993923532248987,4.629663877649096,4.611405397127622
292000,38.52777777777778,2.0247482962647054,2.0224201299522813,1.8834100593757723,2.168682668576858,0.01481529360339277,0.029935780344598092,4.629269941594726,4.610593599637687
292500,38.59375,2.0246701758613765,2.022419926193854,1.8835813725858266,2.1683047460521183,0.014814141075290471,0.029932494374392403,4.628900467354847,4.609972853111248
293000,38.65972222222222,2.0246238824608622,2.022182626179501,1.8834776065786323,2.168859893545164,0.014812830624830076,0.029929184283648873,4.628480436037641,4.609658769720298
293500,38.72569444444444,2.024551360413031,2.0219686112874524,1.8832474007395084,2.168699146438964,0.014811760297103915,0.02992598469450393,4.628152233197187,4.609156626791018
294000,38.79166666666667,2.024508212014682,2.0223867335568464,1.883582146264271,2.168435536738908,0.014810426596696478,0.029922584920708647,4.627705653749384,4.609242624157504
294500,38.85763888888889,2.0244549069221733,2.022197068246374,1.8830909560532498,2.168508764304269,0.014809187758963461,0.02991932080665535,4.627371685725997,4.6088824731948055
295000,38.923611111111114,2.0243511942255377,2.0218863177800697,1.8839074118817933,2.167939097121595,0.014808125885482255,0.02991593005595984,4.626997995393657,4.607928291078961
295500,38.989583333333336,2.0243344141309803,2.021762327846068,1.8833678629155974,2.1689337172329872,0.014806859065766675,0.02991263628829193,4.6266370081006,4.607531900350811
296000,39.05555555555556,2.024268110163929,2.0219942274032463,1.8828435852495349,2.1686252132397428,0.014805668180685964,0.029909253572912645,4.626218851724632,4.607309719166246
296500,39.12152777777778,2.024189568405495,2.0219518141634936,1.8833087183417634,2.168119647487623,0.014804561009349366,0.029905975436745266,4.625887831743464,4.6075076475428585
297000,39.1875,2.024110698703223,2.021793359689037,1.8836682120967008,2.1677477911259584,0.014803354744166415,0.02990261496425366,4.625513344112538,4.606418815897671
297500,39.25347222222222,2.0240422387316,2.021493853162048,1.8830889579458858,2.1681232478701733,0.014802182531903865,0.029899295215572094,4.625112995353153,4.606769627722685
298000,39.31944444444444,2.023998975234272,2.0217229048989798,1.8832476888412866,2.1679695290340115,0.014800982356145092,0.029895980803052707,4.62477181552766,4.60631424750022
298500,39.38541666666667,2.023936792408564,2.021547433213105,1.8830381862669427,2.1679618142539536,0.01479982732678158,0.029892647264814897,4.624384151732591,4.605053371991946
299000,39.45138888888889,2.0238912474348925,2.0216308580869367,1.8827593962794804,2.1679269026875323,0.014798663288019783,0.02988944035316905,4.624057982556906,4.605338769339998
299500,39.517361111111114,2.0237781808806723,2.0214424576292602,1.8835213317074175,2.1673918762686943,0.014797556201113726,0.029885977437890912,4.623660609218973,4.604952315681638
300000,39.583333333333336,2.0237413804162605,2.0214368737711483,1.8831002651647448,2.167749615713016,0.014796368313393092,0.029882731472926208,4.62330939728583,4.60438056378926
300500,39.64930555555556,2.023635237546095,2.0209719081547317,1.8836210593616483,2.167122731696012,0.014795192234788472,0.029879365844822686,4.622914032612128,4.6040599531156445
301000,39.71527777777778,2.02357019294276,2.021098781079096,1.8830105217537125,2.1675580252645794,0.01479403104262102,0.029875936741075526,4.622605597053986,4.6037400932961665
301500,39.78125,2.0235143467961896,2.0211990795434183,1.8830977980894956,2.1670571809118977,0.014792840054330875,0.029872693068381834,4.622190550445488,4.603798940663594
302000,39.84722222222222,2.0234252249647717,2.0211840917307526,1.8827799068499562,2.1666832728731356,0.014791745762563074,0.029869378546423023,4.6218534930661495,4.602877574163882
302500,39.91319444444444,2.023370080010244,2.020962234358375,1.8825856528960172,2.167355660168255,0.014790543856786674,0.029866003030435892,4.621477889704875,4.602416482687156
303000,39.97916666666667,2.023295932000946,2.0208847809791375,1.8825851565612615,2.1670937831209036,0.014789456013526343,0.02986260343867688,4.62111043069152,4.602064893026908
303500,40.04513888888889,2.023253667202574,2.020771203441528,1.8822918386276193,2.1673403770426845,0.014788272591534294,0.029859312148474478,4.6207529039879605,4.60267705398456
304000,40.111111111111114,2.0231810135328456,2.0209177128550593,1.8825448276886885,2.166626238539151,0.014787121001997257,0.029856055269099825,4.62038582688059,4.601197359754005
304500,40.177083333333336,2.023118420250032,2.0210203424869144,1.8819007271232686,2.1668867034680357,0.014786008741728963,0.029852713159935436,4.6200509731356085,4.600576041003409
305000,40.24305555555556,2.023033615642437,2.0207356397032914,1.8821292807261707,2.167134060202432,0.014784845414268017,0.029849419984192743,4.619708890218058,4.600556728582397
305500,40.30902777777778,2.022964813815142,2.020513166017833,1.8820542519464811,2.167021355253066,0.0147836716633023,0.029845980544261873,4.619324772448617,4.600187655527794
306000,40.375,2.022872518350173,2.020448661233374,1.8823521415060545,2.166348542559012,0.014782490290260812,0.029842708876420213,4.618951230030006,4.60009947686965
306500,40.44097222222222,2.0228511375149822,2.020339942900085,1.88206373201686,2.166951976182454,0.01478134902257904,0.02983940771759653,4.618568476440385,4.599605595540826
307000,40.50694444444444,2.0227053224985148,2.020471016386908,1.8821114390562905,2.1657463189214057,0.014780381056245349,0.029836031666689914,4.618210623591712,4.599563371949056
307500,40.57291666666667,2.0226698473941234,2.0202539517713687,1.882197558979454,2.1663132888378476,0.014779215098371335,0.029832642103487288,4.617877230388483,4.599266422532782
308000,40.63888888888889,2.022611644391251,2.0202910759201527,1.8823634890723704,2.166252436185392,0.014778097053227017,0.029829464708243266,4.61752056971226,4.598562719803739
308500,40.704861111111114,2.022509316568763,2.0201263929291784,1.881511096463125,2.1657175429919526,0.01477698438054149,0.02982604754332269,4.617190198141118,4.59858788535992
309000,40.770833333333336,2.0224521115327367,2.020152724984096,1.8819644830057058,2.1659023506826856,0.014775914538832018,0.029822859749654627,4.616838879925104,4.597760377904899
309500,40.83680555555556,2.022397868385204,2.0199129477997273,1.881717195512024,2.166183475050047,0.01477468467578722,0.02981956266976601,4.616434842811743,4.596898952878689
310000,40.90277777777778,2.022294812910618,2.0199919651673754,1.8815705564007033,2.1659087295110133,0.014773679200518787,0.029816167427759895,4.616092523666661,4.597742422771378
310500,40.96875,2.022203854914719,2.019884464893754,1.8818919825404703,2.16558790363241,0.014772673403216119,0.029812929544415,4.615831247406476,4.5966131722757595
311000,41.03472222222222,2.022147066486878,2.019582221363046,1.8814159620267776,2.165734111389419,0.014771532485800036,0.02980947741116607,4.615428476007614,4.5964517488386445
311500,41.10069444444444,2.0220241958563743,2.019485196811263,1.8822862459906533,2.1653948071194713,0.014770456884537972,0.029806182258242466,4.615033468362025,4.596590321758073
312000,41.16666666666667,2.0219893654658874,2.0196927583819857,1.8815742486031697,2.1656547731836646,0.014769320430571078,0.029802968236073833,4.614742749641812,4.595910892949121
312500,41.23263888888889,2.0218934984848254,2.019669813906079,1.8817420147676858,2.1648138625080446,0.014768224542818401,0.029799552379042173,4.614403088114727,4.595355071782965
313000,41.298611111111114,2.021824018398456,2.01957097100067,1.8812569878224386,2.1650983391710357,0.014767162402863954,0.029796230317504693,4.6140697494977205,4.595553120401158
313500,41.364583333333336,2.021748429206998,2.019437810201465,1.8816078295800573,2.1642135011384234,0.014766071716805124,0.0297929966692027,4.613693847332518,4.5948163509275375
314000,41.43055555555556,2.021675849007929,2.018997174068889,1.8812462608845597,2.16551115754876,0.014765013529254963,0.029789654778829954,4.613394477925031,4.595070766384967
314500,41.49652777777778,2.0215637562509134,2.0191710910401044,1.8814080671990525,2.165191343670484,0.014763981206723424,0.02978625196682101,4.613021416104765,4.594440799816411
315000,41.5625,2.0214987375338245,2.0190892267385663,1.881413440680328,2.164966843150363,0.014762969469925996,0.029783010866161242,4.612768886413524,4.5942982009117
315500,41.62847222222222,2.021410776342438,2.0191027126893983,1.8813871612927322,2.164912169688571,0.014761877927267826,0.029779653408091227,4.612403910907773,4.593084968211641
316000,41.69444444444444,2.0213177517293635,2.018866032491224,1.8812996931594257,2.1641515073241093,0.014760806743391657,0.029776330256362935,4.612047743777972,4.593992505016707
316500,41.76041666666667,2.0212399164473793,2.01902168242579,1.8813237939644198,2.1646850693634723,0.01475980430364316,0.029773002569397113,4.611760158179834,4.593347978557302
317000,41.82638888888889,2.0211841381669835,2.0189171425729335,1.88042067632081,2.1645850420699615,0.01475869940895564,0.02976974263054741,4.61139409310435,4.592651698644698
317500,41.892361111111114,2.021055639107826,2.018584941626405,1.880726369814417,2.1646418654433774,0.014757720074539923,0.029766384565220315,4.611090620165531,4.592590475137306
318000,41.958333333333336,2.021025048706176,2.0187770385368635,1.8805708875772336,2.1647442795984215,0.014756583819675206,0.029763001989515325,4.610742159754052,4.592429931891964
318500,42.02430555555556,2.0209119114526684,2.0187204987239946,1.8803925327999917,2.1642794530008738,0.014755712782140128,0.02975979365459264,4.610423804133881,4.591552978383557
319000,42.09027777777778,2.020843315318804,2.018348680380507,1.880208768428896,2.1639325832987715,0.01475466160714651,0.029756475126439856,4.610129723781121,4.591659596084966
319500,42.15625,2.020753525927858,2.0184193699230795,1.8802055421995738,2.164382603348367,0.014753548526394548,0.029753070004552917,4.609789779617138,4.590386205422295
320000,42.22222222222222,2.0206601230399976,2.017984312829408,1.8805737094120296,2.164218547052788,0.01475254117862612,0.029749849564401694,4.60947923822156,4.591064714999173
320500,42.28819444444444,2.020569412727046,2.018320834924377,1.8799578179400767,2.163516515248719,0.01475151018066343,0.02974653725212427,4.609093290375615,4.590071325906073
321000,42.35416666666667,2.020494996236656,2.017972403666911,1.8806177873951642,2.1633881969546804,0.014750511289073833,0.0297432313159462,4.608779339900063,4.590337397013963
321500,42.42013888888889,2.0203995230405845,2.0180607330231624,1.8806549430267319,2.163829419699753,0.014749503983533268,0.02974001034026631,4.608452738803594,4.589744064331439
322000,42.486111111111114,2.0203231368283037,2.0179706854785406,1.8801768901484694,2.1631288597093445,0.014748372276925804,0.02973655730093956,4.6081518143899745,4.589548079933513
322500,42.552083333333336,2.0202287454854364,2.017843144421838,1.8801350088577247,2.163602051439476,0.014747457918978003,0.029733204948231735,4.607772187027913,4.58919243087518
323000,42.61805555555556,2.0201189632708387,2.0176331439115565,1.8801088194918674,2.163065627083996,0.014746443806809055,0.029730029656348782,4.60747716661562,4.589267103915484
323500,42.68402777777778,2.0200268497999505,2.0177905524944557,1.8799030272194326,2.1630477711716316,0.01474543422158199,0.029726632559949666,4.607164660054321,4.589048964799474
324000,42.75,2.0199508556513015,2.0177795245934695,1.8798426531933043,2.1627281795806454,0.014744474630475415,0.02972328795322647,4.6068363423468615,4.5878879940941015
324500,42.81597222222222,2.019852958827084,2.0171327640207197,1.8800323426065937,2.1629212887353644,0.014743482945198644,0.029720009929167682,4.606525937738998,4.588288174836617
325000,42.88194444444444,2.0198030423552487,2.0174063279349594,1.8797533714005068,2.162817196002697,0.014742479911561114,0.02971675136356721,4.606229069075544,4.587907796777429
325500,42.94791666666667,2.019691231763012,2.017204859366961,1.8797754504678441,2.162724158740092,0.014741485839152675,0.02971344006267232,4.605917309289558,4.587476209781134
326000,43.01388888888889,2.019587002794799,2.017196727884127,1.8798211707180603,2.1628283388310923,0.014740535366681743,0.029710132943835368,4.605584630094191,4.586880972293094
326500,43.079861111111114,2.0195135516981426,2.0172198774302803,1.8797370139870395,2.162274982243675,0.01473951677886831,0.02970671471849651,4.6053278786881195,4.586153758556902
327000,43.145833333333336,2.0194196092906376,2.0170038641038213,1.8793889716169234,2.162354482365666,0.014738543850734757,0.029703435717801846,4.6049661409155505,4.586511034102824
327500,43.21180555555556,2.0192695934126688,2.016805775640962,1.8801572138193272,2.1618260649354903,0.014737607788293425,0.02970004595851296,4.604671596796287,4.58639652969744
328000,43.27777777777778,2.0192002301304086,2.016858351041073,1.879350872933884,2.1622203842994447,0.01473666214476997,0.029696809666985905,4.6043734985277895,4.585442175749739
328500,43.34375,2.0191037332111494,2.0166605466198844,1.8793610401024632,2.1623047943494234,0.014735655766791644,0.02969346120818408,4.604098380254899,4.585369966337645
329000,43.40972222222222,2.0190042627548292,2.016828014167528,1.879001293459034,2.1617979853079152,0.014734713831392058,0.02969008024998449,4.603793406204855,4.585465029608037
329500,43.47569444444444,2.0189028699491978,2.016302652906714,1.8792667363190168,2.1618039454456515,0.014733838884574371,0.02968687036682447,4.603446923051953,4.584901361883967
330000,43.54166666666667,2.0188043723962,2.016409164633172,1.8788592785594957,2.1613726590279994,0.014732833349285771,0.02968347358332458,4.603182061928179,4.58425754185665
330500,43.60763888888889,2.018725663687931,2.0161723243547947,1.8787658803851248,2.161704818400277,0.014731966705167817,0.029680319669779652,4.602872239496216,4.584403346996579
331000,43.673611111111114,2.0186415760003737,2.016290008851737,1.8789832393146133,2.1615557385759496,0.014730996150814805,0.029676895142862918,4.602574864973044,4.584233551230784
331500,43.739583333333336,2.0185075182815915,2.0160858143135014,1.8791611750378152,2.160986622376357,0.014729999332905313,0.029673580649977292,4.602256553521542,4.583306635914851
332000,43.80555555555556,2.0184231546899682,2.016184400148121,1.8785335982758002,2.161184223410417,0.014729072074862671,0.029670127261886028,4.601954006087148,4.5831159023164805
332500,43.87152777777778,2.0183170452056807,2.015837420965123,1.8788608305157606,2.1610102554915587,0.014728180078149583,0.02966701587441992,4.601672305515722,4.583142233830521
333000,43.9375,2.018201076577557,2.0158052491217244,1.8786903339584136,2.1606996742012434,0.014727235922105482,0.029663531092256567,4.601350336679387,4.582787156276164
333500,44.00347222222222,2.0181162657050127,2.0157496120131158,1.8783675333385799,2.1611395070978725,0.014726283862648765,0.0296603029814054,4.600995970937227,4.582662010004798
334000,44.06944444444444,2.0180055650455526,2.0154734284867115,1.8786465082748234,2.160656618117132,0.01472545378850763,0.02965701375048919,4.600771343409976,4.581312902576364
334500,44.13541666666667,2.0179300689207866,2.0154864661275305,1.8780136410176205,2.1610677316299935,0.01472452638583289,0.029653683180482098,4.600483108011831,4.58188391711121
335000,44.20138888888889,2.017820114230813,2.0151894971607467,1.8782514476722083,2.1607313338017993,0.014723587028042722,0.029650372471538858,4.60016943303356,4.581818539293117
335500,44.267361111111114,2.017698700020937,2.015229885523792,1.878425109852301,2.1602139189944864,0.014722649342933354,0.029647023094611872,4.599864212494209,4.5813046819053564
336000,44.333333333333336,2.0176000192487065,2.015019042046891,1.8786418816722792,2.159840807212422,0.01472174461375044,0.029643615018502652,4.59960627516783,4.581078046768054
336500,44.39930555555556,2.017501623630681,2.0153181294005686,1.8777011431354595,2.159610653313652,0.014720921695667405,0.029640445215041906,4.599299401972251,4.580859878613635
337000,44.46527777777778,2.0173616950382387,2.015114247919345,1.8783425727616254,2.1593490027992726,0.014720055791636173,0.02963705793975953,4.599015623046343,4.579915954068961
337500,44.53125,2.0172870590176926,2.015068157029482,1.8776147480811134,2.1598420231446145,0.014719174936316234,0.029633738438018063,4.598728817596114,4.5807037298007565
338000,44.59722222222222,2.017154642179731,2.0147172482237483,1.8779017995658414,2.1594825718044337,0.014718276722381353,0.029630391421645485,4.598468204788211,4.580450328966476
338500,44.66319444444444,2.017076616564525,2.0148230229857313,1.8780369209456562,2.1593003771751844,0.014717329923626865,0.02962713453964943,4.598153602356886,4.578967154588173
339000,44.72916666666667,2.016959617059451,2.0144548189971196,1.877714908787933,2.159185789892074,0.014716537179971394,0.02962389909691372,4.5979124516901955,4.5788739429754735
339500,44.79513888888889,2.0168648762431842,2.014558284269829,1.8777165880578361,2.1592271773227214,0.014715614294650688,0.02962054051053676,4.597596356991073,4.577895507745949
340000,44.861111111111114,2.0167494282010723,2.014179764041491,1.8779284406007304,2.1590123622956945,0.014714736148155954,0.029617238963630825,4.597353864745319,4.579369987692401
340500,44.927083333333336,2.016665291064826,2.0139573427357984,1.8772415488365142,2.1596745598306826,0.014713933090003033,0.02961389486081708,4.597019183670591,4.578544032394735
341000,44.99305555555556,2.0165407630751124,2.014072558451062,1.8770279048638867,2.1591870377839886,0.014713032621045698,0.029610465631858,4.596772998326531,4.578632115598008
341500,45.05902777777778,2.016415245427207,2.013828988693487,1.877168558716134,2.1585063919105902,0.014712164808184686,0.029607110677936033,4.596480305095395,4.57768486601936
342000,45.125,2.016330183398562,2.0140782920135782,1.8767691046659367,2.1585040504104818,0.014711309123316578,0.029603822963872577,4.596197503027529,4.577667064065624
342500,45.19097222222222,2.016187489522577,2.0135265594203826,1.8769222012258906,2.158687493870783,0.014710424233737569,0.029600429649618277,4.595959234761339,4.577344830699635
343000,45.25694444444444,2.0160890069167987,2.013431363862725,1.8770351582131002,2.1583063991431644,0.014709610475682085,0.02959725606085247,4.595667173829468,4.57739859556505
343500,45.32291666666667,2.0159826599186244,2.0134890888128223,1.8769640024151872,2.1580622434602805,0.014708810491709379,0.02959385417622476,4.595355348879764,4.5765963647264165
344000,45.38888888888889,2.0158578347344256,2.0135406815778647,1.8768572686349358,2.1580135019286044,0.014707998283706206,0.02959058287359476,4.595121039576703,4.577349178371867
344500,45.454861111111114,2.015741252829128,2.0133784017308227,1.876597132143401,2.1576334226128444,0.014707142993361802,0.029587280898963293,4.594828566252423,4.576577665342555
345000,45.520833333333336,2.0156363280139504,2.0130341074023788,1.876765394842677,2.1576567449910913,0.014706323807344077,0.02958396241186049,4.594576876235633,4.575857219473123
345500,45.58680555555556,2.015513601818476,2.0133223876191266,1.8766900327120593,2.157565315789004,0.014705570037686215,0.029580613475246625,4.594316144743858,4.575613635487313
346000,45.65277777777778,2.0153873259386854,2.013109334238645,1.8757570022201018,2.15753731901862,0.014704749376061884,0.029577213754181736,4.594035375449989,4.575959134154147
346500,45.71875,2.015279173023712,2.012950009550302,1.876013450793572,2.157241428700211,0.014703959701493992,0.029573886346829486,4.593763638711721,4.575283127227761
347000,45.78472222222222,2.01515552026631,2.0129057023977444,1.8761832616377703,2.156850216509666,0.014703198541916596,0.029570583665065472,4.593554786605798,4.575167351839964
347500,45.85069444444444,2.015018688906728,2.01235787120355,1.8760342887654664,2.1572244706489903,0.014702347403334636,0.02956718915246512,4.593295606286376,4.575076784705038
348000,45.91666666666667,2.0148889740796654,2.012346901702332,1.876223556017215,2.156510275089051,0.014701491259766481,0.029563878889072383,4.592957354398071,4.574672025168933
348500,45.98263888888889,2.014770422990037,2.0123409585086494,1.8762100706604468,2.156479518110867,0.014700703397434697,0.029560571238450822,4.592763927362158,4.574423849510454
349000,46.048611111111114,2.014688217777338,2.012593944781508,1.8757980409198654,2.156804827780479,0.014699925756824111,0.029557356711038377,4.5925014593552405,4.57352289550572
349500,46.114583333333336,2.014572416884643,2.0122045786599894,1.8754208502883447,2.156885988828815,0.014699203509342638,0.02955396264921391,4.592246287448648,4.573537395225696
350000,46.18055555555556,2.014402886363018,2.012215683395888,1.8753608423300125,2.1564786800002356,0.014698429634990275,0.029550561191358227,4.591989806548346,4.57333684284583
350500,46.24652777777778,2.0143051226427313,2.0116103290004195,1.8754150643744454,2.156668556621862,0.014697661131364951,0.02954716455856547,4.591758499005242,4.5733787210392105
351000,46.3125,2.014158047149069,2.0115526633230365,1.8754868172881611,2.156124420136684,0.014696859524498776,0.029543842419052255,4.591479884401834,4.572664883341932
351500,46.37847222222222,2.014049518391094,2.0116752029598937,1.874771627890114,2.1561350506883916,0.014696204769427674,0.029540644921737892,4.591249318970596,4.572694220432509
352000,46.44444444444444,2.0139090640938115,2.011368116315066,1.875203775240724,2.1555764110106868,0.014695458423466829,0.029537173428961283,4.590972615535703,4.572446424607399
352500,46.51041666666667,2.01376513985526,2.0111952695122666,1.8747980889954636,2.155778180363361,0.014694741166903369,0.029533818466660026,4.590781503799316,4.572195296074222
353000,46.57638888888889,2.0136779425567624,2.011034255646479,1.8748900453896749,2.155892191316867,0.01469395226572007,0.029530618739892215,4.5905019562559195,4.572608465063196
353500,46.642361111111114,2.0135155228134276,2.011119289486805,1.8748162360888654,2.155589351022253,0.014693245861059138,0.02952711681292358,4.590272950843811,4.571846190567331
354000,46.708333333333336,2.013395370812715,2.011058007022345,1.8748574745679192,2.1549208086673546,0.014692456217857882,0.029523851032342948,4.589959061719396,4.5714480167041565
354500,46.77430555555556,2.0132781847511363,2.0110280238188225,1.874111890657032,2.154831046998589,0.014691685400970789,0.029520459776626734,4.589741667555023,4.571118399598904
355000,46.84027777777778,2.013157312557924,2.0107279220770824,1.8739834639786084,2.1556122008392613,0.014690936228982111,0.029517048025109613,4.589474737800666,4.570990025689677
355500,46.90625,2.01300762760683,2.010780514768994,1.874429377871473,2.1544455547300982,0.014690267537358265,0.029513819903860632,4.58925616885594,4.571773973679358
356000,46.97222222222222,2.012894520554665,2.0101359068964455,1.8744172392566198,2.1546327205053957,0.01468948894898475,0.029510482100086124,4.5890244371424895,4.570912764663632
356500,47.03819444444444,2.0127579923192847,2.0103879214400147,1.8741248824883403,2.154222102431894,0.014688805620526215,0.02950710664972661,4.5888048065668325,4.570137964874927
357000,47.10416666666667,2.0126119509133034,2.0101673240726665,1.8739055993581708,2.153586341432948,0.014688098493475585,0.02950380774163995,4.588485298748895,4.57032446148644
357500,47.17013888888889,2.012488796569365,2.010045563112474,1.8742286500063434,2.1538447293303475,0.014687397738585808,0.02950033029337231,4.58828680271361,4.570129230316606
358000,47.236111111111114,2.0123643089944547,2.010080638481619,1.873860567662921,2.153800054221972,0.014686706257986851,0.029496988149058434,4.588098966583675,4.569918737540254
358500,47.302083333333336,2.012220697863578,2.009740783422928,1.873516714935852,2.1536713061915473,0.01468603875076799,0.029493661822094265,4.587822597123369,4.569792507763006
359000,47.36805555555556,2.0121151237186097,2.00938761878073,1.8733407329522274,2.153926814729093,0.014685331106640368,0.02949031608461299,4.587660002507009,4.5692351243799525
359500,47.43402777777778,2.011950111123543,2.0094607449898954,1.8736704227282144,2.1537628323428906,0.014684634406583139,0.029486914025790283,4.587404361639507,4.568587661865601
360000,47.5,2.011830999681314,2.009461788236971,1.8732803476144286,2.1534615526340692,0.014683977915090221,0.029483700315856287,4.587159005077026,4.5686766658910996
360500,47.56597222222222,2.0116702475574457,2.0093639991634826,1.8733705819760762,2.1528154523143375,0.014683210589518601,0.02948028196592623,4.586858226480319,4.568690469743812
361000,47.63194444444444,2.011555791022037,2.0090384110398096,1.8727716460187156,2.1535357899706553,0.014682591703411851,0.02947691743916646,4.586663836976266,4.567924850961952
361500,47.69791666666667,2.0113778717567876,2.0089062695146946,1.8731502198049808,2.1528021710631737,0.014681977620517858,0.02947349165594906,4.586447954069464,4.56737720329798
362000,47.76388888888889,2.0112453539826345,2.008880959222764,1.8726451992705526,2.152595511914761,0.014681326312089167,0.029470200853438835,4.586262906877194,4.5681530162636435
362500,47.829861111111114,2.0110890461179975,2.0085649698605517,1.8728673684329342,2.1526834344267582,0.014680765994701549,0.029466899780264413,4.586033628248453,4.567706540495866
363000,47.895833333333336,2.0109329534782545,2.0086616528884997,1.8729475705998269,2.1516865646533927,0.01468000501505995,0.029463332676481314,4.585800523192768,4.567280663156785
363500,47.96180555555556,2.01082860438689,2.008299773589326,1.8723365895902635,2.1529431842199696,0.014679460629245654,0.029460118926844192,4.585627866148702,4.5667674625977455
364000,48.02777777777778,2.0106799969859854,2.0083046403609845,1.8719536151681035,2.151961061184384,0.014678741602220774,0.029456843223658543,4.585380395517764,4.567408577526953
364500,48.09375,2.010535968404261,2.008004019042783,1.8721052038214934,2.152148503649231,0.014678183158261514,0.029453406819409916,4.585161369270751,4.566723366871493
365000,48.15972222222222,2.010359873560161,2.0079697605786677,1.8726461434060417,2.151183677607793,0.014677619817730199,0.02945004653352147,4.584945436602223,4.566466997024977
365500,48.22569444444444,2.010229279357586,2.0078640719496024,1.871621228358694,2.1522349264512837,0.014676921732358973,0.029446741334985933,4.584709293277795,4.5661461573417075
366000,48.29166666666667,2.010074761715291,2.0075356767592485,1.8714391661827212,2.1512932500367965,0.014676369347233804,0.029443267548022664,4.584561556319054,4.566056802192353
366500,48.35763888888889,2.009929845552015,2.007425023003905,1.8715264012411712,2.151154247838295,0.014675771848131087,0.029439997864111087,4.5842962202895325,4.566303812978529
367000,48.423611111111114,2.0097727468888125,2.007172070702458,1.8716356959145797,2.1516334341012326,0.014675150281157737,0.029436490547122968,4.584136709899851,4.566428543012546
367500,48.489583333333336,2.009612602655752,2.0070993004505233,1.8716636985375508,2.150965581754295,0.01467462123726676,0.02943318704954979,4.583893724301382,4.565460439651185
368000,48.55555555555556,2.0094831044376225,2.006847604398657,1.8714685271127753,2.150896048038592,0.014673971853627258,0.02942975127134256,4.583715368485967,4.565024761333927
368500,48.62152777777778,2.0093064865790544,2.006868344922223,1.8710575041456234,2.1505016211023604,0.014673448143976631,0.02942648804167047,4.583555507161027,4.565576246948169
369000,48.6875,2.0091539238147917,2.00654927600796,1.8709865872391647,2.1501682775793243,0.014672934821796681,0.02942307358609024,4.583319371158104,4.565039419300106
369500,48.75347222222222,2.009005859345839,2.0064521259601973,1.8707057302193881,2.1501503487406324,0.014672366413467372,0.029419599000501544,4.583127204165544,4.564672318912512
370000,48.81944444444444,2.0088200413103827,2.0064799987494677,1.8707274895911818,2.149818082547024,0.01467194951365256,0.02941630132132517,4.582953592432519,4.564637954334929
370500,48.88541666666667,2.008687931276966,2.0061917219060583,1.870397134454703,2.1501378904857127,0.014671339281147212,0.029412934225538413,4.582740658931324,4.564745708884876
371000,48.95138888888889,2.0085260636794464,2.0061136247107387,1.8698130382760172,2.149715519489578,0.014670774518595173,0.029409547430065283,4.58256894663777,4.564342744285635
371500,49.017361111111114,2.008357032665238,2.005978532757484,1.870528480299588,2.1491846069719855,0.014670301556870588,0.029406132830710193,4.582372073565737,4.564088538235083
372000,49.083333333333336,2.0081734237898283,2.0057697549023366,1.870180727285137,2.149015757795306,0.01466985041012639,0.02940267901038595,4.5822197009795245,4.563916114734601
372500,49.14930555555556,2.0080152730191068,2.005782797647041,1.8704326389326154,2.148587778914024,0.014669225978459105,0.029399289267518065,4.582012393227631,4.563173693093355
373000,49.21527777777778,2.007876583727751,2.0055289293459078,1.870155578978575,2.1489571733774895,0.014668730201764455,0.029395897237726613,4.581824436631223,4.564296951686827
373500,49.28125,2.007689184196999,2.0049834785741805,1.8702261837218974,2.1489919365944083,0.014668265701687217,0.029392492408744624,4.581626829260361,4.564177473987396
374000,49.34722222222222,2.007543444035184,2.0047870173424,1.8694241556830593,2.1488668086858276,0.014667778594446111,0.02938912747576593,4.581491317902892,4.562574905375056
374500,49.41319444444444,2.0073537052701447,2.0051376013401847,1.8694692224797393,2.148094937110694,0.014667291879633773,0.029385693911110334,4.5812468930443835,4.563217801054254
375000,49.47916666666667,2.007182747889882,2.0047652965371476,1.8691618437924342,2.1482942076908893,0.014666878270498855,0.029382209207560517,4.581127537270183,4.563222699166062
375500,49.54513888888889,2.00702331947049,2.0045061780638056,1.8687023597457864,2.1480818362311282,0.014666407896803669,0.02937891530265183,4.581009965714097,4.563252148198863
376000,49.611111111111114,2.0068518335234735,2.004410320269747,1.8690447365475569,2.147881806054467,0.014665971781329902,0.029375367588196616,4.580797620188631,4.562562075419104
376500,49.677083333333336,2.0066553753007046,2.004139631652836,1.8689580399334946,2.1472072717998234,0.014665514464887225,0.029372013687283687,4.580625554978978,4.562054370485811
377000,49.74305555555556,2.006500994101207,2.004033804283562,1.868516860853835,2.147427691031498,0.01466507321922213,0.029368591872379213,4.580510858048808,4.562605571655667
377500,49.80902777777778,2.0062950834370494,2.0038707755741196,1.868459196272402,2.1466019933288654,0.01466478830192665,0.029365152789920666,4.580360995901867,4.5619944327443385
378000,49.875,2.006116146358665,2.003595900500754,1.8689774448510215,2.1464734411165214,0.014664217064680615,0.02936169558171144,4.580148971327123,4.562351771501623
378500,49.94097222222222,2.0059583273092176,2.0035115060295428,1.8684025266893842,2.146244111186494,0.014663803980027564,0.029358308701823904,4.579950115814546,4.5615671358658565
379000,50.00694444444444,2.005796043071871,2.0032661148097723,1.8680882007306545,2.1467089371440258,0.01466337336404524,0.02935494608109001,4.579770106058806,4.561260007767672
379500,50.07291666666667,2.0056257460094002,2.003055112660094,1.8682730351444157,2.146637397364916,0.01466290459784989,0.029351352333458366,4.579663113216079,4.561244036875038
380000,50.13888888888889,2.0054360855095372,2.0029694589163407,1.8679495736219698,2.146879877377201,0.014662515318679379,0.029347991892360932,4.579506154031992,4.561176825088415
380500,50.204861111111114,2.005243499219773,2.0028665453766146,1.8674878479222399,2.1458829422785906,0.014662120698621786,0.029344576821595594,4.579348372600287,4.561094999417099
381000,50.270833333333336,2.0050482613692235,2.002575017923104,1.8674700743153179,2.1455553639697738,0.014661806286004966,0.029341127535695864,4.5791896321764725,4.560801351576673
381500,50.33680555555556,2.0048821110990094,2.0025135756219603,1.8673191137307739,2.1454571319340543,0.014661423786048502,0.0293377042780623,4.57904568912508,4.560839727168576
382000,50.40277777777778,2.00468507421838,2.002388612012355,1.8672549225175923,2.1452473355206405,0.014661054107887383,0.02933418329005435,4.578848082139009,4.561011981918119
382500,50.46875,2.0045122906559025,2.002101138648259,1.8668240684637774,2.1456477458050793,0.014660658313476979,0.029330681493643197,4.578729258133429,4.560439177267283
383000,50.53472222222222,2.004298607995982,2.001683506735495,1.8672774796997658,2.144305601935642,0.014660342535727323,0.029327287599591634,4.578609931241242,4.56090491047676
383500,50.60069444444444,2.0041267353651393,2.001515927699552,1.8670075478817658,2.144571366608687,0.014659956245798097,0.029323789786062728,4.578424745430126,4.560484050599719
384000,50.66666666666667,2.003915957399434,2.001218163872524,1.8666688711381871,2.1446631466692514,0.014659569041313476,0.029320361230994366,4.578277863579212,4.5601630009083705
384500,50.73263888888889,2.0037098814233802,2.0010312948029587,1.8666309994590378,2.143800153688684,0.014659277682821017,0.029316954800349748,4.578133204300646,4.559504990966902
385000,50.798611111111114,2.003545134787861,2.001092717847797,1.8657570439794147,2.144443909680078,0.014658961608883215,0.029313396399553753,4.577991441890811,4.5595977262448795
385500,50.864583333333336,2.003341981731602,2.0010602202358863,1.8659146297367637,2.1436416242262215,0.014658642159972842,0.029310042150031173,4.5778889350677945,4.560839714270408
386000,50.93055555555556,2.003140003362681,2.000686611964499,1.866035871630586,2.1430999858752284,0.014658300765398822,0.029306593146077274,4.5776997832568025,4.559564388288752
386500,50.99652777777778,2.0029634167307533,2.000464313971152,1.8657867584699122,2.1431936668254297,0.014658016053496998,0.029303162424693763,4.577618248910048,4.5594004380829505
387000,51.0625,2.0027623553455682,2.000206659137417,1.8652549553261335,2.143427001092605,0.0146577111421739,0.02929974545598793,4.57743723651617,4.559685942000931
387500,51.12847222222222,2.0025621804130576,2.0000490152085613,1.8650821757064766,2.142824895747532,0.014657407894881876,0.029296066955851612,4.577371894079674,4.559317038257135
388000,51.19444444444444,2.0023476444707113,1.9996958998482977,1.8652832467596812,2.142626993455009,0.014657138663643925,0.02929262832556268,4.577206588238457,4.558709036639678
388500,51.26041666666667,2.0021475641489483,1.9997382710286842,1.8652314354435946,2.1421758178488286,0.014656915443448675,0.029289065842261715,4.577121719318473,4.559071490020862
389000,51.32638888888889,2.0019226816428026,1.9992186030489667,1.864701551394251,2.1420706522521256,0.014656709853111734,0.02928565843289738,4.577011941029723,4.559018473891351
389500,51.392361111111114,2.0017397341028196,1.999133856035836,1.8648382591427013,2.141926172413128,0.014656406056882496,0.02928214588816966,4.576906102541825,4.558592988855205
390000,51.458333333333336,2.0015382250204383,1.9989306347926687,1.8644245311416405,2.14136713646643,0.01465613411422028,0.029278741411768883,4.576725571609718,4.55923484449502
390500,51.52430555555556,2.0013336490583833,1.998678904972758,1.8643203194502505,2.1416068474567584,0.014655875777885284,0.02927521125580784,4.576639409568762,4.559379426407839
391000,51.59027777777778,2.0011315975308683,1.9987385597451834,1.8637277126758707,2.141232591398939,0.014655666382490187,0.029271813440224673,4.576534890140564,4.557970650064816
391500,51.65625,2.0009087537923143,1.9984856737915586,1.8639050800009773,2.140988582708278,0.01465549769398011,0.02926835039714153,4.576442455641711,4.557940474914775
392000,51.72222222222222,2.0007104694861493,1.9981436566561879,1.8637433796947982,2.141140049299292,0.01465525458397394,0.02926478698451321,4.57631600343019,4.557930689562891
392500,51.78819444444444,2.000484430725201,1.9980096285429285,1.8635647719977106,2.14041801762978,0.01465509345738516,0.029261380631430422,4.576212558697786,4.557716465651713
393000,51.85416666666667,2.000249260121405,1.9975119354029554,1.8633822504869444,2.1399892204002624,0.014654896525133547,0.029257863177536814,4.5760872762290585,4.55816282416685
393500,51.92013888888889,2.000034341185706,1.997345513149979,1.8631625964788199,2.139910494819512,0.014654726668896625,0.029254270884411255,4.576014123738494,4.558473598896894
394000,51.986111111111114,1.9998363074264303,1.9970377868304532,1.8629671829386218,2.13989000776293,0.014654553839025669,0.02925071926058493,4.5758858539040705,4.558100431606388
394500,52.052083333333336,1.9996104502710075,1.9968779035997748,1.8625544333962742,2.139859971914645,0.014654433060632481,0.02924727036296171,4.575801853316634,4.557659241341424
395000,52.11805555555556,1.999382935648486,1.996691213292387,1.8625989105410117,2.1391067050261485,0.014654221859660067,0.02924374429303171,4.5756988090104285,4.558256926509522
395500,52.18402777777778,1.9991503452542734,1.9966559368879455,1.8622987751513485,2.139110120717633,0.014654058372939927,0.0292401314981392,4.575612662828731,4.5581101424620005
396000,52.25,1.9989292317955496,1.9961262080610211,1.8625103867542125,2.138970024222154,0.01465385919179594,0.029236665037189385,4.575516136929382,4.557134407405043
396500,52.31597222222222,1.9987634381772565,1.9963939421227024,1.8618581248717967,2.1384096104269488,0.01465368350371604,0.029233183537591297,4.5753700551403,4.5573884837987855
397000,52.38194444444444,1.9985095876299372,1.9960316823350082,1.861969979566293,2.1382257376646776,0.014653509100640442,0.029229550973542563,4.575271992528766,4.557711518976495
397500,52.447916666666664,1.9982710075367782,1.995549442252225,1.861969361710539,2.137605979310973,0.01465336228396316,0.029226006835228188,4.575246350448887,4.5570957945029456
398000,52.51388888888889,1.998072860245997,1.9954594883492165,1.8611716716576165,2.1381826647704063,0.014653301555483278,0.029222542600672148,4.575127729542244,4.5565724341750595
398500,52.579861111111114,1.9978162561061148,1.9954921249642723,1.861094391227434,2.1373088566902654,0.014653229835218676,0.029218976597364298,4.575012491475901,4.557119606369032
399000,52.64583333333334,1.9975784969115167,1.9949548671370625,1.8609966401943487,2.1366824804583535,0.014653182166533484,0.029215431269068122,4.574995135737759,4.557141566137323
399500,52.71180555555555,1.9973221978077755,1.9947483683218876,1.8615493186828473,2.136305016557808,0.01465304467085297,0.02921182819232057,4.574901633030257,4.557208599750143
400000,52.77777777777778,1.9971109002397758,1.9947435403811222,1.8606193539313916,2.136890046408008,0.014653032881196038,0.02920813143402754,4.574815925940459,4.55688244761977
400500,52.84375,1.9968725501721944,1.99436811529065,1.85999835318023,2.1366512967410682,0.014653041221066072,0.02920470399178936,4.574794469733618,4.557090553631291
401000,52.90972222222223,1.996589770257103,1.9940977391446002,1.8603861122830134,2.1358015012575065,0.014652979708731405,0.02920101152700953,4.574679761009853,4.55728053654493
401500,52.97569444444444,1.99640408857697,1.9940563052159086,1.859728276341534,2.1358998893654864,0.014652981594617311,0.02919742885775684,4.574631037250136,4.5563824769453625
402000,53.041666666666664,1.9961443148075775,1.99360867139031,1.859499392191494,2.1361952974867306,0.014652961242586584,0.029193827733422845,4.574609874077149,4.556369217052003
402500,53.10763888888889,1.995917902734972,1.9934476546473632,1.859252923017034,2.1354778107422865,0.014652903927108295,0.029190355051052275,4.57449689309518,4.556781962230927
403000,53.173611111111114,1.9956289998788372,1.9931303865345855,1.8599746712892409,2.1345245416218237,0.01465287524317414,0.029186639510610422,4.574444742854425,4.557158846014815
403500,53.23958333333334,1.9953998456759259,1.992908788207441,1.8590614698454098,2.1347084862176002,0.014652846789280355,0.029183031684203747,4.574397432181344,4.556174765508356
404000,53.30555555555555,1.995147883570398,1.9924557854672873,1.8590625869886754,2.1345577949184067,0.014652844380262741,0.029179528449913842,4.574359808044968,4.556938559198901
404500,53.37152777777778,1.994914892822534,1.992525853503155,1.8587451311343357,2.134219782370614,0.01465293227266399,0.029175935186857755,4.57428493867612,4.556125307588005
405000,53.4375,1.9946367288978375,1.9919049279506051,1.858689423227217,2.1341143961747826,0.01465302167107855,0.0291722987589144,4.574283081971385,4.556285945415018
405500,53.50347222222223,1.9943742920783802,1.9918404936627243,1.8583360904190185,2.1339486663078766,0.014653072050227783,0.02916863032058285,4.5742520470864125,4.5561710463466
406000,53.56944444444444,1.9941208850805083,1.9915827269549524,1.8581772457701058,2.133279185517439,0.014653069289361012,0.029164961723869613,4.574230112556341,4.556239785681868
406500,53.635416666666664,1.9938521486819725,1.9912636910390733,1.8579535319415128,2.1327282621364505,0.014653178364976692,0.02916141315449317,4.574165923980787,4.556903857745817
407000,53.70138888888889,1.9935705528249659,1.9912727812840454,1.8578935056012131,2.1326459944436387,0.014653358065916208,0.0291577364092116,4.574121657703249,4.556359697281183
407500,53.767361111111114,1.9933149447392238,1.990674778075296,1.8574114258436611,2.1329632961581595,0.014653427329014465,0.029154050619092656,4.574108877687444,4.556451703369867
408000,53.83333333333334,1.9930749956722993,1.9907897812679507,1.8566824800581205,2.1318002477112197,0.014653524433057896,0.029150397027426493,4.574091739498527,4.555921076449346
408500,53.89930555555555,1.9927909831168038,1.9903360287598102,1.8568616594732141,2.1319183614065955,0.014653737145357216,0.02914678813269294,4.574058758638636,4.55521194073685
409000,53.96527777777778,1.9925027400972577,1.9900236252012549,1.8570122741446324,2.130997887504984,0.014653847649171792,0.029143029695110328,4.574001374738919,4.555540056336792
409500,54.03125,1.9922103688788062,1.9893289553912852,1.8570681225940577,2.131126277185401,0.014654004059918563,0.029139455423129016,4.5740228807039465,4.556080194466457
410000,54.09722222222223,1.99199630877855,1.9894155128171365,1.8561162657135948,2.1311608615296596,0.014654160516807003,0.029135841555423057,4.574023586654663,4.555173920395485
410500,54.16319444444444,1.9917001197593653,1.98889913580244,1.856138315110298,2.1301834428344186,0.0146543101724721,0.029132037556060923,4.574001830362317,4.556103285770828
411000,54.229166666666664,1.9914036847135672,1.989087438110078,1.8563052811993757,2.129790267394995,0.014654412448036648,0.029128438989648297,4.573946846939076,4.556463178536186
411500,54.29513888888889,1.991144750360707,1.988767193275058,1.8551113657820812,2.13040038920983,0.014654648069092209,0.02912473624304308,4.573918742887428,4.555963418450661
412000,54.361111111111114,1.9908773164752318,1.9882106133195987,1.8548915167434088,2.129615547033395,0.01465484244921422,0.029121108788966392,4.573959123724973,4.5565768045456
412500,54.42708333333334,1.9905837288173767,1.9880378174391802,1.8549256606163813,2.1292063697507206,0.014655017337901099,0.029117421350708196,4.57390272823159,4.556524646474751
413000,54.49305555555555,1.9902811198953103,1.987997175421027,1.8547864899145252,2.128687538074739,0.014655339397132611,0.02911368908296523,4.573934944742513,4.5555563780685855
413500,54.55902777777778,1.989996836851383,1.987491617272585,1.8544121182993911,2.128800200945326,0.014655521186602245,0.029109983190437463,4.573920194213882,4.556137813213777
414000,54.625,1.989711634222995,1.9872025972990772,1.8542791215514243,2.128233443186338,0.014655801676010558,0.029106321739936897,4.5739791143828885,4.5559136605240145
414500,54.69097222222223,1.9894405461658133,1.9867855098777718,1.8539139577131074,2.127976313920178,0.014656011085496981,0.02910251243219267,4.573975646245378,4.555683655380328
415000,54.75694444444444,1.9891167460002206,1.9869883743423302,1.8534298504917348,2.127800739630173,0.014656440130910551,0.02909882550583413,4.573994200768021,4.555582479762637
415500,54.822916666666664,1.988839612163796,1.9862315963583512,1.85384347281889,2.1271923868395164,0.014656654651743664,0.02909523596342627,4.5739364242119604,4.555447435212463
416000,54.88888888888889,1.9885604108770645,1.9860061185148414,1.853398164889339,2.126821808832547,0.014656882420023947,0.029091328349272593,4.5740575237614225,4.556757900383843
416500,54.954861111111114,1.988243499774122,1.9859003049394643,1.8523666372201837,2.1270772967032467,0.014657202773653136,0.02908759977118877,4.574007298736036,4.557149105500337
417000,55.02083333333334,1.9879654729060507,1.985482029297874,1.8527647235382294,2.1263398376885245,0.014657497254543001,0.029083896362372224,4.574054292363622,4.556226741209349
417500,55.08680555555555,1.9876443260227805,1.9851398305138641,1.8523701692110448,2.125907131980311,0.014657863129159532,0.02908016259123381,4.5741041733542644,4.556437300361733
418000,55.15277777777778,1.9873395303417671,1.9848420210013284,1.8522032841191047,2.125639685023808,0.01465823489419699,0.029076371187614945,4.57409075009523,4.556327050745927
418500,55.21875,1.9870080958346739,1.984477590709349,1.8523126974445532,2.1245874107521665,0.014658633202892818,0.029072691633874114,4.57412700925763,4.556510963220337
419000,55.28472222222223,1.9867245365279194,1.9840114247084522,1.8516161689482404,2.124821070624675,0.014658955492642055,0.029068929876650818,4.574170284773739,4.55552596703402
419500,55.35069444444444,1.986421761167266,1.984081950562682,1.851120470579031,2.124792952851818,0.014659402156532653,0.02906522477747005,4.574228502091748,4.5561466674364315
420000,55.416666666666664,1.9860906736215878,1.9835943056153464,1.8505644202495553,2.1239460533921406,0.01465973701037413,0.029061373292629217,4.574248268599341,4.557250738312993
420500,55.48263888888889,1.9857909569839243,1.983144929887092,1.850600471226647,2.1237734101701973,0.014660118505480567,0.02905763817585687,4.574265049512129,4.556421187686843
421000,55.548611111111114,1.9854770516380027,1.983155045184215,1.8501413353021352,2.123619692176172,0.01466046229085295,0.029053793410413434,4.574292827125898,4.5564159303599245
421500,55.61458333333334,1.9851746870278615,1.9827017324304566,1.8501117218690883,2.123485819035065,0.01466091034751204,0.02905008714581835,4.5743147804288276,4.557094566398495
422000,55.68055555555555,1.9848109821335986,1.9823489228530777,1.8501435937133213,2.122561057215094,0.014661393087307443,0.029046181127539036,4.574431362853511,4.556468416179374
422500,55.74652777777778,1.9845114209552572,1.9821930789597353,1.8492592566586907,2.1229071700624864,0.01466190086509741,0.029042374361397155,4.574492114713179,4.556546400497666
423000,55.8125,1.9841888690500027,1.9813030948506976,1.8494181832631762,2.122520344350516,0.014662258566791623,0.02903859497872011,4.5744778170045075,4.555973638445374
423500,55.87847222222223,1.9838196171304026,1.9816600120302366,1.849382604431237,2.1210533244037197,0.014662837857122801,0.02903475101939507,4.574622440604194,4.556755043408496
424000,55.94444444444444,1.9835351384418147,1.9808780621537878,1.848448846237085,2.121839765751151,0.014663293761605764,0.029030894475282964,4.574630293462661,4.556677047036574
424500,56.010416666666664,1.9831911113387544,1.9804323654923706,1.84854528002827,2.12095900392079,0.01466380371467504,0.02902711305528267,4.57474907859196,4.5566493090802975
425000,56.07638888888889,1.9828265142997465,1.9803080223741703,1.8480276709073604,2.1202822181423437,0.01466439813365347,0.029023189962527996,4.574835230447285,4.557017880882782
425500,56.142361111111114,1.9825316948194498,1.9798901033956007,1.8476065474504195,2.1204964847959396,0.014664889066885367,0.029019442548940018,4.574877785708276,4.5570626345238185
426000,56.20833333333334,1.9821657886265829,1.979633696580264,1.847246834643126,2.120146809368176,0.014665471449792074,0.029015395099045133,4.57493553989634,4.556212066175984
426500,56.27430555555555,1.981820503946019,1.9795367176770768,1.8470715181839839,2.11932560711145,0.014666054236841577,0.02901165785374346,4.57499797726954,4.557330049500914
427000,56.34027777777778,1.9814549695547308,1.9788428781683498,1.8476039751922833,2.1187197876604165,0.014666664324265723,0.02900785394861988,4.575094376706979,4.557973609857308
427500,56.40625,1.9811166517411263,1.9785615623371569,1.8464722423304174,2.1187493383551157,0.014667254357165935,0.029003835705966843,4.575227131931741,4.55785215356846
428000,56.47222222222223,1.9807835022805784,1.9782872909162763,1.8461631031423664,2.1181828764727704,0.014667786416623745,0.02899999988978257,4.575338721158094,4.557556162890693
428500,56.53819444444444,1.9804119916059424,1.977975346188719,1.846204470814063,2.1180114666579692,0.014668468534938597,0.028995988631692466,4.575396480684532,4.557500092579185
429000,56.604166666666664,1.9800713694380059,1.977590497303051,1.8455887203832662,2.117239569018164,0.014669134030697837,0.028992270640612303,4.575477999688107,4.558142961320936
429500,56.67013888888889,1.9797327361102954,1.9771293994053258,1.8453185542981174,2.1174284141209885,0.014669725406993349,0.028988249523586158,4.575590697168814,4.558794678311394
430000,56.736111111111114,1.9793566732927765,1.9766195792080485,1.8455006011848756,2.1168322311223995,0.014670376468827363,0.028984338935102768,4.575728627412648,4.557539922708416
430500,56.80208333333334,1.9790052031701373,1.9763275165584124,1.8448007802668278,2.1165514229280884,0.014671010892479061,0.028980398796725107,4.575771586845053,4.5585203409415715
431000,56.86805555555555,1.978619437294289,1.9760632054793883,1.8446880637695142,2.1159606142632046,0.01467174497141871,0.028976480927273316,4.5759210837936095,4.558566110609174
431500,56.93402777777778,1.9782463443500735,1.9757950669407842,1.8440446666772234,2.115170602460478,0.014672461065416541,0.028972470143942393,4.5760384974267625,4.558391170280183
432000,57.0,1.9779040889824413,1.975416657512327,1.8438063386317411,2.11515217928547,0.014673230861173281,0.02896870817286791,4.576188786568009,4.557913581922223
432500,57.06597222222223,1.9775419221885373,1.9750651471820126,1.8432376551728153,2.1147873354670397,0.01467388298186813,0.028964586171331887,4.576282647698071,4.558946748138075
433000,57.13194444444444,1.9771663913916466,1.974574550794173,1.8430370536074911,2.1143326784100607,0.014674556206966116,0.02896065662978337,4.576372294120467,4.558083095218098
433500,57.197916666666664,1.9768050576060627,1.9742010932979583,1.8428310531997818,2.113656155052208,0.01467535894539548,0.028956726406907166,4.5764773323093095,4.559195260810975
434000,57.26388888888889,1.9764189220898525,1.974092721245854,1.8424802546735228,2.1133990677977854,0.014676163374316804,0.028952775192906025,4.576681544444711,4.559175269533407
434500,57.329861111111114,1.9760514146833996,1.9736104141845483,1.8418892299313203,2.113488904555318,0.01467689286720632,0.02894886112464875,4.576776960264915,4.55978115116918
435000,57.39583333333334,1.9756723302801413,1.9730733831810081,1.841453777954278,2.1127277505461075,0.014677749397135849,0.028944906686322762,4.576952836360381,4.558654459025661
435500,57.46180555555555,1.9752407103110539,1.9725453108518898,1.8416452203742053,2.111740294356985,0.014678607178845946,0.028940858823762343,4.5771028859487535,4.559405726571866
436000,57.52777777777778,1.9748926427899771,1.9724973447251934,1.8407191130490625,2.1119498202667337,0.014679466116738718,0.028936822164806406,4.577240532712135,4.56005803944923
436500,57.59375,1.974480966860429,1.9715991255870844,1.840820920625288,2.111199994134643,0.014680323507321359,0.02893294583304961,4.57743938099954,4.559522363837049
437000,57.65972222222223,1.9740869572663935,1.9714169318029495,1.8405875207169546,2.111174223009035,0.014681142173766207,0.02892883245467494,4.5775152738595875,4.5603281472066435
437500,57.72569444444444,1.9737251737030117,1.9710985943688573,1.8401115560130612,2.1107584832538953,0.014682037527793056,0.028924804074144248,4.577714781121164,4.560357672223254
438000,57.791666666666664,1.9733039119251026,1.9707642854235976,1.8400624585233563,2.1096776502681815,0.014682818626202923,0.02892075251770215,4.577833325390744,4.560037941752864
438500,57.85763888888889,1.972909985826861,1.9703756085613704,1.8396328293199207,2.109677036812372,0.014683691991906807,0.028916795795735882,4.577998378890378,4.560397004110465
439000,57.923611111111114,1.9725383509569372,1.9698263771560898,1.8386357355213176,2.1095717813466495,0.014684571124066681,0.028912795915090623,4.578110868343518,4.560478220983623
439500,57.98958333333334,1.9721352752627732,1.969518020347742,1.8389087508063047,2.1090279191057517,0.014685497207269955,0.028908758477981408,4.578279566147245,4.560172465925675
440000,58.05555555555555,1.9717239174788688,1.9694490605499992,1.8380407326721107,2.1083665772646905,0.014686451134298636,0.02890469609349144,4.578460834531395,4.560390776554399
440500,58.12152777777778,1.9713267185615309,1.9687259419176701,1.8379933149856824,2.1078666683722624,0.014687415544588227,0.028900759650217357,4.578652323910953,4.560528141261014
441000,58.1875,1.9709034426548109,1.968354698195686,1.8377631517853863,2.107188778396599,0.014688438045592925,0.028896674658575858,4.578786467401529,4.560923002989448
441500,58.25347222222223,1.9704995453838858,1.9679573242926744,1.8374076183710637,2.106856749756454,0.014689302930591527,0.02889251317666455,4.578999470088392,4.561191696937313
442000,58.31944444444444,1.9700638950809415,1.967420731253108,1.8370780693062294,2.1065883715200826,0.014690360405887429,0.028888463812694453,4.579197011857189,4.5616438318329156
442500,58.385416666666664,1.9696731997677255,1.9672237137513666,1.8360995240247766,2.106653199984085,0.01469139332544946,0.028884394708479033,4.5793274313660035,4.561346158119596
443000,58.45138888888889,1.9692583715477257,1.9667296133538061,1.8358395851203468,2.105795133978221,0.0146924220441595,0.028880328498286454,4.579540752419188,4.561717790003549
443500,58.517361111111114,1.968815623336757,1.9663874249535571,1.8355916648117898,2.104987173434615,0.01469351233388639,0.028876114172693576,4.5797730291160565,4.56190733439145
444000,58.58333333333334,1.9683987424003604,1.9657175405444414,1.8351625477215885,2.104659438799363,0.014694466923626477,0.028871963882624793,4.579884869397741,4.562385669995119
444500,58.64930555555555,1.9679770252056155,1.9653503278568558,1.83483941646104,2.1040148206825693,0.014695621567149866,0.028867984908648704,4.580155147474795,4.5631902786212475
445000,58.71527777777778,1.9675148094301005,1.964982753317131,1.8345046631613608,2.1037051746352606,0.014696700748269443,0.028863651932533613,4.58030969611463,4.5624924430709175
445500,58.78125,1.9670974238042653,1.9645102549229945,1.8342850036479754,2.102930561608501,0.014697832042610014,0.02885971263416022,4.580542408603363,4.562860228272535
446000,58.84722222222223,1.966633766124014,1.9642021867064108,1.8337696927962213,2.102268973875835,0.01469906536218072,0.028855367312373606,4.580751525631648,4.562740349352486
446500,58.91319444444444,1.9661996306416267,1.9633072548646449,1.833613120852524,2.102295430752804,0.014700243783610583,0.0288512418108428,4.580950437171147,4.563597748328057
447000,58.979166666666664,1.965773191887457,1.9631527000849505,1.8328624227768109,2.101756346850612,0.014701360754440064,0.02884704372875043,4.581164086372852,4.5640914516029945
447500,59.04513888888889,1.9653382029962878,1.9626910477841197,1.8325105306058664,2.1021077631299665,0.014702507472868987,0.02884300164451323,4.581466547728115,4.563798775041834
448000,59.111111111111114,1.9648763821736464,1.9621658493984526,1.8323846230600642,2.100594344371075,0.014703706907380943,0.028838720362344788,4.581634560049972,4.56399284488483
448500,59.17708333333334,1.9644237464051864,1.9620865878180127,1.8318366375986543,2.0996428201299566,0.014704922626143134,0.028834537065544938,4.5818516632360895,4.564371798935032
449000,59.24305555555555,1.9639850189223853,1.9614326203935812,1.831036769762443,2.099914316545795,0.014706139138473358,0.02883022834779152,4.582082449651984,4.564710657472721
449500,59.30902777777778,1.9635595779263038,1.9607245882467397,1.8309996902831442,2.0994304893537112,0.014707335802673893,0.028826114133853973,4.582369109571618,4.565240777835633
450000,59.375,1.9630996392048279,1.9605827495112678,1.8304556660415263,2.098720239196374,0.014708621153446259,0.028822029873112397,4.582555850495486,4.565007783965469
450500,59.44097222222223,1.9626089782227096,1.9598959361058528,1.8304638568991831,2.0982344751560054,0.0147098746288798,0.028817643427017054,4.58283021700499,4.564682205534453
451000,59.50694444444444,1.9621849246166032,1.9595385716181035,1.8295541630145116,2.097568676855987,0.01471110064102473,0.028813477806134115,4.583076438292733,4.565208503964264
451500,59.572916666666664,1.9617067848678218,1.9591257033863578,1.8294546597945296,2.096945763850183,0.014712391444917079,0.028809263427020164,4.5833291061250385,4.565711823221134
452000,59.63888888888889,1.9612229584718581,1.958412053803591,1.8291794945166089,2.0967511313001648,0.014713721200241456,0.028805038882494256,4.583597089705935,4.56627525965609
452500,59.704861111111114,1.9607697219156661,1.9579898596321592,1.8285272075591057,2.0965587617367807,0.014715091127993678,0.02880076633427736,4.583826859450068,4.565643789581269
453000,59.77083333333334,1.9602881732298427,1.957354362219255,1.8281457742903424,2.0959274019487917,0.014716463110187587,0.02879657528130153,4.584089257354144,4.566399915826597
453500,59.83680555555555,1.959815504798183,1.9569066073542873,1.8276643061959554,2.0953875177780774,0.014717836779800474,0.028792173521383486,4.5843484882856655,4.566500058783122
454000,59.90277777777778,1.959334700821036,1.956458776291114,1.826849788737524,2.0952101209836984,0.014719192676758726,0.028787899785028402,4.584694304638104,4.567172540843975
454500,59.96875,1.958864809673944,1.9560916761614695,1.8272438387982084,2.0939583244918807,0.014720673843596472,0.028783767333567266,4.584917929781841,4.5673977404013675
455000,60.03472222222223,1.9583866709116553,1.9558615463724127,1.8261992449846864,2.093931388903105,0.014721955351106257,0.02877941092942859,4.58520939727176,4.567722315280829
455500,60.10069444444444,1.9579116290769594,1.9551741951622699,1.8259260774941213,2.0932979804563754,0.014723370291648313,0.028775146907821403,4.585463394074969,4.5681006913252915
456000,60.166666666666664,1.9573914679933462,1.9547212523162858,1.8255984352916759,2.0918944900087446,0.014724777082330798,0.028770783078404954,4.585745203563003,4.567926114601152
456500,60.23263888888889,1.956928407262217,1.9542231621789452,1.824973697358057,2.0922453233261793,0.014726212600963353,0.028766495777507922,4.585998003653069,4.568953185119867
457000,60.298611111111114,1.9564606594083493,1.9539415396035142,1.8244880589567891,2.091345092470267,0.01472768307642689,0.028762410183898714,4.586289214620241,4.567960397214204
457500,60.36458333333334,1.9559728395704383,1.9533032930434941,1.8241005656849612,2.0909193440055116,0.01472910793585538,0.028758023509140414,4.586599666674118,4.5686026073182
458000,60.43055555555555,1.9554766396658132,1.952888892689674,1.8238269626302492,2.0907172311572855,0.014730654029465823,0.02875358810288898,4.586891166327957,4.568804990449806
458500,60.49652777777778,1.9549801367682549,1.9525039220816074,1.8234822339474972,2.0894553355598386,0.01473215730490974,0.028749289978631548,4.587164874393795,4.5698033080964695
459000,60.5625,1.954449969761353,1.9516754420607962,1.8228115181561906,2.0888386689425724,0.014733697821577907,0.028744995456587704,4.587488953513912,4.569791872786723
459500,60.62847222222223,1.9539645467889641,1.9512579918198791,1.8227188086071155,2.0884059719791264,0.01473520931312985,0.02874071306873253,4.587758472022379,4.570486289129659
460000,60.69444444444444,1.953493814785612,1.9508295003278855,1.8220004224817403,2.0882942638392015,0.014736635761108943,0.028736255544097016,4.588109838863969,4.570707928340283
460500,60.760416666666664,1.9529929669155845,1.9503687157404028,1.821646636912995,2.0874417067833617,0.014738163416417364,0.02873198950785116,4.588351635836302,4.571438239257269
461000,60.82638888888889,1.95248162999247,1.949811162126504,1.8211922655049797,2.0874637114560772,0.014739789704974431,0.0287277031829068,4.588714652516927,4.571143322855136
461500,60.892361111111114,1.9519615224398592,1.949284480560387,1.8207107289660276,2.0865462040332456,0.014741423910801554,0.02872333506558181,4.589030657295018,4.571047958509272
462000,60.95833333333334,1.9514540123439683,1.9485855933212284,1.8205787640407678,2.085907623487819,0.014742925916341876,0.028718865149390767,4.589321513295082,4.571868124354713
462500,61.02430555555555,1.9509526991040507,1.9481946875170693,1.8193882038399856,2.085653804899196,0.014744514715611477,0.028714473053821337,4.589651604450879,4.572110476921724
463000,61.09027777777778,1.9504197138593657,1.9476233749135456,1.8195854321071745,2.0843018871263603,0.014746098941718813,0.028710049964533444,4.589916115219595,4.572317654266298
463500,61.15625,1.9499137034346734,1.9472123339319722,1.818824475092387,2.084405133823699,0.014747790373283885,0.028705744836707573,4.590253670451079,4.5732973994799515
464000,61.22222222222223,1.9493898931721814,1.946456587098684,1.8184739335706135,2.08354525869085,0.014749469167988182,0.028701354339505367,4.590613246322805,4.57308358659178
464500,61.28819444444444,1.9488682108562325,1.9460697655143766,1.8179863252853867,2.082944892147875,0.014751193051487739,0.028696949381840996,4.590933315503875,4.573092337492841
465000,61.354166666666664,1.9483258369834067,1.9457437360430148,1.8175394363680137,2.081899196739591,0.01475289272475145,0.028692478772443637,4.5912859993372,4.574062948078159
465500,61.42013888888889,1.9478112008970054,1.945110862312859,1.8167039458870238,2.0816123275428744,0.014754623245932526,0.028688108883194126,4.591662061668912,4.573821252211426
466000,61.486111111111114,1.9472648233542502,1.9447109760993873,1.8166990734886932,2.0810850856485654,0.014756329972927125,0.028683641405251883,4.591963276282335,4.574663451276475
466500,61.55208333333334,1.9467709428830147,1.9442739995310288,1.8154799038277478,2.0811105116532476,0.014758103976038472,0.028679242155283197,4.592337168408758,4.5745973974150385
467000,61.61805555555555,1.9461947190614646,1.9436517689571584,1.8153004999035451,2.080208303899659,0.014759830358097662,0.028674582014184474,4.592675981051351,4.575094669883745
467500,61.68402777777778,1.9456424580318508,1.9430656963952369,1.814820576722631,2.079738300128331,0.014761647043559974,0.02867024622730757,4.593058467880943,4.575634266079903
468000,61.75,1.9451207254380236,1.9425136772219065,1.814196966751843,2.078978363448412,0.01476337986750984,0.028665733408913714,4.5934503279684655,4.576564701361367
468500,61.81597222222223,1.9445843129316198,1.9420192706408401,1.813622809412413,2.0782198188962577,0.014765260636018532,0.0286612686956446,4.593795419378139,4.576617579994847
469000,61.88194444444444,1.9440477758986938,1.9411593348459615,1.813324655170009,2.078009966986915,0.014767008348612755,0.028656798592456467,4.594128626342813,4.576963173084662
469500,61.947916666666664,1.9435017846424434,1.940804251718747,1.8128848360146468,2.077486690405392,0.014768861640986685,0.02865229006916396,4.594519252648883,4.577361860322592
470000,62.01388888888889,1.9429450189309396,1.9400659087124381,1.8125541148436235,2.0763178757173097,0.014770653302807267,0.028647730850884803,4.594822601590382,4.5786797313811345
470500,62.079861111111114,1.942412382294098,1.9395582260648352,1.8122277076631197,2.0763070620536315,0.014772462245830375,0.02864324823473779,4.595258714122935,4.57703926031258
471000,62.14583333333334,1.9418474263220649,1.9391428988557675,1.811359088280359,2.0754539269112056,0.014774315288298557,0.028638636430333556,4.595583289244366,4.578199930545429
471500,62.21180555555555,1.9412897918248762,1.9387124428788247,1.8105410350644648,2.074739914936107,0.01477618471084184,0.02863411933061113,4.595991876044331,4.5782810616556056
472000,62.27777777777778,1.94072460243005,1.9379235008516722,1.8104297429381235,2.0736217200288802,0.014778059433087224,0.02862962365145353,4.596392507994135,4.579065432974026
472500,62.34375,1.9401865284021846,1.9373675473281227,1.8103237175275824,2.073245213337434,0.014779920640797667,0.028625185926101755,4.596764410567268,4.579582271567086
473000,62.40972222222223,1.939644008790092,1.9369193803456108,1.809337921981795,2.072650856634745,0.014781776100054838,0.02862070074137577,4.597130812274049,4.579728426887933
473500,62.47569444444444,1.9390681160933563,1.936141976603364,1.8091478637271559,2.0726947957262434,0.014783690316917474,0.02861609985221736,4.597564302767552,4.57935302907618
474000,62.541666666666664,1.938524263909908,1.9360371434766979,1.808355327505954,2.072090261448829,0.01478565789558936,0.028611497374028794,4.59794448845526,4.580504602296875
474500,62.60763888888889,1.9379337144228466,1.9351934290824193,1.8077960193799973,2.071170029610365,0.01478754726047378,0.02860702677712436,4.598296749463722,4.580240142831741
475000,62.673611111111114,1.9373936759766814,1.9347733396067672,1.8069562329161826,2.0708518101158626,0.014789479981969113,0.02860243057136663,4.598753212342962,4.580615811019921
475500,62.73958333333334,1.9368196524026189,1.934358619134828,1.8065197473491372,2.06989011138689,0.014791556913266616,0.028597939657613803,4.599145017692066,4.581056115049527
476000,62.80555555555555,1.9362246577641908,1.9334307325788591,1.8060373377722443,2.069284207891463,0.014793427564739064,0.028593278980180395,4.599539347454294,4.582739434206255
476500,62.87152777777778,1.9356434604523087,1.9328823856362405,1.8062301167538624,2.068106235536097,0.014795495078433024,0.02858864368235167,4.600029383091381,4.582327381644369
477000,62.9375,1.9351029292796051,1.9322688194968687,1.8049824249129889,2.0684143101399006,0.014797430557472267,0.028584019533894143,4.600358117193591,4.583115123144835
477500,63.00347222222223,1.9345089537409328,1.9318702556284673,1.8048282185527746,2.0673295315273554,0.014799407825427734,0.028579496923650992,4.600767198904441,4.583706873160647
478000,63.06944444444444,1.9339273694839338,1.931250347733483,1.8042692113912993,2.0663455798342785,0.014801495671551021,0.028574887852774837,4.601184663697339,4.584035476678961
478500,63.135416666666664,1.9333377887433434,1.9305249614486872,1.8040992336239752,2.065936106780238,0.01480361805966089,0.02857023300826053,4.601665795960176,4.584984656023114
479000,63.20138888888889,1.9327777400324508,1.9300246955452571,1.8030955588419988,2.0655808205980373,0.01480560377758472,0.028565674921167877,4.602081149892985,4.584022318645861
479500,63.267361111111114,1.9322086481302618,1.9296066957967644,1.8027301316305826,2.0648623337169107,0.014807653309275656,0.028561097366036053,4.60251955723617,4.585344470354668
480000,63.33333333333334,1.9315879258005395,1.9289742582393157,1.8020946699039477,2.063984741506297,0.01480982722844495,0.028556445374323728,4.60293962862814,4.586082516103498
480500,63.39930555555555,1.931005674211446,1.9283062277850846,1.8017920480907135,2.063604776961802,0.014811949443468017,0.028551901820115036,4.603401482499392,4.5862224299481715
481000,63.46527777777778,1.930419473988749,1.9277420799388394,1.8009125076084604,2.0633343020918464,0.01481401743295116,0.028547150660468965,4.603876405327929,4.587106847563515
481500,63.53125,1.9298042084482872,1.9269940359865798,1.8002937335847655,2.0627189217168853,0.0148162782726156,0.02854251803354066,4.604274801704312,4.586786738106209
482000,63.59722222222223,1.929216099015127,1.9265286460662847,1.7997715535108019,2.061588473180234,0.014818398524408478,0.028537890006009183,4.604764471294594,4.588176953847958
482500,63.66319444444444,1.928638185890389,1.9256892271285924,1.7993046974987275,2.0614809952862765,0.014820449639209926,0.028533150972999452,4.605208836589121,4.587855938916889
483000,63.729166666666664,1.928032910475721,1.9251544983862714,1.7984815733291106,2.060578797807875,0.014822637623892312,0.028528519039574957,4.605679861341998,4.58812106682427
483500,63.79513888888889,1.927396405796365,1.9245997685414895,1.7984832848586896,2.0594113829391603,0.01482482679605599,0.028523825062732752,4.606148647973139,4.588826941769721
484000,63.861111111111114,1.9268182525677753,1.9243352685362851,1.7980448840965302,2.0585306676250656,0.014827046365428318,0.02851922327633542,4.606583997776764,4.588888729410614
484500,63.92708333333334,1.9262381416808205,1.9233042028390182,1.7972437066734728,2.058755596254385,0.014829098818681836,0.02851459523935003,4.607046904862322,4.590094882577512
485000,63.99305555555555,1.9256368003437065,1.9227409692062492,1.7964926638876997,2.057863134339004,0.01483133338200757,0.028509892662440233,4.607540057054376,4.589792185986738
485500,64.05902777777777,1.9250305005801738,1.922398293832677,1.796127516035726,2.05694183498155,0.014833467501024527,0.028505260600909688,4.607961658261427,4.590243354044557
486000,64.125,1.9244013449683177,1.9215176007090822,1.7956218006279572,2.0563115480094782,0.014835669777241708,0.02850045981819663,4.608451570690916,4.590346850396345
486500,64.19097222222223,1.9238175962326993,1.9209862923302574,1.7951970390290408,2.0556563691847627,0.01483785577607724,0.028495822527937517,4.608947949178681,4.590895584404237
487000,64.25694444444444,1.9232200342089456,1.9204889038732806,1.7949915395723581,2.054927486614975,0.014840078693551119,0.028491195843518575,4.609405054510944,4.591808432414866
487500,64.32291666666667,1.9226246182561122,1.919854250319942,1.7940254259132231,2.05479885942057,0.014842239961878804,0.028486388795678896,4.60984599023073,4.5924097074952135
488000,64.38888888888889,1.9220352057906127,1.9195423464294605,1.792970488985946,2.053888997850513,0.014844458049521064,0.028481796682399686,4.610298691407316,4.593106045262319
488500,64.45486111111111,1.9214243819084333,1.9185098000897316,1.7929052924058655,2.0531696694419646,0.01484663261282294,0.028477190109565623,4.610760748945753,4.593345643664831
489000,64.52083333333334,1.9208237123733671,1.9181595417805404,1.7919086100831065,2.0527101076809933,0.0148489054705135,0.02847247590792543,4.611260837630965,4.593450481790933
489500,64.58680555555556,1.9202237491633678,1.9174506564694958,1.7916060696231937,2.0517851228462414,0.014851087238362438,0.02846795347638341,4.611714033401088,4.594353053547815
490000,64.65277777777777,1.9196023227144292,1.9167451058173215,1.7917300250565913,2.050925890946642,0.014853209189603844,0.028463114646497034,4.612201506795607,4.595162357316291
490500,64.71875,1.9190460843523303,1.9163251273582818,1.7904916462280147,2.0509971127149726,0.014855470417829985,0.028458434715219794,4.6126998565105355,4.59509597004017
491000,64.78472222222223,1.9184126291350383,1.9158753465023786,1.7899524232465416,2.0502109825108277,0.014857735163658367,0.02845375217419291,4.613107045895331,4.596321911300421
491500,64.85069444444444,1.917815259584802,1.9150314585674106,1.7892814259414933,2.0496257192207814,0.014859996893149464,0.028449124450331476,4.61356145026797,4.5968707418068036
492000,64.91666666666667,1.9171765087585022,1.9146334754942456,1.788905700711164,2.0485093969469705,0.014862223924025754,0.028444247120100304,4.6140439695171125,4.595707759299907
492500,64.98263888888889,1.9165932735047977,1.9137492981520556,1.788246466848363,2.0481585692370525,0.014864427085640211,0.028439612342584526,4.614538387768366,4.596985158838627
493000,65.04861111111111,1.9159743614597315,1.913367188103023,1.7874561385643097,2.0475611394865014,0.014866687671521007,0.028434953847458568,4.61509810740215,4.597400187963519
493500,65.11458333333334,1.9153720756508632,1.912751688391582,1.7873033869469523,2.0468761030336275,0.014868911460698145,0.028430277156529894,4.615504677331173,4.597997493930345
494000,65.18055555555556,1.9147376643555312,1.9121264434416732,1.7866342340094967,2.045640298973585,0.014871257690205508,0.028425538836026464,4.6160198830325685,4.598123982916373
494500,65.24652777777777,1.9141567685556666,1.9113612653044596,1.7861543620020073,2.0458638035835683,0.01487346882698726,0.028420757309012907,4.616479585168956,4.598346480026498
495000,65.3125,1.913530844320149,1.9106804967231164,1.7855352819471837,2.044485362825422,0.014875804369443699,0.028416173759454932,4.616952218755602,4.5998835187666804
495500,65.37847222222223,1.9129067642383473,1.910137526781452,1.78494178996342,2.0439237683153753,0.014878096691778493,0.028411396384239198,4.6174079189400645,4.600279534874393
496000,65.44444444444444,1.91229783977923,1.909782842324009,1.7844734280797563,2.0435000949745037,0.014880382037112432,0.028406631601061452,4.617947909326609,4.600173957883774
496500,65.51041666666667,1.9116821933468437,1.9088085840510483,1.7845531864708386,2.0426190186667332,0.0148826366329121,0.02840212460691695,4.618367186115083,4.601437669878523
497000,65.57638888888889,1.9110733511925444,1.9084306758795853,1.7835753543924389,2.0418843938979214,0.014884926491282811,0.02839747566553042,4.618917163310168,4.6009902182927975
497500,65.64236111111111,1.9104724143456682,1.907665436879684,1.7826993731592826,2.0414176147618353,0.014887230889885191,0.028392671313747415,4.619396769272216,4.6019862668436655
498000,65.70833333333334,1.9098256985460709,1.9069850949175453,1.782281040788234,2.040394221570896,0.014889622386534627,0.02838798482475021,4.619839765349717,4.6030292555955885
498500,65.77430555555556,1.909217000667255,1.9064868319693107,1.7814514120182419,2.0399458591634936,0.014891969847672515,0.0283832467466368,4.6203498473899245,4.602777238543815
499000,65.84027777777777,1.9085973676366959,1.905623583121771,1.7812498048897183,2.0395187223503957,0.014894318393253399,0.028378487110492522,4.620834679598105,4.603200453264323
499500,65.90625,1.907996209336954,1.9050039558553262,1.7806662427696573,2.038592574381502,0.014896573801596135,0.02837378316855841,4.62135524726167,4.603710084940815
500000,65.97222222222223,1.9073649337850707,1.9047793571410827,1.7798939440378891,2.03771764870678,0.014899030340381684,0.028369070448952927,4.621833102452447,4.604242597618978
500500,66.03819444444444,1.9067378287055317,1.9040040876538704,1.7796321763678313,2.0374861906538486,0.01490139470341894,0.028364406592344515,4.622286470748097,4.60486389949298
501000,66.10416666666667,1.906160546771998,1.9032178271427078,1.7783365195503285,2.037093850861269,0.014903703848805837,0.028359605228696093,4.622742690755741,4.605939245465189
501500,66.17013888888889,1.905513091451606,1.9026909637163096,1.7782601509567324,2.0361652700424058,0.014906015191144595,0.028355105498667328,4.623291957779444,4.606066923351458
502000,66.23611111111111,1.904886023003913,1.9019619152331626,1.7778596991522604,2.0354868014420573,0.014908387451639579,0.028350231312960553,4.623827254666612,4.606393966809044
502500,66.30208333333334,1.9042609043125525,1.9012049809036744,1.7771606777821198,2.034528833254199,0.014910818758248465,0.02834545936756198,4.624280350728205,4.606875551454625
503000,66.36805555555556,1.903650526134493,1.900977214377749,1.7765668684744336,2.0341711587229394,0.014913180750016878,0.028340891705932302,4.624776678411725,4.607434378871661
503500,66.43402777777777,1.9030334577668093,1.9002184886291102,1.775783073043045,2.033713218338475,0.014915550262580091,0.02833613116361475,4.625269549045889,4.608344485245708
504000,66.5,1.9024009916664961,1.8997345836711625,1.7755443694534694,2.0325237469623367,0.014917959859340305,0.028331469905244024,4.625870054966695,4.608047835623145
504500,66.56597222222223,1.901760269583265,1.8990541275089492,1.7750668769002593,2.031565458835789,0.014920290912732774,0.02832670209946257,4.62627158778986,4.608749407935628
505000,66.63194444444444,1.9011610240883465,1.8980643099221304,1.7742375229631797,2.0314759205162316,0.014922651693332038,0.028321961130532453,4.62674573637733,4.609050112867877
505500,66.69791666666667,1.9005384435953863,1.897715598451244,1.7737449917706312,2.0309264448030344,0.014925085680558873,0.028317388371330018,4.627226359395705,4.611085524686603
506000,66.76388888888889,1.8999170094409306,1.8969980854898671,1.773198888284726,2.0298988230413455,0.01492744819653398,0.028312623063481916,4.627708955016903,4.610672881695866
506500,66.82986111111111,1.8993054970206893,1.896554697795166,1.772481780420883,2.029510288112045,0.014929771010094434,0.028307984911144415,4.62822500887356,4.610951110919858
507000,66.89583333333334,1.8986838836916742,1.8957310639065004,1.7721097448400553,2.029104148895933,0.014932252376607434,0.028303270212913324,4.62867993835757,4.611764825287427
507500,66.96180555555556,1.898076727786862,1.895284269343104,1.7714943666907785,2.027653862040853,0.014934672840527777,0.028298599731604368,4.629213641090931,4.611499967274785
508000,67.02777777777777,1.8974270049439894,1.8945750871631548,1.770881746182476,2.0271021149687014,0.014936989365419779,0.028293830006709285,4.629673203585728,4.612592574006492
508500,67.09375,1.8968418596485928,1.8939155348490484,1.7698181549192191,2.0266668691104144,0.014939363239503935,0.02828912184416313,4.630201812744915,4.613126230284256
509000,67.15972222222223,1.896193533144844,1.8932357255911203,1.7696410117473445,2.025939100093053,0.014941801533600054,0.028284483393348873,4.630710973159492,4.6136028619548926
509500,67.22569444444444,1.895581128800495,1.892877589722496,1.7686887300991239,2.0253102939936616,0.014944275755888567,0.028279854734147146,4.631227861172226,4.61413652017054
510000,67.29166666666667,1.8949397871952725,1.8919657219236368,1.7682698153842082,2.0251436069010813,0.014946679755107987,0.028275016295512614,4.631721636316625,4.614644907316114
510500,67.35763888888889,1.8943089299813543,1.8916439946326848,1.767651153530061,2.023812899106699,0.014949143867632958,0.028270295337403224,4.632176241117817,4.614918515171541
511000,67.42361111111111,1.8936835096487892,1.890944155135077,1.7673870600439334,2.0226935694306065,0.014951583601732476,0.028265544946077557,4.632721577214994,4.616500360693457
511500,67.48958333333334,1.8930585094809151,1.8900519886229863,1.7668366027544322,2.022544200501544,0.014953975789037887,0.028260884697211566,4.633186005036067,4.615880404163773
512000,67.55555555555556,1.8924186185953178,1.8898107730928935,1.765997343318264,2.0216474563834725,0.014956507712976307,0.028256156225763687,4.63377914684055,4.61595329585673
512500,67.62152777777777,1.8917999581101868,1.8888576692440204,1.7658700899914899,2.0213515832725673,0.01495895216875164,0.0282514187694639,4.634209380005367,4.6170494167295235
513000,67.6875,1.891179457786315,1.888391160157099,1.764852715296319,2.0205943232391594,0.014961413344417968,0.028246839608022642,4.634781116631672,4.617040498310491
513500,67.75347222222223,1.8905478212067914,1.887580331017223,1.764697343226613,2.0198738029461833,0.014963866118506789,0.028242108670188313,4.635241247960227,4.617493632740249
514000,67.81944444444444,1.8899165682964978,1.8870737270757516,1.7638731999043111,2.019039511539857,0.014966378012142602,0.028237345900257595,4.635810980468344,4.618248875811581
514500,67.88541666666667,1.8893136031710596,1.886563200135943,1.7629959384263212,2.018436998319637,0.014968853472412929,0.028232599635255755,4.636279012750081,4.618218471367759
515000,67.95138888888889,1.8886364822071229,1.885762110618444,1.7630353873182427,2.017926029003259,0.014971344917125666,0.02822788442546883,4.636755441257623,4.620199301436051
515500,68.01736111111111,1.8880375051308855,1.8852919979242586,1.7622028303308621,2.017109969460113,0.01497381712702435,0.02822313684727112,4.6372933794872,4.619927318650312
516000,68.08333333333334,1.88739704568972,1.8845853122833645,1.7611536045009963,2.0163213754567906,0.014976426830200527,0.02821845805921664,4.637865370035049,4.620788913263613
516500,68.14930555555556,1.8867452060769068,1.8840922718526696,1.761215488154674,2.015550933205663,0.014978905186248573,0.02821383522839164,4.638395945581677,4.621238212213898
517000,68.21527777777777,1.8861041095875133,1.883208707342648,1.7602319012757444,2.015208818597986,0.014981489972042069,0.028208955264239544,4.638909770818419,4.6215109924048114
517500,68.28125,1.88547615820373,1.8826828785081984,1.7594262059810664,2.0144234097931015,0.014984000286336594,0.02820426417836417,4.639506394190458,4.621993089404621
518000,68.34722222222223,1.8848564788130324,1.8822098401486456,1.759060906931405,2.0138238151871573,0.014986557678072727,0.028199625481793535,4.639925786455938,4.622931213228159
518500,68.41319444444444,1.8842201658656859,1.8811108467615885,1.7584600405161435,2.0134115627915716,0.014989037020066954,0.028194766438878856,4.640410922569547,4.622832246150418
519000,68.47916666666667,1.8835742982551715,1.8806819837857853,1.7580568923876876,2.0127284623461508,0.014991560132765,0.028189993272078717,4.640960286399862,4.622850926482866
519500,68.54513888888889,1.8829180994057486,1.880184634042124,1.7577284190259395,2.011501126047773,0.014994059071183678,0.028185214533821445,4.641463313894132,4.624645046336366
520000,68.61111111111111,1.8823127632001402,1.8794230757447017,1.7569715321564887,2.0111994296882023,0.014996576975226716,0.028180701890614494,4.641974826863401,4.624297098953835
520500,68.67708333333334,1.8816709488947525,1.879078185140825,1.756149017382128,2.0104020991106006,0.014999002888792471,0.02817591363826225,4.642488485683092,4.624914219254491
521000,68.74305555555556,1.8810537201025899,1.8781223411484587,1.7556522997479247,2.009616402372169,0.015001499924467355,0.028171221863672116,4.643000478870153,4.625726594246088
521500,68.80902777777777,1.880409604617115,1.8778887348148081,1.755299061113971,2.008480766268283,0.01500401751207997,0.028166469076076076,4.643570771842646,4.626297959184257
522000,68.875,1.8797689007111467,1.876921734876539,1.7548088082286326,2.008028118842968,0.015006623983088276,0.028161854488141545,4.644081037052054,4.62740952768199
522500,68.94097222222223,1.8791503905999587,1.8762420006403038,1.7540076611225395,2.007678407178938,0.01500913953216558,0.02815714426927544,4.644578184407837,4.626681289472003
523000,69.00694444444444,1.8785123975619789,1.8758068680007638,1.753405908686016,2.006605635193223,0.015011730559992775,0.028152435511434502,4.645127077679819,4.627642616348093
523500,69.07291666666667,1.877890459618706,1.8750336956409823,1.7525124005242625,2.0062479631754773,0.015014283145986566,0.028147630537163428,4.645600053888785,4.628018931194171
524000,69.13888888888889,1.8772357800638568,1.8744741211701745,1.751788559593603,2.0054489578488273,0.015016877820956454,0.028142943773302273,4.646195278723605,4.628465063278789
524500,69.20486111111111,1.8765795651089952,1.873774239710751,1.751602687297677,2.0049155718576217,0.015019539368480453,0.028138200017256063,4.646770538993301,4.629174548538135
525000,69.27083333333334,1.8759494491418254,1.8729244248382408,1.7512250289316738,2.0044238148436087,0.0150220924178655,0.028133449223315777,4.647271933446426,4.630973567163048
525500,69.33680555555556,1.8753210323290535,1.8724419209752756,1.7501858741109249,2.0037294771756455,0.015024596765547609,0.028128754601645482,4.64778259899433,4.629922533049696
526000,69.40277777777777,1.8746590361220912,1.8719044807078495,1.749851871094246,2.003208467793609,0.015027218067904297,0.02812391217832009,4.6483746785226465,4.631181902266604
526500,69.46875,1.874026097320033,1.8712409171605493,1.7493353713550994,2.0019516408936795,0.0150298859797611,0.02811929139522665,4.648868525577573,4.632810777096898
527000,69.53472222222223,1.8733615214784933,1.8707191772330516,1.7488903071106536,2.0009570311653047,0.01503250598328714,0.028114514538917678,4.649491927335821,4.6323699839972905
527500,69.60069444444444,1.872726566748874,1.8700070573896013,1.7476667775175385,2.0003837244805602,0.0150351848313472,0.028109725582307427,4.64998980644527,4.632386055628608
528000,69.66666666666667,1.8720828768567315,1.869147205348046,1.747404934567736,2.0002039359812227,0.015037822347510301,0.028104919783732186,4.650559650115543,4.633247883530924
528500,69.73263888888889,1.8714264153009221,1.8687183984025326,1.7470005626723393,1.9991915918661176,0.015040502417685378,0.02810020962087284,4.651058777455802,4.633849154186216
529000,69.79861111111111,1.8707843624483116,1.8678522663294759,1.7458368367847361,1.9988343442479666,0.015043159174868155,0.028095420868242658,4.651636714732261,4.634331186364632
529500,69.86458333333334,1.8701243731426793,1.8673682474796223,1.7453415803469243,1.9975462920251472,0.015045797907573944,0.028090709120243574,4.652193032819019,4.6351896069608
530000,69.93055555555556,1.8695000811094122,1.8664626799358612,1.7449520043051079,1.9971925922645408,0.015048483919487841,0.0280859095940649,4.652763900940418,4.6354775000064805
530500,69.99652777777777,1.868866723019784,1.8660075098886373,1.7442001384191097,1.996702261208057,0.015051143654591563,0.028081182006243738,4.653312498685397,4.635193146588476
531000,70.0625,1.868187239766144,1.8653857335989608,1.7436646927330677,1.995776191134964,0.015053768914297246,0.028076330426690756,4.653910247605382,4.636425140602411
531500,70.12847222222223,1.867515882608203,1.864572128055864,1.7436059117535032,1.99519949513629,0.015056506437600571,0.028071581262267525,4.654431587136249,4.637126375910853
532000,70.19444444444444,1.866874387057635,1.8640144980251478,1.7424590242958304,1.9942094474903576,0.015059196242632744,0.02806688288228841,4.655001340534241,4.638049704601108
532500,70.26041666666667,1.8662274583323604,1.863617592879168,1.7420595568883512,1.9936529188467862,0.015061855587166382,0.028061999842163114,4.6555527382879305,4.638620847627218
533000,70.32638888888889,1.8655785340405906,1.8624162702887062,1.7417197673612659,1.993125002275796,0.015064643360254138,0.028057403126326607,4.6561847089975235,4.638477142866796
533500,70.39236111111111,1.8648946876976003,1.8620883193904867,1.7404909258978263,1.9921799537238165,0.015067386250734572,0.028052565225224545,4.656737789146985,4.639150161601094
534000,70.45833333333334,1.8642594656076488,1.8611958451090913,1.74041515684754,1.991641615810289,0.015070034842702295,0.02804770953175231,4.657320537857232,4.640438865258707
534500,70.52430555555556,1.8636025894890484,1.860877115618932,1.7388584051993319,1.9911986891300903,0.015072910323061989,0.028042915610336512,4.657899906276984,4.64035229850562
535000,70.59027777777779,1.8629148833223228,1.8601348480181648,1.7391071453525406,1.9899398637116623,0.015075646981488725,0.028038094568029918,4.658524959927572,4.641663990721948
535500,70.65625,1.8622587210180739,1.8593230846268964,1.738137109274458,1.9896955749703247,0.015078417542814367,0.028033291484334377,4.659058959006693,4.6423761397007635
536000,70.72222222222223,1.8615937354426146,1.8588323272221734,1.7376857076850252,1.9888229911309874,0.015081299716902568,0.02802851405738822,4.659700438916933,4.642643590233911
536500,70.78819444444444,1.8609228166975667,1.8580081569147553,1.7373205597205077,1.9880290702760783,0.015084055176517145,0.02802368161195326,4.660244237606438,4.6429871204123145
537000,70.85416666666667,1.8602515223768628,1.8571720824472453,1.736506864465028,1.9871441732055555,0.015086796078965181,0.028018718978956993,4.660874902152528,4.642931206754593
537500,70.92013888888889,1.8595899945175627,1.8565577433735312,1.7359000419796802,1.9863337512093666,0.015089629474152932,0.028014076189722924,4.661457079159084,4.644440004232759
538000,70.98611111111111,1.858920819562809,1.8560566752308079,1.7354035655855968,1.9859644677084882,0.015092468531868014,0.028009169786289284,4.662131704798443,4.645177329471284
538500,71.05208333333334,1.8582415366842708,1.8552855278023714,1.7347614040855508,1.9854337101910355,0.01509528521354055,0.02800428923525441,4.6626595237687845,4.645234615502018
539000,71.11805555555556,1.8575536926945246,1.854709493288094,1.7340835913411643,1.984390301298034,0.015098144896898025,0.027999394173796825,4.663287387514987,4.64587374861307
539500,71.18402777777779,1.8568932698284484,1.8541543290963944,1.7335620286808133,1.9837205457387115,0.015101113645040616,0.02799448503192303,4.663962635796105,4.6467137137891115
540000,71.25,1.8561912916174137,1.8532903535981105,1.732881800094919,1.9824675825563771,0.015104012483763326,0.027989674850859216,4.6645498429309535,4.647403898560429
540500,71.31597222222223,1.855528913518074,1.8526974082012861,1.7318689687536684,1.9822983155739864,0.0151069351202277,0.027984859254192467,4.6652195214646826,4.647934376750348
541000,71.38194444444444,1.8548524505415627,1.852120356153022,1.7313047643086157,1.981453863626223,0.01510973726179002,0.027979920301619495,4.6657344314070865,4.648442565533367
541500,71.44791666666667,1.8541697469138805,1.8513565041927365,1.7309659199896996,1.9805685789428487,0.015112644825307761,0.02797516632501105,4.666373588501206,4.649569307956433
542000,71.51388888888889,1.853518208735939,1.8504058188669772,1.7300013128486178,1.980184284164451,0.015115521856891974,0.027970346152634516,4.667027670811464,4.650044705166762
542500,71.57986111111111,1.8528142493091546,1.8498499667102686,1.72952035578747,1.9797044102666403,0.015118508745790023,0.027965413511851688,4.667634714683572,4.650705840367802
543000,71.64583333333334,1.8521466788960108,1.849088910927109,1.7289153635489165,1.9790036471268129,0.015121430358827985,0.027960709568689325,4.6682486906057,4.651063369453505
543500,71.71180555555556,1.8514545042215986,1.8485483620865173,1.7284288037493716,1.977903427018531,0.015124218848301944,0.027955789715352865,4.668901010345186,4.651875098694578
544000,71.77777777777779,1.8507860333255113,1.847758250267851,1.7275091510197815,1.9773542526046621,0.015127163573787185,0.02795076122891999,4.669531623480121,4.651765193963088
544500,71.84375,1.85008557421443,1.8472826646875862,1.7269137250930933,1.9761315433406264,0.01513006992805323,0.027945970598405836,4.670144499959477,4.652575634134827
545000,71.90972222222223,1.8494185424676925,1.84637565194139,1.7265628080849753,1.9754726799162372,0.015132938395999024,0.027941177034964473,4.67075892424538,4.652788555158437
545500,71.97569444444444,1.848765311150849,1.8459809262055187,1.7257630382921398,1.9749398149969986,0.015135706197664835,0.027936196269928507,4.671324411333037,4.653979529344106
546000,72.04166666666667,1.848088687175651,1.845136479193665,1.7247970818333558,1.9742950148045835,0.015138721789197514,0.02793139919548006,4.672018863129906,4.6544424827894275
546500,72.10763888888889,1.8474040800526514,1.8442997853796537,1.7246020871387735,1.9737755538610242,0.01514162931937021,0.027926584489241443,4.672716935296102,4.6557014725746395
547000,72.17361111111111,1.8467219440231026,1.8439109056973608,1.723836470323998,1.97291483822951,0.01514446273436524,0.02792163069109323,4.673254060551767,4.655813073784485
547500,72.23958333333334,1.8460685423021812,1.8430588957328684,1.7232503436801607,1.9719367363683629,0.015147432605428765,0.02791696636974674,4.673944996496904,4.656636100611021
548000,72.30555555555556,1.845339744663345,1.8422892636192634,1.7228823306167869,1.9711374766464445,0.015150340498713291,0.02791190850655307,4.674542401471614,4.65736262186455
548500,72.37152777777779,1.844679046952903,1.8415636185500324,1.7222017781475176,1.9709313678693516,0.01515325173682094,0.027907060395825606,4.675138112456268,4.658020294075187
549000,72.4375,1.844027811861347,1.8411167833076325,1.7214229962273029,1.970089375980434,0.01515618705691154,0.027902323332145908,4.675880711566059,4.658632741562435
549500,72.50347222222223,1.8433788382664062,1.8402727311922158,1.7207233547042988,1.9694306110365793,0.015159029682895982,0.027897542515272683,4.676416247302693,4.658747637516916
550000,72.56944444444444,1.8426570284838564,1.8396353349258674,1.7198810478170854,1.9686519197730576,0.015162042323029716,0.027892626032568736,4.677106187104151,4.660018998582099
550500,72.63541666666667,1.8419838332046603,1.839090373711214,1.7192887102784449,1.9680048539216888,0.015164976021102642,0.027887760100011132,4.677764317832899,4.660980769595602
551000,72.70138888888889,1.8413187620891238,1.838285079082965,1.718816026224673,1.9671927836175556,0.015167900833362408,0.02788293137983098,4.6783667578716965,4.661019298456608
551500,72.76736111111111,1.840657799897359,1.8375370823465471,1.7178730402780205,1.9666304666135,0.015170827011496102,0.027878127868262964,4.679009689043785,4.661657891612301
552000,72.83333333333334,1.8399674727443578,1.8368931592973294,1.7174652070872845,1.9656129279334371,0.015173707754198887,0.027873385610244876,4.67957446845769,4.66269804045553
552500,72.89930555555556,1.8393117279416997,1.8363762936589503,1.7167562499263767,1.9651558165508791,0.015176558653463732,0.027868530701797286,4.680237785003602,4.662702955406434
553000,72.96527777777779,1.8386254354951588,1.835651986229662,1.7164628125047257,1.9644058852151827,0.015179455241517571,0.027863665812015402,4.680828664798256,4.6637942690007925
553500,73.03125,1.8379778664465516,1.8351185224157702,1.715450583764385,1.9636575530302514,0.015182336314227917,0.027858926505898586,4.681518998543927,4.663794205950733
554000,73.09722222222223,1.8372920701867081,1.8341827451071842,1.7145091523240987,1.9633824312044958,0.015185284018937192,0.02785407898930101,4.682127233916176,4.66518256956005
554500,73.16319444444444,1.8366164470139048,1.8338229070129481,1.7142013970418946,1.9622784543995595,0.01518821413798213,0.02784940715676989,4.682751759882566,4.665045101617722
555000,73.22916666666667,1.8359792312832022,1.8329659164825545,1.7139313206694315,1.9618806686152532,0.015191037441311651,0.027844646450130635,4.683334662809283,4.666076211429038
555500,73.29513888888889,1.8353059342125344,1.832215560856497,1.7131115253413038,1.9606453742894707,0.015193905675781268,0.02783980852653945,4.684025001026774,4.666505586090691
556000,73.36111111111111,1.834634824543564,1.831698761223993,1.7123393056981182,1.960005225709312,0.015196812295377796,0.027834998252228016,4.684601658017482,4.668050101194418
556500,73.42708333333334,1.833972704684076,1.8309381340583333,1.7120106976277085,1.9595769685961866,0.0151997054740154,0.027830167130752165,4.685282436700857,4.667632996812808
557000,73.49305555555556,1.8333004689717185,1.8303081050991745,1.7114041667918896,1.9583848066684246,0.015202534039690964,0.027825366804121583,4.685887885288963,4.668126117728068
557500,73.55902777777779,1.8326211369239378,1.8296641851628739,1.7106489384561423,1.9572259819897666,0.01520551771475113,0.027820582327160608,4.686517134887098,4.669391934097938
558000,73.625,1.8319930327408773,1.8290659109353555,1.7105629632081198,1.9570125121583988,0.015208332775408923,0.02781584287340428,4.6871101975401634,4.6697624761665155
558500,73.69097222222223,1.8313021096569246,1.8282872988932275,1.7098046038507881,1.9557983523966045,0.015211196812491898,0.027811152147357007,4.68772668246743,4.670315557880855
559000,73.75694444444444,1.8306658698993319,1.8275541789078265,1.7093888758206486,1.955456226734449,0.015214025947608921,0.027806386982705083,4.688398737858157,4.67134986593234
559500,73.82291666666667,1.8299981077047869,1.8267156279732748,1.7084593445029728,1.9548270233012555,0.01521693472355245,0.027801715207962582,4.68896830860551,4.671610149612273
560000,73.88888888888889,1.8293493899148952,1.8263187599853097,1.70788298011876,1.9543819264545241,0.015219742878175376,0.02779688556114314,4.689616426505935,4.67247466373431
560500,73.95486111111111,1.8286967895529789,1.825715866666636,1.7073478108098707,1.9536778453782118,0.01522248670771931,0.02779208414876025,4.690163233587593,4.673590676382608
561000,74.02083333333334,1.8280359721314214,1.8251545344146565,1.706657236764963,1.9527219236668083,0.015225450452556263,0.027787469526712266,4.690794845547474,4.673333154878831
561500,74.08680555555556,1.8273682426886775,1.8241933040858154,1.706454870152328,1.9515797489227669,0.015228265613452755,0.02778274984356807,4.691448307709518,4.673936747532168
562000,74.15277777777779,1.8267651607093622,1.823788256716491,1.7055090779253956,1.9517540550591244,0.015231081028345285,0.027778053827299636,4.69195664418643,4.673793314728192
562500,74.21875,1.8261135401853685,1.823212355930533,1.7045946230185636,1.95087268828917,0.015233886529635391,0.027773401317578435,4.6925155771757945,4.6754420876910485
563000,74.28472222222223,1.8254611119149786,1.822647263474512,1.703863911237288,1.950224071500589,0.015236774816045275,0.027768604943295774,4.693190594063709,4.676266066838708
563500,74.35069444444444,1.824771535646585,1.8217611764236556,1.7035480420345355,1.949381239267756,0.01523960895931276,0.027763857187414344,4.693864425367194,4.676500004897154
564000,74.41666666666667,1.8241288265896245,1.8211207322838443,1.703148353876269,1.9485715724463053,0.015242498551001802,0.02775916901014077,4.694421152738077,4.677260856336401
564500,74.48263888888889,1.8234727334604248,1.8207580763771787,1.7021554631439422,1.947909384218848,0.015245291180486219,0.027754347914932705,4.694959722379603,4.677731734763464
565000,74.54861111111111,1.8228298354861712,1.819820928050699,1.7019807625837546,1.9471982779017365,0.01524813268292296,0.02774971174445158,4.695627138054915,4.678820936740021
565500,74.61458333333334,1.8221695851867732,1.8192713381911068,1.701402587270947,1.9458632698749043,0.015251092540573453,0.027745090339044265,4.696205700606682,4.679020934988287
566000,74.68055555555556,1.8215068648398973,1.8183071978919148,1.700701357477551,1.9455705104534435,0.015253941187286773,0.02774028661583961,4.696845772768759,4.679761509822141
566500,74.74652777777779,1.820866733958237,1.8179941642599344,1.6998909180404045,1.9450353034265762,0.015256718843269465,0.027735554163344202,4.697461247085829,4.679900063270294
567000,74.8125,1.8202196800125245,1.8171209247697389,1.6993594062314867,1.9443579007935887,0.015259607638960762,0.027730851573369488,4.698023800365379,4.681039201545842
567500,74.87847222222223,1.8195719157982129,1.8164985029334124,1.6985180527193942,1.943763187834953,0.015262533161209537,0.027726252939736108,4.698626373565106,4.681230352456726
568000,74.94444444444444,1.8189215633595346,1.815938218125277,1.697968682523501,1.9425522907943469,0.015265299995261605,0.02772153672541424,4.699261374959301,4.682232754993768
568500,75.01041666666667,1.8182806469390747,1.8152006425314147,1.6975498181943858,1.9428658403572316,0.01526815231921467,0.027716797361966285,4.699817436817165,4.6820397426268485
569000,75.07638888888889,1.8176293296039108,1.8146056374627877,1.696868881877633,1.9418301094806756,0.015270942269371151,0.0277120692005053,4.700359839033341,4.683803134832462
569500,75.14236111111111,1.816987165540036,1.8142418875890196,1.6963111745445196,1.9406698186583573,0.015273749899355527,0.027707520457917748,4.70096924885579,4.68406030250672
570000,75.20833333333334,1.8163484099309843,1.813473904527273,1.6956438892709387,1.940132758995865,0.01527652164696159,0.02770270733321137,4.701578550507346,4.684870347810787
570500,75.27430555555556,1.8156994165401226,1.8123888987086862,1.695316582912813,1.9397351121000852,0.015279398534690054,0.027698209048441638,4.702145128175795,4.685090781835015
571000,75.34027777777779,1.8150830330836594,1.8122194681484907,1.694481033935375,1.9388204834227405,0.015282162455521553,0.027693453893554657,4.702737655553029,4.684875770720559
571500,75.40625,1.814439043270535,1.811337989242352,1.6944024995286737,1.9382396036260185,0.015284906687203077,0.027688864276880117,4.703376199705612,4.686784611154815
572000,75.47222222222223,1.813798569650351,1.810926458527664,1.6935713654346891,1.9371989681567934,0.015287669404762333,0.027684140969538206,4.703907539718966,4.686569394552169
572500,75.53819444444444,1.8131415156883814,1.8100446655667664,1.6928851020371147,1.9367266612509928,0.015290539600820302,0.027679479252272533,4.704502018916122,4.686947525622704
573000,75.60416666666667,1.8125486282921661,1.809372447100375,1.6921332991936133,1.9360683176891806,0.015293262146190785,0.02767499501234926,4.7050094705308725,4.688210638747794
573500,75.67013888888889,1.8118863740417979,1.808707136986203,1.6917813927470262,1.9355433390449532,0.015296070308792709,0.027670236645681415,4.705607109085004,4.687976342145506
574000,75.73611111111111,1.8112732701410303,1.808254937381394,1.6909413056925442,1.9350454788048301,0.015298790092155937,0.027665751450454266,4.706215334215728,4.687980390454916
574500,75.80208333333334,1.8106338642762354,1.8077686483832083,1.690253049393843,1.9341890565733686,0.015301734030233927,0.02766102568150454,4.706784600495042,4.689267074945634
575000,75.86805555555556,1.809977975652112,1.8068613453753293,1.690072356289897,1.9332010959873906,0.015304541004531077,0.0276563741528489,4.707333289216051,4.690115672620944
575500,75.93402777777779,1.809355413424635,1.8065545815225335,1.6895518763225128,1.93239249198293,0.015307304322863672,0.027651740602774234,4.707971035709955,4.690942954102491
576000,76.0,1.8087031728674352,1.8055284053781764,1.6890366136813917,1.9320144621418085,0.015310144639158888,0.02764716399885729,4.708544723915165,4.690532869268303
576500,76.06597222222223,1.8080822504534155,1.8050391909881842,1.6880850325170522,1.9311257349579423,0.015312883675997197,0.027642521048280497,4.709081728533725,4.691967210920341
577000,76.13194444444444,1.8074482803424792,1.8044243195763896,1.68756366183574,1.9306138430778814,0.015315700859947327,0.027637928503967072,4.7096306939216985,4.692778800117523
577500,76.19791666666667,1.8068162036941775,1.8037342382899615,1.6870903064073182,1.929989824217394,0.015318470659612008,0.02763342065274413,4.710197927675465,4.693457040109568
578000,76.26388888888889,1.8061821620518033,1.8031170365418545,1.6866015986899021,1.929296047185207,0.0153212523956081,0.02762880201766937,4.710758782232726,4.693070040767422
578500,76.32986111111111,1.8055725219273224,1.8024103000682619,1.685748910213015,1.9287207915100628,0.015324060626603183,0.027624197024744883,4.711315481398645,4.6939189429346975
579000,76.39583333333334,1.804927619590522,1.8019455185244881,1.6854823859224513,1.9278702816933648,0.01532686617085884,0.027619706585221844,4.711863607219885,4.694938005926173
579500,76.46180555555556,1.8043073479874854,1.8014426773806589,1.684854314616148,1.9268938734332335,0.015329613125757386,0.027615086689610695,4.712451392266719,4.695316511652885
580000,76.52777777777779,1.8036774637879567,1.800581007370307,1.6844900832878593,1.926297532775091,0.015332366434107531,0.02761060335939673,4.712976407760658,4.695105057168703
580500,76.59375,1.8030726565545854,1.8001039095451856,1.6834384350778842,1.9259774830339262,0.015335097583308817,0.027605981871727036,4.713541399212122,4.696428524111313
581000,76.65972222222223,1.8024507356450599,1.7994854205033937,1.682993697688361,1.9248860277670712,0.015337964494172641,0.0276014352335784,4.7140904698949795,4.696518812200717
581500,76.72569444444444,1.801821468683453,1.7987570842332499,1.6822814525013645,1.9245609372443058,0.015340603996086907,0.027596781074657614,4.714550341076795,4.696895914310938
582000,76.79166666666667,1.8012084016337717,1.7980426059736994,1.6816816966598371,1.9239022337560334,0.01534339361897063,0.027592306195597598,4.715091914912529,4.698182829503439
582500,76.85763888888889,1.8005811396616562,1.7974379494046708,1.681668143680183,1.9233646856653352,0.015346202823168065,0.027587757255200275,4.715710879247554,4.698482907681154
583000,76.92361111111111,1.7999477522704197,1.7970753710330603,1.6804876921509768,1.9222377754539328,0.01534898143821294,0.027583234614976776,4.716310710817952,4.699509481772455
583500,76.98958333333334,1.7993384217783244,1.7963383811408802,1.68031640855062,1.92186614453005,0.015351667816879104,0.027578593911734346,4.716761052200053,4.698759025063582
584000,77.05555555555556,1.798705781961708,1.7956766006600204,1.679513582700452,1.9209386410015437,0.015354528821123828,0.027574100843676112,4.717337751083664,4.699982734092076
584500,77.12152777777779,1.798089726730634,1.7949667715114932,1.6789515494029241,1.9208105069949304,0.015357283098595386,0.027569568774548112,4.717933261153382,4.700594255440907
585000,77.1875,1.7974620617333288,1.7945603798504557,1.6784381618694963,1.9199718359213467,0.015359936753102136,0.027564977112190525,4.718428557706384,4.7008577725900675
585500,77.25347222222223,1.7968435843081758,1.7935525676867294,1.6780904730212993,1.9188563199795934,0.015362706667721321,0.027560402550995306,4.718995331124523,4.7010761501238
586000,77.31944444444444,1.7962085841601296,1.7933759371999125,1.677647938328671,1.918105112751967,0.015365513620765877,0.027555956629521306,4.719572718326539,4.702648496562576
586500,77.38541666666667,1.7955948900068441,1.79241194126549,1.6770566194881567,1.9177365940722435,0.01536828400163663,0.027551401224962857,4.72012573999858,4.702902187335436
587000,77.45138888888889,1.7949851128299867,1.7919833341938922,1.6759602601526693,1.9171178444209962,0.01537105163325971,0.027547019996394074,4.720661474394607,4.703201410050156
587500,77.51736111111111,1.7943781436222899,1.7912128702475323,1.676023672587915,1.91636313964931,0.01537376384188775,0.027542470938159355,4.721184672517846,4.703973608570547
588000,77.58333333333334,1.7937580079809663,1.7906247732249057,1.6748706875498032,1.9160270843179483,0.01537655802428803,0.027538074973915104,4.72172267498187,4.704479141460634
588500,77.64930555555556,1.7931621517385183,1.7899213910454654,1.674545417158035,1.9154665608675412,0.015379207693078115,0.02753339014310019,4.72227403478398,4.705369447599185
589000,77.71527777777779,1.7925454816838666,1.7893136172291522,1.673947625444763,1.9147788715029908,0.01538192335109467,0.027528949242173292,4.72282634216502,4.705645188872268
589500,77.78125,1.7919359494897016,1.788753777112406,1.6734489905476395,1.9136703314802865,0.015384645088571335,0.027524525312373423,4.723350495065067,4.705801618108108
590000,77.84722222222223,1.7913469581836259,1.7883293869354993,1.6726624860684878,1.912990871316409,0.015387335941739081,0.027519999992692584,4.723940091477248,4.706450451028642
590500,77.91319444444444,1.7907315851102756,1.7876379836900118,1.6719177245521641,1.9126635298561356,0.015390087527269282,0.027515534608191485,4.72448704741297,4.70797228199087
591000,77.97916666666667,1.7900927553716763,1.7869832249662827,1.6717293174836492,1.9114303401301145,0.015392791107178156,0.02751106267394722,4.724958893206207,4.7081336844508765
591500,78.04513888888889,1.7895004496442406,1.786381420525612,1.6710049155927758,1.9115998985433458,0.015395518470726097,0.027506493472838553,4.725547989286027,4.708241425694912
592000,78.11111111111111,1.7888708820925405,1.785626397440687,1.6709661092468395,1.910211774277511,0.015398279993591692,0.027502043705136536,4.726102499578913,4.708291318751629
592500,78.17708333333334,1.7882914646163135,1.7850012063134337,1.6700922965865184,1.9102314859089977,0.015400920506405411,0.027497572022856995,4.726578169595824,4.710105515966971
593000,78.24305555555556,1.7876785040834462,1.7846474346852368,1.669050273684646,1.9091904453031074,0.015403630044172955,0.02749317115698799,4.727116907262516,4.709570364266051
593500,78.30902777777779,1.7870963507654096,1.7840374486253752,1.6683597070205078,1.9089856223270623,0.015406297313397176,0.027488818436788215,4.727662220977764,4.710539625934517
594000,78.375,1.7864899992344054,1.78358650213368,1.6683148166196249,1.9079595012196267,0.015408996868623563,0.027484293838827948,4.728229228840907,4.711319918468445
594500,78.44097222222223,1.7858598083008603,1.7827015188928064,1.6678054060660534,1.9070619500900166,0.01541176564011703,0.027479792161973552,4.728703257519139,4.7111920922735315
595000,78.50694444444444,1.7852620634410268,1.782188303577219,1.66731325706338,1.9065703874640438,0.015414472380829266,0.027475468169819904,4.729339718936484,4.711427612572139
595500,78.57291666666667,1.7846607300384079,1.7814704832901658,1.6667503070545058,1.9059666481292648,0.015417156733254446,0.0274709593130983,4.729871464084831,4.712364041210016
596000,78.63888888888889,1.784064801570947,1.7810405604848856,1.6662299887023715,1.9052453855410203,0.015419908071066468,0.027466572922147173,4.73038883777636,4.713185539279094
596500,78.70486111111111,1.7834750748070698,1.7801958524992045,1.6656277438784755,1.905136494424415,0.015422594166426098,0.02746206159086488,4.730919552907335,4.714460112684342
597000,78.77083333333334,1.782869495121955,1.7798920588250065,1.6646812669570374,1.9042435819889856,0.015425229540177162,0.027457689383421555,4.731467907845033,4.713973981630821
597500,78.83680555555556,1.7822872569329766,1.7792418258957587,1.6644263884316999,1.9029857053282333,0.015427830394195749,0.027453309202684198,4.731978187050359,4.714821411529279
598000,78.90277777777779,1.7816694223508287,1.7786924639281791,1.6638060330338023,1.9024770428572157,0.015430606577795153,0.027448861532896888,4.732546043990571,4.7153711193580765
598500,78.96875,1.7810786065155133,1.7779000457553074,1.66337634798507,1.9021866068738817,0.015433287474554417,0.027444513509294118,4.733124504956184,4.715597478067846
599000,79.03472222222223,1.7804846942942676,1.7773107774330645,1.6629471631112325,1.9016112059099237,0.015436036070562095,0.02744026792485167,4.733642859571416,4.71589393442861
599500,79.10069444444444,1.779891985791862,1.7766503136874159,1.66200232127151,1.9006227937301665,0.015438698697788456,0.027435743449187103,4.73414759584896,4.716435500442191
600000,79.16666666666667,1.7792936224356686,1.776148860086869,1.6611075395985226,1.9006856747546554,0.015441425810577017,0.027431413484802023,4.734746259835983,4.71721966812837
600500,79.23263888888889,1.778692350005821,1.7754364888863297,1.6615988595344577,1.8996099569255847,0.015444044315291658,0.02742712854775348,4.7353073127762935,4.719110730400274
601000,79.29861111111111,1.7780927513169527,1.7749824429953027,1.6609811495505769,1.898449082679413,0.015446721403960074,0.027422760673843027,4.735834879007029,4.718830398675178
601500,79.36458333333334,1.7775140343177116,1.7745068477289165,1.6601659849156838,1.898281052266193,0.015449428368195019,0.027418380861682492,4.736408955699942,4.719189036282118
602000,79.43055555555556,1.7769227985747946,1.7738680560008633,1.659849793864105,1.897172353067651,0.01545206458843124,0.027414060580774446,4.736986739681867,4.719292555868453
602500,79.49652777777779,1.7763230402555705,1.7730909367695753,1.659425261589,1.8965585672288188,0.015454672474981392,0.027409677276404826,4.737457703048394,4.720708273826535
603000,79.5625,1.7757753507745773,1.7728452980731704,1.658371518337637,1.8961157269832718,0.015457338809992636,0.02740541573887038,4.738013048462224,4.720267056162728
603500,79.62847222222223,1.7751813642187717,1.772019968789603,1.6579061804660837,1.8960023321752826,0.015459984149457828,0.027400980520112108,4.738516458037775,4.720693138278952
604000,79.69444444444444,1.7745811670416827,1.771409125054479,1.6574892970741044,1.894941815823151,0.015462656270974427,0.02739667983052848,4.739116136415435,4.721891106356259
604500,79.76041666666667,1.7740174134432505,1.770950895393141,1.6565191684771494,1.8947758059572735,0.015465363413813922,0.02739234914910342,4.7396901392746225,4.72158674955217
605000,79.82638888888889,1.7734167896555375,1.7704116668677954,1.6563336534556492,1.8939727456894846,0.015468025586929468,0.02738795219334053,4.740181946620519,4.722240733560772
605500,79.89236111111111,1.7728223592370678,1.7696660615056983,1.6557998745861355,1.892895588234278,0.015470651159099454,0.02738370354237048,4.740802719023506,4.723715499315658
606000,79.95833333333334,1.7722448898621177,1.769169297722689,1.6555054782856866,1.892418669494127,0.015473365773125906,0.027379347766826646,4.741378378796704,4.723474123523483
606500,80.02430555555556,1.7716330029916874,1.7685244953817092,1.6550110283812751,1.891670795755405,0.015476018107851614,0.027374972856394467,4.741860952987946,4.724456511283515
607000,80.09027777777779,1.7710824611744473,1.768065100324327,1.6539645648007437,1.8915700860649307,0.015478651971641921,0.027370764642688415,4.7424700551200365,4.725509625162765
607500,80.15625,1.7704735311439148,1.7674261057453555,1.6537776035232765,1.890518484289851,0.015481275642977339,0.027366284364702325,4.743037429091261,4.7257598705260335
608000,80.22222222222223,1.7699045938939826,1.7666938366936322,1.6532547358690444,1.8899087079720664,0.015483948138198632,0.027361979500559023,4.743599160315335,4.7263924567081235
608500,80.28819444444444,1.7692984541136507,1.7660063232370373,1.6527336663719825,1.8895141492593193,0.015486664447923253,0.027357697477456817,4.744251603417115,4.72720591226785
609000,80.35416666666667,1.768702525368909,1.7655415754448824,1.6521012801461608,1.888653776519134,0.015489386405286762,0.02735327881424768,4.74478207900789,4.726771377108912
609500,80.42013888888889,1.768114757558946,1.7650445390704939,1.6517138326894094,1.8879692944638085,0.015492028235436547,0.027348917684432855,4.745418371034657,4.728456693706637
610000,80.48611111111111,1.7675134884976589,1.7643229261860387,1.6514268491993842,1.8870765377796437,0.015494744431943886,0.027344544172897535,4.74599138835433,4.728827579331831
610500,80.55208333333334,1.7669293982561112,1.763717902001023,1.6503713911297706,1.8867816514456301,0.015497479615087753,0.027340318363983696,4.746524386279668,4.729781518181834
611000,80.61805555555556,1.7663396498280364,1.7632881503622855,1.6499262386355076,1.88571934730825,0.01550020126672724,0.02733593208582105,4.747111644948831,4.72984568182285
611500,80.68402777777779,1.7657530213908827,1.762869661699809,1.6491668630454808,1.8853978152336088,0.015502917964324384,0.027331594392824725,4.7477031075468386,4.730683997425091
612000,80.75,1.7651606883650668,1.7620411510552332,1.6491222820543778,1.8846971332795417,0.015505729746252762,0.02732724759166643,4.748363037389279,4.730982043817942
612500,80.81597222222223,1.764560511664719,1.761534894885603,1.6482878890590915,1.8840176671662072,0.015508424268840982,0.027322827542090075,4.748928964720273,4.73136466418379
613000,80.88194444444444,1.7639722399015787,1.7610468118765654,1.6479004789853628,1.883491489617347,0.015511131260978882,0.027318494439811904,4.749598471814635,4.732065799670959
613500,80.94791666666667,1.7633940528517094,1.7603007027160356,1.6466561147533443,1.8834644866368186,0.015513928805118581,0.02731424791490398,4.750155783764052,4.732600767329421
614000,81.01388888888889,1.7627924615081711,1.7597014588312039,1.6470778043606906,1.8819393395990467,0.015516598970815872,0.02730988424268425,4.750766544017253,4.734378046619465
614500,81.07986111111111,1.7622050360236887,1.7591783032006378,1.6462466279518668,1.8815882398860433,0.015519251587648032,0.027305531742454328,4.751336717242458,4.734090771468988
615000,81.14583333333334,1.7616210092873343,1.7585851184737282,1.645478312624712,1.8808279303112934,0.015522000483373558,0.02730115339875815,4.751912547080548,4.734874218425689
615500,81.21180555555556,1.7610389733705418,1.757942383319258,1.6446945984680412,1.8804948583245218,0.015524652258213771,0.02729688815486732,4.752498051012831,4.735809352895215
616000,81.27777777777779,1.7604469012451567,1.7573386057801303,1.6445141983791203,1.8799013191826073,0.015527333962303666,0.02729251253987475,4.753115383748267,4.735867335313403
616500,81.34375,1.7598612868616577,1.7567052684520243,1.6439376625913407,1.8789389023011682,0.015530000546854118,0.027288217761223765,4.753774819208905,4.7364650641724175
617000,81.40972222222223,1.7592995404702843,1.7560319595131482,1.6434618538277443,1.8783701108120516,0.015532627473864516,0.027283940539722423,4.754353874107112,4.736671978296648
617500,81.47569444444444,1.7587211071182045,1.7557031046540175,1.642927818658511,1.8780539896947763,0.015535257421958626,0.02727978175022532,4.754886337489701,4.7379813602455485
618000,81.54166666666667,1.7581380599040828,1.7547639656585718,1.6425047919401927,1.8777039483623423,0.015537898034727719,0.02727545155919863,4.7554799227080515,4.738963394731153
618500,81.60763888888889,1.7575785381895632,1.754351414205478,1.6421740649930507,1.8770984369162234,0.015540544654494174,0.027271191877726173,4.75611674989956,4.739402067297729
619000,81.67361111111111,1.7570169118335057,1.7541203626671444,1.6408785369946841,1.8764981876716025,0.015543233508983675,0.02726689994914031,4.756718524835059,4.739592878818813
619500,81.73958333333334,1.7564477757188697,1.7531949211528428,1.6405587860794093,1.8758389758042995,0.015545704631236872,0.027262790181441784,4.7573132512537715,4.739032156528459
620000,81.80555555555556,1.7558810440970019,1.7528274896835545,1.6402312580154845,1.8745677922326978,0.015548271793730558,0.027258591799492624,4.757866215150913,4.740079067084709
620500,81.87152777777779,1.755321121957019,1.7522567466829466,1.6396001418689488,1.874326385725504,0.01555082375340358,0.027254297072036696,4.758487661090148,4.740925285860367
621000,81.9375,1.7547704219308073,1.7517099298388605,1.6394017078450205,1.8738231403695118,0.015553349579147058,0.02725019539933285,4.758993375965527,4.7422032587515766
621500,82.00347222222223,1.7542273390484857,1.7510686628818632,1.6387556235347636,1.8733265903816525,0.015555747630696719,0.027246058055201153,4.759506175429743,4.7422942923331854
622000,82.06944444444444,1.7536813301758496,1.7506576957640978,1.63817071624055,1.8725578081912335,0.015558190408977176,0.02724185509443154,4.760099187820506,4.742526084217149
622500,82.13541666666667,1.7531402355600296,1.7500257209207994,1.6377894938778035,1.871934148833591,0.015560635370338213,0.027237760987688913,4.760613701860504,4.742903878785626
623000,82.20138888888889,1.7526186184608792,1.7495486003951481,1.6370502944732355,1.8718340104000535,0.015563054536911501,0.02723368442483523,4.761112356488847,4.744421356492248
623500,82.26736111111111,1.7520568996872985,1.7488877188674494,1.6370485733428473,1.870811425282107,0.015565451152951493,0.027229617433699366,4.761611909821263,4.745121605932734
624000,82.33333333333334,1.7515282859485706,1.748222671942604,1.6364378022356378,1.8701448898293722,0.015567878048707516,0.027225414102131338,4.762160697658716,4.7440992060197855
624500,82.39930555555556,1.7510221217425315,1.7478144290815867,1.6359615788195534,1.8696962753662678,0.015570230949895425,0.027221499974791917,4.762669582221657,4.745844817674815
625000,82.46527777777779,1.750485986395358,1.7475464754333037,1.6349000909750984,1.8692264223797608,0.015572597954126481,0.02721738619678934,4.763231120945415,4.7462618328209825
625500,82.53125,1.7499742693217353,1.747021422066242,1.6345254796563258,1.8686207245688258,0.015574952110239577,0.02721338111557948,4.763683845292329,4.74625650871071
626000,82.59722222222223,1.7494518223921915,1.746414777970892,1.6344273269826997,1.867523672213046,0.015577234174740245,0.02720949056770436,4.764265518666383,4.746575867785047
626500,82.66319444444444,1.7489212250359358,1.745698605855212,1.633580080550238,1.8676534130211384,0.015579580095806322,0.0272053519717163,4.76480872096769,4.747717399730308
627000,82.72916666666667,1.7484154004329995,1.7453929709774332,1.6329621195350148,1.8665985074934168,0.015581847721933413,0.02720138298983919,4.765309454199,4.74813429840531
627500,82.79513888888889,1.7479068873327122,1.7448362491792295,1.6326282677315715,1.8663515996395186,0.015584097479995734,0.027197413932560338,4.765827454575979,4.7482929416748405
628000,82.86111111111111,1.7473717915506242,1.7441551367307735,1.6326314371321065,1.8654168383532783,0.015586391458753367,0.027193477360975587,4.7662597197628065,4.749154396648846
628500,82.92708333333334,1.746895192264757,1.7436814504031726,1.631682704283019,1.865579220299634,0.015588638846967583,0.027189521935593895,4.766804660584709,4.7491945535593665
629000,82.99305555555556,1.74636375920956,1.743155158993404,1.6315990868690624,1.8645730759176602,0.0155909015987604,0.027185540757281686,4.767217905393194,4.750061153005713
629500,83.05902777777779,1.7458829019380993,1.7427539706774686,1.6308047791789608,1.8642744711267265,0.015593122834140563,0.027181620147680045,4.76775181413989,4.750590689567499
630000,83.125,1.745379926063811,1.7422627716624435,1.6300124655632264,1.8635053083254516,0.015595241061117954,0.027177623454953777,4.768204462525176,4.750539473286034
630500,83.19097222222223,1.7448957977179667,1.7417325306928646,1.6301722722408525,1.863270304154792,0.015597453403875658,0.02717388784264155,4.7686410394887035,4.751355998480964
631000,83.25694444444444,1.7444019050623842,1.7412042038297244,1.6296066505694473,1.862526938762902,0.015599584699621583,0.027170010904305916,4.769216040616735,4.7518561480930686
631500,83.32291666666667,1.7439259469047097,1.740906337825188,1.6290211597782642,1.8619694121064174,0.015601680839575357,0.027166160603055073,4.769549142273452,4.7520990273658725
632000,83.38888888888889,1.7434159641561424,1.7404022463991193,1.6287924150190651,1.861104136604077,0.015603799696321448,0.027162269851278578,4.770037451516274,4.7525731530156285
632500,83.45486111111111,1.7429648726908171,1.739726790279569,1.6281378202412498,1.8613964422025842,0.015605863723957917,0.02715849580291539,4.770517161239005,4.7527643330420455
633000,83.52083333333334,1.7424669723385147,1.7394087261220372,1.6276315291790002,1.860507743391733,0.015608035285249233,0.02715463561174912,4.770906320420136,4.752889116756523
633500,83.58680555555556,1.741995758927636,1.7388426169477862,1.6273054929803679,1.860320733841831,0.015610082676884823,0.027150807378603606,4.771308933861216,4.753645512958804
634000,83.65277777777779,1.7415050706181319,1.7384873845351634,1.627665924681772,1.8589815040937223,0.015612128901624396,0.02714702421324288,4.7717732836455315,4.753769838678316
634500,83.71875,1.741039250512686,1.737964391717565,1.626284320545337,1.8586854549076415,0.01561424200587572,0.027143271528890206,4.772304049545714,4.754477476994918
635000,83.78472222222223,1.7405866747322616,1.7374722029783243,1.6260511493649001,1.8587535049548625,0.015616196552821657,0.027139638853775266,4.772628203228453,4.755615634041009
635500,83.85069444444444,1.740104082755784,1.7368372831086325,1.6260756158149132,1.8579225120133573,0.015618229187716331,0.02713568800616482,4.773087662143099,4.755423420228507
636000,83.91666666666667,1.7396379512254714,1.7367552459134723,1.6251818099058069,1.8570643594266705,0.015620279634161141,0.02713199983461017,4.773537595124309,4.755905247296246
636500,83.98263888888889,1.739157445800554,1.7359876496533992,1.6251624871503223,1.856426674670894,0.015622292574192653,0.027128265413993158,4.773942015044488,4.756368922858835
637000,84.04861111111111,1.7386888170171992,1.735514993638568,1.6249482976963292,1.856069880411181,0.015624307862595287,0.027124545000876105,4.774441507289992,4.756723455019358
637500,84.11458333333334,1.7382263296999918,1.735071329170029,1.6239489004373264,1.8558217058557345,0.015626324518239768,0.027120616454900482,4.774823648398995,4.756967433773682
638000,84.18055555555556,1.7377670381621566,1.73454939124117,1.6237428240234935,1.855583265593677,0.0156283686586838,0.027116908913841536,4.775218400649035,4.758202386393069
638500,84.24652777777779,1.737280972084211,1.7342490516217381,1.6231827088779174,1.8544492477749608,0.01563038701601411,0.027113221869920295,4.7756446993690265,4.757763891226131
639000,84.3125,1.7368460919965807,1.733827967701901,1.6231802840834708,1.854206810073884,0.01563238120057899,0.02710948536283582,4.776084174755924,4.7586878075377985
639500,84.37847222222223,1.7363617562359033,1.7332077485530952,1.6229698232093628,1.8533294381365142,0.015634363665118684,0.027105878292446088,4.776511667204843,4.758966521532589
640000,84.44444444444444,1.7359092210079803,1.7328533303659326,1.6222413515113265,1.8531185265500096,0.0156363563595158,0.027102131022050148,4.776885122123672,4.758933866586396
640500,84.51041666666667,1.7354713027816706,1.7322839013959288,1.6215350871006649,1.8524695798945825,0.015638357782346214,0.027098432375240847,4.777293938345787,4.759690981860645
641000,84.57638888888889,1.734997803754276,1.7318388842939618,1.6213908228132015,1.8521989807772237,0.015640317753464115,0.02709469640007784,4.777715934609434,4.760453609445956
641500,84.64236111111111,1.7345655493423993,1.7313761186764656,1.6205207408438058,1.851903107840284,0.015642241746171584,0.027091062509607668,4.778083263551168,4.75983526595749
642000,84.70833333333334,1.7340880356356818,1.7309502959989627,1.6206656275304314,1.850950988231787,0.01564432403160091,0.027087355680793464,4.77851777410288,4.759643223378707
642500,84.77430555555556,1.7336437522279127,1.7303434609335548,1.6200933385794443,1.8506923132229924,0.015646229978843712,0.027083663913316142,4.778895683190027,4.761113055865499
643000,84.84027777777779,1.7331952053665924,1.7299286430694658,1.6195055560166507,1.850122640841155,0.015648294364394483,0.027080074172633584,4.779297070451307,4.7613542239488025
643500,84.90625,1.732715933536213,1.7294685814973598,1.6193826167329348,1.849567552361536,0.015650334802203316,0.027076336689542086,4.779758054893138,4.761886113593336
644000,84.97222222222223,1.7322768688278325,1.7291790031391718,1.618571300978719,1.8493766685632207,0.015652258888697177,0.027072639069178433,4.78014312897494,4.762931515439258
644500,85.03819444444444,1.7318257757288198,1.7287804706017618,1.6183348653200158,1.8486593701600404,0.01565414261264716,0.02706899634426903,4.780528804323275,4.762536967136601
645000,85.10416666666667,1.7314072754417424,1.728204150155411,1.6177452597024762,1.8482323802370417,0.015656032592156678,0.027065507522060918,4.780813557255727,4.763371286814243
645500,85.17013888888889,1.7309446902611803,1.7277462919547726,1.617918507253692,1.8476861992675855,0.015658002861771596,0.027061894564687838,4.781216752018149,4.763682575619445
646000,85.23611111111111,1.7305022592433592,1.7273849502737724,1.6173973572113307,1.8471977255032819,0.015659844602831405,0.027058281861919404,4.781589343676703,4.763642397333349
646500,85.30208333333334,1.7300656303788353,1.7267612042447644,1.6171357010016654,1.8468439498021194,0.015661679757277017,0.027054719480565502,4.782019464370602,4.764669253867074
647000,85.36805555555556,1.7296309818333342,1.7264426384963547,1.6161502392006701,1.8460694723391167,0.01566354803982107,0.027051167990754195,4.782291052173889,4.764407346284853
647500,85.43402777777779,1.7292116992829114,1.7262138560407183,1.615915283625413,1.8458861270765483,0.015665408263391033,0.027047560729573077,4.782670811522033,4.765046385833163
648000,85.5,1.7287612457963253,1.7256877963455912,1.6152262093282064,1.8450454012511148,0.015667323927090117,0.02704401145879692,4.7830815500045185,4.7652638574116395
648500,85.56597222222223,1.7283379619909478,1.7250914110976567,1.614931877421138,1.8444028802091692,0.01566911333894415,0.027040341762710293,4.783399924828086,4.7656455452375726
649000,85.63194444444444,1.727904527466844,1.724527376643808,1.6145338067342618,1.8446231440652818,0.01567097509938072,0.02703681190691863,4.78375762860611,4.765863382864206
649500,85.69791666666667,1.7274833699232863,1.72436370703109,1.6142596020855042,1.8441033551508463,0.01567282099759494,0.027033237924374308,4.784064364937198,4.766259883982403
650000,85.76388888888889,1.7270059799572128,1.7237911701351971,1.6141514759847595,1.8433280770786298,0.01567472590410934,0.02702975482569671,4.784488111169521,4.766510833013813
650500,85.82986111111111,1.7265977816073468,1.7234659213978416,1.613332402238732,1.8432988274659088,0.01567660884547425,0.027026176927262835,4.784830496463786,4.767045783798153
651000,85.89583333333334,1.726146335266388,1.7231148942384307,1.613311918429099,1.842245067899996,0.01567841597753213,0.02702264739190039,4.785218003517494,4.767211989131187
651500,85.96180555555556,1.725728635386964,1.7227010070670596,1.612791629441749,1.8418791788005986,0.015680294893866936,0.027019095227516797,4.785537838404899,4.767582549519782
652000,86.02777777777779,1.7252744549479724,1.7220458145424895,1.6124402493579555,1.8412700155248416,0.015682248063883224,0.027015515233641364,4.785935685293331,4.768378997803658
652500,86.09375,1.724864485501401,1.7215738549800415,1.6121339941812205,1.8411004738678325,0.015684162124349713,0.02701199725882217,4.786334757954464,4.769218736277795
653000,86.15972222222223,1.724417307506338,1.7214617933269953,1.6115977513967015,1.8403980600456578,0.01568594557179345,0.027008459284704977,4.786636519149556,4.76888934856649
653500,86.22569444444444,1.7240123366194617,1.7211072665850016,1.6111248577010864,1.8400197078765261,0.015687815031762108,0.02700499542517538,4.787041648496482,4.768781920170273
654000,86.29166666666667,1.723576287787041,1.7202823615820737,1.610832944711063,1.839538233619662,0.01568966802645951,0.027001523865518313,4.787355308569334,4.769796348107638
654500,86.35763888888889,1.723137926564082,1.7201649871131628,1.610657241984994,1.8388245459879413,0.01569149632665336,0.02699796455413687,4.787721154991283,4.770146269243965
655000,86.42361111111111,1.7226975309610761,1.719514530379144,1.6099472324118937,1.8386287324189485,0.01569336048810143,0.026994433597156756,4.788100873474479,4.77002039368781
655500,86.48958333333334,1.7222905103844466,1.7190327505096277,1.6099785746469497,1.8377613292235822,0.01569515315240591,0.02699097452664791,4.7883877821100045,4.770638790271336
656000,86.55555555555556,1.7218491719950784,1.7189028175836816,1.6096088072928445,1.8377024965094277,0.015696986571361,0.02698745377896574,4.788859043099868,4.7714282952327896
656500,86.62152777777779,1.7214595925388438,1.7184966660557413,1.6088793789734726,1.8374162750114902,0.015698759918740472,0.026984004341668144,4.789145157357,4.771018678134782
657000,86.6875,1.7210311088710417,1.718035798228153,1.6086605175606636,1.836846405059331,0.015700576046260628,0.026980592421404364,4.789505477820021,4.7709364020057645
657500,86.75347222222223,1.7206306177827633,1.7174658368860931,1.6081746296445636,1.836373724710683,0.01570222862707757,0.02697707882756595,4.789783132173887,4.772459305201627
658000,86.81944444444444,1.7202287216203993,1.7170580639635091,1.607503734477644,1.8366330834896023,0.01570404087726074,0.026973544322078595,4.790083095975733,4.772594470190343
658500,86.88541666666667,1.7197754679836514,1.7165323332445275,1.6074392783984333,1.8357076743115084,0.015705856263690424,0.02697000646620576,4.790371074349962,4.772226017764688
659000,86.95138888888889,1.7193670655122537,1.7162427545675776,1.6073361100900125,1.8351379586467647,0.015707672915659797,0.02696674943071824,4.790772899578598,4.773114211522083
659500,87.01736111111111,1.718933965367979,1.7157605879153413,1.6066890176586879,1.834646606808985,0.015709585429944075,0.026963224659518042,4.791125862857081,4.773136234203712
660000,87.08333333333334,1.7185484890168994,1.7154608160295397,1.606044787868094,1.8345699802246993,0.015711304631681328,0.02695984436367679,4.791510315845756,4.77370258506633
660500,87.14930555555556,1.7181399664153696,1.715066380646404,1.6057753462051783,1.8339304610486928,0.01571299061971627,0.026956416695697847,4.791776345366232,4.773751527194438
661000,87.21527777777779,1.7177121451618036,1.7145391879657081,1.6055297701937734,1.8335588593834071,0.015714820164647123,0.026952946881930565,4.792147676857334,4.774185456001097
661500,87.28125,1.7172654067904662,1.7142191981734394,1.6052577073965213,1.8327765016670234,0.01571671556422364,0.026949542893224522,4.792566317988579,4.7746216308554725
662000,87.34722222222223,1.7168706863749998,1.7137525704128116,1.604814733281104,1.8324400798820817,0.015718501742647717,0.026946123208556858,4.7928801128499785,4.775270897917215
662500,87.41319444444444,1.7164317041383892,1.7132062992599701,1.6044375309731438,1.8320670931719367,0.01572033283837105,0.02694265420814613,4.793227522158383,4.775596453247513
663000,87.47916666666667,1.716028906318079,1.712666705020311,1.6040764413769344,1.8315202746965773,0.015722131091963774,0.026939267522992683,4.79356545473969,4.775442870679704
663500,87.54513888888889,1.7156431239981245,1.7125339566431537,1.6032995486479709,1.8312299055567993,0.015723836553647598,0.02693584097659099,4.793850784094738,4.77647065085717
664000,87.61111111111111,1.7152038008383348,1.7120966722745274,1.6029094752796929,1.8307825394076278,0.015725737880252052,0.026932327202283644,4.7942359609366285,4.776079730348277
664500,87.67708333333334,1.7147797474722646,1.7114894457494678,1.6028175105194693,1.8301320487515556,0.01572756493406183,0.026928994676864864,4.794589140755642,4.77744456946478
665000,87.74305555555556,1.714373291147221,1.7110384244988315,1.6024707290443665,1.8297114969580655,0.015729327324282324,0.026925573394593456,4.7949837486430065,4.7778708994216
665500,87.80902777777779,1.7139515802582816,1.7108286984981182,1.6020871708886144,1.8293718705808817,0.01573117692814756,0.02692214111178438,4.795325867481195,4.777577233682667
666000,87.875,1.7135321792845983,1.7104550663548725,1.6017964774275082,1.8287136620138997,0.015732986229330823,0.026918726384700144,4.7956758772118135,4.778165932572234
666500,87.94097222222223,1.7131069205057323,1.7099494747889568,1.6015675559534925,1.827936236223466,0.015734838817435873,0.026915309668659064,4.796048140199979,4.777508088972381
667000,88.00694444444444,1.7126960801814084,1.7094875721747975,1.6012395005907358,1.8276131232245652,0.015736662084862456,0.026911977089169082,4.796484872657557,4.778282499004951
667500,88.07291666666667,1.7122832864211792,1.709039448181295,1.6003373953948192,1.8271463255658644,0.015738469647145675,0.02690863202255228,4.796788911498942,4.778924046275638
668000,88.13888888888889,1.7118766726652106,1.708859090098624,1.6003618140256934,1.8269066323492087,0.015740169470729076,0.026905265364242353,4.797141510457826,4.780020294228768
668500,88.20486111111111,1.711461943898593,1.708286676030288,1.5997839289634785,1.8263373131858684,0.015741983959489572,0.026901824110951367,4.797510711479015,4.779585036366222
669000,88.27083333333334,1.711069993409081,1.7079487769012924,1.5994169486858105,1.8260023871544087,0.015743737162476654,0.02689836153788358,4.797811695115134,4.780530147782327
669500,88.33680555555556,1.7106425211348648,1.7074077610989944,1.599099328089256,1.825781580059767,0.015745623280631563,0.026894894405177873,4.798271694998302,4.78076026618567
670000,88.40277777777779,1.7102309337674215,1.706894325151994,1.598734620927498,1.8255102289579652,0.015747431570819863,0.026891532194720763,4.798667905594206,4.780605177377007
670500,88.46875,1.7098162865117232,1.706577994782698,1.5981131484833824,1.824678614286159,0.0157492236240115,0.026888152507994312,4.799040197366832,4.781005399637611
671000,88.53472222222223,1.709386406093027,1.7061982412261951,1.597616051082936,1.824108988437975,0.015751077152448386,0.02688465945063387,4.799456125796987,4.781109332052513
671500,88.60069444444444,1.7089625816835357,1.7058178918401192,1.5973250709207418,1.8236281585928116,0.015753020755551673,0.026881357279915516,4.7997895414646115,4.782059950375167
672000,88.66666666666667,1.7085443351789185,1.7052211008941733,1.5971166370538774,1.8238245751773687,0.015754912665105217,0.026877897741058792,4.800192666581089,4.783244340993026
672500,88.73263888888889,1.7081331529756307,1.7051748842673566,1.5965217383576937,1.8230413054756625,0.01575678768922107,0.026874410776655193,4.800525987986814,4.7829547647403245
673000,88.79861111111111,1.7076751058218136,1.7047261109314786,1.5964299805978546,1.822102840213897,0.0157587239189427,0.02687103335976657,4.800992612433044,4.7835712054697
673500,88.86458333333334,1.707259737698801,1.704071481183895,1.5958469698115914,1.8219883821156018,0.01576056811222618,0.026867641991736507,4.801355581707639,4.783827051683318
674000,88.93055555555556,1.7068552749577335,1.7036236143464114,1.5958790735251411,1.8213558138114523,0.015762449520251496,0.026864263987536705,4.8018110914846615,4.784732974944548
674500,88.99652777777779,1.7064239855478809,1.703010608199186,1.5957141565099446,1.8207936019749735,0.015764390955440466,0.026860789568137377,4.8022438607074,4.785312737722643
675000,89.0625,1.706004903669201,1.7026641464859258,1.5950688217685354,1.82036374420859,0.01576621086433613,0.0268574972886881,4.80261967422335,4.784922183817719
675500,89.12847222222223,1.7055982531316731,1.7024786906483955,1.5943090874548906,1.8199722461265924,0.015768009053470942,0.026854077549577745,4.802958574602858,4.785492517965425
676000,89.19444444444444,1.7051600125165178,1.7018672792466036,1.5943347276132682,1.8194823641109434,0.015769978869371173,0.026850623638523276,4.8033838135960805,4.785910185496414
676500,89.26041666666667,1.7047289711603604,1.701431767301663,1.5938665171537563,1.8190843168855948,0.01577186970879713,0.026847191694765498,4.803749222956352,4.785737194465234
677000,89.32638888888889,1.7042889982383742,1.7011031625639093,1.5934351050551159,1.8186828394880212,0.01577391226182274,0.026843779418859647,4.8042563481502505,4.7867460594580855
677500,89.39236111111111,1.7038842557762512,1.7006702338550452,1.5931720418710458,1.8179967092931202,0.015775784366261803,0.026840404687319658,4.804679175632683,4.787151651756258
678000,89.45833333333334,1.7034333552712335,1.700457818699443,1.5924767223302971,1.8173855582553102,0.015777773439373782,0.026836983377480448,4.805086228053617,4.787408827099494
678500,89.52430555555556,1.703026276054275,1.6998245765848117,1.592068124432934,1.817348716761735,0.015779729157956897,0.026833495695005496,4.8054918145480885,4.787857115053864
679000,89.59027777777779,1.7025946113371828,1.6993628559488685,1.5920110561591492,1.8164083897505061,0.015781691738030335,0.0268301714508742,4.805912841765424,4.788591745353979
679500,89.65625,1.7021644753751328,1.698949994006592,1.591556076744601,1.816115981789296,0.0157837165464532,0.026826652662079644,4.8063370384827975,4.789013292498478
680000,89.72222222222223,1.7016914113408692,1.6983925893085936,1.591566637219518,1.8152171386539502,0.015785825126539,0.026823144286721896,4.8068856119508006,4.788529761923262
680500,89.78819444444444,1.7012631450762767,1.698395937045053,1.5907997649312422,1.8145448696881985,0.01578782701516101,0.026819694172466407,4.807296370911513,4.790113202960624
681000,89.85416666666667,1.7008373392068097,1.6976066899498625,1.5901850073895858,1.8144822400175198,0.01578987124601819,0.02681624510181565,4.807756281520618,4.790019361418764
681500,89.92013888888889,1.7003754069698234,1.6974084240549137,1.5901854615230686,1.8136823131349948,0.01579188993140501,0.02681268614275559,4.808226046505507,4.7902096081015575
682000,89.98611111111111,1.6999407662869834,1.6968509993596919,1.5894788032042082,1.813646792537483,0.01579399903434271,0.026809216797569726,4.80874210373143,4.791134871267756
682500,90.05208333333334,1.699466882431802,1.6962904316422833,1.588821662105696,1.8134769974591856,0.01579610848084981,0.02680571560513148,4.809165009493823,4.791739364229745
683000,90.11805555555556,1.6990527626767276,1.6958340238195664,1.588857958547853,1.8126598215354766,0.015798117879083747,0.026802269183165615,4.809651514716137,4.7917871700834525
683500,90.18402777777779,1.6985861131081716,1.695463871822041,1.5882610400738686,1.8120438543630004,0.015800216133046,0.02679869419356257,4.8101658989711344,4.792515272467784
684000,90.25,1.6981344177957638,1.6949960151977592,1.5878272283821762,1.8117265103593374,0.01580236665268714,0.026795187856094593,4.810631207951099,4.79353624878137
684500,90.31597222222223,1.6977171346415256,1.6946257620014338,1.5870883933576416,1.8112096991800202,0.015804396510148706,0.02679185613085036,4.811127964741003,4.79351817935521
685000,90.38194444444444,1.6972792978917823,1.69399641700129,1.5869177084278991,1.8110064959411154,0.015806404868769566,0.02678836843351789,4.811552594147705,4.793808804301145
685500,90.44791666666667,1.6968428015423462,1.6937964039966564,1.586665774271567,1.8102919135959683,0.015808436379101988,0.026784906855058317,4.812063359042098,4.7942657527261705
686000,90.51388888888889,1.6964039128718111,1.6932604225555736,1.5860188381211886,1.8097610180819759,0.01581044154288533,0.026781470033373854,4.812481347030317,4.7949008802813395
686500,90.57986111111111,1.6959682171203674,1.6928112759889768,1.5854671981299617,1.809480293741326,0.015812420161178488,0.026777940891868593,4.812970153774143,4.795693039185081
687000,90.64583333333334,1.6955524813083727,1.692378172750908,1.5850430023803446,1.8092836180263143,0.015814517130845626,0.026774651284143143,4.813391769658643,4.7953971700874884
687500,90.71180555555556,1.6951003021097946,1.6915959935133034,1.5848926838299748,1.8092494792240528,0.01581660346387329,0.02677121244062671,4.813898595194639,4.795363181395759
688000,90.77777777777779,1.6946559207312137,1.691532913949688,1.584674575651912,1.8079653195159606,0.01581864708938638,0.0267678856733527,4.814369988886232,4.796746561516759
688500,90.84375,1.6942301452077306,1.6911750770040723,1.584005799479677,1.8073061137436444,0.01582053713808185,0.026764429925609314,4.814764274607963,4.797510564875843
689000,90.90972222222223,1.6938042530831616,1.6906063724920397,1.583953858833668,1.8067735491061332,0.01582247441177434,0.02676099337864734,4.815269317871397,4.797761520346375
689500,90.97569444444444,1.6933929420731455,1.6902416848193522,1.583445176286679,1.8065782831809232,0.015824442322343382,0.026757694635590898,4.815730277191371,4.797947263405566
690000,91.04166666666667,1.6929308569600796,1.6897656883891092,1.5837036586646271,1.8053843262089764,0.01582637096447692,0.026754173849769816,4.816091484636963,4.798310842986785
690500,91.10763888888889,1.692527239717388,1.6895408492756208,1.5827367988052277,1.8050620894004659,0.015828309757003195,0.02675081103577399,4.816617589187701,4.7983050003944925
691000,91.17361111111111,1.6921220183444554,1.6887185154037851,1.5823230542381324,1.8053177813758465,0.01583022816772938,0.026747604714139176,4.817072322416284,4.800116755383012
691500,91.23958333333334,1.691702066405591,1.688316010468952,1.58207244367232,1.8044549263964054,0.01583213578237417,0.026744300112974746,4.81740872976824,4.79992543815327
692000,91.30555555555556,1.6913002063089548,1.6882669129282546,1.5819039770984495,1.8040450462405286,0.01583400543455239,0.02674092359833111,4.81786759580696,4.799769071996705
692500,91.37152777777779,1.6909004306060358,1.6876027732725762,1.5812559339238637,1.80397084521233,0.015835899810481436,0.026737529458641284,4.818319083472082,4.800794587865198
693000,91.4375,1.690462005602725,1.6873227097237797,1.5810735212534548,1.8028770766836235,0.015837782846881684,0.02673423351885713,4.818699924323868,4.801113468413047
693500,91.50347222222223,1.690068590807484,1.687041433306026,1.5803726178070236,1.8030394413968005,0.015839658116841085,0.026731020338948322,4.819165553371802,4.801228177184947
694000,91.56944444444444,1.6896624327819056,1.6865600254637663,1.5796383115030364,1.8031706935309202,0.01584156701902279,0.026727721478821874,4.819521829740734,4.801604594466665
694500,91.63541666666667,1.6892431267304933,1.6858787895236151,1.5796278474558734,1.8022685279130881,0.015843442474857153,0.026724398848403424,4.819995493682243,4.80301780340832
695000,91.70138888888889,1.6888503908758938,1.685564025298027,1.5792858097784637,1.8015937876909893,0.015845272644017517,0.02672120539807777,4.8204343992109555,4.803168883131394
695500,91.76736111111111,1.6884341536929102,1.6851491263534024,1.5789568642369711,1.801135471818741,0.01584714326483007,0.026717840799800628,4.820844140942613,4.804091920587939
696000,91.83333333333334,1.6880345431342416,1.6847730070328208,1.5786169840388742,1.80057553521277,0.015848938861922075,0.026714639269002624,4.821290496518039,4.804023349221814
696500,91.89930555555556,1.6876485818735507,1.6846391064926394,1.578006044994091,1.8001715806300478,0.015850727428648743,0.026711444962725008,4.821658474789149,4.804079077726442
697000,91.96527777777779,1.6872538834831945,1.684215926946154,1.5773874107407981,1.7999281945404535,0.01585255671696727,0.02670819686575751,4.822066003391772,4.804759099401638
697500,92.03125,1.6868416087993305,1.6836268409272415,1.577907888693797,1.7990701670704596,0.015854367832749742,0.02670499567314303,4.822423664579848,4.80439356052092
698000,92.09722222222223,1.6864574387743492,1.6832258365537598,1.5776232356620978,1.7987166595739148,0.01585608693737233,0.026701850507680352,4.822863538933683,4.805254032716354
698500,92.16319444444444,1.6860796611090525,1.6830775510593923,1.5764969764291383,1.7987417272430446,0.015857882083787658,0.026698691400581925,4.823304494534771,4.804812047167328
699000,92.22916666666667,1.6856775063922862,1.6823340638248934,1.576440151791307,1.7983380753401086,0.01585965133965669,0.026695410535791372,4.8237541538989985,4.806641612292633
699500,92.29513888888889,1.68528443878623,1.6820870821202192,1.5763792610203111,1.7976440953118655,0.0158614697878253,0.026692291359852953,4.8240820244514895,4.806244590594851
700000,92.36111111111111,1.684894566972819,1.6819331060136684,1.5754222495674666,1.7970327117442344,0.015863260598769247,0.02668920548889193,4.824520571775852,4.806216899854993
700500,92.42708333333334,1.68451640197133,1.681333028862843,1.5753270512280149,1.796900863437658,0.015865024791051705,0.026685968302967572,4.824891563984164,4.806409933198735
701000,92.49305555555556,1.6841295735999608,1.6807497582365298,1.574798159381848,1.796528162961895,0.015866737777904955,0.02668281922351335,4.8252514720163155,4.807644152762817
701500,92.55902777777779,1.68374150954597,1.6805147004947978,1.5748827751624626,1.7962734005557972,0.015868427733723135,0.026679716537596584,4.825631735964862,4.807345326944775
702000,92.625,1.6833799072321156,1.6803135864265446,1.574214892334639,1.795338710785757,0.01587014421491176,0.02667656319740257,4.826025710196959,4.808521290095866
702500,92.69097222222223,1.6829839197269303,1.6798646720115942,1.5740364969786775,1.795041561204123,0.015871889750098418,0.026673481782237943,4.826411869178339,4.808865354604232
703000,92.75694444444444,1.6826175416074978,1.6794077035934425,1.5737603049089433,1.7949346484600592,0.015873574723189857,0.026670264910242637,4.826805002106724,4.808437666573781
703500,92.82291666666667,1.6822278279385494,1.6790662717180793,1.5735435577166137,1.7942299972387472,0.01587514673669659,0.02666721818836483,4.827196280637738,4.808926434853563
704000,92.88888888888889,1.681878906294625,1.678787096534955,1.5730276685707534,1.79416751214292,0.015876837093192053,0.026664132872119915,4.82754236038035,4.810286548209545
704500,92.95486111111111,1.6815061091573367,1.6783986188220488,1.572877711563059,1.7934242315138644,0.01587847342043866,0.02666109160452287,4.8279057503109595,4.810199085172167
705000,93.02083333333334,1.6811363831157753,1.678184989320756,1.5720234324031512,1.7929802409533122,0.015880083167303594,0.026657889482877277,4.828227418860447,4.809814115006983
705500,93.08680555555556,1.6807525874529967,1.6778021315090639,1.572018595583853,1.7923751864354258,0.01588178948273944,0.026654895593896867,4.828685784741874,4.8100368545579855
706000,93.15277777777779,1.6803821255133544,1.6773354175120754,1.5716398534577762,1.7919816522952843,0.015883440680507326,0.026651860336932176,4.829054052744155,4.811018802828585
706500,93.21875,1.68000426621656,1.6767469616424475,1.5717068994086096,1.7915855574554822,0.01588504035428483,0.026648815152878817,4.829378047409954,4.811664427781093
707000,93.28472222222223,1.6796432174298128,1.6764272681205623,1.57141759089331,1.791459371113341,0.01588670518318673,0.026645674542302444,4.8297457389180245,4.811277461563816
707500,93.35069444444444,1.6792838030568862,1.6760309372826812,1.5705493052030555,1.7913978915849804,0.015888352049080318,0.026642608622563308,4.83011226938015,4.812351003267087
708000,93.41666666666667,1.6788982587015322,1.67584335231957,1.5705551647293339,1.7903445640336408,0.01589010852421649,0.026639576304993685,4.830510108860154,4.811693729306201
708500,93.48263888888889,1.6785255551126521,1.6754888477454648,1.5698791896062645,1.7900545765426656,0.015891841582908413,0.02663656264029608,4.830907941376146,4.81387206138557
709000,93.54861111111111,1.6781885458852077,1.674991375672233,1.5697682062590528,1.7897836201226436,0.015893483237428688,0.02663349727134585,4.831252474644326,4.813055056699991
709500,93.61458333333334,1.6777827628252524,1.6747037884298677,1.5693331657444642,1.7893585088573372,0.015895243067723525,0.02663041063758997,4.831707252933568,4.813709332482466
710000,93.68055555555556,1.677400804996059,1.6741524064695654,1.5691955473746921,1.7888452721942087,0.01589684240692293,0.026627279228351317,4.831969128114722,4.813922561952268
710500,93.74652777777779,1.6770336320527037,1.673810787789621,1.5688533290827626,1.7883441013934287,0.015898483750493287,0.026624283223119,4.8323911062769085,4.8134586175556855
711000,93.8125,1.6766865017312946,1.6733903480025019,1.568576821611248,1.7882879671966037,0.015900107794450936,0.026621156319840304,4.832819666899523,4.8146777638338
711500,93.87847222222223,1.6763198687426013,1.6730619369128177,1.568115117660315,1.7874996196856237,0.015901720318761848,0.026618271599705905,4.833189997761353,4.81490131461719
712000,93.94444444444444,1.6759584724704764,1.6727725188614708,1.568128690783578,1.7872973810174102,0.015903300387901838,0.0266152041927927,4.83349018293466,4.81510121678186
712500,94.01041666666667,1.6756078484360566,1.672619994674375,1.5674707321111807,1.7866836169573064,0.01590496794566081,0.02661225369148457,4.833889050389059,4.815303649864232
713000,94.07638888888889,1.6752382568637298,1.6719343039212977,1.567364773583122,1.7865592308837908,0.015906567747519442,0.02660925879448883,4.834190939962844,4.816571232304787
713500,94.14236111111111,1.6748881477998525,1.6717380558722916,1.5672654723657584,1.7859035966379337,0.015908128897623264,0.02660622246849188,4.834507487155282,4.81658108258147
714000,94.20833333333334,1.6745246567813117,1.6714228821348163,1.566881409094156,1.785427304500875,0.015909730929910982,0.02660324518600803,4.834827753512331,4.815906212221768
714500,94.27430555555556,1.6741648004676084,1.6709709116025695,1.5663210401751346,1.7851275056159994,0.01591136264228883,0.02660031216212685,4.8352351057436245,4.816680541026596
715000,94.34027777777779,1.6738075228019724,1.6706961371516755,1.5662413254823002,1.784439106518721,0.015912894260824664,0.02659723896126842,4.8355066792710115,4.816713051913933
715500,94.40625,1.6734547915544964,1.670225527971294,1.5655139724524423,1.7848706245876125,0.015914631324153494,0.02659430627246143,4.8358947570381545,4.81728372877827
716000,94.47222222222223,1.6730911215018367,1.669808651030975,1.5654755815536785,1.784100085407433,0.015916187906015372,0.02659124909949042,4.83616272741297,4.817784993613479
716500,94.53819444444444,1.672732387867801,1.6695576555119025,1.5647280536958394,1.783858107533271,0.015917857545184856,0.02658827439289776,4.836574326277398,4.818282020393747
717000,94.60416666666667,1.6723780549055027,1.6692160447222368,1.5643889678670881,1.7834711319647023,0.015919478214965737,0.02658534398859177,4.836880252654234,4.818595362287236
717500,94.67013888888889,1.6720234716540585,1.6687307982321964,1.564491380847816,1.7829625833796894,0.015921050169122215,0.026582339743877605,4.837271999237133,4.818463492871078
718000,94.73611111111111,1.6716546814230082,1.6683598887780147,1.5640496697255568,1.7826271176211996,0.01592268265635045,0.026579320136512014,4.837596716651937,4.818864454185156
718500,94.80208333333334,1.671283395367864,1.6680264254729291,1.5633660164405399,1.7821242924541014,0.015924378655983673,0.026576353306406238,4.837965003707062,4.819374139353081
719000,94.86805555555556,1.670939914402692,1.6679064110871162,1.5632179590322655,1.7817041382005532,0.015925925888818786,0.026573302385575703,4.838304320612389,4.820048721390078
719500,94.93402777777779,1.67056010220096,1.6673093620380128,1.5631449714435153,1.781319787107162,0.01592747521657122,0.02657030774699742,4.83859086906019,4.820747591194632
720000,95.0,1.6702017390832118,1.6671621749987866,1.5631124688270863,1.7803493589062473,0.015929218907531455,0.026567326860000712,4.838988511175361,4.819703936200536
720500,95.06597222222223,1.6698480079705362,1.6666190688021845,1.5625747428819015,1.780632497467336,0.015930831247232033,0.026564400330049795,4.839314709837583,4.821377242335302
721000,95.13194444444444,1.6694897231215304,1.666333252406815,1.561935866327691,1.7802233969162327,0.015932479588507176,0.02656138944773785,4.839704187334787,4.821283092411207
721500,95.19791666666667,1.669129194523231,1.6658230220771086,1.5619905169401131,1.780095694376676,0.01593410171190823,0.026558379179660398,4.84008598161994,4.821563894053533
722000,95.26388888888889,1.6687595217797189,1.6655027972754575,1.5616713232787387,1.7792810265060441,0.015935805480699443,0.02655543483450316,4.840439585352651,4.822010532274975
722500,95.32986111111111,1.6684079630585427,1.6653572395544038,1.5608890238078936,1.7786634671236357,0.0159374865434951,0.026552417461242275,4.840689594453606,4.822781957261109
723000,95.39583333333334,1.6680180419160324,1.6648909232975186,1.560889256352673,1.7781454691286145,0.015939181936978176,0.0265494453730235,4.84116295668259,4.823220367094706
723500,95.46180555555556,1.6676699042035859,1.6645093223567993,1.5606592538761515,1.7777722872542665,0.015940771499809017,0.026546483666289544,4.84148856042424,4.823137636548526
724000,95.52777777777779,1.6673223315847043,1.664118932833225,1.5601704657019777,1.7783278909956968,0.015942418714499945,0.0265434762443662,4.841786509257808,4.823697328466546
724500,95.59375,1.666955221757603,1.6637064360362148,1.5600205201002353,1.7772915537098832,0.01594406074828975,0.02654050045846171,4.842158817144684,4.823158009312195
725000,95.65972222222223,1.6666271889190223,1.6633751986554368,1.559424937884961,1.7769396909768942,0.015945581904985146,0.026537563556734648,4.842463846910145,4.82390297855898
725500,95.72569444444444,1.6662441598990219,1.6631310499364091,1.5589057839590603,1.7763375695080987,0.015947248168706272,0.026534649074147817,4.842869247176982,4.82480778509841
726000,95.79166666666667,1.665918671858187,1.6631424985802994,1.5584043069707325,1.7760593544279455,0.01594882207940785,0.026531749935450242,4.8431602231444275,4.8241119433606645
726500,95.85763888888889,1.6655738482301292,1.6623073576522307,1.5583272780215103,1.7760032989752546,0.01595042266839353,0.026528958970996747,4.843501191247626,4.825192866395223
727000,95.92361111111111,1.6652164268270888,1.6620247496721285,1.5583333694064168,1.7755704243941497,0.01595192896279474,0.026525950855577147,4.843823681911837,4.824476558295701
727500,95.98958333333334,1.6648587057552025,1.6614944660741702,1.558011937250345,1.7749468486384914,0.0159535755254927,0.0265230836030551,4.844172366756864,4.825834557319743
728000,96.05555555555556,1.6645309414826979,1.6614135962524685,1.557446770014522,1.7744988542083828,0.015955089712279144,0.02652016725555187,4.8443994620581785,4.826321913246369
728500,96.12152777777779,1.664176896116692,1.660895386906314,1.5576217095507454,1.774304275817829,0.01595671854419377,0.02651735956999488,4.844769064856071,4.826635304774458
729000,96.1875,1.6638138560764049,1.6606624526451759,1.5571508784008108,1.7739262595427117,0.015958261977610792,0.026514466319765024,4.844988050610618,4.827153620954981
729500,96.25347222222223,1.6634732874698683,1.6603611418305604,1.5567409352333206,1.773338513953723,0.01595986293749902,0.026511614416369265,4.845322308222617,4.826870484828744
730000,96.31944444444444,1.6631269433384377,1.6598257812905217,1.5566797200819658,1.773373021706694,0.01596139488306177,0.026508674006072805,4.845713253764835,4.827326291886378
730500,96.38541666666667,1.6627886780790244,1.6597306172568218,1.5562309290156113,1.7725919009461228,0.015963028321575916,0.026505870776041333,4.84598416322817,4.827577652442528
731000,96.45138888888889,1.662452677025277,1.659424759311038,1.5559989375925598,1.7719660893023335,0.015964493329560188,0.02650302322473714,4.846301413741113,4.826294873908445
731500,96.51736111111111,1.662126033806047,1.658899967732616,1.5557190003721355,1.7718812787043623,0.015966077086354637,0.02650024527748975,4.846549005059869,4.828361996561471
732000,96.58333333333334,1.661777683514953,1.658599561993215,1.5551777551655674,1.7714356311590704,0.015967609985233045,0.026497337994784646,4.846839755667651,4.828221508713629
732500,96.64930555555556,1.6614475793854988,1.6581668711954012,1.5551071070457498,1.7711480824332053,0.01596919149856863,0.02649456669186306,4.847122640067941,4.827964538759073
733000,96.71527777777779,1.6610941588384185,1.6579871433898057,1.5547839342334155,1.770699838717179,0.015970768373399544,0.026491700604015574,4.847480239514512,4.829564436588321
733500,96.78125,1.6607405166161808,1.6575868126157307,1.5539963187879948,1.770380896055824,0.015972376341899495,0.02648877881248959,4.847760763892733,4.828456199979614
734000,96.84722222222223,1.6604014744432716,1.6571994568874273,1.5536603802142621,1.770146806941778,0.015974017335817103,0.026486046541212376,4.848178098219712,4.8299410476904825
734500,96.91319444444444,1.660050754444175,1.6567754266307446,1.5538532084527343,1.7693751161840234,0.015975573819158796,0.02648315082882155,4.848366227037764,4.82963740513309
735000,96.97916666666667,1.6597072226970566,1.656606984913128,1.553023260493753,1.7690184899768573,0.015977252444788398,0.026480309578170196,4.8486936548108845,4.830827047582362
735500,97.04513888888889,1.6593718079840911,1.6561939567972954,1.5527403183394188,1.7692699811795474,0.015978874881571944,0.026477444790138655,4.8490888634324865,4.830111357711154
736000,97.11111111111111,1.658992989734773,1.6559064591323611,1.5530170779268153,1.7681297313039432,0.015980472549270187,0.026474606220255242,4.849405553521123,4.831623408783183
736500,97.17708333333334,1.6586570411512818,1.6555480050602678,1.5524736012340834,1.7680053455350486,0.015982131501145073,0.02647174454290862,4.849686161257093,4.831304809272469
737000,97.24305555555556,1.6583118948581717,1.655114938090921,1.5519557332487057,1.7680333039424636,0.015983744475158223,0.026468849290873963,4.850018707345538,4.831782246981476
737500,97.30902777777779,1.6579586207628794,1.6548753845181134,1.5516045191966037,1.7673810327438715,0.01598535927603534,0.026465992445767847,4.8502671950969996,4.832185042072382
738000,97.375,1.657614510083746,1.6545660396877624,1.5515286496978336,1.7673401031880813,0.015986930727300022,0.02646312072531925,4.85058781171988,4.8322463621204825
738500,97.44097222222223,1.6572650752150124,1.6540617981574952,1.5511152543093212,1.7666703837442377,0.01598861539211495,0.026460259566061885,4.850952151189866,4.8325702151547105
739000,97.50694444444444,1.6569253851933103,1.6537870372584988,1.5507677687888792,1.7663018543642064,0.015990190159839456,0.02645740012008832,4.851238259028436,4.832309673239086
739500,97.57291666666667,1.6565754827228407,1.6535357097333385,1.5502527063843043,1.7660112272867108,0.015991799312634232,0.02645464344076671,4.851546318283298,4.83301276926247
740000,97.63888888888889,1.6562156146155886,1.653168527200617,1.5501733562093247,1.7656451546286323,0.01599352126006783,0.026451767214033386,4.851876708844161,4.833151929047797
740500,97.70486111111111,1.6558586120985674,1.6526747608124315,1.5497067804662965,1.7649727107989783,0.015995199517784796,0.026448916459177848,4.852218832498435,4.833304493447317
741000,97.77083333333334,1.655516965158487,1.6522661646671266,1.5493399358223268,1.7647260175585613,0.01599679838706932,0.02644603906198497,4.852499584919919,4.833530324749271
741500,97.83680555555556,1.6551602417693994,1.6519720447865596,1.5489790556864387,1.7642055580831473,0.015998557331720006,0.026443307057514683,4.852844299926938,4.834331124921977
742000,97.90277777777779,1.6548052303637126,1.6516948453658489,1.5488320869707177,1.7638252937532592,0.016000308609709933,0.02644040893618008,4.853199133531794,4.83532682684673
742500,97.96875,1.654443519760129,1.6514612691336028,1.5481603588012471,1.7636787132281995,0.016002008867725726,0.026437487083187244,4.853587079907944,4.834779901915706
743000,98.03472222222223,1.6540812678038115,1.6509919826930335,1.5480848261829698,1.762795878639416,0.016003681292785718,0.026434534877932597,4.853842499701368,4.835843264470391
743500,98.10069444444444,1.6537027313142867,1.6505904053731109,1.5479106828820282,1.762394393617361,0.01600542156152746,0.02643155266107948,4.854248297992024,4.835794643541705
744000,98.16666666666667,1.6533474365092726,1.6502115410979363,1.5476842932724106,1.7618973067149204,0.0160073283379554,0.026428680802096045,4.854631023219782,4.836073989135208
744500,98.23263888888889,1.6529660556221761,1.6499589290047552,1.547167310211739,1.7618338005456449,0.01600912726618831,0.026425720523092583,4.854999224738634,4.836817538966692
745000,98.29861111111111,1.6525856856662045,1.6493917475593514,1.547094300282208,1.7610383865000943,0.01601088989891689,0.026422823227391576,4.855339285657135,4.837119468370863
745500,98.36458333333334,1.6522143772159412,1.6488563836392256,1.5464790816330654,1.7613644679311062,0.016012772903292335,0.02641983528284679,4.85572231404657,4.8365743136569055
746000,98.43055555555556,1.6518530726905265,1.6486844593810854,1.5463295474333387,1.7607081994379532,0.016014589349588524,0.0264169677961234,4.8560925005294155,4.837550819685774
746500,98.49652777777779,1.6514858970408484,1.6481791165678783,1.5462337572958869,1.7605858601804893,0.016016454528825674,0.026414080394324486,4.856452320857378,4.837777405200934
747000,98.5625,1.651087615558754,1.6480985050045602,1.5454441526345142,1.7595863983432136,0.016018297740674838,0.02641107271247557,4.85690921266952,4.838027118629599
747500,98.62847222222223,1.6507190558703149,1.6474923649877504,1.5448382297332643,1.7596708056343584,0.016020313245442605,0.026408174749421268,4.8572517561346995,4.839265703363308
748000,98.69444444444444,1.650335867272798,1.6471605168392591,1.545005125444308,1.759151072271112,0.016022090507529965,0.02640512783578061,4.857724856169235,4.838320706284946
748500,98.76041666666667,1.649933773555139,1.6468880634416232,1.544442037130184,1.7581166395434562,0.016024008744250154,0.026402141218490764,4.85803977374742,4.838859482815949
749000,98.82638888888889,1.6495567445471966,1.6464294686319119,1.5440897776736784,1.7581973188466804,0.016025908438899804,0.026399218409688816,4.858562651296838,4.83970558794295
749500,98.89236111111111,1.649145192567127,1.6458745181348446,1.5441990370239131,1.7572745839598563,0.016027992986031952,0.026396186226175188,4.858999857461022,4.840119397161109
750000,98.95833333333334,1.6487753458202417,1.6456020879541713,1.5437640669651775,1.7570089871680852,0.016029878597073416,0.026393209071034762,4.859393882545669,4.8414035727198215
750500,99.02430555555556,1.6483949984189896,1.6452200934430063,1.5429163376996093,1.7569216135308674,0.01603183649384194,0.026390151418887925,4.859817055892036,4.841284171899243
751000,99.09027777777779,1.6479965618616987,1.6448027713556548,1.5428997659905435,1.7563596202156653,0.016033866352439783,0.026387206112431727,4.860298390695731,4.841946324220631
751500,99.15625,1.6476099955791597,1.6443893288831797,1.5427138981551123,1.7557687964316377,0.01603578188121896,0.026384257450778496,4.860685300071729,4.841758142141392
752000,99.22222222222223,1.6471973338504644,1.6441201682501534,1.5422540216252068,1.7551788225828544,0.016037757160835456,0.026381191200157177,4.86105974211876,4.84238923446904
752500,99.28819444444444,1.6467996490541732,1.643555693589654,1.5417967283693077,1.7549688075059913,0.016039813871120887,0.026378174159131552,4.861513946281242,4.8427040284388445
753000,99.35416666666667,1.646435661712799,1.6431090299271607,1.5416660027760654,1.755039585212128,0.016041778825941034,0.026375152322796355,4.861968146006493,4.843188928022649
753500,99.42013888888889,1.6460226917262077,1.6429580352637916,1.5410917188486968,1.754118735305489,0.01604378555530592,0.026372153113381168,4.862427511206478,4.8439727491205655
754000,99.48611111111111,1.6456295430058168,1.642278556997956,1.5405872758813257,1.7538625613543992,0.01604588730909547,0.026369101822185735,4.862978936391289,4.844219706982109
754500,99.55208333333334,1.6452288477962393,1.642048363528733,1.5402583342688638,1.7534500862459657,0.016047890060110627,0.026366024727109746,4.8633839827314125,4.845404507319131
755000,99.61805555555556,1.6448261737480272,1.6416100659995903,1.539841840647771,1.7531279519515466,0.016050068367057458,0.026363095594767665,4.863818353119967,4.84565230985806
755500,99.68402777777779,1.6444034509770529,1.6413622559352357,1.5397920162485637,1.7523606602092165,0.016052092497180478,0.026360047399178486,4.864292219188832,4.845726858607769
756000,99.75,1.6440278129236627,1.6408590580043498,1.5387678042182116,1.7522728737005475,0.016054132925818962,0.026357092079022017,4.864804548884478,4.846023618221314
756500,99.81597222222223,1.6436175688262025,1.640486579351288,1.5389608770386738,1.7513736624453604,0.01605615018413944,0.026354114800561653,4.865314062958827,4.846938092738942
757000,99.88194444444444,1.6432487621663556,1.640212749627706,1.538188093267794,1.7514033350277702,0.016058263913903137,0.026351126965116753,4.865806792915378,4.847525194554423
757500,99.94791666666667,1.6428237984119505,1.6396753908870845,1.538311904862422,1.7505051817707054,0.016060312858954606,0.026348063992449648,4.86630192737083,4.847985400254826
758000,100.01388888888889,1.6424216255585158,1.6391459739887169,1.5376320132158874,1.7502336434480277,0.01606237970288452,0.026345018762621034,4.86674617557256,4.847966648858401
758500,100.07986111111111,1.6420246205960964,1.6389620567299032,1.5373807765876295,1.7497282656098867,0.016064437166535356,0.02634200859845306,4.8672065410081915,4.848352829757006
759000,100.14583333333334,1.6416503139641785,1.6382881763595476,1.536736415574583,1.7496598454758439,0.016066368146015305,0.026339117264405597,4.867684120583092,4.849425120148764
759500,100.21180555555556,1.6412587536656615,1.6380652470313641,1.5366565997036665,1.7490233890468612,0.01606837101531367,0.026336191649062732,4.868146216440591,4.850143597978719
760000,100.27777777777779,1.6408572826154744,1.6377418527657646,1.536286000914735,1.7484653994182795,0.016070457897176,0.026333236199915674,4.8685806905638165,4.849708559737161
760500,100.34375,1.6404703237146447,1.6371254278406533,1.5361101631896754,1.7477335920450092,0.01607248245841871,0.02633031094500284,4.8691583965727245,4.849875563289398
761000,100.40972222222223,1.6400874739162465,1.636913481735471,1.5358106368680056,1.747614275472272,0.016074432713830696,0.02632733733498773,4.869653429026132,4.850521436635991
761500,100.47569444444444,1.6396795593648334,1.6365942476627033,1.5351166427439922,1.7473642337131143,0.016076445571642974,0.02632427724613698,4.870098940881584,4.8512525412301795
762000,100.54166666666667,1.6393192543085846,1.6361140677166688,1.534803735202432,1.7471263174410026,0.016078442805480143,0.026321417333359753,4.870599726381287,4.852733819772757
762500,100.60763888888889,1.6389215278368865,1.635703476112754,1.5345974984551103,1.7466070650836614,0.01608043303124405,0.02631848945001237,4.871094106678004,4.852151404430202
763000,100.67361111111111,1.638545188223022,1.6353330433887079,1.533982936925856,1.7464953259461757,0.016082470439296635,0.026315604960214515,4.871503479918179,4.853213064961453
763500,100.73958333333334,1.6381579781620186,1.6350692738445174,1.5336746998730435,1.745374459811065,0.016084463853760986,0.026312759486018012,4.8720126954766485,4.8537080023711825
764000,100.80555555555556,1.6377568687540949,1.6343930890883316,1.533465896474697,1.7454393930418073,0.016086473049647082,0.02630980895732847,4.872460581037711,4.853417540562991
764500,100.87152777777779,1.6373806968838753,1.634318814657671,1.532943613974501,1.7446657379085262,0.016088390957108997,0.02630679298163612,4.8729305045266464,4.8555717419768705
765000,100.9375,1.6370049163583251,1.6339493421699895,1.5327279338635962,1.7444529763594363,0.016090389384532316,0.026304011509904888,4.873424109229797,4.85576896820735
765500,101.00347222222223,1.6366200308726309,1.633448727198739,1.5325070554450484,1.7438425279406653,0.016092382299532585,0.02630105243530767,4.873913197436876,4.85544760214008
766000,101.06944444444444,1.6362470247964458,1.633066986292588,1.5323327687137593,1.7433243440102901,0.016094198949157545,0.026298174916286214,4.874327347213819,4.856444149197532
766500,101.13541666666667,1.635856553550023,1.6331518274401478,1.5314122810556716,1.7424834990142632,0.016096260115920007,0.026295292373965624,4.874881742023639,4.856234496268683
767000,101.20138888888889,1.635479120205242,1.632248245017073,1.5316363702323317,1.7425305237875044,0.016098123164388967,0.026292347366849426,4.8753511316883404,4.857375070084238
767500,101.26736111111111,1.6351083207580521,1.6320062439891634,1.5311183734574438,1.7420284964190167,0.016100078319460247,0.026289568520259824,4.875768421626918,4.858446349555392
768000,101.33333333333334,1.6347199261370442,1.6316128629071331,1.5310274516508646,1.7417832527850754,0.01610209813138605,0.0262866487292573,4.876340134703734,4.857953068416365
768500,101.39930555555556,1.6343431009851843,1.6313328393732736,1.530456129497358,1.7413849046889756,0.016104071904016474,0.026283770363327328,4.876875601663598,4.858583858475161
769000,101.46527777777779,1.6339650875664204,1.6308675569098556,1.5304215154053304,1.7405866819747264,0.01610592225874417,0.026280764006145495,4.877154156699352,4.85892494245382
769500,101.53125,1.6336049907871937,1.6306785503180248,1.5298069397900758,1.7401918593503403,0.016107947326372968,0.02627806143887641,4.877722765193935,4.859590821094811
770000,101.59722222222223,1.6332144630139094,1.6300994089773022,1.529360601655327,1.7403353224912022,0.016110000842193252,0.026275153771545486,4.878275098062095,4.859243340111473
770500,101.66319444444444,1.6328153406444978,1.6296493598276285,1.528708640714414,1.739848144631273,0.016111954690129177,0.026272213157064395,4.878743543507382,4.861069611678884
771000,101.72916666666667,1.6324462449472243,1.6294113196745181,1.528840915355166,1.739124682226847,0.01611394513286112,0.026269444471331903,4.879172679331947,4.860241593971526
771500,101.79513888888889,1.6320643105887611,1.6288705068305238,1.5287087319997483,1.7383982634315296,0.016115884942461967,0.026266570840226523,4.879726122847506,4.861175780225049
772000,101.86111111111111,1.6317064343107694,1.6282086752355203,1.5279733626971015,1.7388619378910763,0.016117871098645334,0.026263756487623056,4.880221552672911,4.862123869657041
772500,101.92708333333334,1.6313272632113327,1.6282546603952655,1.5275887958801497,1.7379637928954645,0.01611984656376646,0.026260893375295642,4.880642673205239,4.861801145835364
773000,101.99305555555556,1.6309195086394168,1.6277555641065358,1.5274354470334335,1.7373131695245787,0.016121890337027014,0.026257961059909875,4.881125510520398,4.861934090803445
773500,102.05902777777779,1.6305446022707302,1.6273797496479352,1.5272095081148955,1.7373257225214713,0.01612390715461111,0.026255153822124778,4.881655668407565,4.862858486125309
774000,102.125,1.6301551935442988,1.6270764560551219,1.5268652388836905,1.736260628029647,0.016125934227218426,0.026252183839726752,4.8821275822733305,4.863864120752086
774500,102.19097222222223,1.6297766246933947,1.62677227696184,1.5265251911850597,1.7361990434910108,0.016127961356647947,0.02624936380576975,4.882617583996704,4.864337584455057
775000,102.25694444444444,1.6293915428353924,1.6263222733362093,1.5258913586913117,1.7357419130680425,0.01613003289630527,0.02624650008982245,4.883233977057696,4.864368143332529
775500,102.32291666666667,1.6290256754549717,1.6260215013924646,1.525579235820206,1.7353184455770392,0.01613191763323908,0.026243611362924548,4.883726295983224,4.864955059485142
776000,102.38888888888889,1.628639432349867,1.625523331567108,1.5255857488679991,1.7346698789076962,0.016133914122509935,0.026240916820121755,4.884086945759656,4.8654754437005705
776500,102.45486111111111,1.6282804760626817,1.6251709880044887,1.5252599060141496,1.7346748936900354,0.016135725368132754,0.026238114183856267,4.884542828563639,4.865785108982536
777000,102.52083333333334,1.6279088224617038,1.6247069692836984,1.5247774027440304,1.7341653838615905,0.016137791592055237,0.026235327171080895,4.885138732524861,4.866207544934726
777500,102.58680555555556,1.6275316917780034,1.624213610733595,1.524411724912016,1.7340185195176367,0.01613973482701077,0.0262324303820146,4.885618811158778,4.866399580085472
778000,102.65277777777779,1.6271636235109528,1.6239935911758059,1.523948116023666,1.7334840586006348,0.01614167531896876,0.02622961009106006,4.886100119346925,4.866791603897523
778500,102.71875,1.6267936328209232,1.6234251514749403,1.5237059595879756,1.7332367570185634,0.016143577059870854,0.02622684129712686,4.886461792436573,4.867378998506291
779000,102.78472222222223,1.6264259523803695,1.6233642548757308,1.52341698164192,1.7324010954300857,0.016145469724792715,0.026223977089231028,4.886927204764359,4.86772727278977
779500,102.85069444444444,1.6260711267774637,1.6229208590894515,1.523102685117924,1.732427741315297,0.016147379462266662,0.026221258784512542,4.887392035068732,4.86885948234503
780000,102.91666666666667,1.625712212766173,1.6223584284710886,1.5230847894745811,1.732093877120774,0.01614919683339663,0.02621846483399978,4.887818008905291,4.869290130053789
780500,102.98263888888889,1.625350035160973,1.6222983946473857,1.5221838502874299,1.7314874709334322,0.016151198764009934,0.026215781018255672,4.888375530864193,4.86945408383702
781000,103.04861111111111,1.624980890039554,1.6217801856051794,1.5219801541115852,1.731296413291243,0.016153022779957525,0.02621289366205864,4.888815578004679,4.869902142817276
781500,103.11458333333334,1.6246196924664535,1.621505321034689,1.521585624445338,1.7305483634539944,0.016154916460181093,0.02621017399232086,4.88925653963915,4.870771182838243
782000,103.18055555555556,1.6242632633976233,1.6211571865317422,1.5213698870488925,1.7302989968850473,0.016156886312452077,0.02620753182137029,4.889801388069285,4.870454752541076
782500,103.24652777777779,1.6239140331387332,1.6208507292968592,1.520792766065672,1.7299321824401412,0.016158632688529278,0.026204795330012038,4.890239065068594,4.871951367441279
783000,103.3125,1.6235613415496284,1.62029716071936,1.520804261959185,1.7294037834496865,0.016160458548609424,0.026202035803904542,4.8907170040869365,4.871935981438616
783500,103.37847222222223,1.6232017339211071,1.619991253716314,1.5208077561086022,1.7288730824218064,0.0161622205938555,0.026199402379920963,4.891095220677054,4.87197174266386
784000,103.44444444444444,1.6228525340792592,1.6196546726126635,1.5202397210908591,1.7288553023727895,0.01616404488684718,0.02619681194638722,4.891567711141574,4.873199382301893
784500,103.51041666666667,1.6225085435652487,1.619284037584395,1.5197608547086907,1.7281793847305038,0.016165785584730762,0.026194164813363993,4.891863485593877,4.8727963444966775
785000,103.57638888888889,1.6222002161266373,1.6190820243171191,1.5194372806036078,1.727994202714946,0.016167489406350658,0.026191577186296864,4.892334920506827,4.874578546794632
785500,103.64236111111111,1.6218455726710996,1.61883100641178,1.5192510410740567,1.7272608208450493,0.016169237158653506,0.026188890417134587,4.892763074717398,4.8741271507505175
786000,103.70833333333334,1.6215240633335826,1.6183339575896976,1.5189480267155087,1.7271917363728675,0.016170960438605515,0.026186362705382327,4.893140321881622,4.875175710897629
786500,103.77430555555556,1.6211742570249617,1.617906219938173,1.5186300386966858,1.7266861058538217,0.016172704181925075,0.026183704790599758,4.893576700240108,4.8743625734221805
787000,103.84027777777779,1.6208358682129098,1.617924323692032,1.5182028506360552,1.7263896798851195,0.01617440550400866,0.026181091923939498,4.893956556709592,4.8759256143924095
787500,103.90625,1.6204993494108464,1.617474563569711,1.5183425598580564,1.7258078572986728,0.016176104735181378,0.02617851749962124,4.8943856356710915,4.875702445207619
788000,103.97222222222223,1.620176046847073,1.616860994106526,1.5177642441503165,1.725674557428333,0.016177785082592655,0.026175927729233064,4.894793067231686,4.8754132623070205
788500,104.03819444444444,1.619868509712386,1.6167753774597666,1.517370024818753,1.725340915490543,0.016179366785491894,0.026173370812305554,4.895193525998194,4.876514890338605
789000,104.10416666666667,1.6195341057355421,1.6165037032109724,1.5171546382837158,1.7250027673152581,0.01618106220031036,0.026170906002065196,4.89552971745388,4.876646169434082
789500,104.17013888888889,1.6192264599478012,1.6160886454164212,1.5171576507463573,1.7245812837637136,0.01618262901825812,0.026168384601797448,4.8958891340806,4.876910638418047
790000,104.23611111111111,1.6189161855256995,1.615770291030902,1.5165853031285523,1.7245218505756892,0.016184124855958597,0.026165788513598007,4.896232251599668,4.877022896861697
790500,104.30208333333333,1.618613844850358,1.6155112206171411,1.516314876626232,1.7239369532274444,0.01618572937770211,0.026163478486508594,4.896613460576002,4.877884386339003
791000,104.36805555555556,1.6183079950413048,1.6152300831747515,1.5159882460487248,1.7235346725720246,0.01618731084570302,0.026161043841401478,4.896990676710646,4.877425536036114
791500,104.43402777777779,1.61798043226164,1.6147671712563425,1.5156564145670468,1.723028651791175,0.016188872242035596,0.026158463765604236,4.897300291058542,4.879443826771844
792000,104.5,1.617676336099105,1.6146106216462768,1.5159355701020638,1.722436075063639,0.016190418159178786,0.026156086876178403,4.897661921585362,4.878513603618432
792500,104.56597222222223,1.617370828331795,1.6144397809441822,1.5148966991154458,1.7227388181971528,0.01619198682890022,0.02615358161663238,4.897993102226112,4.879649078740261
793000,104.63194444444444,1.6170579781433299,1.6138781089386467,1.5148064910129784,1.7222667947782222,0.016193654064465803,0.02615109714637697,4.898432400233545,4.8796361193254345
793500,104.69791666666667,1.616747878651945,1.6134719159789728,1.5149032152113184,1.7217671504078105,0.016195094732790634,0.026148695160642776,4.8987028630269736,4.879084691835468
794000,104.76388888888889,1.61643733825539,1.6131572992511962,1.5146908949842093,1.7215200417851384,0.016196631660108735,0.026146265365048552,4.899068735057831,4.879499552125633
794500,104.82986111111111,1.6161343420530134,1.6131531662394476,1.5142553026691958,1.7209558734758292,0.01619832608748733,0.026143881587509465,4.899497803330572,4.8810338128931825
795000,104.89583333333333,1.6158199445604022,1.6127345801108817,1.5139686940931094,1.720793953903726,0.016199796163657465,0.026141357471139593,4.899811222188019,4.879691104141502
795500,104.96180555555556,1.615538002234597,1.6124027570860089,1.5135724923274634,1.7207236676329727,0.01620136183181883,0.026138973773571456,4.900163469168516,4.880487878380199
796000,105.02777777777779,1.6152192017690115,1.6122255550849882,1.5131051331580214,1.720131474676565,0.01620287013221422,0.02613653044266909,4.900543448682956,4.881946810402434
796500,105.09375,1.6149197010500036,1.6117103658595044,1.5132406147525566,1.7201130057167724,0.01620445263329608,0.026134197498980324,4.9008885095535994,4.880700460794138
797000,105.15972222222223,1.6146081749304764,1.6114249119834247,1.5130857158085707,1.7191154843995373,0.016206015386983273,0.026131729889646772,4.901275163384284,4.881503484679161
797500,105.22569444444446,1.6143000070140332,1.6111466982241747,1.5124449698608458,1.7196753756935481,0.01620753388490525,0.026129211823808757,4.901530544565471,4.881973013849697
798000,105.29166666666669,1.613996649269284,1.6108140312435464,1.5121627165960212,1.7190991035092624,0.01620916838498619,0.02612684266951941,4.901931232384134,4.883083997475752
798500,105.35763888888889,1.6136915323039118,1.6105759787673288,1.511799976808891,1.7187365226155853,0.016210672362906808,0.0261244009585714,4.902292427813328,4.8836017434884305
799000,105.4236111111111,1.6134034572956648,1.6101933036596083,1.5114347868799927,1.7181998628390283,0.016212244924723528,0.026122004715973795,4.902612467543708,4.882633693492445
799500,105.48958333333333,1.6131128804118195,1.6099025118910795,1.5108641623947099,1.7182940002990885,0.016213687355955297,0.026119601702591026,4.902942190922219,4.883503906717804
800000,105.55555555555556,1.6127939468714367,1.6095805820199045,1.5108511073305015,1.7178808981220088,0.01621522148552025,0.026117230120952684,4.903266846205812,4.883760359516834
800500,105.62152777777779,1.6124929551440752,1.6094230891687529,1.5105950762565348,1.7169770544490959,0.01621666920126555,0.026114768091247298,4.903636608794153,4.884439612189157
801000,105.6875,1.6122102077435472,1.6090244218834286,1.5104538778141805,1.717035166317022,0.016218257686116008,0.026112405966234903,4.903847896845559,4.885289903638603
801500,105.75347222222223,1.611889108255469,1.6087656541843423,1.5104311709075782,1.7162999187513934,0.01621970033929014,0.026110082874864545,4.904259597502937,4.884250918530064
802000,105.81944444444446,1.6116224057285506,1.6084214819240084,1.5099041080274538,1.7166584835271177,0.01622113462170873,0.026107652729784443,4.904557067239414,4.885059010580994
802500,105.88541666666669,1.6113121586735113,1.6082602527552723,1.5096085569052438,1.7160068421960388,0.016222706466465557,0.026105319994313005,4.9049065125228175,4.885547138780902
803000,105.95138888888889,1.6110108564118946,1.607907415938123,1.5098613018200027,1.7153831464845704,0.016224192130078856,0.026102906203947247,4.905234642801411,4.88588516535029
803500,106.0173611111111,1.610713205194764,1.6075342349473487,1.5093345794189215,1.7148408810189726,0.016225771905545628,0.02610069903177059,4.905545601096576,4.886525190965138
804000,106.08333333333333,1.6104266059859769,1.6072834081684184,1.5089147967396992,1.7150517680643258,0.01622723892511387,0.026098361056274187,4.905793479954533,4.886875784451677
804500,106.14930555555556,1.6101391233348834,1.6069799224927153,1.5088091183784662,1.7145863659849292,0.016228644780589028,0.0260960350607063,4.906141964031613,4.886816606396854
805000,106.21527777777779,1.6098611571985755,1.6067733277140408,1.508349000078502,1.714447373128007,0.016230067749743563,0.026093643796495338,4.90650661858679,4.887156589769695
805500,106.28125,1.6095672643950356,1.6064583966690829,1.5084757227825882,1.7139367217790231,0.016231518468140815,0.0260914564600946,4.906743143865691,4.88715391179533
806000,106.34722222222223,1.6092817713860816,1.6062034686375941,1.5080509260726387,1.7134739332164157,0.016232942376680822,0.026089109143500665,4.906979372491965,4.888302906144168
806500,106.41319444444446,1.6090146112707537,1.6059397648745801,1.507578448515317,1.7132634662237898,0.016234365272523005,0.02608677255296439,4.907284880985786,4.888257101878902
807000,106.47916666666669,1.6087235279883365,1.6054953389816853,1.5075492081341477,1.7131164506157504,0.016235741560745285,0.02608460878314421,4.907654429021613,4.887527919617446
807500,106.54513888888889,1.6084314799999058,1.605231935983904,1.507455705714399,1.7127399163607686,0.016237247113580947,0.02608226466621257,4.907985744227467,4.887916032134621
808000,106.6111111111111,1.6081630613293354,1.6049860169863766,1.5069733064526574,1.7124194404329254,0.016238588974423564,0.026080002926588783,4.9082127988233175,4.8889167835919185
808500,106.67708333333333,1.6078962373352257,1.604733070283537,1.506618047474222,1.7124927556338596,0.016240056837627182,0.026077693208255554,4.908552592399825,4.889228573823191
809000,106.74305555555556,1.607595500492808,1.6042520717231463,1.5067470994605094,1.7118223777628827,0.01624149188919382,0.026075440156847648,4.908800256684332,4.889315171571573
809500,106.80902777777779,1.6073107348587694,1.6040230052462614,1.5065752283456315,1.7113296935432731,0.016242889899823632,0.026073154549666508,4.909092970085699,4.889247261925397
810000,106.875,1.607020447209295,1.6038117340673952,1.5059558710188763,1.7113397530132244,0.016244354703889238,0.026070915850114312,4.909545286937296,4.889611696576689
810500,106.94097222222223,1.6067397179615037,1.603667113104392,1.5058452458314011,1.7110301497490243,0.016245701448647558,0.026068668734075918,4.90975844522063,4.889883813292511
811000,107.00694444444446,1.6064478833821454,1.603185303309668,1.5054723072992005,1.7106915506881217,0.016247218909332214,0.026066310148773836,4.910019405117099,4.889871703987213
811500,107.07291666666669,1.6061965543372205,1.6031469839526515,1.505239240150536,1.710174182630594,0.016248597737197217,0.02606415221634759,4.910375434086781,4.890588298110373
812000,107.13888888888889,1.6058911038391066,1.6028300213655382,1.5045485199482964,1.7101034403162236,0.016250150211945615,0.02606188874078767,4.910675388129754,4.8913434418689565
812500,107.2048611111111,1.6056051141175303,1.602521513460695,1.504522560283624,1.7094172691643053,0.016251661970514763,0.026059572614879914,4.910929929627818,4.891243065432539
813000,107.27083333333333,1.605305520312319,1.6022304234967955,1.5043291788807238,1.7093799973652695,0.016253171513252108,0.0260572007528518,4.911340543710425,4.891741705895946
813500,107.33680555555556,1.6050187984524313,1.6017182612316143,1.5041013098827904,1.7092356396751462,0.016254729569683844,0.026054912915269752,4.911596588509981,4.891659828044961
814000,107.40277777777779,1.6047036600987177,1.6016352746287035,1.504049792719746,1.7086752892053587,0.016256309571782965,0.026052536554990575,4.9119433423215195,4.892849745407271
814500,107.46875,1.6043913159914664,1.601221915004341,1.5035400392526859,1.708419157413848,0.016258037465114845,0.026050154932826027,4.912308086587801,4.892651386704532
815000,107.53472222222223,1.6040846091908525,1.6008560444676623,1.5035763861772602,1.7076986797880696,0.016259627856465255,0.026047707970226992,4.912711458510576,4.893362905937082
815500,107.60069444444446,1.6037602896953413,1.6007116186590609,1.5031602417379566,1.7074825420351725,0.016261361470622446,0.026045339530064278,4.913012131147887,4.893230213756238
816000,107.66666666666669,1.6034545958300328,1.6004687272698463,1.5025435198885955,1.7070453161479529,0.016263003656156485,0.026042908631833776,4.913438357665231,4.893901254369999
816500,107.73263888888889,1.6031540790018195,1.6000376929118267,1.5024110067491905,1.706993489279057,0.016264608257898987,0.02604058656457552,4.913787948103326,4.894714892178962
817000,107.7986111111111,1.6028565827529222,1.5997463408169375,1.5021319926999555,1.7064175392265413,0.01626621427322243,0.026038253925525976,4.91416873935923,4.893177471103303
817500,107.86458333333333,1.6025175468955943,1.5993535464491764,1.5019275963135152,1.7061028748376321,0.016267945242185625,0.026035784980227794,4.914544546213058,4.894717477449685
818000,107.93055555555556,1.6022149660940828,1.5990914363661595,1.5016627611860844,1.7060928699520224,0.01626956106541749,0.026033398852394214,4.914971937099859,4.894955085870179
818500,107.99652777777779,1.6019093479690822,1.598742944223143,1.5012946151465858,1.705729692114716,0.016271305360349642,0.02603109929499127,4.915263950098608,4.896346223634744
819000,108.0625,1.6015953380112073,1.5985428142045748,1.5007956333214962,1.7052239466819572,0.016272888208983042,0.026028658192989815,4.915637062232957,4.8959455558624185
819500,108.12847222222223,1.6012839327357287,1.597971297615064,1.5008506987466022,1.7048447752052303,0.016274650099535583,0.026026508300463474,4.916036124619226,4.896252056324752
820000,108.19444444444446,1.600995355753757,1.5979225620297837,1.500434624619739,1.7043082363651072,0.016276247140893332,0.02602405740621252,4.9163030720019725,4.896747779421499
820500,108.26041666666669,1.6006792771975422,1.597587053810472,1.5003634699432489,1.704150629034004,0.01627786853511775,0.02602166547585461,4.916749247559891,4.8960170645572125
821000,108.32638888888889,1.6003440520047132,1.597219517624147,1.5003015798186174,1.703703933126806,0.016279617672632682,0.026019247405605468,4.9170619931926005,4.897064908537495
821500,108.3923611111111,1.6000403514552535,1.596914435735096,1.499482479064907,1.7033123564173578,0.0162813469013897,0.02601691990446307,4.917532699215815,4.897355392569053
822000,108.45833333333333,1.5997054497915786,1.5965085024842207,1.499677409503372,1.7027647188678015,0.01628307227041661,0.026014374109406525,4.917916798523657,4.898266124846984
822500,108.52430555555556,1.5993856430040663,1.596385422847756,1.4995648929855823,1.7027464982477447,0.01628483330439514,0.02601201024539184,4.918337422158844,4.897917056924243
823000,108.59027777777779,1.5990497266948032,1.5959392074699257,1.4988567291054151,1.7023076948428082,0.016286682740665404,0.026009591956940494,4.918730297968244,4.899436703337413
823500,108.65625,1.5987349156878499,1.59571601563816,1.4985909212398951,1.701836508958789,0.016288481591505668,0.026007192796420168,4.919081564418769,4.898833495663418
824000,108.72222222222223,1.5984139672766462,1.5953197825506433,1.4982359907971436,1.701904969002552,0.016290275653947903,0.02600474276504891,4.9195210898963655,4.899947552322232
824500,108.78819444444446,1.5980938254695936,1.5951085158272535,1.4977417369514994,1.701227579345808,0.01629203146970973,0.026002405025300084,4.91995417784543,4.9005849362506275
825000,108.85416666666669,1.59777421444464,1.594552492083762,1.4975120323506297,1.701196010957975,0.01629382033544909,0.02599995491879613,4.920374390797403,4.900934425058675
825500,108.92013888888889,1.5974264347254552,1.594136354801091,1.4975107364026408,1.7009767324162617,0.016295658841447312,0.025997495849176124,4.920865033437091,4.901361603852285
826000,108.9861111111111,1.5971045128500043,1.5939328794967296,1.497010066977655,1.700519900738461,0.016297504453180192,0.025995133054466574,4.921216964591135,4.900542055923108
826500,109.05208333333333,1.596765222197994,1.5936359944084288,1.4966911967335417,1.699799276473027,0.016299273203672002,0.02599261728634374,4.921663995589757,4.901496945688244
827000,109.11805555555556,1.596472149373499,1.5935199183178588,1.4962758025018983,1.6997191362291448,0.01630107248197457,0.02599030621497517,4.922080239093037,4.902655117183658
827500,109.18402777777779,1.5961381319388894,1.5931414014563487,1.496122520203079,1.6991832271106408,0.01630287207278629,0.02598801833519998,4.9224838574605245,4.9032284588357165
828000,109.25,1.5958094784146444,1.5927324148839455,1.4958273556096948,1.6986340678434422,0.016304708745753967,0.025985504126687528,4.922948347018429,4.903303518005062
828500,109.31597222222223,1.5954582161151825,1.592359195115202,1.4957254978861707,1.6982372469953222,0.016306605332682404,0.0259830507822764,4.923390356783073,4.903582401179998
829000,109.38194444444446,1.5951568378876566,1.592187683081481,1.494936562930762,1.6979428161829682,0.016308406168748898,0.02598079500246943,4.923801890960681,4.904028839823843
829500,109.44791666666669,1.5948186191936715,1.5915735697018873,1.4949059201049661,1.6982594732582426,0.01631023212122222,0.025978300092359845,4.92417366307353,4.904894523489794
830000,109.51388888888889,1.5944847877269022,1.5911276542185548,1.4949370944764038,1.697355909896901,0.016312127703568872,0.02597592800772741,4.924617208054354,4.905002735331207
830500,109.5798611111111,1.594150905030722,1.590972142263055,1.4944367540637509,1.696736156468672,0.016313955025075776,0.02597347904609225,4.9251052062088965,4.905585600901826
831000,109.64583333333333,1.5938239177697844,1.590647132286953,1.494060707701916,1.6964698411101398,0.016315834650144852,0.02597108222768056,4.925582495260303,4.905886700719895
831500,109.71180555555556,1.5934941078569052,1.590260042304947,1.4937577429032554,1.696453288162208,0.016317739137949126,0.025968702612388473,4.926012567748495,4.907002193462363
832000,109.77777777777779,1.5931620275007694,1.5900872139513378,1.4933285645781855,1.6961175821618788,0.016319600529731942,0.025966221816414132,4.926484433249141,4.906993881035808
832500,109.84375,1.5928491608730428,1.5895073963294077,1.4930463719434506,1.6959182269499637,0.016321416186540583,0.02596382054411966,4.92695955787621,4.907472321412174
833000,109.90972222222223,1.5924792389635198,1.5892448319747459,1.4935324930931633,1.6946571178545131,0.016323354701465606,0.02596141423140497,4.927347002701782,4.908925873309397
833500,109.97569444444446,1.5921469010497618,1.589123683912839,1.4927575674120108,1.6947125290750549,0.016325290653010555,0.025959055522526787,4.927807156773482,4.908129245403352
834000,110.04166666666669,1.5918226935439543,1.5886692787799963,1.492253662884441,1.6944083240600387,0.01632726349623587,0.025956723836961706,4.9282656244932594,4.908901846926938
834500,110.10763888888889,1.59150353781902,1.5882368606841126,1.4921132987076153,1.6941653896359596,0.016329067351752508,0.025954365102525846,4.928694675121447,4.9099242377262975
835000,110.1736111111111,1.591147940826513,1.5879891809502085,1.4917500280743847,1.693444968914589,0.01633101418723974,0.025951933366438692,4.929218220528885,4.909238532488931
835500,110.23958333333333,1.5908318442337595,1.5877751048747764,1.4911959536324444,1.6931460111621817,0.016332873311489204,0.025949557431044913,4.929718347871999,4.909561164503012
836000,110.30555555555556,1.5904995415717886,1.5873563116619112,1.4909700369540329,1.692877122475244,0.01633481726682419,0.025947141792155404,4.930119267858878,4.9107920106652925
836500,110.37152777777779,1.590156901401006,1.5870433430443256,1.4905114109319113,1.6931435049256107,0.01633681284235512,0.02594469440513182,4.930590173016715,4.910694913584461
837000,110.4375,1.5898182171964859,1.5866768470702222,1.4907621940985298,1.6922136361785032,0.01633874824942699,0.02594240585079111,4.9311759793526635,4.910337351199455
837500,110.50347222222223,1.5894722596682456,1.5862692087184533,1.490465224281563,1.6918079448873713,0.016340723823165003,0.02593990490272515,4.931591756247419,4.9124384745820535
838000,110.56944444444446,1.5891390549227271,1.586016354715863,1.489615553996268,1.691919858113832,0.016342730389911856,0.02593754257075211,4.932038848144425,4.913737358381326
838500,110.63541666666669,1.5887906202181226,1.5855602388809817,1.489875649734219,1.690883417568468,0.01634467049672421,0.0259351105442305,4.932518847211258,4.913799261059895
839000,110.70138888888889,1.588466030704681,1.5852836881877574,1.489022149806258,1.6911623378457636,0.01634668137615803,0.02593269476993433,4.93301115709693,4.912845019265523
839500,110.7673611111111,1.5881262327024266,1.5849624381937446,1.4890467745039104,1.6905383824586921,0.01634857093680103,0.025930322480674336,4.93359313837959,4.913055316124444
840000,110.83333333333333,1.5877878858606138,1.5846451601032603,1.4886570928513727,1.6898049676242062,0.016350518607181206,0.025927951272034074,4.934085702365201,4.914141584318405
840500,110.89930555555556,1.5874507920856675,1.5842647879617522,1.4885782499812763,1.6895648319070484,0.016352480440348916,0.025925559298068272,4.934572017290513,4.914991610982341
841000,110.96527777777779,1.587104639262484,1.5839774080917666,1.4880783790582286,1.6892759111384392,0.016354480958817467,0.025923063483123985,4.935012553873372,4.916609884674818
841500,111.03125,1.5867936850856936,1.5835579978665395,1.487660040262477,1.6890675575019145,0.016356364117569213,0.025920868909297123,4.935616515657629,4.915862101766395
842000,111.09722222222223,1.5864621073940917,1.5832871485955953,1.4872662827689451,1.68887505075313,0.016358269449583934,0.02591842347487528,4.936072591773243,4.916228493384265
842500,111.16319444444446,1.5861284444045103,1.5829385032056416,1.4871555840152844,1.6882579902485342,0.016360257699013902,0.025916166733897406,4.936581433501734,4.916655477841255
843000,111.22916666666669,1.585779498758227,1.5827201071693153,1.4868469772074908,1.6880186187492046,0.016362139260110636,0.02591370469740168,4.937073933527096,4.917663963922978
843500,111.29513888888889,1.585459734213448,1.5821449310008213,1.4867926097191093,1.6874188428990362,0.016364132600230497,0.02591141949131678,4.937571419978275,4.918193054551992
844000,111.3611111111111,1.5851223459171493,1.5821173736563994,1.486378893274945,1.6867158468387804,0.016366096812456477,0.025909141151126105,4.9380445274311855,4.918536338929464
844500,111.42708333333333,1.5847829569846996,1.5815610738419719,1.485860661000609,1.686669246423425,0.016368012257550628,0.025906643250398206,4.9386004121500875,4.918499893273129
845000,111.49305555555556,1.58442951753371,1.5813749333765013,1.4856139232779388,1.6860692607510195,0.01636996320861135,0.025904254986615548,4.9390700577792055,4.918783723370583
845500,111.55902777777779,1.584110572968002,1.5811964839121906,1.4855318108316942,1.6857649654608282,0.016371889941871453,0.025901970107872638,4.939558389917154,4.920559099978265
846000,111.625,1.583787450107774,1.580617806358298,1.4849863992199102,1.6858236084162646,0.016373849532028504,0.025899613203460875,4.940122008655326,4.920731212235653
846500,111.69097222222223,1.5834575513973816,1.5803356871123477,1.4848833858343315,1.6851928559138019,0.01637579281893181,0.025897283999979374,4.940618201484923,4.921734221140001
847000,111.75694444444446,1.5831217680073457,1.580094344781335,1.4844541474694584,1.6848029695048652,0.016377775899556187,0.025894938265116463,4.9411042406001,4.922459073154799
847500,111.82291666666669,1.582789041866208,1.5796178151146822,1.4837443975153266,1.6849784877713239,0.01637974705515575,0.025892553746797154,4.9416079746115384,4.922411586300793
848000,111.88888888888889,1.5824389783414785,1.579406479881254,1.4838492057688586,1.68393274409139,0.01638177339991014,0.025890145514408217,4.942200348378837,4.922182917476747
848500,111.9548611111111,1.5821056707537258,1.5789559851466968,1.4836988003309401,1.6838081088134027,0.016383804441242492,0.025887839419705645,4.942625429092704,4.923027731561612
849000,112.02083333333333,1.5817672983838198,1.5788113850625574,1.4828046214855768,1.6833644587875038,0.016385781505690304,0.025885522299094518,4.943164852046587,4.923797064279771
849500,112.08680555555556,1.581439828542281,1.5784147254441778,1.4827341769991769,1.682982812897741,0.01638770942864377,0.02588315881364697,4.943647452549179,4.924326054778018
850000,112.15277777777779,1.5811130116280228,1.577996067769271,1.4824274949150023,1.6829571750641805,0.016389676506149503,0.02588098453960635,4.944164765300556,4.924781250947424
850500,112.21875,1.5807863590809699,1.5774818920480471,1.4821538466095365,1.6826874524588011,0.016391598878017503,0.02587857301143811,4.944708368397186,4.9246999494382475
851000,112.28472222222223,1.5804423988678484,1.5772855743123981,1.4821892091332924,1.6818433593339408,0.016393557969735746,0.025876178286900153,4.945245900361613,4.9259203880418685
851500,112.35069444444446,1.5800974625609634,1.5768885682825329,1.481718779355881,1.6815577445528895,0.016395612818183292,0.02587388779609678,4.94571977514114,4.926671766774336
852000,112.41666666666669,1.5797797959208209,1.5767202470433581,1.4814352455977375,1.6813907418403882,0.016397593097354415,0.02587169872778597,4.946273947233038,4.926916889033628
852500,112.48263888888889,1.5794548710111902,1.576301158041002,1.4810418009480295,1.681009983271149,0.016399469701254877,0.02586934024278126,4.946708262137359,4.926758192136621
853000,112.5486111111111,1.5791149293189506,1.5758932404093127,1.4811135419503838,1.6802251112036457,0.0164014864600485,0.025867101445829464,4.9472716014173,4.927440355043985
853500,112.61458333333333,1.578823981568036,1.5757865809364784,1.480580999626281,1.6802421304356794,0.016403298112466425,0.02586484751622414,4.947783592325579,4.928497201982964
854000,112.68055555555556,1.5784700912327532,1.5753377421217079,1.4804786317600918,1.6797133063198997,0.016405224228416324,0.025862585993317363,4.948277293854301,4.9289410625834575
854500,112.74652777777779,1.5781719730262804,1.5749503600008175,1.4800107752987894,1.6797729294620098,0.0164071733492593,0.025860282387623664,4.948866786495053,4.92960129777398
855000,112.8125,1.5778359966577427,1.574729820251393,1.4796720645201773,1.678792530896927,0.016409126865885377,0.025858065674938823,4.949322634394121,4.92973501325209
855500,112.87847222222223,1.5774977276983175,1.574429213205352,1.4795256757292363,1.678520038606271,0.016411063311902594,0.025855765106270426,4.949866839007485,4.9311392311586495
856000,112.94444444444446,1.5771831970433756,1.5741283586322383,1.4789453340212613,1.6782036665950713,0.01641301796746135,0.025853474153038226,4.950306246461651,4.931546598005973
856500,113.01041666666669,1.5768379242236636,1.5737866030714607,1.4787069757874896,1.6777786437761093,0.016414861986415147,0.02585122369936265,4.950964059457852,4.9314982795384115
857000,113.07638888888889,1.5765512505926735,1.573245879853622,1.4785721097407967,1.6779141218083118,0.01641676433240212,0.025849009677215685,4.951418850435533,4.932028798396032
857500,113.1423611111111,1.5762244515955088,1.572969645167715,1.4782415496006815,1.6772555302211822,0.016418625776935446,0.02584670780116358,4.951940630383568,4.932000460877408
858000,113.20833333333333,1.5759076541794745,1.5727612611071478,1.4775775892976495,1.6770814460651011,0.016420600786381707,0.025844510374104464,4.952434966077894,4.932151774934389
858500,113.27430555555556,1.5755830101817618,1.5724446144976232,1.4773223731196912,1.6765100074999175,0.01642252203505928,0.025842303063574136,4.952962263940861,4.933983273508586
859000,113.34027777777779,1.5752694271153027,1.5721029434514606,1.4772068860354786,1.6762155388639766,0.016424386959744585,0.02584015904060116,4.953410326407524,4.93415252939247
859500,113.40625,1.5749615254683906,1.5717626684867945,1.477131914989409,1.6759128622547967,0.016426175286560266,0.025837927972964084,4.953995294531491,4.9345470357928924
860000,113.47222222222223,1.5746420585941803,1.5714507473648318,1.476882498803054,1.6757810514274611,0.016428062685232402,0.025835764012394624,4.954406521543294,4.934322733822161
860500,113.53819444444446,1.5743434064200623,1.5711465616271811,1.4764603849572615,1.6752067382314348,0.016429857376352032,0.02583361448678727,4.954978005229418,4.935432740879359
861000,113.60416666666669,1.574038924536132,1.570903506674508,1.4759560151894786,1.6750490042125095,0.016431578921381824,0.025831476895049284,4.955387926301658,4.935334901620127
861500,113.67013888888889,1.5737366860073208,1.5705517824858286,1.4759456154325132,1.674575967664543,0.01643343530481066,0.025829297880054353,4.955992788389153,4.935847192855054
862000,113.7361111111111,1.5734085944894014,1.5701557156498167,1.475872599770503,1.674037778076256,0.016435273788017093,0.02582714075833571,4.956481775940927,4.9371241111410775
862500,113.80208333333333,1.5731360930550382,1.5701407434835626,1.4752657258462096,1.673764246475239,0.01643705750506983,0.025825139283346777,4.9569483275529915,4.937292288851051
863000,113.86805555555556,1.5728442898545902,1.5696315405037449,1.4749597397042993,1.6738089570954453,0.016438714192530644,0.02582294594270407,4.957336806065306,4.938150147611935
863500,113.93402777777779,1.5725521135105014,1.5693443268768967,1.4745910500612214,1.673154574645885,0.016440485412404823,0.025820947273349604,4.957858364198074,4.937545516532707
864000,114.0,1.5722538330896032,1.5691846329063708,1.4747734371575314,1.6726044408614116,0.016442098274478484,0.025818829099353346,4.958254620028242,4.938531178963077
864500,114.06597222222223,1.571965563011502,1.568838364616116,1.4744269161178836,1.6723351806027327,0.016443785516260866,0.02581681196865381,4.958722049963744,4.939448426959261
865000,114.13194444444446,1.5717087223320165,1.5686991285787717,1.4739460531899273,1.6724307973910675,0.016445387906712114,0.025814811293993087,4.959256218631176,4.939932689827263
865500,114.19791666666669,1.571419415377937,1.5683356364252985,1.4736804329496986,1.672301151066325,0.016447120987466802,0.025812816762425972,4.959696495441655,4.939476771590883
866000,114.26388888888889,1.5711249803778349,1.568083366683085,1.4740114555974226,1.6714077874167677,0.01644875012829879,0.025810794976655706,4.960058517141622,4.940250774336192
866500,114.3298611111111,1.5708552251568932,1.5676746650043996,1.4730169197923582,1.6716073713497437,0.016450342129448,0.025808763373613774,4.96047465689544,4.940420075224972
867000,114.39583333333333,1.5705761762239112,1.5673271004931857,1.473003690890764,1.6711189242206692,0.01645202469718363,0.025806802696619016,4.961001774829846,4.940890409186814
867500,114.46180555555556,1.5703001392557767,1.567008139118615,1.4731744711834407,1.6705488104397301,0.016453555170150135,0.025804873011817487,4.961436205722835,4.941216925995722
868000,114.52777777777779,1.5700353751012213,1.5666569666174932,1.4728878800787144,1.67053764123676,0.016455091214694587,0.025802905702282646,4.961790648821602,4.941314746288819
868500,114.59375,1.5697602113379503,1.5667638334507008,1.4724335383208027,1.6699289001982531,0.016456655152209232,0.025800913057493404,4.962161932511173,4.942160252749667
869000,114.65972222222223,1.5695236810433104,1.5663073761232926,1.471985421121896,1.6704515353550695,0.01645821684708945,0.025799059543039928,4.962618406063132,4.9438098175163105
869500,114.72569444444446,1.5692421251867283,1.5662318987915964,1.4718802662821493,1.66940650696111,0.016459730542489844,0.02579709606307858,4.9630780752895545,4.9435776416711406
870000,114.79166666666669,1.5689794585212784,1.5657214253613962,1.471393296468461,1.6695560731010315,0.016461309783852126,0.025795095447261756,4.963385372702509,4.943558327024103
870500,114.85763888888889,1.5687223868996891,1.5655897606959295,1.4714014048240585,1.6692569773263617,0.01646284704721415,0.025793184165517777,4.963806011030885,4.943683555170179
871000,114.9236111111111,1.5684320446195894,1.5653480984917731,1.4712830714229541,1.6685723644349038,0.016464441707294414,0.025791171231157876,4.964241101723682,4.944629718656008
871500,114.98958333333333,1.568158260651183,1.5648545874020248,1.4710952246638276,1.668562265714484,0.016465924434009127,0.025789252832247013,4.9646470635054545,4.944651079264887
872000,115.05555555555556,1.5679016272123412,1.5648652533687413,1.4709078750725757,1.668030062414974,0.016467561926587954,0.02578729619021124,4.9650255709697735,4.945058058679503
872500,115.12152777777779,1.5676450557948884,1.564558764366562,1.4704062047998894,1.6679665646535877,0.016469110223164794,0.025785489535306887,4.965467771875487,4.945173687796284
873000,115.1875,1.5673631371607044,1.5641104228558134,1.4703370262758906,1.6679379123963796,0.01647075699743451,0.025783375718362887,4.9659372271293245,4.945352426888395
873500,115.25347222222223,1.5670898244274105,1.5637199266570516,1.4701911056770263,1.667507076332754,0.016472412527883885,0.02578150379980464,4.966340881568969,4.9457964515406045
874000,115.31944444444446,1.5668146829500362,1.5636048750948104,1.469880888387443,1.6670221557967229,0.016473945760931273,0.02577956193620079,4.966738942756493,4.947456488314825
874500,115.38541666666669,1.5665456664330208,1.5634475286672065,1.469424282181596,1.6663584352142518,0.01647563910287782,0.025777685242283303,4.967151140413328,4.946661726125387
875000,115.45138888888889,1.5662759173971903,1.5631752667756764,1.4694937850518106,1.6664483599143913,0.01647724488290731,0.025775685182660543,4.9676090400427,4.947142152857499
875500,115.5173611111111,1.5660019028634624,1.5627763556387078,1.469077036979518,1.6660542329539396,0.01647875066791597,0.025773765588895953,4.968001022882946,4.94778372391885
876000,115.58333333333333,1.5657515900393095,1.5625249313440042,1.468651930855247,1.6658545048343365,0.016480352805927287,0.025771842529264666,4.968388050056672,4.947739238011737
876500,115.64930555555556,1.5654791374397128,1.5621567278013884,1.4686673596531845,1.6653478977887075,0.016481893620521552,0.025769905102755588,4.968846429082087,4.9474971778213135
877000,115.71527777777779,1.5652108978144352,1.5621393301354405,1.4686449671027688,1.6652158032607098,0.01648349199654744,0.025768085393379707,4.969246469832411,4.94763102477752
877500,115.78125,1.5649722172269669,1.5618742080371364,1.4681058139572092,1.6650291826598997,0.016484922339676484,0.025766217112736287,4.969618833084996,4.950200293143434
878000,115.84722222222223,1.5646953914865125,1.561508740650421,1.4678508394064957,1.6644594074682166,0.01648654075671105,0.02576428614083804,4.970030681963446,4.9499851415515765
878500,115.91319444444446,1.5644204066286516,1.561348725695865,1.467754857303416,1.663977500832369,0.01648796495040991,0.025762368050469272,4.9703959505976005,4.94972077216104
879000,115.97916666666669,1.5641738915653163,1.5610945481194842,1.467218427390463,1.6640353909611165,0.016489556074832986,0.025760618869227547,4.970829367077559,4.950403093431969
879500,116.04513888888889,1.5639437633993112,1.5607866661511112,1.4675144157068039,1.663619922795814,0.01649096383841691,0.025758858025130803,4.971061138734155,4.950053465610775
880000,116.1111111111111,1.5636855094270574,1.5604671696412806,1.4669662605507234,1.663635712927587,0.016492408209939125,0.02575701029724747,4.971533293621718,4.9504992856871395
880500,116.17708333333333,1.5634356488587078,1.5600677592639456,1.4666103724388915,1.6636451508575003,0.01649390740569553,0.02575513604636889,4.971943609233088,4.95244327146961
881000,116.24305555555556,1.5631715706043527,1.5601188405587074,1.466549655544723,1.663050473825816,0.01649537819713268,0.025753301121019832,4.972140244359672,4.951852627027914
881500,116.30902777777779,1.5629348104696275,1.5598253185107773,1.4664151052399788,1.6629098202750412,0.016496905049030838,0.025751502379826992,4.972539473527565,4.951818398269758
882000,116.375,1.5626704752902145,1.5594272135445004,1.466229464434254,1.6624664114173664,0.016498294003196173,0.025749646458886374,4.972981119155829,4.95252292644925
882500,116.44097222222223,1.5624499760562076,1.5593513286230243,1.4658117855557702,1.6621172084021185,0.016499725740229038,0.02574793750115722,4.9732872742165375,4.953526509117761
883000,116.50694444444446,1.5621917299040806,1.5588615689860639,1.4656916539644829,1.6619508963207967,0.016501177745183823,0.025746154672810224,4.97357980179959,4.951779841737739
883500,116.57291666666669,1.5619502930213096,1.5588565462686623,1.4652088940943577,1.6613314732588589,0.01650254576734598,0.02574429771827868,4.973873322137708,4.952115751866433
884000,116.63888888888889,1.5617234858056834,1.5587229998114012,1.4650860414167752,1.6609199788516213,0.016503865594790338,0.025742711428771065,4.974272233712033,4.953569733043599
884500,116.7048611111111,1.561472068679298,1.5584231894001592,1.465021530082871,1.6609636299355117,0.016505415831826492,0.025740896225930475,4.974642916812582,4.954065702996305
885000,116.77083333333333,1.5612315432968098,1.5580756921820786,1.4646320177849557,1.6607207732958729,0.016506868009105728,0.025739197857509305,4.974993421911167,4.953882457547559
885500,116.83680555555556,1.5609724010525154,1.5578181872636845,1.4642670480363849,1.6604564097965047,0.016508406843745188,0.02573733605285068,4.975413029327395,4.954841190816991
886000,116.90277777777779,1.560735572024914,1.5575933453616835,1.464188667893609,1.6602837924092428,0.01650985875957371,0.025735535425462728,4.9756464890002805,4.9548182285344
886500,116.96875,1.5604883292577858,1.557394373802052,1.4637434607387236,1.6597453416060155,0.016511275608896283,0.025733705052288385,4.975990474287272,4.955426348893079
887000,117.03472222222223,1.5602311071433907,1.5571936263563133,1.4639843171923532,1.6593001409863803,0.016512701554823397,0.025731886585021506,4.97639987585051,4.956352923760884
887500,117.10069444444446,1.5599937480027206,1.5568824501356893,1.46352969965198,1.6593316372385443,0.016514147118329648,0.025730175217353463,4.976802608105042,4.955331129826845
888000,117.16666666666669,1.559752774765782,1.556421759498758,1.4634538512411672,1.6593164916015266,0.016515615355636185,0.025728473072480246,4.977164215127855,4.9561852901097385
888500,117.23263888888889,1.5595156540806538,1.5563356315632375,1.4631224919012724,1.658928918334103,0.016517007072140405,0.025726669852848646,4.977456048741721,4.956005023878013
889000,117.2986111111111,1.5592632206670232,1.5560645653956295,1.4629424965189342,1.6586103235640592,0.016518434586014732,0.025724944375473412,4.977857983729355,4.95662347584183
889500,117.36458333333333,1.5590223504113092,1.5559918069278154,1.4626509043471927,1.6579574883310093,0.016519969634286386,0.02572324610507705,4.978283938781957,4.956740776090078
890000,117.43055555555556,1.5587847479683972,1.5555916895223294,1.4626432505715494,1.6579564762794905,0.016521345857577575,0.02572156456122328,4.9785325311451185,4.957677481524453
890500,117.49652777777779,1.5585366163870829,1.55521190397379,1.4626564363114034,1.6576516215767088,0.016522675026922392,0.025719763929999275,4.9788175765762865,4.957243011742875
891000,117.5625,1.5583078122783653,1.5552035963029565,1.4622476864887712,1.6575087891537752,0.016524127452460163,0.025718040569903393,4.979263351465753,4.958746147895605
891500,117.62847222222223,1.558067947401515,1.5548701528602145,1.4619665508286084,1.657348604766954,0.016525567260155898,0.025716348138457218,4.979651777200185,4.958093694593064
892000,117.69444444444446,1.5578283170531257,1.5547169247165922,1.4615775970689726,1.6571531068436784,0.01652697746571677,0.025714514435347908,4.979901563689293,4.958537130701603
892500,117.76041666666669,1.5575849497467213,1.554394888428361,1.461480792849179,1.6566584771525998,0.016528495629217703,0.025712883625490852,4.9802208186164645,4.959885659222747
893000,117.82638888888889,1.5573496874048471,1.55439470205028,1.4611024362447482,1.6567508121483119,0.01652990053958213,0.025711136925661737,4.9805960061353876,4.959141770246782
893500,117.8923611111111,1.5570968294181688,1.5540476723936512,1.4608542312248636,1.6561889311817266,0.016531438633520915,0.025709317514538282,4.981013677180036,4.960361227485625
894000,117.95833333333333,1.55683460603702,1.553593353889366,1.4608842946924137,1.655648207089461,0.01653292068508316,0.02570760682776411,4.981319373688721,4.960075988574834
894500,118.02430555555556,1.5565861630961815,1.5534763672735177,1.4607089709329895,1.6552378417607687,0.01653438324993643,0.025705795031922968,4.981753202288776,4.961666480912532
895000,118.09027777777779,1.5563312479689766,1.5532637967253067,1.4604819294627842,1.6549742189657337,0.016536033812160546,0.025703979789038465,4.982079758391655,4.961431568739803
895500,118.15625,1.556062514016271,1.5527552853756301,1.4603827413978574,1.6550870532985453,0.01653754552136794,0.02570215503918097,4.982446381225803,4.96127881171379
896000,118.22222222222223,1.5558474123362935,1.5526644969449288,1.4598006848698417,1.6549851445791819,0.016539052885589923,0.025700533666459666,4.982829892448336,4.961899877551538
896500,118.28819444444446,1.5555872241457658,1.5524119878487208,1.4598417988304417,1.6543888155588387,0.016540521504971407,0.02569873069265324,4.983060683075456,4.961091904032981
897000,118.35416666666669,1.5553417954510327,1.552268616503182,1.4591602987890595,1.6543742357117437,0.016542078186858718,0.02569696848050264,4.983472418970851,4.962598890712476
897500,118.42013888888889,1.5550722926758742,1.5519003096783073,1.4591681195050663,1.65342644359376,0.016543585286506905,0.025695116091845403,4.983829269913745,4.963485460703325
898000,118.4861111111111,1.5548517357189555,1.5517598387722082,1.458757204465202,1.6539558504408256,0.01654504217303697,0.02569344343459418,4.984174130875836,4.963310670262858
898500,118.55208333333333,1.554603370610326,1.551487233447179,1.4584470560152547,1.653469551281861,0.01654652260623151,0.025691598819313148,4.984582168029321,4.963300416136338
899000,118.61805555555556,1.5543436454232726,1.551254257095228,1.4586714920029598,1.6531286601466961,0.01654817093729142,0.02568993924470721,4.985057261555742,4.963603610378282
899500,118.68402777777779,1.5540668022649073,1.5508689788027157,1.4581418338064722,1.6528924538808152,0.016549832679879566,0.0256881260039986,4.985397474526096,4.964101791998647
900000,118.75,1.5538051620891877,1.5507868529102362,1.4582750976593553,1.6521797845224337,0.0165513470316392,0.025686364716911346,4.98580371993283,4.964412038279981
900500,118.81597222222223,1.553564494936945,1.5505211870210402,1.4578018947472517,1.651947708941719,0.016552898499936342,0.02568466036999766,4.986167442414104,4.9650199323330035
901000,118.88194444444446,1.5533069916154252,1.5501941734989937,1.4579398783176116,1.6518637414365034,0.016554500816237477,0.025682956776197904,4.986542936794674,4.964653783701887
901500,118.94791666666669,1.5530646997361455,1.549915427976659,1.4573990402519268,1.6518499358383631,0.016556123274831084,0.02568121176095312,4.986908792892926,4.966101702952068
902000,119.01388888888889,1.552796485991394,1.5499130457540713,1.4570574618446297,1.6514688868108696,0.0165577237290117,0.025679385554572637,4.987303530546136,4.9668521013265945
902500,119.0798611111111,1.5525425283624141,1.5494709310147627,1.4568690274428564,1.6513832088607325,0.016559341152451553,0.025677723492826432,4.987771368372266,4.965630512647296
903000,119.14583333333333,1.552275785946668,1.549261640233975,1.4565393372690305,1.6508164927451658,0.016560997618523504,0.025675839792601164,4.9880955795990465,4.966790040748757
903500,119.21180555555556,1.5520213694444107,1.5488401508433853,1.4563142127322886,1.6509066751625665,0.016562635857428867,0.025674217265819997,4.988565731165096,4.9668812881295965
904000,119.27777777777779,1.5517544049109202,1.5486247555421258,1.4565136571603534,1.6500675976082348,0.016564222149052975,0.025672334215571822,4.988964039317608,4.968092040231639
904500,119.34375,1.5515020901653465,1.5482228124785704,1.4561100939667044,1.650050039755837,0.016565872855380442,0.025670629601870564,4.989362495214819,4.969511011376309
905000,119.40972222222223,1.5512454367622135,1.5480175795399576,1.4558923032168247,1.6496711420970744,0.016567416482042265,0.025668963756984766,4.989681026296087,4.968254941886299
905500,119.47569444444446,1.550967683632255,1.547847171981973,1.455973832411439,1.649017804824977,0.01656906891304619,0.025667125135006175,4.990200395123183,4.968262564750878
906000,119.54166666666669,1.5507158981812528,1.5475341819405322,1.4555959038933448,1.6491144371119968,0.01657071220679556,0.025665281334839068,4.990607349513469,4.968018091014391
906500,119.60763888888889,1.550461877888054,1.5472014766690054,1.455278904092252,1.6488465278309024,0.01657231771358894,0.025663629039888895,4.990889598885335,4.97077969577838
907000,119.6736111111111,1.5502007647493479,1.5468981955148577,1.4547883831825978,1.6484460375243581,0.016574081234223045,0.02566181544414744,4.991412415421368,4.970469356610673
907500,119.73958333333333,1.5499439620037065,1.5468004444196475,1.454719515595584,1.648091392903279,0.016575696665562193,0.025660155133910054,4.99176401819805,4.9701283538233145
908000,119.80555555555556,1.5496691781522542,1.546585622004753,1.4543852601580811,1.647790621236442,0.016577411233456935,0.02565823689338209,4.992287760528702,4.970978243819182
908500,119.87152777777779,1.5494097185168083,1.546385749762557,1.4539936402931382,1.6475877438945463,0.01657910635475904,0.025656550088749314,4.992625190579382,4.971032954561448
909000,119.9375,1.5491466904418432,1.5460672937374194,1.4536109212659862,1.647706310671347,0.01658076796237544,0.02565475280409551,4.99303791184707,4.971466910533772
909500,120.00347222222223,1.5488777358267503,1.5460551367903441,1.4532933835668436,1.646935109976709,0.01658260515848022,0.02565299690604922,4.993442787974769,4.972030112299143
910000,120.06944444444446,1.5485904477994958,1.545492327575776,1.4535734106834246,1.6463110184006977,0.016584252360823983,0.02565118080507023,4.99387066843856,4.9728701178366705
910500,120.13541666666669,1.548326316961574,1.5451258879992116,1.4534616058174055,1.646452305953213,0.016585999873376722,0.02564948299151441,4.994342827965479,4.973081823374168
911000,120.20138888888889,1.5480659081431156,1.5448078434462507,1.4530767542132077,1.646133078184929,0.016587696372128022,0.025647644092274154,4.994756799443418,4.973852438407619
911500,120.2673611111111,1.547765474369165,1.544477514811788,1.4531995843044214,1.6458738554673902,0.01658946611222796,0.025645803391937432,4.995175565390349,4.974054043176358
912000,120.33333333333333,1.5475061600070346,1.5444648476370917,1.452498694778419,1.6452497147569494,0.016591223302806976,0.025644070176384644,4.995576232558721,4.974519268714575
912500,120.39930555555556,1.547219772794126,1.543873887728707,1.4522458403109364,1.6452234703977822,0.016593090369983233,0.02564218915412101,4.996113117781855,4.9749221259151195
913000,120.46527777777779,1.546961714279635,1.5439119060501239,1.451948061353225,1.6445776007032091,0.01659487588242579,0.02564050319786856,4.996518178093863,4.975935120954407
913500,120.53125,1.5466817922756713,1.5436933619997248,1.4517549494228161,1.64450377876652,0.01659669453478035,0.02563866824045115,4.997138837226502,4.975735912576305
914000,120.59722222222223,1.5464039488084635,1.543285840455919,1.4516337995940727,1.6442551460928407,0.016598446621895604,0.02563691833055286,4.997480724539221,4.976192416669548
914500,120.66319444444446,1.5461357848322348,1.5430910159305018,1.4514774891063422,1.6438019230238137,0.01660026609160895,0.025635198014526142,4.997918479406857,4.977210910888542
915000,120.72916666666669,1.5458687902591748,1.5427657306907379,1.4507767782279948,1.64401939603124,0.016602071407483193,0.025633358709602795,4.998344205381197,4.9773420669616675
915500,120.79513888888889,1.5455847127030296,1.5422618580294425,1.4508948190071438,1.6435268933769334,0.016603834931104188,0.025631641097454028,4.998837388849767,4.978048789772687
916000,120.8611111111111,1.545295483710446,1.541983092504654,1.450723701837192,1.6433191640528464,0.016605700257011736,0.025629795478821635,4.999272483621543,4.978081446400212
916500,120.92708333333333,1.5450346913750408,1.5419010769194474,1.4502506356767026,1.6431905397213078,0.01660748064494734,0.025627992414792133,4.999861872444839,4.980053332290039
917000,120.99305555555556,1.5447523230285225,1.5416222916868865,1.4500287182366969,1.6422986415847827,0.01660926477044651,0.025626171877869284,5.0003790899887335,4.979982670379228
917500,121.05902777777779,1.544469451974601,1.5413919181911744,1.4497100621156838,1.6423808575170478,0.016611161024292942,0.025624365851276656,5.000799041150352,4.979669619599406
918000,121.125,1.5441707446001047,1.541083569769898,1.4496318002829327,1.6420405066591783,0.01661302708021114,0.025622538401449013,5.001304254737187,4.97990314831501
918500,121.19097222222223,1.543886710340671,1.5407128897179168,1.4492697011037659,1.641521977154118,0.016614980523572926,0.02562074756460982,5.001747086360479,4.981412584191993
919000,121.25694444444446,1.5436083474961058,1.5405273688422008,1.4488404589601258,1.6410733539129088,0.01661683692052634,0.025618969636195987,5.002301197076571,4.982057280017225
919500,121.32291666666669,1.5433092379414863,1.5401969786507883,1.4489366524974097,1.6411042941716045,0.016618843925711148,0.025617087867007466,5.002797278302935,4.980921554612927
920000,121.38888888888889,1.5430220813539253,1.5399880916662907,1.4483332281434211,1.6403782685756938,0.016620771908379156,0.02561530547770565,5.003172980208772,4.981508885749616
920500,121.4548611111111,1.5427324225023682,1.5395405999984368,1.4483126269933302,1.6402790090159858,0.01662264659186544,0.02561347834003238,5.003768588344591,4.983389518478244
921000,121.52083333333333,1.5424445092614938,1.5393169552251207,1.4475571846002868,1.6403087724597114,0.016624658857370966,0.025611632048270064,5.004388844160091,4.983472495770707
921500,121.58680555555556,1.5421662310023612,1.5388514647283367,1.4477018924359073,1.6401904915340346,0.016626515622760095,0.02560980084701734,5.004817273646118,4.984255387142564
922000,121.65277777777779,1.541858710685646,1.5386157216639809,1.4474771296119218,1.6393124998278445,0.016628520883234115,0.025607962710767478,5.005425022056664,4.985249968759487
922500,121.71875,1.5415578462333746,1.538399873182716,1.4471771204527535,1.6391605257469737,0.0166304260938345,0.025606121557785078,5.005862081534944,4.9855797826336685
923000,121.78472222222223,1.541282836318714,1.5381610785391473,1.4465611008268393,1.638918912935059,0.016632364889398697,0.02560425282359816,5.006443973005485,4.986028219873483
923500,121.85069444444446,1.5409737423809136,1.5376971833690611,1.4465177677321408,1.6383648495633518,0.016634421813602075,0.025602557436892475,5.0069657498632205,4.986167319208491
924000,121.91666666666669,1.5406869548313809,1.5377647721503624,1.44606650479427,1.638232139400268,0.01663644658905013,0.025600652321577034,5.00754197841029,4.985752458728021
924500,121.98263888888889,1.5404051560460332,1.5373979096132988,1.4459850788478144,1.637922591404029,0.016638299746453936,0.02559893789293081,5.0080913868522865,4.986434417335952
925000,122.0486111111111,1.5401184968880468,1.5370468509831923,1.4454358772654747,1.6377322013859332,0.016640255090790406,0.025597146857776712,5.008591967036932,4.987924904535213
925500,122.11458333333333,1.539819192225138,1.536690434798592,1.445607204800936,1.6368789361798783,0.01664215892117879,0.0255952923218382,5.0091174240530565,4.988748552845177
926000,122.18055555555556,1.539529000248457,1.5363946072286787,1.4452116512233883,1.6366585337380424,0.016644273558609802,0.025593563104150032,5.009649934132568,4.987718807152607
926500,122.24652777777779,1.5392297825128902,1.5359474021760726,1.4448509746746527,1.6368573835680447,0.016646250843162572,0.025591652108856056,5.01025124673301,4.988716542350847
927000,122.3125,1.5389441415969223,1.5360206164592114,1.4444636435069016,1.636402869785468,0.016648302801398146,0.025589896950413884,5.010755324549532,4.990301769315675
927500,122.37847222222223,1.53863753914289,1.5353396363044296,1.4444652458247345,1.6357952994766665,0.01665032558606464,0.025588120725576192,5.011316477856267,4.989998818601563
928000,122.44444444444446,1.5383407543356487,1.535089247924582,1.4443485823684667,1.6356070755720635,0.016652277750541053,0.025586306772254243,5.011919137177645,4.9899896013164415
928500,122.51041666666669,1.538050687915059,1.535112483130769,1.4438829984473318,1.6347965944189284,0.01665418991422317,0.02558447767053099,5.012422173070091,4.9926191720744555
929000,122.57638888888889,1.5377486366094242,1.5346948310994193,1.4436076218836813,1.634639259517313,0.016656280618519648,0.02558267445263295,5.012942616643396,4.99290629461953
929500,122.6423611111111,1.5374705506109412,1.5344888209570322,1.4435227728496955,1.6342729939700258,0.016658302383482114,0.025580960910482103,5.013440084183372,4.993002059947419
930000,122.70833333333333,1.5371618265561693,1.5341706840981777,1.4431938922321321,1.6341585958468627,0.01666030150335139,0.025579054852250153,5.014117550808217,4.993230042650084
930500,122.77430555555556,1.5368816130916507,1.533621780208895,1.4430497182651834,1.6338755201142643,0.016662299024910964,0.025577285237991236,5.014762356796551,4.993343546592332
931000,122.84027777777779,1.5365784734441228,1.5334505346875593,1.4427072150286824,1.6335827970775796,0.01666438915466754,0.02557553290935099,5.015318429828972,4.994634190847837
931500,122.90625,1.536289445461859,1.5331063155432985,1.442273048947901,1.6328999386984857,0.016666308651880745,0.0255737512695196,5.0158962294677,4.995534014899192
932000,122.97222222222223,1.5359888981753915,1.5329425360197226,1.442071886253562,1.6328265840906917,0.016668362401200478,0.025571880321407905,5.016375084629172,4.995933927047361
932500,123.03819444444446,1.5357007730181818,1.5326123257671718,1.4418919861061013,1.6326922668756871,0.016670403838749757,0.025570121274239653,5.017010332406445,4.995990410638399
933000,123.10416666666669,1.5354162975668324,1.532452687456876,1.441309092554673,1.6323267616751607,0.01667248058106062,0.02556833232886699,5.017610348942313,4.996833410905453
933500,123.17013888888889,1.5351125578656808,1.5321276675349131,1.4413513828599496,1.6320421214528964,0.01667445056455251,0.025566611375111858,5.018116687454134,4.9970553826662885
934000,123.2361111111111,1.5348271796078397,1.5316008080878631,1.4409112937160256,1.6318361587570274,0.01667638878210422,0.02556471151631452,5.018620691469702,4.997624613667868
934500,123.30208333333333,1.5345074978103876,1.5313948727318327,1.44080860212574,1.631136757946839,0.016678488449613074,0.025562864796177583,5.019351854475006,4.997967322665664
935000,123.36805555555556,1.5342257832995434,1.5310416197933956,1.4404397846927397,1.6312087545950953,0.016680512125230525,0.025561171440319174,5.019957966889682,5.0000306449970795
935500,123.43402777777779,1.5339238541681848,1.53073586003915,1.4402585628495754,1.630578903100978,0.016682512388691836,0.025559328244359768,5.020498830623855,4.99912141943937
936000,123.5,1.533645507805599,1.530485688970634,1.4397272500860046,1.6306644499038732,0.016684599784091356,0.025557590278824125,5.021080740619458,4.9998326459282865
936500,123.56597222222223,1.533366467097821,1.5304279745781284,1.4395221384033432,1.6299835583496498,0.016686544811297537,0.025555856855421912,5.021668958524547,5.0004936866706196
937000,123.63194444444446,1.533048800213699,1.5299629904965948,1.43921692197922,1.6297049570587778,0.016688601698612148,0.0255540414690135,5.022202466167623,5.001927111328818
937500,123.69791666666669,1.532763244768824,1.5296998322319268,1.4389663919382756,1.6292797418799494,0.01669069529380783,0.025552296868053208,5.022885936318471,5.002078499595946
938000,123.76388888888889,1.5324668864203734,1.5294312071717533,1.4388515927512509,1.6291090629681875,0.01669268083461957,0.025550516057039504,5.023380582283367,5.002395659189814
938500,123.8298611111111,1.532173409625079,1.529053600374186,1.4382966054746191,1.6289325694396342,0.016694732726591225,0.025548756615573223,5.024100783001751,5.00298278694245
939000,123.89583333333333,1.5318918679758189,1.5285674684338852,1.438056761859729,1.628841868288843,0.016696753016667582,0.025546993973570315,5.024659969919058,5.003916109003607
939500,123.96180555555556,1.5315981419215243,1.528436616547386,1.4379291547048596,1.6281014628270452,0.016698768146559687,0.025545334276599944,5.025270207726362,5.003066099619245
940000,124.02777777777779,1.531301654579887,1.528092233432964,1.4380797816301367,1.6279332909092576,0.016700892778535238,0.025543575533132416,5.025893713671475,5.004623429339035
940500,124.09375,1.5310007255521108,1.5279269066730623,1.43757849687817,1.6272337585238885,0.01670289990224305,0.025541749012898504,5.0265142558601745,5.0058215509647574
941000,124.15972222222223,1.5307140326776276,1.5275486226118344,1.4374515608858955,1.6272251690704782,0.01670490749142929,0.025540108965086437,5.027064853591452,5.00590155464816
941500,124.22569444444446,1.5304267240338043,1.5272323311736051,1.4370569287806316,1.626867728866132,0.016706943349476026,0.02553843477037728,5.027718665362804,5.006402584231864
942000,124.29166666666669,1.5301272469696252,1.527138350406684,1.4369089600888276,1.6261134919339555,0.01670900307560265,0.025536671403193614,5.028284868732548,5.00733834465488
942500,124.35763888888889,1.5298605639780933,1.5266227408955917,1.4364124552973105,1.6265024338675877,0.016710979100276354,0.025534995505514864,5.028913812251892,5.008142531396043
943000,124.4236111111111,1.5295805686742778,1.5263769361104926,1.4361279472178676,1.6259254154619152,0.016712826019464066,0.025533252514663384,5.029490761651044,5.008041637522792
943500,124.48958333333333,1.5292857542664668,1.526213867917258,1.4358527002527057,1.6255419040437586,0.016714898713499418,0.02553162223221009,5.02998746759758,5.0084097197963935
944000,124.55555555555556,1.5290254233846645,1.5258883434475288,1.4354668215289723,1.625787924199468,0.016716902343230373,0.025529993890999973,5.030587538782292,5.0095144876343465
944500,124.62152777777779,1.5287420188739556,1.5255185003539964,1.4354240977842219,1.6249925829175726,0.01671875198499902,0.0255282768537606,5.031197727920217,5.0109410922252495
945000,124.6875,1.5284586136620475,1.5254254234635827,1.4353448223805627,1.6245958714703077,0.01672068920911623,0.02552669153783532,5.031762046747643,5.0106424675953
945500,124.75347222222223,1.528189866851001,1.5251267643296997,1.4350236651560866,1.6244232224815103,0.01672254611212884,0.025525028659467132,5.032428025050276,5.0116445797247
946000,124.81944444444446,1.5279136129227748,1.5248727481114797,1.4345999601631543,1.6238956469635766,0.01672453208306706,0.025523397569499576,5.032989442618486,5.01183624659579
946500,124.88541666666669,1.5276446773632053,1.5244275410675532,1.4343686314051631,1.6240395201234197,0.016726452649601816,0.0255218021663758,5.033397905220947,5.012180075042274
947000,124.95138888888889,1.527382577020673,1.5242600701035216,1.4341199466442425,1.623654511636022,0.01672823372126125,0.025520256901001157,5.0338653395764865,5.012564513912281
947500,125.0173611111111,1.527115474742445,1.524132643248104,1.4342620381236535,1.6228070233682361,0.016730073191260766,0.02551871841118761,5.03455207672652,5.013807227594764
948000,125.08333333333333,1.5268524760800044,1.5235810780828958,1.4339499173615775,1.6231126443914707,0.016732017971137273,0.0255171107840614,5.035174398591215,5.013735236643296
948500,125.14930555555556,1.5266001009447308,1.5234348263949529,1.4333954370511397,1.6228359857451098,0.01673375594778627,0.025515576543261455,5.0357030165600465,5.0139805199149485
949000,125.21527777777779,1.5263359536035048,1.52305688354616,1.4332388102765945,1.6226580488841342,0.016735745125813314,0.02551404259561432,5.0362580184626236,5.014471400792333
949500,125.28125,1.5260691445431187,1.5230636097250745,1.4333001633721163,1.6218278201549068,0.016737460450274293,0.02551249354159987,5.036679838591977,5.016161786936953
950000,125.34722222222223,1.5258043350155517,1.5226646738178733,1.433207237458805,1.6213844700453677,0.01673926040088695,0.025510962276446652,5.037190108824113,5.01558238360491
950500,125.41319444444446,1.5255554898031995,1.5223389701509216,1.4326675792977048,1.621663157243963,0.01674106930663689,0.02550934583773379,5.037755523179902,5.015703115975182
951000,125.47916666666669,1.525324657423589,1.522270835626861,1.4321775130716994,1.621476724649768,0.01674282351348742,0.025507993458125534,5.038307843062684,5.016988967832072
951500,125.54513888888889,1.5250623395466067,1.5220460400497742,1.4319739782933665,1.621143952902392,0.016744584481384092,0.02550637620538893,5.038793654997458,5.0172522827533825
952000,125.6111111111111,1.5248204974770914,1.5215999214929643,1.431947091273144,1.6207192348593953,0.016746305185475135,0.02550491337706078,5.039430656740649,5.017699393786781
952500,125.67708333333333,1.524561322830959,1.5214919574099193,1.4319901636240382,1.6202653179641602,0.01674805369715669,0.025503426441577874,5.040059643514835,5.018371849899367
953000,125.74305555555556,1.5243131355363557,1.5212292282469404,1.4317799720767792,1.6198712338213,0.016749813335105137,0.02550197674831199,5.040453228133744,5.017657383642701
953500,125.80902777777779,1.524073204097163,1.5209446774500335,1.4313505599255718,1.619736546626851,0.016751550824070694,0.025500574928710752,5.0409725269145405,5.0191285362508005
954000,125.875,1.523832922583638,1.5207010342623457,1.4309370151468803,1.6197096687994499,0.01675320988146063,0.025498971762797785,5.041476078100824,5.0199197897651455
954500,125.94097222222223,1.5235997901541007,1.5205163323354862,1.430510281135756,1.6191729473261307,0.016754946771133025,0.025497610466714032,5.042003295381803,5.0207105496380695
955000,126.00694444444446,1.5233354700022999,1.5201961661897445,1.4306092555511953,1.6187747778780353,0.01675664634665007,0.02549605028952018,5.042510553518348,5.020293330392332
955500,126.07291666666669,1.5230935916378447,1.5200112834664923,1.430320684779175,1.6188569422323884,0.016758341687282886,0.025494617993236286,5.043050635705936,5.0211084346177035
956000,126.13888888888889,1.5228533423421136,1.5196951394138765,1.4301769293018598,1.6185371908327073,0.016760086894074183,0.025493266634750107,5.0436074687961066,5.021407197760547
956500,126.2048611111111,1.5226079164216224,1.5194279025514987,1.4299391910668589,1.6185690646611988,0.016761927798927136,0.025491774277358666,5.044012650315396,5.02302016193584
957000,126.27083333333333,1.5223380966265014,1.5190517121704838,1.4298710219253246,1.618046519091874,0.016763770565020923,0.02549039001165524,5.044564147900629,5.022696065224455
957500,126.33680555555556,1.5220983848076093,1.5190168210936335,1.4293290082306704,1.6176052565130723,0.016765621039754004,0.025488881029773616,5.045168594929489,5.023116331335988
958000,126.40277777777779,1.5218269535399225,1.518785800687552,1.4294346871280896,1.6174038990635569,0.016767486577684704,0.0254873504413939,5.045756214998865,5.023280132002212
958500,126.46875,1.5215810130978698,1.5186036521115214,1.428796446458118,1.6172731423938886,0.016769190862597844,0.025485854230078386,5.046145267526925,5.024999937761353
959000,126.53472222222223,1.5213387053439575,1.5183614768693383,1.428723839610341,1.6167572111589466,0.016771059897455132,0.02548446868322426,5.046731677537916,5.025972488720616
959500,126.60069444444446,1.5211058871302587,1.5179472243363756,1.428205361117321,1.616791469391437,0.01677280431367355,0.025483040966571797,5.047270423491486,5.02531627331704
960000,126.66666666666669,1.5208541156694306,1.5176605318622958,1.4283402261866867,1.6164321011466936,0.016774461294291585,0.025481572521325054,5.047790011136992,5.025812018516644
960500,126.73263888888889,1.520608678499929,1.5174807439583726,1.4280863139790432,1.6161812518872196,0.01677628430135967,0.025480099101684524,5.048292370325902,5.026272811755703
961000,126.7986111111111,1.5203532826704844,1.517242413839252,1.4278327394078363,1.6159854884625169,0.01677801330819533,0.02547861619892976,5.048859679463725,5.026357138493625
961500,126.86458333333333,1.5200918809713213,1.5169781672275688,1.4277235579395957,1.61567127600857,0.01677991757563121,0.025477188980267844,5.049349098591329,5.027570358501302
962000,126.93055555555556,1.5198643278578987,1.5167703824309875,1.427474329818203,1.615193236501482,0.016781614448182693,0.025475993366036193,5.049762775509255,5.027830624839751
962500,126.99652777777779,1.5196377219414314,1.5164887740271598,1.4270097058184081,1.615033272369455,0.01678325784196986,0.025474511398178988,5.050327391733476,5.028416091237567
963000,127.0625,1.51938165269301,1.5163640093175084,1.4269711092352728,1.6147972686262817,0.01678496762846604,0.025473088868987363,5.050648550020338,5.028953549578741
963500,127.12847222222223,1.5191512758483328,1.5160918157375742,1.426467602456366,1.614421017272928,0.01678663839109099,0.025471685465831458,5.0511884417985735,5.02980847764733
964000,127.19444444444446,1.5189107705662628,1.5158032812308315,1.4264155793053017,1.6141605713412486,0.016788368338915304,0.025470256725639302,5.051755332193023,5.0297188795711865
964500,127.26041666666669,1.518685920262507,1.5156751657063892,1.4262039337719736,1.6141300595562327,0.016790044412786333,0.02546896762920581,5.052290762525893,5.028928070652263
965000,127.32638888888889,1.5184415358242949,1.5154362118834395,1.4261845726707645,1.6134780862591256,0.016791745908407173,0.025467556241100964,5.052746355761398,5.030266776520785
965500,127.3923611111111,1.518217913719846,1.5151847786139347,1.4259693550595216,1.613370247335377,0.016793441228770134,0.025466305693594943,5.053178911669898,5.030708356495103
966000,127.45833333333333,1.5179874540594478,1.5149145961326003,1.4261489291559495,1.6130840917714928,0.016794997488815983,0.025464904605488718,5.053626402252701,5.031450110502153
966500,127.52430555555556,1.5177642241040776,1.514624117272212,1.4256218003920984,1.6129905106128417,0.016796615809252274,0.02546358480536142,5.054053484874239,5.031421645830062
967000,127.59027777777779,1.5175462850774022,1.5143524075676598,1.4252671784519142,1.612836559882253,0.016798188285541985,0.025462356997222997,5.05453203307032,5.0319302691943
967500,127.65625,1.517323369965652,1.5142958148736503,1.4253567843428634,1.612284317921489,0.0167998441496785,0.025461071637034587,5.055042209125668,5.032490574505318
968000,127.72222222222223,1.5170967589219995,1.514092992313258,1.4249314601607708,1.6125152209467908,0.01680151597077902,0.02545983163614339,5.055444995934873,5.033093396051369
968500,127.78819444444446,1.5168853785504586,1.5136747831927315,1.4246242888188687,1.6122270777798677,0.016803080918676803,0.025458653359685737,5.055789023821504,5.032749508310829
969000,127.85416666666669,1.5166665665794576,1.5135894328146988,1.4246341759874253,1.6116238481209906,0.016804683667246533,0.02545737243358696,5.056290031441614,5.0342740551268665
969500,127.92013888888889,1.5164515615914755,1.5133749433213524,1.4245916016623505,1.6114008320177229,0.01680617124078323,0.02545613053651008,5.056687669232106,5.033909076651277
970000,127.9861111111111,1.5162457708495694,1.513172083284041,1.4242151025138439,1.6112541476966062,0.016807684438251178,0.02545488621926087,5.057148302878216,5.034006136751344
970500,128.05208333333334,1.5160147037745415,1.5128946323522159,1.424201208558603,1.6107738931056055,0.01680926462689293,0.025453616167289313,5.057542040877992,5.035140253603357
971000,128.11805555555554,1.5158060385514398,1.5126351881209392,1.4235760361006424,1.611124609697314,0.016810785967730363,0.02545238613181254,5.058033696697549,5.035775521540121
971500,128.18402777777777,1.515604357031435,1.5126272715526472,1.4235193655032636,1.6107711958618482,0.016812388798413406,0.025451130428098347,5.058399833170415,5.035195486363715
972000,128.25,1.5153923819864183,1.512326738291617,1.4232183484859497,1.6105954945024878,0.016813885727944806,0.025449875972090467,5.0588106052713115,5.036367675542631
972500,128.31597222222223,1.5151760370244163,1.5120203821250553,1.4233124445572294,1.609989200617918,0.016815443105135434,0.02544861320650153,5.059215741608777,5.03600453486858
973000,128.38194444444446,1.5149582754894544,1.5118988528265636,1.4229547166306304,1.609962838567718,0.01681699020290229,0.025447339757896724,5.059579608605509,5.036905705004715
973500,128.44791666666669,1.5147631730717859,1.5117562533897568,1.4227374642735642,1.6094509328208089,0.016818490846890015,0.025446329234287864,5.060052100023044,5.037021754341633
974000,128.51388888888889,1.5145353193832534,1.5113726888354728,1.4228002189233317,1.609536720397573,0.016820075134807613,0.025445003662703358,5.060431128815451,5.037420369229876
974500,128.57986111111111,1.5143092283050463,1.511117616152032,1.4224265574730426,1.6091418897676923,0.01682173317347769,0.02544374216720939,5.0608784467333345,5.038387754798355
975000,128.64583333333334,1.51410880038147,1.5110491651461953,1.4221556718499344,1.6087789295619543,0.016823256431713708,0.025442462254561156,5.061264605100357,5.038873125029008
975500,128.71180555555554,1.51387360940017,1.5107404142594856,1.4220004110153108,1.6085012536743244,0.01682494262022568,0.025441356500859748,5.061691762937941,5.038613588944009
976000,128.77777777777777,1.5136623025515983,1.5106467843374511,1.421818103227371,1.608490209076357,0.016826470625007316,0.025439983771039374,5.062033816465926,5.038758663589048
976500,128.84375,1.5134373497447,1.510279631558293,1.4216791220607363,1.608251446670912,0.016828107199041223,0.025438705860339986,5.062477262487453,5.0385947725756495
977000,128.90972222222223,1.513219279624912,1.51010714878691,1.4214192785048638,1.6077173340925537,0.01682970957458803,0.025437548359902605,5.062830648679959,5.0393944869015055
977500,128.97569444444446,1.513008179174486,1.5098407634547844,1.421081263506605,1.6076910372048168,0.016831282553441233,0.02543626843938538,5.0633185007381405,5.040185309681303
978000,129.04166666666669,1.5127971020369846,1.5096963188894228,1.4208248377988073,1.6075124630513469,0.016832805427553207,0.025435029512669367,5.063693888773454,5.040677085414762
978500,129.10763888888889,1.5125937254449164,1.5094210467248443,1.4207607410434417,1.6077812542840086,0.0168343347013388,0.025433856324955078,5.064121920011317,5.040427813508341
979000,129.17361111111111,1.5123910719115825,1.509345315832123,1.4204621983126282,1.607265612822966,0.016835844789825256,0.02543274879924455,5.064456702289578,5.0421654290801365
979500,129.23958333333334,1.51217420445509,1.5090404437616187,1.4206062190992303,1.6069277397747628,0.016837388759261312,0.02543144498511846,5.064909821514142,5.042829999588317
980000,129.30555555555554,1.5119587322149912,1.5087635434322608,1.4201842085261416,1.6068383979049103,0.016839051233938793,0.025430321774457986,5.065281631461003,5.04251290372571
980500,129.37152777777777,1.5117463587208058,1.5085280852037486,1.420020041608323,1.606334800121616,0.016840606939709873,0.025429144746722202,5.065706131669412,5.042454043116004
981000,129.4375,1.511538192058225,1.5085021781959838,1.4199216084730026,1.6060961413146027,0.01684218524582264,0.025427914078960875,5.066155404370693,5.043793132238479
981500,129.50347222222223,1.5113020024458503,1.5082282922470973,1.419538073838026,1.606076766905694,0.01684377721593468,0.025426607384367646,5.0664735478477745,5.043956996628077
982000,129.56944444444446,1.5110855060422994,1.5079905703328604,1.4195717298533084,1.6054183657030436,0.0168455238293612,0.025425571318157186,5.066995010003711,5.043272669585612
982500,129.63541666666669,1.5108739048256015,1.5076783501369069,1.4192685866784398,1.6054120889303345,0.016847138960553343,0.025424318208356222,5.067323036651439,5.044357624423721
983000,129.70138888888889,1.5106623250970577,1.5074877365623904,1.419128738969924,1.6054378623974248,0.016848655674908657,0.025423107415107997,5.0677637368732835,5.044197857312285
983500,129.76736111111111,1.5104529325805864,1.507313556363696,1.419003233779999,1.604960575759872,0.016850214571377097,0.02542205506314309,5.068146726307564,5.0463242480163775
984000,129.83333333333334,1.5102535627520672,1.5070967835568698,1.419210824899854,1.604669957152073,0.016851682656523672,0.02542085050367886,5.068559466662517,5.04630782446589
984500,129.89930555555554,1.5100284945664866,1.5069000742561864,1.4187484124248328,1.604323678830696,0.016853264146048354,0.025419700568101524,5.068926567708564,5.046272557049878
985000,129.96527777777777,1.5098329091007827,1.5067030813491669,1.418405609573941,1.604352904558646,0.016854814965380285,0.025418577106507273,5.069382130262334,5.045861633597813
985500,130.03125,1.5096231188158773,1.5064141068210073,1.4182035368748624,1.603937129697126,0.01685635406660036,0.025417432792226725,5.069786902069854,5.046240806901883
986000,130.09722222222223,1.5094159122406519,1.5063711732473908,1.417824282662869,1.6035150122478132,0.016857938999378423,0.025416352736998715,5.07022384817798,5.046964105534871
986500,130.16319444444446,1.5092113638340265,1.5059464891386631,1.4177649608007896,1.6036219628963315,0.016859440925147073,0.025415132047325973,5.070544716383586,5.047440341141592
987000,130.22916666666669,1.5090105950093244,1.5058968697708761,1.4179060277895705,1.6034096926119044,0.016860964571204704,0.025414066294208695,5.07091723617612,5.047677328599876
987500,130.29513888888889,1.508796937541126,1.5056222028458288,1.4174965989023625,1.6028958308386216,0.016862512086409934,0.025412913631867526,5.071383766275504,5.04800697215658
988000,130.36111111111111,1.5085902686300423,1.5055069971459065,1.4173553752803518,1.6027895149807199,0.016864125640973084,0.025411815245396662,5.071649688120379,5.04744853470849
988500,130.42708333333334,1.50837902837092,1.5053918454154651,1.4173116934044239,1.6023628549953108,0.016865736461902137,0.025410678932199435,5.072076482529559,5.048946604136908
989000,130.49305555555554,1.5081623926840835,1.505033744743769,1.4170371048906378,1.6024979217204685,0.01686735250025551,0.0254094243427345,5.072574524960271,5.049915108578212
989500,130.55902777777777,1.507955220710014,1.504820116428501,1.4167418089303323,1.6022223187030449,0.016868938971149553,0.025408303236736225,5.072868245998074,5.04962117188766
990000,130.625,1.507744214201258,1.5046297381635783,1.4162246450486928,1.6022666174247495,0.01687065668625805,0.025407072008992455,5.073397789703258,5.050428911475647
990500,130.69097222222223,1.5075027234003548,1.5044204984026506,1.4161168339367536,1.6017493867759676,0.016872369036386305,0.02540587852481835,5.073797654194127,5.050766493261948
991000,130.75694444444446,1.5072826383452829,1.5042715403606626,1.4162529759551097,1.6011920879861934,0.016874109102346258,0.025404689959551988,5.074174999861118,5.052219331856201
991500,130.82291666666669,1.5070434836349553,1.5040157819521682,1.4157515629034687,1.600900913377472,0.01687589419338251,0.025403455402146596,5.074694821059321,5.051382975095159
992000,130.88888888888889,1.5068208070371398,1.503497158892388,1.4156131095627145,1.6013623627888505,0.01687764005175744,0.02540230578656688,5.07522868351573,5.051089366471348
992500,130.95486111111111,1.5065840626164058,1.5037497990061253,1.4155494432786555,1.6004436874400283,0.016879418555521396,0.025401032197361666,5.075615618567904,5.053518247630193
993000,131.02083333333334,1.5063550606090974,1.5032878610955616,1.4152318165954774,1.6004586074898512,0.01688126932105139,0.0253998108957339,5.076197106772877,5.052988174591668
993500,131.08680555555554,1.5061105939617425,1.5028673424041807,1.4149589688267215,1.6005428414306473,0.01688309292875297,0.025398529247263033,5.076558269995358,5.053866191914087
994000,131.15277777777777,1.50586349474531,1.5026967500673645,1.4148926055986668,1.5999216741736952,0.016885018866475737,0.025397230195220978,5.07704561435523,5.053659068285873
994500,131.21875,1.5056209782339478,1.502631577783292,1.4143758790946843,1.5997721021016074,0.01688687757561133,0.02539592133924964,5.0775490329520165,5.054422650487044
995000,131.28472222222223,1.5053861411902376,1.5022629017127085,1.4142178733719946,1.5996055552011865,0.01688873121705408,0.025394679478135913,5.078064298989741,5.0554422466361135
995500,131.35069444444446,1.5051131405770977,1.501911396051059,1.4141000511548782,1.5990404816609516,0.016890741098923842,0.025393319300334668,5.078613997975642,5.056424169677296
996000,131.41666666666669,1.5048644151602388,1.5017857948682578,1.4139250206374,1.5987885115272737,0.016892730671863865,0.025392008571664886,5.079232888905396,5.055916897737652
996500,131.48263888888889,1.5046084057964981,1.5013969605121478,1.4135171430953188,1.598369386102378,0.01689472717497834,0.02539072151565631,5.079748621233098,5.055644676625347
997000,131.54861111111111,1.5043524787554747,1.5013360111360154,1.4133853898910418,1.597913616017118,0.01689661523189355,0.025389349600306477,5.080175637428483,5.05649426653379
997500,131.61458333333334,1.5041103358650794,1.5010051778765026,1.4130210964071446,1.5980473925446192,0.01689856173875975,0.02538811918263872,5.080728106410524,5.057870112464508
998000,131.68055555555554,1.5038540780448206,1.500908582307746,1.412885816126718,1.5975138769674864,0.016900562983812924,0.02538679554902845,5.081215086457299,5.057985456036965
998500,131.74652777777777,1.5035971247631372,1.5004331145242253,1.4126969993540999,1.597123699950473,0.01690254753811186,0.02538547208025843,5.08176286000468,5.05824450477709
999000,131.8125,1.5033347108545039,1.5003196931593243,1.4125104299043878,1.597231520330276,0.016904552350985307,0.025384145695278342,5.082474996853174,5.059213292167145
999500,131.87847222222223,1.503068923965063,1.4999170301367206,1.4120994559672253,1.596788579492799,0.016906535893719137,0.025382741292490955,5.082972950694075,5.060374225214669
1000000,131.94444444444446,1.502813223361152,1.4995819284792518,1.4119875663732242,1.596705952093255,0.016908738736235954,0.025381447443010557,5.083537132270622,5.060370517888924
1000500,132.01041666666669,1.5025444442682108,1.4994168699371286,1.4119007081446453,1.5961023093282316,0.016910722427200115,0.025380077868984142,5.0839775753378795,5.060738220281403
1001000,132.07638888888889,1.5022939115081635,1.499151172506513,1.4115900101351055,1.5958479347777328,0.016912613378222436,0.025378725036566734,5.08470855233027,5.061866209682426
1001500,132.14236111111111,1.5020388963542377,1.4988270485425084,1.4109706548414502,1.595888110890109,0.01691473079575694,0.025377346698996252,5.085276210896659,5.0616847732924946
1002000,132.20833333333334,1.5017735101985477,1.4987713985660638,1.411269814453008,1.595233159951243,0.016916720517605024,0.025376120617957878,5.0858494847086195,5.062540578324138
1002500,132.27430555555554,1.5015269045273638,1.4983928497758157,1.4109252315842553,1.5951450506038216,0.016918681594821617,0.02537477921056436,5.086333600940861,5.063023896243465
1003000,132.34027777777777,1.5012580180438424,1.498083773402644,1.4108401788390705,1.5947990854374479,0.01692068650363215,0.025373493872087597,5.086927449977498,5.063919521402481
1003500,132.40625,1.5010306047799173,1.4980272124834593,1.4103333545922205,1.5943186432230232,0.016922671021814877,0.025372331895034215,5.08754924775175,5.063898041791794
1004000,132.47222222222223,1.5007707013326332,1.4976368446995432,1.4102932722611747,1.594225042246375,0.016924705702463554,0.025371002654604773,5.087976712781479,5.064229185040068
1004500,132.53819444444446,1.500510005015199,1.4975280598757028,1.4095747150318303,1.594075465870136,0.016926800555304832,0.025369725109839227,5.0885352884510064,5.064892798933477
1005000,132.60416666666669,1.5002570498409928,1.4970403472288025,1.4097006031361112,1.5937894808773405,0.016928730539312174,0.025368347918498176,5.089220175508631,5.066677519066383
1005500,132.67013888888889,1.4999933622523893,1.4968364096936697,1.4091221772246891,1.593547911116214,0.016930796201640366,0.025367055280469297,5.089600274894955,5.067017067736083
1006000,132.73611111111111,1.4997411668495346,1.496605341093487,1.4093194023498594,1.5931333230783236,0.016932811202160735,0.025365756437170494,5.090361626779794,5.067100597112419
1006500,132.80208333333334,1.4994748879240878,1.4962898327341472,1.40902059093354,1.5930120318921674,0.01693494249188216,0.025364518646485566,5.090910818335291,5.068101907094181
1007000,132.86805555555554,1.4991972992396445,1.4961537994257408,1.4087502968948482,1.5925923442527092,0.016937073895837707,0.02536318360829538,5.091518348142656,5.069213121777154
1007500,132.93402777777777,1.498946787452337,1.4959454167583863,1.4085113833286464,1.592318955368717,0.01693914900778595,0.02536185316642227,5.092071114869081,5.069087986286171
1008000,133.0,1.498667468885093,1.4954254249127563,1.4081705415406458,1.5924715795597402,0.016941315725790395,0.025360514098412702,5.092794819278069,5.069584405952486
1008500,133.06597222222223,1.4984050061082148,1.4954755873290675,1.4079740373217455,1.5916178623745982,0.016943455400553635,0.02535921548676443,5.093436003968055,5.07008097043556
1009000,133.13194444444446,1.4981487547922925,1.4951701712645398,1.4078907043965347,1.5915227192035173,0.01694555406531926,0.02535791347485449,5.093924889256297,5.071401328665319
1009500,133.19791666666669,1.4978797159002093,1.4946234329682682,1.407716476051808,1.591173889559049,0.01694770091512511,0.025356609419170756,5.094568722447048,5.072315803625665
1010000,133.26388888888889,1.4976148083388656,1.4944882246144395,1.4073331093688544,1.5913475617532167,0.016949814511914848,0.025355326472637888,5.095099760949947,5.072050819089935
1010500,133.32986111111111,1.4973406204069388,1.494258945587115,1.406898182228339,1.590482292584766,0.01695210982251602,0.02535399234386174,5.095863266421707,5.07318996482439
1011000,133.39583333333334,1.4970641059974619,1.49399813183007,1.4066786693668862,1.5901592112004868,0.016954239870824114,0.02535265928266169,5.096414558226905,5.0718031181408225
1011500,133.46180555555554,1.4967871939894333,1.4935594052404197,1.4067368088021037,1.5900556739740388,0.01695646193373937,0.025351351020641216,5.097156692876547,5.0750469508963505
1012000,133.52777777777777,1.4965304699856452,1.4935047357435514,1.406226101483932,1.589972638246056,0.016958573753397297,0.025350126228661767,5.097674932316815,5.075883792808726
1012500,133.59375,1.4962728487589956,1.493373294370262,1.4058422637397117,1.5895533810422995,0.016960713367026304,0.025348748407458765,5.098325567615021,5.074990312300795
1013000,133.65972222222223,1.4959878390545869,1.4928412075423139,1.405514637120473,1.5894732777626044,0.01696294359764781,0.025347398109319862,5.099032335885284,5.075575135292306
1013500,133.72569444444446,1.495723510077176,1.4924772019224364,1.4057896467498343,1.5890499936372895,0.016965043217030327,0.025346093474295568,5.099662933292398,5.076606327465585
1014000,133.79166666666669,1.495437668246693,1.4923466471749505,1.4052008648587981,1.5886759778564286,0.01696739419603678,0.025344733106375097,5.100274554827099,5.077653061989892
1014500,133.85763888888889,1.4951549701863545,1.492046934500386,1.4053298573482842,1.5878617489761444,0.016969529641043517,0.02534338837829326,5.100978065302572,5.076971380980556
1015000,133.92361111111111,1.494895323365482,1.491883500876051,1.4047822823131475,1.5879715624188149,0.016971744505635072,0.025342086457998403,5.101570157031001,5.078411353442585
1015500,133.98958333333334,1.494635008505161,1.491510156254096,1.4046332338953436,1.5877071329515315,0.016973887871445752,0.025340884534934324,5.102317717554521,5.080136395749019
1016000,134.05555555555554,1.4943504108488532,1.4911099187799781,1.4043749173646813,1.5872132637900418,0.01697614307251502,0.02533957871017705,5.102926622063294,5.079717486920763
1016500,134.12152777777777,1.4940744815196028,1.4910533854058965,1.4038868171736425,1.5868357252413463,0.016978437428673686,0.02533821922292524,5.103630593001912,5.081603381393355
1017000,134.1875,1.493814296752194,1.4905900093147997,1.4041506865230886,1.5866013191604407,0.016980642834346048,0.025336973513633773,5.104202939036307,5.081279772598705
1017500,134.25347222222223,1.4935383860380773,1.4905375108864538,1.403472278510192,1.5863062990814178,0.016982844271832977,0.025335640309616065,5.105015457007208,5.0818733324054834
1018000,134.31944444444446,1.4932648525184031,1.4902180004026966,1.4030253149660106,1.5860374620720212,0.016985064357614398,0.025334285363695922,5.105738466156727,5.082510090313658
1018500,134.38541666666669,1.4929740369813778,1.4898774462490294,1.403184156133591,1.5856911352866006,0.016987326317323484,0.02533301703707674,5.106215177692736,5.08329455594254
1019000,134.45138888888889,1.4927139110802763,1.489548551081361,1.4026637177054908,1.5853720546521237,0.016989545569018147,0.025331653608304805,5.106860265754505,5.083822769746874
1019500,134.51736111111111,1.4924269182358338,1.4892930781729676,1.4027859490367949,1.5855510931313013,0.016991827645465897,0.02533043703304915,5.107661010157827,5.08457589377486
1020000,134.58333333333334,1.4921643542035112,1.4889948328147327,1.4021693840779528,1.585045722595114,0.016994040627637645,0.025329078623168126,5.108272881257373,5.085520915651772
1020500,134.64930555555554,1.4918911378199067,1.4887690530621902,1.4019099379330417,1.5847100428526386,0.01699631097715932,0.025327883623656334,5.10892808411959,5.086677308946859
1021000,134.71527777777777,1.4916376682627226,1.4885414892203808,1.4018065535768103,1.5843360491832335,0.016998432090791535,0.025326665498398095,5.109668710701165,5.086637398654303
1021500,134.78125,1.4913632928080005,1.488218050810232,1.4015444477627919,1.5840088364064888,0.017000608367765343,0.02532544787614102,5.1102617650379045,5.0871578105341015
1022000,134.84722222222223,1.4910881191309655,1.4882084920451055,1.4015733952521843,1.5834150688742348,0.017002896988724,0.025324214991075844,5.110980964700599,5.087727578518515
1022500,134.91319444444446,1.490832133746476,1.487663111436036,1.401033729898133,1.5840181242886255,0.017005042953428452,0.02532287884296411,5.111679844663812,5.088291770327892
1023000,134.97916666666669,1.4905632977391159,1.487388447264005,1.4006668470176642,1.5834599521217125,0.017007366549053122,0.02532169971189289,5.1123522430852235,5.089615127732323
1023500,135.04513888888889,1.4902940111507532,1.4870891822264891,1.4004884193749265,1.5827719314408235,0.017009482226688626,0.025320381969913,5.113020893658638,5.090743642110259
1024000,135.11111111111111,1.4900265707125513,1.4869444423383813,1.400273256823784,1.5826154982263403,0.01701181464837901,0.02531924179488096,5.113687921550066,5.090980067295844
1024500,135.17708333333334,1.4897804612506087,1.4867257419466355,1.4001051338251003,1.5827106486167506,0.01701394586270108,0.025318005604384124,5.114218638764983,5.0912509630236205
1025000,135.24305555555554,1.4894943796807003,1.4863372244104793,1.3997763664965197,1.5818232946882613,0.01701615043411145,0.025316837918527627,5.115076673988957,5.091444263159466
1025500,135.30902777777777,1.4892288485884246,1.48607415426368,1.399777010933108,1.581667212975458,0.017018380795413283,0.025315588797983044,5.11560098712078,5.092493357444364
1026000,135.375,1.48897556464434,1.4858314504840173,1.3996828165995363,1.581195646163144,0.01702048858279891,0.025314404292893014,5.116338777377675,5.0945182030623375
1026500,135.44097222222223,1.4887184870268464,1.4856071744371353,1.399036792132446,1.5813003534573498,0.01702266548380338,0.025313195429295072,5.1169611911624,5.093850306593448
1027000,135.50694444444446,1.488437522516553,1.4852252595489235,1.398919825889165,1.580967593682268,0.017024854161508163,0.02531191426831752,5.117726909122768,5.094030323421963
1027500,135.57291666666669,1.488188782592876,1.4852080528931548,1.3986471077305431,1.5803539425445456,0.017027050921453665,0.025310753289132175,5.118448088347428,5.095173484944829
1028000,135.63888888888889,1.487929096749345,1.4848808032347918,1.3984009506046595,1.5805766350181099,0.01702920531427839,0.02530959691606824,5.119193881265537,5.095934211251666
1028500,135.70486111111111,1.4876618598844165,1.4844368479282672,1.3982275253674938,1.580062946389622,0.017031388829242194,0.025308370863269397,5.119812283057815,5.097376912979252
1029000,135.77083333333334,1.487398871704942,1.4844548718122117,1.3978161055175269,1.5796775168104373,0.017033572517498027,0.02530714637127649,5.120431538498078,5.09787963186954
1029500,135.83680555555554,1.4871464560901693,1.4840065703305556,1.3976210888971683,1.5796332781920335,0.017035742670507156,0.025305937817541094,5.121192632834254,5.098465829332045
1030000,135.90277777777777,1.4868793450293523,1.4837731249292183,1.3972687269222073,1.5793897196811604,0.017037928758498775,0.025304799798670733,5.121860003566865,5.099094651068993
1030500,135.96875,1.4866160324886062,1.4835568425873744,1.3974468568662655,1.5789550600816062,0.017040082983134263,0.02530357434830277,5.122482321176502,5.099639434539818
1031000,136.03472222222223,1.4863685517581047,1.4832483513127594,1.396793240693411,1.5791382466377928,0.0170424269207243,0.025302427436935778,5.123236514994554,5.100916736434911
1031500,136.10069444444446,1.4860797733582611,1.4829777389419347,1.3968586796959044,1.57837741765038,0.017044663246127273,0.025301172702974762,5.123936536196973,5.101367725813695
1032000,136.16666666666669,1.4858233707969293,1.482804373445158,1.3965383885685947,1.5777664656378079,0.017046913279911636,0.025300230511456225,5.124606262794083,5.102662643449768
1032500,136.23263888888889,1.4855605344357798,1.4825703024474044,1.396153152601368,1.5778002486004286,0.01704913822312823,0.02529888377827068,5.125301004225215,5.102439225041178
1033000,136.29861111111111,1.485304194642128,1.4821653595746338,1.3959020194521141,1.5776037514332004,0.01705134221687766,0.025297819513672104,5.1260219921703705,5.103450305066358
1033500,136.36458333333334,1.48505194381442,1.4819252559185048,1.395849078859293,1.5771271408750152,0.01705337426691316,0.02529676970011492,5.126744083044475,5.104627964241909
1034000,136.43055555555554,1.4848131493724348,1.4818202457970047,1.3953859292077297,1.576916364574706,0.017055521187102154,0.025295615527409485,5.1273529236677895,5.104011214015404
1034500,136.49652777777777,1.4845593811663231,1.4813463368345798,1.3953402580579675,1.5771299836583932,0.017057675557784015,0.025294524590180247,5.128072191931637,5.1049165575676625
1035000,136.5625,1.4842863178769468,1.4811494197039288,1.3951318362881517,1.5764582243857208,0.01705986381002443,0.02529333188973408,5.128760483807129,5.105814127428803
1035500,136.62847222222223,1.4840588999852642,1.4808221492761238,1.3951492539366317,1.5760920441146653,0.01706187775606449,0.025292342454255216,5.129352594796181,5.106434330014245
1036000,136.69444444444446,1.4838374812952642,1.4807780847776684,1.394709386978128,1.5759767280819177,0.017063840391883835,0.02529128536215173,5.129964337453635,5.1070086522029285
1036500,136.76041666666669,1.483574302269691,1.4804309886762335,1.3945422490238322,1.5757425258166906,0.017065986485161836,0.025290113114341255,5.1307564961251115,5.108083579765626
1037000,136.82638888888889,1.483327900995309,1.480107281664179,1.3942520739330457,1.5751746359944223,0.017068105832382816,0.025289118133213745,5.131263750118415,5.109138097997604
1037500,136.89236111111111,1.483113455407531,1.4800355390739237,1.3939648229029002,1.5750958236200532,0.0170700199307632,0.0252880821031461,5.131930716515781,5.108550746025513
1038000,136.95833333333334,1.4828535556554432,1.4798862026248616,1.393909555267201,1.574495564521283,0.017072053888678256,0.02528706679415367,5.132731763357462,5.1088680492928695
1038500,137.02430555555554,1.4826146979100878,1.479460254638759,1.3935513596544493,1.5748093228084685,0.01707420586109058,0.02528594647572707,5.13325811932515,5.1102630795235
1039000,137.09027777777777,1.4823948755418928,1.4792606663618053,1.3934534499022357,1.5742075738645243,0.017076158761359646,0.025285116221775726,5.133866768916064,5.1102190660814415
1039500,137.15625,1.4821270970453353,1.4790983461220866,1.3931379958979946,1.5740975199427027,0.017078360561647993,0.02528401121681012,5.134518125008965,5.111240312875914
1040000,137.22222222222223,1.4819012575386934,1.4790011344143053,1.3929160261250777,1.5737059158914937,0.017080356909181076,0.02528301327730102,5.135201519942083,5.11175746697173
1040500,137.28819444444446,1.4816800884936725,1.4787131034439795,1.3926945340053591,1.5735298851527406,0.017082352460282127,0.02528208106781805,5.135734811858986,5.112579766192473
1041000,137.35416666666669,1.4814513811025087,1.4784094700314654,1.39243821985542,1.5731410554306198,0.017084314235310597,0.02528103928172084,5.136471147785172,5.112600868398376
1041500,137.42013888888889,1.4812223468081724,1.4779855737105314,1.3922238389807564,1.5732527698933363,0.017086323901153964,0.02528017892979599,5.137102924415815,5.113026589861867
1042000,137.48611111111111,1.4809910793327905,1.4779539681383562,1.391828087765187,1.5728841988466389,0.017088214726228235,0.02527910830668402,5.1377976022717275,5.114146977476464
1042500,137.55208333333334,1.480760229439958,1.477596644979997,1.3918147416936062,1.572541018109443,0.01709021819702539,0.02527819610152646,5.138249343805083,5.114154708060239
1043000,137.61805555555554,1.4805269438366913,1.4774169491235067,1.391958045291513,1.5722072963106393,0.017092172268190507,0.02527722717486706,5.138998596296687,5.115037778148314
1043500,137.68402777777777,1.4803082299586383,1.4771455643140803,1.3916455884183088,1.5716754674424096,0.017094177273438323,0.02527637666792254,5.139549171901756,5.115985569045016
1044000,137.75,1.4800841331196952,1.4768714603524125,1.391233452306766,1.5718746211274313,0.017096144411802072,0.02527531674036593,5.14022403212408,5.116041711057259
1044500,137.81597222222223,1.479846825246291,1.4766160597356799,1.3912501489518163,1.5716107530547636,0.017098052827973616,0.02527427716058217,5.140837863943539,5.115307555174507
1045000,137.88194444444446,1.479626937960603,1.4764152092948901,1.3907636992409729,1.5712592680014579,0.017100055252889313,0.025273383687864876,5.141470274959375,5.118399678017087
1045500,137.94791666666669,1.4794115059244641,1.476364065062937,1.3906077408596413,1.5709024072158901,0.017101977291554507,0.02527253490543906,5.142114812628623,5.118167049262257
1046000,138.01388888888889,1.4791937916392617,1.4760869088428952,1.390288487761887,1.570959774907199,0.01710391417334057,0.025271489431714526,5.142592254742539,5.119200843666334
1046500,138.07986111111111,1.4789601753395423,1.4758448011089405,1.390347399197049,1.5705048018455576,0.017105843046390626,0.025270635399598958,5.143267532911707,5.119927336847839
1047000,138.14583333333334,1.4787531214335397,1.475641082024537,1.3901155124151354,1.5703442707087971,0.017107726442169322,0.025269890731236932,5.143864336741302,5.120150423483718
1047500,138.21180555555554,1.4785343624564968,1.475303885963223,1.389692351027688,1.5701616043082036,0.01710957373688085,0.025268933123997087,5.14432970936241,5.120704826314892
1048000,138.27777777777777,1.478330916046916,1.4750508076892506,1.3897597324470685,1.5700522215369062,0.017111478233297946,0.025268102498388408,5.145143962680251,5.121052958895181
1048500,138.34375,1.4781062292443088,1.4749841151648782,1.38908998504956,1.5697304094230033,0.017113423053105398,0.02526719332105028,5.145662767256789,5.122009105135646
1049000,138.40972222222223,1.4778892246715425,1.4747275147514238,1.3892318944198823,1.5696359095924282,0.01711535265746288,0.025266316618311264,5.146256324427046,5.122410206071548
1049500,138.47569444444446,1.4776790486045972,1.474559628707227,1.389044726481234,1.5687754770481774,0.01711710994634928,0.025265341118291557,5.146829148571381,5.123982965269986
1050000,138.54166666666669,1.4774622396865438,1.474370226546795,1.3890519936585184,1.5686421422524823,0.01711908917324758,0.025264572638498448,5.147363206072252,5.124100290978129
1050500,138.60763888888889,1.4772477028139879,1.474163049610873,1.388343210278953,1.568769119991078,0.017121089302209003,0.025263700134814628,5.14805553614328,5.1245325059680304
1051000,138.67361111111111,1.4770477731491907,1.4739889467862826,1.3884158653093266,1.5685693474681526,0.01712289293436128,0.025262860142862616,5.148629853731659,5.124791027066138
1051500,138.73958333333334,1.4768437472414766,1.4737923830260657,1.38823204786889,1.5685305026826124,0.01712474544134307,0.025262165052745818,5.1490786683875704,5.1253562088590865
1052000,138.80555555555554,1.4766226946767096,1.4735881973167304,1.3882072339850708,1.56777350200147,0.01712653437054937,0.025261342811439755,5.149759770583051,5.125698519930335
1052500,138.87152777777777,1.4764093105108695,1.4733571334395372,1.3878478650836783,1.5677072402157584,0.017128425390365874,0.025260459703602675,5.150287965856082,5.125304244800757
1053000,138.9375,1.4762028520087696,1.4731150422921078,1.3880987362048902,1.5673782042048505,0.017130306128598036,0.02525965807845347,5.150973039029438,5.126575787441748
1053500,139.00347222222223,1.476005737595905,1.4729693600973721,1.3874643813144005,1.5673725393089464,0.01713213554820287,0.025258841177533523,5.151456033477414,5.127613139244891
1054000,139.06944444444446,1.475802162473395,1.4726945758456302,1.3874652736088615,1.5671381647084337,0.017134046672247154,0.0252581519613027,5.152056709654541,5.1270789620062285
1054500,139.13541666666669,1.4755825188867275,1.4723751171603505,1.3876686405096292,1.5665440699138573,0.017135936355767177,0.025257331604134712,5.15270261393045,5.128451300577073
1055000,139.20138888888889,1.4753756711745578,1.4721701199481751,1.3871214128132376,1.5666671886401755,0.017137798775654398,0.025256494759112295,5.153171166532323,5.128509878266491
1055500,139.26736111111111,1.4751655932516443,1.4721533800888658,1.3868513784427932,1.5661778029438804,0.017139655577070416,0.025255729732326055,5.153762588187941,5.1302964747389455
1056000,139.33333333333334,1.4749600361568747,1.4718938829073713,1.3867414824229805,1.566110448627867,0.017141508748489794,0.025254900019209582,5.15433804290481,5.130235052174601
1056500,139.39930555555554,1.4747534494008383,1.4716139806512865,1.3866843157927995,1.5659036101799053,0.017143321799553992,0.02525413470548822,5.154860550149129,5.130894789982372
1057000,139.46527777777777,1.474553373548173,1.4714117697789448,1.386437480524903,1.565800255585346,0.017145141631276197,0.025253393888093528,5.155362806032666,5.130042236243362
1057500,139.53125,1.474363305941432,1.471256436309535,1.3860749755305086,1.5654067498229747,0.017146907910562986,0.02525260778279222,5.156011338117083,5.133078678969397
1058000,139.59722222222223,1.474164342617125,1.4711070662079804,1.3858025534176663,1.5652935250294648,0.017148674847290036,0.025251870639312227,5.156586536196838,5.132431381317872
1058500,139.66319444444446,1.4739511522654083,1.470993256764275,1.3858862350078338,1.5649337754745418,0.01715056618786542,0.025251156277382118,5.1570989172968185,5.133525062834686
1059000,139.72916666666669,1.4737687975579878,1.4706075544734194,1.3856486313409695,1.5648895146944723,0.017152291935970662,0.025250397805628988,5.1575707994849855,5.132292029736896
1059500,139.79513888888889,1.4735793064162397,1.4704838343092828,1.3852017850392895,1.564772029591511,0.01715406169480532,0.025249778394015977,5.158114315869533,5.133965034596665
1060000,139.86111111111111,1.4733882974777426,1.4703103008211345,1.3851919176344314,1.5645163325930072,0.01715575708002045,0.02524896723795912,5.158690955764599,5.133845445775263
1060500,139.92708333333334,1.4731941755149407,1.4702884163116208,1.384848812094479,1.5642600849112414,0.01715741814958275,0.0252482998325957,5.159090406675183,5.135016111969949
1061000,139.99305555555554,1.4729982243529134,1.4699806149615484,1.385096507044769,1.5636496909112907,0.01715929163068387,0.025247560218779407,5.159698516487543,5.135274062661898
1061500,140.05902777777777,1.4727912603925777,1.4696826749354734,1.3848227709073488,1.563691436612665,0.01716115669271632,0.02524679395198473,5.16033501595818,5.135935350592211
1062000,140.125,1.4726055969169736,1.4693720019645453,1.3844117964055445,1.563680366317627,0.01716285442933306,0.025246092683479573,5.160733849091044,5.1358718001246135
1062500,140.19097222222223,1.4724223028555192,1.4693138467639208,1.3843872360186764,1.5630236394993695,0.017164536474046872,0.02524530797146141,5.1613711631749695,5.136207776620468
1063000,140.25694444444446,1.4722232692573594,1.4692438140538906,1.383883892318334,1.562960048387814,0.017166353384228842,0.025244696628263286,5.161708131203934,5.136796042178403
1063500,140.32291666666669,1.4720282933509883,1.4689362021991026,1.3841462767544745,1.562929184911203,0.01716808907277471,0.025243960493455623,5.162210587111297,5.1361917244159905
1064000,140.38888888888889,1.4718483455345865,1.4686869482527642,1.3836096149949189,1.5628187600276406,0.01716983030521414,0.025243213954388406,5.162732403581114,5.1394801091487485
1064500,140.45486111111111,1.4716473759575193,1.468581541810591,1.383555110902855,1.5625305011991106,0.01717161259545351,0.02524261008592278,5.163317791307595,5.13774860831196
1065000,140.52083333333334,1.4714409571227742,1.4683253670904426,1.3837405119032016,1.5621933470906835,0.017173372630301737,0.02524194021691414,5.163891936880256,5.139750103069697
1065500,140.58680555555554,1.471269414042045,1.4681315576780465,1.383268432455742,1.5625357096771053,0.017175143742911538,0.02524116491799336,5.16441928467666,5.139361440959185
1066000,140.65277777777777,1.4710884271194469,1.4680613371616025,1.3830553116719508,1.5617698768104387,0.01717681397472924,0.025240546854484965,5.164973871394155,5.1393449100403785
1066500,140.71875,1.4709016510818325,1.468023843847586,1.3829108787490991,1.5615225064921665,0.017178596401262364,0.025239897189084003,5.165369487620168,5.1417750106268185
1067000,140.78472222222223,1.4707030295979024,1.4676429472659094,1.3826984687549426,1.5614417860081384,0.01718031718405714,0.02523918192285662,5.165851988977403,5.1412815454124985
1067500,140.85069444444446,1.4705187176077081,1.4674246604592858,1.3824931930723086,1.5610680634088312,0.017182053784071612,0.025238552023016808,5.166437627041442,5.141891064628727
1068000,140.91666666666669,1.4703210210044397,1.4673459882594835,1.3822202138189308,1.5609344265483924,0.017183862271474924,0.02523791277542328,5.167006487486495,5.142374964788659
1068500,140.98263888888889,1.4701400596420748,1.4670405021813373,1.3818436009554556,1.5611000780738395,0.017185673182544606,0.02523717285116614,5.167430428053002,5.142107638421143
1069000,141.04861111111111,1.4699264764840574,1.4668107153523373,1.3822344297489457,1.5606607067250708,0.017187471752095528,0.02523646239803273,5.168065899658196,5.142856984220188
1069500,141.11458333333334,1.4697454182258378,1.4666051263084223,1.3817504496520532,1.5605761661033335,0.017189205266157553,0.025235792375962414,5.168663204745944,5.143562338365544
1070000,141.18055555555557,1.4695340061760456,1.4664597872315355,1.3817686100473376,1.560368538341662,0.017191144971022435,0.02523500621630365,5.1692083273403755,5.144065384286234
1070500,141.24652777777777,1.4693535028388018,1.466412083972802,1.3815598977091705,1.5599293307844893,0.01719287966286862,0.025234393626786637,5.169708954175506,5.144412672002202
1071000,141.3125,1.469152460272184,1.4661514973012182,1.3814364546358517,1.559817650353152,0.017194683763447863,0.025233701455754726,5.17022385527846,5.145930418128192
1071500,141.37847222222223,1.4689575996939026,1.4658920738100871,1.38111646419748,1.5593223381844192,0.01719655498041217,0.025233118903297616,5.170799469311447,5.14511073686543
1072000,141.44444444444446,1.4687651195054423,1.4655988776306639,1.3809749776131788,1.5593426996209334,0.01719834216452636,0.02523233377971062,5.171321365909721,5.144848991357488
1072500,141.51041666666669,1.4685615482514478,1.4655533689052804,1.3806295037436618,1.5591099042461716,0.017200206886660997,0.025231706354463486,5.1718028438350165,5.146974384875555
1073000,141.57638888888889,1.4683726691848837,1.4652375840066574,1.3806069472959992,1.5588510281331227,0.01720200886266221,0.0252311144091492,5.1724436877218425,5.1477020292797455
1073500,141.64236111111111,1.4681793155812155,1.4650267000622175,1.380505743340923,1.5588242447431981,0.017203825461903254,0.025230434874852246,5.172910215397092,5.147886107249265
1074000,141.70833333333334,1.4679823802759548,1.4650156025783754,1.3801106878747287,1.558484113095548,0.017205686345159888,0.025229720926491398,5.173447767445831,5.148785301788537
1074500,141.77430555555557,1.4677911462708295,1.464810502136673,1.3801425982300946,1.5581748455710303,0.01720748512194088,0.02522904970807212,5.173928998186985,5.14860238041001
1075000,141.84027777777777,1.4676044876705339,1.464493391000508,1.3800579932464232,1.5583671580887193,0.01720918809419492,0.025228393042585274,5.174357522031625,5.149055513957914
1075500,141.90625,1.4673907429920272,1.4641824963114287,1.3798182423389584,1.558254754204641,0.017211125587098513,0.0252276656007792,5.174933489267221,5.149534238097174
1076000,141.97222222222223,1.4672060017154334,1.4641637808672936,1.3794952045744067,1.5579046723645402,0.017213001182624456,0.02522696450083853,5.175541369681519,5.150411635565661
1076500,142.03819444444446,1.4670059231330026,1.463886328127393,1.3794522132341789,1.5577736332648802,0.01721480383361235,0.02522625841707408,5.175991053619557,5.151728877455667
1077000,142.10416666666669,1.4668104518245542,1.4636366418957771,1.3792775848006544,1.557596966415138,0.017216664003743613,0.025225554770018494,5.176494263075583,5.152006890680835
1077500,142.17013888888889,1.4666020689952004,1.4636537637705223,1.378857640140088,1.5568097569188746,0.017218618047841194,0.025224920679016084,5.176966627382442,5.15061098016899
1078000,142.23611111111111,1.4663903504394904,1.46333264000836,1.3789420602148894,1.5566329754020196,0.01722049544688844,0.02522418865388359,5.177577741510961,5.152764747425513
1078500,142.30208333333334,1.4662012240660909,1.4631285924011,1.3782624161300079,1.5566477642988552,0.01722235688243158,0.02522355200602293,5.1781050341834005,5.152673651687579
1079000,142.36805555555557,1.4660044789081705,1.4628222856472872,1.3784593724538772,1.5566874418815022,0.017224143231268196,0.02522285161210388,5.178712153588329,5.152784169852144
1079500,142.43402777777777,1.4658112267672636,1.4628164851466083,1.3786241318209185,1.5558289912946845,0.01722602162320009,0.025222231528945198,5.179235726597099,5.153926125420119
1080000,142.5,1.4655987276528004,1.4624811565936362,1.3782086262891489,1.5558764407116559,0.01722797651900501,0.025221569793857947,5.179828602541645,5.154183807114408
1080500,142.56597222222223,1.4653966694071614,1.462202544863443,1.3778669746167171,1.5561486700038278,0.017229978390639188,0.02522096776107387,5.180290438063054,5.155528100443256
1081000,142.63194444444446,1.4651959605353126,1.4619229747807894,1.3776545696191262,1.555878404881174,0.017231881922539532,0.025220240408304537,5.180903236357838,5.155244603931102
1081500,142.69791666666669,1.4649902478421108,1.4618696245436062,1.3773259852134059,1.5554817638345302,0.017233867375796453,0.0252195884164698,5.181354700374943,5.157185278482675
1082000,142.76388888888889,1.4647899749339324,1.4616737023784299,1.3774439944251036,1.554932674423957,0.017235800619449432,0.02521895669664078,5.181879361200886,5.156971791663694
1082500,142.82986111111111,1.464572695697775,1.461553820757922,1.377025136644211,1.5549740574016009,0.01723776067599608,0.02521819035148846,5.182545152996854,5.1575773252861
1083000,142.89583333333334,1.464371732950996,1.4612501063322554,1.3770898085559202,1.5545417799625887,0.01723963356860648,0.025217541521528563,5.183113460597025,5.158300826270459
1083500,142.96180555555557,1.464174958370488,1.461179760077596,1.376688016750851,1.5547746799075512,0.017241595077330172,0.02521686253800796,5.183627291064814,5.158104020289054
1084000,143.02777777777777,1.4639640879376858,1.4609690845862655,1.3768855635671888,1.5541224376443419,0.017243552199589472,0.025216169884952698,5.184232416313358,5.158780096085992
1084500,143.09375,1.463768615600099,1.4607281816645674,1.3761535190614156,1.55385825625557,0.01724550372328375,0.025215536257169914,5.184684791292449,5.160016836787202
1085000,143.15972222222223,1.4635482692007158,1.4603597056708773,1.3764299798624922,1.5538366026977148,0.0172475058955586,0.02521482017913782,5.185380844610123,5.159804448301925
1085500,143.22569444444446,1.463336872754494,1.4602144297886435,1.376107439889491,1.5534889402655125,0.01724941820906551,0.025214171505084048,5.185899011034358,5.160865318249032
1086000,143.29166666666669,1.4631578119314685,1.4600929821183541,1.376060209634503,1.5532019264388852,0.017251237396083047,0.02521353830409068,5.186307866820395,5.1604221980972875
1086500,143.35763888888889,1.462940870278065,1.4598807669146554,1.3758404068115757,1.552848577006686,0.017253266475110423,0.025212822517361143,5.18700893246178,5.160923563754036
1087000,143.42361111111111,1.4627379493245785,1.4598236193882164,1.375410991445715,1.5527714237926373,0.01725534870830412,0.025212258958598233,5.187644036482851,5.161815787810272
1087500,143.48958333333334,1.4625187190659719,1.4593552983203895,1.3755046526419084,1.5525165574439899,0.017257302571439807,0.02521158914077462,5.188188921255257,5.163361442691804
1088000,143.55555555555557,1.4623245307400725,1.4592571946464148,1.3750348837973214,1.5523440099031771,0.01725926219747181,0.02521089902286691,5.188728313101994,5.162625282646342
1088500,143.62152777777777,1.4621119095758843,1.459060453152302,1.374899583876267,1.552229091591161,0.017261469832684354,0.025210232148355927,5.189324297810444,5.163346338313904
1089000,143.6875,1.4618786588299684,1.4586888474245927,1.3748294284901676,1.5522312646170855,0.01726353099982664,0.025209505762665542,5.189871572769035,5.16476506381987
1089500,143.75347222222223,1.4616750819280917,1.4586484793925671,1.374371256486784,1.551596957089037,0.01726546388622962,0.02520873431366006,5.190512811211533,5.165848005894487
1090000,143.81944444444446,1.4614613967277226,1.4582938131654681,1.3741163625185369,1.551597805309778,0.01726758702668753,0.025208044505425,5.191113796730642,5.16580311766075
1090500,143.88541666666669,1.461227797379953,1.4580538616552792,1.3740780244205242,1.5513773114306204,0.01726972469285503,0.025207287811135726,5.191830184820456,5.166161222797031
1091000,143.95138888888889,1.4610111586000782,1.4579046631934793,1.3739144394324643,1.550846856045362,0.01727177037224582,0.02520655412699462,5.192438146693236,5.167417736397523
1091500,144.01736111111111,1.460790871650028,1.4576846378666648,1.3736429854686563,1.550875268325376,0.017273941423724362,0.02520575899788673,5.193045162077582,5.1688320222444215
1092000,144.08333333333334,1.4605413750844003,1.4573757932661615,1.3737123434458929,1.5504231273395663,0.01727617606088826,0.025204957044951737,5.193653360787786,5.168423849871169
1092500,144.14930555555557,1.460311202473402,1.4574485134733224,1.3736638826774112,1.5499201119533308,0.01727838384350782,0.02520419866645495,5.194336079363567,5.168634544678372
1093000,144.21527777777777,1.4600866725484203,1.4569806875604931,1.373102332016039,1.5498096318668386,0.017280581140920077,0.025203548474022907,5.1949382256343695,5.1687360067118515
1093500,144.28125,1.4598595681390352,1.4566418270529997,1.3731077285627558,1.5497810375631933,0.017282689359382403,0.02520275675919986,5.195500627255722,5.170388232542788
1094000,144.34722222222223,1.4596296667939195,1.4566287953778239,1.3728178780304425,1.5493261446240147,0.017284855639892602,0.025201910194623926,5.196170450386853,5.171247091715934
1094500,144.41319444444446,1.4594092245992762,1.456350030301149,1.372448344639852,1.5491644210214353,0.017287102856640053,0.025201193978417046,5.196953802376956,5.171665875251099
1095000,144.47916666666669,1.45916686939233,1.4560961878744967,1.3719288293611376,1.5492692727557213,0.017289471136866637,0.02520050304403496,5.197553467512291,5.1733107687256155
1095500,144.54513888888889,1.4589386174270138,1.4557424661240217,1.3718868634496333,1.5489838037626618,0.017291655390589293,0.02519971480141707,5.198248874309465,5.172717845625104
1096000,144.61111111111111,1.4586965257559874,1.455705360453243,1.3716135839503556,1.5482272704698539,0.017293971146798277,0.025198989486125162,5.199038851976493,5.173340556863474
1096500,144.67708333333334,1.4584438777909994,1.4554205169285077,1.3717214006280574,1.5480418947347354,0.017296414145968483,0.025198138843834424,5.199688197879547,5.175434215764583
1097000,144.74305555555557,1.458189584483453,1.4550721445914778,1.3714937516398944,1.5477327882763987,0.0172987165654566,0.025197338265624702,5.200297854845258,5.174562508910872
1097500,144.80902777777777,1.457958430953838,1.4547470275219394,1.3712106155612285,1.547616942639988,0.017300978807262286,0.025196538816300455,5.200945243694549,5.175126842007839
1098000,144.875,1.4577159753720093,1.4548661147993411,1.3707439347308792,1.5469836422893812,0.017303312309111984,0.025195841152017638,5.201678200149041,5.1754864326153935
1098500,144.94097222222223,1.4574802738230086,1.4545244484177995,1.370605646126355,1.5469330370405756,0.017305667636908138,0.025195046688488217,5.2024269154175915,5.177702857942559
1099000,145.00694444444446,1.4572230945303308,1.4541712062136782,1.3707062729392883,1.5466548954934258,0.01730797454942982,0.02519415064556446,5.203043300018173,5.178728294172414
1099500,145.07291666666669,1.4569933898290275,1.454032479103006,1.3701552338029224,1.5468328223042156,0.01731037507140891,0.0251934636926617,5.203680777310753,5.178381900299938
1100000,145.13888888888889,1.456745707278863,1.4537016241990999,1.3700368543950117,1.546257351286699,0.017312659606285075,0.02519261134371051,5.204524598809805,5.179242541468321
1100500,145.20486111111111,1.4565140731780353,1.4533603020957795,1.3697175212400343,1.545966614817038,0.01731512735479502,0.02519191735599088,5.205114065868018,5.180389934327858
1101000,145.27083333333334,1.456261532846228,1.4530855952060333,1.3698344521858519,1.5456795509246581,0.01731736870576457,0.025191216977263276,5.205812183924808,5.1813101713228065
1101500,145.33680555555557,1.4560253869097877,1.4529789381593412,1.3692696554139143,1.5456630197461516,0.017319717791500988,0.02519048043289072,5.206473063104406,5.181224426268386
1102000,145.40277777777777,1.4557940542438168,1.452729063063225,1.369350541251345,1.5452385222791745,0.01732199558182455,0.025189650906029145,5.2071567037645154,5.182006397908875
1102500,145.46875,1.4555480281939448,1.452547134191835,1.3690133739890866,1.5449184101855864,0.017324372687086385,0.025188900406200046,5.207982058280436,5.1830952469800735
1103000,145.53472222222223,1.4552918427466357,1.4520734058689986,1.3687052267776316,1.5447825985868961,0.017326791562553238,0.02518806766348584,5.208691252742455,5.183180203594041
1103500,145.60069444444446,1.4550508077875093,1.4520669457670141,1.3684554713404085,1.5445795089309913,0.017329183907008484,0.025187370524180755,5.209516111064136,5.183470472971978
1104000,145.66666666666669,1.4547849447823615,1.4515331278961416,1.3685981148441555,1.5440493316146742,0.01733172349450975,0.0251866017573523,5.210178714474756,5.184626070945262
1104500,145.73263888888889,1.45455377160121,1.4513843926526713,1.3682146505254356,1.543642379966533,0.017334072545792632,0.025185859015608245,5.210964677289304,5.185992165120215
1105000,145.79861111111111,1.4542890043647407,1.4512834416446103,1.3680617986182593,1.543321422620033,0.017336593214995723,0.02518507320994705,5.211659247354583,5.186419728658981
1105500,145.86458333333334,1.4540612620674833,1.4510557184309372,1.3675125208469774,1.543390253230858,0.01733893924225864,0.025184324870426846,5.2123532120495515,5.186599798616445
1106000,145.93055555555557,1.4537992551142886,1.4507364786359853,1.3674327610876054,1.543042896718388,0.017341361098438476,0.02518361726415673,5.213039020719915,5.188993280279392
1106500,145.99652777777777,1.453585926443162,1.450534051998034,1.3670629351297383,1.5430419508407802,0.017343744493056566,0.02518294896562501,5.213805583560801,5.18849940292437
1107000,146.0625,1.4533370352512611,1.450218199948375,1.3668399089653946,1.542742880436903,0.01734607718871865,0.025182161120466246,5.214603689456943,5.189922394055639
1107500,146.12847222222223,1.4530964440167051,1.449996051999865,1.3666872342842082,1.5424244223068202,0.017348480660082304,0.02518145332997722,5.215272323975312,5.190912704772498
1108000,146.19444444444446,1.452841630297424,1.4497019930357333,1.366246394134021,1.5422517686317578,0.01735101142314806,0.02518061182376465,5.216003725428091,5.191179350524242
1108500,146.26041666666669,1.452577789821186,1.4492978639486593,1.366400241434314,1.5417796191936881,0.0173534149964381,0.025179828978020038,5.216841938821648,5.191491912049386
1109000,146.32638888888889,1.4523231729807713,1.4492087944919227,1.3657345413741502,1.5418335671403107,0.017355906935296567,0.025179070328033713,5.217535090171835,5.19253166308758
1109500,146.39236111111111,1.4521036425424667,1.449047845604905,1.365419893691409,1.541361272456506,0.01735828922384284,0.025178394069225465,5.218438189993,5.192024423306931
1110000,146.45833333333334,1.451832019012136,1.4488476120130185,1.3656660808859025,1.5405784189746106,0.01736072233069508,0.025177599359878115,5.2190654917166555,5.193218315970849
1110500,146.52430555555557,1.451589048957608,1.4484988147772762,1.3654255232347858,1.540640276850261,0.017363280683782206,0.025176850299103798,5.2198237645877965,5.1935376093839825
1111000,146.59027777777777,1.4513403875007669,1.4484266978002507,1.3650151977831855,1.5404249744116323,0.017365643422829567,0.025176150617478597,5.220672687236045,5.195672535926599
1111500,146.65625,1.4511171565401693,1.4480427897640307,1.3647978480203475,1.5403381085915817,0.017367974872549704,0.02517549700465371,5.221359767506217,5.196033539767932
1112000,146.72222222222223,1.4508896535149538,1.4478588898160942,1.3649114545398802,1.5397224858842082,0.017370280097144756,0.025174803309121467,5.222103513380045,5.195656905558852
1112500,146.78819444444446,1.4506463406477386,1.44767427481586,1.3642755982357073,1.5397368902805069,0.017372761547227843,0.025174039461823214,5.2227932792965435,5.198274666983144
1113000,146.85416666666669,1.4503917478952193,1.4475016022993188,1.3638872713705088,1.5390773128030357,0.017375223965739893,0.02517342091772167,5.223686127829178,5.198776967489504
1113500,146.92013888888889,1.4501501049500567,1.4471391670778782,1.3639350741824936,1.5390556386869578,0.017377580258388665,0.02517272277384454,5.224417164487656,5.198481085047315
1114000,146.98611111111111,1.44991320395324,1.4469520590345728,1.363922986179852,1.5385376161171216,0.017379907211516093,0.02517201796659693,5.225271886271929,5.199563110223463
1114500,147.05208333333334,1.449670584917035,1.446688478579167,1.3635988857462387,1.5388350328022389,0.017382346047032933,0.02517140941061969,5.225947428843597,5.200722984755844
1115000,147.11805555555557,1.4494205991636162,1.4463862783643189,1.3633716852745814,1.5383876572451096,0.017384846203653274,0.02517068787521462,5.22680390110499,5.202583555839232
1115500,147.18402777777777,1.4491957711420982,1.4462223620940113,1.3631057890678493,1.5380671650653315,0.01738720283857943,0.02517003099453311,5.227492399209939,5.202861641141794
1116000,147.25,1.4489546293522118,1.4458223710547191,1.3630235018628052,1.5378878831900047,0.017389658270732154,0.02516944763079739,5.2282785798341225,5.2026301989439325
1116500,147.31597222222223,1.448722170812091,1.445682778717646,1.3627278730605243,1.5375578387428495,0.017392057359727375,0.025168758859602333,5.229155751684039,5.203337406309235
1117000,147.38194444444446,1.4484732020565196,1.445282439754596,1.3627277628030872,1.5372085854920479,0.017394365967759572,0.02516814330743137,5.22982694360899,5.204824781016118
1117500,147.44791666666669,1.4482333592646526,1.4450936065742566,1.3622934641111701,1.5370151409103894,0.017396903775950778,0.02516734801226453,5.230688456728792,5.204946185386162
1118000,147.51388888888889,1.4479854750795442,1.4448888044626342,1.362056591156656,1.5366148893456817,0.017399332032844276,0.02516679513813564,5.231430003643059,5.206472329669769
1118500,147.57986111111111,1.4477310031784327,1.4446966051116512,1.3619896275465069,1.5365272493319542,0.01740186448947599,0.02516603876026064,5.232312021366591,5.20665981051376
1119000,147.64583333333334,1.4474929693892196,1.4445779626640989,1.3615200011806579,1.5358508331410403,0.01740435350242508,0.025165381413958948,5.233094189645339,5.209441353237073
1119500,147.71180555555557,1.4472499652594077,1.444154329876055,1.3617413841972161,1.53561355506912,0.017406786520129218,0.025164802435642477,5.233847413906937,5.208333762039274
1120000,147.77777777777777,1.447017971450251,1.4439043527303048,1.3609996112110718,1.5359374894634075,0.017409265109007865,0.025164119111624788,5.23469442239057,5.209662522847172
1120500,147.84375,1.4467723435588051,1.4438531918338544,1.3607462531879715,1.5356623482283225,0.017411694678768644,0.025163442885642182,5.235455295841085,5.208658767218552
1121000,147.90972222222223,1.4465203205460297,1.4433847583194224,1.360582711935006,1.5352069603245804,0.01741421270820532,0.02516273017994588,5.236260853837599,5.210937440279699
1121500,147.97569444444446,1.4462609434928788,1.4433490713104613,1.360437095705913,1.5347547752891044,0.017416793625320035,0.025162110612502307,5.237043898387614,5.211413162735193
1122000,148.04166666666669,1.4460377846826626,1.443026575286285,1.360079601023278,1.5349534471575845,0.017419256350460145,0.025161379980629433,5.23799190332957,5.21244789270844
1122500,148.10763888888889,1.4457861711906175,1.4427911138169782,1.3601843447725392,1.534348851538309,0.01742168984216881,0.02516073899547571,5.238767449404533,5.212614836788852
1123000,148.17361111111111,1.445526290385365,1.4426028589121778,1.3600821036588415,1.5335860386110274,0.01742417552436602,0.025160063412270218,5.239331829679796,5.2137324669648955
1123500,148.23958333333334,1.4452939947072503,1.4423983126731272,1.3593823438228476,1.533869070609559,0.017426667185420876,0.025159398040813394,5.240320380262266,5.214371950915995
1124000,148.30555555555557,1.445062743671633,1.4419149138457685,1.35928063804248,1.5339732124126533,0.017429186440063322,0.02515873665237248,5.241176368678324,5.21554329027004
1124500,148.37152777777777,1.444807103804581,1.4416474865411817,1.3593326727692272,1.5331499008549883,0.017431645286243736,0.025158190310373127,5.241884342311239,5.215012291769637
1125000,148.4375,1.4445883110904532,1.441620555167256,1.3586853761893953,1.53327531469531,0.01743406356451143,0.02515755463584153,5.242677198572268,5.217830967083693
1125500,148.50347222222223,1.4443380581182996,1.4413212261489747,1.3585674925485716,1.532916958597421,0.017436512304593466,0.02515706897931576,5.243510316700568,5.2175885937481175
1126000,148.56944444444446,1.4440930084981787,1.4410599153519281,1.3585495327210695,1.5324754138641907,0.017439013941864232,0.025156346484347177,5.244353524056165,5.218782829408106
1126500,148.63541666666669,1.443864255355485,1.440853537186007,1.3582589689143076,1.5320958885388998,0.01744145556554647,0.025155813899483587,5.245120580347769,5.219919240906185
1127000,148.70138888888889,1.44362350101864,1.4405273545674842,1.3580772248174737,1.5320022986188722,0.017443820286926023,0.02515516787139726,5.245997498752793,5.2199320125597675
1127500,148.76736111111111,1.4434054159577252,1.4404107763318725,1.3579921502585512,1.5318306637513817,0.017446216154266975,0.025154541817085437,5.246738528748547,5.220987891214039
1128000,148.83333333333334,1.4431433368630149,1.4400160803069895,1.3577554632058666,1.5314981419557743,0.017448683500859895,0.025153948289724712,5.247628001054577,5.221516869550406
1128500,148.89930555555557,1.4429192097784524,1.439722719926851,1.3573687002139803,1.531215109487637,0.017451161610525467,0.025153452584593186,5.248417538042631,5.222373674448991
1129000,148.96527777777777,1.4426920607676121,1.4398919931856233,1.3569590447391322,1.5309203441187493,0.017453598171534905,0.02515290032263207,5.249217126976788,5.223128635910809
1129500,149.03125,1.44243651482134,1.4393303173926801,1.35725667276163,1.5305759755974782,0.017456089670762225,0.025152244881058432,5.249860316090702,5.224756400126862
1130000,149.09722222222223,1.4422167493985745,1.4392836139385263,1.3564273056051275,1.530440786035301,0.017458474614709767,0.02515171370430696,5.250782939364864,5.225176060589813
1130500,149.16319444444446,1.4419770699655072,1.4390183444695568,1.3564780442336233,1.5300530593062378,0.017460860281435356,0.025151053923872655,5.251620302132352,5.225657336279978
1131000,149.22916666666669,1.4417649038928695,1.438594179516417,1.3561022270272354,1.5303779663923112,0.01746325935871158,0.025150577648858145,5.2523435478358405,5.227672949087696
1131500,149.29513888888889,1.4415194467971357,1.4385165205361945,1.3562066007684623,1.5298598341753484,0.01746568513062722,0.025149975104349187,5.2531848014539495,5.228004335832386
1132000,149.36111111111111,1.4412948488103092,1.4382926106419875,1.3559632070039997,1.529431488743451,0.017468090196571317,0.02514948137932937,5.254049347576435,5.228303204877656
1132500,149.42708333333334,1.44107181229897,1.4379515333498145,1.3553959419100556,1.5292897393456832,0.017470464584033178,0.02514896138614619,5.2547228984645376,5.229229416854013
1133000,149.49305555555557,1.4408305842075517,1.4379385865316971,1.3556021665925346,1.5286294968835752,0.017472812005884016,0.025148399379456673,5.255439752010912,5.2301765872957215
1133500,149.55902777777777,1.4406032619979348,1.4374898100788074,1.355492785196978,1.528598808782387,0.017475306786954962,0.02514786293203306,5.2563302361846755,5.231789018775576
1134000,149.625,1.440386648395504,1.4372419321297674,1.3549456910129152,1.528611219359305,0.017477659364442528,0.02514735911148828,5.257041240324921,5.230054349405826
1134500,149.69097222222223,1.4401465726954337,1.4372265186755135,1.3548425564949995,1.5280951462624808,0.017480042604352816,0.02514682687573223,5.257751295512029,5.232449428806177
1135000,149.75694444444446,1.4399470171164443,1.4369413655846472,1.3545641917980311,1.52801447884375,0.017482399672600922,0.025146422632345775,5.258606443987449,5.232292823030596
1135500,149.82291666666669,1.439709731871097,1.4366904320452791,1.354531932770049,1.527691782434873,0.017484730734047976,0.025145916390887205,5.259463686386207,5.232484717962551
1136000,149.88888888888889,1.4395145549440165,1.4363967200428767,1.3541271696001815,1.5277428627217078,0.01748697916648493,0.025145525383258767,5.260142785634135,5.233572909543851
1136500,149.95486111111111,1.4392743171447775,1.436217933432045,1.3543488565723096,1.5270616165427136,0.017489327921107176,0.02514510283007386,5.2609913513072755,5.234694115612683
1137000,150.02083333333334,1.439070094156538,1.4360861109325538,1.3539936935948462,1.5268772345933401,0.017491662091260046,0.025144631619584957,5.261742199212558,5.235597926357688
1137500,150.08680555555557,1.4388516185072135,1.4358095092591907,1.3536900355276744,1.526954779253423,0.017493984682333645,0.025144147086490865,5.262573751272638,5.2366926434449645
1138000,150.15277777777777,1.4386502155444418,1.4356188898532634,1.353626513026284,1.5264344794713742,0.017496200410570067,0.025143870374009558,5.263245694751022,5.237445647231561
1138500,150.21875,1.438441006094815,1.4354391215182802,1.353220380368371,1.526516283714241,0.017498494684481433,0.025143362673433582,5.263965615583534,5.237689621715516
1139000,150.28472222222223,1.438218774582698,1.4352343984574176,1.3531008427733249,1.5261296042098245,0.017500799321623177,0.025142958186066825,5.264952361600139,5.238818789099125
1139500,150.35069444444446,1.4380265628844477,1.434988248777914,1.352456355122451,1.5261633579814746,0.01750304280375243,0.025142632910476945,5.2657092135514585,5.239116216064992
1140000,150.41666666666669,1.4378132477320145,1.4346832262817795,1.3526403298788063,1.525840614405043,0.017505297915683542,0.025142253134066372,5.266434542313877,5.239866655155899
1140500,150.48263888888889,1.437597211622214,1.4345310101179511,1.3527270004441776,1.5254423177618415,0.017507530929681825,0.025141789561135736,5.267134767606757,5.241487233783001
1141000,150.54861111111111,1.4374002578341367,1.4344093298197955,1.35196834879209,1.5252404035124139,0.01750986617748755,0.02514144098512463,5.267901522761158,5.241492004004766
1141500,150.61458333333334,1.4371839370345867,1.4340243971131388,1.3522013326978826,1.5252075862339294,0.0175121430506368,0.025141039011942798,5.2686663175116895,5.243552226403578
1142000,150.68055555555557,1.436963826986159,1.433954272274068,1.351763268561009,1.5250165937447484,0.017514454907821535,0.02514053902335143,5.269507240861155,5.24212643647474
1142500,150.74652777777777,1.4367513914962988,1.4335353550168908,1.3518593415106395,1.5248111264397832,0.017516685641848856,0.02514019381525129,5.2701288325784486,5.244261852662227
1143000,150.8125,1.4365423603190641,1.4334997868962738,1.35148750813071,1.5242815243794638,0.01751903857837122,0.025139876352136235,5.270915103858573,5.244994441515011
1143500,150.87847222222223,1.4363205944786208,1.4334215339306864,1.3513360357422894,1.5240320292874823,0.017521363215369894,0.025139445228001905,5.271710678310484,5.245419656814632
1144000,150.94444444444446,1.436136425857914,1.432954153979995,1.3509505289204928,1.5243159593000846,0.01752364320664828,0.025139153339016493,5.272513916835877,5.246487747365741
1144500,151.01041666666669,1.4359315073579129,1.4327540746688976,1.3509732870484594,1.523726033104966,0.01752576856397614,0.025138747357521214,5.273189485699263,5.246931111758228
1145000,151.07638888888889,1.435731441674245,1.4327802850071087,1.3508770461892392,1.5236058892577182,0.017528072245346586,0.025138503755030246,5.273919570331468,5.248101308158173
1145500,151.14236111111111,1.4355173043246703,1.4324313778847355,1.3506325236621752,1.5230344077080307,0.01753035350311285,0.02513826732437696,5.274678639334186,5.248731103720662
1146000,151.20833333333334,1.4353094871110184,1.4320918483431404,1.3506220558078992,1.522869027523476,0.017532611996027167,0.025137826456300232,5.275394931768317,5.2486463399127885
1146500,151.27430555555557,1.4351148870701906,1.4320332301057386,1.3502069854994603,1.522892741395013,0.017534861829345768,0.025137495497270547,5.276140999112113,5.249181668294167
1147000,151.34027777777777,1.434914093837151,1.431777807460744,1.3501059813648024,1.5226057745857426,0.017537022337897022,0.025137136022110994,5.276941785502828,5.249727563369344
1147500,151.40625,1.4347050283938447,1.4317611006800228,1.3499475594499146,1.5222706683692624,0.017539256572822882,0.025136789093561363,5.277597039996684,5.251702045241603
1148000,151.47222222222223,1.4345221262644308,1.4314932974507781,1.349633983182672,1.522367462899864,0.017541472664205127,0.025136527904924603,5.278283071602705,5.250726172730031
1148500,151.53819444444446,1.4343071085770482,1.4313083610413897,1.3497987150968116,1.5215423907285959,0.017543678942445497,0.02513621061546445,5.279082548788592,5.251826457510332
1149000,151.60416666666669,1.4341113343266636,1.4311861418227905,1.3495235399857868,1.521835078401181,0.01754591485363066,0.025135848639360577,5.279750675750811,5.253713755971941
1149500,151.67013888888889,1.4339325007325825,1.43099780589588,1.3490736954641909,1.5212485418359543,0.017547993854982024,0.025135617542872503,5.2803684864486,5.255780038261311
1150000,151.73611111111111,1.433723915744265,1.430594180628587,1.3489325678187876,1.5212170796415272,0.0175501911559894,0.02513539310800482,5.281099224724589,5.254412524620192
1150500,151.80208333333334,1.4335275560507046,1.4303730004652593,1.3489763203081642,1.5209739806246931,0.017552533640981853,0.025135068177952163,5.281920811420012,5.253957191729281
1151000,151.86805555555557,1.4333447315828813,1.4303151476065112,1.3484025930057115,1.5210975957232185,0.017554633292878735,0.025134808691950585,5.2825675095610665,5.2555187751038
1151500,151.93402777777777,1.433139311662283,1.4301257477897624,1.348696649809869,1.5205931214145572,0.01755683936296672,0.025134522941759812,5.2832796863268285,5.25520721914611
1152000,152.0,1.4329403898263833,1.4298174349131112,1.3482031585456649,1.5204432186412127,0.017559053167013717,0.025134290777011698,5.284014334233575,5.257510049613469
1152500,152.06597222222223,1.432761121384718,1.4296249606033355,1.3479164948171878,1.5206347931958366,0.01756118636454271,0.025134072242849723,5.284820070566772,5.257577740831405
1153000,152.13194444444446,1.4325770418668748,1.4294320645292964,1.347771817601219,1.5204975649205277,0.017563337546117688,0.025133899804286836,5.285432813768371,5.259023523833401
1153500,152.19791666666669,1.432393201476859,1.429217562921304,1.3478075909429774,1.5198521184376865,0.017565460985191024,0.025133643074047893,5.28594820952939,5.259096971432601
1154000,152.26388888888889,1.4322013327585004,1.4291008062507973,1.3475327055810125,1.519727457673082,0.01756763174895509,0.025133429506637748,5.28672943314417,5.259888090397359
1154500,152.32986111111111,1.4320118124757404,1.4289206008441915,1.347302643510282,1.519725259205276,0.017569722276544533,0.02513321598923254,5.287432183753979,5.260974417240457
1155000,152.39583333333334,1.4318328235564985,1.428737250740816,1.3472041355484206,1.51949886544037,0.01757179929818264,0.02513294057518333,5.288046060563863,5.260498202571733
1155500,152.46180555555557,1.4316531840446907,1.4285975969415163,1.3469211387244142,1.518895339689199,0.017573873696583565,0.025132689965061645,5.288664007148531,5.26142472305567
1156000,152.52777777777777,1.4314742497257456,1.4284043224554344,1.3469811822263473,1.5188151398693344,0.017575926235906904,0.02513259654828735,5.2895213759518285,5.261177283773207
1156500,152.59375,1.4312869646074526,1.4281568896160959,1.346931610359345,1.51847230429366,0.017578072989664947,0.025132358325540578,5.29012618154779,5.263221990327825
1157000,152.65972222222223,1.4311007739423418,1.4278368892540487,1.3464655391669416,1.518640078491185,0.017580116584998938,0.025132112236350375,5.29070249118132,5.262718751473063
1157500,152.72569444444446,1.4309252993022343,1.4280011605463048,1.346427989860197,1.5178792238099845,0.017582258373252568,0.025131930142683473,5.291281366056129,5.26438016642739
1158000,152.79166666666669,1.4307559294410468,1.4276331653946044,1.3460579912239836,1.518322162906784,0.017584307896867636,0.025131932303769387,5.291995666289503,5.265078083390596
1158500,152.85763888888889,1.4305795619688506,1.4274786107620518,1.3459937923451655,1.5182268323465982,0.01758631874826747,0.025131833571431287,5.292604793434268,5.266135686433774
1159000,152.92361111111111,1.430421750425533,1.4272767171440859,1.3458806933745393,1.518051872111272,0.017588299293713087,0.025131659392907384,5.293230752647091,5.265996338568407
1159500,152.98958333333334,1.4302343146079768,1.4272209987210607,1.3457570303188815,1.517623241281365,0.017590419372458095,0.025131531862248518,5.293893775732923,5.2664361802848445
1160000,153.05555555555557,1.4300473884609812,1.427063720787619,1.345522915858222,1.5173199286244867,0.017592440550977105,0.025131293608873635,5.2944920665967175,5.268061061299548
1160500,153.12152777777777,1.4298870968011448,1.4268815180285288,1.3453915458793406,1.5174308879334437,0.01759450054350442,0.025131309678062916,5.295264876028866,5.268279183838914
1161000,153.1875,1.4297202968079512,1.4268256116849294,1.3451861845281268,1.5172535408083951,0.01759645839205535,0.025131131934968798,5.295876734381846,5.267952759641746
1161500,153.25347222222223,1.4295444333036729,1.426376401744022,1.3451369863502043,1.5166404187192435,0.0175985134307591,0.0251309995342497,5.296578879151471,5.268844594741614
1162000,153.31944444444446,1.4293767999304785,1.4264824953919826,1.3448997924124968,1.5164856957176118,0.017600523823188146,0.0251308575838243,5.297112798578665,5.268733239213279
1162500,153.38541666666669,1.4291988013957297,1.4261153667671431,1.344756053084667,1.5162166202593261,0.0176025594741829,0.025130778351781825,5.297838113517986,5.270126143741589
1163000,153.45138888888889,1.4290428955261198,1.426061294934521,1.344531772700933,1.516180807229547,0.01760449044634052,0.02513064013438152,5.2982560906874445,5.270768332854009
1163500,153.51736111111111,1.4288627931908857,1.4258247655371563,1.3442881708587824,1.5161344823455392,0.017606622311178058,0.02513057506674249,5.29907603582177,5.271162159802785
1164000,153.58333333333334,1.428695806236486,1.4256988369500196,1.3442280693866393,1.5158894678063164,0.017608655922353722,0.025130512354908475,5.299656984147831,5.270682692545018
1164500,153.64930555555557,1.4285121414635853,1.4254169917443729,1.3440353626027526,1.5159081993351544,0.017610821803299922,0.025130386729055387,5.300366892748943,5.273296389273154
1165000,153.71527777777777,1.4283409495834296,1.4253464683340122,1.343809315934997,1.5153248856097294,0.017612854771711407,0.0251303461576737,5.300901445501717,5.273596174719739
1165500,153.78125,1.4281888190425132,1.4250454138982747,1.3436234090511738,1.515819546772716,0.01761488068257928,0.025130202763728272,5.301690920016467,5.2726968665508425
1166000,153.84722222222223,1.4279869009215092,1.4250649590147604,1.3436150688749033,1.5152596439921742,0.01761702189406092,0.02513011011038393,5.30224627991697,5.2743398885173995
1166500,153.91319444444446,1.4278142182776434,1.4248276596154994,1.3435299947799264,1.5146983962835758,0.017619059201561905,0.0251300540686898,5.302906971672814,5.275407978637174
1167000,153.97916666666669,1.4276255884651023,1.4245544281015101,1.3436684057899362,1.5144095529470638,0.017621186516289973,0.025129923754633108,5.303469326162196,5.275592766141038
1167500,154.04513888888889,1.4274510348676652,1.42460557495644,1.3431338749034105,1.5143840171350602,0.017623307351536038,0.025129789644026783,5.3041309715650415,5.275500264314517
1168000,154.11111111111111,1.4272827093287943,1.4241361853881145,1.3430624010151608,1.5143630394200345,0.017625421195636898,0.02512977861860201,5.3048280572290745,5.27799721662692
1168500,154.17708333333334,1.427104346274417,1.4240736120606907,1.3428917931361144,1.5142797071833884,0.01762759334724676,0.025129583674741628,5.305574316923881,5.278576572523934
1169000,154.24305555555557,1.4269219902217825,1.4238769030846685,1.3424542813803417,1.5139043678415054,0.0176297226728312,0.025129379643210634,5.306098521773202,5.278947214030546
1169500,154.30902777777777,1.4267360780618954,1.4236809033448945,1.3425127476993164,1.5136617089186286,0.017631854122152416,0.02512920944998493,5.306796326938343,5.278180514967497
1170000,154.375,1.4265521660343816,1.4236642373074895,1.3422366040014877,1.5136103510903558,0.017634073917816025,0.02512908618373884,5.307370307528749,5.280638448165588
1170500,154.44097222222223,1.4263599601394217,1.4234691047411527,1.3421995338849624,1.5133118504283005,0.017636246202760886,0.02512900308739724,5.308195703093481,5.279151015785691
1171000,154.50694444444446,1.4261869309857254,1.4231190207608062,1.342277731315748,1.5129649689568059,0.01763847300655461,0.025128873871835745,5.308851650073552,5.281650296307537
1171500,154.57291666666669,1.4259963067624088,1.422916405810839,1.3419914027911757,1.512653891789483,0.017640648572318715,0.025128705409704015,5.30960000967183,5.2819862667478485
1172000,154.63888888888889,1.4258025778072916,1.422752741058866,1.3413964071860283,1.5129122506375543,0.017642890322412307,0.025128524654117714,5.3101982746542715,5.281710424422108
1172500,154.70486111111111,1.425616619365249,1.4225985836190391,1.3415647865702134,1.5124733923165012,0.01764511996176309,0.0251282993740792,5.310898912171795,5.282850292229347
1173000,154.77083333333334,1.42542604007781,1.4224032931502073,1.3413044703381036,1.5123991805024506,0.017647256759522896,0.025128111319764578,5.311472050614001,5.283180444775125
1173500,154.83680555555557,1.4252364569788356,1.4224380489969128,1.3409267926897006,1.5118665173018426,0.017649521068872333,0.025127942915605554,5.312318761140766,5.284102946724831
1174000,154.90277777777777,1.4250438391978046,1.4221710107026722,1.3408924036483358,1.5119780630235153,0.01765174896513782,0.02512780633215373,5.312837350990747,5.284586725963594
1174500,154.96875,1.4248354266561367,1.4217926412666417,1.3407004900906012,1.511807210795126,0.017654056208909034,0.02512754428320169,5.313640889189316,5.284874984060018
1175000,155.03472222222223,1.4246639860803716,1.4215598468353008,1.3407018422395587,1.5115912558625961,0.017656289877322085,0.02512746534139565,5.314322579118353,5.286197938378017
1175500,155.10069444444446,1.4244716329517029,1.4213952147040838,1.340318851372003,1.5113371901821686,0.017658517258559957,0.02512719668995631,5.315016076892349,5.285289587680687
1176000,155.16666666666669,1.4242603026106357,1.4213563379646574,1.3405120954844179,1.510819020009412,0.017660820388117233,0.025127138768480956,5.31585378122498,5.287743017961397
1176500,155.23263888888889,1.4240870078043115,1.4210441114768706,1.3400735704591271,1.5109757634138665,0.01766310948848707,0.02512703238929151,5.3163122151646425,5.287514258970829
1177000,155.29861111111111,1.423897768219634,1.4207595915341789,1.340263304299044,1.5105859699493454,0.01766528965631797,0.025126886913374443,5.317008569901583,5.288909418085834
1177500,155.36458333333334,1.4237046239569158,1.4206266168098935,1.339922161409067,1.5104264299533507,0.017667528717528688,0.025126697080276327,5.317790219223588,5.290091668264498
1178000,155.43055555555557,1.423494561315558,1.4205638623967647,1.339919670001669,1.5099970198097905,0.01766979941431662,0.025126519561283332,5.31833196058908,5.289710260869876
1178500,155.49652777777777,1.4233210260690197,1.4204831033526841,1.3391911437490718,1.509839463479835,0.0176721355962826,0.02512638681725698,5.319138066100722,5.291689999764751
1179000,155.5625,1.423116569823778,1.4199279316755593,1.3391778811682862,1.510159394491314,0.01767449652849,0.025126168665724043,5.319840672361562,5.291246335820924
1179500,155.62847222222223,1.4229092075713154,1.4198811487589706,1.3392211497956588,1.5093998770478705,0.017676821178079095,0.02512600599314905,5.320606264341366,5.2922145394015985
1180000,155.69444444444446,1.422722006960859,1.419624223665505,1.3390089800273794,1.5091052841298565,0.017679126556659618,0.025125860739601522,5.321410026360893,5.293529509120011
1180500,155.76041666666669,1.4225222416996597,1.4193473758327615,1.3388800223467072,1.509100945022295,0.01768148113301673,0.025125656412708867,5.322008706799441,5.293914908712758
1181000,155.82638888888889,1.4223417780019256,1.4192382514802508,1.3384494987270497,1.5090503289869175,0.01768379095982773,0.02512558982496443,5.322589998598318,5.295609958261538
1181500,155.89236111111111,1.4221435492129826,1.4191878644829707,1.3383307446151511,1.5090254840515227,0.01768607455568947,0.025125287967634614,5.32343306178962,5.29438996006731
1182000,155.95833333333334,1.4219440216143602,1.4189035249116912,1.33807619740611,1.5087602593144185,0.017688429775186764,0.025125177346725,5.3239774481486455,5.295784624608748
1182500,156.02430555555557,1.4217336818856023,1.4186215201487071,1.337941524285338,1.5084068896518232,0.017690902852885878,0.02512502573268261,5.3248437503993715,5.296370026791782
1183000,156.09027777777777,1.4215409762404194,1.4186078271137288,1.3377136848084104,1.5079575094847755,0.01769331246214629,0.025124943578283387,5.325675531962044,5.296527202999995
1183500,156.15625,1.4213434318653682,1.4183379471719735,1.3374810208876837,1.507624571701323,0.01769553802544947,0.025124735978158532,5.326265902466701,5.297340184840769
1184000,156.22222222222223,1.4211427700283366,1.4181539480220504,1.3372575315919717,1.5076925707502469,0.017697908950590674,0.025124573888300673,5.327004322444488,5.298464752575289
1184500,156.28819444444446,1.4209442637247938,1.417762042081545,1.337288378937897,1.507508112322447,0.017700277760375763,0.02512446686897645,5.327628084619283,5.298893626614137
1185000,156.35416666666669,1.4207279291895654,1.4177570301362388,1.3370130880737818,1.5070543940843963,0.017702676163752994,0.025124194148175627,5.328367192914063,5.299890471976763
1185500,156.42013888888889,1.420540824278854,1.4173215519040037,1.3370024078813856,1.5069575203084429,0.017705120405384814,0.025124096719096798,5.329200823092211,5.300527212900088
1186000,156.48611111111111,1.4203279565800602,1.4173784696746856,1.3366455701430027,1.5064421028889514,0.017707522032015505,0.025123813355421673,5.329874599359078,5.301083477154158
1186500,156.55208333333334,1.4201296050832908,1.416923794613007,1.3364435055436439,1.5067549787809038,0.01771001695812563,0.025123726779619437,5.3307863689991395,5.302399216777712
1187000,156.61805555555557,1.4199034111421494,1.4169848862585677,1.336026224769264,1.506264616041818,0.017712524639050098,0.025123470309878815,5.3315191646140025,5.303250449093931
1187500,156.68402777777777,1.419706891005434,1.4166074778111633,1.3361570284832887,1.5062166125948493,0.017714855984462922,0.025123225264667468,5.332095109561671,5.303542464535976
1188000,156.75,1.4194799894220036,1.4164578993335835,1.3357735860626772,1.5057933752198709,0.017717461980045906,0.025123046325343488,5.332806554585025,5.305184716550495
1188500,156.81597222222223,1.4192544263034508,1.4163097991045976,1.3359894201801255,1.5052770235036301,0.017719993620701494,0.0251229460795858,5.333758799689854,5.304997205663893
1189000,156.88194444444446,1.4190497352101596,1.416135133077569,1.3354305614836295,1.5051980912990919,0.017722615945140158,0.02512264714381957,5.334501455337627,5.30655074224627
1189500,156.94791666666669,1.4188282949394277,1.415763390586763,1.3356173018760318,1.5048928831395556,0.017725103603429694,0.02512241957092733,5.335213264130817,5.307186885083805
1190000,157.01388888888889,1.4186159701973358,1.4155089060986583,1.3348809250899554,1.5047854829493283,0.017727755830850303,0.025122309100711695,5.335956454608809,5.307300827809993
1190500,157.07986111111111,1.4184104704309581,1.4152396038389528,1.3349124483692028,1.5048886439483757,0.017730226457594624,0.025121937547933147,5.336771829769017,5.3079467447187305
1191000,157.14583333333334,1.4181756190411654,1.415224253064305,1.3348024413292192,1.5038712169391553,0.01773278757253299,0.0251217172870049,5.337585210450211,5.310386863003689
1191500,157.21180555555557,1.41794865585995,1.4149210786112936,1.3345574271000715,1.5038811449006992,0.017735405580892927,0.025121513620525192,5.33837766487394,5.310383092492132
1192000,157.27777777777777,1.4177348613860496,1.4147666082312098,1.3341706168790566,1.5039716096344482,0.017737923597119738,0.02512129828654519,5.33921390455293,5.310173540939907
1192500,157.34375,1.4175259288484972,1.4144179213759682,1.3342880720983725,1.5036280959887176,0.017740459191024138,0.02512105118883883,5.339994822400498,5.311476666824385
1193000,157.40972222222223,1.4173054328848005,1.4142667501963033,1.333894441032542,1.5035351275485533,0.017743029912834187,0.025120800330745353,5.340819206241976,5.313119983071762
1193500,157.47569444444446,1.4170893636261757,1.4141099750559065,1.3337420339986785,1.5032331849001461,0.017745590712886297,0.025120607174652955,5.341480766524644,5.312739959882372
1194000,157.54166666666669,1.4168750825045189,1.4138198169803027,1.3337577221606236,1.5028512580949989,0.017748169428477387,0.025120390053234586,5.342180073858881,5.314698596594779
1194500,157.60763888888889,1.4166470924094223,1.4137547554189211,1.3333392177640278,1.5027485471910693,0.017750784832845354,0.02512013017636015,5.343087466232838,5.3144426610705
1195000,157.67361111111111,1.4164394221282182,1.4133797093169924,1.3327320166404457,1.5028424644367462,0.01775343758661628,0.02511985000311168,5.3439342948250745,5.315644210610886
1195500,157.73958333333334,1.416204756305617,1.413216611471581,1.3328593596622427,1.502071573947363,0.017756094483356705,0.025119692862975343,5.344772242481559,5.31705783142829
1196000,157.80555555555557,1.4159807570797909,1.41313138010932,1.3326471511745557,1.5019079541241063,0.01775866580685628,0.025119406855621317,5.3456305718328085,5.3175189192752725
1196500,157.87152777777777,1.415753409110857,1.4126694618301945,1.332630613549008,1.501874935614088,0.017761373183929584,0.025119261413825505,5.3464430041431354,5.3192748857711045
1197000,157.9375,1.4155245487091632,1.412487454103958,1.3325027107762837,1.5012479100202192,0.0177640108069738,0.025118953472084794,5.347278508360967,5.318022577265177
1197500,158.00347222222223,1.4153016764428703,1.412359109181769,1.331996341970866,1.5012067551179302,0.017766709567416175,0.025118726899341574,5.3480374179671415,5.320019472829202
1198000,158.06944444444446,1.4150751887919346,1.412241119680107,1.331686954446008,1.5008850046899873,0.017769462129582022,0.025118513467172688,5.349011385935573,5.32091259700589
1198500,158.13541666666669,1.4148236023075629,1.4119896014649274,1.3314824193002206,1.5006949618786667,0.017772206051797527,0.025118156661629608,5.349697590239877,5.321627874554121
1199000,158.20138888888889,1.4145940156735104,1.4115532909871917,1.3313976226548507,1.5004934910674939,0.01777500375585923,0.025117907453118298,5.3506030708059376,5.32276683276811
1199500,158.26736111111111,1.414346533006664,1.4112495103911558,1.3315675388729427,1.4999761955460875,0.017777789344679457,0.025117572106492188,5.351547902371683,5.3227945459899155
1200000,158.33333333333334,1.4141227079743124,1.4112597828546947,1.3309558328483304,1.4996840487536431,0.017780594036989835,0.025117450275173765,5.352361496111672,5.322568332057598
