step,omega_ci_t,corr_A_deltaB,corr_A_Bmag,corr_A_Jdia,corr_A_rho_i
0,0.0,nan,nan,0.0017480928302416147,0.0008325383496638701
500,0.06597222222222222,0.00020520491306564315,0.0002052049130656421,-0.0011169010974007585,-0.001456188707250874
1000,0.13194444444444445,0.0011039495974473922,0.001103949597447393,-0.0007084745648623124,0.0016975891734747875
1500,0.19791666666666669,0.00025131035124380285,0.0002513103512438039,-0.002671883781238861,0.001034105751419189
2000,0.2638888888888889,0.0011269285804303185,0.0011269285804303177,-0.0012417266094543764,-0.00010418542987493231
2500,0.3298611111111111,-0.00020931782083987604,-0.00020931782083987834,0.0037672614018883187,-0.001419132565595088
3000,0.39583333333333337,0.004812586706547997,0.004812586706548,-0.0005176264256645631,0.003907805830552168
3500,0.4618055555555556,0.001148358316534317,0.0011483583165343154,0.00012966118730346686,0.0013611821749171746
4000,0.5277777777777778,0.0026629667013471172,0.0026629667013471146,-0.0011696248198964857,0.004183192134306652
4500,0.59375,0.0016819338665687207,0.0016819338665687233,-0.0014618753135923355,0.006756689885983883
5000,0.6597222222222222,0.006223333186428798,0.006223333186428799,0.004553729979864585,0.005300922176470369
5500,0.7256944444444444,0.00014569470801126616,0.0001456947080112623,0.0020614250792692036,0.0012832045791627434
6000,0.7916666666666667,0.002780827581005306,0.002780827581005304,-0.0012509334761604393,0.0008485124423244777
6500,0.857638888888889,-0.0008042711492883529,-0.000804271149288349,0.001101086764067029,0.0019139658185801682
7000,0.9236111111111112,-0.0007342986288476563,-0.0007342986288476619,0.0006721522388520568,0.0057490559672371795
7500,0.9895833333333335,0.0028871052937175902,0.0028871052937175907,0.0029634282288924394,0.001010248793458947
8000,1.0555555555555556,0.0005520611499276505,0.000552061149927649,-0.0020994610344182425,0.003232155238222294
8500,1.121527777777778,0.0031629952442258627,0.0031629952442258614,0.0013254890251055752,0.004550055487464993
9000,1.1875,-0.0027973480249733206,-0.002797348024973313,0.002121307998279821,0.004945123355223684
9500,1.2534722222222223,-0.0006726914294904632,-0.0006726914294904583,0.0016206965901078107,0.005961477029378276
10000,1.3194444444444444,0.0018971768670737069,0.001897176867073705,-0.002481798113244535,0.002567143168005446
10500,1.3854166666666667,0.003948012824896903,0.003948012824896906,0.003621213575502373,0.004259997445696901
11000,1.4513888888888888,0.0018437953028381786,0.0018437953028381726,3.713010461797775e-05,-0.001042814324464327
11500,1.5173611111111112,0.0025242407997424217,0.0025242407997424225,0.002583908014849925,0.002613818772309988
12000,1.5833333333333335,0.002320179844080412,0.0023201798440804127,0.0034627331003622805,0.0012966343619778338
12500,1.6493055555555556,0.0045682030623032865,0.004568203062303292,0.002717792765455512,0.0022881664479208336
13000,1.715277777777778,0.003817613553156393,0.0038176135531563936,-0.004421749702891287,-0.00044572552045288007
13500,1.78125,0.004494185284525233,0.004494185284525234,-0.0029804844009451363,0.0005629278254914985
14000,1.8472222222222223,-0.005075359252695242,-0.0050753592526952464,0.0013256470477398992,0.004946151715325002
14500,1.9131944444444446,0.0025788435309089183,0.002578843530908912,-0.0005491873020705669,0.0011906477775502845
15000,1.979166666666667,-0.0006884693414859575,-0.0006884693414859585,-0.0020726158260570816,0.0018533255898627076
15500,2.045138888888889,0.004600676155508617,0.004600676155508619,-0.00025440090237822114,0.007639541495020613
16000,2.111111111111111,0.0032866354000721625,0.0032866354000721616,-0.0018012161076607727,0.0011272948947571853
16500,2.1770833333333335,0.002632870128900952,0.002632870128900952,-0.004233746759664273,-0.0022468040457813776
17000,2.243055555555556,0.001990300693776533,0.0019903006937765336,-0.0028443099074275864,0.002084030125200475
17500,2.3090277777777777,0.0001225884126169194,0.00012258841261691847,0.0029973395559286446,0.005422396018970358
18000,2.375,-0.00030243025931420294,-0.0003024302593142032,-0.0013342501706463668,-2.68592291217427e-05
18500,2.4409722222222223,0.0011931331362584636,0.0011931331362584636,-0.00294617679895589,0.0021053850869266204
19000,2.5069444444444446,0.0024829781609052226,0.0024829781609052265,0.001203544308227935,0.0028600062819323516
19500,2.572916666666667,0.00183429583916313,0.001834295839163133,0.0007860944925368836,-0.0017748566841361184
20000,2.638888888888889,-0.0018949788202305077,-0.0018949788202305034,0.0033317029607179754,0.0008658971404724601
20500,2.704861111111111,0.004894102251551761,0.004894102251551783,-0.001858502813156101,0.0027189276896987216
21000,2.7708333333333335,0.0026041742083647277,0.002604174208364725,-0.0013762124686315116,0.004448138086453105
21500,2.836805555555556,-0.00032181078167540616,-0.0003218107816754077,0.0024147905421607716,0.0026739955556950553
22000,2.9027777777777777,0.0011733677894236903,0.001173367789423692,0.001784426173028329,0.0034906283002893545
22500,2.96875,0.0010691763336492402,0.0010691763336492422,-0.0006455387468469703,8.751476188060273e-05
23000,3.0347222222222223,0.00197820155425489,0.0019782015542548917,5.01045510754501e-05,0.001488991852662285
23500,3.1006944444444446,0.004453998290526748,0.004453998290526749,-0.0002847573671063967,0.0023713709368549498
24000,3.166666666666667,0.0017370106747879742,0.0017370106747879705,-0.00019027145822831293,-0.001171735192664656
24500,3.232638888888889,0.0037974055169646003,0.0037974055169646016,-0.004408565208982049,0.0024501049403822988
25000,3.298611111111111,-0.0011525988202039953,-0.0011525988202039947,0.0013096418350615005,0.00047752328237718407
25500,3.364583333333334,0.0014888539434206901,0.001488853943420695,-0.001929043461405993,0.002810419660876247
26000,3.430555555555556,-3.0264074438121984e-05,-3.0264074438120913e-05,0.0033616383627375268,-0.0024144613411045154
26500,3.4965277777777777,0.002034007780836583,0.0020340077808365825,-0.002526633624851618,0.003984856515759055
27000,3.5625,0.00400699514748891,0.0040069951474889145,0.0023559552218312854,0.005883231338884366
27500,3.628472222222222,0.003954320346300431,0.003954320346300438,-0.0028099307442106107,0.002602135966415713
28000,3.6944444444444446,0.0058711863482281655,0.005871186348228167,-0.0005803031767271518,0.0008973980354512772
28500,3.7604166666666665,0.002535723393172572,0.002535723393172571,-0.0013990668450111197,0.002567583509186766
29000,3.8263888888888893,-0.0012359085808123246,-0.0012359085808123264,0.0006132101380734911,0.0046973481662014194
29500,3.892361111111111,-0.0009340000060020063,-0.0009340000060020047,-0.0033064998389566785,-0.0009506768747589713
30000,3.958333333333334,0.0008082160158229991,0.0008082160158230011,0.0007230739164053189,0.00393352948094874
30500,4.024305555555555,-0.0011477355345400947,-0.001147735534540094,-0.0021601966706533545,0.004561036417674188
31000,4.090277777777778,-0.0028841945209580194,-0.0028841945209580203,-0.00046501132522320626,0.0031274405668720046
31500,4.15625,-0.0018918800479412574,-0.001891880047941252,0.0015664554450132793,0.0034828482072624856
32000,4.222222222222222,0.0028238600769049764,0.002823860076904977,-0.00014095359521899383,0.0003080951907302904
32500,4.288194444444445,-0.0005524345595380957,-0.0005524345595380917,0.00042767250633271906,-0.0004894863147722127
33000,4.354166666666667,0.0008333888219554371,0.0008333888219554369,-0.0006466176694302754,-0.00011431903381045247
33500,4.420138888888889,0.0006809413739031282,0.0006809413739031282,0.0012098885942949666,0.0024014843731057023
34000,4.486111111111112,0.003070750252178627,0.003070750252178628,7.590695080650745e-05,0.0019498425161988662
34500,4.552083333333334,-0.002226285853876994,-0.0022262858538769957,0.0009734517275680876,0.0006441308891761788
35000,4.618055555555555,0.003759012383445806,0.003759012383445808,0.0023363117529323495,0.004295398943289359
35500,4.684027777777778,0.002135800036257668,0.002135800036257667,0.0005415200793954213,0.0015365738872862105
36000,4.75,0.005040389858476614,0.005040389858476618,0.002251655803866119,0.0004140816570960835
36500,4.815972222222222,0.003958897218816031,0.003958897218816025,0.0017253510165951688,0.0013304855079432187
37000,4.881944444444445,-0.0011717344043550096,-0.0011717344043550091,0.0012367594508347736,0.0013930926201122292
37500,4.947916666666667,-9.013108830800226e-05,-9.01310883080011e-05,-0.0014777162307627642,0.002955382016260395
38000,5.013888888888889,0.0019249522151940687,0.0019249522151940698,-0.001794088403680787,-0.0013635926373615982
38500,5.079861111111112,-0.0007663982525523367,-0.0007663982525523353,-0.0015050833511186818,0.002530782325569169
39000,5.145833333333334,0.0019759914477273295,0.00197599144772733,0.006705868335328209,0.0018016845878088103
39500,5.211805555555555,-0.000994547557550808,-0.0009945475575508064,0.004693407414158553,0.000925937872601357
40000,5.277777777777778,0.0022347012975561065,0.002234701297556107,-0.002006033540088134,0.0035168408568602453
40500,5.34375,0.0004728743267315622,0.0004728743267315592,0.0041413656823392365,0.006216517651117769
41000,5.409722222222222,-0.001447366221644007,-0.0014473662216440088,0.003610353082812364,0.002859171236194553
41500,5.475694444444445,0.0045172474903199325,0.0045172474903199256,-0.0034261485005368836,0.005836942783150873
42000,5.541666666666667,0.003600505975408293,0.0036005059754082866,0.002410810023817725,0.0032994982501184326
42500,5.607638888888889,0.00022602936282940697,0.000226029362829406,-0.0025457218607432717,0.0026491662859852738
43000,5.673611111111112,0.0037754958258833606,0.003775495825883359,0.002712000169778819,0.0006354730754216268
43500,5.739583333333334,0.000929272806987033,0.0009292728069870352,0.0011001208999894096,-0.002565851793273264
44000,5.805555555555555,-0.0004551455475455912,-0.00045514554754558944,-0.001988403143369448,0.0036258210908389674
44500,5.871527777777778,0.0024657723499271517,0.0024657723499271486,-0.0011002935171156745,-0.000602690042353875
45000,5.9375,0.004593039436152965,0.004593039436152958,0.0011903763563240707,0.0015860488397175564
45500,6.003472222222222,0.00011143580854853492,0.00011143580854853697,-0.00023871702801729467,0.00420848305734258
46000,6.069444444444445,0.0007977139516376438,0.0007977139516376449,0.0007507858553615194,0.005944305653357265
46500,6.135416666666667,-0.0019114330283499052,-0.0019114330283499052,-0.00085081311613521,9.243313316327497e-06
47000,6.201388888888889,0.001960940788836808,0.001960940788836807,0.0026168632883253923,0.0038046450452278967
47500,6.267361111111112,-0.0018539355874862547,-0.0018539355874862503,0.0041722609720736634,-0.0020252869461064747
48000,6.333333333333334,0.0003161572729118436,0.00031615727291184467,0.0021012735558285957,0.0047315850491695234
48500,6.399305555555555,-0.0008535085799182227,-0.0008535085799182238,-0.0018622273469062868,0.00023776414660546207
49000,6.465277777777778,0.001373028208132167,0.0013730282081321696,0.0019982223342519725,-0.00038527324679395414
49500,6.53125,0.0032165073972187236,0.0032165073972187297,0.001137525719140514,0.004505543900468996
50000,6.597222222222222,0.0029625918473761546,0.0029625918473761585,0.0005353111144617852,0.0046785956001834175
50500,6.663194444444444,0.00033772099948486327,0.0003377209994848614,-7.527358684902731e-05,0.004874625318752957
51000,6.729166666666668,0.002147305548148218,0.0021473055481482186,-0.0009442949449995937,-0.00013395000265156723
51500,6.795138888888889,0.0027031029336006237,0.002703102933600629,0.003551594881670264,0.004048898665589618
52000,6.861111111111112,0.0008495783795418347,0.0008495783795418338,0.0036423868506265215,0.0024471413674181383
52500,6.927083333333333,-0.0007283211781860576,-0.0007283211781860582,0.004913916941945366,0.0028237350140573603
53000,6.993055555555555,0.0026950692990706207,0.002695069299070618,-0.00349804258381916,0.0010324574850180909
53500,7.059027777777779,-0.0006740580477893343,-0.0006740580477893356,0.001468828440108711,0.0009729583962348462
54000,7.125,0.0008811141466686901,0.000881114146668688,-0.004424519636156707,0.0021314933655841163
54500,7.190972222222222,0.0032980648215436776,0.003298064821543672,-0.0015108999219845657,0.0035237427155926267
55000,7.256944444444444,0.0014719390174702737,0.0014719390174702724,0.0005407209955604399,0.00021625423994115698
55500,7.322916666666668,0.0012944748368457256,0.0012944748368457232,0.006658082303255459,0.0020760565020285565
56000,7.388888888888889,0.00021094316499289663,0.00021094316499289871,0.0021518450909368426,0.003797948491140232
56500,7.454861111111112,0.003255323707709582,0.003255323707709579,0.0029412719683269972,0.004261210279703188
57000,7.520833333333333,0.0008592497932337175,0.0008592497932337175,-0.002774526358921128,0.004182074456435416
57500,7.586805555555555,0.0024750837349040706,0.0024750837349040698,0.0018619755849388455,0.003532042770260318
58000,7.652777777777779,0.0021335374234468067,0.0021335374234468098,-0.0008110429452215563,0.0038867438673161067
58500,7.71875,0.00034314210930896466,0.000343142109308963,0.0028227036955816966,0.0013966978154736282
59000,7.784722222222222,0.0020170302358554866,0.0020170302358554857,0.00011335127261270584,0.0024505130768951574
59500,7.850694444444444,0.0014801381164419555,0.0014801381164419563,-0.0032969294700499613,0.005346447336195164
60000,7.916666666666668,-0.0013744954620985394,-0.0013744954620985355,0.0020210020504330822,0.0011578299888461508
60500,7.982638888888889,0.0024834798843175253,0.002483479884317524,-0.0016456738854248964,0.0002771271725038803
61000,8.04861111111111,0.00511685370801158,0.005116853708011574,-0.0019557768301443853,0.003809883930984312
61500,8.114583333333334,-0.0005396636898458118,-0.000539663689845811,-0.003771140729519734,0.005090147068139105
62000,8.180555555555555,0.0011694965737688596,0.0011694965737688576,0.0002338863136289901,0.0010475782859280475
62500,8.246527777777779,0.0029767918364436035,0.002976791836443602,0.0017909334275387522,0.0020144146382649383
63000,8.3125,-0.0004180995719507682,-0.00041809957195076947,0.0010844241831463606,0.0012002987911007713
63500,8.378472222222221,0.0024307204882600126,0.0024307204882600066,0.0009334605558275254,0.003264967967597182
64000,8.444444444444445,-0.0011974671797363556,-0.0011974671797363595,0.0036529709638567264,0.00023858894016591422
64500,8.510416666666668,-0.00021441456624075425,-0.00021441456624075644,-0.001182385072444725,0.001652139448874992
65000,8.57638888888889,0.002082494832290403,0.0020824948322904022,0.004207392921580938,0.0002906474655299914
65500,8.64236111111111,0.0018842099427255133,0.001884209942725512,-0.001785746113059426,0.003024612835131231
66000,8.708333333333334,0.0054608350515328,0.005460835051532798,0.001211180086601601,0.0022461799798074475
66500,8.774305555555555,0.0030838163586419482,0.003083816358641948,-1.9922536300547537e-05,0.0018107221226859604
67000,8.840277777777779,0.001798598007857232,0.0017985980078572333,-0.0005396117081189019,0.0025767711271483975
67500,8.90625,0.00046518774583398283,0.00046518774583398283,0.0026012752232996896,0.0012689382661374403
68000,8.972222222222223,0.0019415011405359028,0.0019415011405359045,-0.0011351638517772616,0.0034588159486803895
68500,9.038194444444445,0.0003175863748893181,0.000317586374889317,-0.0025004703410043323,0.006517785906230052
69000,9.104166666666668,0.00010612133632094818,0.00010612133632094831,0.000313683513449209,0.001397120133608829
69500,9.17013888888889,0.00027469255519087737,0.0002746925551908785,0.001870413788633411,0.0018118150908159709
70000,9.23611111111111,-0.0006547563557330768,-0.0006547563557330747,0.002635873430115,0.004969188866885885
70500,9.302083333333334,0.0029894709586204557,0.002989470958620453,0.0007660697016411266,0.0014688316966616599
71000,9.368055555555555,-0.0007107980488708967,-0.0007107980488708972,0.003479543696271478,0.007194548520011667
71500,9.434027777777779,0.0004374996976134167,0.0004374996976134188,0.0027744902572572937,0.004218983092876078
72000,9.5,-0.0016319087500128895,-0.0016319087500128882,-0.0037022526022499227,0.005991198091944929
72500,9.565972222222223,-0.0022032948180040935,-0.002203294818004092,0.0022366113623608404,0.001568535948832138
73000,9.631944444444445,0.0022107950050597306,0.0022107950050597337,0.0006271916023324302,0.003794731924878475
73500,9.697916666666668,-0.0012363754778991693,-0.0012363754778991726,-0.0013963097643104208,0.004402623808266791
74000,9.76388888888889,-0.0027050697906292826,-0.002705069790629284,-0.0026216652180185043,0.0016003985681948569
74500,9.82986111111111,0.0026267865037062745,0.002626786503706262,-0.0014530822158850005,0.0022775884382042807
75000,9.895833333333334,0.0026590932051688857,0.0026590932051688875,-0.0023069913891487826,0.006225720733442975
75500,9.961805555555555,0.0011596115463924888,0.0011596115463924895,0.0026228500495133317,0.0024584052316677218
76000,10.027777777777779,0.0028648790129987252,0.0028648790129987257,-0.0005480631036974043,0.0027794106453902486
76500,10.09375,0.003745573248660227,0.0037455732486602277,0.0010899065436245081,0.004752556052457526
77000,10.159722222222223,0.0012196553582527947,0.001219655358252793,-0.00015307104373240736,0.0013123082740360227
77500,10.225694444444445,8.789914367529714e-05,8.789914367529258e-05,-0.0015845045483953843,-0.0002331612046886156
78000,10.291666666666668,0.0012495271124679777,0.0012495271124679753,0.002598290490814177,-0.0018625425170586004
78500,10.35763888888889,0.0016647596253515703,0.0016647596253515657,0.003215715944455935,0.0014035220863843835
79000,10.42361111111111,0.0004463944748800722,0.0004463944748800699,-0.001464034481614845,0.0025615781263518484
79500,10.489583333333334,0.003616269663814837,0.0036162696638148404,-0.0024412705615633246,0.004111839724339136
80000,10.555555555555555,0.00017984724190138826,0.00017984724190138972,-0.0002670593734042788,0.001330802661894345
80500,10.621527777777779,-0.0009496299767035638,-0.0009496299767035601,-0.00036143462269650357,0.0027191346521173265
81000,10.6875,0.004636006356880079,0.004636006356880077,-0.004763417745926533,0.004441098108228404
81500,10.753472222222223,-0.001816984358844146,-0.0018169843588441436,-0.004861617679745355,0.003286029990501264
82000,10.819444444444445,-0.0008220173668206018,-0.0008220173668205982,-0.0008459620422878927,0.002168664490032466
82500,10.885416666666668,0.0015499039667570607,0.0015499039667570623,-0.0024118756829058785,0.0029781115460798266
83000,10.95138888888889,0.002305024635738154,0.002305024635738146,-0.0012644028939536535,0.001872381159000282
83500,11.01736111111111,0.0007284097764565042,0.0007284097764565119,-0.002417402370466135,0.005298261361350215
84000,11.083333333333334,0.0004504102146078961,0.000450410214607894,-0.0025312249368084176,0.0016988332289584328
84500,11.149305555555555,0.0010645865937970193,0.0010645865937970243,-0.0008061437358244809,0.0026122457198362596
85000,11.215277777777779,0.002335871974897769,0.002335871974897764,-0.00329606435208883,0.001071553281154452
85500,11.28125,0.0010115908737848732,0.0010115908737848725,-0.0013406391612399756,0.004012584987138028
86000,11.347222222222223,0.0026158127111453986,0.002615812711145405,-0.0023478984152670935,0.0015614341695447422
86500,11.413194444444445,0.0021055694958034875,0.0021055694958034897,-0.002157892024543189,0.005999647418430783
87000,11.479166666666668,0.0009741827314743324,0.0009741827314743376,-1.294575592283419e-05,0.0018976083629149473
87500,11.54513888888889,-0.0018805612284995693,-0.001880561228499567,-0.0043817203756852325,0.003164627502253798
88000,11.61111111111111,0.0003979332158735089,0.00039793321587351253,0.006140996350207819,0.0040862778518427996
88500,11.677083333333334,0.0006942706237606783,0.0006942706237606779,-0.001057906790677246,0.006094900992738693
89000,11.743055555555555,-0.0023651761242184585,-0.00236517612421847,0.0034188890457336673,0.005176164025413511
89500,11.809027777777779,-0.0006630864366133759,-0.0006630864366133791,2.307910691738004e-05,0.0017954300110459972
90000,11.875,0.0007056421086045124,0.0007056421086045105,0.0022745457260971652,0.0071954542964426165
90500,11.940972222222223,0.0013015755490097761,0.0013015755490097764,0.00011156616057150212,0.003059074358488122
91000,12.006944444444445,0.0016751825159134774,0.0016751825159134796,0.0002827466754485895,-0.0010924356060699417
91500,12.072916666666668,0.0017264301216790166,0.0017264301216790177,0.0030979867315750354,0.00285674699643452
92000,12.13888888888889,0.0009682135783687737,0.0009682135783687702,0.0015287230566684556,0.0018316954590167321
92500,12.20486111111111,-0.0006811774100392548,-0.0006811774100392573,0.0023396276562085293,0.00434075112202815
93000,12.270833333333334,0.00384328938605679,0.0038432893860567887,0.0020465135668721796,0.0009968310358182521
93500,12.336805555555555,0.0024444155502139934,0.00244441555021399,-0.00020654462469160313,0.00015288984165245676
94000,12.402777777777779,0.0015143790469165895,0.0015143790469165893,-0.0037912674518188827,0.004326175931533257
94500,12.46875,0.0007301888180520753,0.0007301888180520749,-0.0024916693982240685,0.0018455828740922885
95000,12.534722222222223,-0.0015545628546022084,-0.0015545628546022054,0.0003672764071641554,0.00631966346127445
95500,12.600694444444445,-0.00020197963650138862,-0.00020197963650138946,-0.00034160664544746907,0.0058686510604673905
96000,12.666666666666668,0.00015907601805127303,0.0001590760180512717,0.0010969626279918772,0.004717920683844122
96500,12.73263888888889,0.0038296468844441892,0.0038296468844441875,-0.0024175035226423527,0.0017076375535091137
97000,12.79861111111111,0.0037894459633759344,0.003789445963375934,0.0003225716372947813,0.0010968969433680195
97500,12.864583333333334,0.0009305654831766144,0.0009305654831766122,-0.004564229984801086,-0.002429035378063512
98000,12.930555555555555,-0.0009234861283923695,-0.0009234861283923674,0.0005497796083289208,0.0034274774234068525
98500,12.996527777777779,-0.0030525330112332657,-0.003052533011233264,0.0007701456243455979,0.005202512824159527
99000,13.0625,-9.164117202115542e-05,-9.164117202115509e-05,-0.0005147316597808315,0.003462133050850182
99500,13.128472222222223,0.0017657965620252616,0.0017657965620252632,-0.00084329337836353,0.003828846149360932
100000,13.194444444444445,-0.0014871502810441296,-0.0014871502810441277,-0.002683724185874645,0.001552379440456439
100500,13.260416666666666,-0.00030087780571199345,-0.0003008778057119926,0.002383425638912417,0.003369653271524519
101000,13.326388888888888,0.0012029651196108439,0.0012029651196108426,-0.00598176755169932,0.00258903304904161
101500,13.39236111111111,-0.0020752576770671485,-0.0020752576770671485,0.0026512625534822194,0.002643912393102964
102000,13.458333333333336,0.0014231744884646604,0.0014231744884646604,0.0035124390286826136,0.0007068585052400372
102500,13.524305555555557,0.0031757529499637947,0.0031757529499638025,0.002636902521815039,0.00445128230582182
103000,13.590277777777779,0.00011504662002867872,0.00011504662002867574,0.007233488361960239,0.0046956934237451405
103500,13.65625,0.004146330309602461,0.004146330309602463,-0.0005723054576306741,0.003236259754529564
104000,13.722222222222223,0.005200235915344088,0.005200235915344085,-0.001127372133914724,0.004846398727574416
104500,13.788194444444445,0.00010515975399620786,0.00010515975399620922,-0.001570820129435068,0.005126928287646691
105000,13.854166666666666,-0.0004869858565705104,-0.0004869858565705082,-0.0023426032305490637,0.003107937547076758
105500,13.920138888888888,0.0052421040840468554,0.00524210408404685,-0.0029876741998818793,0.0026387369312254137
106000,13.98611111111111,0.0007956938640288594,0.0007956938640288604,0.0006594571026439096,0.0033384483258521295
106500,14.052083333333336,-0.00017943741280000995,-0.00017943741280001103,-0.004329333707581465,0.0012532294898048419
107000,14.118055555555557,-0.0005946086374852867,-0.0005946086374852851,-0.0020834446770917146,0.0009213618808080287
107500,14.184027777777779,0.0007623583087413386,0.0007623583087413377,-0.0020778406780508902,0.006484367764521816
108000,14.25,0.0005872875573839648,0.000587287557383966,0.000600645934828845,0.006309847742828264
108500,14.315972222222223,0.0033369888169491897,0.0033369888169491905,-0.0017003294789428808,0.0031011991573185148
109000,14.381944444444445,-0.0010843361847910186,-0.001084336184791019,-0.00012582838794055775,0.0030360622637200328
109500,14.447916666666666,-0.0015295202940901118,-0.0015295202940901126,-0.0013255273718500637,0.004329542654845266
110000,14.513888888888888,0.001746564446344723,0.001746564446344723,-0.0011512270189546969,0.004054320663385006
110500,14.57986111111111,0.001468391013208321,0.001468391013208315,0.0004671461445302676,0.004797084571522803
111000,14.645833333333336,0.0028330646434743425,0.002833064643474342,-4.201230910844276e-05,0.005015414246072845
111500,14.711805555555557,-0.001038615600627775,-0.0010386156006277768,0.004872801516125522,0.0013944959935503138
112000,14.777777777777779,-0.0011045006366833152,-0.0011045006366833126,-0.002279065064642788,0.006686966436943186
112500,14.84375,0.0009398492819406522,0.0009398492819406535,0.0014569962076618433,0.006465357219383416
113000,14.909722222222223,-0.0012867545136738515,-0.0012867545136738517,-0.00021151057917978525,0.003607258320954344
113500,14.975694444444445,0.0012942092428778536,0.001294209242877858,0.00039734874428494585,0.00455128164915729
114000,15.041666666666666,0.0033882825762142276,0.0033882825762142285,-0.0032144473206108994,0.0054677474242407174
114500,15.107638888888888,-0.002403616456244117,-0.0024036164562441144,0.002623850768449361,0.003769283440616261
115000,15.17361111111111,0.0025761560353245246,0.0025761560353245194,0.0007258814850231052,0.0025604578844962275
115500,15.239583333333336,0.0026902125449451805,0.002690212544945188,0.00386735328129137,0.0030885627861542767
116000,15.305555555555557,0.00035336654180230097,0.00035336654180229945,0.00044246235359273503,0.006318345248481856
116500,15.371527777777779,0.0030683240144676487,0.003068324014467649,0.000588799602975547,0.005522969298542108
117000,15.4375,0.0002975516263295206,0.0002975516263295195,-0.004580563882305596,0.006796604171785885
117500,15.503472222222223,0.0003171052205128836,0.00031710522051288387,-0.001553260245042251,0.0038138732984775545
118000,15.569444444444445,-0.002271783749372422,-0.002271783749372427,0.0006767933973680095,0.006112814625963262
118500,15.635416666666666,0.0022873056863005337,0.0022873056863005306,0.00022196625663616166,0.005739180619664963
119000,15.701388888888888,0.0023677163019716284,0.002367716301971625,-0.0008681969509282173,0.0023315547691923587
119500,15.76736111111111,0.0001542419421610557,0.00015424194216105325,-0.0029832250752596413,0.003512845838732691
120000,15.833333333333336,0.0011942459749374682,0.0011942459749374693,0.00038442524175342406,0.0028560866782867123
120500,15.899305555555557,0.00021932461473971886,0.00021932461473971935,0.0009428032414013984,0.00986519404872637
121000,15.965277777777779,0.004190911117070773,0.004190911117070776,0.0005547885361186415,0.004906692576842189
121500,16.03125,0.0012467680567619058,0.001246768056761909,0.00025588017252127325,0.005169433648580657
122000,16.09722222222222,0.0014231091698604784,0.0014231091698604784,0.002720630428956833,0.0065147434572915795
122500,16.163194444444443,-9.345944282777869e-05,-9.345944282777681e-05,-0.0028894176158140482,0.0033043865688665176
123000,16.229166666666668,0.0005672533014077772,0.0005672533014077769,-0.005965546419412015,0.003290032413016822
123500,16.29513888888889,0.0013321212201792315,0.001332121220179231,0.0016915603301225033,0.0016290099925567272
124000,16.36111111111111,0.002135962842150616,0.0021359628421506165,0.0016239702229947455,0.002405428114616485
124500,16.427083333333336,0.001928102355855053,0.0019281023558550543,-0.001429909758346984,0.005819363854734587
125000,16.493055555555557,0.0016247714360869906,0.0016247714360869922,-0.0012009901439497869,0.0016730356836580451
125500,16.55902777777778,-0.0028299988855965356,-0.0028299988855965343,-0.001857349129788159,0.006584691841418662
126000,16.625,-0.00035953898790825565,-0.0003595389879082565,0.00456277436951506,0.005231375613328611
126500,16.69097222222222,-2.7509937689058613e-05,-2.7509937689057596e-05,-0.0056590536549047605,0.005284595754352943
127000,16.756944444444443,0.00021014788268305446,0.00021014788268305194,-0.0017843924005349326,0.002817465355602487
127500,16.822916666666668,0.0018330716903613706,0.0018330716903613702,-0.00224451023805294,0.0030703967571790863
128000,16.88888888888889,-0.0017297827696105869,-0.0017297827696105834,0.001048847706400643,0.0035284616751562097
128500,16.95486111111111,0.0001434369794753339,0.00014343697947533275,0.0019563251253718007,0.005027126086983052
129000,17.020833333333336,0.004717620228291165,0.004717620228291159,-0.0026315011587015914,0.00032002596459140674
129500,17.086805555555557,-0.000558824780631128,-0.0005588247806311272,0.002876772901108834,0.00415680259523673
130000,17.15277777777778,0.0011170588480662782,0.0011170588480662795,-0.002258887345895856,0.003054222980300596
130500,17.21875,0.0003199412695506707,0.0003199412695506666,-0.0024033835787751665,0.006435248762643957
131000,17.28472222222222,0.0035748011104922085,0.0035748011104922025,1.829411704503754e-05,0.006862192976119284
131500,17.350694444444443,0.0014815188186377206,0.0014815188186377212,-0.002618391674449583,0.004691591733422085
132000,17.416666666666668,-0.0010212770848310351,-0.0010212770848310345,0.0024056429653282084,0.00641807812574866
132500,17.48263888888889,0.0015204484673395197,0.0015204484673395201,-0.001266506076928694,0.0035864451223758687
133000,17.54861111111111,0.0010067097712904715,0.001006709771290473,-0.00016711767815123327,0.002822866655590016
133500,17.614583333333336,0.0027124376437791986,0.0027124376437792017,0.0026076805412749335,0.003892356569654441
134000,17.680555555555557,0.0013178077422312494,0.0013178077422312496,0.000875587461807364,0.003842003988873358
134500,17.74652777777778,0.0024226602671529986,0.0024226602671529986,-0.0019909467777522766,0.005703631489935172
135000,17.8125,0.0015828657319321845,0.0015828657319321851,0.002200998185861164,0.0039041334477891384
135500,17.87847222222222,0.0005837990973782529,0.0005837990973782517,0.0002726219933536867,0.006266652395431866
136000,17.944444444444446,0.0031597368957628734,0.0031597368957628743,-0.000465602279526345,0.0026666636969542913
136500,18.010416666666668,0.0024878399167136225,0.0024878399167136186,0.0015161351463263534,0.0029389819267755233
137000,18.07638888888889,-0.0015674887315015407,-0.0015674887315015407,-3.2445354617884778e-06,0.006281375480381906
137500,18.14236111111111,-0.0007443994845158383,-0.0007443994845158367,0.002447571199938424,0.001544463049364982
138000,18.208333333333336,-0.0008883719805131702,-0.0008883719805131729,0.002907411631856187,0.006456451765246337
138500,18.274305555555557,0.005235393474658855,0.005235393474658864,-0.0031226157809136983,0.004021835079775623
139000,18.34027777777778,0.0016127265149378876,0.001612726514937887,-0.00010476532045690098,0.0017499245060232766
139500,18.40625,-8.462718162347456e-05,-8.462718162347237e-05,-0.002554243859203679,0.0039046759488258346
140000,18.47222222222222,0.0020472253067840827,0.00204722530678408,-6.126032226337695e-05,0.0038158437732113614
140500,18.538194444444446,-0.0016953219434129086,-0.0016953219434129095,-0.0025229871977027096,0.0038779117558689668
141000,18.604166666666668,0.0010024420419147786,0.0010024420419147808,-0.000969102281208007,-2.5654703794374286e-05
141500,18.67013888888889,2.3080694060385464e-05,2.3080694060385e-05,-0.0006138754400488092,0.005435398841367918
142000,18.73611111111111,-0.0011617173813129307,-0.0011617173813129327,0.0028914534152124816,0.003828177937148103
142500,18.802083333333336,0.00014612091561091517,0.00014612091561091423,-0.0011217755443063237,0.0046694841469868235
143000,18.868055555555557,0.0001688802705627846,0.00016888027056278753,-0.00013722371897184417,0.000687962874896281
143500,18.93402777777778,0.00451398148082222,0.004513981480822217,0.000894770579728898,0.0030853463550566556
144000,19.0,0.0009100017944131042,0.0009100017944131035,0.0014112470067253425,0.004035183915531333
144500,19.06597222222222,-0.0028352964540090003,-0.002835296454009001,-0.0005317599722259443,0.0037550251921048233
145000,19.131944444444446,0.00034821007998622923,0.00034821007998622104,0.0041187284084346,0.004359617231005499
145500,19.197916666666668,-0.002351730267624266,-0.002351730267624266,-0.002779403742418478,0.0031701155237704583
146000,19.26388888888889,0.003668877321402436,0.0036688773214024373,-0.0004707828142418384,0.0032946982669172496
146500,19.32986111111111,0.0017315339801532166,0.001731533980153216,-0.00369441373582452,0.0034730979929870442
147000,19.395833333333336,0.0003183711994536369,0.0003183711994536362,-0.001503505021755992,0.005902741294820177
147500,19.461805555555557,0.002925022419249166,0.0029250224192491677,0.0007474866597374599,-0.002955929042797478
148000,19.52777777777778,0.003647266341741574,0.0036472663417415783,0.0034458513004312083,0.004722503204201995
148500,19.59375,0.00134488240137298,0.001344882401372977,-0.0014395012381521568,0.0024786989231780233
149000,19.65972222222222,0.003536124124438302,0.0035361241244383007,0.004246022848105187,0.004784122985499528
149500,19.725694444444446,0.0021259788937504176,0.00212597889375042,0.0010243942429733078,0.0012159426142465178
150000,19.791666666666668,0.001624298008835404,0.001624298008835399,-0.0019385490344139477,0.0010453820727744023
150500,19.85763888888889,0.0005933767847397238,0.0005933767847397225,-0.0043546556952773425,0.00483383740081288
151000,19.92361111111111,0.0007683798780958548,0.000768379878095856,-0.0036985785028218333,0.004700653933138454
151500,19.989583333333336,0.0015001636803917437,0.0015001636803917409,-0.004756339996895239,0.005737993659178263
152000,20.055555555555557,0.0016732813516896088,0.0016732813516896084,0.00028309158078683455,0.0011394986683736224
152500,20.12152777777778,-0.0030301000259041013,-0.0030301000259041,-0.00020397391954365512,0.003362860440924576
153000,20.1875,0.0005669870784263576,0.0005669870784263578,-0.0004788521142477403,0.0033782894606688746
153500,20.25347222222222,0.00074523857644895,0.0007452385764489486,0.00232732570058416,0.0002834267953291768
154000,20.319444444444446,-0.000396727995284533,-0.0003967279952845339,0.0010525251279340558,0.0020685093651550725
154500,20.385416666666668,-0.0012807919994115705,-0.0012807919994115707,-0.0027886285165389553,0.0033595547334994698
155000,20.45138888888889,6.009108922738639e-05,6.009108922738686e-05,0.005107424588186787,0.003953531499467178
155500,20.51736111111111,0.00315932540257307,0.003159325402573069,-0.00046305581438374347,0.004327354821878166
156000,20.583333333333336,-0.000559169626767164,-0.0005591696267671615,0.0004902035075570589,0.0033765219771311867
156500,20.649305555555557,0.0034846013460671727,0.003484601346067163,0.0009259654651643729,0.0009194045917487522
157000,20.71527777777778,-0.0017475089025846147,-0.0017475089025846147,0.005028031869616775,0.0036038850495050206
157500,20.78125,0.003948864105632995,0.003948864105632984,-0.003303929597154263,0.0030327381417636335
158000,20.84722222222222,0.003062460575058351,0.0030624605750583503,0.00216291414519959,0.001018065995448579
158500,20.913194444444446,0.0003062822886011569,0.0003062822886011604,0.0029434938314633194,0.001095210104984976
159000,20.979166666666668,-0.001092020516142362,-0.001092020516142362,-0.003018945640810637,0.003423200525444287
159500,21.04513888888889,-0.00406785940051683,-0.00406785940051683,0.00034838893535849924,0.0032136724656584895
160000,21.11111111111111,0.00024225595877688265,0.0002422559587768822,0.003344659723095535,0.002886044077474885
160500,21.177083333333336,0.0016694846829000542,0.0016694846829000578,-0.002812444319935488,0.004827973906393283
161000,21.243055555555557,-0.0009429228810386757,-0.0009429228810386757,-0.0021233091503761927,0.003994768968241231
161500,21.30902777777778,0.0035559626924222014,0.0035559626924222044,0.0008229649517926645,0.004276000800719062
162000,21.375,0.006149344900011747,0.00614934490001175,-0.0047908032741243245,0.0062981118674486185
162500,21.44097222222222,2.0264724492581567e-05,2.026472449257745e-05,-0.0009481500520629949,0.004862705500320099
163000,21.506944444444446,-0.0007827603644142834,-0.0007827603644142806,-0.0010963462685248068,0.003012150188460514
163500,21.572916666666668,0.003126455213265554,0.0031264552132655487,0.001949996784164495,0.00574720364740743
164000,21.63888888888889,0.0018113055928979495,0.0018113055928979497,0.001073349229064758,0.0007452036158303596
164500,21.70486111111111,0.0009936156364055194,0.0009936156364055177,0.0023028839562677897,0.005905104750288086
165000,21.770833333333336,0.00035619636348605726,0.00035619636348605785,-0.0034853671780943167,0.0011369513082262145
165500,21.836805555555557,-0.0017110212089194302,-0.0017110212089194352,0.001470752905884934,0.006226730600516208
166000,21.90277777777778,-0.0005328879699763429,-0.0005328879699763447,-0.001534397605307801,0.0038298085521063295
166500,21.96875,0.0035520190710271707,0.0035520190710271737,-0.0028288970989244593,0.004684087517326644
167000,22.03472222222222,0.0026574224003646117,0.0026574224003646104,0.0006832919097193935,0.006332370727705006
167500,22.100694444444446,0.002854975648101512,0.002854975648101517,-0.004152025024415717,0.0051073767386086415
168000,22.166666666666668,0.0029182308569155927,0.0029182308569155875,0.00040096602830010737,0.0009551292634655363
168500,22.23263888888889,0.0024951963147981718,0.002495196314798171,-0.0028469755419365276,0.0037366433450339294
169000,22.29861111111111,0.005313796085247543,0.005313796085247546,0.0014544368104605254,0.005512680280262169
169500,22.364583333333336,0.0009665722619178658,0.0009665722619178649,-0.00036938985813561695,0.0036472658871950867
170000,22.430555555555557,0.0031405936026074007,0.00314059360260741,0.0010030028093976045,0.004655774379001237
170500,22.49652777777778,-0.0012307952607511616,-0.0012307952607511594,-0.00284658036364531,0.0014471157949912338
171000,22.5625,0.001482750149204566,0.001482750149204563,-0.0005231921946851806,0.005137475709384745
171500,22.62847222222222,0.0017407298521660295,0.001740729852166029,0.0009756802253227486,0.0016195810236874838
172000,22.694444444444446,-0.0007209584930515664,-0.000720958493051566,-0.0011846577956481194,0.004679367004149062
172500,22.760416666666668,0.0029331594251497846,0.00293315942514979,0.0006840801274416246,0.008198973349509116
173000,22.82638888888889,-0.0033998908383212393,-0.003399890838321237,-0.0038136652871411463,0.003105776461630856
173500,22.89236111111111,-0.00027884612103817554,-0.0002788461210381745,0.0024292068392488845,0.002826030779606018
174000,22.958333333333336,0.004001624774962841,0.00400162477496284,0.002017268063227747,0.004050949253391627
174500,23.024305555555557,-0.0003900672120572379,-0.0003900672120572407,0.0005826710368050965,0.0028813226351058147
175000,23.09027777777778,0.0009328984406405123,0.0009328984406405095,-0.0011664720467333507,0.004186246973682372
175500,23.15625,0.0014514003407655861,0.0014514003407655853,0.0002757614049059128,0.002286756968945524
176000,23.22222222222222,0.0012513195185615649,0.0012513195185615686,0.0026126161235710973,0.00407254105347748
176500,23.288194444444446,0.00485717591255072,0.004857175912550716,0.0021575133101221465,0.0036133351435597015
177000,23.354166666666668,-0.0005957920778471676,-0.000595792077847169,0.0004262164219729451,0.0002683345640453757
177500,23.42013888888889,0.0014925938827429605,0.0014925938827429566,0.004138012506787876,0.00252966942386557
178000,23.48611111111111,0.0032216180102094204,0.0032216180102094183,0.0011557714643721459,0.007101881567744071
178500,23.552083333333336,0.0001005929959406279,0.00010059299594062861,0.0009024155375870132,0.0034673689523918127
179000,23.618055555555557,0.0017692549029570325,0.0017692549029570302,-0.001387662308264421,0.00309775780316785
179500,23.68402777777778,-0.001931166970938184,-0.0019311669709381819,0.0017906903990811255,0.0022330709736792234
180000,23.75,0.0019957283591666842,0.001995728359166683,-0.001225802841471805,0.004952460273687106
180500,23.81597222222222,0.0013566300128033863,0.0013566300128033826,0.0020634781514694022,0.004453460945254434
181000,23.881944444444446,-0.0008083634048256799,-0.0008083634048256785,-0.0006072617544628963,0.00352150708201156
181500,23.947916666666668,0.0019066479277710493,0.00190664792777105,0.001024119322759747,0.005310840874314512
182000,24.01388888888889,-0.000116433720536917,-0.00011643372053691842,-0.0012974279076242248,0.005306093154204968
182500,24.07986111111111,0.0006941341818499525,0.0006941341818499521,0.0006667977418288076,-0.0005969552042657399
183000,24.145833333333336,-0.001309563527646561,-0.001309563527646558,0.00031097339212851237,0.000841087780407483
183500,24.211805555555557,0.0017032737539691381,0.0017032737539691366,-0.0017320971097830198,0.0015944384580816005
184000,24.27777777777778,-0.0002327365532142043,-0.00023273655321420604,-0.0007010690521504864,0.00750297166109539
184500,24.34375,0.000354133424860855,0.00035413342486085707,0.0025254783209545484,0.0011118753595687652
185000,24.40972222222222,-0.0005209630254954825,-0.0005209630254954793,0.00037542826843099095,0.004477915142643111
185500,24.475694444444446,0.003939182604295302,0.003939182604295302,0.0003933601297931732,0.003073211523050073
186000,24.541666666666668,0.0033160843023285285,0.00331608430232853,-0.00042879072515241464,0.0032759949246796726
186500,24.60763888888889,0.0032248043783991596,0.00322480437839916,-0.001306110076222001,0.006626512149864783
187000,24.67361111111111,0.0005245691526136852,0.0005245691526136883,0.000532045668323446,0.002012520776435482
187500,24.739583333333336,0.0022521723307773332,0.002252172330777335,-0.0019802250240015377,0.0013660880199188213
188000,24.805555555555557,-0.004449437919023795,-0.004449437919023799,0.0021307948012563014,0.004750710694336622
188500,24.87152777777778,-0.002608484691530865,-0.002608484691530861,0.0009131241030842585,0.003771243515464805
189000,24.9375,0.0010398707765461208,0.0010398707765461178,0.0032639246652418985,0.005152562625252842
189500,25.00347222222222,0.0007849289604260618,0.0007849289604260632,0.0012482655493321097,0.005127996530074451
190000,25.069444444444446,0.0010018203101917367,0.0010018203101917365,0.0020168342037596688,0.006955575270180403
190500,25.135416666666668,-0.0032474022241014617,-0.003247402224101463,-0.003028555530351791,0.005189656730253691
191000,25.20138888888889,0.0015099401470671505,0.0015099401470671464,0.0017354251130083922,0.007821659070420874
191500,25.26736111111111,-0.0028878511128714334,-0.0028878511128714313,-0.002224031926375708,0.004787797366741582
192000,25.333333333333336,0.0007333708023791959,0.0007333708023791945,-0.0009863391874994289,0.004969515553690694
192500,25.399305555555557,-0.00017817571616287917,-0.00017817571616287944,6.27327031397129e-05,0.00531059445888267
193000,25.46527777777778,-0.0010144703061117219,-0.0010144703061117227,0.0009620426439152597,0.006842833995785379
193500,25.53125,0.0013419712704304735,0.00134197127043047,-0.0004603484373021013,0.006850995609158474
194000,25.59722222222222,0.00010439216120097223,0.00010439216120097504,0.0012437900033919114,0.0012273873948472945
194500,25.663194444444446,0.0021640570248601036,0.0021640570248601006,-0.0002570840126632358,0.0027647073514007964
195000,25.729166666666668,0.0005399617178981674,0.0005399617178981684,-6.841348834825735e-05,0.0018820532549361504
195500,25.79513888888889,0.0007755669741880909,0.0007755669741880905,-0.0012959316419860394,0.006111069910043847
196000,25.86111111111111,0.0021839525845486017,0.002183952584548602,-0.0028392822875452305,0.0021809498737580236
196500,25.927083333333336,0.0014634331469676723,0.0014634331469676777,-0.0037230197344687564,0.0030759201312526483
197000,25.993055555555557,0.0008919933844311512,0.0008919933844311509,-0.0030791360306813525,0.004276419971002781
197500,26.05902777777778,-0.00021586370613292514,-0.00021586370613292576,0.0008784573140520931,0.00436009801246153
198000,26.125,-0.0023559827448457337,-0.002355982744845733,0.0011748041624776234,0.004876822307186325
198500,26.19097222222222,0.0035846717777807506,0.003584671777780758,-0.0006614327183466776,0.003987997569150921
199000,26.256944444444446,-0.0004229330248050605,-0.00042293302480506004,-0.0014267856274620579,0.002568679555296256
199500,26.32291666666667,0.0019931893797487652,0.0019931893797487557,0.001881157583208586,0.00478444888256132
200000,26.38888888888889,0.003850309060058593,0.003850309060058594,-0.0023599016562404194,0.002536347751771342
200500,26.454861111111114,0.002396422569675586,0.0023964225696755884,0.0005318840409003186,0.007782809615597481
201000,26.520833333333332,0.001744845421608255,0.001744845421608254,0.002659781011673643,0.0018660552275071394
201500,26.586805555555557,0.0011633548440961746,0.001163354844096178,0.008036348403431256,0.0074914246215908855
202000,26.652777777777775,-0.0015775155578880388,-0.0015775155578880333,0.0005770427107128014,0.0033433066795166616
202500,26.71875,-0.0013007025471620224,-0.0013007025471620207,-0.0025967028021400673,0.002721128361534816
203000,26.78472222222222,-0.002107957917059419,-0.002107957917059416,0.0006896573599093222,0.007576983197166264
203500,26.850694444444446,0.0004986888174346661,0.000498688817434663,-0.001755291939981477,0.006869187002733041
204000,26.91666666666667,0.001685795371110466,0.0016857953711104632,0.0005456193076873169,0.0025159471225814968
204500,26.98263888888889,0.0002418241766980855,0.00024182417669808856,-0.0024675360260872034,0.005788677303590517
205000,27.048611111111114,0.006482025901447732,0.006482025901447722,-0.00041415498370664155,0.005582769402611775
205500,27.114583333333332,0.0025470355716971224,0.0025470355716971245,-0.002096554659143837,0.003361529828188276
206000,27.180555555555557,-0.0009045123102793687,-0.0009045123102793693,-0.00014626551446425548,0.006452914715912929
206500,27.246527777777775,0.002211478863883021,0.0022114788638830218,-0.0055771408498432404,0.005629531098074743
207000,27.3125,-0.0014265867501613296,-0.0014265867501613311,-0.001949426292087087,0.006634448080681071
207500,27.37847222222222,0.0004610710869615424,0.0004610710869615403,0.001532659555516776,0.005636124727620828
208000,27.444444444444446,0.004039818446444085,0.004039818446444083,-0.0030832876208413272,0.005795676762919311
208500,27.51041666666667,0.0039040874443618985,0.0039040874443619046,-0.0030244089116594135,0.005469689137158377
209000,27.57638888888889,-0.0003724669106161512,-0.00037246691061614933,-0.0023939344135514413,0.002762820514270045
209500,27.642361111111114,-0.00018566842850369634,-0.00018566842850369658,-0.0018352293919993708,0.004147659543078201
210000,27.708333333333332,0.0016647012178710157,0.0016647012178710124,-0.004295264791566271,0.004673234630731861
210500,27.774305555555557,-0.001587393785484293,-0.0015873937854842927,-0.0025040136187686178,0.004490056288805348
211000,27.840277777777775,0.0013895304834838427,0.0013895304834838393,-0.0009743999443564256,0.006448305041792927
211500,27.90625,-0.0004835070877953289,-0.00048350708779533425,0.0007361349959017538,0.004467204307804763
212000,27.97222222222222,-0.0007812212337384231,-0.0007812212337384238,-0.0001211136979622538,0.0051455281324052525
212500,28.038194444444446,0.002135134599045018,0.0021351345990450145,0.0021717546847534724,0.004208940569958214
213000,28.10416666666667,0.0008400790105965088,0.0008400790105965117,0.004592340302078173,0.005291330670705138
213500,28.17013888888889,0.0033476704508246173,0.0033476704508246247,-0.0003353283671956541,0.00564860002847802
214000,28.236111111111114,-9.89651911781526e-05,-9.896519117815273e-05,0.0026205680834609077,0.0038275069091696094
214500,28.302083333333332,-0.0027303267088303203,-0.0027303267088303208,-0.0016122558650498984,0.005123842249661776
215000,28.368055555555557,-0.00044312679353005293,-0.00044312679353005066,0.00034206550698450116,0.0038474487688486556
215500,28.434027777777775,0.0010813599496984634,0.0010813599496984649,0.0016434961150538917,0.0027353197383121913
216000,28.5,0.0013140129714091426,0.001314012971409142,0.0010878166867923228,0.007879969236860417
216500,28.56597222222222,0.0002809943457182849,0.00028099434571828474,-0.0028382021623454315,0.0035340950521666223
217000,28.631944444444446,0.0012268683857031522,0.0012268683857031544,0.0006299619002875182,0.006224190445475292
217500,28.69791666666667,0.000311080881644073,0.0003110808816440714,0.0028466736013899817,0.00717383326754622
218000,28.76388888888889,0.0007514239213978326,0.0007514239213978326,0.002541743125909124,0.0049366783748059214
218500,28.829861111111114,0.003255050170894573,0.0032550501708945782,-0.0007656580576946863,0.00478419466339157
219000,28.895833333333332,0.0010807702397899058,0.0010807702397899145,-0.00043306708031138426,0.005348122873135034
219500,28.961805555555557,0.002894296648813411,0.002894296648813411,0.0016009719272049873,0.008016346831764798
220000,29.027777777777775,0.0006071601077268346,0.0006071601077268336,-0.0005143395967353549,0.006501091532685686
220500,29.09375,0.0001065365734701635,0.00010653657347016395,-0.004470194145638588,0.004690301263577081
221000,29.15972222222222,-0.0021430073668328564,-0.0021430073668328533,-0.001954224089408622,0.005186619399794242
221500,29.225694444444446,0.00020647744975341856,0.00020647744975341715,0.00021769734168926736,0.008530800361792294
222000,29.29166666666667,0.00035277611250956174,0.0003527761125095642,-0.0029026325465332987,0.00767269217876508
222500,29.35763888888889,0.0024284099314681017,0.002428409931468101,0.001983892517499829,0.004958776812838102
223000,29.423611111111114,0.001419137793272273,0.0014191377932722693,-0.0028238630301342946,0.004415385063933047
223500,29.489583333333332,-0.0006794053603758382,-0.0006794053603758423,-0.0003685117675946826,0.0038412692638583397
224000,29.555555555555557,0.00328860121630133,0.003288601216301328,-0.0024266863900868412,0.004155769503138417
224500,29.621527777777775,0.0012623430050712947,0.0012623430050712906,0.0032150596381885876,0.005036039841338253
225000,29.6875,0.0010035403388165681,0.0010035403388165686,0.0020374237058398727,0.007257953282283275
225500,29.75347222222222,0.003192852070436725,0.003192852070436725,-0.00020653820832261811,0.006693726723599255
226000,29.819444444444446,0.002109155781542239,0.002109155781542239,0.0017346477393168683,0.004811388210542293
226500,29.88541666666667,-0.0009198649656918309,-0.0009198649656918246,0.0008012497459656306,0.005808823983848378
227000,29.95138888888889,0.002334526341408261,0.002334526341408263,-0.0005369689429966255,0.00591042126210744
227500,30.017361111111114,0.002653319297510379,0.0026533192975103795,-0.0010363272548385147,0.0011155957020337129
228000,30.083333333333332,0.002408633639158427,0.0024086336391584253,0.0031265159234430437,0.005544069092620986
228500,30.149305555555557,0.0019135979688537114,0.001913597968853714,0.0024732840161748207,0.003460988632679292
229000,30.215277777777775,0.0009333828636766901,0.0009333828636766903,-5.820762501633721e-05,0.005366010928175275
229500,30.28125,0.00038571623243186784,0.00038571623243186675,0.0036180770530552827,0.003244178671966004
230000,30.34722222222222,-0.0004911316345799238,-0.0004911316345799239,-0.0020454709747392756,0.0037301426885795815
230500,30.413194444444446,0.0007467316979835687,0.0007467316979835679,0.0009842571525553213,0.007732633394255649
231000,30.47916666666667,-0.00040079818113626284,-0.0004007981811362638,-0.0020068150853174206,0.005464993099975938
231500,30.54513888888889,0.004868357730044908,0.004868357730044906,-0.001966668220768818,0.008508216060688535
232000,30.611111111111114,0.001588721310442049,0.001588721310442049,0.0005131082310427136,0.0017391704129477283
232500,30.677083333333332,0.0008047794216781077,0.00080477942167811,0.00179292069234791,0.0037587449414829203
233000,30.743055555555557,0.0012374302544909835,0.001237430254490984,0.002621620046133151,0.005302881661681828
233500,30.809027777777775,-0.001248242542278915,-0.0012482425422789146,0.002186784197149435,0.006690947083802582
234000,30.875,0.00249113490363298,0.00249113490363298,-0.004149598105398304,0.006213586771051544
234500,30.94097222222222,0.004088292331982899,0.004088292331982889,-0.000712090164674142,0.004958928283733686
235000,31.006944444444446,-0.0005678257761267929,-0.0005678257761267956,-0.00030386276709819325,0.0028299102269791084
235500,31.07291666666667,-0.0015799594484262477,-0.0015799594484262479,-0.000595875799178357,0.002779140596310642
236000,31.13888888888889,0.0035040481772716254,0.0035040481772716232,-0.003104576668474983,0.004910634043231756
236500,31.204861111111114,-0.0011344482356420108,-0.001134448235642015,-0.0017180349431380833,0.006497847226642814
237000,31.270833333333332,0.003724726508259442,0.003724726508259446,-0.0011046858029103615,0.008528251809058774
237500,31.336805555555557,-0.0011245661242588626,-0.0011245661242588602,0.0019357238834027844,0.0020250921861292392
238000,31.402777777777775,-0.0020826662806765054,-0.0020826662806765098,-0.0020902948564381473,0.00847472841617933
238500,31.46875,0.0002059908570970125,0.00020599085709701505,0.0020447786363851327,0.0027708693105248116
239000,31.53472222222222,0.0010178051166801795,0.0010178051166801786,-0.002525637098066518,0.007966664963128643
239500,31.600694444444446,0.0013497837217024786,0.0013497837217024795,0.002655089159440129,0.003168416810156594
240000,31.66666666666667,2.0664126256693808e-05,2.0664126256695268e-05,0.0010116999763722801,0.00481474652190525
240500,31.73263888888889,0.0028537021454191885,0.002853702145419189,0.0015084366689974294,0.005129440188244593
241000,31.798611111111114,0.0028654138273786905,0.0028654138273786914,0.0008638980976949247,0.00888746903566201
241500,31.864583333333332,-0.0001753900730883135,-0.00017539007308831444,-0.0005820672180991432,0.0047201323730155
242000,31.930555555555557,0.0029729659865323763,0.0029729659865323746,-0.005467492606639353,0.007127890440287501
242500,31.996527777777775,0.0006815255372987288,0.0006815255372987282,-0.00024105112075215265,0.007213004815668736
243000,32.0625,0.0027577598683109846,0.0027577598683109863,-0.000775820367301977,0.00219759624707648
243500,32.12847222222222,0.001790054782809312,0.0017900547828093108,-0.003610436529863933,0.007537139624398497
244000,32.19444444444444,-0.0019090788060930508,-0.001909078806093047,0.002137112071549009,0.007339837641200037
244500,32.26041666666667,0.0006459919091598504,0.0006459919091598491,-0.0005698437189190002,0.005000761362142134
245000,32.326388888888886,0.0005472050156379878,0.0005472050156379903,0.004173277985487504,0.001966494970191155
245500,32.392361111111114,0.003887368006786214,0.0038873680067862096,0.003301505118704207,0.005503641885041031
246000,32.458333333333336,0.0010416828781546125,0.0010416828781546143,0.0020420022231783276,0.002219646353169392
246500,32.52430555555556,0.0003807466942656357,0.00038074669426563836,-0.0005785250398576007,0.002386096113003227
247000,32.59027777777778,0.0023894998749825814,0.002389499874982582,-0.0004721553976646373,0.007066052637049115
247500,32.65625,-0.0002485499708676561,-0.0002485499708676589,0.0007597349472138036,0.005983030833341064
248000,32.72222222222222,-0.0019888721257669568,-0.001988872125766955,0.0002941312372922543,0.008049272629199397
248500,32.78819444444444,0.00041629614261636596,0.00041629614261636574,-0.0014042565021159306,0.0038292766231562037
249000,32.85416666666667,0.0004582402482008116,0.00045824024820081434,0.002055553306750019,0.00513696600345824
249500,32.920138888888886,0.0011739138127150675,0.0011739138127150664,-0.000434878489247742,0.0051811507844101426
250000,32.986111111111114,0.00312117030776545,0.0031211703077654498,0.002419011843292208,0.0055232991931054775
250500,33.052083333333336,0.004905450130334327,0.0049054501303343245,-0.0008594387577047295,0.0053987252687365175
251000,33.11805555555556,0.0002738076583828734,0.0002738076583828726,0.0025732654766191135,0.007980129053779143
251500,33.18402777777778,0.0025957535950820285,0.0025957535950820276,-0.0021126294568361765,0.00791776984810701
252000,33.25,0.0030679693481547214,0.003067969348154723,-0.0012855401647268996,0.008545128480421082
252500,33.31597222222222,0.0027537209208155183,0.002753720920815516,0.0018002748812813078,0.006426914336899749
253000,33.38194444444444,0.0021829878532711572,0.002182987853271157,-0.0008768870610750277,0.0030851170194061235
253500,33.44791666666667,-0.00011210010657736102,-0.00011210010657735796,-0.0032745260129959197,0.0029378959301454106
254000,33.513888888888886,-0.0019713996894727102,-0.001971399689472711,0.00024088370139280365,0.003847278600172791
254500,33.579861111111114,0.0033258611786419617,0.0033258611786419565,-0.0005984100869463453,0.004677194419804236
255000,33.645833333333336,0.003912914555768469,0.00391291455576846,-0.001726202765724709,0.0019372017430926765
255500,33.71180555555556,-0.0002440543138823899,-0.00024405431388238802,-0.003932875276841631,0.006707546969018025
256000,33.77777777777778,0.001977556017196315,0.001977556017196307,0.00022109366010080348,0.00583009397213703
256500,33.84375,-0.0006970363798519831,-0.0006970363798519822,0.0013456889682015476,0.006247532293960287
257000,33.90972222222222,0.000596312194416562,0.0005963121944165628,0.0012959043489119138,0.004933880907835066
257500,33.97569444444444,-0.0015557001316838382,-0.0015557001316838393,-0.002116876616295108,0.008157899528458086
258000,34.04166666666667,-0.002376811866773817,-0.00237681186677382,-0.003416842301995184,0.002884386082763517
258500,34.107638888888886,-0.0020017859683997496,-0.002001785968399749,-0.0022328036732037785,0.004181267547113934
259000,34.173611111111114,0.0013061577270353148,0.0013061577270353127,0.003842910390499196,0.006666295479549635
259500,34.239583333333336,0.0014500626174867189,0.0014500626174867221,-0.0007865676742709423,0.005025598508121138
260000,34.30555555555556,0.0009379909957692352,0.0009379909957692348,0.001098772505970989,0.005518894905206006
260500,34.37152777777778,0.0006642511843729015,0.0006642511843729039,-0.00291709398406273,0.0015735589206465235
261000,34.4375,0.001497549830050951,0.0014975498300509493,-0.00030998294631032073,0.005480758367032447
261500,34.50347222222222,0.0020847808847719125,0.002084780884771912,-0.001634176797601686,0.004105745834591806
262000,34.56944444444444,0.0014823117091614564,0.0014823117091614527,0.0013264697204819743,0.00717718898832427
262500,34.63541666666667,0.0020395901457251034,0.002039590145725101,-0.0014418846674966413,0.006396210057413887
263000,34.701388888888886,0.0003832591966852652,0.00038325919668526345,0.003891862186770446,0.005690914050522228
263500,34.767361111111114,-0.00010692374087927987,-0.00010692374087928016,-0.0009688613523617983,0.007539302398703283
264000,34.833333333333336,0.0016821577886749282,0.0016821577886749267,0.0020106462851460136,0.007615882936137215
264500,34.89930555555556,0.0009557430529369477,0.0009557430529369496,0.00018151705407112458,0.006183483161126929
265000,34.96527777777778,0.0001527279031658168,0.0001527279031658152,-0.006918349054334391,0.0034006253329157262
265500,35.03125,0.0032856641750873897,0.0032856641750873897,0.0006933922575202948,0.004281166428120135
266000,35.09722222222222,0.0008313970206964949,0.0008313970206964928,-0.00022972804708734407,0.004529584188244601
266500,35.16319444444444,0.002139499464435776,0.002139499464435774,0.001974686771070671,0.005628764389005539
267000,35.22916666666667,0.00016605200516463942,0.0001660520051646375,0.0014101864606666907,0.00650176150679417
267500,35.29513888888889,-0.0003808996985199218,-0.00038089969851992276,-0.00023537656137886245,0.0068033240110844705
268000,35.361111111111114,0.0012855859501956191,0.001285585950195617,-0.0012901359594572413,0.006360474747812738
268500,35.427083333333336,0.0007551684828761259,0.0007551684828761262,-0.0002744476435034779,0.002608208469420065
269000,35.49305555555556,0.002422840160071356,0.0024228401600713593,-0.00426987842673306,0.00786678454654871
269500,35.55902777777778,-0.0017124790238858725,-0.001712479023885873,-0.0003496769981184208,0.003867828570966469
270000,35.625,0.0015388564836956318,0.0015388564836956301,0.0001238135216668669,0.009310462371570528
270500,35.69097222222222,-0.00482959654920972,-0.0048295965492097205,-0.0021102885194443847,0.0037359234659725096
271000,35.75694444444444,0.0014296368947529952,0.0014296368947529995,0.0058505202587313156,0.004196529736067704
271500,35.82291666666667,-0.0001899413085582108,-0.00018994130855821127,0.002996269690157697,0.004611897357166035
272000,35.88888888888889,0.0024603408247204617,0.0024603408247204687,0.0009091200003171245,0.006398665087757809
272500,35.954861111111114,0.0017189594106456932,0.0017189594106456932,0.0033840351046535745,0.0070723591485954
273000,36.020833333333336,0.0007084779422752642,0.0007084779422752649,-0.0023941876014875537,0.004913608923527686
273500,36.08680555555556,0.0028274346188187625,0.0028274346188187647,0.0007945856166914118,0.006605145593778669
274000,36.15277777777778,0.0017500338047433859,0.0017500338047433859,-0.0022091600595439656,0.0064201348698040535
274500,36.21875,0.0005099736702018447,0.0005099736702018433,-0.0010599151053085328,0.005652680482719013
275000,36.28472222222222,-0.0012265375741656087,-0.0012265375741656128,0.0004182724291848379,0.002504813192767735
275500,36.35069444444444,0.0006084544559602064,0.0006084544559602092,0.0017264035333429235,0.006555740513835753
276000,36.41666666666667,0.0003259381049352959,0.0003259381049352977,0.0008309148939421553,0.005938498031223497
276500,36.48263888888889,-0.002155361251087985,-0.0021553612510879817,0.001224252648545747,0.007152026173065824
277000,36.548611111111114,0.0014813591285225188,0.001481359128522518,-0.0007894963071916101,0.004984756292391711
277500,36.614583333333336,-0.0019525052687141625,-0.0019525052687141596,0.001339222016572388,0.007275055528820928
278000,36.68055555555556,0.004377260763073741,0.004377260763073742,0.0028690039073523254,0.005743024213195581
278500,36.74652777777778,0.0024175828185377863,0.0024175828185377807,0.0005690470053835111,0.007023243264240078
279000,36.8125,0.0003807066765354951,0.00038070667653549426,0.002651672946386396,0.004700187805743777
279500,36.87847222222222,-0.0008604897532640336,-0.0008604897532640307,-0.0038666596797727664,0.005328856371928952
280000,36.94444444444444,0.0030166396499784294,0.003016639649978426,-0.003609141432320424,0.002780234721764883
280500,37.01041666666667,0.002559787572451583,0.002559787572451585,-0.0018917607790786485,0.0042149875736760675
281000,37.07638888888889,0.001181553746051717,0.0011815537460517181,-0.0028766850765718542,0.007551939801079455
281500,37.142361111111114,0.004139891533593864,0.0041398915335938685,0.0006999898420979082,0.004917999559016861
282000,37.208333333333336,0.0013120713976247766,0.0013120713976247772,-0.0010887056680859992,0.006383069471992978
282500,37.27430555555556,-0.004607639100155769,-0.004607639100155768,-0.0030143723230600344,0.0031386268677727905
283000,37.34027777777778,0.002600036251467274,0.0026000362514672693,-0.004232191329319107,0.007728539587795669
283500,37.40625,-0.001729801037349339,-0.001729801037349339,-0.0010262181171717118,0.003141254284314292
284000,37.47222222222222,0.0025416377950042528,0.0025416377950042545,0.004491664737404179,0.004422805052339613
284500,37.53819444444444,0.0020985237127868405,0.0020985237127868397,0.001455946438454429,0.006126217359326193
285000,37.60416666666667,-0.0014740543285261445,-0.0014740543285261414,-0.0020679979372862363,0.0028596399160997045
285500,37.67013888888889,0.0023170516677861637,0.0023170516677861737,0.001843524232106435,0.0079140099288232
286000,37.736111111111114,0.0017756255279728368,0.0017756255279728376,0.0012642750979052844,0.006230001991462972
286500,37.802083333333336,0.0008491006961888618,0.0008491006961888613,0.0017844223265831305,0.004770334319089735
287000,37.86805555555556,0.0022936587633963766,0.0022936587633963787,-0.0020188644877080024,0.006347212641834918
287500,37.93402777777778,-0.0011377418616161533,-0.0011377418616161576,-0.0016430770198508568,0.006252051234214201
288000,38.0,-0.001802058207969604,-0.0018020582079696034,-0.0016900160424671818,0.006324250024896438
288500,38.06597222222222,0.0004961611921556062,0.0004961611921556041,0.0024034423552504926,0.006560279933818888
289000,38.13194444444444,0.001765468543783877,0.0017654685437838765,-0.001771715723996412,0.005220522033231848
289500,38.19791666666667,-0.0017579807494730096,-0.0017579807494730103,0.0009918378673512216,0.00855809059228613
290000,38.26388888888889,0.0009872422628504822,0.0009872422628504805,0.0002696948239193551,0.006476853191640034
290500,38.329861111111114,8.537036252061358e-05,8.537036252060889e-05,-0.0013884349083567373,0.012902510708866574
291000,38.395833333333336,0.0029910265365109536,0.0029910265365109576,-0.000999814250349801,0.006666731429268009
291500,38.46180555555556,0.004397037338614144,0.004397037338614146,-0.0035677311488523083,0.004724413821776397
292000,38.52777777777778,0.001679895472400873,0.001679895472400875,0.0028620278201453636,0.008065517998716347
292500,38.59375,0.0001790311939247058,0.00017903119392470072,0.0004452363072986348,0.008869857393957918
293000,38.65972222222222,0.0007004535429397822,0.0007004535429397845,-0.001461978172336404,0.007923571796521207
293500,38.72569444444444,0.00020377197667587749,0.0002037719766758779,2.5438297034651842e-05,0.006816287573300022
294000,38.79166666666667,0.0005070677261709033,0.0005070677261709016,0.004943917832583037,0.005626456665557001
294500,38.85763888888889,0.0003483343449600342,0.0003483343449600392,-0.0014424522453214822,0.0047955238767975784
295000,38.923611111111114,0.0013835283138464356,0.0013835283138464323,0.003100930005131822,0.008806837830593448
295500,38.989583333333336,0.0019700789544959537,0.0019700789544959563,0.0033749758112240724,0.006913780559588288
296000,39.05555555555556,0.003773149020072399,0.0037731490200723938,-0.0006933320586794109,0.005606897351779628
296500,39.12152777777778,0.0009868035918450143,0.0009868035918450153,-0.00042057518781802824,0.00721249927446809
297000,39.1875,0.0015721845041610984,0.0015721845041610973,-0.0026177585269198276,0.0060280106746977485
297500,39.25347222222222,0.001958246211749338,0.001958246211749337,-0.0018109094147491795,0.008644710721046065
298000,39.31944444444444,0.00027282893016413584,0.0002728289301641334,-0.003950076415015813,0.004726523882594958
298500,39.38541666666667,-0.00036872355202464686,-0.0003687235520246416,0.0020797058003697217,0.005878973669629538
299000,39.45138888888889,0.002580892208697828,0.0025808922086978307,0.0007643193721737804,0.002776311345788809
299500,39.517361111111114,-0.0017219816330236153,-0.0017219816330236145,-0.0023695612063570322,0.006204146251053573
300000,39.583333333333336,0.0010881066007709694,0.0010881066007709648,0.0018807562951516528,0.00392475158248106
300500,39.64930555555556,-0.0018850798714424024,-0.0018850798714424024,-0.0009906681115436642,0.0049756178021533445
301000,39.71527777777778,-0.002017679080208861,-0.00201767908020886,0.0010746743389192222,0.004361180264605217
301500,39.78125,0.0015795209100548597,0.0015795209100548607,-0.0013570056349096952,0.00584875330356672
302000,39.84722222222222,0.0013548980396676583,0.001354898039667671,0.0005321532576536852,0.00614594244725367
302500,39.91319444444444,0.00027319082463958733,0.00027319082463958414,-0.0009804147751184126,0.004134845348398288
303000,39.97916666666667,0.001639911640564852,0.0016399116405648566,-2.8811837696186905e-05,0.008299857220094773
303500,40.04513888888889,-0.00011078388794992668,-0.00011078388794992576,-0.0017000292879374593,0.006883814867563199
304000,40.111111111111114,0.0020628528172943134,0.002062852817294313,-0.0011047198138343843,0.00465986211140813
304500,40.177083333333336,4.833159113327215e-06,4.833159113327043e-06,-0.0017999273617792261,0.006525300648769186
305000,40.24305555555556,0.0019296034369269788,0.0019296034369269753,0.00106763229669777,0.0042850849309451515
305500,40.30902777777778,0.002592960719767354,0.002592960719767356,0.0007460357013725495,0.007024208947094949
306000,40.375,0.0020135078485889663,0.0020135078485889724,-0.001657697106352598,0.0052854212570397005
306500,40.44097222222222,0.0005129829317307227,0.0005129829317307196,-0.0021495816488604725,0.0038201608643854703
307000,40.50694444444444,-0.00013854362656755883,-0.0001385436265675568,-0.002902075403672355,0.009901385845751674
307500,40.57291666666667,0.00044144439233296585,0.00044144439233296623,3.64720229020724e-05,0.008118798680145775
308000,40.63888888888889,0.0023420350916602307,0.002342035091660234,-0.0012569359094629022,0.004916435973169415
308500,40.704861111111114,0.0030697466870097845,0.0030697466870097854,-0.002534273196804789,0.006658119374531259
309000,40.770833333333336,0.0036121584616788114,0.003612158461678812,-0.00145217650137566,0.006979049895355312
309500,40.83680555555556,-0.0032543430761202484,-0.0032543430761202497,0.002373756376998439,0.004781157491173424
310000,40.90277777777778,-0.002477037368509209,-0.0024770373685092046,0.0007764465713236071,0.0062339423559787
310500,40.96875,0.0039229407109761414,0.00392294071097615,-0.0011870896946379029,0.0055207445219592095
311000,41.03472222222222,-0.0015523503131341632,-0.0015523503131341643,0.0017013792189115408,0.00818592295624099
311500,41.10069444444444,-0.00016943834141777274,-0.00016943834141777364,0.007674204562695739,0.009208829640805818
312000,41.16666666666667,0.0019084270273007845,0.0019084270273007832,0.0001390529618000936,0.0031436173878149976
312500,41.23263888888889,0.0022334934022254825,0.002233493402225483,-0.0012337904801205954,0.008116864061817324
313000,41.298611111111114,-0.0002989764393579944,-0.0002989764393579968,-8.010173207787639e-05,0.006700274093682464
313500,41.364583333333336,0.0006132498586675502,0.0006132498586675495,-0.0005015371218218385,0.00555105434774665
314000,41.43055555555556,0.0015506031966249017,0.001550603196624904,-0.0009331229414625432,0.004642131815303542
314500,41.49652777777778,0.00014376080600767046,0.00014376080600767092,-0.0023546192277652416,0.008768820833861539
315000,41.5625,0.0026977247146490906,0.002697724714649085,-0.0021765275166889656,0.006392354255027337
315500,41.62847222222222,0.0005312608979246,0.0005312608979246028,-0.004447000776643619,0.0067142809812678695
316000,41.69444444444444,0.0012744799790109786,0.0012744799790109834,-0.0031478101804629606,0.0063701425535910355
316500,41.76041666666667,0.0034006917855096542,0.003400691785509656,0.003527421370835614,0.005412552324972846
317000,41.82638888888889,0.0019283272195057123,0.0019283272195057158,-0.0024963915719201295,0.006096002704683518
317500,41.892361111111114,0.0006631287297237837,0.0006631287297237833,0.0027180064417220914,0.006004365049918235
318000,41.958333333333336,0.0016857583276854847,0.0016857583276854778,-0.00015673118752822826,0.003860951500406421
318500,42.02430555555556,0.00471622602796693,0.004716226027966925,-0.004235640718331474,0.009422444988906577
319000,42.09027777777778,-0.0011744379596536703,-0.0011744379596536688,-0.00020678563812961303,0.006273197235436705
319500,42.15625,0.003978827049163873,0.003978827049163874,-0.0007993148970479766,0.007342631556387785
320000,42.22222222222222,7.880421140419995e-05,7.880421140420107e-05,-0.006119415938640302,0.005518780692645488
320500,42.28819444444444,0.0010438779181458887,0.0010438779181458893,0.002811048895535463,0.0057162391050022245
321000,42.35416666666667,0.00106307314379195,0.0010630731437919494,0.0035020263800349355,0.0053911036485005965
321500,42.42013888888889,-0.0011465122854681026,-0.0011465122854681022,-0.0002419183102893202,0.005529921912977934
322000,42.486111111111114,0.002422501567528371,0.002422501567528369,0.0016718326235047494,0.004880509555240196
322500,42.552083333333336,0.0002622090966047633,0.00026220909660476456,-0.003482659758988711,0.007509026761022371
323000,42.61805555555556,-0.0002380484143253535,-0.0002380484143253548,-1.4439151593144769e-05,0.005045344864728259
323500,42.68402777777778,0.001546184175077339,0.0015461841750773375,0.0001066683577915088,0.006040276109879926
324000,42.75,2.3395648391408817e-05,2.3395648391408803e-05,-0.00028212692116359733,0.007639085440047897
324500,42.81597222222222,-0.00013192175078844307,-0.0001319217507884419,-0.0007412524134639994,0.003923572685275242
325000,42.88194444444444,-0.0014781422664595265,-0.0014781422664595265,0.00030584980391908567,0.0075625833859140805
325500,42.94791666666667,0.00040712636737101935,0.0004071263673710193,-0.0005143849674010797,0.004398417329906996
326000,43.01388888888889,0.000784213600908305,0.0007842136009083066,0.004345258194951504,0.0076153277491181675
326500,43.079861111111114,0.0036625581093573025,0.0036625581093573016,0.0034615721869563827,0.0036389824814687076
327000,43.145833333333336,0.0014745437594762423,0.001474543759476243,-0.004922249200285432,0.005921553371680602
327500,43.21180555555556,0.0012285444881216627,0.0012285444881216668,-0.00010981848429186877,0.006998204747462569
328000,43.27777777777778,-0.00012595999133368794,-0.00012595999133368672,-0.0020344066755425025,0.006418821473450748
328500,43.34375,0.0034464503168678425,0.0034464503168678403,-0.0008018680270017841,0.005485502540987468
329000,43.40972222222222,0.0013348715500498941,0.0013348715500498957,0.002477170296175304,0.006763318068509614
329500,43.47569444444444,0.002017646986271243,0.00201764698627124,-0.0014928173154476279,0.011527553247205759
330000,43.54166666666667,-0.00031591685039284904,-0.00031591685039284893,0.004094557377894403,0.005114637336205813
330500,43.60763888888889,0.004453617835210215,0.004453617835210218,0.00163821761445299,0.005843225888040865
331000,43.673611111111114,0.0010706350812946888,0.0010706350812946912,0.00469967979317276,0.008057153907793315
331500,43.739583333333336,0.0010550877659300298,0.0010550877659300287,-0.0023457969981642507,0.0037794992494765704
332000,43.80555555555556,-0.002308769325064152,-0.0023087693250641583,-0.0002966247360219639,0.008567144290327662
332500,43.87152777777778,0.0003048179276465948,0.0003048179276465907,0.00242915239122341,0.005041467509387202
333000,43.9375,-0.0007782242670637969,-0.0007782242670637935,0.00029454732065817355,0.009189669182394937
333500,44.00347222222222,-0.00026562573592819476,-0.0002656257359281894,-0.00411288472487022,0.00470961013575586
334000,44.06944444444444,-0.0014667068418561429,-0.0014667068418561422,-0.001116559305657134,0.007553065151655633
334500,44.13541666666667,0.0012945137490761984,0.0012945137490762014,-0.0016024168047997977,0.006579005080097026
335000,44.20138888888889,-0.0018841020316470803,-0.001884102031647074,-0.001175305507774925,0.007224454096817452
335500,44.267361111111114,-0.00044827454451999726,-0.00044827454451999807,-0.00020352773535331123,0.005956567987987746
336000,44.333333333333336,-0.0005036036806791645,-0.000503603680679164,0.0036167868040855498,0.005466719019951375
336500,44.39930555555556,-0.0019728150710161168,-0.0019728150710161168,-0.0020876700821095963,0.0077325155465430544
337000,44.46527777777778,0.0005129101967370002,0.0005129101967370003,0.004139018566743683,0.008426223458517058
337500,44.53125,0.0006369430882514195,0.0006369430882514194,0.005392433753359112,0.010649220863207779
338000,44.59722222222222,0.002379759915271826,0.002379759915271825,-0.002956738393793389,0.007818168651071036
338500,44.66319444444444,0.0006829229588443767,0.0006829229588443784,-0.00027262448160626275,0.007212692641304999
339000,44.72916666666667,0.0023124528413268385,0.002312452841326836,-0.0036088984194339313,0.006043308318068034
339500,44.79513888888889,-0.0003619124002646029,-0.000361912400264603,-0.0015080971672243402,0.0075943736461490455
340000,44.861111111111114,0.0011727889099506137,0.0011727889099506109,-0.0012377368188405292,0.003937384657922854
340500,44.927083333333336,-0.00018176430842936931,-0.00018176430842937221,0.0015810922708380912,0.00684948201703325
341000,44.99305555555556,0.0032254864578573983,0.0032254864578573884,-2.3637739335474465e-05,0.00775246396958728
341500,45.05902777777778,0.0012291293886718178,0.0012291293886718172,0.002954031221155898,0.00759388935139801
342000,45.125,-0.0007686983471332912,-0.0007686983471332902,0.0011890565451538214,0.004948677423630739
342500,45.19097222222222,0.0006945267125817076,0.000694526712581707,0.002010751723103815,0.0047945372874673335
343000,45.25694444444444,0.0036813374066711315,0.003681337406671128,-0.0029031878543262606,0.007158833280674384
343500,45.32291666666667,-0.001778189288000626,-0.0017781892880006298,-9.42896305102676e-05,0.00983134445611836
344000,45.38888888888889,-0.001447647120510667,-0.0014476471205106698,-0.0033080566885974193,0.005810447052348924
344500,45.454861111111114,0.0008089834343038789,0.0008089834343038772,0.006817032068261302,0.006854761901825063
345000,45.520833333333336,0.0018819610792797166,0.001881961079279719,-0.0018921979299005756,0.007656576783594456
345500,45.58680555555556,0.0011092531743462353,0.001109253174346235,0.0007113701649934063,0.007231701110322888
346000,45.65277777777778,0.002950131288665821,0.0029501312886658243,-0.0031921645776625826,0.010163425440073212
346500,45.71875,-0.001704222694278669,-0.0017042226942786687,-0.000581418485890382,0.011351986282659536
347000,45.78472222222222,-0.0012993642043065638,-0.0012993642043065655,0.002554172838314735,0.006946982856281786
347500,45.85069444444444,0.003730557405881053,0.003730557405881056,0.004619476852548852,0.005329947794383966
348000,45.91666666666667,-0.0006893368081410368,-0.0006893368081410374,-0.0007916846132914968,0.006325830405396784
348500,45.98263888888889,-0.0008109829484283142,-0.0008109829484283142,0.0010697168204754554,0.007643904528231702
349000,46.048611111111114,0.0035699716956546453,0.003569971695654645,0.003037667677609813,0.004734959089736793
349500,46.114583333333336,-0.0017060047904874543,-0.0017060047904874586,-0.0031608707471950832,0.0078060345872955
350000,46.18055555555556,-9.695934104443139e-05,-9.695934104443238e-05,-0.001333073594232502,0.006562528538430823
350500,46.24652777777778,0.0024379968355291966,0.0024379968355291996,6.435925978764666e-05,0.008381531756057192
351000,46.3125,0.0023833461898348797,0.002383346189834879,-0.0006300279597483337,0.00604723653963649
351500,46.37847222222222,0.0022681604612775344,0.0022681604612775326,0.004803052760712144,0.006272189189761679
352000,46.44444444444444,0.000400367808303521,0.00040036780830352274,0.0012769733539844605,0.007724890412163177
352500,46.51041666666667,0.0038484462266789765,0.0038484462266789726,0.0014526891867965542,0.007711479804765368
353000,46.57638888888889,0.0009318706101569356,0.0009318706101569349,0.0018694017050763152,0.004220155793514151
353500,46.642361111111114,0.002639174822798407,0.0026391748227984095,-0.000387961125514711,0.00781814182261653
354000,46.708333333333336,-0.00174157428135875,-0.0017415742813587493,0.002537983294143025,0.0052464660641667405
354500,46.77430555555556,0.0014006740108099222,0.0014006740108099226,0.0001532163449934342,0.006257902991511836
355000,46.84027777777778,0.001196588009325433,0.0011965880093254319,0.003196501502675333,0.011408320501797345
355500,46.90625,0.001646781170513411,0.0016467811705134102,0.002229992214656664,0.007710755088231471
356000,46.97222222222222,-0.0002750979393306463,-0.0002750979393306456,-0.0011429306542709997,0.0045306713745527204
356500,47.03819444444444,0.003136716582396811,0.003136716582396808,0.0010243896002866335,0.0063205503002251775
357000,47.10416666666667,0.0021819934043635237,0.002181993404363521,-0.0032861613747309673,0.006622160127759806
357500,47.17013888888889,0.0006801014934336699,0.0006801014934336681,0.000780510887826469,0.010087968672272902
358000,47.236111111111114,0.0021396903602621856,0.002139690360262185,-0.0014641652140277496,0.004790412854248329
358500,47.302083333333336,-0.000902451361435486,-0.0009024513614354882,0.003330157955791285,0.0075770756585095455
359000,47.36805555555556,0.0032123367653429714,0.003212336765342972,-0.0036905126372868266,0.006689486974415719
359500,47.43402777777778,0.00221658051034325,0.0022165805103432534,-0.004121726991282801,0.010217998316591545
360000,47.5,0.001974988860664738,0.001974988860664739,-0.002566224800068622,0.008085988696620052
360500,47.56597222222222,-0.00043069068258999967,-0.00043069068259000076,-0.0008566175323125111,0.005359706324360551
361000,47.63194444444444,-0.0006100694433553665,-0.0006100694433553685,-0.000321131873878182,0.0067096014746613015
361500,47.69791666666667,0.0015454030234817778,0.0015454030234817854,0.005638549822339511,0.007939100997198259
362000,47.76388888888889,-0.0004391160155828552,-0.0004391160155828501,-0.0010607383791247861,0.005870027157436769
362500,47.829861111111114,0.002484356847061017,0.0024843568470610177,-0.0011595150329925885,0.006276180521435766
363000,47.895833333333336,-0.0015600742116273706,-0.001560074211627372,0.0013286783041156298,0.008461131192873148
363500,47.96180555555556,0.0031412521717161736,0.0031412521717161736,-0.0007957490640168815,0.008239449615630775
364000,48.02777777777778,0.004949330145431092,0.004949330145431104,-0.0017407945171788843,0.005037139411907535
364500,48.09375,0.0011817192025456098,0.0011817192025456093,-0.00029100454116328224,0.008730042688242429
365000,48.15972222222222,-0.000463190499536456,-0.00046319049953644963,-0.0012951939019584485,0.008879268531686333
365500,48.22569444444444,-0.0008713914068135063,-0.0008713914068135037,-0.0003935367804670282,0.003317794557669169
366000,48.29166666666667,9.950005405279858e-05,9.950005405280048e-05,0.001539851809608976,0.008736451107930058
366500,48.35763888888889,-0.0025235261173201734,-0.002523526117320176,0.000992704339210355,0.006153540862066249
367000,48.423611111111114,0.00440520204254116,0.004405202042541165,-2.246813799244754e-05,0.00903450521593165
367500,48.489583333333336,0.00244924610405705,0.00244924610405705,0.0017926113509905868,0.009495455571042248
368000,48.55555555555556,-0.001329397181764252,-0.0013293971817642523,0.0017231089132627604,0.007974522184575098
368500,48.62152777777778,0.0031150878906543392,0.0031150878906543466,-0.001308063738409028,0.004503022936373646
369000,48.6875,-0.000435859550369217,-0.000435859550369219,-0.0015431513381744869,0.005420264414215203
369500,48.75347222222222,-0.00030656449720599605,-0.00030656449720599556,0.0003512753991169286,0.008732587788929783
370000,48.81944444444444,-0.000669266445786909,-0.000669266445786911,-0.0014030387432121259,0.009171928369054854
370500,48.88541666666667,-0.0017653130715082096,-0.0017653130715082088,-0.0008350668304565119,0.006440277036244195
371000,48.95138888888889,0.002985173262965022,0.0029851732629650254,0.0021363420020283725,0.00730442748925088
371500,49.017361111111114,-0.0036225911496235736,-0.0036225911496235736,0.0027058879200188624,0.008565575102106001
372000,49.083333333333336,0.002446857933372462,0.0024468579333724685,-0.002398538533678087,0.009606265268516701
372500,49.14930555555556,0.002057030228512997,0.0020570302285129994,-0.0030069206218037484,0.006562468725272034
373000,49.21527777777778,0.001279435448521414,0.0012794354485214103,-0.0011885764122266272,0.005538799862070371
373500,49.28125,-0.0013301757585367855,-0.0013301757585367883,0.0033518472774275994,0.0052547720081374824
374000,49.34722222222222,0.0021734244533401703,0.0021734244533401694,0.002377425484337945,0.006483289696377122
374500,49.41319444444444,0.0008806270662700488,0.0008806270662700471,-0.0026857455331114784,0.007050522628543478
375000,49.47916666666667,-0.0011578274117030707,-0.0011578274117030698,-0.00048724530628582805,0.008460043543027559
375500,49.54513888888889,0.004056646680114286,0.004056646680114283,0.0006288682299783181,0.007943287513134247
376000,49.611111111111114,0.0033024174482289555,0.0033024174482289585,-6.935737769653985e-06,0.00984809848711025
376500,49.677083333333336,0.0018145123416591995,0.0018145123416592052,0.002971669455437929,0.007251977843976385
377000,49.74305555555556,0.002171029004710261,0.0021710290047102622,0.005184119340016143,0.00257806796944391
377500,49.80902777777778,0.003002937350039853,0.003002937350039856,0.0006486922030710969,0.009979931316105575
378000,49.875,0.0005011984939052769,0.0005011984939052757,0.0027912816442106025,0.00932254780596843
378500,49.94097222222222,0.001370727610102032,0.0013707276101020324,-0.0021657371072456248,0.005253257603981259
379000,50.00694444444444,0.00212136120392105,0.00212136120392105,0.0027870260158128586,0.007224504868894386
379500,50.07291666666667,0.0025161221957539547,0.0025161221957539564,0.0008449360693026288,0.0087937700720775
380000,50.13888888888889,-3.7816112895070894e-05,-3.7816112895074465e-05,-0.0009306754367305843,0.007262827369582046
380500,50.204861111111114,-0.0007151894882218409,-0.0007151894882218361,0.0005380953034212027,0.005939756148068967
381000,50.270833333333336,0.001144779040353083,0.0011447790403530844,-0.0012799840233403824,0.007559803878920455
381500,50.33680555555556,0.0028179697670264333,0.002817969767026427,0.0004182372207802173,0.007509101091927698
382000,50.40277777777778,-0.0009212763873414872,-0.000921276387341487,-0.0033294369133288334,0.008442859421796817
382500,50.46875,0.00019934706090042096,0.00019934706090042105,0.0005206155006301839,0.007786734041870004
383000,50.53472222222222,0.00046595183683914245,0.0004659518368391415,0.0023728293685469208,0.007397688393628411
383500,50.60069444444444,-0.0001256755168682388,-0.0001256755168682368,0.001709861140002452,0.008787066514363418
384000,50.66666666666667,0.0004715478267570629,0.0004715478267570627,0.0013666513183060104,0.00606712097340886
384500,50.73263888888889,0.0009334036209087318,0.0009334036209087292,0.0006355771600176328,0.007264404292698665
385000,50.798611111111114,-0.0013683688413153208,-0.0013683688413153208,0.0001963727647647637,0.007947879408119318
385500,50.864583333333336,0.001426769166717763,0.0014267691667177627,-5.306382410093633e-05,0.008841721247014406
386000,50.93055555555556,-0.001253430342763499,-0.0012534303427635003,-0.0008609438516517712,0.006436821996444965
386500,50.99652777777778,2.4469132438801624e-05,2.4469132438801302e-05,-0.0013503302983154295,0.006433834744421633
387000,51.0625,-0.0008869211825681775,-0.0008869211825681784,-0.0005172786628297024,0.005227525224179429
387500,51.12847222222222,0.004161371953620244,0.004161371953620246,0.0020170524021056947,0.007581826836372821
388000,51.19444444444444,0.000712032916372162,0.0007120329163721596,0.0010139898971481909,0.007309479408228355
388500,51.26041666666667,-0.0006101329774995682,-0.0006101329774995714,0.00010866646095371328,0.009287544943173737
389000,51.32638888888889,0.0025661035394340522,0.002566103539434049,0.003072570851359058,0.010533141851260502
389500,51.392361111111114,0.002485527474435289,0.002485527474435285,-0.001312660113949463,0.008417054712559997
390000,51.458333333333336,2.2823598555012763e-05,2.2823598555016713e-05,-0.0023938860229386657,0.009607126447065814
390500,51.52430555555556,-0.0003093205235728961,-0.00030932052357289264,-0.002638208254783025,0.00793217774367605
391000,51.59027777777778,-0.00047253294427032454,-0.00047253294427032416,0.003941567427730086,0.0072958867679615
391500,51.65625,0.0004579306290637645,0.00045793062906376793,0.0011586630489065998,0.0084509451429186
392000,51.72222222222222,-9.258536630632347e-05,-9.258536630632195e-05,0.00023489359983959855,0.009216134911133381
392500,51.78819444444444,-0.0005932440766312864,-0.0005932440766312847,-0.00010951919995508116,0.008128368286590925
393000,51.85416666666667,-0.0016031882823340762,-0.0016031882823340756,-0.003503455627537355,0.005596960684965197
393500,51.92013888888889,-5.939430162062658e-05,-5.939430162062635e-05,0.001254914361361314,0.0076368525069823515
394000,51.986111111111114,-0.0005297929534652081,-0.000529792953465208,0.001337843904352175,0.010566784221888989
394500,52.052083333333336,0.0033770233374543455,0.0033770233374543447,0.0012610302871978603,0.011134717319677292
395000,52.11805555555556,-0.001339510002076479,-0.0013395100020764806,-0.0030384399250908203,0.00903182122489819
395500,52.18402777777778,0.0012289224873764369,0.001228922487376434,-0.00036576977025582993,0.008694680591721177
396000,52.25,0.004160401662606307,0.004160401662606303,0.00021485042549587304,0.008697918052297735
396500,52.31597222222222,-8.782408253366425e-05,-8.782408253366528e-05,0.0032354780543788556,0.0077229212826509545
397000,52.38194444444444,0.00046287375081751584,0.0004628737508175158,-0.00042968142035603357,0.00812307205877325
397500,52.447916666666664,-0.0001320551390536923,-0.00013205513905369177,0.0053267557932337286,0.00799594903534825
398000,52.51388888888889,0.0004964197375589644,0.0004964197375589661,0.004381749662759686,0.006273382132931563
398500,52.579861111111114,0.000573970124442892,0.0005739701244428875,-0.0010307627133713515,0.006829757625889339
399000,52.64583333333334,0.0032159999151417998,0.0032159999151418063,-0.0009326203401772399,0.007775167070367703
399500,52.71180555555555,-0.003544780541370349,-0.0035447805413703457,0.0010622786979252858,0.00744691396667561
400000,52.77777777777778,-0.0007380596627894176,-0.0007380596627894202,-0.002156094474807222,0.012277405832011515
400500,52.84375,0.001871859511282877,0.0018718595112828802,0.0021901668416180763,0.00752427842711244
401000,52.90972222222223,-0.003507012172568262,-0.003507012172568265,-0.000830566969468141,0.008391087473372905
401500,52.97569444444444,0.0016423926192378007,0.0016423926192378035,-0.0009962944217409072,0.00812346437849732
402000,53.041666666666664,0.0013445750953648453,0.0013445750953648432,-0.004103914509986636,0.011474700181921827
402500,53.10763888888889,-0.004013256242995483,-0.004013256242995481,0.00020812069559460086,0.0059470235162478215
403000,53.173611111111114,-0.0017183876808128584,-0.0017183876808128636,0.0008532701888910183,0.0071480972789595655
403500,53.23958333333334,-0.0014274101627594726,-0.0014274101627594707,0.0015306659900881706,0.007533971477876161
404000,53.30555555555555,0.0006987912523794621,0.0006987912523794638,0.0044723238049936866,0.005310690769565024
404500,53.37152777777778,-0.0010857831342097318,-0.0010857831342097307,-0.004362530049351826,0.006658008371817589
405000,53.4375,0.00011644489369900022,0.00011644489369899762,0.002518203030886523,0.008267887342133908
405500,53.50347222222223,0.0018211576359624738,0.0018211576359624677,0.002732802451652176,0.00972640533736388
406000,53.56944444444444,0.00318450944654831,0.003184509446548321,0.002673353131747009,0.007702441795514696
406500,53.635416666666664,-0.0016015865683148196,-0.0016015865683148213,-0.0008049882643363339,0.007168476841085138
407000,53.70138888888889,-0.0011229483236379148,-0.001122948323637915,-0.0005758041700038829,0.008845847053686866
407500,53.767361111111114,0.002113950327443965,0.0021139503274439737,0.000795682218480537,0.00744584259621493
408000,53.83333333333334,0.0008471462067291556,0.0008471462067291557,0.00115964873068471,0.006137799673596868
408500,53.89930555555555,0.0023688154224882816,0.0023688154224882816,-0.002078229989700141,0.006930001363727305
409000,53.96527777777778,0.0016804782790763762,0.001680478279076378,-0.0013186109052225538,0.008822633342423858
409500,54.03125,0.0008078419457641082,0.0008078419457641103,0.003141436758957559,0.007662986610886436
410000,54.09722222222223,0.0008102374406051416,0.000810237440605141,0.004981788190479657,0.00561098933897389
410500,54.16319444444444,0.001717380468526113,0.0017173804685261152,0.001732343665351599,0.009340510848845745
411000,54.229166666666664,-0.0012565355120729412,-0.0012565355120729448,-0.0025360816856112188,0.007116763738090651
411500,54.29513888888889,-0.0011879907321472648,-0.0011879907321472676,-0.0012519001512739801,0.009830367164461437
412000,54.361111111111114,0.0016631169840434338,0.0016631169840434382,0.0009430151086061778,0.010806490354925829
412500,54.42708333333334,-0.0029966921245069594,-0.0029966921245069616,0.0033650412748648943,0.007381170322269819
413000,54.49305555555555,-0.002077335722668613,-0.0020773357226686134,-0.0021426430862153544,0.013168847927852024
413500,54.55902777777778,-0.0007988099720020304,-0.0007988099720020303,0.0003033677568781255,0.008814701085420151
414000,54.625,0.0008736863284996867,0.0008736863284996844,-0.0015935805698813188,0.009693452396178288
414500,54.69097222222223,0.0001693435461906474,0.00016934354619064568,0.0020059570176764047,0.005919170993422808
415000,54.75694444444444,0.0008873504188163852,0.0008873504188163858,-0.002290277363979336,0.012410348146864437
415500,54.822916666666664,-0.002052672991894232,-0.002052672991894232,-0.0005988589122483806,0.006675700437457794
416000,54.88888888888889,0.0015580382588616904,0.001558038258861691,-0.0012666451788578357,0.008900918473961914
416500,54.954861111111114,-0.0002711008936525446,-0.00027110089365254446,0.0003449109420481641,0.009297642774574925
417000,55.02083333333334,0.001221231890459757,0.0012212318904597577,0.0007853917901560579,0.007705884314517472
417500,55.08680555555555,0.0016194327318991243,0.0016194327318991278,-0.0014158502244389652,0.008755319301360287
418000,55.15277777777778,-0.0015224965625856516,-0.0015224965625856533,-0.003957660334795916,0.009086815957256723
418500,55.21875,0.0022804052651587497,0.0022804052651587427,-0.001857612513860816,0.008318201790470381
419000,55.28472222222223,-0.0003238689355075995,-0.00032386893550759874,0.0025557800694720766,0.006692994617383789
419500,55.35069444444444,0.0006814696087411673,0.0006814696087411657,-0.002692039758457194,0.0069573115478611045
420000,55.416666666666664,0.001987724171979481,0.0019877241719794825,-0.0011112914791074008,0.009125061191758647
420500,55.48263888888889,-9.665890822829189e-05,-9.665890822829175e-05,-0.0023766965283341167,0.009667113697965711
421000,55.548611111111114,0.0011952099564358284,0.0011952099564358297,0.0018028299869644194,0.008761356092043674
421500,55.61458333333334,-0.0035126712582707483,-0.0035126712582707466,0.0003435044739007903,0.0055501061997325655
422000,55.68055555555555,0.0005094809203780768,0.0005094809203780783,0.0026421865687432555,0.00916411105913298
422500,55.74652777777778,0.001811493188088294,0.0018114931880882947,0.002097831170696364,0.010098621416463279
423000,55.8125,-0.0014743707312381313,-0.0014743707312381274,-0.0028140078560508143,0.00786930021935979
423500,55.87847222222223,0.000788624078625701,0.0007886240786257016,-5.943673343763306e-05,0.008837501297891652
424000,55.94444444444444,-0.00010125729784315268,-0.00010125729784315079,-0.0011997833599376039,0.007703614727837455
424500,56.010416666666664,0.002138169948006673,0.0021381699480066694,-0.0014555136915083602,0.004991018670383095
425000,56.07638888888889,0.0015408853426252074,0.0015408853426252098,0.0011957423667094864,0.01091771662403573
425500,56.142361111111114,0.001139733543540974,0.0011397335435409724,-0.0005508487205053207,0.005764161070206381
426000,56.20833333333334,-0.0003183239765962091,-0.0003183239765962049,0.001489583586074767,0.012024298882440842
426500,56.27430555555555,-0.00023193865280351882,-0.00023193865280351985,0.00010156407010841706,0.008388380776621221
427000,56.34027777777778,-0.0019417715308445666,-0.0019417715308445657,-0.0013828545182817838,0.010862025093333927
427500,56.40625,-0.0003873773079837775,-0.00038737730798377423,-0.0022801309202908158,0.011399877951980778
428000,56.47222222222223,0.0020456812289886377,0.00204568122898864,-0.0005219359893525458,0.007350154822960123
428500,56.53819444444444,-0.00023475352337879748,-0.00023475352337879945,0.00023557254363441673,0.009374954300091195
429000,56.604166666666664,0.0008706287360510876,0.0008706287360510891,-0.0005018790505167253,0.009143969040487216
429500,56.67013888888889,-0.0014186595118525973,-0.0014186595118525992,-0.00044043752187382314,0.008244505068818844
430000,56.736111111111114,0.00031103551571159374,0.00031103551571159185,-0.0035657103983901726,0.007855014268531246
430500,56.80208333333334,-0.0025030065592960065,-0.0025030065592960087,0.00041564313119985165,0.006849219890231064
431000,56.86805555555555,-0.0003770118123247842,-0.0003770118123247859,0.0031118211360272948,0.009268916438115707
431500,56.93402777777778,0.0005027162067373709,0.0005027162067373732,-0.0004017501488466203,0.010583539267956549
432000,57.0,0.0030623953794126626,0.0030623953794126565,0.00324935806548308,0.008193323810826188
432500,57.06597222222223,-0.0016145878314252065,-0.0016145878314252073,-0.0002412653407546998,0.009574422254607124
433000,57.13194444444444,-0.0013615019820030455,-0.001361501982003046,0.0020545817147645993,0.00675069435223359
433500,57.197916666666664,-0.0001612772104161085,-0.0001612772104161083,-0.006152485599122459,0.01008309930357795
434000,57.26388888888889,-0.0006628755834242251,-0.0006628755834242219,0.0015753686950596508,0.007816032144742422
434500,57.329861111111114,0.0029474107718327164,0.00294741077183271,-0.003704633015551916,0.007608021407178886
435000,57.39583333333334,0.002114581604916744,0.002114581604916749,-0.0006642696749624907,0.0075122730255966635
435500,57.46180555555555,0.00063835427680115,0.0006383542768011494,0.004993089520839532,0.007357811649406563
436000,57.52777777777778,-0.002020887461988761,-0.002020887461988761,0.00174451644644858,0.010288205979902033
436500,57.59375,0.00508492142648664,0.005084921426486644,0.002711289761671523,0.006659984173422266
437000,57.65972222222223,-0.000979236639954689,-0.000979236639954688,0.0013829358797239897,0.008530948996837621
437500,57.72569444444444,0.001578806887366264,0.0015788068873662593,0.00043917084746566737,0.01230911803874548
438000,57.791666666666664,0.002291844368406941,0.0022918443684069472,0.0014598343923448397,0.008637243681107437
438500,57.85763888888889,0.00022301917096893617,0.00022301917096893524,-0.00518129993088886,0.009930418988442382
439000,57.923611111111114,-0.0006782235390076973,-0.000678223539007697,-0.001959097771450372,0.00696300528935908
439500,57.98958333333334,-0.004007704910596004,-0.0040077049105960065,0.002775436862996508,0.0062210794933064036
440000,58.05555555555555,-0.0016876121842504261,-0.001687612184250427,0.0016670658364920641,0.007625878157524563
440500,58.12152777777778,0.0007911463264189126,0.0007911463264189126,0.0002569781322731899,0.006815737304576214
441000,58.1875,-0.001313194396773739,-0.0013131943967737397,-0.0011134641072743712,0.009735408620668325
441500,58.25347222222223,0.0011170687549908868,0.001117068754990886,-0.0014200733202882133,0.008472359589026063
442000,58.31944444444444,0.0018903881222825675,0.0018903881222825617,0.0025454738672410684,0.007614698456828188
442500,58.385416666666664,0.001404941596886052,0.0014049415968860495,0.0019071338487328326,0.01160779714748373
443000,58.45138888888889,0.0005746482986807946,0.0005746482986807925,-0.0027056127607704614,0.010518208875139856
443500,58.517361111111114,-0.0006585176294089718,-0.0006585176294089755,-0.0005054093523938746,0.012432651907875973
444000,58.58333333333334,-0.0007880599319480753,-0.0007880599319480739,-0.0014932497258901174,0.007458243616621004
444500,58.64930555555555,0.000988001259101061,0.0009880012591010595,0.00029244375434662334,0.007374943768931672
445000,58.71527777777778,-0.0016231652616900709,-0.0016231652616900698,0.0011633573031652289,0.009807229840488317
445500,58.78125,0.0005208379298739848,0.0005208379298739838,0.00021496057884086737,0.0017154567208013825
446000,58.84722222222223,-0.0006956450633532898,-0.0006956450633532877,0.00632479766393899,0.010152223291464878
446500,58.91319444444444,-0.0017423582264595187,-0.0017423582264595144,0.0026027219053785834,0.010347275974848727
447000,58.979166666666664,-0.0010327793236595874,-0.0010327793236595906,0.0017205978996462014,0.0069122127692614384
447500,59.04513888888889,-0.0013115601752157631,-0.001311560175215761,0.000589723080442502,0.0070996812293596424
448000,59.111111111111114,-0.0017036484437944132,-0.0017036484437944162,0.0035346279674755778,0.007119669374674963
448500,59.17708333333334,-0.00027177535231248586,-0.00027177535231248786,-0.0004954696566796658,0.009282161575580079
449000,59.24305555555555,-0.0025771431506532608,-0.0025771431506532634,-0.0010524335643325243,0.008662490752579178
449500,59.30902777777778,-0.0013594819658809705,-0.0013594819658809707,-0.000366925590042276,0.0067451174164794596
450000,59.375,-0.0002616160093330258,-0.00026161600933302654,0.003688221198731729,0.00868310697475026
450500,59.44097222222223,-0.003394147585730872,-0.003394147585730868,-0.0014396802469890109,0.011474104814813372
451000,59.50694444444444,-0.001273886805305,-0.0012738868053049997,-0.002186110547180778,0.008511784911402701
451500,59.572916666666664,-0.0016532752158645277,-0.0016532752158645264,0.0033809035938369776,0.007630098010283281
452000,59.63888888888889,-0.00010156936992828912,-0.00010156936992829273,0.0020416115514798297,0.006827881296513023
452500,59.704861111111114,-0.00446042628066581,-0.004460426280665813,-0.0036270734117793842,0.0075878014977256445
453000,59.77083333333334,0.00018234203126041106,0.00018234203126041109,0.0006815593316855027,0.00693287976932148
453500,59.83680555555555,-0.0004282447103311934,-0.0004282447103311951,0.0002406944502474257,0.008985375349686969
454000,59.90277777777778,-0.0006312679771641631,-0.0006312679771641617,-0.0016237551952767543,0.007442202096426441
454500,59.96875,-0.000936592718345212,-0.0009365927183452063,-0.0006934517143171731,0.01140236119638178
455000,60.03472222222223,-0.0020230649242122286,-0.002023064924212234,-0.0004933658602238006,0.00701563033218627
455500,60.10069444444444,5.809895098468735e-05,5.8098950984689154e-05,0.005912156665706925,0.010962290292231048
456000,60.166666666666664,0.0023035725089579086,0.0023035725089579117,0.0002855493789192805,0.008536583614344185
456500,60.23263888888889,-0.002980206159125213,-0.0029802061591252126,-0.0023289250893548906,0.010999846553181798
457000,60.298611111111114,-0.0026348564942595635,-0.0026348564942595626,0.0017879904888700472,0.0056566803442981905
457500,60.36458333333334,-0.00020243012736856486,-0.00020243012736856619,0.0024600025371438235,0.00797656021102355
458000,60.43055555555555,-0.0004628373249242328,-0.00046283732492423516,0.0001491646144541926,0.00823477280042929
458500,60.49652777777778,-0.003919710726988964,-0.003919710726988965,-0.0011298093666201445,0.0074570301079857635
459000,60.5625,-0.0005906491964143086,-0.0005906491964143114,-2.991815216512217e-05,0.012487751565051115
459500,60.62847222222223,-0.001896898844676923,-0.0018968988446769232,-0.002783235404482308,0.011411511119723588
460000,60.69444444444444,-0.00015869788363921265,-0.00015869788363920994,-0.006908769890094758,0.010508887952722226
460500,60.760416666666664,-0.0017137578634897504,-0.0017137578634897502,0.0006947693983261005,0.007772112720360089
461000,60.82638888888889,-0.001648633023529542,-0.0016486330235295514,-0.0037653038397046064,0.00653648606907009
461500,60.892361111111114,0.00034512234366183787,0.0003451223436618352,-0.00264712649899051,0.010983752639313485
462000,60.95833333333334,-0.002005819883948546,-0.002005819883948546,-0.00205523449554737,0.011310053262449164
462500,61.02430555555555,-0.0010938043122936567,-0.0010938043122936591,0.0010004127163984829,0.011657671365357261
463000,61.09027777777778,-0.003241911656849283,-0.0032419116568492864,0.002619841927447504,0.010825909037940085
463500,61.15625,-0.0024779881799137458,-0.002477988179913744,0.0031418603942470597,0.011239619285171788
464000,61.22222222222223,-0.0012228312806148688,-0.0012228312806148698,-0.0014498888502112463,0.008502767159685266
464500,61.28819444444444,-0.0011037586099254958,-0.001103758609925499,0.0023463490432607936,0.007027079145036606
465000,61.354166666666664,-0.0021811204880456295,-0.0021811204880456234,0.004184724683158643,0.012080666046192375
465500,61.42013888888889,0.0005493467969867424,0.0005493467969867426,0.0009073278744938999,0.009188021226051349
466000,61.486111111111114,-0.0009814123791637738,-0.0009814123791637755,0.0015017376468391566,0.007892449710403846
466500,61.55208333333334,-0.003929878617998658,-0.003929878617998669,-0.004055627601901187,0.00930331315668533
467000,61.61805555555555,-0.0014528194300894388,-0.0014528194300894377,-0.0020151704356862234,0.011857924382983814
467500,61.68402777777778,-0.0020193980970196,-0.0020193980970196006,0.002055926416668916,0.009178740864280919
468000,61.75,0.00014282544824051135,0.0001428254482405128,0.0005112117813498213,0.008999444653509851
468500,61.81597222222223,0.00026578163478797884,0.0002657816347879729,-0.0011792094640242362,0.011189095507467708
469000,61.88194444444444,-0.0032835398375121692,-0.0032835398375121705,-0.001961585782857253,0.010882829032966683
469500,61.947916666666664,0.0010496959478110384,0.001049695947811035,-0.0019241202954614215,0.010101053931569683
470000,62.01388888888889,-0.006093875223659651,-0.006093875223659655,0.0005002839108152139,0.01029904508918073
470500,62.079861111111114,-0.0003057415329266809,-0.0003057415329266792,-0.002392397358761915,0.007806156059677169
471000,62.14583333333334,-0.0024678804612051223,-0.0024678804612051236,0.0007087635070288204,0.0112539415766358
471500,62.21180555555555,-0.0044326885950205855,-0.004432688595020585,-0.001609015028336541,0.012050450781798967
472000,62.27777777777778,-0.0008031661060604404,-0.0008031661060604402,-0.0016687718674007128,0.008949541688371303
472500,62.34375,-0.0003074594500415279,-0.00030745945004152905,0.0014447959620253923,0.009112895013649574
473000,62.40972222222223,-0.0032096940765260927,-0.003209694076526098,-0.0023695999687631773,0.008245466572631718
473500,62.47569444444444,-0.0002699074427172873,-0.0002699074427172895,0.0020011797108352145,0.010469202701698696
474000,62.541666666666664,0.0025807138412178195,0.002580713841217808,0.00046798018618340545,0.013375876055736249
474500,62.60763888888889,-0.002382408963813829,-0.0023824089638138273,0.0013065117240907615,0.01103950211427002
475000,62.673611111111114,0.0004104216952976996,0.00041042169529769914,0.0006747030456467375,0.0088371279652805
475500,62.73958333333334,-0.002938418826837516,-0.002938418826837513,0.000587610106054326,0.012734735789772121
476000,62.80555555555555,0.0010152761676387161,0.0010152761676387187,-0.0019354058464360916,0.009085798058560711
476500,62.87152777777778,-0.002775734407401422,-0.0027757344074014196,0.0028541813339086957,0.011836122300045415
477000,62.9375,-0.002775479266284939,-0.0027754792662849385,-0.001916778701593883,0.011378912935087374
477500,63.00347222222223,-0.001156662361642861,-0.0011566623616428618,-0.0002880007204512515,0.009183704792819198
478000,63.06944444444444,-0.006271966087084059,-0.006271966087084054,0.0023872334710192677,0.011369560887053232
478500,63.135416666666664,-0.0031017824297445862,-0.003101782429744582,-0.001951825477403772,0.01464900118650346
479000,63.20138888888889,-0.0005355814150422084,-0.000535581415042205,0.0004153534205094358,0.009524778106423869
479500,63.267361111111114,-0.0037310167650713992,-0.0037310167650714044,-0.000879812282192598,0.008950160644319334
480000,63.33333333333334,-0.004637224525272669,-0.004637224525272676,-0.002252587179050861,0.01256203750828063
480500,63.39930555555555,-0.0028614738928856437,-0.002861473892885647,-0.004037190376885724,0.009355183423652717
481000,63.46527777777778,-0.001596653759964511,-0.0015966537599645132,0.0037642273652831897,0.010656411675409217
481500,63.53125,-0.007251071311472474,-0.007251071311472462,-0.004776296458121823,0.017515909992789114
482000,63.59722222222223,-0.005725626683970953,-0.005725626683970958,-0.0029340882108431303,0.0111717595057963
482500,63.66319444444444,-0.004263496770311537,-0.00426349677031154,-0.002441586196146601,0.013660719214745537
483000,63.729166666666664,-0.004088151444775613,-0.004088151444775617,-0.001923230304816381,0.010959452939583721
483500,63.79513888888889,0.003146661665402592,0.0031466616654025853,0.00029271705214949567,0.016331728027121836
484000,63.861111111111114,-0.005619553952514818,-0.005619553952514828,-0.004448609170964979,0.013260918372358783
484500,63.92708333333334,-0.005965745623352223,-0.005965745623352218,0.0041430293247633745,0.008566537548257347
485000,63.99305555555555,-0.004655958376432948,-0.004655958376432958,-0.0007586316249119161,0.01444608553324495
485500,64.05902777777777,-0.0072185222062966835,-0.007218522206296671,0.0005389727338728291,0.012182053635915851
486000,64.125,-0.004991880015333816,-0.004991880015333816,-0.0015134092313229706,0.013651489469442571
486500,64.19097222222223,-0.0025094264669861237,-0.0025094264669861103,0.0010362580843288993,0.011827652043811624
487000,64.25694444444444,-0.005480980337828142,-0.005480980337828148,0.0005091546522996911,0.011725329980295416
487500,64.32291666666667,-0.0065861348152678415,-0.0065861348152678354,0.001534872548244094,0.014214269422344158
488000,64.38888888888889,-0.010129582077641803,-0.010129582077641797,0.00252526946282921,0.01436452551021864
488500,64.45486111111111,-0.0032898632863862234,-0.003289863286386223,-0.0027225896245460695,0.013478384215408435
489000,64.52083333333334,-0.001216068127636968,-0.0012160681276369685,-0.004379485156164478,0.015525149695582297
489500,64.58680555555556,-0.005433252767772851,-0.00543325276777284,0.0008595353257517994,0.012218500081054658
490000,64.65277777777777,-0.005792706162853389,-0.005792706162853389,-0.0017224993294452171,0.014056913799493618
490500,64.71875,-0.0039881113046796555,-0.0039881113046796495,0.0012146042345439474,0.012560698227496654
491000,64.78472222222223,-0.00591277977577195,-0.0059127797757719475,-0.002521648064164055,0.014944890670002497
491500,64.85069444444444,-0.007886981812276343,-0.00788698181227634,0.0012339913583644792,0.013493909458915604
492000,64.91666666666667,-0.00832625193410057,-0.00832625193410054,0.0007370515625758923,0.014351969848309174
492500,64.98263888888889,-0.0035512511804655046,-0.0035512511804655085,0.0011305773418509514,0.014539618343455126
493000,65.04861111111111,-0.0019200986220593785,-0.0019200986220593765,0.003043072435501338,0.01192581464716532
493500,65.11458333333334,-0.006343201991553499,-0.006343201991553498,9.314515720945904e-06,0.01284295452642868
494000,65.18055555555556,-0.004104146003217076,-0.004104146003217079,-0.002956779215738791,0.016666645027460604
494500,65.24652777777777,-0.005436251447335422,-0.005436251447335424,-0.0011526053356226856,0.015292673751795549
495000,65.3125,-0.003861469680412673,-0.003861469680412671,-0.00021562640576610793,0.012720909898737906
495500,65.37847222222223,-0.006545378381771937,-0.006545378381771931,-0.0048857456632028255,0.014656802893378949
496000,65.44444444444444,-0.00871319720440972,-0.008713197204409733,0.0001465770409374385,0.01611158967945798
496500,65.51041666666667,-0.005655219104864373,-0.005655219104864375,-0.005071610711772612,0.013555967946893373
497000,65.57638888888889,-0.007867456635731266,-0.007867456635731261,0.00045886980282609747,0.011232957441261175
497500,65.64236111111111,-0.00671639526503445,-0.00671639526503444,0.003268971259202315,0.01268911812917947
498000,65.70833333333334,-0.008752214019691345,-0.008752214019691333,-0.0005752992996607464,0.01674254451660418
498500,65.77430555555556,-0.0086500054601995,-0.008650005460199497,-0.0017656118146857816,0.014965871912148657
499000,65.84027777777777,-0.008776818730793196,-0.00877681873079319,-0.002304780439553605,0.017773555903742588
499500,65.90625,-0.006250614388218604,-0.006250614388218609,-0.0006942058658550673,0.015061427453748326
500000,65.97222222222223,-0.010101712925149761,-0.010101712925149766,0.0024821287132110012,0.014574330003654939
500500,66.03819444444444,-0.007012743621671111,-0.007012743621671131,-0.003205929828968865,0.014561706347187998
501000,66.10416666666667,-0.01022872660583579,-0.010228726605835795,0.001737241599770198,0.01592460516968707
501500,66.17013888888889,-0.00682553649892739,-0.006825536498927365,0.0030051945559228578,0.015450890900667189
502000,66.23611111111111,-0.003941307702522273,-0.003941307702522275,-0.00046684763917820456,0.01423237553291049
502500,66.30208333333334,-0.011090086233958556,-0.011090086233958544,-0.0028726357821296637,0.018753340976163047
503000,66.36805555555556,-0.005725871476051783,-0.005725871476051785,0.002265708245888947,0.016456016722814604
503500,66.43402777777777,-0.007894982671707858,-0.00789498267170787,0.0007416055162567038,0.016603262947020855
504000,66.5,-0.0062935242084518625,-0.006293524208451841,-0.0046420148834856135,0.01590416372575654
504500,66.56597222222223,-0.007452338732396644,-0.007452338732396647,0.0003646777719135455,0.013774979149685111
505000,66.63194444444444,-0.007900926859561501,-0.007900926859561496,0.004861012358832316,0.018469869675528758
505500,66.69791666666667,-0.00848352744169834,-0.00848352744169832,-0.00028295578454040756,0.019042895961903727
506000,66.76388888888889,-0.007614104955138793,-0.007614104955138786,0.001383855351430452,0.019385768827459137
506500,66.82986111111111,-0.007523830967118796,-0.007523830967118797,-0.0019351244516963208,0.0129480855983982
507000,66.89583333333334,-0.007616842597487457,-0.007616842597487467,0.0015948731334815437,0.020166816610570494
507500,66.96180555555556,-0.007279526248641532,-0.007279526248641517,0.0003136296514069458,0.018731524933544484
508000,67.02777777777777,-0.010103094245509424,-0.010103094245509427,-0.0014352726249090288,0.018374691758046607
508500,67.09375,-0.011112043959648052,-0.011112043959648064,0.0002624612221901233,0.01705699423665512
509000,67.15972222222223,-0.009245664338579717,-0.009245664338579707,-0.0011201808057306614,0.019178034230353882
509500,67.22569444444444,-0.007772031838279016,-0.0077720318382790326,0.003030737036857225,0.01645971946099293
510000,67.29166666666667,-0.007105549372608753,-0.007105549372608753,0.0005136480437324295,0.018149393640408445
510500,67.35763888888889,-0.012317469581501785,-0.012317469581501792,0.0003663287960613671,0.01719983869230555
511000,67.42361111111111,-0.009567444844916007,-0.009567444844916005,0.0030279448673623,0.018047602534835158
511500,67.48958333333334,-0.015217687921489106,-0.015217687921489106,-0.0027001471519806663,0.017239385940624016
512000,67.55555555555556,-0.006676680308809154,-0.006676680308809154,-0.0012522783694326983,0.020069832368237762
512500,67.62152777777777,-0.011222178442657205,-0.011222178442657207,0.00010181973206446609,0.020981758448053424
513000,67.6875,-0.009974419593662843,-0.00997441959366285,-0.0011032246027696548,0.01591256155989865
513500,67.75347222222223,-0.013906469245109191,-0.013906469245109184,0.0009924402672905292,0.017338910979634647
514000,67.81944444444444,-0.011660337274882877,-0.01166033727488288,-0.000570442701486213,0.019465036349133564
514500,67.88541666666667,-0.011298828726254085,-0.011298828726254088,0.0006779216903183647,0.019960343427073635
515000,67.95138888888889,-0.008088499826480015,-0.008088499826480008,-0.003204969062931555,0.019250288290001603
515500,68.01736111111111,-0.01090498275634701,-0.010904982756347006,0.0014947540052822272,0.020376084721074657
516000,68.08333333333334,-0.009671867054175227,-0.009671867054175196,0.0015408064088332978,0.02027750507883963
516500,68.14930555555556,-0.013145995363015443,-0.013145995363015422,0.0012169364772230125,0.016837738995956614
517000,68.21527777777777,-0.013841864166550786,-0.013841864166550776,-0.0006481996765137446,0.021834281790390472
517500,68.28125,-0.012009715750793801,-0.0120097157507938,0.002126190795638867,0.02025380753909925
518000,68.34722222222223,-0.012693929488458284,-0.012693929488458296,-0.0028495579873000737,0.02047823193382973
518500,68.41319444444444,-0.014857760461407634,-0.014857760461407632,0.0021112414807565347,0.020287752090851964
519000,68.47916666666667,-0.015926504409608352,-0.015926504409608345,0.00011080217475995226,0.022545449734460897
519500,68.54513888888889,-0.014811323892213766,-0.014811323892213776,-0.0004441463104298032,0.023434267577741863
520000,68.61111111111111,-0.01632296180270935,-0.016322961802709313,-0.0007851872764619869,0.020478453065957542
520500,68.67708333333334,-0.013189190101096811,-0.013189190101096824,-0.0028205561802365354,0.021681354207314842
521000,68.74305555555556,-0.014163928960561416,-0.01416392896056141,0.0006675452030818577,0.022583726612846303
521500,68.80902777777777,-0.012620020725817334,-0.012620020725817343,-0.0028432706785876303,0.020376764741993746
522000,68.875,-0.011925479483865386,-0.011925479483865407,0.0014541640372604649,0.02233554760933983
522500,68.94097222222223,-0.015033875318793896,-0.015033875318793907,0.0003217302744140976,0.02189731681925686
523000,69.00694444444444,-0.015295640515151587,-0.015295640515151584,-0.0034914359445668555,0.020991408179743765
523500,69.07291666666667,-0.019627857720673728,-0.019627857720673728,-0.0021347218760670765,0.024078505546907825
524000,69.13888888888889,-0.014913073578396588,-0.014913073578396607,0.00044202343658965564,0.02346904129264107
524500,69.20486111111111,-0.014874244685420292,-0.014874244685420297,9.835315929236768e-05,0.02639892452267072
525000,69.27083333333334,-0.015526096963599904,-0.015526096963599889,0.003646966569558167,0.025094304858434762
525500,69.33680555555556,-0.014650982359080066,-0.01465098235908004,-0.0010345460279691922,0.02438889795448606
526000,69.40277777777777,-0.01634322535194548,-0.016343225351945483,-0.0023123716865337714,0.02497305642218554
526500,69.46875,-0.019154753645962648,-0.019154753645962634,0.0013116831893822617,0.02556451220901155
527000,69.53472222222223,-0.015653219930610477,-0.015653219930610505,0.0013825272231892827,0.0229058388956908
527500,69.60069444444444,-0.018047785619327177,-0.018047785619327194,0.0025215163307861213,0.025902305711177232
528000,69.66666666666667,-0.017641101863461142,-0.01764110186346112,-0.0023578680947917373,0.02538617053552728
528500,69.73263888888889,-0.017141577538148395,-0.01714157753814839,-0.0019858372139134454,0.022144411714629927
529000,69.79861111111111,-0.021528594913654914,-0.021528594913654917,0.0025737260089597363,0.024456869797468868
529500,69.86458333333334,-0.019043338329753134,-0.01904333832975316,0.0016704421059709664,0.02775844700135565
530000,69.93055555555556,-0.018541386982246322,-0.01854138698224632,0.0017173275772756505,0.030290688803084935
530500,69.99652777777777,-0.020718540285897737,-0.020718540285897737,0.00021192671930066702,0.02648599516408326
531000,70.0625,-0.019945861733795825,-0.01994586173379583,0.0017677901569857985,0.026903282021885012
531500,70.12847222222223,-0.02011788617792852,-0.020117886177928524,-0.003787766511391079,0.029521934584667044
532000,70.19444444444444,-0.020235367538870046,-0.02023536753887006,0.0013337600568631596,0.02638519703479948
532500,70.26041666666667,-0.01971839820814882,-0.019718398208148833,-0.0022031420199168463,0.026803900227214364
533000,70.32638888888889,-0.018097192047990315,-0.018097192047990315,0.0025430415027519484,0.02458405827772161
533500,70.39236111111111,-0.02167778696577456,-0.021677786965774576,-0.0036796568365068095,0.03018994382477524
534000,70.45833333333334,-0.01906056561445011,-0.01906056561445012,-0.0016308612848907934,0.028630494920978196
534500,70.52430555555556,-0.019972857982607898,-0.019972857982607915,-0.005141496531951217,0.030108687150429733
535000,70.59027777777779,-0.01941332886324942,-0.019413328863249438,-0.0012075752301738808,0.02947923946980905
535500,70.65625,-0.0189722961474682,-0.018972296147468197,-0.001009719907281949,0.02761317307954143
536000,70.72222222222223,-0.020835033197381975,-0.020835033197381985,0.001342807393585293,0.030191093910283746
536500,70.78819444444444,-0.023178510529784275,-0.02317851052978429,0.004864650657534598,0.028707910290585142
537000,70.85416666666667,-0.019441943616884935,-0.019441943616884925,-0.004232460342533339,0.030170800438027487
537500,70.92013888888889,-0.02122447246429752,-0.021224472464297556,-0.0021714702625378495,0.029056981728171956
538000,70.98611111111111,-0.01930886518770554,-0.019308865187705575,-0.0005946462513143506,0.028822949800845647
538500,71.05208333333334,-0.022641200731226583,-0.02264120073122661,-0.004412748762805955,0.029299386826844437
539000,71.11805555555556,-0.02396931352447426,-0.023969313524474276,0.000624601564528771,0.03100818380199226
539500,71.18402777777779,-0.021466195072474444,-0.021466195072474457,-0.0012018156794739363,0.03060297741091644
540000,71.25,-0.023668142327109416,-0.023668142327109426,-0.0015053567347424182,0.029396444459744018
540500,71.31597222222223,-0.018745015898231444,-0.01874501589823144,-0.002380146912338249,0.032223971175185925
541000,71.38194444444444,-0.026923058495283033,-0.026923058495283005,-0.0017136582334538917,0.029763411954153704
541500,71.44791666666667,-0.026571653217547613,-0.026571653217547654,0.0014389985735641863,0.02918453148895796
542000,71.51388888888889,-0.023144509220637783,-0.02314450922063774,0.0020045577336371212,0.03117737945658361
542500,71.57986111111111,-0.02389912431557565,-0.023899124315575657,-0.0016599902876427968,0.03750928263669879
543000,71.64583333333334,-0.025436638468455244,-0.025436638468455227,7.489895029677302e-05,0.0330801490925349
543500,71.71180555555556,-0.024320653498246043,-0.024320653498246025,0.0031638428673731378,0.03296474866959342
544000,71.77777777777779,-0.031187061053487026,-0.03118706105348706,0.002652848578844061,0.03518525157794111
544500,71.84375,-0.026982337926251924,-0.026982337926251914,0.00033457705869509866,0.036528906496293645
545000,71.90972222222223,-0.026602845599945676,-0.026602845599945708,-0.00019491647611261876,0.03382167393027633
545500,71.97569444444444,-0.025117114825393166,-0.025117114825393118,-0.0024728740098820387,0.03205579003889027
546000,72.04166666666667,-0.027582411426970346,-0.027582411426970287,-0.0015084748832349905,0.0364747944374298
546500,72.10763888888889,-0.025852232717579724,-0.025852232717579724,0.0005420722136865508,0.03429084231856776
547000,72.17361111111111,-0.02878411982818361,-0.02878411982818361,-0.003118500231084565,0.03334408259075913
547500,72.23958333333334,-0.026949064528810095,-0.026949064528810074,0.00110448875587019,0.0354660378636744
548000,72.30555555555556,-0.02821694189914421,-0.02821694189914421,-0.0006933143463400052,0.03782299041973835
548500,72.37152777777779,-0.030482571653677435,-0.03048257165367743,0.002677443809601345,0.03804345592980771
549000,72.4375,-0.026692940840818875,-0.02669294084081886,0.005213280210254914,0.036076164756767296
549500,72.50347222222223,-0.031553716772038436,-0.03155371677203842,-0.0020015016818445003,0.0338349638731016
550000,72.56944444444444,-0.028908087119129525,-0.02890808711912952,0.003636912521313305,0.038807633933474715
550500,72.63541666666667,-0.029228988365670946,-0.02922898836567092,0.0026970258853049696,0.04097569171472445
551000,72.70138888888889,-0.029214144185255666,-0.02921414418525563,0.004292287109924904,0.03789060534555635
551500,72.76736111111111,-0.029771950303204273,-0.029771950303204245,-0.003321590742187842,0.03946333222541898
552000,72.83333333333334,-0.032667931757621185,-0.03266793175762118,-0.001546751629456446,0.03840880278895218
552500,72.89930555555556,-0.02987855754115175,-0.029878557541151762,0.0035271642324078804,0.03871511437797945
553000,72.96527777777779,-0.033612485544130384,-0.033612485544130426,-3.3165590052109236e-05,0.04050612540914796
553500,73.03125,-0.03159862497830492,-0.03159862497830494,-0.0011106532763277685,0.03813311954763937
554000,73.09722222222223,-0.029378741516459233,-0.02937874151645923,9.009618893092529e-05,0.042515153243569095
554500,73.16319444444444,-0.03469091156064428,-0.034690911560644265,-0.0004245910628531044,0.03965417664901672
555000,73.22916666666667,-0.034793581906498124,-0.03479358190649809,-0.0021424451766405314,0.03729779755351778
555500,73.29513888888889,-0.034738884409988194,-0.03473888440998819,-0.0017999664878310733,0.03726728409370563
556000,73.36111111111111,-0.034546982099319334,-0.034546982099319355,0.0005941121614076661,0.040885625126901
556500,73.42708333333334,-0.03463818455190913,-0.03463818455190917,-0.004681162613810061,0.039468511647806764
557000,73.49305555555556,-0.03250428784104354,-0.03250428784104354,0.004416080887685728,0.03979347151890998
557500,73.55902777777779,-0.03401984390694507,-0.03401984390694509,0.00032326653349649194,0.043736295737009295
558000,73.625,-0.03158483169935416,-0.031584831699354145,0.0003360817530074251,0.04105211418995116
558500,73.69097222222223,-0.0336570949549369,-0.033657094954936885,-0.0005096354382432556,0.043496522178140554
559000,73.75694444444444,-0.033477194777175624,-0.03347719477717564,0.0020417214133520217,0.041726516361154715
559500,73.82291666666667,-0.03406234520740106,-0.03406234520740106,-0.0001383885908415021,0.04145885958421731
560000,73.88888888888889,-0.03477239646107895,-0.03477239646107889,-0.001028229616552043,0.04262785629904595
560500,73.95486111111111,-0.03578568901889972,-0.035785689018899794,0.001952595734307996,0.0408035511357513
561000,74.02083333333334,-0.034110607698320264,-0.03411060769832029,-0.0022811402881997753,0.0424653466540156
561500,74.08680555555556,-0.03470050687745161,-0.0347005068774516,-0.0036513458387311317,0.04157723935237525
562000,74.15277777777779,-0.03821210433968896,-0.0382121043396889,0.00047089756742547554,0.03987742736103253
562500,74.21875,-0.03726829980909711,-0.03726829980909709,0.0018394077838109505,0.03912948955965689
563000,74.28472222222223,-0.03769936561992529,-0.03769936561992526,0.0011553385922145564,0.04038087965112695
563500,74.35069444444444,-0.037102908362394396,-0.037102908362394375,-0.0021746305371070115,0.04218107239771463
564000,74.41666666666667,-0.037235174770028724,-0.03723517477002872,0.001193429932522886,0.04184522821338889
564500,74.48263888888889,-0.03886335814734516,-0.03886335814734513,-0.0021276512233660907,0.04693826980523477
565000,74.54861111111111,-0.03771627152721333,-0.03771627152721331,-0.0013065527897124988,0.04258605871848547
565500,74.61458333333334,-0.036916261617347464,-0.0369162616173475,-0.0015526051807573827,0.044744824688085515
566000,74.68055555555556,-0.03738985583765815,-0.03738985583765816,-0.0028840284650864024,0.04370483454194758
566500,74.74652777777779,-0.037075892561222096,-0.03707589256122205,-0.0018136236976078817,0.04494710931302992
567000,74.8125,-0.035067026013511936,-0.03506702601351195,-0.0013583544667100684,0.04522544695205495
567500,74.87847222222223,-0.03979329552662646,-0.03979329552662649,0.0021436583983080143,0.04795090585364953
568000,74.94444444444444,-0.0420130257018823,-0.04201302570188229,-0.001272088805286389,0.04405419564763539
568500,75.01041666666667,-0.03896263857032496,-0.03896263857032497,0.001292001686043425,0.04363482247788706
569000,75.07638888888889,-0.03798872035117312,-0.037988720351173136,-0.0004057517691180271,0.04784379597508828
569500,75.14236111111111,-0.04143015965020644,-0.04143015965020643,-0.005067230980205281,0.04653145371084467
570000,75.20833333333334,-0.04194001147429112,-0.04194001147429121,-0.00025448867382443617,0.04653580137018915
570500,75.27430555555556,-0.041132155861125216,-0.04113215586112518,-0.002044561508839439,0.04513254262231541
571000,75.34027777777779,-0.0384683501091512,-0.03846835010915122,-0.005855772853457543,0.047645559207842934
571500,75.40625,-0.03934007098375183,-0.03934007098375183,0.0007603870771438399,0.04706521620290506
572000,75.47222222222223,-0.04317648148436288,-0.04317648148436288,-0.001839640230351451,0.04638816980731273
572500,75.53819444444444,-0.03964183592094968,-0.03964183592094973,0.0003927799210504071,0.0486483936738522
573000,75.60416666666667,-0.04223713227438952,-0.042237132274389466,-0.002218963075250724,0.04632131021565751
573500,75.67013888888889,-0.044052804165862554,-0.04405280416586257,-0.0034887751694005187,0.04843599464319911
574000,75.73611111111111,-0.040552143347490306,-0.04055214334749034,-0.00026093103900526245,0.0446178057670464
574500,75.80208333333334,-0.04248167380511816,-0.04248167380511816,0.0009407373929397142,0.047425319345542685
575000,75.86805555555556,-0.043361733459220446,-0.04336173345922039,-0.0023451162006934687,0.05108416862200616
575500,75.93402777777779,-0.0404609870405972,-0.040460987040597196,-0.0030654044263539733,0.04922896121315171
576000,76.0,-0.04069701535075463,-0.04069701535075461,0.00041864950849542914,0.048476840449221584
576500,76.06597222222223,-0.0431250756877166,-0.04312507568771666,0.0007691092234188002,0.04797180168992802
577000,76.13194444444444,-0.040043012601513904,-0.04004301260151382,-6.22444974882836e-07,0.05021249868125087
577500,76.19791666666667,-0.041811414009391465,-0.041811414009391534,-0.00020091759066685714,0.04676017507537895
578000,76.26388888888889,-0.04269008193788924,-0.04269008193788927,-0.0006508280173319253,0.04821182990177997
578500,76.32986111111111,-0.04166876118087143,-0.04166876118087138,0.0015878760103623002,0.05047120218180116
579000,76.39583333333334,-0.0467527469468104,-0.046752746946810406,-0.0012668726542301304,0.05051494106049773
579500,76.46180555555556,-0.04455914231583495,-0.04455914231583494,-0.002663528009065425,0.04922237115956649
580000,76.52777777777779,-0.046253108109296864,-0.04625310810929684,0.004361515623738559,0.051538757224191524
580500,76.59375,-0.046339214275042784,-0.04633921427504274,-0.0007477982349683847,0.04993944028981289
581000,76.65972222222223,-0.04729561586575964,-0.047295615865759616,0.005688771854357615,0.05213920759808795
581500,76.72569444444444,-0.04751204252235772,-0.047512042522357696,-0.0006923149683478809,0.04977460946789931
582000,76.79166666666667,-0.04731614160228661,-0.0473161416022866,0.0029870646917313313,0.05060273822590571
582500,76.85763888888889,-0.0440405096717225,-0.04404050967172254,-0.0012019165509796802,0.05051573286864866
583000,76.92361111111111,-0.04687301252334279,-0.046873012523342764,0.0008659314619992131,0.048188832855113224
583500,76.98958333333334,-0.0467226036194114,-0.04672260361941133,0.0006956249274746528,0.05124109801559143
584000,77.05555555555556,-0.04863523110008104,-0.04863523110008106,0.00118775466055613,0.05252594864435201
584500,77.12152777777779,-0.04443301532475361,-0.04443301532475361,-0.002828240467318749,0.050956625723197584
585000,77.1875,-0.04301249590160209,-0.04301249590160209,-0.000819772406479193,0.05250213589203086
585500,77.25347222222223,-0.04588884627813366,-0.04588884627813365,0.0011464311132210255,0.05205630568677025
586000,77.31944444444444,-0.04419505704312349,-0.0441950570431235,0.0016370848113830252,0.051603770399236616
586500,77.38541666666667,-0.04632570432854529,-0.04632570432854531,0.0009395588583425143,0.05419184500345196
587000,77.45138888888889,-0.045210395241731545,-0.04521039524173152,-0.005457092515882858,0.05147596083583115
587500,77.51736111111111,-0.0498941864403281,-0.04989418644032813,0.002203177513133772,0.04853093946277454
588000,77.58333333333334,-0.05238739847578015,-0.05238739847578014,0.0029537554173740942,0.04912685211355409
588500,77.64930555555556,-0.04850258643122202,-0.04850258643122202,0.0007747465808029023,0.053163288008061665
589000,77.71527777777779,-0.04786136010014667,-0.04786136010014665,-0.0026727123680301795,0.05359143106606098
589500,77.78125,-0.0493125104420491,-0.049312510442049144,0.0027894132037209174,0.05180072467554734
590000,77.84722222222223,-0.04608016912616845,-0.046080169126168434,0.0018098419257874014,0.05405186066607173
590500,77.91319444444444,-0.04884818622082673,-0.04884818622082671,-0.0043162751058737,0.05291031080304064
591000,77.97916666666667,-0.04923475633570721,-0.049234756335707196,-0.007610923519347667,0.05338841645556092
591500,78.04513888888889,-0.05181653593003427,-0.051816535930034296,-0.0018456425211186166,0.053497183101205464
592000,78.11111111111111,-0.046358849282058384,-0.04635884928205841,0.0030432891175353953,0.058007810612698385
592500,78.17708333333334,-0.052376473073159506,-0.052376473073159485,0.00036155919942761376,0.05571587589385561
593000,78.24305555555556,-0.05027396302606194,-0.05027396302606194,0.0028453400038265515,0.05398668173488212
593500,78.30902777777779,-0.051679485226369344,-0.051679485226369365,-0.0030331326955304674,0.052498863726911336
594000,78.375,-0.051139312249802525,-0.05113931224980259,-0.00013574909269161117,0.05373327018252407
594500,78.44097222222223,-0.05036387468115251,-0.05036387468115248,-0.00030974062654714275,0.05699245557288874
595000,78.50694444444444,-0.04900962526536138,-0.049009625265361366,0.000192271349056224,0.05549036083071202
595500,78.57291666666667,-0.04983894682347388,-0.049838946823473874,0.00015916866420978486,0.05766978473978051
596000,78.63888888888889,-0.054905524033084685,-0.054905524033084664,0.0030466625397141114,0.05727115527131798
596500,78.70486111111111,-0.048165227341995104,-0.048165227341995125,-0.0014182111039634058,0.05816347019107352
597000,78.77083333333334,-0.05072877867116628,-0.05072877867116628,0.0021428444904038214,0.057004412554555565
597500,78.83680555555556,-0.052696453599998486,-0.052696453599998486,-0.0027665990487755338,0.054332724571105766
598000,78.90277777777779,-0.05064279954946482,-0.05064279954946485,0.002748366595907308,0.05815744087991901
598500,78.96875,-0.05040316038890037,-0.05040316038890039,-0.0014688494464878828,0.05768748634358123
599000,79.03472222222223,-0.05480669509451896,-0.05480669509451897,0.0007484335550029521,0.05491889480283382
599500,79.10069444444444,-0.0518275759486559,-0.0518275759486559,0.002334124018554923,0.05857590773883813
600000,79.16666666666667,-0.05399432903707271,-0.053994329037072776,-0.0016161309623743242,0.057303780564027136
600500,79.23263888888889,-0.05262773866558551,-0.052627738665585504,-0.000720113009977362,0.053531705983247614
601000,79.29861111111111,-0.05206206544047634,-0.052062065440476306,0.0005753828200224036,0.05569851243716349
601500,79.36458333333334,-0.05152461589295648,-0.051524615892956455,-0.001916620044164183,0.05654118941376453
602000,79.43055555555556,-0.05357726302406783,-0.053577263024067845,0.0006422626213341509,0.05530149790156512
602500,79.49652777777779,-0.05390180225287205,-0.05390180225287208,0.0032337055522128825,0.0567535978496453
603000,79.5625,-0.05118491782826845,-0.05118491782826842,-0.0018193385624372402,0.056069914241132085
603500,79.62847222222223,-0.05426410888898337,-0.05426410888898334,0.00023987040824060014,0.05970384303405982
604000,79.69444444444444,-0.050730784728998994,-0.05073078472899905,-0.003004981051833843,0.05995030492181102
604500,79.76041666666667,-0.05193553586315626,-0.05193553586315629,0.0012595148658019813,0.058248512810620705
605000,79.82638888888889,-0.051861234789555774,-0.051861234789555774,-0.00117077830425031,0.059515114584997565
605500,79.89236111111111,-0.05414516252480327,-0.054145162524803295,-0.002944265352288993,0.056566793113012805
606000,79.95833333333334,-0.050431484698935755,-0.050431484698935776,0.0023361707801883478,0.05917816630606661
606500,80.02430555555556,-0.05530271958364858,-0.05530271958364865,-0.00022564597111110026,0.06196363283861027
607000,80.09027777777779,-0.05597927170848615,-0.05597927170848607,0.001033975020912815,0.058204613775936914
607500,80.15625,-0.05418863042160846,-0.05418863042160844,0.0013429426628456171,0.05858027414366065
608000,80.22222222222223,-0.05308134184374195,-0.0530813418437419,0.004349852026265047,0.05844607503423552
608500,80.28819444444444,-0.04968384080740296,-0.049683840807402936,0.0011620584395941715,0.056008322332507854
609000,80.35416666666667,-0.0551537213141561,-0.05515372131415609,0.0025405239713434387,0.06117283146868256
609500,80.42013888888889,-0.054604686258848956,-0.05460468625884903,-0.00040850926714137704,0.0599446190489038
610000,80.48611111111111,-0.05372100888493806,-0.053721008884938075,-0.0004250351532095113,0.06015165412901594
610500,80.55208333333334,-0.05721623567613479,-0.057216235676134805,-0.0006265422282217324,0.05810177105247679
611000,80.61805555555556,-0.05439977088415958,-0.05439977088415957,-0.0007002612160601717,0.0602492791634075
611500,80.68402777777779,-0.05390068917321327,-0.053900689173213154,-0.0001981777824239131,0.060559724156522415
612000,80.75,-0.054794226383302704,-0.054794226383302704,0.0003980338523265613,0.057388179675570264
612500,80.81597222222223,-0.05612920781514878,-0.056129207815148775,0.0002504369135837199,0.060277151146885935
613000,80.88194444444444,-0.055866548898059386,-0.055866548898059386,0.003233355328444513,0.05849906084105704
613500,80.94791666666667,-0.05693122234155063,-0.05693122234155076,0.00023626178672340724,0.05903083665246526
614000,81.01388888888889,-0.0583031883440987,-0.058303188344098665,-0.0010840829719674608,0.05873384426666383
614500,81.07986111111111,-0.05374660053495204,-0.05374660053495201,-0.003655185347504012,0.05987144046044442
615000,81.14583333333334,-0.05703961878442462,-0.05703961878442458,-0.001890193009195752,0.06267548082289803
615500,81.21180555555556,-0.05642697203691371,-0.05642697203691372,0.001222337407147041,0.0587528248059053
616000,81.27777777777779,-0.056117358834629046,-0.056117358834629046,0.004663757379115273,0.06039240463085421
616500,81.34375,-0.05402682680107371,-0.05402682680107369,-0.0010200489345934937,0.06130758722423737
617000,81.40972222222223,-0.05524366772125044,-0.05524366772125044,-0.002285080724136004,0.06144249601707969
617500,81.47569444444444,-0.05641676160513435,-0.05641676160513434,6.865106530087643e-05,0.05895544470979818
618000,81.54166666666667,-0.06087560911294561,-0.060875609112945595,0.0015616242781485309,0.05936891163520911
618500,81.60763888888889,-0.05886634011270232,-0.0588663401127023,-0.00048700770773044404,0.06034906141353753
619000,81.67361111111111,-0.059141605453921775,-0.05914160545392177,-0.0008062944101077372,0.06525216492544107
619500,81.73958333333334,-0.05747948648833852,-0.057479486488338484,-0.0008068057070218799,0.060107166677222865
620000,81.80555555555556,-0.06214425693133683,-0.06214425693133683,-0.0022084816825467105,0.06013155914276299
620500,81.87152777777779,-0.05757044154200522,-0.05757044154200519,0.0009028052581373717,0.06256405241573357
621000,81.9375,-0.059865864095204516,-0.0598658640952045,-0.0016805231890557716,0.06105485756409587
621500,82.00347222222223,-0.05876010136144038,-0.058760101361440394,0.000886726178162888,0.0608909047770141
622000,82.06944444444444,-0.059219603680456354,-0.05921960368045638,0.0010257585456335662,0.0600509322779972
622500,82.13541666666667,-0.058980662818529365,-0.05898066281852939,-0.00033067941605725317,0.061681551458342615
623000,82.20138888888889,-0.060120158513420376,-0.06012015851342031,0.004992090780185695,0.06231496471822902
623500,82.26736111111111,-0.06264851801603423,-0.06264851801603424,-0.0010269395635538615,0.0620038893518286
624000,82.33333333333334,-0.0631980506618264,-0.06319805066182647,-0.004628857631749718,0.0679676200990644
624500,82.39930555555556,-0.062368744021777424,-0.062368744021777396,0.0021079553866717653,0.06306540303101188
625000,82.46527777777779,-0.05814005780602741,-0.058140057806027386,-0.0011547683051674547,0.0620628337724628
625500,82.53125,-0.05894844163229728,-0.05894844163229727,0.0016187444989196398,0.06098680117256102
626000,82.59722222222223,-0.0582282487560679,-0.05822824875606789,0.0048011838253154285,0.05762246644073197
626500,82.66319444444444,-0.06095635754366653,-0.06095635754366656,0.001598795719270234,0.06329175320321373
627000,82.72916666666667,-0.060384494931320934,-0.060384494931321066,0.001865485552141936,0.06191974071754374
627500,82.79513888888889,-0.06119708572981051,-0.06119708572981054,-0.0020284174898607316,0.059788367383638644
628000,82.86111111111111,-0.06073366603946341,-0.06073366603946346,0.0020018571551508866,0.06351861727590388
628500,82.92708333333334,-0.059424120918619594,-0.05942412091861951,-0.0030655185144546388,0.06079893243593715
629000,82.99305555555556,-0.06159183387520432,-0.06159183387520436,0.0020646682301936844,0.06665957162865081
629500,83.05902777777779,-0.06181401853402475,-0.06181401853402475,-0.00226588845094786,0.06478445172577268
630000,83.125,-0.059030874193397836,-0.059030874193397906,0.0013731255632306444,0.06533969745495033
630500,83.19097222222223,-0.06230372785865833,-0.06230372785865833,-0.0029165905410704603,0.06452833173644167
631000,83.25694444444444,-0.0611026025886108,-0.0611026025886108,0.0022737583516888433,0.06423036486993507
631500,83.32291666666667,-0.06554856941812284,-0.06554856941812277,-0.00241571042191894,0.06339907889209168
632000,83.38888888888889,-0.06295856500984501,-0.06295856500984504,-0.0010380833944616786,0.06572871739424427
632500,83.45486111111111,-0.06115496957466555,-0.061154969574665576,-0.0008815614119461296,0.061495027292683066
633000,83.52083333333334,-0.061956490003716995,-0.06195649000371695,0.0006223214382755241,0.06392058357659836
633500,83.58680555555556,-0.0629974924285851,-0.06299749242858514,0.0021418569658652234,0.06390499927056016
634000,83.65277777777779,-0.06270933896121109,-0.06270933896121114,0.00013037764878787077,0.06372406430508593
634500,83.71875,-0.062061806495601335,-0.062061806495601335,-0.0018081666318916622,0.06400837829474348
635000,83.78472222222223,-0.060450488351156496,-0.06045048835115651,0.001300370806376357,0.05853967575556749
635500,83.85069444444444,-0.06088564114441049,-0.060885641144410516,0.002510950191777599,0.06401697212888544
636000,83.91666666666667,-0.0617106880629742,-0.061710688062974355,-0.002177736459032286,0.06216097626742675
636500,83.98263888888889,-0.062366839379214785,-0.062366839379214827,-0.0029379043968676766,0.0624556258455512
637000,84.04861111111111,-0.06099226050988295,-0.06099226050988292,0.0021415960031167807,0.05990350613363169
637500,84.11458333333334,-0.06201822161460168,-0.06201822161460167,0.0008383208028351491,0.06386542030455657
638000,84.18055555555556,-0.06041096913890103,-0.060410969138901045,-0.0005224747275241385,0.06529567712217395
638500,84.24652777777779,-0.06141924737239111,-0.06141924737239111,-9.534555228007999e-05,0.063488167429023
639000,84.3125,-0.05891463972084681,-0.05891463972084679,-0.002626426236414297,0.06435701420949722
639500,84.37847222222223,-0.05936002256239457,-0.0593600225623946,-0.0010936606898172003,0.059165551942991126
640000,84.44444444444444,-0.06212257881904149,-0.06212257881904149,0.001979937811731503,0.06530338147643693
640500,84.51041666666667,-0.06156873803119865,-0.06156873803119868,-0.005088032523745454,0.06408485271335314
641000,84.57638888888889,-0.06405715505444956,-0.06405715505444962,0.0004856361832102195,0.0644337777045757
641500,84.64236111111111,-0.06467220654971433,-0.06467220654971426,0.003456091772625546,0.062035696264223304
642000,84.70833333333334,-0.06084063389452478,-0.06084063389452474,0.001425362715531048,0.06455494340707146
642500,84.77430555555556,-0.06191940223371445,-0.06191940223371457,0.004611151918351201,0.060794282630656234
643000,84.84027777777779,-0.06269250514954217,-0.06269250514954224,0.003448238579611704,0.06313579706567135
643500,84.90625,-0.061516855115186446,-0.061516855115186446,4.378200054666876e-05,0.06450711750390214
644000,84.97222222222223,-0.06194113337818509,-0.061941133378185055,-0.0028156018509946294,0.06534437876287785
644500,85.03819444444444,-0.06085813915080547,-0.06085813915080547,0.0019399235957633764,0.06536409176502996
645000,85.10416666666667,-0.06151829307020089,-0.06151829307020089,0.000687773105731992,0.06187592145847493
645500,85.17013888888889,-0.06276396381588294,-0.06276396381588291,-0.0010457954452769494,0.06723048196572233
646000,85.23611111111111,-0.06284808029588407,-0.06284808029588407,-9.247182151194826e-05,0.06325180373267102
646500,85.30208333333334,-0.05823423919488132,-0.0582342391948813,-0.0019053068496599056,0.06201050245305942
647000,85.36805555555556,-0.061873526399254086,-0.061873526399254086,0.00047554627959852085,0.06254383161968272
647500,85.43402777777779,-0.05890806990736901,-0.05890806990736894,-0.0018305999526622501,0.06366316054952018
648000,85.5,-0.0620527392905862,-0.06205273929058621,-0.0033385394039553147,0.06500184454963472
648500,85.56597222222223,-0.06206659509820467,-0.06206659509820473,-0.002524426556474838,0.06306772431918738
649000,85.63194444444444,-0.062260774895516804,-0.06226077489551688,0.00022013633057463096,0.06390797700498996
649500,85.69791666666667,-0.06253239867391663,-0.0625323986739166,-0.0017720851878911459,0.06454181451454855
650000,85.76388888888889,-0.06166276159667846,-0.061662761596678405,-0.0020537551881012347,0.06291351378629735
650500,85.82986111111111,-0.061298992861285,-0.061298992861285,0.00018222067425056285,0.060738720209439316
651000,85.89583333333334,-0.06117994569473978,-0.06117994569473974,-0.0015376910119902385,0.060387917856471254
651500,85.96180555555556,-0.06385440439298311,-0.06385440439298326,0.000926791491331778,0.06150629300826713
652000,86.02777777777779,-0.06440970528924328,-0.06440970528924334,-0.0022866603686773714,0.06381757389268958
652500,86.09375,-0.06304111070637919,-0.0630411107063792,0.0030307352828507356,0.06790088531891783
653000,86.15972222222223,-0.06246058917283143,-0.06246058917283149,0.0007019857387732145,0.06430710442820552
653500,86.22569444444444,-0.0624190811093342,-0.06241908110933422,-0.002199248708083877,0.06230318575884792
654000,86.29166666666667,-0.06288142273379857,-0.06288142273379856,-0.0011547782457184985,0.06043538730114837
654500,86.35763888888889,-0.062456115801473366,-0.06245611580147336,0.0037245728816329175,0.06343496887771122
655000,86.42361111111111,-0.06028474767750416,-0.06028474767750415,0.0003920374988814451,0.06271551498379624
655500,86.48958333333334,-0.06119254714568076,-0.0611925471456808,-0.0011581491651800533,0.06370616856135303
656000,86.55555555555556,-0.061663298277271864,-0.061663298277271836,-0.000679173909795745,0.06434045496908065
656500,86.62152777777779,-0.06064835771601901,-0.060648357716018994,-0.0020869044227078675,0.06224726810510748
657000,86.6875,-0.06074528258972307,-0.06074528258972305,-0.0007363165739649695,0.06116638318075031
657500,86.75347222222223,-0.06332981540469725,-0.06332981540469729,0.00024202191757031764,0.05951671884878394
658000,86.81944444444444,-0.06196805578970824,-0.06196805578970824,0.0007790055768845674,0.06469508040492121
658500,86.88541666666667,-0.06283461929811329,-0.06283461929811329,0.00010557340501922786,0.06712917967968407
659000,86.95138888888889,-0.06398702967647442,-0.06398702967647442,0.00037463987189004065,0.062267155840750175
659500,87.01736111111111,-0.06547894929338267,-0.06547894929338267,-0.00010709399134834651,0.06546989054306834
660000,87.08333333333334,-0.06523178214706665,-0.06523178214706664,0.00036294684376461656,0.06190990308829677
660500,87.14930555555556,-0.0655465115613785,-0.06554651156137847,0.0012926511383122377,0.0607088456521486
661000,87.21527777777779,-0.063441077591765,-0.063441077591765,-0.0035183920424222788,0.06178428342367605
661500,87.28125,-0.06481181765351705,-0.06481181765351705,-0.004734044171467785,0.066202268004102
662000,87.34722222222223,-0.062282567976195205,-0.06228256797619506,-0.0021933504951885206,0.06438581875662096
662500,87.41319444444444,-0.06620871132137264,-0.06620871132137258,0.00080780994347181,0.06615552918102996
663000,87.47916666666667,-0.06407091256684182,-0.06407091256684182,-1.337149315319757e-05,0.06545258027975433
663500,87.54513888888889,-0.06734958803186812,-0.06734958803186816,-0.0007736904055288093,0.060556407088292324
664000,87.61111111111111,-0.062496655148732164,-0.062496655148732164,0.0026212953064961336,0.06671835515673363
664500,87.67708333333334,-0.06426194253564631,-0.06426194253564631,5.35581504747297e-05,0.06486775950182216
665000,87.74305555555556,-0.06708495890064338,-0.0670849589006434,-0.0028497288595964432,0.06494680567624832
665500,87.80902777777779,-0.06574781014853265,-0.06574781014853265,-0.0006048076980343469,0.06714770753324334
666000,87.875,-0.06766991674778715,-0.06766991674778723,0.001848319989969044,0.06499747791335243
666500,87.94097222222223,-0.06892082108094158,-0.06892082108094161,-0.0009640597005215558,0.06453891152014231
667000,88.00694444444444,-0.06516175357170931,-0.06516175357170934,0.0014591040316331437,0.06593531205760277
667500,88.07291666666667,-0.06452478288865965,-0.06452478288865966,0.0003319903711158637,0.06182656210036266
668000,88.13888888888889,-0.06509145487261284,-0.06509145487261286,-0.0031652259749767094,0.062087254455158745
668500,88.20486111111111,-0.06165457472850685,-0.06165457472850686,0.0012810599305980168,0.06459894978560995
669000,88.27083333333334,-0.0645409997833226,-0.06454099978332258,-0.00518675957845421,0.0649307332038096
669500,88.33680555555556,-0.06371757679103568,-0.06371757679103564,0.0013688679952424201,0.06390549679699004
670000,88.40277777777779,-0.06426573919608156,-0.06426573919608153,-2.022134989857544e-05,0.06369033487855792
670500,88.46875,-0.06503360746613365,-0.0650336074661337,-0.0017146188405380157,0.06260690436532317
671000,88.53472222222223,-0.06378316209300705,-0.06378316209300708,-0.0004371833885892819,0.06439882061655865
671500,88.60069444444444,-0.06459403407285551,-0.06459403407285552,-0.0011853306026725393,0.0634221249866678
672000,88.66666666666667,-0.06481532739399457,-0.06481532739399457,-0.002471022768752399,0.06289271200636379
672500,88.73263888888889,-0.06599413408835873,-0.06599413408835873,-0.004504641433420586,0.0653048512399686
673000,88.79861111111111,-0.06589909453219214,-0.06589909453219214,0.0003169838894956172,0.06354719576937191
673500,88.86458333333334,-0.06456844481609132,-0.06456844481609131,-0.0025868549392328616,0.06485382568312645
674000,88.93055555555556,-0.06166703459268101,-0.061667034592681025,-0.00030651916805973095,0.06150313068825642
674500,88.99652777777779,-0.06158697241507167,-0.06158697241507153,0.001077946913195676,0.06840368362259391
675000,89.0625,-0.06505023678832711,-0.06505023678832711,0.00019884022289505104,0.06323430947655521
675500,89.12847222222223,-0.06756950591077313,-0.067569505910773,-0.003108162677754107,0.060712226073415025
676000,89.19444444444444,-0.06773169898671799,-0.06773169898671809,0.0008884778896464834,0.06413721405995845
676500,89.26041666666667,-0.06569550259057584,-0.06569550259057588,0.0027626743843043866,0.066800571823632
677000,89.32638888888889,-0.06178426557757406,-0.061784265577574105,-0.0010112987662866735,0.0661247088102198
677500,89.39236111111111,-0.06424049489148063,-0.06424049489148063,-0.002308840062651338,0.06362471862955255
678000,89.45833333333334,-0.06794354108602012,-0.06794354108602002,-0.0004256587937330271,0.06323722886111956
678500,89.52430555555556,-0.06570731277976141,-0.06570731277976143,0.0004989722008779217,0.06137820654995701
679000,89.59027777777779,-0.06295350781684304,-0.06295350781684299,-0.0018190687590748452,0.0584190306790987
679500,89.65625,-0.06422508339044145,-0.06422508339044151,-0.0036968089372683556,0.06303455309099079
680000,89.72222222222223,-0.06515393433222968,-0.06515393433222968,0.0032594038604332387,0.06508851021787664
680500,89.78819444444444,-0.06234261329344238,-0.06234261329344243,-0.0016764249111243994,0.06363355848812477
681000,89.85416666666667,-0.0641191222265817,-0.06411912222658171,0.0004247687173489623,0.06244519211231467
681500,89.92013888888889,-0.06294716132937136,-0.06294716132937142,-0.0005387099830844286,0.06452207916149195
682000,89.98611111111111,-0.0611997330842869,-0.061199733084286875,-0.0021179365983760487,0.06391914263346295
682500,90.05208333333334,-0.06550113747757598,-0.065501137477576,0.003100087034519067,0.06635832558118712
683000,90.11805555555556,-0.06272849464782804,-0.06272849464782813,-0.002327359773198446,0.06162666004622288
683500,90.18402777777779,-0.06419112399622807,-0.06419112399622807,-0.000797488443161381,0.06321950217049584
684000,90.25,-0.06378292629373834,-0.06378292629373837,0.0008719928728997791,0.06387773788138627
684500,90.31597222222223,-0.06107549511824762,-0.061075495118247655,0.0009856517565718387,0.06439639446690289
685000,90.38194444444444,-0.06411279241928966,-0.06411279241928956,0.002984947305629813,0.06395837352096935
685500,90.44791666666667,-0.06341215665570464,-0.0634121566557046,-0.0015812942816621086,0.06591331868202142
686000,90.51388888888889,-0.06530935730523539,-0.06530935730523538,0.00394096249548647,0.06296252406122843
686500,90.57986111111111,-0.06524307043527497,-0.06524307043527494,0.00042235535231022295,0.06492819266236326
687000,90.64583333333334,-0.06550263886874244,-0.06550263886874245,0.0005634313772724725,0.06412318354252516
687500,90.71180555555556,-0.06353129839472074,-0.0635312983947207,0.001230191467997045,0.06530749013313938
688000,90.77777777777779,-0.06804501911712942,-0.06804501911712936,-0.00011219866060064743,0.06536953066824107
688500,90.84375,-0.06661834086558341,-0.06661834086558342,0.000212494848180132,0.06305730270088424
689000,90.90972222222223,-0.06594181655977831,-0.0659418165597783,0.0014350361563444168,0.06254185623805447
689500,90.97569444444444,-0.06389586050528051,-0.06389586050528051,0.0008263497599929264,0.06131408724699895
690000,91.04166666666667,-0.06486512519962856,-0.06486512519962863,0.0011272062642581067,0.06540522561148158
690500,91.10763888888889,-0.0653302140898627,-0.06533021408986277,-0.001151458043127207,0.0651033373850222
691000,91.17361111111111,-0.06334533324984325,-0.06334533324984323,-0.001621605000653982,0.06414654077745065
691500,91.23958333333334,-0.06417562626470409,-0.06417562626470405,-0.003261336530416601,0.06417809782840948
692000,91.30555555555556,-0.06403530726112719,-0.06403530726112722,6.553195718232343e-06,0.06403683466198856
692500,91.37152777777779,-0.06417874705865485,-0.06417874705865487,0.004060270933767559,0.06653924161670892
693000,91.4375,-0.06574725336685561,-0.06574725336685561,-0.0024168372406493726,0.06651204162487236
693500,91.50347222222223,-0.06580902428957155,-0.06580902428957158,-0.0005405446530226618,0.06513026611274994
694000,91.56944444444444,-0.06496072613877785,-0.06496072613877789,-0.0004120932233728043,0.06568725821140539
694500,91.63541666666667,-0.06725989628779609,-0.06725989628779618,0.0018912023389541187,0.06553801114500359
695000,91.70138888888889,-0.06581695147335977,-0.0658169514733597,-0.0008467535115866479,0.06277153925815183
695500,91.76736111111111,-0.0653557916598673,-0.06535579165986734,-0.004674413009519827,0.06758658513602703
696000,91.83333333333334,-0.06461024127667864,-0.06461024127667869,-0.0006078220015060752,0.06435360546513476
696500,91.89930555555556,-0.0654022663588232,-0.06540226635882317,0.0017355277085397461,0.06636356646463848
697000,91.96527777777779,-0.0673305418213368,-0.06733054182133681,0.0002668329778117961,0.06388420737171487
697500,92.03125,-0.06647890037837534,-0.06647890037837538,0.0020337294565385853,0.06649222849882608
698000,92.09722222222223,-0.06499384802839893,-0.06499384802839886,0.004098771740261498,0.06597157815354049
698500,92.16319444444444,-0.06749887353192814,-0.06749887353192809,0.0012379213029957792,0.06519072105804179
699000,92.22916666666667,-0.06612898882069793,-0.06612898882069791,0.0003260458987742847,0.06484234712385045
699500,92.29513888888889,-0.06419008591682607,-0.06419008591682614,-4.629372476349664e-05,0.0644307915313815
700000,92.36111111111111,-0.06829442863807594,-0.06829442863807597,0.0004255531633359274,0.06197830209372314
700500,92.42708333333334,-0.0687102776869028,-0.06871027768690287,-0.0014444881699132756,0.06451561128684295
701000,92.49305555555556,-0.06859781333282777,-0.06859781333282783,-0.00043719496733337526,0.06387273435652807
701500,92.55902777777779,-0.07163740036943407,-0.07163740036943407,0.00013649935606525548,0.06057665336998982
702000,92.625,-0.06602243759043873,-0.06602243759043872,0.0003924803424480312,0.06523091106569141
702500,92.69097222222223,-0.065444071796458,-0.065444071796458,-0.0019434882689372724,0.06333054566651646
703000,92.75694444444444,-0.06782851312063178,-0.06782851312063179,0.0025364961884277865,0.06915751275563896
703500,92.82291666666667,-0.06488838358347594,-0.06488838358347594,-0.001602448592850955,0.0631866533757358
704000,92.88888888888889,-0.06319261718388423,-0.06319261718388423,-0.0012185399750536995,0.06238179423775099
704500,92.95486111111111,-0.06397876972096087,-0.0639787697209608,-0.0025375916507856793,0.059451136536233413
705000,93.02083333333334,-0.0635346275606615,-0.0635346275606616,0.002750523569228706,0.06368336858052848
705500,93.08680555555556,-0.06278513259265465,-0.06278513259265464,0.00142206527776358,0.0646773552585323
706000,93.15277777777779,-0.0650371227555046,-0.06503712275550465,-0.0018589812893398843,0.060223708459876624
706500,93.21875,-0.0635531279910847,-0.06355312799108466,-0.0011797275456373558,0.060489600394845425
707000,93.28472222222223,-0.06209687204093562,-0.062096872040935634,-0.0010836622412024309,0.062101779346342645
707500,93.35069444444444,-0.06559217863525778,-0.06559217863525782,-0.0020107039618843634,0.05773819328311591
708000,93.41666666666667,-0.06685448607702162,-0.06685448607702164,-0.002571352578625293,0.05964252433771967
708500,93.48263888888889,-0.06257645220238946,-0.06257645220238948,0.0008167878674781854,0.061456724422567464
709000,93.54861111111111,-0.06540055389639489,-0.06540055389639489,-0.00413784929142732,0.05882433929387994
709500,93.61458333333334,-0.06061131046965388,-0.06061131046965384,-0.002490458176475165,0.060357831894695846
710000,93.68055555555556,-0.06558048990225962,-0.0655804899022596,-0.0017259303196493253,0.0615806039451046
710500,93.74652777777779,-0.06332329971925998,-0.06332329971925998,-0.004433473816954378,0.05826644038415559
711000,93.8125,-0.06153451342602736,-0.061534513426027365,-0.0004972869763110821,0.060062110729623114
711500,93.87847222222223,-0.061608013387109695,-0.06160801338710972,-0.0007561614446705156,0.05826815793353375
712000,93.94444444444444,-0.06181080372352222,-0.061810803723522184,-0.0028243743276016886,0.059712659113017125
712500,94.01041666666667,-0.06303030418716767,-0.06303030418716773,0.0013250655671673296,0.05790018573575298
713000,94.07638888888889,-0.06100102998801637,-0.06100102998801636,-0.001659030665244359,0.059558074569905556
713500,94.14236111111111,-0.061642375343690436,-0.06164237534369046,-0.0010197079673717848,0.05800255138164013
714000,94.20833333333334,-0.06340307423852422,-0.06340307423852423,0.00036755387955169565,0.057283347617639424
714500,94.27430555555556,-0.05752496546109992,-0.057524965461099954,-0.00033808889673617393,0.056046236933731584
715000,94.34027777777779,-0.06012310229792285,-0.060123102297922844,0.00029249717152167204,0.05724174097511076
715500,94.40625,-0.06027873585938854,-0.06027873585938854,-0.0015011752052167058,0.05793808732851271
716000,94.47222222222223,-0.06396286696340558,-0.06396286696340564,0.0009247434113839492,0.056686797849136876
716500,94.53819444444444,-0.06100891410651326,-0.06100891410651326,0.0020458378356286015,0.05967811295639923
717000,94.60416666666667,-0.06389998348005888,-0.063899983480059,0.001968236422369901,0.05836935550321148
717500,94.67013888888889,-0.06325192241131142,-0.06325192241131146,0.001419977830128768,0.05953353214520651
718000,94.73611111111111,-0.06111174654537582,-0.06111174654537584,0.0015587760321386839,0.05921600356331217
718500,94.80208333333334,-0.0656305166621409,-0.06563051666214087,-0.0026824710547197444,0.05794370076942369
719000,94.86805555555556,-0.06179366492214691,-0.0617936649221469,-0.0026833050370534493,0.058337116094838354
719500,94.93402777777779,-0.06488786781952911,-0.06488786781952907,-0.0005947615575448983,0.056583251043052014
720000,95.0,-0.062024770369199865,-0.062024770369199865,-0.00218281823749408,0.06144325407129895
720500,95.06597222222223,-0.06525090571434759,-0.06525090571434758,-0.0014525704289048299,0.058383631208182525
721000,95.13194444444444,-0.06529103605334255,-0.06529103605334254,0.0010927167206685692,0.060253922121467275
721500,95.19791666666667,-0.06303471254876951,-0.06303471254876951,0.00021740748978718152,0.05883775540491733
722000,95.26388888888889,-0.061356387611787286,-0.06135638761178727,-4.597718209750518e-05,0.05748834374168329
722500,95.32986111111111,-0.06482381545737284,-0.06482381545737277,0.0025539457294747256,0.05807485975087337
723000,95.39583333333334,-0.06269234139091914,-0.06269234139091914,-0.00039713123550234126,0.058434750561700145
723500,95.46180555555556,-0.0639686177928506,-0.06396861779285051,-0.0033863752021663016,0.05903240359599204
724000,95.52777777777779,-0.0628739056559182,-0.0628739056559182,0.002130046070728762,0.05851575418550524
724500,95.59375,-0.058464787019970925,-0.05846478701997094,-0.0041897104945539335,0.05754128310947731
725000,95.65972222222223,-0.05924306477726622,-0.059243064777266236,0.003709073435158978,0.057443632139768296
725500,95.72569444444444,-0.06449310830086223,-0.06449310830086227,0.0005447761156866697,0.05781882305655127
726000,95.79166666666667,-0.060407448184546284,-0.060407448184546284,-0.0006602298758155227,0.05536136997940455
726500,95.85763888888889,-0.06288953622599634,-0.06288953622599634,-0.0012957082093898416,0.05509005193830314
727000,95.92361111111111,-0.06013435465449167,-0.060134354654491726,0.0016205760474133927,0.05487680821317295
727500,95.98958333333334,-0.061902136074656125,-0.061902136074656076,-0.0008008762472373664,0.05890751369451731
728000,96.05555555555556,-0.06379538758067645,-0.06379538758067638,-0.00042249288613187177,0.05712218328709866
728500,96.12152777777779,-0.06150120313300951,-0.061501203133009504,-0.0017572827171593202,0.05535902425327792
729000,96.1875,-0.06309766495092119,-0.06309766495092116,0.00043972218495365274,0.058247391445829376
729500,96.25347222222223,-0.062282427866115625,-0.062282427866115646,0.0012181585787064736,0.05703704808372388
730000,96.31944444444444,-0.061406650864326076,-0.06140665086432617,0.003275363153179945,0.05582069034037777
730500,96.38541666666667,-0.06339728619745144,-0.06339728619745147,-0.002861682632218846,0.05755632737035159
731000,96.45138888888889,-0.06147760312233049,-0.06147760312233044,-0.0011529144217837818,0.054913753719620144
731500,96.51736111111111,-0.06248509314713401,-0.06248509314713399,-0.0020822767116313013,0.05528246902870508
732000,96.58333333333334,-0.06427304928760823,-0.06427304928760823,-0.0007126880036307676,0.05861598941339853
732500,96.64930555555556,-0.06307707244696763,-0.06307707244696766,-0.0007095114561204338,0.05561726711211643
733000,96.71527777777779,-0.06467890219469498,-0.06467890219469508,-0.0011540832153875097,0.059080408741533474
733500,96.78125,-0.06243164083279806,-0.06243164083279809,-0.00023035537609177888,0.0578052087692072
734000,96.84722222222223,-0.06076131561430058,-0.060761315614300544,-0.0016355712582173509,0.057136298469186546
734500,96.91319444444444,-0.061241023903891335,-0.061241023903891315,0.000349365260326461,0.057621877042303066
735000,96.97916666666667,-0.0623012552502593,-0.06230125525025928,-0.0017124890182776938,0.05443044187244574
735500,97.04513888888889,-0.06290482517789313,-0.06290482517789307,-0.0015286065461162315,0.055112531267529255
736000,97.11111111111111,-0.0607908017502449,-0.06079080175024489,-0.0010558825749734696,0.055007483367744636
736500,97.17708333333334,-0.059446473607125384,-0.059446473607125426,0.00035422114722839,0.056893282237135134
737000,97.24305555555556,-0.060894217532946854,-0.06089421753294696,1.4919315831821407e-05,0.05390024490043811
737500,97.30902777777779,-0.06387994688503452,-0.0638799468850345,0.0025557861072841694,0.053671023729091924
738000,97.375,-0.062312066098672104,-0.062312066098672104,-0.0008267120366641195,0.05495329251030762
738500,97.44097222222223,-0.060340130813637295,-0.060340130813637295,-0.004432002454945633,0.05414208740682517
739000,97.50694444444444,-0.06191119307733032,-0.06191119307733033,-0.001163605996266184,0.059405117314557124
739500,97.57291666666667,-0.063135320985538,-0.06313532098553802,0.00218200248176366,0.05490128848777105
740000,97.63888888888889,-0.06148566574405819,-0.06148566574405818,-0.0002549384217940462,0.055135775067470895
740500,97.70486111111111,-0.062073802026771534,-0.062073802026771534,0.0037292128260925242,0.05458184611432083
741000,97.77083333333334,-0.05933409170036112,-0.059334091700361115,-0.0003123824706490677,0.054020482815432175
741500,97.83680555555556,-0.05988608719950939,-0.05988608719950938,-0.00159485925123217,0.052283287059764316
742000,97.90277777777779,-0.062231518784401446,-0.06223151878440142,0.0021694045385188916,0.05391522499644352
742500,97.96875,-0.05893688539561526,-0.058936885395615236,9.610893400613763e-05,0.051156706564660606
743000,98.03472222222223,-0.06236381423543654,-0.062363814235436486,-0.000989297948495534,0.05114664431765974
743500,98.10069444444444,-0.05989574947520513,-0.059895749475205116,0.0023408686399168685,0.053753504585346557
744000,98.16666666666667,-0.059981670208932865,-0.05998167020893285,0.0023183745686046375,0.05550324349520165
744500,98.23263888888889,-0.06214490609144721,-0.06214490609144721,-0.0025368624374055193,0.058123422927229856
745000,98.29861111111111,-0.062369415396389426,-0.06236941539638941,0.004304059537877099,0.05250708927169492
745500,98.36458333333334,-0.06193520408348139,-0.06193520408348139,0.0021544730198614554,0.058356259454367204
746000,98.43055555555556,-0.05878621564413515,-0.05878621564413523,-0.0030559788577875623,0.05524606778277219
746500,98.49652777777779,-0.0622526557307557,-0.06225265573075566,0.005791231076802812,0.05394415252459202
747000,98.5625,-0.0641648191131978,-0.06416481911319777,0.0006881728441104888,0.053924924832056964
747500,98.62847222222223,-0.061559927132767256,-0.06155992713276728,0.0047379934196899575,0.055469609589481716
748000,98.69444444444444,-0.06173823535869874,-0.06173823535869871,-0.00076251026840612,0.05229356890600906
748500,98.76041666666667,-0.06269597008521736,-0.06269597008521734,-0.001632105770702607,0.05226898803403771
749000,98.82638888888889,-0.05840662447210608,-0.05840662447210608,-0.0026149213900256915,0.04849162378420625
749500,98.89236111111111,-0.05588290529086848,-0.0558829052908685,0.0017438205634204714,0.05429438722580375
750000,98.95833333333334,-0.057922928519861756,-0.05792292851986174,0.002540109963471468,0.05150114461196313
750500,99.02430555555556,-0.06070261105522809,-0.060702611055228096,-9.333189045407144e-05,0.054570123629096155
751000,99.09027777777779,-0.061432959463971606,-0.06143295946397164,-0.001044129766333553,0.053572724017716934
751500,99.15625,-0.057837257879179156,-0.05783725787917915,0.002224338917242727,0.05186952673011882
752000,99.22222222222223,-0.06183003822272619,-0.06183003822272619,-0.002674764549824891,0.053572065299404455
752500,99.28819444444444,-0.06263556330362967,-0.06263556330362968,0.0007784547111444877,0.052129862017914246
753000,99.35416666666667,-0.05873907299720309,-0.0587390729972031,0.004254488723743482,0.051442952638476994
753500,99.42013888888889,-0.05926628384625046,-0.059266283846250434,0.0017994996412476361,0.05226617522960137
754000,99.48611111111111,-0.05868904832065649,-0.05868904832065649,0.003370705912046313,0.053109027861166676
754500,99.55208333333334,-0.05793312098140225,-0.05793312098140224,-0.0008483205830159475,0.05440265714882485
755000,99.61805555555556,-0.06283291620813798,-0.06283291620813802,-0.0015039338271257139,0.054602972286084586
755500,99.68402777777779,-0.06351350152181058,-0.06351350152181061,0.0013371504771206427,0.054759394850260004
756000,99.75,-0.06068179098465457,-0.060681790984654545,-0.0024708381031479537,0.0524745002802525
756500,99.81597222222223,-0.05877826093369392,-0.058778260933693975,0.0005537998654199981,0.05242797363469949
757000,99.88194444444444,-0.059000824609144346,-0.05900082460914426,-0.0013130679529376854,0.05368531974321
757500,99.94791666666667,-0.0626158175952032,-0.06261581759520321,-0.001422329938277578,0.05399098170058709
758000,100.01388888888889,-0.05648247764367966,-0.056482477643679696,0.000770719939968551,0.05389980645181017
758500,100.07986111111111,-0.058573561409235426,-0.05857356140923544,-0.0029664611869168896,0.053698230641331585
759000,100.14583333333334,-0.059060962978604255,-0.05906096297860424,-0.0008187456996054235,0.05569132408932614
759500,100.21180555555556,-0.06054512648827673,-0.06054512648827677,0.0012916962878654714,0.05230405658994327
760000,100.27777777777779,-0.06248629477196575,-0.06248629477196573,-0.0014466692288124768,0.056960186278521084
760500,100.34375,-0.06048620476924827,-0.060486204769248285,0.0021800110545158752,0.05443536661225359
761000,100.40972222222223,-0.06155173250055291,-0.06155173250055294,-0.004535940537442768,0.05430614692189963
761500,100.47569444444444,-0.06185324150771879,-0.06185324150771867,-0.00020379166664973575,0.054981050046118245
762000,100.54166666666667,-0.06070197491974874,-0.06070197491974875,-0.00016645536850610503,0.05335549302578147
762500,100.60763888888889,-0.058943780570802025,-0.05894378057080198,-0.0015348001598089371,0.05446819241126299
763000,100.67361111111111,-0.06149822311386881,-0.06149822311386877,-0.0038418481747311854,0.05041517675961797
763500,100.73958333333334,-0.05771008247743853,-0.057710082477438536,-0.0024337053328364823,0.05133019162635729
764000,100.80555555555556,-0.06109970745315271,-0.06109970745315272,0.004279997619851898,0.05440622272148198
764500,100.87152777777779,-0.05929443451130079,-0.059294434511300766,0.0016202006484066806,0.05369375476271883
765000,100.9375,-0.060441097119246195,-0.06044109711924621,0.0007872482863645891,0.053210780787197744
765500,101.00347222222223,-0.06161265933780177,-0.06161265933780175,-0.002769947799077338,0.05465250341054769
766000,101.06944444444444,-0.05903536198775754,-0.05903536198775756,0.0022597688944430323,0.0521154467829145
766500,101.13541666666667,-0.055499760377989725,-0.05549976037798969,0.0027876920772216683,0.0537459508094682
767000,101.20138888888889,-0.056501938142712434,-0.056501938142712434,0.005949048672466816,0.054426802338195766
767500,101.26736111111111,-0.05808073487845916,-0.058080734878459196,0.001139566044410093,0.048634468287039836
768000,101.33333333333334,-0.05675020937261619,-0.05675020937261622,0.001117646233103739,0.051954935923427564
768500,101.39930555555556,-0.05810917739447348,-0.058109177394473625,-0.0015433307535162885,0.05107342314617648
769000,101.46527777777779,-0.05984141553944039,-0.05984141553944037,-0.001267947892301263,0.05249978157310457
769500,101.53125,-0.059190087625174394,-0.059190087625174394,-0.0020247137026960806,0.0499095654678969
770000,101.59722222222223,-0.05873166534796188,-0.05873166534796186,-0.00039043301449387575,0.05165983138313691
770500,101.66319444444444,-0.057200006917548715,-0.05720000691754863,0.0031298855745234867,0.0500575257687768
771000,101.72916666666667,-0.05693786699858237,-0.05693786699858233,-0.0008478080023089943,0.05119990755536565
771500,101.79513888888889,-0.05996454138948883,-0.05996454138948885,-0.0023129565952044098,0.052780815356376964
772000,101.86111111111111,-0.05568192602356549,-0.055681926023565476,0.0007001840451017873,0.052367685316415634
772500,101.92708333333334,-0.05924338500288419,-0.05924338500288421,-0.0009410644779975851,0.049737987810305584
773000,101.99305555555556,-0.06107853066950863,-0.061078530669508614,0.0019405402622732861,0.051053613502889665
773500,102.05902777777779,-0.05509178372891684,-0.05509178372891693,-0.0015738937494051283,0.05118825451815852
774000,102.125,-0.05509175829004217,-0.0550917582900422,0.0007956050784317677,0.05460687531981116
774500,102.19097222222223,-0.05924013513700542,-0.05924013513700542,0.004359942795212748,0.051443241331064156
775000,102.25694444444444,-0.056104640766494726,-0.056104640766494726,0.0036977461570124985,0.05017909426834883
775500,102.32291666666667,-0.05525733935167671,-0.055257339351676676,-0.0011080538123673074,0.05100582552828079
776000,102.38888888888889,-0.057471736465135516,-0.057471736465135516,-0.0005545337943167364,0.0527445847000512
776500,102.45486111111111,-0.056320441697188986,-0.05632044169718896,0.00024273180061860303,0.049923487336850286
777000,102.52083333333334,-0.054303381391530105,-0.054303381391530105,-0.004980355635964425,0.04919671032017591
777500,102.58680555555556,-0.056019455083313636,-0.05601945508331363,-0.0002782489288815773,0.05166007354788325
778000,102.65277777777779,-0.055246685999900236,-0.05524668599990027,-0.00026790761065526844,0.04860317133398151
778500,102.71875,-0.058373321450804996,-0.05837332145080508,0.0027562519152182444,0.04887258400415665
779000,102.78472222222223,-0.05777450635357153,-0.05777450635357152,0.0022766453197112604,0.05041850826842299
779500,102.85069444444444,-0.05645625689778154,-0.05645625689778151,0.0008198679194148391,0.04878804668021968
780000,102.91666666666667,-0.05717615027943004,-0.05717615027943,0.0008313868542170059,0.04698829422282162
780500,102.98263888888889,-0.054909992106454475,-0.054909992106454496,0.001022217527444916,0.0469834424716024
781000,103.04861111111111,-0.055318318686387806,-0.05531831868638775,-0.00025629722967402036,0.04702840337981676
781500,103.11458333333334,-0.058031155036517915,-0.058031155036517894,0.001594900134841159,0.04938130881363138
782000,103.18055555555556,-0.05619808920077161,-0.056198089200771566,-0.0022235010095993106,0.050208292182799076
782500,103.24652777777779,-0.05447595314756846,-0.05447595314756851,-0.003885567349223204,0.04889130218657642
783000,103.3125,-0.055389068705698485,-0.055389068705698465,0.0005840066705035684,0.0514692012948564
783500,103.37847222222223,-0.05521658148115481,-0.05521658148115482,-0.000221098101598928,0.0494952129973324
784000,103.44444444444444,-0.056201181023919425,-0.056201181023919404,1.4911112917469501e-05,0.04918879434656864
784500,103.51041666666667,-0.059302429200830245,-0.059302429200830245,0.0007099970048425637,0.04841745574681295
785000,103.57638888888889,-0.05832537356064319,-0.05832537356064314,-0.0012906516578549453,0.047890302425405
785500,103.64236111111111,-0.05601864383327949,-0.05601864383327954,-0.0013393780101112467,0.04883232695919033
786000,103.70833333333334,-0.05615012150316448,-0.056150121503164466,-0.0017914441125543804,0.045414522646502795
786500,103.77430555555556,-0.057184444449943694,-0.05718444444994368,0.001716195753616592,0.0483596026379592
787000,103.84027777777779,-0.05432633385081107,-0.05432633385081106,0.0007476295441755034,0.04773408401509245
787500,103.90625,-0.057530087313811,-0.05753008731381097,0.00191594743654029,0.0480951221027806
788000,103.97222222222223,-0.05690367738886035,-0.056903677388860305,-0.000919012351684302,0.04413102620693946
788500,104.03819444444444,-0.05539323134751582,-0.0553932313475158,0.0016260816866688623,0.047094154928220645
789000,104.10416666666667,-0.053346947407720384,-0.05334694740772033,-0.0008138655292282443,0.046241665276981404
789500,104.17013888888889,-0.054845320406326274,-0.05484532040632626,0.00108214064227249,0.049774569931001454
790000,104.23611111111111,-0.05404655683598569,-0.054046556835985735,-0.0023186562355853473,0.04769724309834719
790500,104.30208333333333,-0.05353086973469843,-0.05353086973469846,0.00032062583129218526,0.046304525454879945
791000,104.36805555555556,-0.0528650493131978,-0.0528650493131978,0.0005149053162425386,0.04635855866402053
791500,104.43402777777779,-0.05293680731836948,-0.052936807318369514,-0.0003458812929339501,0.048194952758473526
792000,104.5,-0.05401059326904586,-0.05401059326904586,-0.00239193740867366,0.04779391761518638
792500,104.56597222222223,-0.05518424885261022,-0.05518424885261018,-0.00043953794871301585,0.051311118407854565
793000,104.63194444444444,-0.0543135017394291,-0.05431350173942908,0.005148538072144545,0.053655289063734214
793500,104.69791666666667,-0.05193505001702904,-0.051935050017029055,0.0009609146087719403,0.046719321948834915
794000,104.76388888888889,-0.05688580538594748,-0.0568858053859475,0.0020184903892233753,0.044097255455386654
794500,104.82986111111111,-0.05396655043568369,-0.05396655043568363,-0.0003930467722619329,0.04743847541661828
795000,104.89583333333333,-0.05394855962674922,-0.053948559626749194,0.0006370724595331223,0.047085288219022935
795500,104.96180555555556,-0.05593996726032108,-0.05593996726032106,-0.0005743089481633509,0.04570842180622987
796000,105.02777777777779,-0.05217974936059365,-0.05217974936059368,0.00015709896319415157,0.044739354349245995
796500,105.09375,-0.05479025213903135,-0.05479025213903131,-0.002843408681378355,0.04210411445192036
797000,105.15972222222223,-0.05261691653958391,-0.05261691653958394,-0.000990556585866472,0.04422843566704918
797500,105.22569444444446,-0.05362120842213639,-0.05362120842213638,-0.0012847258234588465,0.046108642758686605
798000,105.29166666666669,-0.05326186851534561,-0.05326186851534561,-0.002321562658526909,0.04501184360538259
798500,105.35763888888889,-0.05219151435360012,-0.052191514353600095,-0.003333295842419283,0.04512277188689239
799000,105.4236111111111,-0.05333136263467261,-0.05333136263467263,-0.0016920045385853367,0.04510402811916196
799500,105.48958333333333,-0.054210048445763596,-0.054210048445763596,0.002022157208005304,0.045713420733176656
800000,105.55555555555556,-0.05649737379882481,-0.05649737379882481,-0.0015282350094766581,0.043935284869892274
800500,105.62152777777779,-0.05658847324334141,-0.05658847324334145,0.0016637714225446307,0.04516487480432819
801000,105.6875,-0.0572024836155986,-0.057202483615598626,-0.004137064713623173,0.04508879495306264
801500,105.75347222222223,-0.051547384689380284,-0.051547384689380284,0.0047881184377190425,0.04570181538205338
802000,105.81944444444446,-0.05412967129812845,-0.05412967129812849,-0.0001525347429800854,0.04167486044931419
802500,105.88541666666669,-0.0547558520097281,-0.0547558520097281,0.0036888885307809903,0.04436872733987758
803000,105.95138888888889,-0.05620819458258666,-0.05620819458258673,-0.004345883402954078,0.046323805083106365
803500,106.0173611111111,-0.05368506514698526,-0.05368506514698523,0.0002698816922873283,0.04350201791463639
804000,106.08333333333333,-0.05327439980124411,-0.05327439980124412,0.0028393166754269164,0.0433892191833484
804500,106.14930555555556,-0.052693245331530934,-0.0526932453315309,-0.0005098554622619637,0.041598261350313644
805000,106.21527777777779,-0.05182205202574856,-0.05182205202574857,-0.00010957130569936156,0.044402227176947175
805500,106.28125,-0.050247836514680996,-0.050247836514681,0.0002606412865322221,0.04262519184842634
806000,106.34722222222223,-0.05432498190808193,-0.05432498190808191,0.0011096219890598,0.04762613517862775
806500,106.41319444444446,-0.04969210121545696,-0.04969210121545699,0.0019513069580787863,0.045612195970296456
807000,106.47916666666669,-0.050463488264481514,-0.05046348826448146,0.0011644607293768085,0.040041586049396165
807500,106.54513888888889,-0.048465365574925104,-0.04846536557492512,-0.00109954977904955,0.043877116183594626
808000,106.6111111111111,-0.05068618009596291,-0.05068618009596291,0.0011104380439531103,0.04106371968649595
808500,106.67708333333333,-0.04747427147769602,-0.047474271477696006,-0.002164574636411676,0.04100672910522709
809000,106.74305555555556,-0.049858534434458535,-0.04985853443445856,0.0009579756226181361,0.04416803843972382
809500,106.80902777777779,-0.04746777876010791,-0.04746777876010795,-0.0016703369181184664,0.04361200259094654
810000,106.875,-0.04788655254458576,-0.047886552544585737,0.00048500452502765333,0.04253831863659733
810500,106.94097222222223,-0.051158210502483994,-0.051158210502483994,0.0028782089715554005,0.039657981799430905
811000,107.00694444444446,-0.05065356278265515,-0.050653562782655176,-0.0008032739894843812,0.04531509520767714
811500,107.07291666666669,-0.047265337362656486,-0.047265337362656465,0.0037259375843650276,0.04069151414305843
812000,107.13888888888889,-0.04757737251370259,-0.047577372513702657,-0.004734995287927713,0.042444420477214716
812500,107.2048611111111,-0.053477356636962306,-0.05347735663696231,0.0005708734192809152,0.04158684004280527
813000,107.27083333333333,-0.04803190872794693,-0.048031908727946895,-0.002968830686162394,0.043208894882027005
813500,107.33680555555556,-0.04703233170487306,-0.04703233170487305,-0.003760228674298415,0.03917459325350953
814000,107.40277777777779,-0.0471249688946557,-0.04712496889465569,-0.0015983173756230545,0.03947649145192851
814500,107.46875,-0.0467522906007962,-0.04675229060079621,-0.0023127319485892676,0.03965865545117758
815000,107.53472222222223,-0.048777022978566516,-0.04877702297856656,-0.0020341305034127363,0.03993581003462584
815500,107.60069444444446,-0.04855962076126672,-0.048559620761266735,-0.001959128939463519,0.04400237585699741
816000,107.66666666666669,-0.05135083733208215,-0.05135083733208215,-0.0015993857326852445,0.043471833497539636
816500,107.73263888888889,-0.05009975369165813,-0.050099753691658123,-0.005044059364880224,0.04151778736410258
817000,107.7986111111111,-0.04833020258454434,-0.048330202584544325,0.001582672907523945,0.037781586914787633
817500,107.86458333333333,-0.04825890688198287,-0.048258906881982894,-0.0029429539737473045,0.04002123625237287
818000,107.93055555555556,-0.04338700277943301,-0.043387002779433005,0.00019835474597358394,0.0395524496504534
818500,107.99652777777779,-0.04793921927794403,-0.047939219277944,-0.0006884285629216312,0.043532632357080464
819000,108.0625,-0.049328677064703445,-0.04932867706470345,-0.002460952887145659,0.0413098708016778
819500,108.12847222222223,-0.05205304515929716,-0.05205304515929715,0.0038367875122633345,0.03533898329423558
820000,108.19444444444446,-0.04784374538003712,-0.04784374538003711,0.001583447348396996,0.041374980665733176
820500,108.26041666666669,-0.04825167419963577,-0.04825167419963574,0.000704863385812597,0.03827909699434023
821000,108.32638888888889,-0.0496501606808429,-0.04965016068084292,-0.0021862488295232795,0.040257879598894285
821500,108.3923611111111,-0.04605622730213984,-0.04605622730213985,0.0028669664726042074,0.040151071964271895
822000,108.45833333333333,-0.04748775337149578,-0.04748775337149581,-0.0013634087418515186,0.044116620604930885
822500,108.52430555555556,-0.04831247495996588,-0.04831247495996592,-0.00015489138784462124,0.041142665071306005
823000,108.59027777777779,-0.04933185080381894,-0.049331850803819015,-0.00019128033064511074,0.04199328520285913
823500,108.65625,-0.04983202290106058,-0.04983202290106059,0.0021030564433154957,0.04114389280214343
824000,108.72222222222223,-0.0500398717204796,-0.05003987172047962,-0.001793506262696332,0.043438647670158585
824500,108.78819444444446,-0.04793739131985773,-0.04793739131985765,0.0023549720170746736,0.03867288001865126
825000,108.85416666666669,-0.05052560996461236,-0.05052560996461234,-0.00032410288523983943,0.040267767087758484
825500,108.92013888888889,-0.05149499965897708,-0.051494999658977136,0.00027397510036211345,0.04138058058541064
826000,108.9861111111111,-0.047422070745147454,-0.04742207074514739,0.0036499047509110302,0.044583177487118264
826500,109.05208333333333,-0.05188814398428374,-0.05188814398428373,-0.0006687706649337317,0.04366455252816425
827000,109.11805555555556,-0.04894614931344668,-0.04894614931344674,-0.0011108411171745535,0.041137759636545264
827500,109.18402777777779,-0.04642644329578877,-0.0464264432957887,0.0037077737729218183,0.03620981539026606
828000,109.25,-0.05034925182597769,-0.05034925182597768,-0.0011230674936634365,0.039695630806918306
828500,109.31597222222223,-0.0504067987428928,-0.05040679874289281,0.0018652897544943654,0.04115241886092816
829000,109.38194444444446,-0.048026331511977285,-0.0480263315119773,0.003959795199361138,0.03636224389227521
829500,109.44791666666669,-0.05227308854440909,-0.05227308854440907,0.00035187160518462157,0.04063315982046925
830000,109.51388888888889,-0.04757936462465411,-0.04757936462465417,0.0008386092886159323,0.03975546971030501
830500,109.5798611111111,-0.048527519362983045,-0.048527519362983045,0.00014745730680549074,0.0405753537676988
831000,109.64583333333333,-0.04685279439420787,-0.046852794394207885,0.003356977621503571,0.038569839710877706
831500,109.71180555555556,-0.047274069345678855,-0.04727406934567884,-0.002626274203520989,0.04048020211099308
832000,109.77777777777779,-0.046370643196314676,-0.04637064319631469,0.004438070358182124,0.04212661100379535
832500,109.84375,-0.045970296104875234,-0.04597029610487523,0.005205010958157645,0.03781608082949941
833000,109.90972222222223,-0.048061150099478665,-0.048061150099478686,-0.0027019058871276718,0.03940551174255008
833500,109.97569444444446,-0.05134925314893453,-0.05134925314893453,0.0029370023708168544,0.04098193162697281
834000,110.04166666666669,-0.04818569130518596,-0.04818569130518599,0.0005646739013057774,0.040152251387471506
834500,110.10763888888889,-0.05000439925357098,-0.05000439925357097,-0.0009061907621577291,0.03685276495845794
835000,110.1736111111111,-0.048779769762485,-0.04877976976248501,-0.003374648652126627,0.038660047965618394
835500,110.23958333333333,-0.04612164971267593,-0.04612164971267591,0.001998596573413939,0.03729886402564938
836000,110.30555555555556,-0.04779779126818274,-0.047797791268182725,-0.003257327584512603,0.03926688094963011
836500,110.37152777777779,-0.04629925413664554,-0.04629925413664556,0.0019310122949153597,0.03930133822035568
837000,110.4375,-0.04682361629137327,-0.04682361629137329,-0.0022483927197694256,0.03628615542425123
837500,110.50347222222223,-0.04610622794115531,-0.04610622794115536,-0.0006137048152045552,0.0393462863627656
838000,110.56944444444446,-0.04933320182331477,-0.04933320182331475,0.0034281056077095215,0.038371836232547425
838500,110.63541666666669,-0.047549644341660806,-0.047549644341660806,0.0014183854363553077,0.03876717166733775
839000,110.70138888888889,-0.04941718994482541,-0.04941718994482541,-0.00018258297227516804,0.04122662535639866
839500,110.7673611111111,-0.0471114145190172,-0.0471114145190172,0.0012125229882931255,0.040766015480095244
840000,110.83333333333333,-0.04324595675299825,-0.04324595675299825,0.003370317368567654,0.0391205821470085
840500,110.89930555555556,-0.04321410780431439,-0.04321410780431435,-0.003623000792818508,0.038235590998944205
841000,110.96527777777779,-0.04597977632871036,-0.045979776328710344,-0.001020888253714407,0.04429098613571443
841500,111.03125,-0.042269994856333454,-0.042269994856333454,-0.0010039380847289435,0.03689871355796816
842000,111.09722222222223,-0.04480752790706036,-0.04480752790706034,-0.002381429409447862,0.03815120327356355
842500,111.16319444444446,-0.04521419034929591,-0.045214190349295906,-0.0010387975523276092,0.0365774745968256
843000,111.22916666666669,-0.04784510759087812,-0.04784510759087818,0.0018837417796633746,0.04013465723404528
843500,111.29513888888889,-0.04671967443573072,-0.046719674435730676,0.0011955407361429382,0.03982390134202422
844000,111.3611111111111,-0.04586446738971442,-0.045864467389714426,-0.001475300986223357,0.03623383364405533
844500,111.42708333333333,-0.04483445433588208,-0.04483445433588208,0.0009908864683818865,0.03744511698894064
845000,111.49305555555556,-0.0455856592619623,-0.04558565926196228,0.002737962628052573,0.03758500135410853
845500,111.55902777777779,-0.0451693754359892,-0.04516937543598923,-0.0009650221572570819,0.034954275184588615
846000,111.625,-0.03892576120893176,-0.038925761208931736,0.0007144658621583089,0.03407804122415693
846500,111.69097222222223,-0.04441251364454558,-0.044412513644545557,-0.0005197644078698537,0.0351199228964531
847000,111.75694444444446,-0.04146055656671714,-0.04146055656671712,-0.0014186247942326322,0.0352429019371931
847500,111.82291666666669,-0.04259056319621171,-0.042590563196211725,0.0005779220664552136,0.03728725092345842
848000,111.88888888888889,-0.043907104628706256,-0.04390710462870625,0.0006438144143683097,0.038315905440096
848500,111.9548611111111,-0.04330459330375896,-0.04330459330375897,-0.003587724139417353,0.03814950747878558
849000,112.02083333333333,-0.04334966085895356,-0.04334966085895356,2.5114338002046813e-05,0.036743190146790256
849500,112.08680555555556,-0.04132148569262482,-0.041321485692624775,4.7086544648705384e-05,0.03677514315920974
850000,112.15277777777779,-0.04343444556512806,-0.043434445565128064,-0.0012198820930954968,0.03388604366018993
850500,112.21875,-0.04225022316561592,-0.04225022316561593,0.0017621544899908712,0.035037834130916656
851000,112.28472222222223,-0.04521126101592594,-0.045211261015925944,-0.0007376664359550266,0.03663975187635606
851500,112.35069444444446,-0.045307442576554995,-0.045307442576555015,-0.0007439870247534013,0.039125112566496825
852000,112.41666666666669,-0.04338686920011393,-0.043386869200113906,-0.001457525832949852,0.039550594161579834
852500,112.48263888888889,-0.044407502736124316,-0.04440750273612431,0.001601221576641308,0.03479165946220426
853000,112.5486111111111,-0.04448927756766293,-0.044489277567662966,0.0023697779790888035,0.03758382658301675
853500,112.61458333333333,-0.04400910866684725,-0.04400910866684724,-0.0006356360400199003,0.037211812416321405
854000,112.68055555555556,-0.042784465714330484,-0.04278446571433048,-0.004263749734536187,0.034704386839634976
854500,112.74652777777779,-0.04263291000891572,-0.04263291000891576,-0.001806909133656268,0.03583455236096493
855000,112.8125,-0.0451571577099548,-0.0451571577099548,0.0031462412200091703,0.0337625137783705
855500,112.87847222222223,-0.044081286998307614,-0.04408128699830764,0.0016358947460990288,0.037748975888678725
856000,112.94444444444446,-0.04551731664658622,-0.04551731664658623,-0.0007668039224798999,0.035929744460470876
856500,113.01041666666669,-0.04392964479935461,-0.04392964479935453,0.0012897789372287077,0.038128128576545524
857000,113.07638888888889,-0.04578811097608473,-0.045788110976084734,0.0037793579200147034,0.03667934102241291
857500,113.1423611111111,-0.044986662186343965,-0.04498666218634396,0.0012600429427877134,0.03567851054168682
858000,113.20833333333333,-0.041892995418907335,-0.04189299541890732,8.042169486004745e-05,0.037409103585245226
858500,113.27430555555556,-0.04470764152943878,-0.04470764152943879,0.00217851711250087,0.0376619940014845
859000,113.34027777777779,-0.04453478556476323,-0.04453478556476326,0.0029384702572590278,0.0340875082259177
859500,113.40625,-0.0451897789026321,-0.04518977890263211,0.00239942544485191,0.035161585578797165
860000,113.47222222222223,-0.04449058177950669,-0.04449058177950669,0.001256586366855659,0.033465707316944225
860500,113.53819444444446,-0.04172166919426624,-0.041721669194266196,-0.0026771407243305688,0.03407611739172932
861000,113.60416666666669,-0.04420873777017821,-0.04420873777017819,-0.0019783523555611977,0.03245492949287733
861500,113.67013888888889,-0.04130171580164098,-0.041301715801640985,0.00030494953477634647,0.036052212925145204
862000,113.7361111111111,-0.0427441707154791,-0.04274417071547912,-0.0019002324405528305,0.03654772447440534
862500,113.80208333333333,-0.04310434586423179,-0.04310434586423179,4.92770241628449e-05,0.03222530040507847
863000,113.86805555555556,-0.04557589951623436,-0.04557589951623431,-0.003436090159486801,0.03580762495626037
863500,113.93402777777779,-0.04331996054183271,-0.04331996054183275,0.0014452039118284924,0.034631451256346826
864000,114.0,-0.043107301858648917,-0.04310730185864893,0.003253061432267882,0.03689488987877149
864500,114.06597222222223,-0.04161004891427053,-0.04161004891427056,0.0015904878775410299,0.03633746322571472
865000,114.13194444444446,-0.039123476851928955,-0.03912347685192892,0.001692823290062009,0.03214864180454913
865500,114.19791666666669,-0.04113492832446599,-0.04113492832446602,-0.0019661385392445462,0.03470355424261099
866000,114.26388888888889,-0.04274978928628367,-0.04274978928628365,0.00039157856312935246,0.03426944329753605
866500,114.3298611111111,-0.04184349591810588,-0.041843495918105884,-0.0001338173244743501,0.03564810502757412
867000,114.39583333333333,-0.04172566813895312,-0.04172566813895313,0.0030686598714476524,0.03523342621815026
867500,114.46180555555556,-0.0393360392936234,-0.0393360392936234,-0.0016578316289577746,0.03167191918912677
868000,114.52777777777779,-0.03884167198047165,-0.03884167198047166,0.00033771960598128164,0.03359520687184667
868500,114.59375,-0.04266230568473536,-0.04266230568473541,-0.0005474619209036091,0.03499359131198932
869000,114.65972222222223,-0.041079462727588514,-0.041079462727588535,0.002027990264513675,0.030778720502913907
869500,114.72569444444446,-0.037581259112006875,-0.037581259112006875,-0.001849659478693964,0.0338255047696878
870000,114.79166666666669,-0.04336866136952878,-0.04336866136952881,0.0003286710684313671,0.03698167211447944
870500,114.85763888888889,-0.03759757129124466,-0.03759757129124469,0.0004299982308247159,0.03288968396043761
871000,114.9236111111111,-0.04003977917859749,-0.0400397791785975,-5.455647750459224e-09,0.03476287630326082
871500,114.98958333333333,-0.04132236483154029,-0.04132236483154034,-0.00181136424276889,0.03391215613895538
872000,115.05555555555556,-0.037981606335567984,-0.037981606335567956,0.0021473699293449422,0.03540534105836833
872500,115.12152777777779,-0.03784461294320242,-0.03784461294320242,0.003792442841604748,0.029280569307743882
873000,115.1875,-0.03815439036377031,-0.03815439036377029,0.0036254500807527037,0.033519546317507996
873500,115.25347222222223,-0.03693775934019308,-0.03693775934019306,-0.0023491662330120096,0.033035155032658824
874000,115.31944444444446,-0.03525222986408798,-0.03525222986408798,0.0010563914761975034,0.03043456135770987
874500,115.38541666666669,-0.04114977176693747,-0.04114977176693746,-0.001859197525236245,0.029578943030743352
875000,115.45138888888889,-0.03582952181428572,-0.035829521814285725,-0.0009796173941231522,0.03276684872182182
875500,115.5173611111111,-0.03749386199808777,-0.037493861998087755,-0.0014219899330914763,0.028185961247015754
876000,115.58333333333333,-0.037320523763428974,-0.037320523763428974,-0.0033415870495793728,0.031247836648753496
876500,115.64930555555556,-0.03615138821240169,-0.036151388212401735,0.0009901419600926284,0.03183728015206226
877000,115.71527777777779,-0.03355815149921533,-0.033558151499215344,0.0018494644094237433,0.03221925436561319
877500,115.78125,-0.03486514083872188,-0.03486514083872188,-0.0004761847390908172,0.0288459524869332
878000,115.84722222222223,-0.03446076471406798,-0.034460764714067955,-0.00018207929447032207,0.03189822279447846
878500,115.91319444444446,-0.03706522210386695,-0.037065222103866986,0.005283310615587626,0.030428337737362195
879000,115.97916666666669,-0.03584826625102813,-0.03584826625102817,-0.0015332281853630643,0.032710014902739344
879500,116.04513888888889,-0.039873894361503494,-0.03987389436150349,0.000972978312269424,0.03187120869075262
880000,116.1111111111111,-0.034687218140855146,-0.03468721814085515,-0.00013873709501937867,0.029568629074250605
880500,116.17708333333333,-0.037318258731314564,-0.03731825873131456,-0.002934022521780986,0.029212755946775106
881000,116.24305555555556,-0.04098588726657048,-0.04098588726657051,0.0018545110296884525,0.02941822294545789
881500,116.30902777777779,-0.034976515255315956,-0.034976515255315956,0.0005293275512525264,0.029451333792079107
882000,116.375,-0.034939689913429564,-0.03493968991342954,-0.0010872216279358344,0.02827169963125066
882500,116.44097222222223,-0.035764841660055995,-0.03576484166005601,0.0018252619782849532,0.03137832024854326
883000,116.50694444444446,-0.03892066316566687,-0.03892066316566691,0.0004028801265179901,0.030245697601221862
883500,116.57291666666669,-0.035971325261429224,-0.03597132526142923,0.002744946535456907,0.036944525216615634
884000,116.63888888888889,-0.03667137421364219,-0.03667137421364221,0.0016552963490998407,0.02694876844137493
884500,116.7048611111111,-0.03665814167508002,-0.036658141675080025,0.0003727824751987394,0.029154240106189788
885000,116.77083333333333,-0.03647628012132524,-0.03647628012132522,-0.0023947503573866725,0.025019948941411917
885500,116.83680555555556,-0.033156774501718944,-0.03315677450171893,0.00012823437812841082,0.02727438251888572
886000,116.90277777777779,-0.04038074721238634,-0.040380747212386305,0.0030678740309219078,0.02907880106134698
886500,116.96875,-0.0369162671512381,-0.03691626715123811,0.0007604811186561885,0.030262824353923096
887000,117.03472222222223,-0.03268990929050703,-0.032689909290507004,-0.002921950461476674,0.030868814059816445
887500,117.10069444444446,-0.03325575309891908,-0.03325575309891912,0.003109094812113817,0.02744087770360921
888000,117.16666666666669,-0.03774401823705962,-0.03774401823705965,0.0006104661982274262,0.027717598699337136
888500,117.23263888888889,-0.034141138201079856,-0.03414113820107985,0.0008306384795211144,0.029732703353088568
889000,117.2986111111111,-0.02736365029101369,-0.02736365029101369,0.0032303461564961084,0.02701194984245119
889500,117.36458333333333,-0.03439406880097031,-0.03439406880097034,-0.0023810325359320053,0.026361035010779073
890000,117.43055555555556,-0.03413520162288961,-0.034135201622889626,0.00043645490103169177,0.02616612580141928
890500,117.49652777777779,-0.029815907845272212,-0.029815907845272212,0.001658726446162877,0.027322432168215706
891000,117.5625,-0.028096727059594064,-0.028096727059594085,0.00038280036121425364,0.026966635739697473
891500,117.62847222222223,-0.03161893791297636,-0.03161893791297636,-0.0018758270636115284,0.026350216457860617
892000,117.69444444444446,-0.03491751086169243,-0.03491751086169242,0.003273595998979298,0.02926694824301391
892500,117.76041666666669,-0.030898459547058624,-0.030898459547058624,0.0008802285543071318,0.02562631332807989
893000,117.82638888888889,-0.030558299477513914,-0.030558299477513918,-0.0005301133353698106,0.024079400264794965
893500,117.8923611111111,-0.03161189188213815,-0.03161189188213815,0.00025555718590646097,0.02859173021200006
894000,117.95833333333333,-0.0315088159117895,-0.03150881591178949,0.006272531128315704,0.024583722257348874
894500,118.02430555555556,-0.032194956265857444,-0.03219495626585741,0.0022715046878680803,0.02473875500088301
895000,118.09027777777779,-0.03202729283415582,-0.03202729283415582,3.920725959821955e-05,0.028978345952274234
895500,118.15625,-0.03217953854584115,-0.03217953854584116,-0.0034597600985642324,0.030772486110524737
896000,118.22222222222223,-0.03580498246289563,-0.035804982462895714,-0.0022192971677713557,0.025383723292114812
896500,118.28819444444446,-0.03508388751177614,-0.03508388751177611,0.0004987712152713454,0.02620306054531171
897000,118.35416666666669,-0.0359211696951058,-0.03592116969510582,0.002827819849506017,0.02625297704885369
897500,118.42013888888889,-0.03466937195632872,-0.034669371956328715,0.0029320477281557377,0.028863615778783897
898000,118.4861111111111,-0.03443251893540193,-0.03443251893540201,0.0009347094713106452,0.025433341018260676
898500,118.55208333333333,-0.031133658277355054,-0.031133658277355,0.0006488536416645696,0.026311599767726464
899000,118.61805555555556,-0.03411458398074333,-0.034114583980743324,0.0012457325516873382,0.027799500465743573
899500,118.68402777777779,-0.03376064364553236,-0.033760643645532384,9.614079765645426e-05,0.02909199052832691
900000,118.75,-0.03236919121387639,-0.03236919121387642,-0.002962849326600323,0.031202710051496288
900500,118.81597222222223,-0.03071078305665799,-0.030710783056658,-0.005209631605331349,0.028745070913022395
901000,118.88194444444446,-0.03400310394475128,-0.03400310394475127,0.004275573928746553,0.02642162732259862
901500,118.94791666666669,-0.03218679138782897,-0.032186791387829004,0.0009191067738821269,0.027858762844538587
902000,119.01388888888889,-0.03003978840588763,-0.030039788405887623,-0.0042000587052619075,0.028006469290285118
902500,119.0798611111111,-0.031562079838035516,-0.031562079838035474,-0.0029523514885617546,0.02474690026969337
903000,119.14583333333333,-0.029594182307361893,-0.029594182307361955,-0.002460544822772143,0.027769924828497054
903500,119.21180555555556,-0.030236557545369264,-0.030236557545369285,-0.00010812326259440634,0.02462329696748741
904000,119.27777777777779,-0.028023304402594484,-0.0280233044025945,0.005228526585211534,0.02892414685225531
904500,119.34375,-0.03070554421316895,-0.030705544213168914,-0.0019181979663652096,0.02873279538554421
905000,119.40972222222223,-0.030543516407156857,-0.030543516407156877,-0.0005639875774296478,0.024415500434262716
905500,119.47569444444446,-0.02616131404820677,-0.02616131404820675,0.003815315130497438,0.027205698354173538
906000,119.54166666666669,-0.024456669999086553,-0.024456669999086526,0.0040248073033305395,0.025059490930745887
906500,119.60763888888889,-0.031404881422978315,-0.03140488142297834,0.003893373223878369,0.022155037209761624
907000,119.6736111111111,-0.024991669472739137,-0.02499166947273915,-0.0022163964871625523,0.025179478336838756
907500,119.73958333333333,-0.027751583162051414,-0.027751583162051438,0.0004053102973531137,0.021824525366161727
908000,119.80555555555556,-0.028421081972857476,-0.02842108197285747,-0.0006938396553729441,0.02494534555619973
908500,119.87152777777779,-0.028557584979964194,-0.028557584979964204,0.0030326169939880235,0.021670055545326364
909000,119.9375,-0.030237101182700288,-0.03023710118270028,0.0017210199547110182,0.024269111422866134
909500,120.00347222222223,-0.028496902920804368,-0.02849690292080436,0.001524162254455294,0.024960570792008908
910000,120.06944444444446,-0.029499761201866554,-0.029499761201866554,-0.001514527439440305,0.021051469607067986
910500,120.13541666666669,-0.02885467609239958,-0.02885467609239958,0.00020910346089467188,0.021806046540405313
911000,120.20138888888889,-0.02795428993546972,-0.02795428993546973,0.0023739782699124124,0.025272529964338868
911500,120.2673611111111,-0.027412540674192742,-0.02741254067419268,0.003261154216631852,0.026488697314752334
912000,120.33333333333333,-0.02695991631513628,-0.026959916315136282,0.00046549782622039965,0.02184652927608911
912500,120.39930555555556,-0.028656872598694285,-0.028656872598694285,-0.0010475134501521826,0.024241011709531923
913000,120.46527777777779,-0.027323164920519692,-0.027323164920519696,-0.0022518257877866196,0.02188067521719284
913500,120.53125,-0.02600772395295993,-0.026007723952959912,0.003120837636590008,0.02272796857277099
914000,120.59722222222223,-0.025502388792341325,-0.025502388792341305,0.0006315384057223252,0.022526329012846836
914500,120.66319444444446,-0.027262119607937205,-0.027262119607937226,0.000996745345547307,0.021141741342027676
915000,120.72916666666669,-0.02564594934720653,-0.025645949347206532,0.0016557055792289644,0.02421520274576532
915500,120.79513888888889,-0.02526026614456227,-0.025260266144562275,-0.004188442002834576,0.02191450889294815
916000,120.8611111111111,-0.027085894178776396,-0.027085894178776396,-0.0017210755706048683,0.022729428165022544
916500,120.92708333333333,-0.026554065347710806,-0.02655406534771081,0.00034558961556400226,0.024443510081610824
917000,120.99305555555556,-0.026297062541945117,-0.026297062541945117,-0.0011533121383182326,0.024092999639481912
917500,121.05902777777779,-0.02652780042196682,-0.02652780042196684,0.002806694934233641,0.022008468266393782
918000,121.125,-0.02540211486866135,-0.02540211486866136,0.0017014758125129795,0.022360630966362236
918500,121.19097222222223,-0.022624170451415532,-0.022624170451415543,-0.001866615177476165,0.02332708304269765
919000,121.25694444444446,-0.026128149776677698,-0.026128149776677687,-0.0008203676412594351,0.020414717357517747
919500,121.32291666666669,-0.022612544204270536,-0.022612544204270526,-0.002114031722623493,0.022819771912608897
920000,121.38888888888889,-0.025108122663718816,-0.02510812266371881,0.002004353980991502,0.02280407218415382
920500,121.4548611111111,-0.02641140698161943,-0.02641140698161946,-0.0009424587986217028,0.022919510736232197
921000,121.52083333333333,-0.02419288688357037,-0.02419288688357038,-0.0006116274641701683,0.024160613410045273
921500,121.58680555555556,-0.02487542638843185,-0.02487542638843183,-0.0020100095687687006,0.023598701052404636
922000,121.65277777777779,-0.027096029621158913,-0.027096029621158924,-0.0020088069353413115,0.02074927370861676
922500,121.71875,-0.02644597411617095,-0.026445974116170955,-0.00010475812888517566,0.02320062262169419
923000,121.78472222222223,-0.026591761521729665,-0.02659176152172965,0.0003449709035590772,0.021743061080307092
923500,121.85069444444446,-0.026019662998303595,-0.026019662998303585,-0.0007966996776172927,0.020520852798369908
924000,121.91666666666669,-0.026683591845808347,-0.026683591845808353,9.58834340792592e-05,0.025749334591526854
924500,121.98263888888889,-0.02808837491834932,-0.028088374918349354,0.0007859122354784886,0.02089784495953448
925000,122.0486111111111,-0.022259594922626014,-0.022259594922626014,-0.003124484321589237,0.023892439180275133
925500,122.11458333333333,-0.024216477317923573,-0.02421647731792355,-0.0019380776650129914,0.020838833963926495
926000,122.18055555555556,-0.02264074106206172,-0.0226407410620617,0.0015528660999467613,0.022118551715897085
926500,122.24652777777779,-0.025133777786176956,-0.025133777786176946,-0.001726325002877138,0.02343364834449249
927000,122.3125,-0.029983673267132766,-0.02998367326713279,-0.000358701490878722,0.02298241753127014
927500,122.37847222222223,-0.02184134646751817,-0.021841346467518154,0.0005564298443758413,0.027014991650950775
928000,122.44444444444446,-0.02457175276503639,-0.02457175276503639,-0.0006023637200154881,0.02277199678520849
928500,122.51041666666669,-0.02501978468448617,-0.025019784684486155,0.0016265220686442637,0.025225245582449027
929000,122.57638888888889,-0.02365822573712409,-0.02365822573712408,3.2059228584112656e-05,0.022401428611103693
929500,122.6423611111111,-0.026235663122154862,-0.02623566312215487,-0.0029165129992764012,0.022120218833456332
930000,122.70833333333333,-0.02603000017139672,-0.02603000017139672,-0.0015848672096128264,0.02158993027144683
930500,122.77430555555556,-0.025735189291196857,-0.025735189291196853,0.0006178424451846246,0.020645829274603265
931000,122.84027777777779,-0.024726705922182655,-0.024726705922182644,0.0004427321944964812,0.02301926401614654
931500,122.90625,-0.024559788966760313,-0.024559788966760324,0.0032312479910133907,0.01824355057846073
932000,122.97222222222223,-0.025126543449018397,-0.0251265434490184,-0.0018953025140464022,0.019526956684639673
932500,123.03819444444446,-0.02835912595181634,-0.02835912595181635,0.002531951232782832,0.019237704592151135
933000,123.10416666666669,-0.02269511480318355,-0.022695114803183543,0.001479556091629273,0.02379218899967057
933500,123.17013888888889,-0.024336437369585417,-0.024336437369585403,-0.00012144894702201032,0.022292485237446164
934000,123.2361111111111,-0.02745571525786928,-0.027455715257869273,-0.000761903141510391,0.02224734961094964
934500,123.30208333333333,-0.02587473712932715,-0.025874737129327165,0.0003109278867352687,0.026785315379415864
935000,123.36805555555556,-0.02267064059441886,-0.022670640594418888,-0.0029409643553470017,0.023419826989892593
935500,123.43402777777779,-0.02349056558581649,-0.02349056558581652,0.000748074534912979,0.023367655333711546
936000,123.5,-0.022734021931635484,-0.022734021931635484,0.0005912087649701998,0.022965756451053008
936500,123.56597222222223,-0.021766604096566156,-0.021766604096566156,0.0005918957541359456,0.02092563945016277
937000,123.63194444444446,-0.022311753844202437,-0.022311753844202444,0.0041372306977200575,0.023673862084769622
937500,123.69791666666669,-0.02553628435842921,-0.025536284358429202,-0.002488566019848775,0.02316173907306111
938000,123.76388888888889,-0.02319000585516838,-0.023190005855168373,-0.0005665278454907562,0.020254170558420406
938500,123.8298611111111,-0.021190541109690268,-0.02119054110969029,0.0016231200353262218,0.022211717754257652
939000,123.89583333333333,-0.020874433444174962,-0.02087443344417495,0.001564147407613209,0.023578789600065597
939500,123.96180555555556,-0.02019361067865401,-0.020193610678653988,-0.00015112309789966705,0.019335641142402243
940000,124.02777777777779,-0.020754647149339646,-0.020754647149339635,0.001981826284555953,0.021504803704025955
940500,124.09375,-0.022392836157081257,-0.022392836157081222,0.0008611958067829749,0.022327803471268805
941000,124.15972222222223,-0.02041314369558541,-0.020413143695585407,0.0015881359998720917,0.019437794990233407
941500,124.22569444444446,-0.023300087615845698,-0.02330008761584571,-0.00014478725307868722,0.019479007199747815
942000,124.29166666666669,-0.023634083497638434,-0.023634083497638438,0.0020406088399529745,0.01832484218034925
942500,124.35763888888889,-0.021339358649119768,-0.021339358649119764,-0.0007576817021186672,0.020127228653564998
943000,124.4236111111111,-0.019211839813243637,-0.01921183981324366,-0.0011535677602588987,0.018280868928836763
943500,124.48958333333333,-0.022233490138240334,-0.022233490138240355,0.0003172731153266633,0.019781229101853884
944000,124.55555555555556,-0.020509419882119805,-0.020509419882119816,-0.0006271154177743936,0.021483005230173897
944500,124.62152777777779,-0.019216937646232467,-0.019216937646232484,-0.0034602884236670595,0.020961170602258397
945000,124.6875,-0.01812444554643809,-0.01812444554643809,0.002459120964557083,0.017174829565650133
945500,124.75347222222223,-0.01812335863822923,-0.018123358638229215,-0.00011192611293111528,0.01723415158572535
946000,124.81944444444446,-0.021331067300179356,-0.021331067300179325,-0.000493997050334975,0.019168147807615474
946500,124.88541666666669,-0.017477491601916226,-0.01747749160191622,0.0009166561537432234,0.021104379058578565
947000,124.95138888888889,-0.02136744620659485,-0.021367446206594854,-0.0017398095327539294,0.020327315318790215
947500,125.0173611111111,-0.019034282164648277,-0.019034282164648263,0.0014670661542072754,0.017677778862011162
948000,125.08333333333333,-0.020879325912416303,-0.020879325912416282,0.005281979557080632,0.02047302282896631
948500,125.14930555555556,-0.020916927891514146,-0.020916927891514146,-0.0036984206917321794,0.016565628614194673
949000,125.21527777777779,-0.020702847404476993,-0.020702847404477018,-0.0022664033993000606,0.019712853385881135
949500,125.28125,-0.021914053262319433,-0.021914053262319436,-0.0014640937973715736,0.022022523562127656
950000,125.34722222222223,-0.02024770707134258,-0.02024770707134256,0.0017440339485602456,0.019867790822377246
950500,125.41319444444446,-0.02247909432043571,-0.02247909432043571,-4.987891925639619e-05,0.019901488659507967
951000,125.47916666666669,-0.022171492619111364,-0.02217149261911137,0.0005615689183413957,0.018950388435430166
951500,125.54513888888889,-0.020404073913344645,-0.020404073913344624,-8.578106798801767e-05,0.02299976859737648
952000,125.6111111111111,-0.018380983259556546,-0.018380983259556536,2.3223680337103956e-05,0.021701430713840165
952500,125.67708333333333,-0.02166060524054295,-0.021660605240542946,-0.0011535719577314806,0.01947822041439114
953000,125.74305555555556,-0.02262287857574149,-0.022622878575741488,0.00031616311906975677,0.0199132546983189
953500,125.80902777777779,-0.02186741030817838,-0.021867410308178386,-0.0008907416622433879,0.018812467766021135
954000,125.875,-0.021477391364197712,-0.021477391364197716,9.65243292220101e-05,0.017554476322240588
954500,125.94097222222223,-0.017018927208649927,-0.017018927208649923,0.0012771627712214546,0.016716980741039708
955000,126.00694444444446,-0.01931223015521231,-0.01931223015521231,0.0021049316198285253,0.019390544764907792
955500,126.07291666666669,-0.01774822583460018,-0.017748225834600177,-0.001423233629567482,0.016430798184654045
956000,126.13888888888889,-0.019345843621539745,-0.019345843621539748,-0.001437830773077359,0.016197937223315657
956500,126.2048611111111,-0.018891434972104486,-0.018891434972104493,0.00312302013239519,0.01857869834365574
957000,126.27083333333333,-0.020049037165655533,-0.020049037165655547,0.003264829744696876,0.020253454596437875
957500,126.33680555555556,-0.020879943250240365,-0.02087994325024035,-0.0016594776576897604,0.019122536209185657
958000,126.40277777777779,-0.017817667469764625,-0.017817667469764632,-0.002914600701988023,0.018613244190569304
958500,126.46875,-0.018194144445895167,-0.01819414444589514,-0.0025161815176698546,0.01965493431873293
959000,126.53472222222223,-0.0204337171702151,-0.02043371717021513,0.0011530675296240246,0.019494634715814155
959500,126.60069444444446,-0.01828576548177291,-0.018285765481772905,0.0024839122633383993,0.017475665907902987
960000,126.66666666666669,-0.01988157909435339,-0.019881579094353403,-0.0005025130575801613,0.01723683312999587
960500,126.73263888888889,-0.01925709099747777,-0.019257090997477775,-0.0021805661203567785,0.01894524481697076
961000,126.7986111111111,-0.016052798421858888,-0.016052798421858906,0.0007668438657661481,0.018174649754483577
961500,126.86458333333333,-0.018498899649828066,-0.018498899649828048,0.0007657606760051973,0.01740470680892707
962000,126.93055555555556,-0.01742602475375647,-0.01742602475375646,0.0006995995228771378,0.01690528763019252
962500,126.99652777777779,-0.02008096589375735,-0.02008096589375735,-0.00128333361865748,0.013125830780284233
963000,127.0625,-0.021039643789494564,-0.02103964378949455,0.0024056935350242566,0.016488963990980814
963500,127.12847222222223,-0.014441102896839806,-0.0144411028968398,-0.0001437559296518349,0.01548135235602094
964000,127.19444444444446,-0.016578380907454882,-0.01657838090745489,-0.0052579938635614245,0.01996710931478213
964500,127.26041666666669,-0.016714486567241393,-0.01671448656724137,0.001780615243786297,0.015107085357674521
965000,127.32638888888889,-0.01647356282207882,-0.01647356282207882,0.0016507350880587094,0.021101183809531347
965500,127.3923611111111,-0.016176586840429292,-0.016176586840429278,0.0010488160719684951,0.017830333642720447
966000,127.45833333333333,-0.014031685084614507,-0.0140316850846145,-0.00034429576551033925,0.018951378129708346
966500,127.52430555555556,-0.017348961179576804,-0.0173489611795768,-0.0018895895140242053,0.019727821697824877
967000,127.59027777777779,-0.01843483141419909,-0.01843483141419907,-0.002610805066441627,0.018413784598709695
967500,127.65625,-0.016329522652272815,-0.016329522652272818,-0.0013145805156561927,0.017276852390108337
968000,127.72222222222223,-0.013939083966256309,-0.013939083966256316,-0.002336988431649282,0.01667450874737938
968500,127.78819444444446,-0.016770442317151833,-0.016770442317151843,0.000927977839672303,0.015223008296601476
969000,127.85416666666669,-0.012604406164947419,-0.012604406164947428,-0.0015187939822264372,0.01632925319471626
969500,127.92013888888889,-0.01593574632497552,-0.01593574632497551,-0.00011185817428442397,0.015673771085163907
970000,127.9861111111111,-0.014939474677350939,-0.01493947467735095,0.0008818006580818702,0.01339046307806678
970500,128.05208333333334,-0.013843598752656304,-0.013843598752656316,0.001834745187856098,0.015335398796249261
971000,128.11805555555554,-0.012294232962149973,-0.01229423296214999,-0.00019755887775206067,0.014520747144867263
971500,128.18402777777777,-0.012227674730081127,-0.012227674730081118,0.001242133067428104,0.013151107957455551
972000,128.25,-0.011657108749295255,-0.011657108749295242,0.0033576412582830397,0.012513054427795493
972500,128.31597222222223,-0.017063299722170862,-0.01706329972217086,-0.00012546112031074265,0.01658665201471391
973000,128.38194444444446,-0.01521630914011118,-0.015216309140111201,-0.0021137863099491413,0.01541798033134885
973500,128.44791666666669,-0.012086112525164167,-0.012086112525164163,-0.0007324479576784717,0.01272555071013345
974000,128.51388888888889,-0.009711072347497662,-0.009711072347497667,0.0017544167377062192,0.01537781733834463
974500,128.57986111111111,-0.015571676000155809,-0.015571676000155804,-0.001507311159439842,0.01584867239110237
975000,128.64583333333334,-0.011109707606331998,-0.011109707606331995,-0.0016540515421017503,0.01536539010047715
975500,128.71180555555554,-0.014136658675321847,-0.01413665867532185,0.00038684081595575213,0.014539352618657056
976000,128.77777777777777,-0.013213975869187076,-0.01321397586918707,-0.000526120478268838,0.01493727603475034
976500,128.84375,-0.01513553556328447,-0.01513553556328447,-0.001953429892636995,0.014400947268237417
977000,128.90972222222223,-0.01466083466806882,-0.01466083466806882,-8.601126943548135e-05,0.014609132006262284
977500,128.97569444444446,-0.011960627176033013,-0.011960627176033013,0.0005919562364623449,0.01662389877677597
978000,129.04166666666669,-0.014187065548197665,-0.014187065548197675,0.0006908406536901383,0.016178922295575267
978500,129.10763888888889,-0.014977610949024498,-0.014977610949024467,-0.0004110803185723502,0.015287603010321634
979000,129.17361111111111,-0.013774297981532038,-0.013774297981532041,0.0030560438591365324,0.015631536588485696
979500,129.23958333333334,-0.011449732402754147,-0.011449732402754133,0.0029152318963717246,0.012683938479435353
980000,129.30555555555554,-0.013329682995215152,-0.013329682995215166,0.0009484449049546154,0.013930756658027059
980500,129.37152777777777,-0.012941369412144967,-0.012941369412144967,0.0006028432097040626,0.011046634102829396
981000,129.4375,-0.016756353576086527,-0.016756353576086503,-0.0021188392071123103,0.014794117241603667
981500,129.50347222222223,-0.01359758619021572,-0.013597586190215725,0.0026920430010707597,0.018450903134400266
982000,129.56944444444446,-0.01306391417429595,-0.013063914174295938,0.0015477441314482355,0.014949094192945354
982500,129.63541666666669,-0.012394077849803566,-0.012394077849803556,-0.0012910622862345766,0.015205487820558795
983000,129.70138888888889,-0.012576431022488488,-0.012576431022488501,0.0005309792269818282,0.015244985945465793
983500,129.76736111111111,-0.013402677699670358,-0.013402677699670339,-0.0016176124448665037,0.012135460020823928
984000,129.83333333333334,-0.010234098688291065,-0.010234098688291072,-4.6471787123134076e-05,0.011374531866272177
984500,129.89930555555554,-0.011207286767340991,-0.01120728676734099,-0.0010327466002924969,0.016409683665092174
985000,129.96527777777777,-0.013360406562100243,-0.013360406562100243,-0.00214430373848445,0.014286557068325344
985500,130.03125,-0.013770998363285117,-0.013770998363285124,-0.0038377010821574187,0.013579615468854238
986000,130.09722222222223,-0.008498424659130744,-0.008498424659130753,0.0006344240174827105,0.0144312482631203
986500,130.16319444444446,-0.011797229874419004,-0.011797229874418993,0.001644706560357387,0.017689856267348657
987000,130.22916666666669,-0.009905816567103631,-0.009905816567103628,0.00045313612583819737,0.012979554470674967
987500,130.29513888888889,-0.009273189352438947,-0.009273189352438956,0.0006714123763797023,0.012300812815741543
988000,130.36111111111111,-0.009044558516187668,-0.009044558516187672,0.0005894735721989957,0.013993107552623197
988500,130.42708333333334,-0.010782767003037609,-0.010782767003037607,0.0018956675708697414,0.013040234413849694
989000,130.49305555555554,-0.0060792724191035576,-0.006079272419103555,0.003750382592601883,0.012313250013103103
989500,130.55902777777777,-0.008828142565481131,-0.00882814256548113,0.0006566442998425284,0.01413670533246721
990000,130.625,-0.009626760071705822,-0.009626760071705837,-0.00035705681189509485,0.013059107717079126
990500,130.69097222222223,-0.010276901340670405,-0.010276901340670413,0.004634046397161859,0.01521506750046586
991000,130.75694444444446,-0.010939213180326467,-0.010939213180326477,0.0010236071765776116,0.015857111754946095
991500,130.82291666666669,-0.011383143848147018,-0.011383143848147015,0.0025736114377518118,0.016441425125053418
992000,130.88888888888889,-0.0072774073948664855,-0.0072774073948664855,-0.0015852964292776288,0.016082754827520567
992500,130.95486111111111,-0.009653955154266435,-0.009653955154266435,0.0001280624110376997,0.015697766870413438
993000,131.02083333333334,-0.010782387762577226,-0.010782387762577221,0.0009339991614915301,0.014327256369336345
993500,131.08680555555554,-0.012873338249665973,-0.012873338249665984,0.004074745078630892,0.010520940556136938
994000,131.15277777777777,-0.014307652239740518,-0.014307652239740532,-0.0019131508060543723,0.013279653181686954
994500,131.21875,-0.0077617490934304475,-0.0077617490934304536,-0.0009478571963063587,0.012820158150105303
995000,131.28472222222223,-0.00978424761361127,-0.009784247613611272,0.0008096509030348789,0.011024719409977629
995500,131.35069444444446,-0.012772686404496865,-0.012772686404496879,-0.000512732722563446,0.015955580562872104
996000,131.41666666666669,-0.007944634269726518,-0.007944634269726521,0.0021296819326117114,0.013828443276584385
996500,131.48263888888889,-0.010688037089681513,-0.010688037089681508,0.0025150963632716975,0.014766186208937828
997000,131.54861111111111,-0.012055119963268598,-0.012055119963268596,-0.0006602141708638673,0.015393974798552812
997500,131.61458333333334,-0.008581830819087788,-0.008581830819087791,-0.0003844716925964897,0.011026238936407284
998000,131.68055555555554,-0.009401117332404415,-0.009401117332404417,0.0026191190856378883,0.012671433688656274
998500,131.74652777777777,-0.009613979059337304,-0.009613979059337287,-0.0003343994692969936,0.012792980247164831
999000,131.8125,-0.009507036263958206,-0.009507036263958192,-0.0005252442770260139,0.011954382892909924
999500,131.87847222222223,-0.009710042114355933,-0.009710042114355938,-0.0017671573427999177,0.014715000488304843
1000000,131.94444444444446,-0.009553117661013306,-0.009553117661013312,-0.00048787749128224894,0.013559375550293252
1000500,132.01041666666669,-0.013907715507314592,-0.01390771550731459,0.002859228046221213,0.012743137356602487
1001000,132.07638888888889,-0.006550797421877493,-0.006550797421877503,-0.0009196473832508632,0.015292651470056252
1001500,132.14236111111111,-0.011066388498022581,-0.011066388498022592,0.0013135659122953415,0.014597046006392363
1002000,132.20833333333334,-0.00963001168790347,-0.009630011687903449,0.0018076790567519943,0.01059078901362572
1002500,132.27430555555554,-0.009209420650658951,-0.009209420650658951,-0.0003090688811257538,0.010066865369649791
1003000,132.34027777777777,-0.008256468625445232,-0.008256468625445228,-0.0024091717699433095,0.011271960549506709
1003500,132.40625,-0.005495755997044286,-0.005495755997044295,-0.0020774959918169866,0.01090195724963008
1004000,132.47222222222223,-0.008171630871006669,-0.008171630871006681,0.0006821983334674821,0.011463641561469716
1004500,132.53819444444446,-0.008845535288804534,-0.008845535288804543,0.0012261372377519145,0.011310263290886155
1005000,132.60416666666669,-0.006261700113130649,-0.006261700113130643,0.0038005798525054322,0.012684794788031268
1005500,132.67013888888889,-0.008083117115516774,-0.00808311711551677,0.0029644986710577895,0.01269826762799291
1006000,132.73611111111111,-0.006921557599830879,-0.006921557599830876,9.082812385509584e-05,0.011053783927370808
1006500,132.80208333333334,-0.0075919047695536404,-0.007591904769553638,0.0015416860282045787,0.01293413118856742
1007000,132.86805555555554,-0.008275512637590264,-0.008275512637590268,-0.004172839142212629,0.01046098754048622
1007500,132.93402777777777,-0.007552765841230133,-0.0075527658412301284,0.003953283970875327,0.014123869613594364
1008000,133.0,-0.006678830992389447,-0.006678830992389447,0.002998236617262884,0.012011722056020448
1008500,133.06597222222223,-0.007424844745444024,-0.007424844745444019,-0.00020502945722465635,0.013620812672798232
1009000,133.13194444444446,-0.005569880160610544,-0.005569880160610545,-0.0012899433088506156,0.013757530111909888
1009500,133.19791666666669,-0.008624589486328191,-0.008624589486328195,0.002581139465263558,0.010284425109006732
1010000,133.26388888888889,-0.006203662827293517,-0.006203662827293508,-0.0013863962452187923,0.011525198142549733
1010500,133.32986111111111,-0.004205151178657136,-0.00420515117865713,-0.0015068596052616578,0.00949014665746855
1011000,133.39583333333334,-0.005630207441819744,-0.005630207441819746,-0.0012491493840419028,0.011199383004644969
1011500,133.46180555555554,-0.002109591818401076,-0.0021095918184010796,0.002613733410116963,0.012020560464411413
1012000,133.52777777777777,-0.007399292437404575,-0.007399292437404568,0.00310038572717907,0.011440932048017587
1012500,133.59375,-0.008307093699835354,-0.008307093699835347,0.002640900178206568,0.01111561958828304
1013000,133.65972222222223,-0.0051163788372687235,-0.005116378837268716,-0.0008300930898452656,0.011254224636394678
1013500,133.72569444444446,-0.005399713027148705,-0.005399713027148706,-0.002323246394444759,0.009740056922920699
1014000,133.79166666666669,-0.006513181813214195,-0.006513181813214191,0.0018354340094349384,0.013186223598341614
1014500,133.85763888888889,-0.0055817102929880845,-0.005581710292988087,0.004761645627054827,0.014198607954182665
1015000,133.92361111111111,-0.004277837959102452,-0.004277837959102442,-0.0005832602855171097,0.013044182162536793
1015500,133.98958333333334,-0.0040756576804204326,-0.004075657680420436,0.001666876504039916,0.010407862791564679
1016000,134.05555555555554,-0.002146687006751847,-0.0021466870067518556,-0.0013025833214901723,0.014279841335001493
1016500,134.12152777777777,-0.0017737361386254227,-0.0017737361386254227,-0.0019232930803358495,0.015640763835655127
1017000,134.1875,-0.0025677609895664124,-0.002567760989566413,-0.002599667548114281,0.010228961610044416
1017500,134.25347222222223,-0.0014981677190492846,-0.001498167719049283,3.3908081751654946e-05,0.012716669542692181
1018000,134.31944444444446,-0.0023334946665446517,-0.00233349466654465,0.0020892087318910004,0.009530629054698108
1018500,134.38541666666669,-0.003807391006124988,-0.003807391006124989,-0.0032282408732189354,0.00786444034947991
1019000,134.45138888888889,-0.007324944878906321,-0.007324944878906308,0.0010061022648243227,0.014854868747891476
1019500,134.51736111111111,-0.00779004076069818,-0.007790040760698171,0.0015284228664668971,0.014012222653876935
1020000,134.58333333333334,-0.009101365831021712,-0.00910136583102171,-0.0016831617789175083,0.016326072577069656
1020500,134.64930555555554,-0.005847135796572594,-0.005847135796572598,0.0020044923194596997,0.014595493540924567
1021000,134.71527777777777,-0.0018931388908000083,-0.0018931388908000053,-0.000575646611558722,0.008981222065864181
1021500,134.78125,-0.0031389501564174447,-0.0031389501564174477,0.003434906460563947,0.012467867994665531
1022000,134.84722222222223,-0.004830181494749553,-0.004830181494749553,0.0035143305964355966,0.012925083876347802
1022500,134.91319444444446,-0.0056088249979206395,-0.005608824997920633,-0.0008369732429054833,0.012472898278537098
1023000,134.97916666666669,-0.0039762701036075735,-0.003976270103607572,0.003667173013801004,0.012553774177680384
1023500,135.04513888888889,-0.00548563760407069,-0.005485637604070684,0.0021321377116623884,0.012908464907868691
1024000,135.11111111111111,-0.0024294192090739053,-0.0024294192090738983,0.0013319495635254895,0.010867327163948871
1024500,135.17708333333334,-0.00790029222952499,-0.007900292229525003,0.0006528245803560877,0.013121894610102578
1025000,135.24305555555554,-0.00578104482685949,-0.005781044826859484,-0.003884558240927076,0.00861760922316188
1025500,135.30902777777777,-0.003463063940217998,-0.0034630639402179956,0.0018807085327049201,0.011902418337430477
1026000,135.375,-0.007684968604575238,-0.007684968604575238,0.001483780094835766,0.010872014150003545
1026500,135.44097222222223,-0.006412548589013786,-0.0064125485890137715,-0.0017813577590639243,0.01278403959919923
1027000,135.50694444444446,-0.008811887482946118,-0.008811887482946148,0.001120314940734312,0.012847184045097548
1027500,135.57291666666669,-0.005537141775427251,-0.00553714177542725,-0.0025667439225630774,0.012282299932432038
1028000,135.63888888888889,-0.0051093587861401205,-0.005109358786140122,-2.4455231227272324e-05,0.010962095493870165
1028500,135.70486111111111,-0.003045112152600755,-0.0030451121526007523,3.4113992321767e-05,0.012520100506909673
1029000,135.77083333333334,-0.004482125844064165,-0.004482125844064168,0.0046957826197239465,0.009260249851510237
1029500,135.83680555555554,-0.0023137210231794795,-0.0023137210231794795,-0.00011618076089378281,0.007927369689546743
1030000,135.90277777777777,-0.004099504585563953,-0.004099504585563951,-0.0006784688186537858,0.009029952137567335
1030500,135.96875,-0.0023485924652904633,-0.0023485924652904655,-0.0011896659724791752,0.010450461025987567
1031000,136.03472222222223,1.2142840277172443e-05,1.2142840277173435e-05,0.0006302629743872536,0.007963742437152853
1031500,136.10069444444446,-0.0019177794915930255,-0.0019177794915930296,0.0019431898521133175,0.010894663423084474
1032000,136.16666666666669,-0.0021535361871275445,-0.0021535361871275506,0.0018702599483855825,0.008986417090025307
1032500,136.23263888888889,-0.0011354812117307066,-0.0011354812117307079,-0.00025004950167063447,0.0154436567383306
1033000,136.29861111111111,-0.004448040827252777,-0.004448040827252778,-0.0030121076051102245,0.011055731954104796
1033500,136.36458333333334,-0.0006299132552923484,-0.0006299132552923493,-0.00012002304556092457,0.00725747661381272
1034000,136.43055555555554,-0.002212632941447259,-0.0022126329414472543,0.002812144901517854,0.007952479999892615
1034500,136.49652777777777,-0.0021675196712199088,-0.0021675196712199088,0.0032967880488927012,0.008767702542058265
1035000,136.5625,-0.00031137408322802793,-0.00031137408322802745,-0.0002779062667800605,0.012304241688001911
1035500,136.62847222222223,-0.0004724679186593756,-0.00047246791865937477,0.0002836736948431496,0.008854937257449413
1036000,136.69444444444446,-0.0049497897582018845,-0.00494978975820188,0.0012133838845322343,0.007286897482060924
1036500,136.76041666666669,-0.000915211505492543,-0.0009152115054925443,-0.0020055230768195364,0.014193369496456667
1037000,136.82638888888889,-0.0015609433601401798,-0.0015609433601401772,0.0023854968365708672,0.01131944938558734
1037500,136.89236111111111,-0.0026641986572344344,-0.0026641986572344366,0.002335850231412921,0.0093252830229659
1038000,136.95833333333334,-0.0010511921464883725,-0.0010511921464883725,-0.0025106975339114364,0.008616067230212998
1038500,137.02430555555554,-0.0016466918690445412,-0.0016466918690445401,-0.0006984874920746444,0.010574111082192849
1039000,137.09027777777777,-0.0025432728637295875,-0.0025432728637295845,-0.0015070677391624528,0.005647185211140893
1039500,137.15625,-0.0030745795835073887,-0.003074579583507388,-0.0014755378491762914,0.0125539870384463
1040000,137.22222222222223,-0.0025504922149507383,-0.00255049221495074,0.0048500103903217065,0.011067736436025388
1040500,137.28819444444446,-0.001554396087837187,-0.001554396087837189,0.002477444291603871,0.008416121311922622
1041000,137.35416666666669,-0.0005197941247845436,-0.000519794124784541,-0.0028974811765444847,0.009936357454122703
1041500,137.42013888888889,-0.0012224875136386318,-0.0012224875136386379,-0.0035943104660119706,0.010622046978023433
1042000,137.48611111111111,-0.003868479770191664,-0.003868479770191663,-0.0037409783953013423,0.01188313845095835
1042500,137.55208333333334,-0.0036792999919497767,-0.0036792999919497754,0.0026133399959470246,0.012086335538388534
1043000,137.61805555555554,-0.0019854012180656492,-0.0019854012180656484,-0.0005207272811137122,0.011437963667777457
1043500,137.68402777777777,-0.004182984503343746,-0.004182984503343763,-0.002098309453902384,0.00851610680581171
1044000,137.75,-0.0026468688278712444,-0.002646868827871243,0.0036247042876448605,0.00681514440775249
1044500,137.81597222222223,-0.0022529273135463612,-0.0022529273135463543,0.003114648292631444,0.009543153605487624
1045000,137.88194444444446,-0.0028384230135238423,-0.002838423013523839,0.0034263046799931224,0.010604580866173274
1045500,137.94791666666669,-0.001679556873473248,-0.001679556873473254,0.0026960161391925337,0.008749452835687328
1046000,138.01388888888889,-0.004741850762261843,-0.004741850762261839,-0.0008183138078840356,0.013114869723693882
1046500,138.07986111111111,-0.0043927708752953334,-0.00439277087529533,0.0011275983191502649,0.01330011637233292
1047000,138.14583333333334,-0.00048012192976068264,-0.00048012192976068236,-0.0022664052842948255,0.007402513335932735
1047500,138.21180555555554,-0.0007716741851416398,-0.0007716741851416373,0.0014070219518010315,0.009656340443837935
1048000,138.27777777777777,-0.0015200651450167986,-0.0015200651450167977,9.993675531926513e-06,0.008778902856795931
1048500,138.34375,-0.0017578585849347156,-0.0017578585849347178,0.0030120621985015453,0.011862917686320008
1049000,138.40972222222223,0.0021375698168899023,0.0021375698168898992,-0.0027597214971326824,0.012442662902289745
1049500,138.47569444444446,0.0005640350852619773,0.0005640350852619762,-0.00018910982922947135,0.009892300403866525
1050000,138.54166666666669,0.0006926722803323548,0.0006926722803323515,-0.0011522845569318966,0.009650568336362852
1050500,138.60763888888889,8.314792878319552e-05,8.314792878319689e-05,0.004140951212743451,0.010459032958865418
1051000,138.67361111111111,-0.0003801064323784065,-0.0003801064323784031,0.00021626255926499382,0.010928003254822434
1051500,138.73958333333334,-0.002247633609717043,-0.0022476336097170405,0.0028543967093139417,0.010349912240367524
1052000,138.80555555555554,-0.0027610904885098683,-0.0027610904885098696,0.0018336707876826675,0.008009025619534836
1052500,138.87152777777777,-0.0024218740114871564,-0.0024218740114871503,0.0034504807224948995,0.010442834825568131
1053000,138.9375,-0.0012964150416722865,-0.0012964150416722895,0.0006395744651813536,0.01024049592778479
1053500,139.00347222222223,0.0014820112048032593,0.0014820112048032578,-0.0009846933056127775,0.011182748340752991
1054000,139.06944444444446,0.002707519627386823,0.0027075196273868203,-0.005148083792693335,0.007256641850670635
1054500,139.13541666666669,-0.0003480277250274738,-0.00034802772502747257,0.0004999400033152898,0.008161616459879043
1055000,139.20138888888889,0.0013867312642742878,0.0013867312642742904,-0.0012861421367351418,0.010230824131925177
1055500,139.26736111111111,0.004991347303723289,0.004991347303723287,-0.0009788941389736057,0.009140006629777984
1056000,139.33333333333334,0.004806167174356572,0.004806167174356567,0.004409881564648101,0.009959394594967917
1056500,139.39930555555554,0.0014802991111242036,0.0014802991111242023,-0.0003495685882535624,0.010885863827988715
1057000,139.46527777777777,0.0016616468939680163,0.0016616468939680197,-0.001763200748101276,0.011284357295652525
1057500,139.53125,-0.00019765022588027003,-0.0001976502258802715,-0.0037539643939704694,0.010660524559118069
1058000,139.59722222222223,0.0028993156238418527,0.0028993156238418514,-0.0007110116594696798,0.00656877266214802
1058500,139.66319444444446,0.0014116261678568396,0.001411626167856838,0.00012083469252403596,0.007641648264332175
1059000,139.72916666666669,0.0030454559969299803,0.003045455996929981,-0.003274013513671715,0.010056781970190155
1059500,139.79513888888889,0.00153185304025184,0.0015318530402518367,-0.000463363888704882,0.009028079502458099
1060000,139.86111111111111,0.0053615455936840955,0.005361545593684095,-0.0014812681915054057,0.011554533074925731
1060500,139.92708333333334,0.002307328668348659,0.0023073286683486624,-0.001965340486907172,0.006595813140801327
1061000,139.99305555555554,0.0034021890624416503,0.0034021890624416503,0.004407416046275011,0.005667421655971087
1061500,140.05902777777777,0.005133688855867567,0.005133688855867566,-0.003017632335594183,0.0125316907954269
1062000,140.125,0.002829422486399906,0.002829422486399896,-0.0017650483332668863,0.010906070414703602
1062500,140.19097222222223,0.0022003048654812385,0.00220030486548124,-0.0032995441827104134,0.008975521559253534
1063000,140.25694444444446,0.0008579415044941049,0.0008579415044941067,-0.0008098023282029187,0.008484506047877944
1063500,140.32291666666669,0.004312053573789099,0.004312053573789098,0.004372523349619678,0.00939880391582741
1064000,140.38888888888889,0.0005156008829908875,0.0005156008829908849,0.003701534662072555,0.00749756200199838
1064500,140.45486111111111,0.005010452468441284,0.005010452468441286,-0.0002920539117112539,0.012212515351520629
1065000,140.52083333333334,0.0021953559320605437,0.0021953559320605385,-0.000987674035478883,0.00718540641531994
1065500,140.58680555555554,0.005599814787660714,0.005599814787660715,-0.000503410296871001,0.010905562325155145
1066000,140.65277777777777,0.005198335917428726,0.005198335917428726,-0.0016599292678116525,0.008001767254222674
1066500,140.71875,0.002858481520922618,0.002858481520922618,-0.004245891048077453,0.00845994744905666
1067000,140.78472222222223,0.0039158439478425575,0.003915843947842552,0.0014463752851716703,0.010576995623543722
1067500,140.85069444444446,0.005446663430040368,0.005446663430040372,-0.0011729010276499256,0.0068674325545789216
1068000,140.91666666666669,0.006516988657655121,0.0065169886576551175,-0.0028941301607049532,0.006853280984891897
1068500,140.98263888888889,0.0076514071136153765,0.007651407113615383,0.0008277697983978577,0.00597001948243001
1069000,141.04861111111111,0.003426924126164112,0.0034269241261641234,0.0006161794254742299,0.006604906851493737
1069500,141.11458333333334,0.0042953582451947265,0.004295358245194735,0.0010701346375574638,0.0052612441677763674
1070000,141.18055555555557,0.008062642092048301,0.008062642092048293,0.0008557067597784817,0.010189487545901493
1070500,141.24652777777777,0.006068820981704713,0.0060688209817047105,-0.0007718216082754069,0.006720336469935214
1071000,141.3125,0.008962868255328736,0.008962868255328757,0.001940445138249031,0.00456402180916671
1071500,141.37847222222223,0.004820914549372548,0.004820914549372548,-0.0003688163278142998,0.008540283378991813
1072000,141.44444444444446,0.0066911983392185835,0.0066911983392185835,0.002103628808843755,0.00630737246890271
1072500,141.51041666666669,0.0030890261028389907,0.0030890261028389903,0.003756513600760047,0.010156517027565462
1073000,141.57638888888889,0.008971644566516591,0.00897164456651659,0.00134089784131994,0.0037655919432528213
1073500,141.64236111111111,0.006908633622862645,0.006908633622862654,-0.00044426450008872275,0.00444360219084438
1074000,141.70833333333334,0.00704099317909736,0.0070409931790973565,0.000370613813787535,0.006082332475658264
1074500,141.77430555555557,0.004308583674752126,0.004308583674752134,-0.0013223574029121916,0.009510568513523042
1075000,141.84027777777777,0.006519148844379011,0.006519148844379011,-0.0006338387356718469,0.009217682542412434
1075500,141.90625,0.007186092392356165,0.00718609239235616,0.0010912268563048355,0.007865616674053017
1076000,141.97222222222223,0.007674248012731228,0.007674248012731227,-0.0009168321816291759,0.005227717634375176
1076500,142.03819444444446,0.007088040443579291,0.007088040443579299,0.003382794399355528,0.00874664444367841
1077000,142.10416666666669,0.00815216565224031,0.008152165652240315,-0.0027062780761778317,0.005693575215535386
1077500,142.17013888888889,0.0065297230449160365,0.006529723044916031,-0.0009349516972662717,0.007070846577254744
1078000,142.23611111111111,0.0050447689490337256,0.005044768949033723,0.0009486068203310976,0.0071035521398043165
1078500,142.30208333333334,0.004621592876497152,0.004621592876497148,0.00046276483480001243,0.008070713346584456
1079000,142.36805555555557,0.006018224010021347,0.006018224010021352,0.0011762422925071507,0.007396918242626884
1079500,142.43402777777777,0.004701929410148559,0.004701929410148562,-0.0022046255282784067,0.008373924179901236
1080000,142.5,0.011495280792940215,0.011495280792940205,0.0007009580755345396,0.007289938381567375
1080500,142.56597222222223,0.006717064380035016,0.006717064380035015,-0.0005440557423946459,0.004812212099562993
1081000,142.63194444444446,0.008319558113542156,0.008319558113542165,0.0032722374158640146,0.006557880610451765
1081500,142.69791666666669,0.005000588566268928,0.005000588566268931,0.002305689772245104,0.008777958728801903
1082000,142.76388888888889,0.0065692940900775225,0.006569294090077529,-0.002179326710104781,0.006644571621575675
1082500,142.82986111111111,0.008513993333710362,0.008513993333710359,-0.0013974424580286216,0.011152404985740582
1083000,142.89583333333334,0.010650595445883138,0.010650595445883131,0.0024805982345603625,0.005583697312002239
1083500,142.96180555555557,0.010623013908131996,0.010623013908131987,0.0005601685777847184,0.005400893763749811
1084000,143.02777777777777,0.006356251407714337,0.006356251407714326,0.0037235946707436804,0.007574568322085244
1084500,143.09375,0.009903793615987233,0.009903793615987233,0.003076512518635686,0.009091593299773675
1085000,143.15972222222223,0.009985132437243686,0.009985132437243685,0.0010654572962782724,0.006754538123446999
1085500,143.22569444444446,0.00928491755845911,0.00928491755845911,0.0016685083690966282,0.007482858417323792
1086000,143.29166666666669,0.0057455111682677435,0.005745511168267734,-0.00012030419971859749,0.002935403124888015
1086500,143.35763888888889,0.008087225316906048,0.008087225316906047,-0.0011454943604158497,0.008044882949046095
1087000,143.42361111111111,0.004741882008796405,0.004741882008796406,0.0006070286928576043,0.006346466706450427
1087500,143.48958333333334,0.007826802085584316,0.00782680208558432,-0.0009917232469461394,0.008278381341062188
1088000,143.55555555555557,0.009149639553611656,0.009149639553611656,-0.0017184032044859304,0.006505920178899315
1088500,143.62152777777777,0.009631262517311763,0.009631262517311785,0.0023291798277961626,0.008769289150249106
1089000,143.6875,0.009269650046274737,0.009269650046274761,0.00039281160018309096,0.010503268579540634
1089500,143.75347222222223,0.011295866000750308,0.01129586600075033,-0.0037505677073970834,0.007330684779955558
1090000,143.81944444444446,0.008369208058007544,0.008369208058007536,0.000880837649506647,0.0053038754207626135
1090500,143.88541666666669,0.009267594356275057,0.00926759435627506,0.0014703677721591057,0.00809465016022985
1091000,143.95138888888889,0.010892194436890835,0.010892194436890837,0.003168715531292272,0.004386592442891594
1091500,144.01736111111111,0.010007025897535864,0.010007025897535875,0.0025726151515884327,0.0066072930050278976
1092000,144.08333333333334,0.00803159669950983,0.008031596699509825,0.0016664297732602844,0.005045185294414234
1092500,144.14930555555557,0.007174107730004141,0.007174107730004142,-0.004897040095022546,0.006332419666259591
1093000,144.21527777777777,0.006747311504694767,0.006747311504694757,0.0023077726824145264,0.005018170775843383
1093500,144.28125,0.00929841364225399,0.00929841364225399,-0.002554379344482447,0.008505982308071095
1094000,144.34722222222223,0.008633080801850308,0.008633080801850317,0.0015347335806914766,0.008838795083681163
1094500,144.41319444444446,0.011887593873069303,0.011887593873069324,0.0007561569567254594,0.0028359629305329845
1095000,144.47916666666669,0.011786385957605108,0.01178638595760509,-0.0014107806092191547,0.0071203672308385
1095500,144.54513888888889,0.009820442606623217,0.009820442606623231,0.0001612110697181721,0.0050014773054633645
1096000,144.61111111111111,0.010643501020145905,0.010643501020145912,0.0020745927749319585,0.0051371394711130685
1096500,144.67708333333334,0.009225165272819297,0.009225165272819283,-0.003091376285392988,0.01145408967296884
1097000,144.74305555555557,0.009851058697960912,0.009851058697960907,-0.00028089651539072255,0.006495597556961642
1097500,144.80902777777777,0.007344255515233961,0.00734425551523396,-0.0011592540820618555,0.007422559415656886
1098000,144.875,0.00848797608866222,0.008487976088662214,-0.0003942479940299881,0.008492060589728576
1098500,144.94097222222223,0.009286844803268362,0.009286844803268371,0.0027625815705404812,0.007540391310285548
1099000,145.00694444444446,0.00861541729282297,0.008615417292822962,0.0031158401139243274,0.007889410816296618
1099500,145.07291666666669,0.008199219132494068,0.008199219132494072,-0.002097279848617511,0.008203257608906596
1100000,145.13888888888889,0.010021323653532942,0.010021323653532933,0.00278849947607339,0.006781644351377508
1100500,145.20486111111111,0.00667029949527865,0.006670299495278654,-0.0020007746959818987,0.00901589925856935
1101000,145.27083333333334,0.008136264486789767,0.008136264486789767,0.0013116378252395096,0.0059746453422822145
1101500,145.33680555555557,0.0077658154611580455,0.007765815461158034,0.0011892017073453906,0.004042614163606811
1102000,145.40277777777777,0.00896244666075721,0.00896244666075721,0.0006077810389570749,0.005197667171902313
1102500,145.46875,0.011244880808952844,0.011244880808952841,-0.0004015349147335605,0.00649619548795963
1103000,145.53472222222223,0.009260588013762196,0.009260588013762188,0.00012737093894612015,0.00492170303037396
1103500,145.60069444444446,0.011319104879727116,0.011319104879727126,-0.002633356963685773,0.003942083027391059
1104000,145.66666666666669,0.012808553861615926,0.012808553861615932,0.00019119437570229095,0.007474142903627546
1104500,145.73263888888889,0.010784962286590621,0.010784962286590625,0.0012696518032663808,0.005707740158180118
1105000,145.79861111111111,0.011069699592146088,0.011069699592146086,0.0018436541969966249,0.009506844792154743
1105500,145.86458333333334,0.011346346366654422,0.011346346366654422,0.0016856492163293696,0.005113974776125726
1106000,145.93055555555557,0.011100892762303945,0.01110089276230394,-0.002656929747038242,0.006644510583818925
1106500,145.99652777777777,0.009123445214513835,0.009123445214513831,-0.0011011161775634853,0.006655953084817243
1107000,146.0625,0.01002933412248155,0.010029334122481552,0.0008298882984216739,0.0018846021236881704
1107500,146.12847222222223,0.011942569716058943,0.011942569716058947,0.001944395189585157,0.002436832381272495
1108000,146.19444444444446,0.009746502573855353,0.009746502573855353,0.0033212507814450705,0.0041849137571286135
1108500,146.26041666666669,0.009954838601120886,0.009954838601120893,8.383814399302958e-05,0.006610510069513965
1109000,146.32638888888889,0.012563735261770143,0.012563735261770142,-0.002407716766266512,0.006187119820351792
1109500,146.39236111111111,0.012079323162303831,0.012079323162303817,-0.0011507681475751118,0.0070544378476188165
1110000,146.45833333333334,0.010980225168200448,0.010980225168200429,-0.00014208759148862218,0.004926722423297526
1110500,146.52430555555557,0.006998829974334094,0.006998829974334097,-0.0031166777204228386,0.006991909761698431
1111000,146.59027777777777,0.012352526136557223,0.012352526136557225,5.37567282191037e-05,0.007899784351256028
1111500,146.65625,0.0096173299442026,0.009617329944202604,0.00048768242651597176,0.005246895311909
1112000,146.72222222222223,0.009890283024517693,0.009890283024517693,0.0006015905288127357,0.0043215584710173584
1112500,146.78819444444446,0.010532534475234204,0.010532534475234227,0.0012100443159910785,0.007849890366354422
1113000,146.85416666666669,0.010911697934170916,0.010911697934170916,3.0220725292171827e-05,0.008900164693148464
1113500,146.92013888888889,0.013608420038529424,0.013608420038529427,-0.0007229659095584894,0.005681169981555504
1114000,146.98611111111111,0.011936850163937616,0.011936850163937616,-0.0020953984596566505,0.005976792840660893
1114500,147.05208333333334,0.010050251212869973,0.010050251212869966,-0.00043633652372232696,0.005585080252723272
1115000,147.11805555555557,0.009881306302243426,0.009881306302243424,0.0031671612194533326,0.006110782869815939
1115500,147.18402777777777,0.010440405508232095,0.010440405508232102,0.001908693903582347,0.005702141351371285
1116000,147.25,0.01290816955679397,0.012908169556793978,-0.0020935797346506727,0.005518631046346751
1116500,147.31597222222223,0.011751149418170303,0.011751149418170305,0.003432838167294536,0.007918807971299329
1117000,147.38194444444446,0.012986451104012949,0.012986451104012947,-0.00014011919963917497,0.004201355720336849
1117500,147.44791666666669,0.015118024575785862,0.015118024575785859,-0.0004547431233269375,0.008247387738193468
1118000,147.51388888888889,0.012456102162352078,0.012456102162352076,-0.0019763732009276287,0.003182517231690506
1118500,147.57986111111111,0.010398186409484362,0.010398186409484362,-0.001293493097628543,0.002582978302097625
1119000,147.64583333333334,0.011384275211880823,0.011384275211880825,0.006413637434365545,0.005440501783052458
1119500,147.71180555555557,0.009957004138492213,0.009957004138492235,-0.0026899117088875625,0.006583384044164243
1120000,147.77777777777777,0.009864033532615982,0.009864033532615986,-0.0010812943020040247,0.004769098180585083
1120500,147.84375,0.014855544143425221,0.014855544143425237,0.004321525117025233,0.004365698354037938
1121000,147.90972222222223,0.010586290323201476,0.010586290323201497,-0.004197608104613409,0.007208818920442487
1121500,147.97569444444446,0.008708914013637083,0.008708914013637102,0.0005039313819121822,0.0038800267235741845
1122000,148.04166666666669,0.011770630413257809,0.011770630413257807,0.0001564678393874738,0.006109766863403373
1122500,148.10763888888889,0.011235170594891635,0.011235170594891635,0.0009716554401162837,0.002710556646193072
1123000,148.17361111111111,0.010532123950386179,0.010532123950386182,-0.0033369771236996183,0.005183833065471826
1123500,148.23958333333334,0.01384535675753199,0.013845356757532002,-0.0001116320324416332,0.006451514746556808
1124000,148.30555555555557,0.010556042353146373,0.010556042353146384,-0.0030140422999485115,0.008133834208548284
1124500,148.37152777777777,0.011012447292934806,0.011012447292934806,-0.0005942151501866421,0.004828047549247654
1125000,148.4375,0.011399392049991727,0.011399392049991727,0.0028183448187618474,0.00650149919809095
1125500,148.50347222222223,0.013482186481322172,0.013482186481322175,-0.0016667149024329347,0.005327490564495663
1126000,148.56944444444446,0.008898069403829225,0.008898069403829222,0.0005157232608325522,0.0047695084628955565
1126500,148.63541666666669,0.011231162391292815,0.011231162391292827,-0.0025186534917377053,0.00365932955195324
1127000,148.70138888888889,0.014166794563571073,0.014166794563571066,-0.0013741836673416418,0.007491333797287708
1127500,148.76736111111111,0.012566442342060224,0.012566442342060233,0.0010705897733954597,0.004581958911780991
1128000,148.83333333333334,0.012796747866219899,0.0127967478662199,-0.004621881224397535,0.004489516099539763
1128500,148.89930555555557,0.011809927549974267,0.011809927549974262,0.00020849872237936135,0.004450228416547891
1129000,148.96527777777777,0.01546462794173277,0.0154646279417328,-0.00028866651387735964,0.002334988099647758
1129500,149.03125,0.008546258973395573,0.008546258973395573,-0.0005136235494847523,0.005344340067086154
1130000,149.09722222222223,0.009663070871362615,0.009663070871362617,0.00020910327882585065,0.005223759237407341
1130500,149.16319444444446,0.013114326865267025,0.013114326865267027,0.0010384737174568516,0.006468486267008606
1131000,149.22916666666669,0.009482885783411077,0.009482885783411067,0.0008880461613369587,0.004526229468232365
1131500,149.29513888888889,0.013882044482836512,0.013882044482836507,0.0012612323200672819,0.005349398209410107
1132000,149.36111111111111,0.014010693226990428,0.01401069322699043,0.00042989368071584056,0.005329689948424077
1132500,149.42708333333334,0.010459055389745122,0.010459055389745113,0.003692895633660851,0.00664229176600642
1133000,149.49305555555557,0.011388655560804699,0.011388655560804694,-0.0007228657061870874,0.005723506847407604
1133500,149.55902777777777,0.013890602617642136,0.013890602617642151,-0.002848228146858507,0.0055740253275475765
1134000,149.625,0.008303531193527532,0.008303531193527534,0.0019487023154298253,0.004723377797866132
1134500,149.69097222222223,0.010505559198878116,0.010505559198878116,-0.002200098557225474,0.003042345999434281
1135000,149.75694444444446,0.013347919520015968,0.013347919520015966,0.00038095894605408537,0.006256114346869501
1135500,149.82291666666669,0.012395604925635835,0.012395604925635842,-0.0015797316898242095,0.006930483388789031
1136000,149.88888888888889,0.010750335614172261,0.010750335614172272,-2.8884828225233716e-05,0.004719604598488796
1136500,149.95486111111111,0.013624554871133126,0.013624554871133112,0.0024703006287753937,0.004297820410984375
1137000,150.02083333333334,0.01363678651325115,0.013636786513251146,0.0010879851157882246,0.005664671819413221
1137500,150.08680555555557,0.013906390208053692,0.01390639020805368,-0.0015650553242588677,0.006445797722406929
1138000,150.15277777777777,0.012833653104179207,0.012833653104179206,0.002107376306566507,0.00376998005072382
1138500,150.21875,0.009838865065157545,0.009838865065157541,-0.00167550300850272,0.002525827243890328
1139000,150.28472222222223,0.015178446798494017,0.01517844679849402,-0.0015615069393944334,0.006440424167494134
1139500,150.35069444444446,0.015326879641807501,0.015326879641807479,-8.560685484233875e-05,0.0013868669543592833
1140000,150.41666666666669,0.016659124855351898,0.016659124855351905,0.0007192532717665889,0.004045529617642288
1140500,150.48263888888889,0.015089097872482655,0.01508909787248266,-0.0039486096530363295,0.006171538315217096
1141000,150.54861111111111,0.015641072260285792,0.015641072260285792,-0.0017159260732895198,0.007168877282444168
1141500,150.61458333333334,0.015504995853559736,0.015504995853559703,0.0017777513554337694,0.0059849002790497065
1142000,150.68055555555557,0.0178832412899647,0.017883241289964713,0.0025634045591348717,0.007826074136348112
1142500,150.74652777777777,0.015304171839603236,0.015304171839603241,-0.004346044137272886,0.003552507286234101
1143000,150.8125,0.015953379925548867,0.015953379925548863,-0.0015702340510455898,0.006019069594487325
1143500,150.87847222222223,0.016618545518347558,0.016618545518347547,-0.0007878843425605678,0.005820927544744806
1144000,150.94444444444446,0.017837522206685285,0.01783752220668527,-0.0020189733224253116,0.006189597557457663
1144500,151.01041666666669,0.017436834721419246,0.01743683472141924,-0.0012131084170771546,0.006762925383110436
1145000,151.07638888888889,0.01789000091109462,0.01789000091109463,0.0023030995892110136,0.008321295183509004
1145500,151.14236111111111,0.01508695074205672,0.01508695074205672,0.0026612044473670734,0.0004632417295478518
1146000,151.20833333333334,0.01567021502399559,0.015670215023995588,0.0028231307651056933,0.006906205224726783
1146500,151.27430555555557,0.014906087393791064,0.014906087393791057,0.0021360937137260235,0.004961289915100109
1147000,151.34027777777777,0.014342539772038969,0.014342539772038986,0.0003028567492282296,0.0031747259678959663
1147500,151.40625,0.014434682269626634,0.014434682269626584,-0.0030238452446148074,0.0034852021383565608
1148000,151.47222222222223,0.015988334131865536,0.015988334131865543,0.0013089290930151374,0.0050125976450338975
1148500,151.53819444444446,0.01680950420323185,0.01680950420323187,0.0029283431405391484,0.004395109273848033
1149000,151.60416666666669,0.018866821157913046,0.018866821157913046,-0.0001848085343562225,0.008396509774447244
1149500,151.67013888888889,0.016018261631285505,0.016018261631285505,-0.001172198320664912,0.004463925093961086
1150000,151.73611111111111,0.016185724348533465,0.016185724348533444,0.0032457240657346588,0.005000747995263234
1150500,151.80208333333334,0.01915551239678575,0.01915551239678574,-0.001554869107861312,0.007696316637805782
1151000,151.86805555555557,0.014369016988733675,0.01436901698873369,-0.0002957355664145985,0.0006361697035177131
1151500,151.93402777777777,0.017738523358708777,0.01773852335870877,-0.0012908706418616111,0.003527187775778673
1152000,152.0,0.01551680516940486,0.01551680516940486,-5.166491472963297e-05,0.007254621180333464
1152500,152.06597222222223,0.020961611585605094,0.020961611585605108,0.0002478607155541686,0.0036506382239877397
1153000,152.13194444444446,0.020058645649089633,0.02005864564908964,0.000878834848584159,0.005100802388424102
1153500,152.19791666666669,0.016745953623689185,0.016745953623689188,0.00493958987095184,0.004033214119206454
1154000,152.26388888888889,0.01745682924494686,0.01745682924494686,-0.005357141139109592,0.00597590116095321
1154500,152.32986111111111,0.017199149401773518,0.01719914940177354,0.000866161679466044,0.004119130345034104
1155000,152.39583333333334,0.016560333693389197,0.016560333693389193,-0.002830118004927071,0.004456542463337769
1155500,152.46180555555557,0.01775727097512156,0.017757270975121562,0.003843547261133016,0.004072854402191037
1156000,152.52777777777777,0.01749033554704948,0.01749033554704949,0.003114309681091088,0.0033504981621410488
1156500,152.59375,0.01656895265766486,0.016568952657664848,-0.0019439689841868276,0.0050965434912893
1157000,152.65972222222223,0.01627344081784672,0.01627344081784669,0.0018163297615123508,0.0029672585368132305
1157500,152.72569444444446,0.018063027188596537,0.018063027188596537,-0.005765170923325236,0.007362318313027597
1158000,152.79166666666669,0.018380652982737576,0.018380652982737583,0.0010648962542533437,0.00505708896401103
1158500,152.85763888888889,0.018980792832142553,0.018980792832142566,0.002548597910505053,0.005283438709769529
1159000,152.92361111111111,0.018073853554299482,0.018073853554299472,-6.624841446300987e-05,0.002236282307720221
1159500,152.98958333333334,0.015990837102073056,0.01599083710207305,-0.0024869942171926104,0.0031381848240277475
1160000,153.05555555555557,0.015165859695113502,0.01516585969511352,0.0015299277274582132,0.004260584928951841
1160500,153.12152777777777,0.02044560395297133,0.020445603952971327,0.0002837863580115109,0.004320717507682614
1161000,153.1875,0.018753056046132907,0.018753056046132914,-0.0020474581988689927,0.004281568297787214
1161500,153.25347222222223,0.020346340969995293,0.02034634096999528,-0.0020632989963923366,0.004511985043981522
1162000,153.31944444444446,0.01697310718544171,0.0169731071854417,-0.002209053901547312,0.00551403197732003
1162500,153.38541666666669,0.019839011899409526,0.019839011899409533,0.00022655532792887037,0.003713577490042381
1163000,153.45138888888889,0.020759101054903396,0.02075910105490336,0.0010703975517680471,0.006164273467118394
1163500,153.51736111111111,0.02305491870508768,0.023054918705087683,-0.0007520164112345931,0.004174344290274202
1164000,153.58333333333334,0.018254784711508196,0.018254784711508203,-0.0013434162718637603,0.0034767076308670473
1164500,153.64930555555557,0.02025907304403564,0.02025907304403563,-0.0016312625089903883,0.004941065724654653
1165000,153.71527777777777,0.022094958755884485,0.022094958755884478,-0.002307628619533009,0.005014581795953109
1165500,153.78125,0.01737099816757802,0.017370998167577985,0.0022904473167122243,0.003544774321158916
1166000,153.84722222222223,0.019739278868684988,0.019739278868684988,-0.0005341317533916346,0.005316389245554028
1166500,153.91319444444446,0.018499186113591543,0.018499186113591554,0.004938991267451294,0.003014515736170735
1167000,153.97916666666669,0.023156577153125205,0.02315657715312518,0.0005296567091872635,0.008119881021011452
1167500,154.04513888888889,0.02008888201339705,0.020088882013397022,-0.0015156943193092758,0.007260037143786724
1168000,154.11111111111111,0.021749437977092934,0.021749437977092907,0.0005730338227617821,0.002997857245001423
1168500,154.17708333333334,0.01908551571187617,0.01908551571187618,0.0011212187234636705,0.002265194384064978
1169000,154.24305555555557,0.020332626908173328,0.020332626908173324,-0.0031678031769473342,0.006317747715350974
1169500,154.30902777777777,0.018370139838548526,0.018370139838548516,-0.0006516226170724338,0.0045193761794455
1170000,154.375,0.020573864922711675,0.020573864922711682,-0.0004952074786983328,0.0017635503777243468
1170500,154.44097222222223,0.020254936868019303,0.020254936868019303,0.0017602271056800563,0.0024641603821859
1171000,154.50694444444446,0.020713217112258434,0.020713217112258427,0.0004568909346496796,0.003294924910182371
1171500,154.57291666666669,0.02314440427028047,0.023144404270280448,0.0013290583697431314,0.0011803194063980935
1172000,154.63888888888889,0.018581017447504438,0.018581017447504452,-0.002419167076889136,0.0015655908275216868
1172500,154.70486111111111,0.0203000458732043,0.020300045873204314,-0.0003084617321043831,0.004583191947226195
1173000,154.77083333333334,0.018432433874914368,0.018432433874914375,-0.0021173425420898248,-0.0003285135969936062
1173500,154.83680555555557,0.020833003657330595,0.020833003657330602,0.0007437168111104677,0.00025006712513324174
1174000,154.90277777777777,0.01791622910771483,0.017916229107714843,-0.00019045955304674566,0.0010906341351531314
1174500,154.96875,0.020765548628014927,0.0207655486280149,-0.0003979917633939095,0.004993258011597822
1175000,155.03472222222223,0.02219347612710257,0.022193476127102596,-0.000729587802431207,0.002585975880029776
1175500,155.10069444444446,0.018138431876342107,0.01813843187634211,-9.985968899043294e-05,0.004518222600082913
1176000,155.16666666666669,0.02392168554852292,0.023921685548522923,0.0004894207874467428,0.004854391131859235
1176500,155.23263888888889,0.020766890642283348,0.020766890642283348,0.0028256126063952265,0.0035802282198106475
1177000,155.29861111111111,0.018123441541669925,0.01812344154166993,0.002882606003426055,0.0015634083416521008
1177500,155.36458333333334,0.018695378216752035,0.018695378216752056,0.001839805128023574,0.005531819080528866
1178000,155.43055555555557,0.019373856534414844,0.01937385653441486,0.0023183256470485055,0.00452296890130372
1178500,155.49652777777777,0.023382660508766005,0.023382660508766015,0.004938073181021774,0.003474568111078731
1179000,155.5625,0.022072080956184202,0.022072080956184195,0.0036185319793822428,0.006435711475720544
1179500,155.62847222222223,0.02411120061942194,0.024111200619421933,0.0016235147033369954,0.001320493636254879
1180000,155.69444444444446,0.021499937487586083,0.02149993748758607,-0.0024819273283688214,0.0018123546288037078
1180500,155.76041666666669,0.022134278982600383,0.022134278982600366,0.0018134349467505216,0.006410961610759327
1181000,155.82638888888889,0.024403954234759648,0.024403954234759648,-0.003257045309022622,0.004278906158036154
1181500,155.89236111111111,0.022115672003095273,0.02211567200309525,-0.00079839219244064,0.0051334002576874475
1182000,155.95833333333334,0.020894819849376894,0.0208948198493769,-0.00151282188042775,0.0038407509230663473
1182500,156.02430555555557,0.024304418050849274,0.02430441805084927,-0.00437069617652962,0.0053509131766317115
1183000,156.09027777777777,0.024520742667443043,0.024520742667443036,-0.0031476100057949703,0.002647140508291428
1183500,156.15625,0.02217805822154742,0.02217805822154742,0.0014712234889832103,0.0013179290239773418
1184000,156.22222222222223,0.02129865420520725,0.021298654205207258,0.004350699324553274,0.004010324826587407
1184500,156.28819444444446,0.021552063955602725,0.021552063955602677,-0.00040980228490623073,0.0045730887258211865
1185000,156.35416666666669,0.024022108528149514,0.024022108528149504,0.0008178464544199919,0.0027202443763567575
1185500,156.42013888888889,0.024454503612184115,0.02445450361218411,-0.002173006491785749,0.0012106749534279615
1186000,156.48611111111111,0.02349453512562722,0.023494535125627245,-0.0036622952662742,0.005782297587969256
1186500,156.55208333333334,0.021178314653000754,0.021178314653000765,0.002287390107361399,0.004964774818187617
1187000,156.61805555555557,0.024443606885538156,0.024443606885538146,0.0011621015833195724,0.006648697024943611
1187500,156.68402777777777,0.0202102074798496,0.020210207479849605,-0.001597071917346573,0.004591626057478797
1188000,156.75,0.018042634586939874,0.018042634586939874,0.0014796939735965983,0.00734204662986817
1188500,156.81597222222223,0.022488183138820617,0.022488183138820624,-0.0006455047737715386,0.005710942688807356
1189000,156.88194444444446,0.02009044673046788,0.020090446730467882,0.0012975922161145028,0.006610619468556139
1189500,156.94791666666669,0.021212346392088736,0.021212346392088764,0.0020783084268170726,0.005522371877121917
1190000,157.01388888888889,0.02208381604380271,0.0220838160438027,-0.0023984002088099808,0.003600195628582107
1190500,157.07986111111111,0.020987280178783065,0.02098728017878307,0.0044718010215854444,0.005449028685613321
1191000,157.14583333333334,0.023702984404698545,0.023702984404698587,-0.003970267746368022,0.0032959332438771607
1191500,157.21180555555557,0.022056999958815836,0.02205699995881586,8.126963067959217e-05,0.003896990993509544
1192000,157.27777777777777,0.01984549264363012,0.01984549264363012,-0.003625106558584082,0.006252429427240671
1192500,157.34375,0.022843039215715018,0.022843039215715025,0.002135975768880246,0.003179556455376077
1193000,157.40972222222223,0.021002543349306426,0.02100254334930642,-0.002031220926883111,0.006812318741262982
1193500,157.47569444444446,0.02124390524618602,0.021243905246186006,-0.00046031575403481846,0.0015600832564759875
1194000,157.54166666666669,0.026085757771569178,0.026085757771569223,-0.00014604275422016428,0.0012579306939601912
1194500,157.60763888888889,0.024966975434468672,0.024966975434468703,-0.003999336945853523,0.005732253483260248
1195000,157.67361111111111,0.024919321401096237,0.024919321401096237,0.001435395224876491,0.007001871590523695
1195500,157.73958333333334,0.024546528618625073,0.024546528618625083,-0.0005413495311990128,0.005794847827857116
1196000,157.80555555555557,0.024391316175427294,0.02439131617542729,0.0020532826745282553,0.003838355442422027
1196500,157.87152777777777,0.027284618456584017,0.02728461845658402,-0.004018028926043923,0.0020020831903670077
1197000,157.9375,0.024687805866652344,0.024687805866652347,0.0018496604043948541,0.0020592978712783
1197500,158.00347222222223,0.02544775541878427,0.02544775541878426,0.000734438332076294,0.0024872285019795185
1198000,158.06944444444446,0.024413676955096504,0.024413676955096508,0.0006051011496373494,-0.0020279708162227747
1198500,158.13541666666669,0.02547411519551748,0.025474115195517486,-0.002056299083682387,0.0027039641328583
1199000,158.20138888888889,0.02554286080741543,0.02554286080741541,-0.0003566345079648298,0.003955020280524873
1199500,158.26736111111111,0.027081518726486682,0.027081518726486706,0.0022686557965961814,0.005807678857605926
1200000,158.33333333333334,0.023046071700953588,0.023046071700953585,-0.0010304611140028604,0.0004359281281449469
