case,species,step,omega_ci_t,anisotropy_global,parallel_over_perpendicular_global,anisotropy_median,anisotropy_p25,anisotropy_p75,beta_parallel_global,beta_parallel_median,beta_parallel_p25,beta_parallel_p75,marginal_threshold,instability_drive,valid_cells
Firehose Moderate Bi-Maxwellian (bigbox 40 di),ion,0,0.0,0.3000240623950958,3.3330659948305064,0.3001401424407959,0.28924354910850525,0.31145864725112915,5.993015289306641,5.988884449005127,5.810033321380615,6.1714067459106445,0.6662781749333082,0.3662541125382124,1327104
Firehose Moderate Bi-Maxwellian (bigbox 40 di),ion,500,0.06597222222222222,0.3001857101917267,3.3312711633118925,0.3002391457557678,0.2929832935333252,0.3076842427253723,5.992806434631348,5.99033260345459,5.844313621520996,6.139498233795166,0.6662665444286069,0.3660808342368802,1327104
Firehose Moderate Bi-Maxwellian (bigbox 40 di),ion,1000,0.13194444444444445,0.3002978265285492,3.3300274316335434,0.30035287141799927,0.2930988371372223,0.3078014552593231,5.990764141082764,5.988104343414307,5.841594219207764,6.13770866394043,0.6661527723509204,0.3658549458223712,1327104
Firehose Moderate Bi-Maxwellian (bigbox 40 di),ion,1500,0.19791666666666669,0.3003937900066376,3.328963624640522,0.3004639744758606,0.2931665778160095,0.3079209625720978,5.989016056060791,5.986372947692871,5.839019298553467,6.1365461349487305,0.6660553284080728,0.3656615384014352,1327104
Firehose Moderate Bi-Maxwellian (bigbox 40 di),ion,2000,0.2638888888888889,0.3004838824272156,3.3279655198884885,0.3005426526069641,0.29326409101486206,0.3080037236213684,5.987398147583008,5.985057830810547,5.837108612060547,6.135422229766846,0.6659650902274872,0.3654812078002716,1327104
Firehose Moderate Bi-Maxwellian (bigbox 40 di),ion,2500,0.3298611111111111,0.30057063698768616,3.3270049597059215,0.30062443017959595,0.2933478355407715,0.3081077039241791,5.9858479499816895,5.9832916259765625,5.835399627685547,6.134232997894287,0.6658785828320083,0.36530794584432214,1327104
Firehose Moderate Bi-Maxwellian (bigbox 40 di),ion,3000,0.39583333333333337,0.30065375566482544,3.3260851765803956,0.3007199764251709,0.2934364974498749,0.3081924617290497,5.984346389770508,5.981785774230957,5.833320617675781,6.133228302001953,0.6657947468718137,0.3651409912069883,1327104
Firehose Moderate Bi-Maxwellian (bigbox 40 di),ion,3500,0.4618055555555556,0.300737202167511,3.3251622772063922,0.300774484872818,0.2934953570365906,0.308260440826416,5.982863903045654,5.980309963226318,5.831630706787109,6.132180213928223,0.6657119345499612,0.36497473238245026,1327104
Firehose Moderate Bi-Maxwellian (bigbox 40 di),ion,4000,0.5277777777777778,0.30081772804260254,3.3242721647654276,0.3008701205253601,0.2935801148414612,0.3083612322807312,5.981418609619141,5.979180335998535,5.8298773765563965,6.1309895515441895,0.6656311603431904,0.3648134323005878,1327104
Firehose Moderate Bi-Maxwellian (bigbox 40 di),ion,4500,0.59375,0.30089837312698364,3.32338121209444,0.3009701371192932,0.2936619520187378,0.308449387550354,5.9799723625183105,5.9774932861328125,5.828227996826172,6.129705429077148,0.6655502937545765,0.3646519206275929,1327104
Firehose Moderate Bi-Maxwellian (bigbox 40 di),ion,5000,0.6597222222222222,0.30097901821136475,3.3224907368717065,0.3010460138320923,0.2937527596950531,0.30851465463638306,5.978538513183594,5.9758501052856445,5.826772689819336,6.1287102699279785,0.6654700817616724,0.3644910635503077,1327104
Firehose Moderate Bi-Maxwellian (bigbox 40 di),ion,5500,0.7256944444444444,0.3010586202144623,3.321612247102041,0.301120787858963,0.2938363254070282,0.3085940182209015,5.977118968963623,5.974830150604248,5.824942588806152,6.127325534820557,0.6653906321113796,0.36433201189691733,1327104
Firehose Moderate Bi-Maxwellian (bigbox 40 di),ion,6000,0.7916666666666667,0.3011385500431061,3.320730606748476,0.3012009859085083,0.29390376806259155,0.308674693107605,5.975695610046387,5.973281383514404,5.823193073272705,6.126455783843994,0.6653109310592085,0.3641723810161024,1327104
Firehose Moderate Bi-Maxwellian (bigbox 40 di),ion,6500,0.857638888888889,0.3012181222438812,3.3198533758548234,0.30126968026161194,0.2939901351928711,0.3087545335292816,5.974277019500732,5.97175407409668,5.822083473205566,6.124965190887451,0.6652314592256489,0.36401333698176763,1327104
Firehose Moderate Bi-Maxwellian (bigbox 40 di),ion,7000,0.9236111111111112,0.3012981116771698,3.3189720122489996,0.3013519048690796,0.2940772771835327,0.3088267743587494,5.97285795211792,5.970710754394531,5.82046365737915,6.123659133911133,0.6651519229097322,0.36385381123256244,1327104
Firehose Moderate Bi-Maxwellian (bigbox 40 di),ion,7500,0.9895833333333335,0.30137723684310913,3.318100631868822,0.3014342188835144,0.29413649439811707,0.3089213967323303,5.971461772918701,5.968964099884033,5.818465709686279,6.1225433349609375,0.6650736325450092,0.36369639570190004,1327104
Firehose Moderate Bi-Maxwellian (bigbox 40 di),ion,8000,1.0555555555555556,0.3014570474624634,3.3172221662010317,0.3015105724334717,0.29421502351760864,0.3090040683746338,5.970038890838623,5.967716217041016,5.816891193389893,6.121367931365967,0.6649938071477025,0.36353675968523913,1327104
Firehose Moderate Bi-Maxwellian (bigbox 40 di),ion,8500,1.121527777777778,0.3015367090702057,3.316345804408092,0.30159881711006165,0.2942919135093689,0.3090797960758209,5.968629360198975,5.966259956359863,5.815744400024414,6.1202712059021,0.6649146932565895,0.3633779841863838,1327104
Firehose Moderate Bi-Maxwellian (bigbox 40 di),ion,9000,1.1875,0.3016166388988495,3.315466957163995,0.30167973041534424,0.2943757176399231,0.30916643142700195,5.967221260070801,5.964864730834961,5.814104080200195,6.118634223937988,0.664835622338517,0.3632189834396675,1327104
Firehose Moderate Bi-Maxwellian (bigbox 40 di),ion,9500,1.2534722222222223,0.30169549584388733,3.3146003628686955,0.30175158381462097,0.2944609820842743,0.3092438578605652,5.9658308029174805,5.963698387145996,5.812386512756348,6.117624282836914,0.6647575055226278,0.36306200967874047,1327104
Firehose Moderate Bi-Maxwellian (bigbox 40 di),ion,10000,1.3194444444444444,0.30177563428878784,3.3137201495964312,0.30183255672454834,0.2945482134819031,0.30931559205055237,5.964423656463623,5.961867332458496,5.810670852661133,6.1166534423828125,0.6646784140102778,0.36290277972149,1327104
Firehose Moderate Bi-Maxwellian (bigbox 40 di),ion,10500,1.3854166666666667,0.3018552362918854,3.3128462911043512,0.30191320180892944,0.29461076855659485,0.3094043731689453,5.963015556335449,5.960711479187012,5.809315204620361,6.115584850311279,0.6645992315289057,0.3627439952370203,1327104
Firehose Moderate Bi-Maxwellian (bigbox 40 di),ion,11000,1.4513888888888888,0.30193471908569336,3.3119742010066284,0.3019932806491852,0.29468920826911926,0.30948495864868164,5.961617946624756,5.95916748046875,5.807811737060547,6.114104270935059,0.6645206019731061,0.3625858828874128,1327104
Firehose Moderate Bi-Maxwellian (bigbox 40 di),ion,11500,1.5173611111111112,0.30201441049575806,3.3111002827927827,0.30207058787345886,0.29476213455200195,0.30957382917404175,5.96022367477417,5.9577412605285645,5.806139945983887,6.113056659698486,0.6644421234617879,0.3624277129660298,1327104
Firehose Moderate Bi-Maxwellian (bigbox 40 di),ion,12000,1.5833333333333335,0.3020937740802765,3.31023041783796,0.30214840173721313,0.29485103487968445,0.3096393644809723,5.958828926086426,5.956621170043945,5.804626941680908,6.111736297607422,0.664363581366727,0.36226980728645053,1327104
Firehose Moderate Bi-Maxwellian (bigbox 40 di),ion,12500,1.6493055555555556,0.302173912525177,3.3093525236619508,0.30221471190452576,0.2949340343475342,0.3097321391105652,5.957435607910156,5.955179214477539,5.803092956542969,6.110494136810303,0.6642850831078321,0.3621111705826551,1327104
Firehose Moderate Bi-Maxwellian (bigbox 40 di),ion,13000,1.715277777777778,0.3022541403770447,3.308474116359688,0.30229446291923523,0.29502710700035095,0.3097933232784271,5.95603084564209,5.9539690017700195,5.801577091217041,6.109090805053711,0.6642059029188272,0.3619517625417825,1327104
Firehose Moderate Bi-Maxwellian (bigbox 40 di),ion,13500,1.78125,0.30233436822891235,3.3075961752480962,0.3023874759674072,0.2950977385044098,0.30988818407058716,5.954625129699707,5.9525041580200195,5.8000593185424805,6.107850074768066,0.6641266315784248,0.3617922633495124,1327104
Firehose Moderate Bi-Maxwellian (bigbox 40 di),ion,14000,1.8472222222222223,0.3024141192436218,3.306723913887135,0.3024543225765228,0.295145183801651,0.30998507142066956,5.953232288360596,5.951362609863281,5.798617362976074,6.1067962646484375,0.6640480493411486,0.36163393009752676,1327104
Firehose Moderate Bi-Maxwellian (bigbox 40 di),ion,14500,1.9131944444444446,0.30249306559562683,3.3058609063680207,0.3025588393211365,0.29521700739860535,0.3100687861442566,5.951850891113281,5.94978141784668,5.796852111816406,6.105774879455566,0.6639700764368605,0.3614770108412336,1327104
Firehose Moderate Bi-Maxwellian (bigbox 40 di),ion,15000,1.979166666666667,0.30257388949394226,3.3049778408590034,0.30262666940689087,0.2953101694583893,0.31014561653137207,5.950448513031006,5.948538780212402,5.795403957366943,6.104122638702393,0.6638908822385137,0.3613169927445714,1327104
Firehose Moderate Bi-Maxwellian (bigbox 40 di),ion,15500,2.045138888888889,0.30265378952026367,3.3041053329783163,0.3027053475379944,0.2953934073448181,0.31021973490715027,5.949056625366211,5.94669246673584,5.793929100036621,6.102928638458252,0.6638122435291353,0.3611584540088716,1327104
Firehose Moderate Bi-Maxwellian (bigbox 40 di),ion,16000,2.111111111111111,0.3027333617210388,3.303236862680086,0.3027876615524292,0.29548072814941406,0.31029146909713745,5.947669506072998,5.94544792175293,5.792396545410156,6.1018385887146,0.6637338376051567,0.3610004758841179,1327104
Firehose Moderate Bi-Maxwellian (bigbox 40 di),ion,16500,2.1770833333333335,0.30281344056129456,3.3023633235909258,0.30286866426467896,0.29555028676986694,0.3103815019130707,5.946280002593994,5.943899154663086,5.790834426879883,6.1005754470825195,0.6636552602421137,0.3608418196808192,1327104
Firehose Moderate Bi-Maxwellian (bigbox 40 di),ion,17000,2.243055555555556,0.3028930723667145,3.301495119007852,0.30295589566230774,0.29561591148376465,0.3104463517665863,5.944895267486572,5.942578315734863,5.789349555969238,6.099297523498535,0.663576915990721,0.3606838436240065,1327104
Firehose Moderate Bi-Maxwellian (bigbox 40 di),ion,17500,2.3090277777777777,0.3029741048812866,3.300612111361223,0.3030315041542053,0.295704185962677,0.31055450439453125,5.94350528717041,5.941478252410889,5.787926197052002,6.098175525665283,0.6634982382673774,0.3605241333860908,1327104
Firehose Moderate Bi-Maxwellian (bigbox 40 di),ion,18000,2.375,0.30305492877960205,3.299731847381549,0.30311739444732666,0.2957844138145447,0.3106418550014496,5.942107200622559,5.939849853515625,5.786576271057129,6.0969390869140625,0.663419064571831,0.3603641357922289,1327104
Firehose Moderate Bi-Maxwellian (bigbox 40 di),ion,18500,2.4409722222222223,0.303134948015213,3.298860809509217,0.30319270491600037,0.2958720028400421,0.3107200860977173,5.940720081329346,5.938499927520752,5.784846305847168,6.096012115478516,0.6633404751242777,0.3602055271090647,1327104
Firehose Moderate Bi-Maxwellian (bigbox 40 di),ion,19000,2.5069444444444446,0.30321604013442993,3.297978561941027,0.303274929523468,0.2959510087966919,0.31079697608947754,5.939321994781494,5.937314033508301,5.783531665802002,6.094109535217285,0.6632612271640983,0.36004518702966837,1327104
Firehose Moderate Bi-Maxwellian (bigbox 40 di),ion,19500,2.572916666666667,0.3032953143119812,3.2971165488279244,0.30334407091140747,0.296012818813324,0.31089070439338684,5.9379472732543945,5.935927391052246,5.781984329223633,6.092994689941406,0.6631832672195714,0.35988795290759024,1327104
Firehose Moderate Bi-Maxwellian (bigbox 40 di),ion,20000,2.638888888888889,0.3033759295940399,3.296240414782221,0.3034316897392273,0.2960902750492096,0.3109683692455292,5.9365553855896,5.934156894683838,5.780140399932861,6.091819763183594,0.6631042970044881,0.3597283674104482,1327104
Firehose Moderate Bi-Maxwellian (bigbox 40 di),ion,20500,2.704861111111111,0.3034568727016449,3.2953611862440426,0.3035242259502411,0.29619139432907104,0.31103870272636414,5.935164928436279,5.932620048522949,5.77860164642334,6.091116905212402,0.6630253709685985,0.3595684982669536,1327104
Firehose Moderate Bi-Maxwellian (bigbox 40 di),ion,21000,2.7708333333333335,0.3035363256931305,3.2944985998512126,0.30359482765197754,0.29624733328819275,0.31113556027412415,5.933789253234863,5.931599140167236,5.777368545532227,6.08941125869751,0.6629472475939923,0.35941092190086177,1327104
Firehose Moderate Bi-Maxwellian (bigbox 40 di),ion,21500,2.836805555555556,0.30361807346343994,3.2936115712505982,0.303691565990448,0.29634225368499756,0.31120163202285767,5.932392120361328,5.930362701416016,5.775958061218262,6.088029861450195,0.662867868572689,0.35924979510924904,1327104
Firehose Moderate Bi-Maxwellian (bigbox 40 di),ion,22000,2.9027777777777777,0.3036985695362091,3.292738591186459,0.3037688732147217,0.29639798402786255,0.31130358576774597,5.931007385253906,5.928742408752441,5.7743659019470215,6.087038993835449,0.6627891570372104,0.3590905875010013,1327104
Firehose Moderate Bi-Maxwellian (bigbox 40 di),ion,22500,2.96875,0.3037799596786499,3.2918563853186313,0.3038366138935089,0.29651138186454773,0.31138190627098083,5.929608345031738,5.927282333374023,5.772866725921631,6.085451126098633,0.6627095950315594,0.35892963535290945,1327104
Firehose Moderate Bi-Maxwellian (bigbox 40 di),ion,23000,3.0347222222222223,0.3038608431816101,3.290980139228814,0.3039196729660034,0.2965885102748871,0.3114432692527771,5.92822790145874,5.926090240478516,5.771300315856934,6.084183692932129,0.6626310537913249,0.3587702106097148,1327104
Firehose Moderate Bi-Maxwellian (bigbox 40 di),ion,23500,3.1006944444444446,0.303941011428833,3.290112102012753,0.30398988723754883,0.2966563105583191,0.31154799461364746,5.926855564117432,5.924668312072754,5.769835472106934,6.083352565765381,0.6625529374954795,0.3586119260666465,1327104
Firehose Moderate Bi-Maxwellian (bigbox 40 di),ion,24000,3.166666666666667,0.3040218651294708,3.2892371065947503,0.3040715754032135,0.2967401444911957,0.3116128444671631,5.925468921661377,5.9232964515686035,5.768392086029053,6.08162784576416,0.662473970171589,0.3584521050421182,1327104
Firehose Moderate Bi-Maxwellian (bigbox 40 di),ion,24500,3.232638888888889,0.3041039705276489,3.2883490414969136,0.30415526032447815,0.29681581258773804,0.31171277165412903,5.924073219299316,5.921893119812012,5.767045974731445,6.0805840492248535,0.6623944495681715,0.3582904790405226,1327104
Firehose Moderate Bi-Maxwellian (bigbox 40 di),ion,25000,3.298611111111111,0.3041846454143524,3.2874769159956316,0.30423635244369507,0.29689928889274597,0.31178930401802063,5.92269229888916,5.920814514160156,5.765888690948486,6.078768253326416,0.6623157342860588,0.3581310888717064,1327104
Firehose Moderate Bi-Maxwellian (bigbox 40 di),ion,25500,3.364583333333334,0.3042663335800171,3.2865943078024316,0.3043328821659088,0.2969716787338257,0.3118799328804016,5.92130708694458,5.919163703918457,5.7638068199157715,6.078030586242676,0.6622367374916864,0.35797040391166934,1327104
Firehose Moderate Bi-Maxwellian (bigbox 40 di),ion,26000,3.430555555555556,0.3043464720249176,3.2857289041225606,0.3044106066226959,0.2970397472381592,0.3119489550590515,5.9199323654174805,5.91800594329834,5.762747764587402,6.076645374298096,0.6621583024016597,0.35781183037674213,1327104
Firehose Moderate Bi-Maxwellian (bigbox 40 di),ion,26500,3.4965277777777777,0.30442675948143005,3.28486234818329,0.30447572469711304,0.29711905121803284,0.3120386004447937,5.918565273284912,5.916277885437012,5.761440753936768,6.0751633644104,0.6620802664747898,0.35765350699335974,1327104
Firehose Moderate Bi-Maxwellian (bigbox 40 di),ion,27000,3.5625,0.3045080900192261,3.2839849999941277,0.3045649230480194,0.29721349477767944,0.31210434436798096,5.91717529296875,5.9151201248168945,5.759582996368408,6.074346542358398,0.6620008870826328,0.35749279706340675,1327104
Firehose Moderate Bi-Maxwellian (bigbox 40 di),ion,27500,3.628472222222222,0.30458885431289673,3.283114223781558,0.30463770031929016,0.29728323221206665,0.31219473481178284,5.9158034324646,5.913744926452637,5.757968902587891,6.073067665100098,0.6619225059060534,0.35733365159315666,1327104
Firehose Moderate Bi-Maxwellian (bigbox 40 di),ion,28000,3.6944444444444446,0.30467045307159424,3.282234919462344,0.3047192692756653,0.29734641313552856,0.31229424476623535,5.9144182205200195,5.912090301513672,5.75685977935791,6.071369171142578,0.6618433250017697,0.35717287193017544,1327104
Firehose Moderate Bi-Maxwellian (bigbox 40 di),ion,28500,3.7604166666666665,0.3047510087490082,3.281367317223866,0.30480560660362244,0.29742512106895447,0.31236839294433594,5.913045406341553,5.9108967781066895,5.755587577819824,6.070579528808594,0.6617648161715343,0.3570138074225261,1327104
Firehose Moderate Bi-Maxwellian (bigbox 40 di),ion,29000,3.8263888888888893,0.3048332929611206,3.2804815717013662,0.3048989176750183,0.2975163459777832,0.31245318055152893,5.911661624908447,5.909799575805664,5.753838539123535,6.069173812866211,0.6616856432423137,0.3568523502811931,1327104
Firehose Moderate Bi-Maxwellian (bigbox 40 di),ion,29500,3.892361111111111,0.30491408705711365,3.2796123316293007,0.30498331785202026,0.29759547114372253,0.3125377297401428,5.91028356552124,5.908168792724609,5.752414703369141,6.067556858062744,0.661606760855371,0.3566926737982573,1327104
Firehose Moderate Bi-Maxwellian (bigbox 40 di),ion,30000,3.958333333333334,0.30499711632728577,3.2787195237836997,0.30505841970443726,0.29767510294914246,0.31262871623039246,5.9088873863220215,5.90671443939209,5.751039981842041,6.066471099853516,0.6615268037381066,0.3565296874108208,1327104
Firehose Moderate Bi-Maxwellian (bigbox 40 di),ion,30500,4.024305555555555,0.30507880449295044,3.277841610996307,0.3051246702671051,0.29774606227874756,0.3127051889896393,5.907506942749023,5.905596733093262,5.749294757843018,6.065299034118652,0.6614477106193104,0.35636890612635996,1327104
Firehose Moderate Bi-Maxwellian (bigbox 40 di),ion,31000,4.090277777777778,0.30515918135643005,3.2769782496958086,0.30521541833877563,0.29784733057022095,0.3127780556678772,5.9061360359191895,5.9039506912231445,5.748082637786865,6.063864231109619,0.6613691273217119,0.3562099459652819,1327104
Firehose Moderate Bi-Maxwellian (bigbox 40 di),ion,31500,4.15625,0.30524158477783203,3.2760935923191563,0.30529701709747314,0.29792121052742004,0.3128593862056732,5.904749870300293,5.902547836303711,5.746584892272949,6.062652587890625,0.6612896322569736,0.35604804747914154,1327104
Firehose Moderate Bi-Maxwellian (bigbox 40 di),ion,32000,4.222222222222222,0.30532416701316833,3.275207494324781,0.30538249015808105,0.29800641536712646,0.3129540681838989,5.903361797332764,5.9016618728637695,5.744728088378906,6.0614542961120605,0.6612099903984145,0.3558858233852462,1327104
Firehose Moderate Bi-Maxwellian (bigbox 40 di),ion,32500,4.288194444444445,0.3054056465625763,3.2743336976747885,0.30545729398727417,0.2980789840221405,0.3130325376987457,5.901988983154297,5.900083065032959,5.74333381652832,6.060044288635254,0.6611311871796977,0.35572554061712136,1327104
Firehose Moderate Bi-Maxwellian (bigbox 40 di),ion,33000,4.354166666666667,0.30548712611198425,3.2734603671430134,0.30554699897766113,0.29815542697906494,0.3131217360496521,5.900613784790039,5.898562431335449,5.742260456085205,6.058359622955322,0.661052210338629,0.3555650842266448,1327104
Firehose Moderate Bi-Maxwellian (bigbox 40 di),ion,33500,4.420138888888889,0.30556875467300415,3.272585906468487,0.3056243658065796,0.2982296049594879,0.31320852041244507,5.899241924285889,5.896997928619385,5.740749359130859,6.057588577270508,0.6609733885015907,0.35540463382858656,1327104
Firehose Moderate Bi-Maxwellian (bigbox 40 di),ion,34000,4.486111111111112,0.3056502044200897,3.2717138269130244,0.3057008981704712,0.2983347177505493,0.31327682733535767,5.897870063781738,5.895959854125977,5.7395100593566895,6.055903911590576,0.6608945299962081,0.3552443255761184,1327104
Firehose Moderate Bi-Maxwellian (bigbox 40 di),ion,34500,4.552083333333334,0.30573272705078125,3.2708307339106133,0.3057979941368103,0.2983812391757965,0.31338822841644287,5.896483898162842,5.8945722579956055,5.737643241882324,6.055069446563721,0.6608148119215357,0.35508208487075443,1327104
Firehose Moderate Bi-Maxwellian (bigbox 40 di),ion,35000,4.618055555555555,0.3058154284954071,3.269946205526444,0.3058774769306183,0.2984791100025177,0.313449501991272,5.895101070404053,5.893292427062988,5.736376762390137,6.053719997406006,0.6607352484521662,0.35491981995675914,1327104
Firehose Moderate Bi-Maxwellian (bigbox 40 di),ion,35500,4.684027777777778,0.30589625239372253,3.269082220441487,0.30595383048057556,0.29854798316955566,0.3135540187358856,5.893736839294434,5.891568660736084,5.734723091125488,6.052606105804443,0.6606567183886294,0.35476046599490685,1327104
Firehose Moderate Bi-Maxwellian (bigbox 40 di),ion,36000,4.75,0.30597907304763794,3.2681973640867583,0.30604058504104614,0.2986310124397278,0.3136224150657654,5.89235782623291,5.890041351318359,5.733413219451904,6.050835609436035,0.6605773004660452,0.3545982274184073,1327104
Firehose Moderate Bi-Maxwellian (bigbox 40 di),ion,36500,4.815972222222222,0.306060791015625,3.2673247582012164,0.30612659454345703,0.29872655868530273,0.31371772289276123,5.890984535217285,5.889173984527588,5.731788635253906,6.049955368041992,0.66049817512783,0.35443738411220505,1327104
Firehose Moderate Bi-Maxwellian (bigbox 40 di),ion,37000,4.881944444444445,0.30614402890205383,3.2664364011487383,0.3062010109424591,0.29880884289741516,0.31380903720855713,5.889598369598389,5.887703895568848,5.730406284332275,6.0483078956604,0.6604182705693767,0.3542742416673229,1327104
Firehose Moderate Bi-Maxwellian (bigbox 40 di),ion,37500,4.947916666666667,0.30622556805610657,3.2655666420929954,0.3062899708747864,0.29886919260025024,0.31388530135154724,5.888232231140137,5.886618614196777,5.728941440582275,6.047325134277344,0.6603394836530181,0.3541139155969115,1327104
Firehose Moderate Bi-Maxwellian (bigbox 40 di),ion,38000,5.013888888888889,0.3063085079193115,3.2646824170598037,0.3063619136810303,0.29896262288093567,0.31395938992500305,5.886840343475342,5.885104179382324,5.7275824546813965,6.045706272125244,0.6602591741397076,0.35395066622039606,1327104
Firehose Moderate Bi-Maxwellian (bigbox 40 di),ion,38500,5.079861111111112,0.30639123916625977,3.263800893005825,0.3064548373222351,0.29903659224510193,0.3140426576137543,5.885468006134033,5.883418560028076,5.726244926452637,6.044533729553223,0.6601799554571476,0.3537887162908878,1327104
Firehose Moderate Bi-Maxwellian (bigbox 40 di),ion,39000,5.145833333333334,0.30647385120391846,3.262921114058211,0.30652952194213867,0.2991348206996918,0.31413570046424866,5.884088516235352,5.88206672668457,5.7245869636535645,6.04325532913208,0.6601002866490522,0.3536264354451337,1327104
Firehose Moderate Bi-Maxwellian (bigbox 40 di),ion,39500,5.211805555555555,0.30655577778816223,3.2620491031522008,0.3066141605377197,0.2991943657398224,0.3142074644565582,5.882724285125732,5.880997657775879,5.7232184410095215,6.0421929359436035,0.6600214623253835,0.35346568453722127,1327104
Firehose Moderate Bi-Maxwellian (bigbox 40 di),ion,40000,5.277777777777778,0.3066393733024597,3.2611598087686886,0.30669254064559937,0.29926255345344543,0.31431373953819275,5.881338596343994,5.879232406616211,5.721861362457275,6.0410895347595215,0.6599413607570126,0.3533019874545529,1327104
Firehose Moderate Bi-Maxwellian (bigbox 40 di),ion,40500,5.34375,0.30672186613082886,3.26028272002447,0.30677443742752075,0.2993834912776947,0.3143737018108368,5.879966735839844,5.878023147583008,5.720526218414307,6.039396286010742,0.6598620213598305,0.35314015522900166,1327104
Firehose Moderate Bi-Maxwellian (bigbox 40 di),ion,41000,5.409722222222222,0.3068051338195801,3.2593978710540754,0.3068618178367615,0.2994537651538849,0.31448012590408325,5.878595352172852,5.876500606536865,5.719265460968018,6.038094997406006,0.6597826725289472,0.3529775387093671,1327104
Firehose Moderate Bi-Maxwellian (bigbox 40 di),ion,41500,5.475694444444445,0.30688735842704773,3.258524577634946,0.30694645643234253,0.2995465099811554,0.31454920768737793,5.877224922180176,5.875479698181152,5.717617034912109,6.036464691162109,0.659703341886379,0.3528159834593313,1327104
Firehose Moderate Bi-Maxwellian (bigbox 40 di),ion,42000,5.541666666666667,0.3069709539413452,3.257637203652421,0.3070230484008789,0.2996085584163666,0.3146498501300812,5.875845432281494,5.874021530151367,5.716160297393799,6.035767555236816,0.6596234494168045,0.3526524954754593,1327104
Firehose Moderate Bi-Maxwellian (bigbox 40 di),ion,42500,5.607638888888889,0.30705398321151733,3.2567563186800923,0.3071238696575165,0.29969722032546997,0.31473612785339355,5.874466896057129,5.8727006912231445,5.714724063873291,6.034022331237793,0.6595435746957097,0.35248959148419234,1327104
Firehose Moderate Bi-Maxwellian (bigbox 40 di),ion,43000,5.673611111111112,0.307137131690979,3.2558746462675625,0.3071998953819275,0.29975366592407227,0.3148198127746582,5.873090744018555,5.871118545532227,5.713141441345215,6.033266067504883,0.659463800719085,0.35232666902810594,1327104
Firehose Moderate Bi-Maxwellian (bigbox 40 di),ion,43500,5.739583333333334,0.30721911787986755,3.255005765595069,0.30727460980415344,0.2998540997505188,0.3149080276489258,5.871721267700195,5.869814872741699,5.711585998535156,6.031734943389893,0.6593843766048947,0.35216525872502713,1327104
Firehose Moderate Bi-Maxwellian (bigbox 40 di),ion,44000,5.805555555555555,0.30730146169662476,3.254133561483751,0.30736756324768066,0.2999294102191925,0.31499165296554565,5.870367527008057,5.8687052726745605,5.710177421569824,6.030507564544678,0.6593058286728195,0.35200436697619475,1327104
Firehose Moderate Bi-Maxwellian (bigbox 40 di),ion,44500,5.871527777777778,0.30738478899002075,3.2532514158742742,0.30745255947113037,0.3000212609767914,0.31505462527275085,5.868992805480957,5.866957664489746,5.708927154541016,6.028801918029785,0.6592260262898546,0.35184123729983385,1327104
Firehose Moderate Bi-Maxwellian (bigbox 40 di),ion,45000,5.9375,0.30746862292289734,3.2523643892299408,0.30752623081207275,0.30010753870010376,0.3151283264160156,5.867610454559326,5.8656816482543945,5.707479000091553,6.027527809143066,0.6591457433160147,0.3516771203931174,1327104
Firehose Moderate Bi-Maxwellian (bigbox 40 di),ion,45500,6.003472222222222,0.3075522780418396,3.2514797366058183,0.3076116442680359,0.30018746852874756,0.3152325451374054,5.86624002456665,5.864603042602539,5.706065654754639,6.026471138000488,0.6590661153269561,0.35151383728511654,1327104
Firehose Moderate Bi-Maxwellian (bigbox 40 di),ion,46000,6.069444444444445,0.30763497948646545,3.2506056420154117,0.30769801139831543,0.3002496659755707,0.315326988697052,5.864866733551025,5.8629302978515625,5.704643726348877,6.02544641494751,0.6589862837703302,0.35135130428386474,1327104
Firehose Moderate Bi-Maxwellian (bigbox 40 di),ion,46500,6.135416666666667,0.30771932005882263,3.2497147069246197,0.30778101086616516,0.3003370463848114,0.31541356444358826,5.863489627838135,5.861812591552734,5.70310115814209,6.023900508880615,0.6589061929086419,0.3511868728498193,1327104
Firehose Moderate Bi-Maxwellian (bigbox 40 di),ion,47000,6.201388888888889,0.30780255794525146,3.248835898816244,0.30786287784576416,0.3004164695739746,0.3154839277267456,5.862123489379883,5.8603715896606445,5.70155143737793,6.0227370262146,0.658826702708788,0.3510241447635365,1327104
Firehose Moderate Bi-Maxwellian (bigbox 40 di),ion,47500,6.267361111111112,0.30788666009902954,3.247948448556872,0.3079288601875305,0.3004956841468811,0.31558042764663696,5.86074686050415,5.859005451202393,5.700526714324951,6.021259784698486,0.6587465646267553,0.35085990452772575,1327104
Firehose Moderate Bi-Maxwellian (bigbox 40 di),ion,48000,6.333333333333334,0.3079712688922882,3.2470561412978634,0.3080376386642456,0.30058711767196655,0.3156668543815613,5.85936975479126,5.857514381408691,5.698840618133545,6.019621849060059,0.6586663611108377,0.35069509221854944,1327104
Firehose Moderate Bi-Maxwellian (bigbox 40 di),ion,48500,6.399305555555555,0.30805307626724243,3.246193844636303,0.30811625719070435,0.30067041516304016,0.31575796008110046,5.858011722564697,5.856317043304443,5.697251319885254,6.018452167510986,0.6585872315181405,0.35053415525089804,1327104
Firehose Moderate Bi-Maxwellian (bigbox 40 di),ion,49000,6.465277777777778,0.30813664197921753,3.2453134868246067,0.3082088232040405,0.30073460936546326,0.31584352254867554,5.856647968292236,5.854665756225586,5.696155071258545,6.017193794250488,0.658507731585037,0.3503710896058194,1327104
Firehose Moderate Bi-Maxwellian (bigbox 40 di),ion,49500,6.53125,0.30822309851646423,3.244403176832587,0.308278352022171,0.30082154273986816,0.3159258961677551,5.855249881744385,5.853116512298584,5.6945600509643555,6.015944957733154,0.65842619181196,0.3502030932954958,1327104
Firehose Moderate Bi-Maxwellian (bigbox 40 di),ion,50000,6.597222222222222,0.30830609798431396,3.2435297470206965,0.3083772659301758,0.3009132146835327,0.3160289525985718,5.853886127471924,5.852126121520996,5.6929612159729,6.014966011047363,0.6583466168543791,0.35004051887006515,1327104
Firehose Moderate Bi-Maxwellian (bigbox 40 di),ion,50500,6.663194444444444,0.3083890676498413,3.2426571007226643,0.30844002962112427,0.3009757101535797,0.31610482931137085,5.852531433105469,5.850620746612549,5.691712379455566,6.013388633728027,0.6582675338253142,0.3498784661754729,1327104
Firehose Moderate Bi-Maxwellian (bigbox 40 di),ion,51000,6.729166666666668,0.30847230553627014,3.2417821050791873,0.3085373640060425,0.301066130399704,0.31618380546569824,5.851170063018799,5.849198341369629,5.690219402313232,6.012288570404053,0.6581880241969692,0.34971571866069906,1327104
Firehose Moderate Bi-Maxwellian (bigbox 40 di),ion,51500,6.795138888888889,0.30855754017829895,3.240886608773694,0.30861735343933105,0.3011554777622223,0.3162795901298523,5.849788665771484,5.847721576690674,5.689162731170654,6.010401248931885,0.6581073070720521,0.34954976689375317,1327104
Firehose Moderate Bi-Maxwellian (bigbox 40 di),ion,52000,6.861111111111112,0.3086404502391815,3.2400160096482753,0.30870339274406433,0.30124127864837646,0.3163596987724304,5.8484368324279785,5.846627235412598,5.6876397132873535,6.009693622589111,0.6580282804953028,0.3493878302561213,1327104
Firehose Moderate Bi-Maxwellian (bigbox 40 di),ion,52500,6.927083333333333,0.30872413516044617,3.2391377482693176,0.3087853491306305,0.3013278841972351,0.31643956899642944,5.847069263458252,5.84529972076416,5.68623161315918,6.008296489715576,0.6579482968503269,0.3492241616898807,1327104
Firehose Moderate Bi-Maxwellian (bigbox 40 di),ion,53000,6.993055555555555,0.30880945920944214,3.2382427745575484,0.3088568150997162,0.30139783024787903,0.31652772426605225,5.845686435699463,5.843991756439209,5.684851169586182,6.007011890411377,0.6578673827275358,0.3490579235180936,1327104
Firehose Moderate Bi-Maxwellian (bigbox 40 di),ion,53500,7.059027777777779,0.3088928163051605,3.237368909907192,0.3089536726474762,0.30148428678512573,0.3166103959083557,5.844325065612793,5.8423171043396,5.68344783782959,6.0055670738220215,0.6577876867651107,0.34889487045995016,1327104
Firehose Moderate Bi-Maxwellian (bigbox 40 di),ion,54000,7.125,0.3089776039123535,3.236480532367861,0.30902886390686035,0.3015575408935547,0.3167155981063843,5.842955589294434,5.8413801193237305,5.681665420532227,6.004153251647949,0.6577074787861754,0.3487298748738219,1327104
Firehose Moderate Bi-Maxwellian (bigbox 40 di),ion,54500,7.190972222222222,0.3090619444847107,3.23559732230142,0.30912646651268005,0.3016558587551117,0.31679025292396545,5.8415846824646,5.839834690093994,5.680772304534912,6.0027570724487305,0.6576271493583505,0.34856520487363984,1327104
Firehose Moderate Bi-Maxwellian (bigbox 40 di),ion,55000,7.256944444444444,0.30914655327796936,3.2347117876512415,0.30921897292137146,0.3017456531524658,0.316862553358078,5.840220928192139,5.838356971740723,5.679431915283203,6.001585960388184,0.6575472016228833,0.3484006483449139,1327104
Firehose Moderate Bi-Maxwellian (bigbox 40 di),ion,55500,7.322916666666668,0.3092305362224579,3.2338332824951292,0.30929940938949585,0.3017982542514801,0.31696993112564087,5.8388566970825195,5.836913108825684,5.6776909828186035,6.000214576721191,0.6574671885680405,0.34823665234558265,1327104
Firehose Moderate Bi-Maxwellian (bigbox 40 di),ion,56000,7.388888888888889,0.3093155026435852,3.2329449751255095,0.30937230587005615,0.30189722776412964,0.31705784797668457,5.8374834060668945,5.835659027099609,5.676124572753906,5.999195575714111,0.6573866063719511,0.3480711037283659,1327104
Firehose Moderate Bi-Maxwellian (bigbox 40 di),ion,56500,7.454861111111112,0.30939847230911255,3.232078014273206,0.30945655703544617,0.3019607365131378,0.3171425461769104,5.83613395690918,5.834474563598633,5.674811363220215,5.997875213623047,0.6573073862308669,0.3479089139217544,1327104
Firehose Moderate Bi-Maxwellian (bigbox 40 di),ion,57000,7.520833333333333,0.3094845116138458,3.231179469322631,0.30954796075820923,0.30205878615379333,0.3172290623188019,5.834750175476074,5.833027362823486,5.6732563972473145,5.996362209320068,0.6572261125410028,0.347741600927157,1327104
Firehose Moderate Bi-Maxwellian (bigbox 40 di),ion,57500,7.586805555555555,0.3095684051513672,3.230303814470466,0.309628427028656,0.3021458387374878,0.31729400157928467,5.833390712738037,5.831396102905273,5.671794891357422,5.995232582092285,0.6571462296134707,0.3475778244621035,1327104
Firehose Moderate Bi-Maxwellian (bigbox 40 di),ion,58000,7.652777777777779,0.3096548914909363,3.229401593448655,0.309728741645813,0.30222174525260925,0.3174048960208893,5.832005977630615,5.830124855041504,5.670361518859863,5.994032859802246,0.6570648233778825,0.34740993188694624,1327104
Firehose Moderate Bi-Maxwellian (bigbox 40 di),ion,58500,7.71875,0.3097393810749054,3.228520689005207,0.3098007142543793,0.3023139238357544,0.3174746632575989,5.830638408660889,5.829104423522949,5.66916561126709,5.992519378662109,0.6569843883597413,0.34724500728483587,1327104
Firehose Moderate Bi-Maxwellian (bigbox 40 di),ion,59000,7.784722222222222,0.3098244369029999,3.2276343660815914,0.3098832070827484,0.3023959696292877,0.31756845116615295,5.829273700714111,5.827340602874756,5.66786003112793,5.991314888000488,0.656904083993347,0.3470796470903471,1327104
Firehose Moderate Bi-Maxwellian (bigbox 40 di),ion,59500,7.850694444444444,0.3099096417427063,3.2267469781731464,0.30995166301727295,0.3024633228778839,0.317658394575119,5.827912330627441,5.826303005218506,5.666272163391113,5.990366458892822,0.6568239385672644,0.3469142968245581,1327104
Firehose Moderate Bi-Maxwellian (bigbox 40 di),ion,60000,7.916666666666668,0.30999377369880676,3.2258712427289287,0.3100554347038269,0.3025718927383423,0.31774306297302246,5.826550006866455,5.824667453765869,5.664912700653076,5.988698482513428,0.6567436995060463,0.3467499258072395,1327104
Firehose Moderate Bi-Maxwellian (bigbox 40 di),ion,60500,7.982638888888889,0.3100791573524475,3.224982964151192,0.31013959646224976,0.3026687502861023,0.3178099989891052,5.825187683105469,5.823376655578613,5.663439750671387,5.987305164337158,0.6566634229141646,0.34658426556171706,1327104
Firehose Moderate Bi-Maxwellian (bigbox 40 di),ion,61000,8.04861111111111,0.3101635277271271,3.224105707489151,0.31022268533706665,0.30272534489631653,0.31792113184928894,5.823829174041748,5.82225227355957,5.661928176879883,5.986111640930176,0.6565833337086024,0.34641980598147537,1327104
Firehose Moderate Bi-Maxwellian (bigbox 40 di),ion,61500,8.114583333333334,0.3102497458457947,3.223209731482056,0.3103141486644745,0.30281585454940796,0.3180026412010193,5.82245397567749,5.820853233337402,5.66062068939209,5.984732627868652,0.6565022225414356,0.34625247669564096,1327104
Firehose Moderate Bi-Maxwellian (bigbox 40 di),ion,62000,8.180555555555555,0.3103347718715668,3.2223266312350387,0.31039831042289734,0.3028784990310669,0.3181050419807434,5.821095943450928,5.819310188293457,5.659456253051758,5.983071327209473,0.6564220862481889,0.3460873143766221,1327104
Firehose Moderate Bi-Maxwellian (bigbox 40 di),ion,62500,8.246527777777779,0.31042030453681946,3.2214387570172245,0.3104828894138336,0.3029680550098419,0.31817975640296936,5.819739818572998,5.817929267883301,5.658112525939941,5.981743335723877,0.6563420251851739,0.34592172064835447,1327104
Firehose Moderate Bi-Maxwellian (bigbox 40 di),ion,63000,8.3125,0.31050506234169006,3.2205594087853124,0.3105522394180298,0.3030703663825989,0.31825828552246094,5.818378448486328,5.816415786743164,5.657017707824707,5.980812072753906,0.656261616925192,0.34575655458350196,1327104
Firehose Moderate Bi-Maxwellian (bigbox 40 di),ion,63500,8.378472222222221,0.3105919361114502,3.2196586058215253,0.3106439709663391,0.3031314015388489,0.318354994058609,5.816997528076172,5.815084934234619,5.655097961425781,5.979605197906494,0.6561800154896318,0.3455880793781816,1327104
Firehose Moderate Bi-Maxwellian (bigbox 40 di),ion,64000,8.444444444444445,0.31067779660224915,3.218768804647691,0.3107343316078186,0.3032211363315582,0.3184550404548645,5.815633773803711,5.813479423522949,5.653841972351074,5.977695465087891,0.6560993904036874,0.3454215938014382,1327104
Firehose Moderate Bi-Maxwellian (bigbox 40 di),ion,64500,8.510416666666668,0.3107631802558899,3.2178844326942975,0.31081268191337585,0.30330926179885864,0.3185315728187561,5.81427001953125,5.812469482421875,5.652533531188965,5.976469993591309,0.6560187274960372,0.3452555472401473,1327104
Firehose Moderate Bi-Maxwellian (bigbox 40 di),ion,65000,8.57638888888889,0.31084853410720825,3.2170008550051934,0.3109150528907776,0.30338722467422485,0.318610817193985,5.812915325164795,5.811079978942871,5.65095329284668,5.975307941436768,0.6559385629889077,0.3450900288816995,1327104
Firehose Moderate Bi-Maxwellian (bigbox 40 di),ion,65500,8.64236111111111,0.31093472242355347,3.2161091312208154,0.3109925091266632,0.3034783601760864,0.31872767210006714,5.811542510986328,5.809769153594971,5.6492109298706055,5.974590301513672,0.6558572881091147,0.34492256568556123,1327104
Firehose Moderate Bi-Maxwellian (bigbox 40 di),ion,66000,8.708333333333334,0.31102028489112854,3.2152243714587496,0.3110727071762085,0.3035605549812317,0.31879231333732605,5.810184955596924,5.808525562286377,5.648428916931152,5.972375392913818,0.6557768788283738,0.3447565939372452,1327104
Firehose Moderate Bi-Maxwellian (bigbox 40 di),ion,66500,8.774305555555555,0.3111066520214081,3.2143317846228094,0.31116384267807007,0.3036544620990753,0.31887200474739075,5.808814525604248,5.807011604309082,5.647100448608398,5.971517086029053,0.6556956688521649,0.3445890168307568,1327104
Firehose Moderate Bi-Maxwellian (bigbox 40 di),ion,67000,8.840277777777779,0.3111931085586548,3.2134387700025706,0.3112524747848511,0.3037310838699341,0.31897032260894775,5.8074517250061035,5.805714130401611,5.645726203918457,5.970083236694336,0.65561487297634,0.34442176441768524,1327104
Firehose Moderate Bi-Maxwellian (bigbox 40 di),ion,67500,8.90625,0.31127870082855225,3.212555171099822,0.3113395571708679,0.3037928342819214,0.31907036900520325,5.806094646453857,5.804298400878906,5.64410400390625,5.968955993652344,0.6555343786513153,0.344255677822763,1327104
Firehose Moderate Bi-Maxwellian (bigbox 40 di),ion,68000,8.972222222222223,0.31136396527290344,3.2116754394604485,0.311413049697876,0.30390170216560364,0.3191301226615906,5.804742336273193,5.803075790405273,5.642803192138672,5.967377185821533,0.6554541297204148,0.3440901644475114,1327104
Firehose Moderate Bi-Maxwellian (bigbox 40 di),ion,68500,9.038194444444445,0.31145042181015015,3.210783900012076,0.31150585412979126,0.3039807975292206,0.31922054290771484,5.803376197814941,5.801799774169922,5.641321659088135,5.965890407562256,0.6553730222154079,0.3439226004052578,1327104
Firehose Moderate Bi-Maxwellian (bigbox 40 di),ion,69000,9.104166666666668,0.31153613328933716,3.2099005320556397,0.3115866482257843,0.304054856300354,0.3193148970603943,5.802014350891113,5.800106048583984,5.639859676361084,5.964792728424072,0.6552921314831243,0.3437559981937871,1327104
Firehose Moderate Bi-Maxwellian (bigbox 40 di),ion,69500,9.17013888888889,0.3116227686405182,3.209008136223769,0.3116764426231384,0.30414140224456787,0.3194102942943573,5.800648212432861,5.798857688903809,5.638662815093994,5.963353157043457,0.6552109476811082,0.34358817904059,1327104
Firehose Moderate Bi-Maxwellian (bigbox 40 di),ion,70000,9.23611111111111,0.3117090165615082,3.2081202238905218,0.3117636740207672,0.3042345345020294,0.31949982047080994,5.799294471740723,5.797880172729492,5.636900424957275,5.962231159210205,0.6551304628958292,0.34342144633432103,1327104
Firehose Moderate Bi-Maxwellian (bigbox 40 di),ion,70500,9.302083333333334,0.3117951452732086,3.2072340290088737,0.3118639588356018,0.30430325865745544,0.3195721209049225,5.79793119430542,5.7962493896484375,5.6358642578125,5.961008548736572,0.6550493731342744,0.34325422786106574,1327104
Firehose Moderate Bi-Maxwellian (bigbox 40 di),ion,71000,9.368055555555555,0.31188109517097473,3.2063501619160184,0.3119344115257263,0.30439668893814087,0.31970226764678955,5.796574592590332,5.794602394104004,5.634190559387207,5.959663391113281,0.6549686425916837,0.343087547420709,1327104
Firehose Moderate Bi-Maxwellian (bigbox 40 di),ion,71500,9.434027777777779,0.31196606159210205,3.2054768871221238,0.3120339810848236,0.3044864535331726,0.3197658658027649,5.795229911804199,5.793301582336426,5.633225440979004,5.9581403732299805,0.6548885841567327,0.3429225225646306,1327104
Firehose Moderate Bi-Maxwellian (bigbox 40 di),ion,72000,9.5,0.31205296516418457,3.204584194461529,0.3121154308319092,0.30457285046577454,0.31984809041023254,5.793869972229004,5.792600631713867,5.6317644119262695,5.9566192626953125,0.654807579461338,0.3427546142971535,1327104
Firehose Moderate Bi-Maxwellian (bigbox 40 di),ion,72500,9.565972222222223,0.31214070320129395,3.2036834342463756,0.3122038245201111,0.3046545088291168,0.31994014978408813,5.792505741119385,5.790783882141113,5.6300249099731445,5.9558024406433105,0.6547262809249274,0.3425855777236334,1327104
Firehose Moderate Bi-Maxwellian (bigbox 40 di),ion,73000,9.631944444444445,0.31222739815711975,3.202793880045011,0.31229883432388306,0.3047361969947815,0.3200260102748871,5.791145324707031,5.789414405822754,5.628533840179443,5.954345703125,0.6546451715747302,0.3424177734176105,1327104
Firehose Moderate Bi-Maxwellian (bigbox 40 di),ion,73500,9.697916666666668,0.31231406331062317,3.201905125243797,0.31236597895622253,0.3048272728919983,0.3201216459274292,5.789783954620361,5.788215637207031,5.627241611480713,5.952544212341309,0.6545639672091805,0.34224990389855736,1327104
Firehose Moderate Bi-Maxwellian (bigbox 40 di),ion,74000,9.76388888888889,0.31240031123161316,3.2010211387356824,0.31246140599250793,0.3049105703830719,0.3202041983604431,5.788442611694336,5.786785125732422,5.625800609588623,5.9516215324401855,0.6544839200859625,0.3420836088543493,1327104
Firehose Moderate Bi-Maxwellian (bigbox 40 di),ion,74500,9.82986111111111,0.3124879002571106,3.200123906164732,0.31253987550735474,0.30499571561813354,0.3202926516532898,5.787064075469971,5.785483360290527,5.624353408813477,5.950656890869141,0.6544016147190181,0.34191371446190755,1327104
Firehose Moderate Bi-Maxwellian (bigbox 40 di),ion,75000,9.895833333333334,0.312575101852417,3.1992311418078083,0.3126338720321655,0.3050803244113922,0.32038232684135437,5.785707950592041,5.784128189086914,5.622856616973877,5.948991298675537,0.6543206091494225,0.3417455072970055,1327104
Firehose Moderate Bi-Maxwellian (bigbox 40 di),ion,75500,9.961805555555555,0.31266239285469055,3.1983379608584674,0.31272196769714355,0.3051591217517853,0.3204825222492218,5.784344673156738,5.782865524291992,5.621884822845459,5.947521686553955,0.654239138051135,0.34157674519644443,1327104
Firehose Moderate Bi-Maxwellian (bigbox 40 di),ion,76000,10.027777777777779,0.3127494752407074,3.1974474113197178,0.31279847025871277,0.3052433729171753,0.32056117057800293,5.782993316650391,5.7814459800720215,5.62045955657959,5.946575164794922,0.6541583414524099,0.3414088662117025,1327104
Firehose Moderate Bi-Maxwellian (bigbox 40 di),ion,76500,10.09375,0.31283560395240784,3.196567102228337,0.31289780139923096,0.30533647537231445,0.3206508159637451,5.7816386222839355,5.780095100402832,5.61932373046875,5.9447407722473145,0.6540773073758914,0.3412417034234836,1327104
Firehose Moderate Bi-Maxwellian (bigbox 40 di),ion,77000,10.159722222222223,0.3129228353500366,3.1956760166812255,0.3129786252975464,0.30541810393333435,0.32074403762817383,5.780279636383057,5.77835750579834,5.617684364318848,5.943778991699219,0.6539959784278746,0.341073143077838,1327104
Firehose Moderate Bi-Maxwellian (bigbox 40 di),ion,77500,10.225694444444445,0.3130105137825012,3.1947808650761838,0.31307291984558105,0.305494487285614,0.3208380341529846,5.778916835784912,5.776980876922607,5.616349697113037,5.942460536956787,0.6539143827757901,0.34090386899328884,1327104
Firehose Moderate Bi-Maxwellian (bigbox 40 di),ion,78000,10.291666666666668,0.3130975365638733,3.193892903069825,0.3131590783596039,0.3055836260318756,0.3209215998649597,5.777553558349609,5.776200294494629,5.614809036254883,5.941117286682129,0.6538327200602687,0.3407351834963954,1327104
Firehose Moderate Bi-Maxwellian (bigbox 40 di),ion,78500,10.35763888888889,0.31318506598472595,3.1930002692043113,0.313241571187973,0.3056918978691101,0.3210022449493408,5.776199817657471,5.774535179138184,5.613535404205322,5.939657688140869,0.6537515904685068,0.3405665244837809,1327104
Firehose Moderate Bi-Maxwellian (bigbox 40 di),ion,79000,10.42361111111111,0.3132738471031189,3.1920953799594853,0.3133273124694824,0.30576270818710327,0.32110652327537537,5.7748284339904785,5.7731547355651855,5.612308502197266,5.938549041748047,0.6536693647506382,0.3403955176475193,1327104
Firehose Moderate Bi-Maxwellian (bigbox 40 di),ion,79500,10.489583333333334,0.3133602738380432,3.1912149799717078,0.31341856718063354,0.30583882331848145,0.32120004296302795,5.7734856605529785,5.771885395050049,5.610924243927002,5.936869144439697,0.6535888166026134,0.34022854276457015,1327104
Firehose Moderate Bi-Maxwellian (bigbox 40 di),ion,80000,10.555555555555555,0.31344807147979736,3.190321112135006,0.3135000169277191,0.30593305826187134,0.32128065824508667,5.7721266746521,5.770681858062744,5.609565258026123,5.9356255531311035,0.6535072577698504,0.34005918629005305,1327104
Firehose Moderate Bi-Maxwellian (bigbox 40 di),ion,80500,10.621527777777779,0.3135359287261963,3.1894271385825035,0.31361305713653564,0.3060191869735718,0.32137778401374817,5.770765781402588,5.768990516662598,5.6080241203308105,5.934521675109863,0.6534255459742643,0.339889617248068,1327104
Firehose Moderate Bi-Maxwellian (bigbox 40 di),ion,81000,10.6875,0.3136237859725952,3.188533665897972,0.31368088722229004,0.30610617995262146,0.3214815557003021,5.7694091796875,5.767831802368164,5.606626510620117,5.93320894241333,0.6533440534879292,0.339720267515334,1327104
Firehose Moderate Bi-Maxwellian (bigbox 40 di),ion,81500,10.753472222222223,0.31371021270751953,3.187655229230063,0.3137739896774292,0.3062041401863098,0.3215462863445282,5.768071174621582,5.766550064086914,5.605093955993652,5.9319376945495605,0.653263640573712,0.33955342786619247,1327104
Firehose Moderate Bi-Maxwellian (bigbox 40 di),ion,82000,10.819444444444445,0.31379759311676025,3.1867675913878415,0.3138747215270996,0.3062511086463928,0.32164767384529114,5.766721248626709,5.765307426452637,5.6038360595703125,5.930663108825684,0.653182473407002,0.3393848802902417,1327104
Firehose Moderate Bi-Maxwellian (bigbox 40 di),ion,82500,10.885416666666668,0.31388646364212036,3.185865323393354,0.3139490485191345,0.3063623309135437,0.32171323895454407,5.765357971191406,5.763721942901611,5.6025261878967285,5.929202079772949,0.6531004648811596,0.3392140012390392,1327104
Firehose Moderate Bi-Maxwellian (bigbox 40 di),ion,83000,10.95138888888889,0.3139744997024536,3.1849720310014886,0.31403058767318726,0.306450217962265,0.3218161165714264,5.763998031616211,5.762241840362549,5.601168155670166,5.927681922912598,0.6530186184953979,0.33904411879294427,1327104
Firehose Moderate Bi-Maxwellian (bigbox 40 di),ion,83500,11.01736111111111,0.31406188011169434,3.184085886655062,0.3141213655471802,0.30653634667396545,0.3219037652015686,5.762648105621338,5.761171817779541,5.599879741668701,5.926381587982178,0.6529373365607656,0.33887545644907124,1327104
Firehose Moderate Bi-Maxwellian (bigbox 40 di),ion,84000,11.083333333333334,0.31415048241615295,3.1831878541421657,0.31420281529426575,0.3066229224205017,0.32200464606285095,5.76128625869751,5.759515762329102,5.598569393157959,5.925022602081299,0.6528552982451261,0.33870481582897316,1327104
Firehose Moderate Bi-Maxwellian (bigbox 40 di),ion,84500,11.149305555555555,0.3142388164997101,3.182293044312438,0.31430166959762573,0.3066902160644531,0.3220933973789215,5.759938716888428,5.758326530456543,5.597052574157715,5.923649787902832,0.6527740834922601,0.33853526699255,1327104
Firehose Moderate Bi-Maxwellian (bigbox 40 di),ion,85000,11.215277777777779,0.3143261671066284,3.1814086915034707,0.31438571214675903,0.3067970871925354,0.3221864104270935,5.7585906982421875,5.7570695877075195,5.5956525802612305,5.922878265380859,0.6526928019714093,0.3383666348647809,1327104
Firehose Moderate Bi-Maxwellian (bigbox 40 di),ion,85500,11.28125,0.31441429257392883,3.180516991812222,0.31447577476501465,0.3068770170211792,0.322269082069397,5.75723934173584,5.755527496337891,5.594433784484863,5.921015739440918,0.6526112809829808,0.338196988409052,1327104
Firehose Moderate Bi-Maxwellian (bigbox 40 di),ion,86000,11.347222222222223,0.3145025670528412,3.179624285330507,0.3145558834075928,0.3069674074649811,0.32236868143081665,5.755884647369385,5.754328727722168,5.593250274658203,5.919431209564209,0.6525295202164865,0.3380269531636453,1327104
Firehose Moderate Bi-Maxwellian (bigbox 40 di),ion,86500,11.413194444444445,0.31459110975265503,3.1787293696450694,0.3146541118621826,0.30705347657203674,0.32244250178337097,5.754526138305664,5.753209114074707,5.5917744636535645,5.918769359588623,0.6524474905610784,0.3378563808084234,1327104
Firehose Moderate Bi-Maxwellian (bigbox 40 di),ion,87000,11.479166666666668,0.3146800398826599,3.1778310450605223,0.3147474527359009,0.3071442246437073,0.3225403428077698,5.753166198730469,5.7515459060668945,5.590294361114502,5.917209148406982,0.6523653357274237,0.3376852958447638,1327104
Firehose Moderate Bi-Maxwellian (bigbox 40 di),ion,87500,11.54513888888889,0.3147675693035126,3.1769473653613804,0.3148391842842102,0.30721816420555115,0.32264506816864014,5.751821041107178,5.750064849853516,5.588411808013916,5.916093826293945,0.6522840356634224,0.33751646635990984,1327104
Firehose Moderate Bi-Maxwellian (bigbox 40 di),ion,88000,11.61111111111111,0.31485632061958313,3.1760518513084692,0.3149181604385376,0.3073115348815918,0.3227292001247406,5.750466823577881,5.7486677169799805,5.587649345397949,5.914811134338379,0.6522021496064174,0.3373458289868343,1327104
Firehose Moderate Bi-Maxwellian (bigbox 40 di),ion,88500,11.677083333333334,0.31494519114494324,3.175155640143693,0.3150002360343933,0.3073800504207611,0.32282230257987976,5.749115467071533,5.747440338134766,5.585951805114746,5.913412570953369,0.6521203980933864,0.33717520694844316,1327104
Firehose Moderate Bi-Maxwellian (bigbox 40 di),ion,89000,11.743055555555555,0.31503280997276306,3.174272546680003,0.31509122252464294,0.30748727917671204,0.3228890001773834,5.747776508331299,5.746137619018555,5.5847272872924805,5.9117608070373535,0.65203935868052,0.3370065487077569,1327104
Firehose Moderate Bi-Maxwellian (bigbox 40 di),ion,89500,11.809027777777779,0.31512314081192017,3.1733626334882383,0.31517985463142395,0.3075694739818573,0.3229907155036926,5.746405124664307,5.744906425476074,5.583317756652832,5.910749435424805,0.6519563176261722,0.33683317681425207,1327104
Firehose Moderate Bi-Maxwellian (bigbox 40 di),ion,90000,11.875,0.31521135568618774,3.1724745379908246,0.3152776062488556,0.3076506555080414,0.32310178875923157,5.745060920715332,5.743608474731445,5.58212947845459,5.909063816070557,0.6518748839044557,0.33666352821826795,1327104
Firehose Moderate Bi-Maxwellian (bigbox 40 di),ion,90500,11.940972222222223,0.3153001368045807,3.1715812436192765,0.31536099314689636,0.3077333867549896,0.3231860399246216,5.743706703186035,5.742030143737793,5.580469608306885,5.907892227172852,0.6517928050033266,0.3364926681987459,1327104
Firehose Moderate Bi-Maxwellian (bigbox 40 di),ion,91000,12.006944444444445,0.31538861989974976,3.170691448276931,0.31546902656555176,0.3078376352787018,0.3232775032520294,5.742359161376953,5.740762710571289,5.579111099243164,5.906896114349365,0.6517110922890406,0.3363224723892908,1327104
Firehose Moderate Bi-Maxwellian (bigbox 40 di),ion,91500,12.072916666666668,0.31547844409942627,3.169788677177702,0.31553927063941956,0.3079075813293457,0.3233661651611328,5.741001129150391,5.739542007446289,5.577824115753174,5.90527868270874,0.6516287046444146,0.3361502605449883,1327104
Firehose Moderate Bi-Maxwellian (bigbox 40 di),ion,92000,12.13888888888889,0.31556612253189087,3.168907967612844,0.3156135678291321,0.30799299478530884,0.32344305515289307,5.739658832550049,5.738101005554199,5.576300144195557,5.904201984405518,0.6515472333202375,0.3359811107883466,1327104
Firehose Moderate Bi-Maxwellian (bigbox 40 di),ion,92500,12.20486111111111,0.315655916929245,3.168006510786086,0.3157031834125519,0.30808401107788086,0.323550283908844,5.738302707672119,5.736762523651123,5.57522439956665,5.902910232543945,0.6514648839758842,0.3358089670466392,1327104
Firehose Moderate Bi-Maxwellian (bigbox 40 di),ion,93000,12.270833333333334,0.3157452940940857,3.167109751767259,0.3158000409603119,0.30816060304641724,0.3236435651779175,5.736948490142822,5.73551082611084,5.573592185974121,5.901400566101074,0.6513826116032968,0.3356373175092111,1327104
Firehose Moderate Bi-Maxwellian (bigbox 40 di),ion,93500,12.336805555555555,0.31583479046821594,3.166212305229354,0.3158928155899048,0.3082588315010071,0.3237214684486389,5.735595703125,5.734101295471191,5.572546005249023,5.899900913238525,0.6513003873494232,0.33546559688120725,1327104
Firehose Moderate Bi-Maxwellian (bigbox 40 di),ion,94000,12.402777777777779,0.3159239888191223,3.1653183531198557,0.3159754276275635,0.30835992097854614,0.3238297700881958,5.734250068664551,5.732872009277344,5.571297645568848,5.898501396179199,0.6512185593493345,0.33529457053021217,1327104
Firehose Moderate Bi-Maxwellian (bigbox 40 di),ion,94500,12.46875,0.31601378321647644,3.164418937116353,0.3160654902458191,0.3084440231323242,0.3239188492298126,5.732899188995361,5.731382369995117,5.568920135498047,5.898089408874512,0.6511363737497569,0.3351225905332804,1327104
Firehose Moderate Bi-Maxwellian (bigbox 40 di),ion,95000,12.534722222222223,0.31610238552093506,3.163531962443135,0.3161623775959015,0.30852210521698,0.32398849725723267,5.73156213760376,5.729872703552246,5.568360328674316,5.895984649658203,0.651054991294894,0.3349526057739589,1327104
Firehose Moderate Bi-Maxwellian (bigbox 40 di),ion,95500,12.600694444444445,0.3161924183368683,3.1626311764838393,0.31623560190200806,0.30862507224082947,0.3241012692451477,5.730200290679932,5.728704452514648,5.566829204559326,5.894865989685059,0.6509720605660216,0.33477964222915335,1327104
Firehose Moderate Bi-Maxwellian (bigbox 40 di),ion,96000,12.666666666666668,0.31628337502479553,3.161721667860675,0.3163444399833679,0.3086913526058197,0.3241981863975525,5.728837966918945,5.727052688598633,5.56561803817749,5.893698692321777,0.6508890613508432,0.3346056863260477,1327104
Firehose Moderate Bi-Maxwellian (bigbox 40 di),ion,96500,12.73263888888889,0.3163711130619049,3.160844839219971,0.3164343535900116,0.3087798058986664,0.3242891728878021,5.727506160736084,5.725863456726074,5.564428329467773,5.892357349395752,0.650807883244081,0.3344367701821761,1327104
Firehose Moderate Bi-Maxwellian (bigbox 40 di),ion,97000,12.79861111111111,0.31646057963371277,3.1599512367620948,0.3165125846862793,0.30886828899383545,0.3243659436702728,5.726163864135742,5.7245893478393555,5.562530994415283,5.890896797180176,0.6507260275022075,0.33426544786849477,1327104
Firehose Moderate Bi-Maxwellian (bigbox 40 di),ion,97500,12.864583333333334,0.31655094027519226,3.159049216946423,0.31661319732666016,0.30896830558776855,0.3244398534297943,5.724802494049072,5.723174095153809,5.561605453491211,5.889034748077393,0.6506429694161504,0.33409202914095815,1327104
Firehose Moderate Bi-Maxwellian (bigbox 40 di),ion,98000,12.930555555555555,0.3166426122188568,3.1581346332148774,0.31669771671295166,0.30904093384742737,0.3245678246021271,5.723439693450928,5.721982002258301,5.559995651245117,5.888420104980469,0.650559784479164,0.33391717226030715,1327104
Firehose Moderate Bi-Maxwellian (bigbox 40 di),ion,98500,12.996527777777779,0.3167314827442169,3.157248503798313,0.3167839050292969,0.3091253638267517,0.32466423511505127,5.722102165222168,5.720523357391357,5.558735370635986,5.886905670166016,0.6504781036319809,0.33374662088776397,1327104
Firehose Moderate Bi-Maxwellian (bigbox 40 di),ion,99000,13.0625,0.31682002544403076,3.1563661375207466,0.3168807625770569,0.30923905968666077,0.3247339129447937,5.720771789550781,5.719364166259766,5.557707786560059,5.885252475738525,0.6503968216922968,0.3335767962482661,1327104
Firehose Moderate Bi-Maxwellian (bigbox 40 di),ion,99500,13.128472222222223,0.3169120252132416,3.155449842356493,0.3169834613800049,0.309309184551239,0.3248354196548462,5.7194037437438965,5.718202590942383,5.555996894836426,5.884189605712891,0.6503131987862062,0.3334011735729646,1327104
Firehose Moderate Bi-Maxwellian (bigbox 40 di),ion,100000,13.194444444444445,0.31700119376182556,3.1545622530094826,0.3170655369758606,0.3093911409378052,0.3249369263648987,5.7180562019348145,5.716293811798096,5.554385662078857,5.882987976074219,0.6502307900850535,0.3332295963232279,1327104
Firehose Moderate Bi-Maxwellian (bigbox 40 di),ion,100500,13.260416666666666,0.3170908987522125,3.1536698275955244,0.3171573877334595,0.3094991445541382,0.3250008225440979,5.716716289520264,5.714959144592285,5.553147792816162,5.881605625152588,0.650148809436923,0.33305791068471047,1327104
Firehose Moderate Bi-Maxwellian (bigbox 40 di),ion,101000,13.326388888888888,0.3171806335449219,3.1527776107376093,0.31724274158477783,0.3095725476741791,0.3250889182090759,5.7153754234313965,5.71389102935791,5.551931858062744,5.880100250244141,0.6500667319594484,0.33288609841452654,1327104
Firehose Moderate Bi-Maxwellian (bigbox 40 di),ion,101500,13.39236111111111,0.3172709047794342,3.1518805693676737,0.31733500957489014,0.3096574544906616,0.32521238923072815,5.714025497436523,5.71222448348999,5.550565719604492,5.87882137298584,0.6499840609921573,0.3327131562127231,1327104
Firehose Moderate Bi-Maxwellian (bigbox 40 di),ion,102000,13.458333333333336,0.3173610270023346,3.1509855178047546,0.3174121379852295,0.30974912643432617,0.3253108561038971,5.712680816650391,5.711090087890625,5.549068927764893,5.877718925476074,0.6499016724038342,0.33254064540149963,1327104
Firehose Moderate Bi-Maxwellian (bigbox 40 di),ion,102500,13.524305555555557,0.31745103001594543,3.1500921573628866,0.3175017833709717,0.309844970703125,0.32537493109703064,5.7113423347473145,5.709758758544922,5.54775333404541,5.876424312591553,0.6498196250937065,0.33236859507776106,1327104
Firehose Moderate Bi-Maxwellian (bigbox 40 di),ion,103000,13.590277777777779,0.31754302978515625,3.149179500732803,0.3175978362560272,0.3099190890789032,0.325491726398468,5.709980010986328,5.708600997924805,5.546456813812256,5.874986171722412,0.6497360768072944,0.33219304702213814,1327104
Firehose Moderate Bi-Maxwellian (bigbox 40 di),ion,103500,13.65625,0.3176318109035492,3.1482992750485437,0.31769251823425293,0.3100241422653198,0.3255685567855835,5.708647727966309,5.7070417404174805,5.54495906829834,5.873469352722168,0.6496543322857137,0.3320225213821645,1327104
Firehose Moderate Bi-Maxwellian (bigbox 40 di),ion,104000,13.722222222222223,0.31772199273109436,3.147405665576179,0.3177798390388489,0.31009796261787415,0.3256678879261017,5.7072978019714355,5.705526828765869,5.543669700622559,5.8724365234375,0.6495714663234933,0.3318494735923989,1327104
Firehose Moderate Bi-Maxwellian (bigbox 40 di),ion,104500,13.788194444444445,0.3178136646747589,3.146497810354915,0.3178621530532837,0.31019896268844604,0.32575714588165283,5.70595121383667,5.704685211181641,5.5424652099609375,5.870783805847168,0.6494887661937783,0.33167510151901936,1327104
Firehose Moderate Bi-Maxwellian (bigbox 40 di),ion,105000,13.854166666666666,0.3179030418395996,3.145613185118743,0.31796109676361084,0.31027427315711975,0.32584166526794434,5.704621315002441,5.703190326690674,5.5407257080078125,5.869692802429199,0.6494070527100108,0.33150401087041115,1327104
Firehose Moderate Bi-Maxwellian (bigbox 40 di),ion,105500,13.920138888888888,0.31799378991127014,3.1447154998813978,0.3180515766143799,0.3103671073913574,0.32593175768852234,5.703266620635986,5.701602935791016,5.539684295654297,5.868194580078125,0.6493237765242379,0.33132998661296775,1327104
Firehose Moderate Bi-Maxwellian (bigbox 40 di),ion,106000,13.98611111111111,0.3180839717388153,3.1438239233918983,0.3181496560573578,0.3104413151741028,0.3260418176651001,5.701937198638916,5.700542449951172,5.538608551025391,5.867148399353027,0.6492420154193541,0.3311580436805388,1327104
Firehose Moderate Bi-Maxwellian (bigbox 40 di),ion,106500,14.052083333333336,0.31817516684532166,3.1429228431461533,0.31823521852493286,0.3105469048023224,0.3261367082595825,5.700582027435303,5.699184894561768,5.5367350578308105,5.865793704986572,0.6491586314564792,0.3309834646111576,1327104
Firehose Moderate Bi-Maxwellian (bigbox 40 di),ion,107000,14.118055555555557,0.3182656168937683,3.1420296347430554,0.3183269500732422,0.31061187386512756,0.3262273371219635,5.699251651763916,5.69772481918335,5.535590171813965,5.864213466644287,0.6490767345953217,0.33081111770155336,1327104
Firehose Moderate Bi-Maxwellian (bigbox 40 di),ion,107500,14.184027777777779,0.31835657358169556,3.1411319350168325,0.318418949842453,0.31070515513420105,0.3263340890407562,5.697908878326416,5.696295738220215,5.534302234649658,5.863219261169434,0.6489940357580029,0.3306374621763073,1327104
Firehose Moderate Bi-Maxwellian (bigbox 40 di),ion,108000,14.25,0.3184479773044586,3.1402303398646803,0.31849658489227295,0.31081175804138184,0.3263881504535675,5.696554660797119,5.694977760314941,5.533191204071045,5.861286640167236,0.6489105926142136,0.33046261530975496,1327104
Firehose Moderate Bi-Maxwellian (bigbox 40 di),ion,108500,14.315972222222223,0.3185397684574127,3.139325443861165,0.3185948431491852,0.31089943647384644,0.3264988660812378,5.695205211639404,5.693883419036865,5.531569957733154,5.860143184661865,0.6488274038110935,0.3302876353536808,1327104
Firehose Moderate Bi-Maxwellian (bigbox 40 di),ion,109000,14.381944444444445,0.3186301290988922,3.1384351593745023,0.31868892908096313,0.31099268794059753,0.32660430669784546,5.693878650665283,5.692639350891113,5.530121326446533,5.858892440795898,0.6487455875501814,0.3301154584512892,1327104
Firehose Moderate Bi-Maxwellian (bigbox 40 di),ion,109500,14.447916666666666,0.31872087717056274,3.1375415657658734,0.31876933574676514,0.3110792934894562,0.3266852796077728,5.692536354064941,5.690927505493164,5.52866792678833,5.857946395874023,0.64866276197396,0.32994188480339726,1327104
Firehose Moderate Bi-Maxwellian (bigbox 40 di),ion,110000,14.513888888888888,0.3188127279281616,3.1366376320625786,0.3188793659210205,0.3111814856529236,0.32676106691360474,5.691184043884277,5.6895341873168945,5.527660369873047,5.856226444244385,0.6485792790079963,0.32976655107983466,1327104
Firehose Moderate Bi-Maxwellian (bigbox 40 di),ion,110500,14.57986111111111,0.3189045488834381,3.1357345121016356,0.3189508616924286,0.3112511932849884,0.32688143849372864,5.689846992492676,5.688338279724121,5.526315212249756,5.854873180389404,0.6484966990081018,0.3295921501246637,1327104
Firehose Moderate Bi-Maxwellian (bigbox 40 di),ion,111000,14.645833333333336,0.3189954161643982,3.134841284003397,0.31905823945999146,0.3113415241241455,0.32697075605392456,5.688500881195068,5.6871795654296875,5.524623394012451,5.853823184967041,0.6484135202278759,0.3294181040634777,1327104
Firehose Moderate Bi-Maxwellian (bigbox 40 di),ion,111500,14.711805555555557,0.3190876245498657,3.1339353928585973,0.3191530704498291,0.3114265501499176,0.3270658552646637,5.687150478363037,5.685975074768066,5.523507118225098,5.852257251739502,0.64833003670132,0.3292424121514542,1327104
Firehose Moderate Bi-Maxwellian (bigbox 40 di),ion,112000,14.777777777777779,0.3191794455051422,3.1330338280943257,0.31924012303352356,0.31152039766311646,0.327168345451355,5.6858086585998535,5.684175491333008,5.5223002433776855,5.850979804992676,0.6482470445123094,0.3290675990071672,1327104
Firehose Moderate Bi-Maxwellian (bigbox 40 di),ion,112500,14.84375,0.31926989555358887,3.132146230906233,0.31931692361831665,0.3116188645362854,0.3272336423397064,5.684482097625732,5.682974815368652,5.520522117614746,5.849648475646973,0.6481649575718866,0.32889506201829777,1327104
Firehose Moderate Bi-Maxwellian (bigbox 40 di),ion,113000,14.909722222222223,0.3193616271018982,3.1312465717145526,0.31942838430404663,0.3117007315158844,0.32735151052474976,5.683138847351074,5.681614875793457,5.519162178039551,5.848782539367676,0.6480817988580017,0.32872017175610346,1327104
Firehose Moderate Bi-Maxwellian (bigbox 40 di),ion,113500,14.975694444444445,0.3194538950920105,3.130342172575406,0.3195132315158844,0.31178656220436096,0.32742536067962646,5.681800842285156,5.680150985717773,5.518452167510986,5.846770763397217,0.6479989257779717,0.3285450306859612,1327104
Firehose Moderate Bi-Maxwellian (bigbox 40 di),ion,114000,15.041666666666666,0.31954625248908997,3.1294374201247823,0.3196028470993042,0.31187963485717773,0.32752978801727295,5.6804518699646,5.679049491882324,5.516838550567627,5.845797538757324,0.6479153338883119,0.32836908139922194,1327104
Firehose Moderate Bi-Maxwellian (bigbox 40 di),ion,114500,15.107638888888888,0.31963881850242615,3.1285311486421032,0.3197009265422821,0.3119898736476898,0.3276263475418091,5.679099082946777,5.677677154541016,5.515328407287598,5.8442063331604,0.6478314657327235,0.3281926472302974,1327104
Firehose Moderate Bi-Maxwellian (bigbox 40 di),ion,115000,15.17361111111111,0.3197316825389862,3.1276224866394524,0.31979668140411377,0.3120728135108948,0.3277204632759094,5.677748680114746,5.676022529602051,5.513906955718994,5.8430495262146,0.6477477055290195,0.3280160229900333,1327104
Firehose Moderate Bi-Maxwellian (bigbox 40 di),ion,115500,15.239583333333336,0.3198232352733612,3.1267271721057854,0.31989169120788574,0.3121504783630371,0.3278256952762604,5.676420211791992,5.675196647644043,5.5124969482421875,5.842354774475098,0.647665266950239,0.32784203167687775,1327104
Firehose Moderate Bi-Maxwellian (bigbox 40 di),ion,116000,15.305555555555557,0.3199155330657959,3.1258250901944593,0.31997209787368774,0.3122463822364807,0.32790884375572205,5.675073623657227,5.6737141609191895,5.511380195617676,5.840591907501221,0.6475816645509656,0.32766613148516965,1327104
Firehose Moderate Bi-Maxwellian (bigbox 40 di),ion,116500,15.371527777777779,0.3200075030326843,3.1249267299144043,0.32005324959754944,0.31232666969299316,0.32800212502479553,5.6737380027771,5.672536849975586,5.509743690490723,5.838993549346924,0.6474987038490201,0.32749120081633576,1327104
Firehose Moderate Bi-Maxwellian (bigbox 40 di),ion,117000,15.4375,0.32010117173194885,3.124012307075824,0.32015755772590637,0.31243032217025757,0.32809948921203613,5.672391891479492,5.671043872833252,5.508575916290283,5.837701797485352,0.6474150520163808,0.327313880284432,1327104
Firehose Moderate Bi-Maxwellian (bigbox 40 di),ion,117500,15.503472222222223,0.3201923966407776,3.123122255529058,0.3202553391456604,0.3125290870666504,0.32817769050598145,5.67104959487915,5.669674873352051,5.507368564605713,5.836275577545166,0.647331597698253,0.3271392010574754,1327104
Firehose Moderate Bi-Maxwellian (bigbox 40 di),ion,118000,15.569444444444445,0.3202850818634033,3.1222184754345963,0.32034891843795776,0.3126104474067688,0.3282933235168457,5.669722080230713,5.668462753295898,5.505799293518066,5.835109710693359,0.6472490235502661,0.3269639416868628,1327104
Firehose Moderate Bi-Maxwellian (bigbox 40 di),ion,118500,15.635416666666666,0.3203773498535156,3.1213192832053345,0.3204495906829834,0.3126794397830963,0.3283955752849579,5.66837215423584,5.666848182678223,5.504744052886963,5.833550453186035,0.6471650157081787,0.3267876658546631,1327104
Firehose Moderate Bi-Maxwellian (bigbox 40 di),ion,119000,15.701388888888888,0.32047054171562195,3.12041161301926,0.3205524981021881,0.3127911388874054,0.3284652531147003,5.667022228240967,5.6656494140625,5.503172397613525,5.832477569580078,0.6470809678435308,0.3266104261279088,1327104
Firehose Moderate Bi-Maxwellian (bigbox 40 di),ion,119500,15.76736111111111,0.32056304812431335,3.1195111409478584,0.3206259608268738,0.3128642439842224,0.32858097553253174,5.66568660736084,5.6645307540893555,5.501622676849365,5.831038475036621,0.6469977712142414,0.32643472308992805,1327104
Firehose Moderate Bi-Maxwellian (bigbox 40 di),ion,120000,15.833333333333336,0.3206563889980316,3.118603072668353,0.3207157850265503,0.3129478096961975,0.3286806643009186,5.664343357086182,5.6630539894104,5.500510215759277,5.829860210418701,0.646914059773942,0.3262576707759104,1327104
Firehose Moderate Bi-Maxwellian (bigbox 40 di),ion,120500,15.899305555555557,0.3207487165927887,3.1177053820282774,0.32080262899398804,0.31305745244026184,0.3287692964076996,5.663000106811523,5.661663055419922,5.499114036560059,5.8283538818359375,0.6468303086213302,0.3260815920285415,1327104
Firehose Moderate Bi-Maxwellian (bigbox 40 di),ion,121000,15.965277777777779,0.32084164023399353,3.1168024177618854,0.3209015130996704,0.31315189599990845,0.32886356115341187,5.661665916442871,5.660457611083984,5.497788429260254,5.827174663543701,0.6467470830111137,0.3259054427771202,1327104
Firehose Moderate Bi-Maxwellian (bigbox 40 di),ion,121500,16.03125,0.3209340274333954,3.1159051846178376,0.320991575717926,0.31323298811912537,0.3289497196674347,5.660335063934326,5.658695220947266,5.496554374694824,5.826098442077637,0.646664026526751,0.32572999909335565,1327104
Firehose Moderate Bi-Maxwellian (bigbox 40 di),ion,122000,16.09722222222222,0.32102805376052856,3.1149925630672506,0.32108408212661743,0.31333208084106445,0.32903459668159485,5.658978462219238,5.657364845275879,5.495059967041016,5.8240227699279785,0.6465793228667502,0.3255512691062217,1327104
Firehose Moderate Bi-Maxwellian (bigbox 40 di),ion,122500,16.163194444444443,0.32112056016921997,3.1140952154325867,0.3211832046508789,0.3134266436100006,0.32913938164711,5.65764856338501,5.656339168548584,5.49392032623291,5.823248863220215,0.6464962470550863,0.3253756868858664,1327104
Firehose Moderate Bi-Maxwellian (bigbox 40 di),ion,123000,16.229166666666668,0.32121360301971436,3.113193185466138,0.32127949595451355,0.31350332498550415,0.3292378783226013,5.656307697296143,5.654870986938477,5.492329120635986,5.8219757080078125,0.6464124465937293,0.32519884357401496,1327104
Firehose Moderate Bi-Maxwellian (bigbox 40 di),ion,123500,16.29513888888889,0.3213070333003998,3.112287925129449,0.32135242223739624,0.31361520290374756,0.32933309674263,5.654971122741699,5.653580188751221,5.491735935211182,5.819958686828613,0.6463288747917885,0.3250218414913887,1327104
Firehose Moderate Bi-Maxwellian (bigbox 40 di),ion,124000,16.36111111111111,0.32139983773231506,3.111389249775764,0.3214535713195801,0.31368663907051086,0.3294403851032257,5.65363073348999,5.652612686157227,5.489668846130371,5.819014549255371,0.6462450247850908,0.32484518705277576,1327104
Firehose Moderate Bi-Maxwellian (bigbox 40 di),ion,124500,16.427083333333336,0.32149335741996765,3.1104841730639468,0.32153818011283875,0.31378135085105896,0.3295295536518097,5.652291297912598,5.650763511657715,5.488564968109131,5.817878723144531,0.6461611947107886,0.32466783729082094,1327104
Firehose Moderate Bi-Maxwellian (bigbox 40 di),ion,125000,16.493055555555557,0.32158637046813965,3.1095845217080567,0.321638822555542,0.31385600566864014,0.3296263515949249,5.6509599685668945,5.6496195793151855,5.487248420715332,5.81669807434082,0.6460778325939535,0.3244914621258138,1327104
Firehose Moderate Bi-Maxwellian (bigbox 40 di),ion,125500,16.55902777777778,0.3216795027256012,3.1086842385883044,0.32174766063690186,0.31396329402923584,0.3297131657600403,5.6496262550354,5.648406982421875,5.485447883605957,5.8152947425842285,0.6459942817956428,0.3243147790700416,1327104
Firehose Moderate Bi-Maxwellian (bigbox 40 di),ion,126000,16.625,0.32177290320396423,3.1077818860531075,0.32182860374450684,0.3140566945075989,0.32982635498046875,5.648286819458008,5.646803855895996,5.4844465255737305,5.813824653625488,0.6459103328269166,0.32413742962295233,1327104
Firehose Moderate Bi-Maxwellian (bigbox 40 di),ion,126500,16.69097222222222,0.3218669593334198,3.1068737284217693,0.32193171977996826,0.3141480088233948,0.32991644740104675,5.646948337554932,5.645694732666016,5.483343601226807,5.812562942504883,0.6458264038473605,0.32395944451394065,1327104
Firehose Moderate Bi-Maxwellian (bigbox 40 di),ion,127000,16.756944444444443,0.3219616413116455,3.105960063832702,0.3220266103744507,0.3142423927783966,0.33000946044921875,5.645596027374268,5.644327163696289,5.481684684753418,5.811397075653076,0.6457415673557876,0.3237799260441421,1327104
Firehose Moderate Bi-Maxwellian (bigbox 40 di),ion,127500,16.822916666666668,0.32205507159233093,3.105059004522793,0.32211393117904663,0.31433770060539246,0.3301033079624176,5.644259929656982,5.642927169799805,5.480294704437256,5.809566974639893,0.6456577080209795,0.3236026364286486,1327104
Firehose Moderate Bi-Maxwellian (bigbox 40 di),ion,128000,16.88888888888889,0.32214945554733276,3.104149278480069,0.3222244381904602,0.31441885232925415,0.3302042484283447,5.642922401428223,5.641628265380859,5.478727340698242,5.808960437774658,0.6455737191257849,0.3234242635784521,1327104
Firehose Moderate Bi-Maxwellian (bigbox 40 di),ion,128500,16.95486111111111,0.32224196195602417,3.103258166409961,0.32230252027511597,0.3145124316215515,0.33030083775520325,5.641602516174316,5.640020370483398,5.477483749389648,5.807625770568848,0.6454907990653266,0.3232488371093024,1327104
Firehose Moderate Bi-Maxwellian (bigbox 40 di),ion,129000,17.020833333333336,0.3223359286785126,3.1023535108224554,0.3223825693130493,0.3146008253097534,0.3303849697113037,5.640262603759766,5.63905668258667,5.476423740386963,5.806062698364258,0.6454065811285432,0.32307065245003064,1327104
Firehose Moderate Bi-Maxwellian (bigbox 40 di),ion,129500,17.086805555555557,0.32243064045906067,3.1014422158398154,0.32247060537338257,0.3146902322769165,0.3304956257343292,5.638920307159424,5.637518405914307,5.475140571594238,5.804671764373779,0.6453221732073937,0.32289153274833304,1327104
Firehose Moderate Bi-Maxwellian (bigbox 40 di),ion,130000,17.15277777777778,0.3225242793560028,3.10054177005446,0.3225822448730469,0.314791738986969,0.3305783271789551,5.637588977813721,5.636016845703125,5.473454475402832,5.8031134605407715,0.6452384152390607,0.32271413588305786,1327104
Firehose Moderate Bi-Maxwellian (bigbox 40 di),ion,130500,17.21875,0.32261922955513,3.09962924832141,0.32268714904785156,0.3148885667324066,0.33068016171455383,5.636246204376221,5.634956359863281,5.472506523132324,5.801782131195068,0.645153897207841,0.322534667652711,1327104
Firehose Moderate Bi-Maxwellian (bigbox 40 di),ion,131000,17.28472222222222,0.32271233201026917,3.0987350057889285,0.32277655601501465,0.3149827718734741,0.3307717740535736,5.634929656982422,5.6335344314575195,5.471056938171387,5.800491809844971,0.6450709908114406,0.3223586588011714,1327104
Firehose Moderate Bi-Maxwellian (bigbox 40 di),ion,131500,17.350694444444443,0.32280683517456055,3.0978278370693157,0.3228756785392761,0.3150493800640106,0.33088418841362,5.633587837219238,5.63220739364624,5.469655990600586,5.799476146697998,0.6449864530758416,0.322179617901281,1327104
Firehose Moderate Bi-Maxwellian (bigbox 40 di),ion,132000,17.416666666666668,0.32290107011795044,3.096923771837351,0.3229605257511139,0.31516364216804504,0.33094727993011475,5.632257461547852,5.630823135375977,5.468562126159668,5.797829627990723,0.6449025965779693,0.3220015264600189,1327104
Firehose Moderate Bi-Maxwellian (bigbox 40 di),ion,132500,17.48263888888889,0.3229963183403015,3.096010521539205,0.32305461168289185,0.31525105237960815,0.3310658037662506,5.630908489227295,5.629607200622559,5.466826915740967,5.796618938446045,0.6448175274334016,0.3218212090931001,1327104
Firehose Moderate Bi-Maxwellian (bigbox 40 di),ion,133000,17.54861111111111,0.32308968901634216,3.0951157960024505,0.3231493830680847,0.31534117460250854,0.3311569094657898,5.629586219787598,5.628319263458252,5.46582555770874,5.795312881469727,0.6447341026645721,0.32164441364822993,1327104
Firehose Moderate Bi-Maxwellian (bigbox 40 di),ion,133500,17.614583333333336,0.32318365573883057,3.0942158807935343,0.3232532739639282,0.3154371976852417,0.3312518298625946,5.628259658813477,5.626819610595703,5.46425724029541,5.79403018951416,0.6446503677441153,0.32146671200528476,1327104
Firehose Moderate Bi-Maxwellian (bigbox 40 di),ion,134000,17.680555555555557,0.3232782781124115,3.093310215084344,0.32333904504776,0.3155233561992645,0.33136051893234253,5.62692403793335,5.625510215759277,5.463099956512451,5.7928786277771,0.6445660210592503,0.3212877429468388,1327104
Firehose Moderate Bi-Maxwellian (bigbox 40 di),ion,134500,17.74652777777778,0.3233718276023865,3.092415339377016,0.3234333097934723,0.31561532616615295,0.3314346373081207,5.625593662261963,5.624367713928223,5.461770057678223,5.791645526885986,0.644481965802729,0.3211101382003425,1327104
Firehose Moderate Bi-Maxwellian (bigbox 40 di),ion,135000,17.8125,0.32346776127815247,3.0914981945916153,0.3235180974006653,0.31571120023727417,0.33154594898223877,5.624248027801514,5.622596263885498,5.460577487945557,5.789755821228027,0.64439690601949,0.3209291447413375,1327104
Firehose Moderate Bi-Maxwellian (bigbox 40 di),ion,135500,17.87847222222222,0.32356321811676025,3.090586148265908,0.3236195147037506,0.3157821595668793,0.3316681981086731,5.622907638549805,5.6215057373046875,5.458902835845947,5.788790702819824,0.6443121373205025,0.32074891920374227,1327104
Firehose Moderate Bi-Maxwellian (bigbox 40 di),ion,136000,17.944444444444446,0.32365819811820984,3.0896791918577313,0.3237326741218567,0.3158864676952362,0.3317430019378662,5.621575355529785,5.6204352378845215,5.457550525665283,5.787571907043457,0.6442278412166695,0.3205696430984597,1327104
Firehose Moderate Bi-Maxwellian (bigbox 40 di),ion,136500,18.010416666666668,0.3237525224685669,3.088779022863335,0.3238217830657959,0.31599006056785583,0.3318443298339844,5.620244979858398,5.619010925292969,5.456054210662842,5.786155700683594,0.6441436259153263,0.32039110344675936,1327104
Firehose Moderate Bi-Maxwellian (bigbox 40 di),ion,137000,18.07638888888889,0.3238488435745239,3.087860339294003,0.32390743494033813,0.3160940408706665,0.3319377899169922,5.618902206420898,5.617796897888184,5.454754829406738,5.784852504730225,0.6440585853737522,0.32020974179922823,1327104
Firehose Moderate Bi-Maxwellian (bigbox 40 di),ion,137500,18.14236111111111,0.32394373416900635,3.0869558337506997,0.32402127981185913,0.31616413593292236,0.332032173871994,5.617579460144043,5.616127967834473,5.4535675048828125,5.783281326293945,0.6439747734429524,0.32003103927394605,1327104
Firehose Moderate Bi-Maxwellian (bigbox 40 di),ion,138000,18.208333333333336,0.324038565158844,3.0860524256111277,0.32410895824432373,0.3162594139575958,0.3321378827095032,5.616246223449707,5.615059852600098,5.452081680297852,5.782419681549072,0.6438902568677757,0.3198516917089317,1327104
Firehose Moderate Bi-Maxwellian (bigbox 40 di),ion,138500,18.274305555555557,0.3241347074508667,3.085137064970381,0.3241850435733795,0.3163501024246216,0.3322451114654541,5.614912033081055,5.613960266113281,5.451087951660156,5.780765056610107,0.6438056396579831,0.3196709322071164,1327104
Firehose Moderate Bi-Maxwellian (bigbox 40 di),ion,139000,18.34027777777778,0.32423028349876404,3.0842276335480303,0.324293315410614,0.31645822525024414,0.3323105573654175,5.6135687828063965,5.612409591674805,5.449952125549316,5.779676914215088,0.6437204072165768,0.3194901237178127,1327104
Firehose Moderate Bi-Maxwellian (bigbox 40 di),ion,139500,18.40625,0.3243262767791748,3.0833147715652824,0.3243897259235382,0.3165518045425415,0.3324283957481384,5.612236976623535,5.6110310554504395,5.4482293128967285,5.778194427490234,0.6436358606504797,0.3193095838713049,1327104
Firehose Moderate Bi-Maxwellian (bigbox 40 di),ion,140000,18.47222222222222,0.3244204819202423,3.082419439367724,0.32449251413345337,0.3166189193725586,0.3325378894805908,5.610911846160889,5.609739780426025,5.447202682495117,5.777087211608887,0.6435516980420135,0.3191312161217712,1327104
Firehose Moderate Bi-Maxwellian (bigbox 40 di),ion,140500,18.538194444444446,0.32451656460762024,3.0815067983020246,0.3245852291584015,0.3167370557785034,0.33262649178504944,5.609575271606445,5.60822868347168,5.44555139541626,5.775692462921143,0.6434667683089581,0.31895020370133786,1327104
Firehose Moderate Bi-Maxwellian (bigbox 40 di),ion,141000,18.604166666666668,0.32461291551589966,3.080592152073566,0.3246944546699524,0.31682288646698,0.3327251672744751,5.6082329750061035,5.606874465942383,5.444309711456299,5.774332523345947,0.6433814342390397,0.31876851872314005,1327104
Firehose Moderate Bi-Maxwellian (bigbox 40 di),ion,141500,18.67013888888889,0.3247087597846985,3.0796828538381913,0.32475483417510986,0.31691884994506836,0.33282238245010376,5.606897354125977,5.605630874633789,5.44275426864624,5.772788047790527,0.643296484012098,0.31858772422739956,1327104
Firehose Moderate Bi-Maxwellian (bigbox 40 di),ion,142000,18.73611111111111,0.3248039782047272,3.0787800245774393,0.3248831629753113,0.31702303886413574,0.3329136371612549,5.605576992034912,5.604147434234619,5.441731929779053,5.771490097045898,0.643212464507785,0.31840848630305785,1327104
Firehose Moderate Bi-Maxwellian (bigbox 40 di),ion,142500,18.802083333333336,0.32490092515945435,3.077861349607489,0.32496377825737,0.31710347533226013,0.33302736282348633,5.6042351722717285,5.602907180786133,5.440218925476074,5.770091533660889,0.6431270390123044,0.31822611385285005,1327104
Firehose Moderate Bi-Maxwellian (bigbox 40 di),ion,143000,18.868055555555557,0.3249969184398651,3.076952251733526,0.32505813241004944,0.31719741225242615,0.33312538266181946,5.602899551391602,5.601579666137695,5.4391021728515625,5.768956184387207,0.643041967528535,0.31804504908866993,1327104
Firehose Moderate Bi-Maxwellian (bigbox 40 di),ion,143500,18.93402777777778,0.32509204745292664,3.076051868493646,0.325161874294281,0.31729719042778015,0.33322423696517944,5.60157585144043,5.6001482009887695,5.437716007232666,5.767498970031738,0.6429576153136076,0.317865567860681,1327104
Firehose Moderate Bi-Maxwellian (bigbox 40 di),ion,144000,19.0,0.3251890540122986,3.0751342570164746,0.3252508044242859,0.31738054752349854,0.3333185017108917,5.600235939025879,5.598956108093262,5.436008930206299,5.7663984298706055,0.6428721893549567,0.31768313534265813,1327104
Firehose Moderate Bi-Maxwellian (bigbox 40 di),ion,144500,19.06597222222222,0.32528430223464966,3.0742338106393836,0.3253408372402191,0.31749406456947327,0.33340349793434143,5.598910331726074,5.597736358642578,5.434835910797119,5.765117645263672,0.642787635181965,0.31750333294731536,1327104
Firehose Moderate Bi-Maxwellian (bigbox 40 di),ion,145000,19.131944444444446,0.3253803253173828,3.0733265726026273,0.3254432678222656,0.3175475299358368,0.33352482318878174,5.597586154937744,5.596485614776611,5.433408260345459,5.763969421386719,0.6427031322714418,0.317322806954059,1327104
Firehose Moderate Bi-Maxwellian (bigbox 40 di),ion,145500,19.197916666666668,0.32547757029533386,3.0724083355194454,0.3255414366722107,0.3176685571670532,0.33362239599227905,5.596247673034668,5.594749450683594,5.431881904602051,5.762643814086914,0.6426176758335889,0.317140105538255,1327104
Firehose Moderate Bi-Maxwellian (bigbox 40 di),ion,146000,19.26388888888889,0.32557469606399536,3.0714917715946783,0.32565009593963623,0.3177562654018402,0.3337225615978241,5.594912052154541,5.59354305267334,5.430832862854004,5.761211395263672,0.6425323613031912,0.3169576652391959,1327104
Firehose Moderate Bi-Maxwellian (bigbox 40 di),ion,146500,19.32986111111111,0.32567089796066284,3.070584465059534,0.32573509216308594,0.3178453743457794,0.33382147550582886,5.593582630157471,5.592249870300293,5.429403305053711,5.759833335876465,0.6424474022754008,0.3167765043147379,1327104
Firehose Moderate Bi-Maxwellian (bigbox 40 di),ion,147000,19.395833333333336,0.3257673680782318,3.069675166973304,0.3258320391178131,0.317961186170578,0.33390966057777405,5.592252731323242,5.590860843658447,5.428442478179932,5.758203029632568,0.6423623723588832,0.31659500428065135,1327104
Firehose Moderate Bi-Maxwellian (bigbox 40 di),ion,147500,19.461805555555557,0.32586315274238586,3.068772862424735,0.32593053579330444,0.3180325925350189,0.33400967717170715,5.590935707092285,5.589315414428711,5.427299499511719,5.756613731384277,0.6422781257414686,0.3164149729990827,1327104
Firehose Moderate Bi-Maxwellian (bigbox 40 di),ion,148000,19.52777777777778,0.3259601593017578,3.067859587938934,0.3260342478752136,0.3181331157684326,0.33409014344215393,5.589597225189209,5.588067054748535,5.42539119720459,5.7557759284973145,0.6421924658565539,0.31623230655479606,1327104
Firehose Moderate Bi-Maxwellian (bigbox 40 di),ion,148500,19.59375,0.3260560631752014,3.0669572289556375,0.32610365748405457,0.3182520568370819,0.3342156410217285,5.58827543258667,5.587040424346924,5.424259185791016,5.7542724609375,0.6421078337804386,0.31605177060523715,1327104
Firehose Moderate Bi-Maxwellian (bigbox 40 di),ion,149000,19.65972222222222,0.3261551260948181,3.0660257036993044,0.3262213468551636,0.31832635402679443,0.3343222439289093,5.58692741394043,5.585542678833008,5.422729015350342,5.753198146820068,0.6420214812511031,0.31586635515628503,1327104
Firehose Moderate Bi-Maxwellian (bigbox 40 di),ion,149500,19.725694444444446,0.32625043392181396,3.065130022906423,0.32630717754364014,0.3184179961681366,0.3344027101993561,5.585610866546631,5.584547996520996,5.421496391296387,5.751832008361816,0.6419371045021396,0.3156866705803256,1327104
Firehose Moderate Bi-Maxwellian (bigbox 40 di),ion,150000,19.791666666666668,0.32634812593460083,3.0642124790396283,0.3263920843601227,0.3185444474220276,0.33450567722320557,5.584270477294922,5.583102703094482,5.420206069946289,5.750697135925293,0.6418511588699369,0.3155030329353361,1327104
Firehose Moderate Bi-Maxwellian (bigbox 40 di),ion,150500,19.85763888888889,0.3264434337615967,3.0633178571767665,0.3265019953250885,0.3186165392398834,0.334595263004303,5.5829596519470215,5.581952095031738,5.419114589691162,5.748990535736084,0.6417670689591115,0.31532363519751483,1327104
Firehose Moderate Bi-Maxwellian (bigbox 40 di),ion,151000,19.92361111111111,0.3265412747859955,3.0624000002920533,0.3265983462333679,0.31872719526290894,0.3346896767616272,5.581619739532471,5.580257892608643,5.4176716804504395,5.747952461242676,0.6416810722818025,0.315139797495807,1327104
Firehose Moderate Bi-Maxwellian (bigbox 40 di),ion,151500,19.989583333333336,0.32663750648498535,3.0614977770348837,0.32670360803604126,0.31881803274154663,0.3348059356212616,5.580297946929932,5.57908821105957,5.416241645812988,5.746124267578125,0.6415961980846696,0.31495869159968426,1327104
Firehose Moderate Bi-Maxwellian (bigbox 40 di),ion,152000,20.055555555555557,0.3267362117767334,3.060572914652398,0.32678353786468506,0.31888771057128906,0.33489152789115906,5.578953266143799,5.577614784240723,5.414719104766846,5.7452006340026855,0.6415098129362158,0.3147736011594824,1327104
Firehose Moderate Bi-Maxwellian (bigbox 40 di),ion,152500,20.12152777777778,0.3268331289291382,3.0596653505612443,0.3268899917602539,0.3189813792705536,0.33500784635543823,5.577629089355469,5.576639175415039,5.413378715515137,5.743793487548828,0.641424704303686,0.31459157537454785,1327104
Firehose Moderate Bi-Maxwellian (bigbox 40 di),ion,153000,20.1875,0.3269309401512146,3.0587499596626504,0.3269934058189392,0.3190891146659851,0.3351202607154846,5.576298713684082,5.575002670288086,5.412653923034668,5.742637634277344,0.641339156546249,0.31440821639503436,1327104
Firehose Moderate Bi-Maxwellian (bigbox 40 di),ion,153500,20.25347222222222,0.3270280957221985,3.0578412469168184,0.3270934820175171,0.31918591260910034,0.3352019190788269,5.574973106384277,5.573740005493164,5.411012649536133,5.741180419921875,0.641253874801716,0.31422577907951754,1327104
Firehose Moderate Bi-Maxwellian (bigbox 40 di),ion,154000,20.319444444444446,0.3271249830722809,3.05693558042628,0.32717907428741455,0.31929171085357666,0.3353070020675659,5.573648452758789,5.572269439697266,5.410053730010986,5.739895820617676,0.6411686138887966,0.31404363081651576,1327104
Firehose Moderate Bi-Maxwellian (bigbox 40 di),ion,154500,20.385416666666668,0.3272237181663513,3.056013193675735,0.3272830843925476,0.3193707764148712,0.33540648221969604,5.5723137855529785,5.571030139923096,5.408085346221924,5.738389492034912,0.6410826674575854,0.31385894929123404,1327104
Firehose Moderate Bi-Maxwellian (bigbox 40 di),ion,155000,20.45138888888889,0.3273216485977173,3.055098873796195,0.3273930251598358,0.3194616436958313,0.3354995548725128,5.570980072021484,5.569889545440674,5.406915664672852,5.737185478210449,0.640996741301521,0.31367509270380367,1327104
Firehose Moderate Bi-Maxwellian (bigbox 40 di),ion,155500,20.51736111111111,0.32741957902908325,3.054185100858536,0.3274843692779541,0.3195744752883911,0.33561161160469055,5.569646835327148,5.568322658538818,5.405840873718262,5.735652446746826,0.6409108047364147,0.31349122570733146,1327104
Firehose Moderate Bi-Maxwellian (bigbox 40 di),ion,156000,20.583333333333336,0.32751792669296265,3.053267984739862,0.32758474349975586,0.31965577602386475,0.3357119560241699,5.568317890167236,5.567124366760254,5.404163837432861,5.734518051147461,0.6408251038376092,0.3133071771446465,1327104
Firehose Moderate Bi-Maxwellian (bigbox 40 di),ion,156500,20.649305555555557,0.32761505246162415,3.0523628034982826,0.32766827940940857,0.31976616382598877,0.3357970714569092,5.566989898681641,5.565962314605713,5.402697563171387,5.73340368270874,0.640739423566471,0.3131243711048468,1327104
Firehose Moderate Bi-Maxwellian (bigbox 40 di),ion,157000,20.71527777777778,0.32771220803260803,3.0514578813020536,0.3277592062950134,0.31985703110694885,0.3358955979347229,5.565677165985107,5.564208984375,5.401838302612305,5.732072353363037,0.640654687587147,0.312942479554539,1327104
Firehose Moderate Bi-Maxwellian (bigbox 40 di),ion,157500,20.78125,0.32781195640563965,3.05052936739923,0.32786625623703003,0.31993556022644043,0.33601582050323486,5.564327716827393,5.563250541687012,5.400351524353027,5.7304463386535645,0.6405675399111219,0.31275558350548227,1327104
Firehose Moderate Bi-Maxwellian (bigbox 40 di),ion,158000,20.84722222222222,0.32791078090667725,3.0496100104881823,0.3279908001422882,0.3200560212135315,0.3361024856567383,5.562994956970215,5.561343669891357,5.398841857910156,5.729167938232422,0.6404814285344482,0.312570647627771,1327104
Firehose Moderate Bi-Maxwellian (bigbox 40 di),ion,158500,20.913194444444446,0.3280087113380432,3.048699517524118,0.32808399200439453,0.32013070583343506,0.33620867133140564,5.561671733856201,5.560529708862305,5.397619724273682,5.728299140930176,0.6403958925110285,0.31238718117298525,1327104
Firehose Moderate Bi-Maxwellian (bigbox 40 di),ion,159000,20.979166666666668,0.32810652256011963,3.047790675410203,0.32816362380981445,0.3202281594276428,0.3363035023212433,5.560354709625244,5.55909538269043,5.396318435668945,5.726322650909424,0.640310716771737,0.3122041942116174,1327104
Firehose Moderate Bi-Maxwellian (bigbox 40 di),ion,159500,21.04513888888889,0.3282051980495453,3.0468743516031753,0.32827168703079224,0.3203268349170685,0.3363974988460541,5.559021949768066,5.557894706726074,5.394768714904785,5.725403785705566,0.6402244822790376,0.3120192842294923,1327104
Firehose Moderate Bi-Maxwellian (bigbox 40 di),ion,160000,21.11111111111111,0.32830289006233215,3.0459677032088823,0.32836049795150757,0.3204207420349121,0.33652129769325256,5.557699203491211,5.556238651275635,5.393576622009277,5.723870754241943,0.6401388548081823,0.3118359647458502,1327104
Firehose Moderate Bi-Maxwellian (bigbox 40 di),ion,160500,21.177083333333336,0.3284023106098175,3.045045566649875,0.3284735381603241,0.3205192983150482,0.33659932017326355,5.556370258331299,5.5553436279296875,5.392228126525879,5.722457408905029,0.6400527849991329,0.31165047438931537,1327104
Firehose Moderate Bi-Maxwellian (bigbox 40 di),ion,161000,21.243055555555557,0.3285015821456909,3.04412536910248,0.32856759428977966,0.32061639428138733,0.3367103040218353,5.555042266845703,5.55393648147583,5.391211986541748,5.721195220947266,0.6399667358182584,0.31146515367256744,1327104
Firehose Moderate Bi-Maxwellian (bigbox 40 di),ion,161500,21.30902777777778,0.32860010862350464,3.0432126276189257,0.3286512494087219,0.3207198679447174,0.33682486414909363,5.553703784942627,5.552645683288574,5.389444828033447,5.719973564147949,0.6398799652544557,0.31127985663095104,1327104
Firehose Moderate Bi-Maxwellian (bigbox 40 di),ion,162000,21.375,0.32869887351989746,3.0422982266152063,0.32877403497695923,0.3208123445510864,0.3369344472885132,5.5523858070373535,5.55115270614624,5.388209819793701,5.718692779541016,0.6397944830373448,0.3110956095174473,1327104
Firehose Moderate Bi-Maxwellian (bigbox 40 di),ion,162500,21.44097222222222,0.3287982642650604,3.041378585848771,0.3288443684577942,0.32090961933135986,0.3369945287704468,5.551053047180176,5.549858093261719,5.387537479400635,5.716963768005371,0.6397080008060885,0.31090973654102805,1327104
Firehose Moderate Bi-Maxwellian (bigbox 40 di),ion,163000,21.506944444444446,0.3288978040218353,3.0404581233799015,0.3289629817008972,0.32100236415863037,0.3371565341949463,5.549718856811523,5.548567771911621,5.3855791091918945,5.716104507446289,0.6396213841453837,0.3107235801235484,1327104
Firehose Moderate Bi-Maxwellian (bigbox 40 di),ion,163500,21.572916666666668,0.3289966881275177,3.0395442753284017,0.32906001806259155,0.32109883427619934,0.3372335433959961,5.548389434814453,5.547106742858887,5.384189605712891,5.714895248413086,0.6395350356176137,0.310538347490096,1327104
Firehose Moderate Bi-Maxwellian (bigbox 40 di),ion,164000,21.63888888888889,0.3290954828262329,3.038631801968592,0.3291589021682739,0.32120707631111145,0.33731839060783386,5.5470733642578125,5.545983791351318,5.383328437805176,5.713099479675293,0.6394495135242193,0.3103540306979864,1327104
Firehose Moderate Bi-Maxwellian (bigbox 40 di),ion,164500,21.70486111111111,0.3291948735713959,3.037714376141765,0.32924190163612366,0.3213047385215759,0.3374072313308716,5.545741081237793,5.544363975524902,5.381903648376465,5.712353229522705,0.6393628965538352,0.3101680229824393,1327104
Firehose Moderate Bi-Maxwellian (bigbox 40 di),ion,165000,21.770833333333336,0.32929423451423645,3.0367977789686043,0.32936030626296997,0.3213822543621063,0.33752745389938354,5.544418811798096,5.543468475341797,5.38015604019165,5.710794925689697,0.6392768894470681,0.3099826549328316,1327104
Firehose Moderate Bi-Maxwellian (bigbox 40 di),ion,165500,21.836805555555557,0.3293933868408203,3.0358836575041837,0.3294540047645569,0.3214855492115021,0.3376289904117584,5.543079376220703,5.542216777801514,5.379012107849121,5.7095947265625,0.6391897239321856,0.30979633709136534,1327104
Firehose Moderate Bi-Maxwellian (bigbox 40 di),ion,166000,21.90277777777778,0.32949209213256836,3.0349742038654406,0.3295471668243408,0.3215992748737335,0.33772847056388855,5.541760444641113,5.5408830642700195,5.378043174743652,5.707808494567871,0.6391038515686831,0.30961175943611474,1327104
Firehose Moderate Bi-Maxwellian (bigbox 40 di),ion,166500,21.96875,0.3295918107032776,3.0340559671862493,0.3296433091163635,0.3216831684112549,0.337820440530777,5.540431022644043,5.53926944732666,5.376386642456055,5.706789493560791,0.6390172548262236,0.30942544412294604,1327104
Firehose Moderate Bi-Maxwellian (bigbox 40 di),ion,167000,22.03472222222222,0.3296925127506256,3.0331292380800434,0.32977449893951416,0.32178813219070435,0.3379267752170563,5.53909969329834,5.537940979003906,5.375067710876465,5.705467700958252,0.6389304921845395,0.30923797943391385,1327104
Firehose Moderate Bi-Maxwellian (bigbox 40 di),ion,167500,22.100694444444446,0.32979193329811096,3.0322148574084844,0.32987186312675476,0.3218882977962494,0.3380199670791626,5.53777551651001,5.536487579345703,5.373929023742676,5.703988075256348,0.6388441542931249,0.30905222099501395,1327104
Firehose Moderate Bi-Maxwellian (bigbox 40 di),ion,168000,22.166666666666668,0.32989242672920227,3.031291169411618,0.32995155453681946,0.321983277797699,0.33814898133277893,5.536444664001465,5.535353660583496,5.372546195983887,5.702653884887695,0.6387573395243691,0.3088649127951668,1327104
Firehose Moderate Bi-Maxwellian (bigbox 40 di),ion,168500,22.23263888888889,0.32999131083488464,3.030382822717301,0.33005571365356445,0.32208704948425293,0.3382413685321808,5.535120010375977,5.533821105957031,5.371145248413086,5.70140266418457,0.6386708876680438,0.30867957683315916,1327104
Firehose Moderate Bi-Maxwellian (bigbox 40 di),ion,169000,22.29861111111111,0.33009234070777893,3.0294553271239657,0.3301538825035095,0.3221658170223236,0.338358610868454,5.533783912658691,5.532566547393799,5.369736671447754,5.699890613555908,0.6385836470005737,0.30849130629279475,1327104
Firehose Moderate Bi-Maxwellian (bigbox 40 di),ion,169500,22.364583333333336,0.3301929235458374,3.0285324993077265,0.33023643493652344,0.3222704827785492,0.33844709396362305,5.53245210647583,5.5314860343933105,5.368246078491211,5.69920539855957,0.6384966446146066,0.30830372106876924,1327104
Firehose Moderate Bi-Maxwellian (bigbox 40 di),ion,170000,22.430555555555557,0.3302915394306183,3.027628263575495,0.3303593397140503,0.32235899567604065,0.3385534882545471,5.531137466430664,5.529795169830322,5.367238998413086,5.697325229644775,0.6384107225433626,0.30811918311274433,1327104
Firehose Moderate Bi-Maxwellian (bigbox 40 di),ion,170500,22.49652777777778,0.3303931653499603,3.026696992780635,0.3304646909236908,0.3224570155143738,0.33867424726486206,5.5298027992248535,5.528307914733887,5.366128921508789,5.69589376449585,0.6383234497475476,0.3079302843975873,1327104
Firehose Moderate Bi-Maxwellian (bigbox 40 di),ion,171000,22.5625,0.330493688583374,3.0257763901222847,0.33056026697158813,0.32256925106048584,0.3387690782546997,5.528467655181885,5.527026653289795,5.36450719833374,5.694927215576172,0.6382361036108475,0.30774241502747346,1327104
Firehose Moderate Bi-Maxwellian (bigbox 40 di),ion,171500,22.62847222222222,0.33059442043304443,3.0248544385295544,0.3306547999382019,0.32266685366630554,0.3388487994670868,5.527126312255859,5.525958061218262,5.363256454467773,5.693649768829346,0.6381483094451457,0.30755388901210123,1327104
Firehose Moderate Bi-Maxwellian (bigbox 40 di),ion,172000,22.694444444444446,0.3306964933872223,3.0239207853621553,0.3307661712169647,0.3227688670158386,0.33894869685173035,5.525787830352783,5.524636268615723,5.362143039703369,5.69215202331543,0.6380606600539142,0.30736416666669186,1327104
Firehose Moderate Bi-Maxwellian (bigbox 40 di),ion,172500,22.760416666666668,0.3307967483997345,3.023004321649501,0.3308420479297638,0.3228577971458435,0.3390748202800751,5.52446174621582,5.5233306884765625,5.360377788543701,5.690506935119629,0.6379737806366435,0.30717703223690895,1327104
Firehose Moderate Bi-Maxwellian (bigbox 40 di),ion,173000,22.82638888888889,0.3308987617492676,3.022072354437311,0.3309546113014221,0.32296377420425415,0.33915141224861145,5.52311372756958,5.522000312805176,5.359573841094971,5.689580917358398,0.6378854214033919,0.3069866596541243,1327104
Firehose Moderate Bi-Maxwellian (bigbox 40 di),ion,173500,22.89236111111111,0.33100035786628723,3.021144769891656,0.33105096220970154,0.32305508852005005,0.33927130699157715,5.521793365478516,5.520572662353516,5.357507228851318,5.68839168548584,0.6377988331646522,0.306798475298365,1327104
Firehose Moderate Bi-Maxwellian (bigbox 40 di),ion,174000,22.958333333333336,0.3310995101928711,3.020240046315632,0.3311581611633301,0.32315048575401306,0.33937156200408936,5.520477294921875,5.519334316253662,5.356501579284668,5.686931610107422,0.6377124851433151,0.30661297495044404,1327104
Firehose Moderate Bi-Maxwellian (bigbox 40 di),ion,174500,23.024305555555557,0.3312007784843445,3.019316574605422,0.3312736749649048,0.32326212525367737,0.3394777774810791,5.51914644241333,5.518153667449951,5.354947090148926,5.685431003570557,0.6376251253943046,0.3064243469099601,1327104
Firehose Moderate Bi-Maxwellian (bigbox 40 di),ion,175000,23.09027777777778,0.3313025236129761,3.018389323131715,0.33137112855911255,0.32334664463996887,0.3395906090736389,5.517820358276367,5.516788482666016,5.353737831115723,5.684313774108887,0.6375380367358043,0.30623551312282826,1327104
Firehose Moderate Bi-Maxwellian (bigbox 40 di),ion,175500,23.15625,0.3314039707183838,3.01746535454087,0.3314671218395233,0.3234562873840332,0.33968427777290344,5.516480445861816,5.5154008865356445,5.352524757385254,5.6830010414123535,0.6374499973981964,0.3060460266798126,1327104
Firehose Moderate Bi-Maxwellian (bigbox 40 di),ion,176000,23.22222222222222,0.3315044343471527,3.0165509006518936,0.3315601646900177,0.3235712945461273,0.3397926092147827,5.515157222747803,5.514092445373535,5.351721286773682,5.681344509124756,0.6373630126534189,0.30585857830626617,1327104
Firehose Moderate Bi-Maxwellian (bigbox 40 di),ion,176500,23.288194444444446,0.33160796761512756,3.015609085607451,0.3316548466682434,0.3236500322818756,0.3398951292037964,5.51380729675293,5.5125932693481445,5.349681854248047,5.680190086364746,0.6372742295187218,0.30566626190359425,1327104
Firehose Moderate Bi-Maxwellian (bigbox 40 di),ion,177000,23.354166666666668,0.33170804381370544,3.0146992774212675,0.3317738175392151,0.323760449886322,0.33996766805648804,5.512501239776611,5.511289119720459,5.348948955535889,5.6788787841796875,0.6371882902141446,0.30548024640043914,1327104
Firehose Moderate Bi-Maxwellian (bigbox 40 di),ion,177500,23.42013888888889,0.3318113684654236,3.0137605128626115,0.33188021183013916,0.32383862137794495,0.3401232957839966,5.511150360107422,5.510307312011719,5.347158432006836,5.6776556968688965,0.637099358697044,0.30528799023162045,1327104
Firehose Moderate Bi-Maxwellian (bigbox 40 di),ion,178000,23.48611111111111,0.3319125771522522,3.0128415397205277,0.33197903633117676,0.3239459991455078,0.34021392464637756,5.509828567504883,5.508906364440918,5.346092224121094,5.676102638244629,0.6370122998389953,0.3050997226867431,1327104
Firehose Moderate Bi-Maxwellian (bigbox 40 di),ion,178500,23.552083333333336,0.3320155739784241,3.011906905502525,0.33207643032073975,0.32404255867004395,0.3403170108795166,5.508487701416016,5.507190704345703,5.344572067260742,5.675356864929199,0.6369239420311534,0.30490836805272936,1327104
Firehose Moderate Bi-Maxwellian (bigbox 40 di),ion,179000,23.618055555555557,0.33211836218833923,3.0109747422905673,0.3321618437767029,0.3241523504257202,0.3403909206390381,5.507147312164307,5.505983352661133,5.342987060546875,5.673596382141113,0.6368355726416912,0.304717210453352,1327104
Firehose Moderate Bi-Maxwellian (bigbox 40 di),ion,179500,23.68402777777778,0.3322198688983917,3.010054766790142,0.33228081464767456,0.3242555558681488,0.34052562713623047,5.505823612213135,5.504861354827881,5.3418121337890625,5.672234058380127,0.6367482613203304,0.30452839242193863,1327104
Firehose Moderate Bi-Maxwellian (bigbox 40 di),ion,180000,23.75,0.3323218524456024,3.0091310355935423,0.3323712646961212,0.3243691623210907,0.34062737226486206,5.504485607147217,5.5038161277771,5.340361595153809,5.670976161956787,0.6366599637569894,0.304338111311387,1327104
Firehose Moderate Bi-Maxwellian (bigbox 40 di),ion,180500,23.81597222222222,0.33242443203926086,3.0082024773735503,0.3324987292289734,0.32445207238197327,0.34073248505592346,5.503159046173096,5.502257347106934,5.339198112487793,5.669255256652832,0.636572379024589,0.3041479469853281,1327104
Firehose Moderate Bi-Maxwellian (bigbox 40 di),ion,181000,23.881944444444446,0.33252719044685364,3.00727287490743,0.33258378505706787,0.32454943656921387,0.34083959460258484,5.501823425292969,5.5009660720825195,5.337954998016357,5.668367385864258,0.6364841534525436,0.30395696300569,1327104
Firehose Moderate Bi-Maxwellian (bigbox 40 di),ion,181500,23.947916666666668,0.3326300382614136,3.006343038730919,0.3326951563358307,0.3246609568595886,0.3409438729286194,5.500485897064209,5.499260902404785,5.33679723739624,5.6666340827941895,0.6363957589515017,0.3037657206900881,1327104
Firehose Moderate Bi-Maxwellian (bigbox 40 di),ion,182000,24.01388888888889,0.3327334523200989,3.0054086627814387,0.33280056715011597,0.3247569501399994,0.3410445749759674,5.499160289764404,5.497913360595703,5.335265636444092,5.665431499481201,0.6363081098540438,0.30357465753394497,1327104
Firehose Moderate Bi-Maxwellian (bigbox 40 di),ion,182500,24.07986111111111,0.33283665776252747,3.0044767506152543,0.33291730284690857,0.3248395025730133,0.34116774797439575,5.49782133102417,5.496501922607422,5.333955764770508,5.664023399353027,0.6362195350521828,0.3033828772896553,1327104
Firehose Moderate Bi-Maxwellian (bigbox 40 di),ion,183000,24.145833333333336,0.3329407572746277,3.003537350565781,0.33299824595451355,0.32496482133865356,0.3412667512893677,5.496475696563721,5.495450019836426,5.332263469696045,5.663061141967773,0.6361304751605912,0.3031897178859635,1327104
Firehose Moderate Bi-Maxwellian (bigbox 40 di),ion,183500,24.211805555555557,0.3330437242984772,3.002608747864559,0.33309537172317505,0.32504701614379883,0.34137794375419617,5.495147228240967,5.493819713592529,5.331427574157715,5.661624431610107,0.6360425086116913,0.30299878431321414,1327104
Firehose Moderate Bi-Maxwellian (bigbox 40 di),ion,184000,24.27777777777778,0.33314672112464905,3.001680450655984,0.33321264386177063,0.3251481354236603,0.34148332476615906,5.493809223175049,5.49235725402832,5.329864501953125,5.660381317138672,0.6359538675709355,0.3028071464462865,1327104
Firehose Moderate Bi-Maxwellian (bigbox 40 di),ion,184500,24.34375,0.3332505524158478,3.0007452133256987,0.3333016335964203,0.32527145743370056,0.34159204363822937,5.492464065551758,5.491061210632324,5.328682899475098,5.658707618713379,0.6358647091487005,0.30261415673285275,1327104
Firehose Moderate Bi-Maxwellian (bigbox 40 di),ion,185000,24.40972222222222,0.3333539068698883,2.999814849598601,0.33341890573501587,0.3253415822982788,0.34170252084732056,5.491134166717529,5.490189552307129,5.3270721435546875,5.657804489135742,0.6357765191529543,0.302422612283066,1327104
Firehose Moderate Bi-Maxwellian (bigbox 40 di),ion,185500,24.475694444444446,0.3334575891494751,2.9988821143660993,0.3335387408733368,0.3254697322845459,0.3417854607105255,5.489797115325928,5.488626480102539,5.325946807861328,5.6561408042907715,0.6356878117742133,0.3022302226247382,1327104
Firehose Moderate Bi-Maxwellian (bigbox 40 di),ion,186000,24.541666666666668,0.3335617184638977,2.9979459411744,0.33363181352615356,0.32556575536727905,0.3419091999530792,5.488455295562744,5.487236499786377,5.324514389038086,5.655128479003906,0.6355987445835731,0.3020370261196754,1327104
Firehose Moderate Bi-Maxwellian (bigbox 40 di),ion,186500,24.60763888888889,0.3336665630340576,2.997003927834175,0.33374249935150146,0.3256571292877197,0.3419979512691498,5.4871063232421875,5.485946178436279,5.323193550109863,5.653835773468018,0.6355091587111342,0.3018425956770766,1327104
Firehose Moderate Bi-Maxwellian (bigbox 40 di),ion,187000,24.67361111111111,0.33377206325531006,2.9960566209373747,0.3338351249694824,0.3257429897785187,0.3421292304992676,5.485755443572998,5.484332084655762,5.321964740753174,5.652185440063477,0.6354194020181558,0.3016473387628458,1327104
Firehose Moderate Bi-Maxwellian (bigbox 40 di),ion,187500,24.739583333333336,0.3338746428489685,2.9951361129642895,0.33392971754074097,0.3258622884750366,0.3422184884548187,5.484434604644775,5.483497619628906,5.320501804351807,5.650725364685059,0.6353315985742273,0.30145695572525877,1327104
Firehose Moderate Bi-Maxwellian (bigbox 40 di),ion,188000,24.805555555555557,0.3339802026748657,2.994189451922435,0.3340497612953186,0.32598116993904114,0.3423292934894562,5.483078479766846,5.4819488525390625,5.319316864013672,5.649511814117432,0.6352414054658861,0.3012612027910204,1327104
Firehose Moderate Bi-Maxwellian (bigbox 40 di),ion,188500,24.87152777777778,0.3340863883495331,2.993237781821163,0.33415305614471436,0.3260639011859894,0.3424462676048279,5.481729507446289,5.480761528015137,5.317846298217773,5.6481709480285645,0.6351516437862843,0.3010652554367512,1327104
Firehose Moderate Bi-Maxwellian (bigbox 40 di),ion,189000,24.9375,0.3341909348964691,2.992301392944113,0.33424660563468933,0.326175332069397,0.3425476551055908,5.480386734008789,5.479318618774414,5.316831588745117,5.646792411804199,0.6350622507005009,0.3008713158040318,1327104
Firehose Moderate Bi-Maxwellian (bigbox 40 di),ion,189500,25.00347222222222,0.33429646492004395,2.991356789367118,0.3343684673309326,0.32628291845321655,0.342650830745697,5.4790239334106445,5.477914810180664,5.3152923583984375,5.645401954650879,0.6349714795359513,0.3006750146159074,1327104
Firehose Moderate Bi-Maxwellian (bigbox 40 di),ion,190000,25.069444444444446,0.3344011604785919,2.9904202442623378,0.3344603180885315,0.32638370990753174,0.3427695631980896,5.477688789367676,5.476414203643799,5.313563823699951,5.6441545486450195,0.6348825066728786,0.3004813461942867,1327104
Firehose Moderate Bi-Maxwellian (bigbox 40 di),ion,190500,25.135416666666668,0.3345053195953369,2.98948907960488,0.3345767855644226,0.32646670937538147,0.34288209676742554,5.476356506347656,5.4753851890563965,5.312613010406494,5.642543315887451,0.6347936812218496,0.30028836162651273,1327104
Firehose Moderate Bi-Maxwellian (bigbox 40 di),ion,191000,25.20138888888889,0.3346106708049774,2.9885478475455862,0.3346758484840393,0.3265919089317322,0.34297192096710205,5.475005626678467,5.473626613616943,5.311245441436768,5.6414055824279785,0.6347035717635702,0.30009290095859276,1327104
Firehose Moderate Bi-Maxwellian (bigbox 40 di),ion,191500,25.26736111111111,0.33471617102622986,2.98760587794139,0.33476972579956055,0.32667919993400574,0.3430846333503723,5.473667144775391,5.472400665283203,5.309911727905273,5.6398797035217285,0.6346142454224681,0.2998980743962383,1327104
Firehose Moderate Bi-Maxwellian (bigbox 40 di),ion,192000,25.333333333333336,0.33482396602630615,2.986644032289591,0.3348925709724426,0.3267829120159149,0.34320375323295593,5.4723005294799805,5.471264362335205,5.308431625366211,5.638829231262207,0.6345229964572039,0.29969903043089774,1327104
Firehose Moderate Bi-Maxwellian (bigbox 40 di),ion,192500,25.399305555555557,0.3349283039569855,2.985713623439926,0.334989994764328,0.32690325379371643,0.34328320622444153,5.4709625244140625,5.469891548156738,5.307167053222656,5.63764762878418,0.6344336136328773,0.29950530967589184,1327104
Firehose Moderate Bi-Maxwellian (bigbox 40 di),ion,193000,25.46527777777778,0.33503419160842896,2.984769987800975,0.33508074283599854,0.32698890566825867,0.3434142768383026,5.469618320465088,5.468338966369629,5.306032180786133,5.636072158813477,0.6343437726693263,0.29930958106089733,1327104
Firehose Moderate Bi-Maxwellian (bigbox 40 di),ion,193500,25.53125,0.33514025807380676,2.9838253564266624,0.33520379662513733,0.32709187269210815,0.34351128339767456,5.468276500701904,5.467378616333008,5.3043365478515625,5.634940147399902,0.6342540470030582,0.29911378892925145,1327104
Firehose Moderate Bi-Maxwellian (bigbox 40 di),ion,194000,25.59722222222222,0.33524754643440247,2.9828704509122157,0.3353147506713867,0.3272039294242859,0.3436269164085388,5.466907024383545,5.465675354003906,5.302892684936523,5.633338928222656,0.6341624265641279,0.29891488012972545,1327104
Firehose Moderate Bi-Maxwellian (bigbox 40 di),ion,194500,25.663194444444446,0.3353535532951355,2.9819275513085954,0.335426926612854,0.32729002833366394,0.3437565565109253,5.465564250946045,5.464426517486572,5.301946640014648,5.631878852844238,0.6340725480166451,0.29871899472150965,1327104
Firehose Moderate Bi-Maxwellian (bigbox 40 di),ion,195000,25.729166666666668,0.33545982837677,2.9809828641444813,0.3355334401130676,0.32742518186569214,0.3438335061073303,5.464216232299805,5.463177680969238,5.300705909729004,5.630460739135742,0.6339822739485127,0.2985224455717427,1327104
Firehose Moderate Bi-Maxwellian (bigbox 40 di),ion,195500,25.79513888888889,0.3355678617954254,2.9800231602919025,0.33562415838241577,0.32751205563545227,0.3439444899559021,5.462850570678711,5.461845397949219,5.299276828765869,5.62924861907959,0.6338907729355083,0.2983229111400829,1327104
Firehose Moderate Bi-Maxwellian (bigbox 40 di),ion,196000,25.86111111111111,0.3356737494468689,2.9790831176039934,0.335741251707077,0.3276282548904419,0.3440493941307068,5.4615044593811035,5.46021842956543,5.2978692054748535,5.627852439880371,0.6338005370361559,0.298126787589287,1327104
Firehose Moderate Bi-Maxwellian (bigbox 40 di),ion,196500,25.927083333333336,0.3357808589935303,2.9781328304341126,0.33585861325263977,0.3277287185192108,0.34417667984962463,5.4601545333862305,5.4589643478393555,5.296273708343506,5.626619815826416,0.6337100007388147,0.2979291417452844,1327104
Firehose Moderate Bi-Maxwellian (bigbox 40 di),ion,197000,25.993055555555557,0.3358900547027588,2.977164658492006,0.3359696865081787,0.3278423845767975,0.3442927300930023,5.45878267288208,5.457716941833496,5.294958114624023,5.625298500061035,0.6336179474710508,0.29772789276829204,1327104
Firehose Moderate Bi-Maxwellian (bigbox 40 di),ion,197500,26.05902777777778,0.33599814772605896,2.9762068831858715,0.3360598683357239,0.3279270529747009,0.344407320022583,5.457414150238037,5.456528663635254,5.293776512145996,5.623878479003906,0.6335260720660598,0.29752792434000086,1327104
Firehose Moderate Bi-Maxwellian (bigbox 40 di),ion,198000,26.125,0.33610519766807556,2.97525895742785,0.3361644446849823,0.32802891731262207,0.34451550245285034,5.456058979034424,5.454878330230713,5.29231595993042,5.622315406799316,0.6334350475892498,0.2973298499211743,1327104
Firehose Moderate Bi-Maxwellian (bigbox 40 di),ion,198500,26.19097222222222,0.3362136483192444,2.974299243945242,0.33627110719680786,0.32814571261405945,0.34461450576782227,5.454695701599121,5.453365325927734,5.291093826293945,5.621457576751709,0.633343432995965,0.2971297846767206,1327104
Firehose Moderate Bi-Maxwellian (bigbox 40 di),ion,199000,26.256944444444446,0.3363223075866699,2.9733383050789786,0.33638060092926025,0.3282584846019745,0.344732403755188,5.453327655792236,5.452231407165527,5.289505958557129,5.620008945465088,0.6332514519138226,0.29692914432715267,1327104
Firehose Moderate Bi-Maxwellian (bigbox 40 di),ion,199500,26.32291666666667,0.33643099665641785,2.9723777236294784,0.3364925980567932,0.32835277915000916,0.3448503017425537,5.451960563659668,5.4508137702941895,5.287967681884766,5.618542194366455,0.6331594888394634,0.29672849218304553,1327104
Firehose Moderate Bi-Maxwellian (bigbox 40 di),ion,200000,26.38888888888889,0.3365389406681061,2.9714243410131775,0.33660075068473816,0.32845067977905273,0.34495940804481506,5.450601100921631,5.449665546417236,5.286940574645996,5.616874694824219,0.6330679932417318,0.2965290525736257,1327104
Firehose Moderate Bi-Maxwellian (bigbox 40 di),ion,200500,26.454861111111114,0.3366466164588928,2.9704739364939017,0.33672839403152466,0.3285876512527466,0.34504619240760803,5.449239730834961,5.448505401611328,5.285000801086426,5.61614465713501,0.6329763235258601,0.29632970706696726,1327104
Firehose Moderate Bi-Maxwellian (bigbox 40 di),ion,201000,26.520833333333332,0.33675602078437805,2.9695088974824633,0.3368328809738159,0.3286788761615753,0.34517815709114075,5.447874546051025,5.446629047393799,5.2841901779174805,5.614269733428955,0.6328843509346722,0.29612833015029416,1327104
Firehose Moderate Bi-Maxwellian (bigbox 40 di),ion,201500,26.586805555555557,0.33686554431915283,2.9685434348031183,0.3369334042072296,0.32880330085754395,0.3452858030796051,5.446495056152344,5.4455718994140625,5.282776832580566,5.613096237182617,0.6327913677731505,0.29592582345399765,1327104
Firehose Moderate Bi-Maxwellian (bigbox 40 di),ion,202000,26.652777777777775,0.3369757831096649,2.9675723008100006,0.33704131841659546,0.32889944314956665,0.34539735317230225,5.445123195648193,5.444151401519775,5.281415939331055,5.611304759979248,0.6326988521401272,0.2957230690304623,1327104
Firehose Moderate Bi-Maxwellian (bigbox 40 di),ion,202500,26.71875,0.33708521723747253,2.9666088836387976,0.3371433913707733,0.329001247882843,0.3454992175102234,5.443751811981201,5.442750930786133,5.280215740203857,5.609990119934082,0.6326063220593227,0.2955211048218501,1327104
Firehose Moderate Bi-Maxwellian (bigbox 40 di),ion,203000,26.78472222222222,0.33719420433044434,2.9656500235099466,0.3372635245323181,0.3291027247905731,0.3456178903579712,5.4423909187316895,5.441066741943359,5.278752326965332,5.608726501464844,0.6325144536904956,0.2953202493600513,1327104
Firehose Moderate Bi-Maxwellian (bigbox 40 di),ion,203500,26.850694444444446,0.3373076021671295,2.964653015749461,0.3373683989048004,0.32921385765075684,0.3457382917404175,5.440979957580566,5.439903259277344,5.277063846588135,5.6073431968688965,0.6324191569179503,0.29511155475082074,1327104
Firehose Moderate Bi-Maxwellian (bigbox 40 di),ion,204000,26.91666666666667,0.3374173939228058,2.963688351611119,0.3374759256839752,0.3293226957321167,0.34586039185523987,5.439604759216309,5.438389778137207,5.275640964508057,5.606144428253174,0.6323262280018773,0.29490883407907154,1327104
Firehose Moderate Bi-Maxwellian (bigbox 40 di),ion,204500,26.98263888888889,0.33752694725990295,2.962726407826569,0.3375835418701172,0.3294370770454407,0.34597456455230713,5.438235282897949,5.436975002288818,5.274658679962158,5.604532241821289,0.6322336390465564,0.29470669178665343,1327104
Firehose Moderate Bi-Maxwellian (bigbox 40 di),ion,205000,27.048611111111114,0.33763763308525085,2.9617551540752207,0.3376970887184143,0.32953646779060364,0.3460746109485626,5.43685245513916,5.435839653015137,5.2734375,5.6032915115356445,0.6321401000850209,0.29450246699977,1327104
Firehose Moderate Bi-Maxwellian (bigbox 40 di),ion,205500,27.114583333333332,0.33774909377098083,2.9607777443159473,0.3378154933452606,0.3296503722667694,0.34619140625,5.43547248840332,5.434755325317383,5.27188777923584,5.601803302764893,0.6320467072058527,0.2942976134348718,1327104
Firehose Moderate Bi-Maxwellian (bigbox 40 di),ion,206000,27.180555555555557,0.3378612697124481,2.9597947135257456,0.3379265069961548,0.32975250482559204,0.34631311893463135,5.434073448181152,5.433265209197998,5.270047187805176,5.600794792175293,0.6319519750566818,0.29409070534423365,1327104
Firehose Moderate Bi-Maxwellian (bigbox 40 di),ion,206500,27.246527777777775,0.3379723131656647,2.9588222497676244,0.33804237842559814,0.329885870218277,0.3464130759239197,5.4326887130737305,5.431520462036133,5.2687788009643555,5.599503517150879,0.6318581634933338,0.2938858503276691,1327104
Firehose Moderate Bi-Maxwellian (bigbox 40 di),ion,207000,27.3125,0.33808404207229614,2.9578444278838787,0.3381440043449402,0.3299914300441742,0.3465142250061035,5.431301116943359,5.430226802825928,5.267801284790039,5.597609996795654,0.6317641101207137,0.2936800680484175,1327104
Firehose Moderate Bi-Maxwellian (bigbox 40 di),ion,207500,27.37847222222222,0.3381968140602112,2.956858132383128,0.33825457096099854,0.3300928473472595,0.34665244817733765,5.429898262023926,5.4286651611328125,5.266092777252197,5.596808433532715,0.6316689736182045,0.29347215955799333,1327104
Firehose Moderate Bi-Maxwellian (bigbox 40 di),ion,208000,27.444444444444446,0.3383103609085083,2.9558657243442723,0.3383602201938629,0.3301679790019989,0.34680503606796265,5.428500175476074,5.427359104156494,5.26488733291626,5.5949015617370605,0.63157411156856,0.2932637506600517,1327104
Firehose Moderate Bi-Maxwellian (bigbox 40 di),ion,208500,27.51041666666667,0.33842208981513977,2.9548898552876426,0.33847033977508545,0.33028343319892883,0.346887469291687,5.427110195159912,5.42609977722168,5.263543605804443,5.593459129333496,0.631479751086744,0.29305766127160426,1327104
Firehose Moderate Bi-Maxwellian (bigbox 40 di),ion,209000,27.57638888888889,0.3385363519191742,2.95389252684672,0.3386063575744629,0.3304199278354645,0.3470073342323303,5.425703048706055,5.424618721008301,5.262390613555908,5.591749668121338,0.6313841760143935,0.29284782409521926,1327104
Firehose Moderate Bi-Maxwellian (bigbox 40 di),ion,209500,27.642361111111114,0.33864912390708923,2.9529088646759853,0.3387131094932556,0.330511212348938,0.3471190929412842,5.4243083000183105,5.423163890838623,5.26082181930542,5.591115951538086,0.6312893940793799,0.29264027017229066,1327104
Firehose Moderate Bi-Maxwellian (bigbox 40 di),ion,210000,27.708333333333332,0.33876150846481323,2.9519292334355303,0.3388366997241974,0.3306422233581543,0.34723174571990967,5.422918796539307,5.421932697296143,5.25895357131958,5.589625835418701,0.6311949201090156,0.29243341164420233,1327104
Firehose Moderate Bi-Maxwellian (bigbox 40 di),ion,210500,27.774305555555557,0.3388764560222626,2.9509279332592664,0.3389577865600586,0.33074522018432617,0.34735485911369324,5.4215087890625,5.420310020446777,5.257838249206543,5.588258266448975,0.6310990025443001,0.2922225465220375,1327104
Firehose Moderate Bi-Maxwellian (bigbox 40 di),ion,211000,27.840277777777775,0.33899015188217163,2.949938204539896,0.33906224370002747,0.3308410346508026,0.3474782705307007,5.420099258422852,5.419110298156738,5.256475925445557,5.586602210998535,0.631003067537556,0.29201291565538434,1327104
Firehose Moderate Bi-Maxwellian (bigbox 40 di),ion,211500,27.90625,0.3391045928001404,2.94894266026463,0.33916521072387695,0.3309592008590698,0.3475923240184784,5.418689250946045,5.417734146118164,5.254705429077148,5.58523416519165,0.6309070501411718,0.2918024573410314,1327104
Firehose Moderate Bi-Maxwellian (bigbox 40 di),ion,212000,27.97222222222222,0.33921876549720764,2.947950118662382,0.3392791152000427,0.3310821056365967,0.3477022349834442,5.417292594909668,5.416170120239258,5.253562927246094,5.584027290344238,0.6308118926640053,0.29159312716679764,1327104
Firehose Moderate Bi-Maxwellian (bigbox 40 di),ion,212500,28.038194444444446,0.33933570981025696,2.946934174888815,0.3394051194190979,0.3311905264854431,0.3478512167930603,5.415863513946533,5.414709568023682,5.2519683837890625,5.582470417022705,0.6307144751986923,0.2913787653884353,1327104
Firehose Moderate Bi-Maxwellian (bigbox 40 di),ion,213000,28.10416666666667,0.33945077657699585,2.9459352253777364,0.33951497077941895,0.3313218653202057,0.3479371964931488,5.414447784423828,5.413311958312988,5.250869274139404,5.580874443054199,0.630617917167184,0.2911671405901881,1327104
Firehose Moderate Bi-Maxwellian (bigbox 40 di),ion,213500,28.17013888888889,0.3395668566226959,2.944928165092194,0.33963531255722046,0.3314250111579895,0.3480546474456787,5.41303014755249,5.412026882171631,5.249494552612305,5.579563617706299,0.6305211784374962,0.2909543218148003,1327104
Firehose Moderate Bi-Maxwellian (bigbox 40 di),ion,214000,28.236111111111114,0.33968251943588257,2.943925409116488,0.3397378921508789,0.3315289616584778,0.3481806218624115,5.411609172821045,5.410730361938477,5.2481536865234375,5.578280448913574,0.6304241610712236,0.290741641635341,1327104
Firehose Moderate Bi-Maxwellian (bigbox 40 di),ion,214500,28.302083333333332,0.339801162481308,2.9428975248282403,0.3398522436618805,0.3316449820995331,0.3483095169067383,5.41015100479126,5.409360408782959,5.246673583984375,5.576753616333008,0.6303245513426909,0.29052338886138296,1327104
Firehose Moderate Bi-Maxwellian (bigbox 40 di),ion,215000,28.368055555555557,0.3399166166782379,2.9418979565408865,0.3399735391139984,0.3317496180534363,0.34841975569725037,5.408735275268555,5.407626152038574,5.245129108428955,5.575233459472656,0.6302277892680381,0.2903111725898002,1327104
Firehose Moderate Bi-Maxwellian (bigbox 40 di),ion,215500,28.434027777777775,0.34003397822380066,2.9408825706877697,0.34009790420532227,0.33187153935432434,0.34853947162628174,5.407308101654053,5.406477451324463,5.243826866149902,5.573761940002441,0.6301301937301824,0.29009621550638176,1327104
Firehose Moderate Bi-Maxwellian (bigbox 40 di),ion,216000,28.5,0.34015074372291565,2.939873037039698,0.34022659063339233,0.33198535442352295,0.3486730754375458,5.405881404876709,5.405173301696777,5.242073059082031,5.572456359863281,0.6300325792948812,0.28988183557196556,1327104
Firehose Moderate Bi-Maxwellian (bigbox 40 di),ion,216500,28.56597222222222,0.3402691185474396,2.93885029669709,0.34033945202827454,0.33208978176116943,0.3487928509712219,5.404430866241455,5.4033074378967285,5.240642547607422,5.571144104003906,0.6299332807654339,0.2896641622179943,1327104
Firehose Moderate Bi-Maxwellian (bigbox 40 di),ion,217000,28.631944444444446,0.34038692712783813,2.9378331548685854,0.34045568108558655,0.3321986496448517,0.3489035964012146,5.402988910675049,5.402089595794678,5.239413261413574,5.56947660446167,0.62983451695626,0.2894475898284219,1327104
Firehose Moderate Bi-Maxwellian (bigbox 40 di),ion,217500,28.69791666666667,0.3405041992664337,2.936821343626167,0.3405606150627136,0.33234232664108276,0.3490355312824249,5.401556015014648,5.4004669189453125,5.237934589385986,5.568019866943359,0.6297363214524443,0.2892321221860106,1327104
Firehose Moderate Bi-Maxwellian (bigbox 40 di),ion,218000,28.76388888888889,0.3406248986721039,2.9357806898392096,0.3406769335269928,0.3324492275714874,0.3491625189781189,5.400093078613281,5.398990154266357,5.236482620239258,5.566997528076172,0.6296360135122725,0.2890111148401686,1327104
Firehose Moderate Bi-Maxwellian (bigbox 40 di),ion,218500,28.829861111111114,0.3407433032989502,2.9347605376785726,0.3407999277114868,0.33254340291023254,0.34927016496658325,5.398652076721191,5.397672653198242,5.23535680770874,5.565118312835693,0.6295371563905862,0.28879385309163597,1327104
Firehose Moderate Bi-Maxwellian (bigbox 40 di),ion,219000,28.895833333333332,0.34086260199546814,2.9337333991638523,0.3409266471862793,0.3326832056045532,0.34937721490859985,5.397196292877197,5.3962721824646,5.233220100402832,5.563976287841797,0.6294372315790245,0.2885746295835564,1327104
Firehose Moderate Bi-Maxwellian (bigbox 40 di),ion,219500,28.961805555555557,0.34098246693611145,2.932702109247647,0.3410409688949585,0.33280447125434875,0.3495000898838043,5.395746231079102,5.394721031188965,5.232117176055908,5.562277793884277,0.6293376459255724,0.28835517898946095,1327104
Firehose Moderate Bi-Maxwellian (bigbox 40 di),ion,220000,29.027777777777775,0.34110188484191895,2.9316753862660194,0.34116852283477783,0.33290085196495056,0.34962785243988037,5.394289970397949,5.393152236938477,5.230885028839111,5.5606842041015625,0.6292375806685722,0.2881356958266532,1327104
Firehose Moderate Bi-Maxwellian (bigbox 40 di),ion,220500,29.09375,0.34122467041015625,2.930620458356624,0.3412902355194092,0.3330240845680237,0.3497645854949951,5.392802715301514,5.391657829284668,5.2293267250061035,5.5590338706970215,0.6291353298860333,0.287910659475877,1327104
Firehose Moderate Bi-Maxwellian (bigbox 40 di),ion,221000,29.15972222222222,0.34134429693222046,2.9295934016983636,0.341402530670166,0.3331560790538788,0.34988465905189514,5.391351699829102,5.390480041503906,5.227762699127197,5.557807922363281,0.6290355162577508,0.2876912193255303,1327104
Firehose Moderate Bi-Maxwellian (bigbox 40 di),ion,221500,29.225694444444446,0.34146636724472046,2.9285461056354194,0.3415306508541107,0.333269864320755,0.35000738501548767,5.389865875244141,5.38875675201416,5.226443290710449,5.5565338134765625,0.6289332524606825,0.2874668852159621,1327104
Firehose Moderate Bi-Maxwellian (bigbox 40 di),ion,222000,29.29166666666667,0.34158855676651,2.9274985364440695,0.34165439009666443,0.3334008455276489,0.35012194514274597,5.388382434844971,5.387273788452148,5.224749565124512,5.555008888244629,0.6288310964963009,0.28724253972979086,1327104
Firehose Moderate Bi-Maxwellian (bigbox 40 di),ion,222500,29.35763888888889,0.3417118489742279,2.9264422729321877,0.3417860269546509,0.3334979712963104,0.3502613604068756,5.386898517608643,5.385964393615723,5.223187446594238,5.553624629974365,0.628728851404492,0.28701700243026407,1327104
Firehose Moderate Bi-Maxwellian (bigbox 40 di),ion,223000,29.423611111111114,0.34183552861213684,2.925383455780714,0.3419056534767151,0.3336120843887329,0.35037368535995483,5.385403156280518,5.384837627410889,5.221816062927246,5.552229881286621,0.6286257607905218,0.28679023217838495,1327104
Firehose Moderate Bi-Maxwellian (bigbox 40 di),ion,223500,29.489583333333332,0.3419588506221771,2.9243284628561295,0.3420248031616211,0.33375728130340576,0.35052287578582764,5.383913993835449,5.382747650146484,5.220338344573975,5.550393581390381,0.6285230406187787,0.2865641899966016,1327104
Firehose Moderate Bi-Maxwellian (bigbox 40 di),ion,224000,29.555555555555557,0.3420838713645935,2.923259714089819,0.3421512246131897,0.3338667154312134,0.35064616799354553,5.382405757904053,5.381267547607422,5.219040393829346,5.548717498779297,0.6284189468504853,0.28633507548589177,1327104
Firehose Moderate Bi-Maxwellian (bigbox 40 di),ion,224500,29.621527777777775,0.3422069251537323,2.9222085425382964,0.342268168926239,0.3339774012565613,0.3507663607597351,5.380919933319092,5.379737377166748,5.217578411102295,5.546937942504883,0.6283163427844674,0.28610941763073505,1327104
Firehose Moderate Bi-Maxwellian (bigbox 40 di),ion,225000,29.6875,0.3423337936401367,2.9211255756164283,0.34239423274993896,0.33411142230033875,0.35089677572250366,5.37939977645874,5.3781514167785645,5.21581506729126,5.546043872833252,0.6282113092333509,0.28587751559321417,1327104
Firehose Moderate Bi-Maxwellian (bigbox 40 di),ion,225500,29.75347222222222,0.3424597680568695,2.9200510345318524,0.3425155282020569,0.33424845337867737,0.35101228952407837,5.3778839111328125,5.376899719238281,5.2143120765686035,5.544301986694336,0.6281065130729617,0.2856467450160922,1327104
Firehose Moderate Bi-Maxwellian (bigbox 40 di),ion,226000,29.819444444444446,0.34258511662483215,2.9189826162095316,0.3426569104194641,0.3343639373779297,0.3511399030685425,5.376380920410156,5.3753814697265625,5.212903022766113,5.542679309844971,0.6280025486275584,0.2854174320027263,1327104
Firehose Moderate Bi-Maxwellian (bigbox 40 di),ion,226500,29.88541666666667,0.3427127003669739,2.9178959487909504,0.34278374910354614,0.3344871997833252,0.35127246379852295,5.3748459815979,5.373819351196289,5.211274147033691,5.541415691375732,0.6278963142669596,0.2851836138999857,1327104
Firehose Moderate Bi-Maxwellian (bigbox 40 di),ion,227000,29.95138888888889,0.3428418040275574,2.9167971590757955,0.34289100766181946,0.3346196115016937,0.3513965308666229,5.373307228088379,5.372299671173096,5.20970344543457,5.539655685424805,0.6277897549678124,0.28494795094025505,1327104
Firehose Moderate Bi-Maxwellian (bigbox 40 di),ion,227500,30.017361111111114,0.34296950697898865,2.915711104489715,0.3430374562740326,0.3347487151622772,0.3515564501285553,5.371771335601807,5.370515823364258,5.208038330078125,5.53875207901001,0.6276833329176069,0.28471382593861827,1327104
Firehose Moderate Bi-Maxwellian (bigbox 40 di),ion,228000,30.083333333333332,0.34309810400009155,2.9146182632350928,0.3431720733642578,0.33485978841781616,0.35167568922042847,5.370228290557861,5.369407653808594,5.2068400382995605,5.537031173706055,0.6275763539668369,0.2844782499667453,1327104
Firehose Moderate Bi-Maxwellian (bigbox 40 di),ion,228500,30.149305555555557,0.34322765469551086,2.913518145521038,0.3432871103286743,0.33497148752212524,0.3518274426460266,5.368679523468018,5.36737060546875,5.205354690551758,5.535410404205322,0.6274689164705336,0.28424126177502274,1327104
Firehose Moderate Bi-Maxwellian (bigbox 40 di),ion,229000,30.215277777777775,0.34335628151893616,2.912426694441732,0.3434232473373413,0.33512529730796814,0.3519388437271118,5.367142677307129,5.366222381591797,5.203897476196289,5.533258438110352,0.6273622446341476,0.2840059631152114,1327104
Firehose Moderate Bi-Maxwellian (bigbox 40 di),ion,229500,30.28125,0.3434872627258301,2.9113161054772365,0.34354883432388306,0.33523833751678467,0.3520874083042145,5.36557149887085,5.364786148071289,5.202793121337891,5.5316386222839355,0.6272531266388143,0.2837658639129842,1327104
Firehose Moderate Bi-Maxwellian (bigbox 40 di),ion,230000,30.34722222222222,0.34361782670021057,2.9102098968586114,0.3436836004257202,0.3353672921657562,0.3522050976753235,5.3640055656433105,5.363081932067871,5.200359344482422,5.530463218688965,0.6271443093180054,0.2835264826177948,1327104
Firehose Moderate Bi-Maxwellian (bigbox 40 di),ion,230500,30.413194444444446,0.3437499701976776,2.9090911613023205,0.3438134789466858,0.3354954123497009,0.35235971212387085,5.362436771392822,5.36161470413208,5.198733329772949,5.529068946838379,0.6270352294558568,0.28328525925817916,1327104
Firehose Moderate Bi-Maxwellian (bigbox 40 di),ion,231000,30.47916666666667,0.34388384222984314,2.9079586685891035,0.3439445495605469,0.33562010526657104,0.35249242186546326,5.360846996307373,5.359920501708984,5.197265625,5.527255058288574,0.6269246256463525,0.2830407834165094,1327104
Firehose Moderate Bi-Maxwellian (bigbox 40 di),ion,231500,30.54513888888889,0.3440167307853699,2.9068353673295455,0.34408897161483765,0.3357630670070648,0.3526396155357361,5.359259605407715,5.358388423919678,5.195738315582275,5.52598762512207,0.6268141222377216,0.2827973914523517,1327104
Firehose Moderate Bi-Maxwellian (bigbox 40 di),ion,232000,30.611111111111114,0.3441513478755951,2.9056983393291347,0.34421706199645996,0.3358817994594574,0.3527699410915375,5.357664108276367,5.356610298156738,5.194399833679199,5.524031162261963,0.6267029885448666,0.2825516406692715,1327104
Firehose Moderate Bi-Maxwellian (bigbox 40 di),ion,232500,30.677083333333332,0.34428632259368896,2.90455918337527,0.34435224533081055,0.3360235095024109,0.35289713740348816,5.3560638427734375,5.3553466796875,5.193010330200195,5.522253036499023,0.6265914562055752,0.28230513361188625,1327104
Firehose Moderate Bi-Maxwellian (bigbox 40 di),ion,233000,30.743055555555557,0.3444182574748993,2.9034465458698238,0.3444744348526001,0.33614587783813477,0.35303711891174316,5.354484558105469,5.353811264038086,5.19126033782959,5.520710468292236,0.6264813207888599,0.2820630633139606,1327104
Firehose Moderate Bi-Maxwellian (bigbox 40 di),ion,233500,30.809027777777775,0.3445568382740021,2.9022787793425526,0.344626247882843,0.33630579710006714,0.3531631529331207,5.352848529815674,5.3520402908325195,5.189727783203125,5.519375324249268,0.6263671596795828,0.2818103214055807,1327104
Firehose Moderate Bi-Maxwellian (bigbox 40 di),ion,234000,30.875,0.3446921408176422,2.9011395433267086,0.3447527587413788,0.3364050090312958,0.3533324599266052,5.35123872756958,5.350144386291504,5.187664031982422,5.517693996429443,0.6262547604733086,0.2815626196556664,1327104
Firehose Moderate Bi-Maxwellian (bigbox 40 di),ion,234500,30.94097222222222,0.34482863545417786,2.8999911758572146,0.34489625692367554,0.33654072880744934,0.3534517288208008,5.349626064300537,5.348689079284668,5.186641693115234,5.515607833862305,0.6261420936789346,0.28131345822475673,1327104
Firehose Moderate Bi-Maxwellian (bigbox 40 di),ion,235000,31.006944444444446,0.3449685871601105,2.8988146666695465,0.3450391888618469,0.3366835415363312,0.35359498858451843,5.3479719161987305,5.346972465515137,5.184882164001465,5.514436721801758,0.6260264580032473,0.2810578708431368,1327104
Firehose Moderate Bi-Maxwellian (bigbox 40 di),ion,235500,31.07291666666667,0.34510743618011475,2.8976483702254705,0.345171183347702,0.33684152364730835,0.3537295460700989,5.346320629119873,5.3454084396362305,5.183297157287598,5.512314796447754,0.6259109509619429,0.2808035147818282,1327104
Firehose Moderate Bi-Maxwellian (bigbox 40 di),ion,236000,31.13888888888889,0.34524765610694885,2.8964715105559637,0.3453226685523987,0.3369540572166443,0.3538875877857208,5.34467077255249,5.343714237213135,5.181591510772705,5.511145114898682,0.6257954727032051,0.28054781659625627,1327104
Firehose Moderate Bi-Maxwellian (bigbox 40 di),ion,236500,31.204861111111114,0.3453883230686188,2.8952918590746006,0.34545618295669556,0.33710840344429016,0.35403478145599365,5.343005657196045,5.341838836669922,5.179852485656738,5.509615421295166,0.6256788541284122,0.2802905310597934,1327104
Firehose Moderate Bi-Maxwellian (bigbox 40 di),ion,237000,31.270833333333332,0.3455286920070648,2.8941156642920802,0.34560632705688477,0.33723077178001404,0.3541821539402008,5.341348171234131,5.3401288986206055,5.17838191986084,5.507420539855957,0.6255626976778982,0.28003400567083336,1327104
Firehose Moderate Bi-Maxwellian (bigbox 40 di),ion,237500,31.336805555555557,0.34567156434059143,2.892919473742701,0.3457403779029846,0.3373609185218811,0.3543357849121094,5.339665412902832,5.338596820831299,5.176487445831299,5.506159782409668,0.6254446963723278,0.27977313203173637,1327104
Firehose Moderate Bi-Maxwellian (bigbox 40 di),ion,238000,31.402777777777775,0.34581464529037476,2.891722527136804,0.34586769342422485,0.33751264214515686,0.354479044675827,5.337982177734375,5.337265968322754,5.174750804901123,5.504426956176758,0.6253265871994969,0.2795119419091221,1327104
Firehose Moderate Bi-Maxwellian (bigbox 40 di),ion,238500,31.46875,0.34595999121665955,2.8905076465149517,0.34601491689682007,0.3376443386077881,0.35461512207984924,5.33627462387085,5.335124969482422,5.172938346862793,5.502501010894775,0.6252066955000094,0.27924670428334986,1327104
Firehose Moderate Bi-Maxwellian (bigbox 40 di),ion,239000,31.53472222222222,0.3461037576198578,2.8893069722124993,0.34617185592651367,0.3377741873264313,0.3547743856906891,5.334575653076172,5.333788871765137,5.171372890472412,5.501241683959961,0.6250873302646474,0.27898357264478957,1327104
Firehose Moderate Bi-Maxwellian (bigbox 40 di),ion,239500,31.600694444444446,0.34625107049942017,2.888077713543631,0.3463296592235565,0.33791595697402954,0.3549506366252899,5.332856178283691,5.331816673278809,5.169669151306152,5.499582767486572,0.6249664470337032,0.278715376534283,1327104
Firehose Moderate Bi-Maxwellian (bigbox 40 di),ion,240000,31.66666666666667,0.3463985323905945,2.8868482585613644,0.3464503884315491,0.3380821943283081,0.3550697863101959,5.331119060516357,5.330385208129883,5.168002128601074,5.497602939605713,0.6248442442764943,0.27844571188589984,1327104
Firehose Moderate Bi-Maxwellian (bigbox 40 di),ion,240500,31.73263888888889,0.34654611349105835,2.8856188572601096,0.34660935401916504,0.33820661902427673,0.35523319244384766,5.329385757446289,5.328672885894775,5.166563987731934,5.495718479156494,0.6247222304736388,0.2781761169825805,1327104
Firehose Moderate Bi-Maxwellian (bigbox 40 di),ion,241000,31.798611111111114,0.34669631719589233,2.8843686834866906,0.3467617630958557,0.3383673429489136,0.35536789894104004,5.327625751495361,5.32670783996582,5.164374828338623,5.494328022003174,0.6245982557166974,0.277901938520805,1327104
Firehose Moderate Bi-Maxwellian (bigbox 40 di),ion,241500,31.864583333333332,0.34684738516807556,2.883112408402385,0.3469162881374359,0.3385186493396759,0.3555220663547516,5.325862884521484,5.324778079986572,5.162975311279297,5.4921698570251465,0.6244739972911084,0.27762661212303286,1327104
Firehose Moderate Bi-Maxwellian (bigbox 40 di),ion,242000,31.930555555555557,0.3469962775707245,2.881875295610861,0.3470610976219177,0.33865389227867126,0.3556867837905884,5.324102878570557,5.323728084564209,5.16077184677124,5.490720272064209,0.6243498584428235,0.27735358087209905,1327104
Firehose Moderate Bi-Maxwellian (bigbox 40 di),ion,242500,31.996527777777775,0.3471502661705017,2.8805969559846263,0.3472142517566681,0.3388064503669739,0.35583534836769104,5.322307586669922,5.321334362030029,5.15919303894043,5.488861560821533,0.6242231461764565,0.27707288000595476,1327104
Firehose Moderate Bi-Maxwellian (bigbox 40 di),ion,243000,32.0625,0.347303181886673,2.879328644694956,0.3473662734031677,0.33894869685173035,0.3560113310813904,5.320513725280762,5.319345474243164,5.1572489738464355,5.487175464630127,0.6240964494656085,0.2767932675789355,1327104
Firehose Moderate Bi-Maxwellian (bigbox 40 di),ion,243500,32.12847222222222,0.3474571108818054,2.8780530565689597,0.3475230932235718,0.3390933871269226,0.35617145895957947,5.318727493286133,5.317488670349121,5.155457973480225,5.485143661499023,0.6239702066848483,0.27651309580304284,1327104
Firehose Moderate Bi-Maxwellian (bigbox 40 di),ion,244000,32.19444444444444,0.3476112484931946,2.8767768716770328,0.3476715683937073,0.3392379581928253,0.356344074010849,5.31691837310791,5.3159990310668945,5.153188228607178,5.484278678894043,0.6238422598105573,0.2762310113173627,1327104
Firehose Moderate Bi-Maxwellian (bigbox 40 di),ion,244500,32.26041666666667,0.3477679491043091,2.875480626019568,0.3478221297264099,0.33939844369888306,0.3564990758895874,5.315090656280518,5.314032554626465,5.151996612548828,5.481405735015869,0.6237129092733871,0.275944960169078,1327104
Firehose Moderate Bi-Maxwellian (bigbox 40 di),ion,245000,32.326388888888886,0.3479257822036743,2.8741761925955926,0.3479900062084198,0.3395399749279022,0.3566531836986542,5.31325101852417,5.3122406005859375,5.150174140930176,5.479559898376465,0.623582625208713,0.2756568430050387,1327104
Firehose Moderate Bi-Maxwellian (bigbox 40 di),ion,245500,32.392361111111114,0.34808579087257385,2.8728549863906303,0.34814849495887756,0.339692622423172,0.3568393588066101,5.3113861083984375,5.310288429260254,5.147747039794922,5.478214263916016,0.6234504592242744,0.2753646683517006,1327104
Firehose Moderate Bi-Maxwellian (bigbox 40 di),ion,246000,32.458333333333336,0.3482475280761719,2.8715207413655235,0.3483148217201233,0.3398553431034088,0.3569751977920532,5.3095011711120605,5.308469772338867,5.146164894104004,5.476347923278809,0.6233167795721373,0.2750692514959654,1327104
Firehose Moderate Bi-Maxwellian (bigbox 40 di),ion,246500,32.52430555555556,0.3484099209308624,2.8701823338676897,0.34849053621292114,0.3400115668773651,0.35715824365615845,5.307623386383057,5.306704044342041,5.1441969871521,5.474274635314941,0.6231835127693708,0.27477359183850836,1327104
Firehose Moderate Bi-Maxwellian (bigbox 40 di),ion,247000,32.59027777777778,0.34857216477394104,2.868846399851028,0.3486301600933075,0.340165913105011,0.3573259115219116,5.305727481842041,5.304928779602051,5.141880989074707,5.472806453704834,0.6230488642990686,0.27447669952512754,1327104
Firehose Moderate Bi-Maxwellian (bigbox 40 di),ion,247500,32.65625,0.34873801469802856,2.8674820577444007,0.3488013744354248,0.34033435583114624,0.35750073194503784,5.303804874420166,5.302890300750732,5.140169143676758,5.471013069152832,0.6229122210649485,0.2741742063669199,1327104
Firehose Moderate Bi-Maxwellian (bigbox 40 di),ion,248000,32.72222222222222,0.3489019274711609,2.8661349257884416,0.3489670753479004,0.3404913544654846,0.35767892003059387,5.301898002624512,5.3007731437683105,5.138288974761963,5.469265460968018,0.6227765983031034,0.2738746708319425,1327104
Firehose Moderate Bi-Maxwellian (bigbox 40 di),ion,248500,32.78819444444444,0.34907037019729614,2.864751882076945,0.3491325378417969,0.34065213799476624,0.3578399419784546,5.2999444007873535,5.299369812011719,5.136292934417725,5.4667792320251465,0.6226375507443281,0.273567180547032,1327104
Firehose Moderate Bi-Maxwellian (bigbox 40 di),ion,249000,32.85416666666667,0.3492404520511627,2.8633567335249666,0.349309504032135,0.34080278873443604,0.358036071062088,5.297985553741455,5.297089099884033,5.134462356567383,5.465380668640137,0.6224980268986213,0.2732575748474586,1327104
Firehose Moderate Bi-Maxwellian (bigbox 40 di),ion,249500,32.920138888888886,0.3494093120098114,2.86197295157354,0.349464476108551,0.34096992015838623,0.3581816852092743,5.296023845672607,5.295304298400879,5.132356643676758,5.463233470916748,0.6223581958313491,0.2729488838215377,1327104
Firehose Moderate Bi-Maxwellian (bigbox 40 di),ion,250000,32.986111111111114,0.349582701921463,2.860553438438322,0.3496529459953308,0.34115123748779297,0.35836994647979736,5.294026851654053,5.293234348297119,5.130159378051758,5.4610209465026855,0.6222157431303688,0.27263304120890575,1327104
Firehose Moderate Bi-Maxwellian (bigbox 40 di),ion,250500,33.052083333333336,0.34975481033325195,2.8591458085942665,0.3498176336288452,0.34131312370300293,0.35854852199554443,5.292027473449707,5.291045665740967,5.12849235534668,5.459147930145264,0.6220730126526983,0.27231820231944637,1327104
Firehose Moderate Bi-Maxwellian (bigbox 40 di),ion,251000,33.11805555555556,0.34992945194244385,2.8577188757592182,0.35000699758529663,0.3414832353591919,0.3587263226509094,5.290015697479248,5.289043426513672,5.1262946128845215,5.456964492797852,0.6219292882338663,0.27199983629142244,1327104
Firehose Moderate Bi-Maxwellian (bigbox 40 di),ion,251500,33.18402777777778,0.3501063287258148,2.8562751311563646,0.3501627445220947,0.34164029359817505,0.3589397072792053,5.287968635559082,5.286894798278809,5.123981952667236,5.455292224884033,0.6217829306794771,0.2716766019536623,1327104
Firehose Moderate Bi-Maxwellian (bigbox 40 di),ion,252000,33.25,0.35028496384620667,2.854818514102855,0.35036224126815796,0.3418104350566864,0.3590953052043915,5.285913467407227,5.2847580909729,5.1218671798706055,5.453582763671875,0.6216358795254716,0.27135091567926495,1327104
Firehose Moderate Bi-Maxwellian (bigbox 40 di),ion,252500,33.31597222222222,0.3504645824432373,2.8533553748243996,0.35052502155303955,0.34196898341178894,0.3593129515647888,5.283846378326416,5.282963752746582,5.119835376739502,5.451295375823975,0.6214878600173324,0.27102327757409506,1327104
Firehose Moderate Bi-Maxwellian (bigbox 40 di),ion,253000,33.38194444444444,0.35064610838890076,2.8518782215911616,0.35070306062698364,0.34215158224105835,0.35948336124420166,5.28174352645874,5.281060218811035,5.117651462554932,5.4495463371276855,0.6213371607346971,0.2706910523457964,1327104
Firehose Moderate Bi-Maxwellian (bigbox 40 di),ion,253500,33.44791666666667,0.3508298397064209,2.8503846788996436,0.35089343786239624,0.3423306345939636,0.35968858003616333,5.279642105102539,5.2787370681762695,5.115396022796631,5.447608947753906,0.6211864440456885,0.27035660433926756,1327104
Firehose Moderate Bi-Maxwellian (bigbox 40 di),ion,254000,33.513888888888886,0.3510130047798157,2.8488972954927485,0.35107532143592834,0.3425180912017822,0.35987943410873413,5.27752685546875,5.276865005493164,5.11331844329834,5.445509433746338,0.6210346143615484,0.2700216095817327,1327104
Firehose Moderate Bi-Maxwellian (bigbox 40 di),ion,254500,33.579861111111114,0.35120072960853577,2.847374494678998,0.35126516222953796,0.34270185232162476,0.36005735397338867,5.2753825187683105,5.274951934814453,5.111310005187988,5.443156719207764,0.6208805725680424,0.26967984295950664,1327104
Firehose Moderate Bi-Maxwellian (bigbox 40 di),ion,255000,33.645833333333336,0.3513891398906708,2.845847769544427,0.35144472122192383,0.3428616523742676,0.36026278138160706,5.2732086181640625,5.272347450256348,5.108847618103027,5.441013336181641,0.6207242791209109,0.2693351392302401,1327104
Firehose Moderate Bi-Maxwellian (bigbox 40 di),ion,255500,33.71180555555556,0.3515799939632416,2.8443029102064097,0.35165369510650635,0.34305113554000854,0.3604569137096405,5.271014213562012,5.270037651062012,5.106801986694336,5.438973426818848,0.6205663807822569,0.2689863868190153,1327104
Firehose Moderate Bi-Maxwellian (bigbox 40 di),ion,256000,33.77777777777778,0.35177165269851685,2.8427532245102256,0.35182511806488037,0.3432445228099823,0.3606621026992798,5.268819808959961,5.267925262451172,5.1048760414123535,5.436615943908691,0.620408350917814,0.26863669821929714,1327104
Firehose Moderate Bi-Maxwellian (bigbox 40 di),ion,256500,33.84375,0.35196465253829956,2.8411944005973258,0.35203075408935547,0.3434320390224457,0.36084631085395813,5.266601085662842,5.266082763671875,5.102425575256348,5.434322357177734,0.6202484358565606,0.2682837833182611,1327104
Firehose Moderate Bi-Maxwellian (bigbox 40 di),ion,257000,33.90972222222222,0.3521621823310852,2.839600758322909,0.35222703218460083,0.3436390459537506,0.3610555827617645,5.264340400695801,5.263500213623047,5.099697113037109,5.432499885559082,0.6200853577523872,0.26792317542130195,1327104
Firehose Moderate Bi-Maxwellian (bigbox 40 di),ion,257500,33.97569444444444,0.3523600101470947,2.8380065024477217,0.35242658853530884,0.3438028395175934,0.3612745404243469,5.262085914611816,5.261353492736816,5.097423553466797,5.430416584014893,0.6199225872678402,0.2675625771207455,1327104
Firehose Moderate Bi-Maxwellian (bigbox 40 di),ion,258000,34.04166666666667,0.35256049036979675,2.8363926966152992,0.3526154160499573,0.3440057635307312,0.36147817969322205,5.259781837463379,5.25892448425293,5.095259189605713,5.427981853485107,0.619756092209989,0.2671956018401922,1327104
Firehose Moderate Bi-Maxwellian (bigbox 40 di),ion,258500,34.107638888888886,0.35276204347610474,2.83477210344411,0.3528292179107666,0.3441932201385498,0.36168694496154785,5.2574849128723145,5.25656795501709,5.092907428741455,5.425428867340088,0.619589968750411,0.2668279252743062,1327104
Firehose Moderate Bi-Maxwellian (bigbox 40 di),ion,259000,34.173611111111114,0.35296738147735596,2.833122980980477,0.35303741693496704,0.34438762068748474,0.3619179427623749,5.255136966705322,5.2539873123168945,5.0902862548828125,5.4233880043029785,0.6194200050976238,0.2664526236202679,1327104
Firehose Moderate Bi-Maxwellian (bigbox 40 di),ion,259500,34.239583333333336,0.3531746566295624,2.831460245599897,0.35323891043663025,0.3445851802825928,0.3621136546134949,5.252773761749268,5.251979827880859,5.088108062744141,5.421236991882324,0.6192487834591291,0.26607412682956677,1327104
Firehose Moderate Bi-Maxwellian (bigbox 40 di),ion,260000,34.30555555555556,0.353384792804718,2.829776550550675,0.3534494936466217,0.34478503465652466,0.3623303174972534,5.2503767013549805,5.249076843261719,5.085654258728027,5.418689250946045,0.6190749514251322,0.26569015862041423,1327104
Firehose Moderate Bi-Maxwellian (bigbox 40 di),ion,260500,34.37152777777778,0.3535965383052826,2.828081985171008,0.35366857051849365,0.3450043201446533,0.3625585436820984,5.247962474822998,5.246847152709961,5.083284378051758,5.416276931762695,0.6188997140137791,0.2653031757084965,1327104
Firehose Moderate Bi-Maxwellian (bigbox 40 di),ion,261000,34.4375,0.35381019115448,2.826374211373074,0.3538694977760315,0.34520646929740906,0.36277085542678833,5.2455267906188965,5.245116233825684,5.080585956573486,5.414006233215332,0.6187227556292723,0.2649125644747923,1327104
Firehose Moderate Bi-Maxwellian (bigbox 40 di),ion,261500,34.50347222222222,0.35402795672416687,2.8246356848567418,0.3540855348110199,0.34541693329811096,0.3629978895187378,5.243051052093506,5.242297172546387,5.078325271606445,5.411638259887695,0.6185427187092872,0.26451476198512036,1327104
Firehose Moderate Bi-Maxwellian (bigbox 40 di),ion,262000,34.56944444444444,0.3542470335960388,2.8228888463758812,0.35432112216949463,0.34560626745224,0.36324524879455566,5.240559101104736,5.239814758300781,5.076038360595703,5.408806324005127,0.6183613310308074,0.26411429743476855,1327104
Firehose Moderate Bi-Maxwellian (bigbox 40 di),ion,262500,34.63541666666667,0.3544714152812958,2.8211019475475503,0.35454127192497253,0.3458302319049835,0.3634634017944336,5.23801326751709,5.2368621826171875,5.073271751403809,5.406501770019531,0.6181758430428652,0.26370442776156944,1327104
Firehose Moderate Bi-Maxwellian (bigbox 40 di),ion,263000,34.701388888888886,0.35469701886177063,2.819307597253055,0.354743629693985,0.34604692459106445,0.36369845271110535,5.235453128814697,5.234715461730957,5.0707292556762695,5.404109001159668,0.6179891308753254,0.26329211201355474,1327104
Firehose Moderate Bi-Maxwellian (bigbox 40 di),ion,263500,34.767361111111114,0.3549247682094574,2.8174984942438677,0.354988157749176,0.34627217054367065,0.3639240860939026,5.232874870300293,5.232471942901611,5.067986965179443,5.401268482208252,0.6178009125822593,0.26287614437280193,1327104
Firehose Moderate Bi-Maxwellian (bigbox 40 di),ion,264000,34.833333333333336,0.3551551401615143,2.815670919320579,0.3552132248878479,0.3464641273021698,0.36418014764785767,5.230257034301758,5.2295331954956055,5.065797328948975,5.399028301239014,0.6176096151903554,0.2624544750288411,1327104
Firehose Moderate Bi-Maxwellian (bigbox 40 di),ion,264500,34.89930555555556,0.3553881347179413,2.813824948865172,0.3554336428642273,0.34672027826309204,0.3644152879714966,5.227622032165527,5.227046012878418,5.063055038452148,5.395899772644043,0.6174168699087248,0.2620287351907835,1327104
Firehose Moderate Bi-Maxwellian (bigbox 40 di),ion,265000,34.96527777777778,0.3556247651576996,2.811952647776249,0.35568150877952576,0.3469241261482239,0.3646688461303711,5.224947929382324,5.224283695220947,5.060317039489746,5.393207550048828,0.6172210657348247,0.26159630057712513,1327104
Firehose Moderate Bi-Maxwellian (bigbox 40 di),ion,265500,35.03125,0.3558639585971832,2.810062597915234,0.3559103012084961,0.3471493422985077,0.3649359941482544,5.222237586975098,5.221672534942627,5.057770252227783,5.390713214874268,0.6170224033873438,0.2611584447901606,1327104
Firehose Moderate Bi-Maxwellian (bigbox 40 di),ion,266000,35.09722222222222,0.3561045825481415,2.8081638063863186,0.3561505675315857,0.34738194942474365,0.3651866316795349,5.219514846801758,5.218590259552002,5.054791450500488,5.387923240661621,0.6168226245729536,0.2607180420248121,1327104
Firehose Moderate Bi-Maxwellian (bigbox 40 di),ion,266500,35.16319444444444,0.3563520014286041,2.806214069209745,0.35641056299209595,0.3475971221923828,0.3654499650001526,5.216726779937744,5.216106414794922,5.052205562591553,5.385176658630371,0.6166178363621589,0.2602658349335548,1327104
Firehose Moderate Bi-Maxwellian (bigbox 40 di),ion,267000,35.22916666666667,0.3565988838672638,2.804271256138391,0.3566579222679138,0.3478407561779022,0.36571455001831055,5.213942050933838,5.213023662567139,5.0491132736206055,5.382384300231934,0.6164130747019345,0.2598141908346707,1327104
Firehose Moderate Bi-Maxwellian (bigbox 40 di),ion,267500,35.29513888888889,0.35685086250305176,2.8022911111541675,0.3569127917289734,0.3481076657772064,0.36596086621284485,5.211093425750732,5.210251808166504,5.046620845794678,5.379481315612793,0.6162033883106075,0.25935252580755574,1327104
Firehose Moderate Bi-Maxwellian (bigbox 40 di),ion,268000,35.361111111111114,0.35710424184799194,2.80030277664881,0.35714495182037354,0.3483235836029053,0.36625370383262634,5.208232402801514,5.207324504852295,5.043603897094727,5.37669563293457,0.6159925584495427,0.25888831660155076,1327104
Firehose Moderate Bi-Maxwellian (bigbox 40 di),ion,268500,35.427083333333336,0.35736316442489624,2.79827385569886,0.3573976159095764,0.3485690653324127,0.3665226399898529,5.205321788787842,5.204333305358887,5.040515899658203,5.374001502990723,0.6157778363850704,0.2584146719601742,1327104
Firehose Moderate Bi-Maxwellian (bigbox 40 di),ion,269000,35.49305555555556,0.35762515664100647,2.796223871364358,0.35765528678894043,0.3488130271434784,0.3667849004268646,5.20237398147583,5.201519012451172,5.037904739379883,5.370847225189209,0.6155601256039205,0.257934968962914,1327104
Firehose Moderate Bi-Maxwellian (bigbox 40 di),ion,269500,35.55902777777778,0.35788804292678833,2.7941699080585543,0.3579261302947998,0.34906134009361267,0.36706826090812683,5.199402809143066,5.198580741882324,5.035065650939941,5.367585182189941,0.6153404393898791,0.2574523964630908,1327104
Firehose Moderate Bi-Maxwellian (bigbox 40 di),ion,270000,35.625,0.35815542936325073,2.792083877599894,0.358207643032074,0.34928566217422485,0.3673621714115143,5.196387767791748,5.195677757263184,5.031756401062012,5.364761829376221,0.6151172527199759,0.2569618233567251,1327104
Firehose Moderate Bi-Maxwellian (bigbox 40 di),ion,270500,35.69097222222222,0.35842663049697876,2.7899712658444034,0.35847699642181396,0.34955140948295593,0.3676444888114929,5.193342685699463,5.192426681518555,5.028956890106201,5.361689567565918,0.6148915792698877,0.25646494877290893,1327104
Firehose Moderate Bi-Maxwellian (bigbox 40 di),ion,271000,35.75694444444444,0.3587035834789276,2.787817145012564,0.3587384819984436,0.34980660676956177,0.3679315745830536,5.190232276916504,5.189296245574951,5.025460720062256,5.358650207519531,0.6146607910218246,0.25595720754289697,1327104
Firehose Moderate Bi-Maxwellian (bigbox 40 di),ion,271500,35.82291666666667,0.358982115983963,2.7856540910374306,0.3590284287929535,0.3500768840312958,0.3682236671447754,5.187101364135742,5.186408996582031,5.022907257080078,5.35515832901001,0.6144282018801008,0.2554460858961378,1327104
Firehose Moderate Bi-Maxwellian (bigbox 40 di),ion,272000,35.88888888888889,0.3592662215232849,2.783451212752512,0.3592938184738159,0.35032743215560913,0.3685280382633209,5.183917999267578,5.183285236358643,5.01938009262085,5.352438926696777,0.6141914281278031,0.25492520660451823,1327104
Firehose Moderate Bi-Maxwellian (bigbox 40 di),ion,272500,35.954861111111114,0.35955309867858887,2.7812303764733186,0.35959434509277344,0.3505992591381073,0.36885443329811096,5.180698394775391,5.180147171020508,5.0161519050598145,5.349411487579346,0.6139516629617057,0.2543985642831168,1327104
Firehose Moderate Bi-Maxwellian (bigbox 40 di),ion,273000,36.020833333333336,0.3598444163799286,2.7789787877219316,0.35988104343414307,0.35087594389915466,0.36915966868400574,5.177429676055908,5.176818370819092,5.013588905334473,5.345762252807617,0.6137079351846317,0.25386351880470315,1327104
Firehose Moderate Bi-Maxwellian (bigbox 40 di),ion,273500,36.08680555555556,0.36013972759246826,2.7767000510746023,0.360178142786026,0.3511607050895691,0.3694595694541931,5.174116611480713,5.173374176025391,5.0099992752075195,5.34247350692749,0.613460586573899,0.25332085898143075,1327104
Firehose Moderate Bi-Maxwellian (bigbox 40 di),ion,274000,36.15277777777778,0.3604402542114258,2.774384903783315,0.36046943068504333,0.3514275550842285,0.3697803318500519,5.170759201049805,5.170072555541992,5.006439208984375,5.339395523071289,0.6132096038055793,0.25276934959415354,1327104
Firehose Moderate Bi-Maxwellian (bigbox 40 di),ion,274500,36.21875,0.36074233055114746,2.7720617052958136,0.3607591390609741,0.35172125697135925,0.3700985312461853,5.1673736572265625,5.167171478271484,5.0032501220703125,5.3358235359191895,0.6129561876751445,0.252213857123997,1327104
Firehose Moderate Bi-Maxwellian (bigbox 40 di),ion,275000,36.28472222222222,0.3610513508319855,2.769689125094419,0.36107778549194336,0.3519788384437561,0.3704530596733093,5.163922309875488,5.163467884063721,4.999671936035156,5.332383632659912,0.6126975039544653,0.25164615312247984,1327104
Firehose Moderate Bi-Maxwellian (bigbox 40 di),ion,275500,36.35069444444444,0.361362487077713,2.7673043986575854,0.36138981580734253,0.3522752821445465,0.3707890808582306,5.160440444946289,5.159884929656982,4.9962921142578125,5.329014301300049,0.6124361822722642,0.25107369519455114,1327104
Firehose Moderate Bi-Maxwellian (bigbox 40 di),ion,276000,36.41666666666667,0.36167851090431213,2.7648864111381117,0.36167705059051514,0.3525756299495697,0.3711146414279938,5.156909465789795,5.156414985656738,4.992738723754883,5.325469970703125,0.612170814076199,0.25049230317188687,1327104
Firehose Moderate Bi-Maxwellian (bigbox 40 di),ion,276500,36.48263888888889,0.36200135946273804,2.762420565171754,0.36202627420425415,0.3528537452220917,0.3714580237865448,5.15330696105957,5.153196811676025,4.988853454589844,5.321895599365234,0.6118996956492613,0.24989833618652324,1327104
Firehose Moderate Bi-Maxwellian (bigbox 40 di),ion,277000,36.548611111111114,0.36232736706733704,2.759935050156325,0.3623323440551758,0.35316985845565796,0.3717988431453705,5.149667739868164,5.149385929107666,4.985665798187256,5.3181633949279785,0.6116254288570466,0.2492980617897096,1327104
Firehose Moderate Bi-Maxwellian (bigbox 40 di),ion,277500,36.614583333333336,0.3626601994037628,2.75740211262241,0.3626740574836731,0.3534621596336365,0.37217411398887634,5.145977020263672,5.145910739898682,4.982033729553223,5.314449787139893,0.6113468847364727,0.24868668533270988,1327104
Firehose Moderate Bi-Maxwellian (bigbox 40 di),ion,278000,36.68055555555556,0.3629961311817169,2.75485029756253,0.3630206882953644,0.3537841737270355,0.37252703309059143,5.142226219177246,5.141949653625488,4.978005409240723,5.310885906219482,0.6110633965224503,0.24806726534073342,1327104
Firehose Moderate Bi-Maxwellian (bigbox 40 di),ion,278500,36.74652777777778,0.3633367717266083,2.7522675319866803,0.36333855986595154,0.35408473014831543,0.3729223310947418,5.138446807861328,5.138166427612305,4.9743971824646,5.306858539581299,0.610777327316069,0.24744055558946076,1327104
Firehose Moderate Bi-Maxwellian (bigbox 40 di),ion,279000,36.8125,0.3636835813522339,2.749642962384608,0.3636728525161743,0.3544151186943054,0.37327641248703003,5.134579658508301,5.134377479553223,4.970256805419922,5.303583145141602,0.6104841811761782,0.2468005998239443,1327104
Firehose Moderate Bi-Maxwellian (bigbox 40 di),ion,279500,36.87847222222222,0.3640342354774475,2.746994382790548,0.36405104398727417,0.35471397638320923,0.3736717104911804,5.130680561065674,5.130407333374023,4.966616153717041,5.299552917480469,0.6101881658396235,0.24615393036217603,1327104
Firehose Moderate Bi-Maxwellian (bigbox 40 di),ion,280000,36.94444444444444,0.36439019441604614,2.7443109483298556,0.36438924074172974,0.3550513982772827,0.3740432560443878,5.126717567443848,5.126594066619873,4.962240219116211,5.295529365539551,0.609886838178763,0.24549664376271685,1327104
Firehose Moderate Bi-Maxwellian (bigbox 40 di),ion,280500,37.01041666666667,0.36475348472595215,2.7415776459307124,0.36477896571159363,0.3553732633590698,0.3744560480117798,5.122684955596924,5.122559547424316,4.9585113525390625,5.291728973388672,0.6095797384895107,0.2448262537635586,1327104
Firehose Moderate Bi-Maxwellian (bigbox 40 di),ion,281000,37.07638888888889,0.36512237787246704,2.7388077548872896,0.3651251196861267,0.35571151971817017,0.3748442232608795,5.118598937988281,5.118456840515137,4.954275608062744,5.287549018859863,0.6092680781928888,0.2441457003204217,1327104
Firehose Moderate Bi-Maxwellian (bigbox 40 di),ion,281500,37.142361111111114,0.3654947280883789,2.7360175760406418,0.36549675464630127,0.35603150725364685,0.375255823135376,5.114475250244141,5.114461898803711,4.9504618644714355,5.284013271331787,0.6089530397268949,0.24345831163851595,1327104
Firehose Moderate Bi-Maxwellian (bigbox 40 di),ion,282000,37.208333333333336,0.36587464809417725,2.7331765270125983,0.3658834993839264,0.3563794195652008,0.37569183111190796,5.110270977020264,5.110345840454102,4.945608139038086,5.280261039733887,0.6086313213147504,0.24275667322057315,1327104
Firehose Moderate Bi-Maxwellian (bigbox 40 di),ion,282500,37.27430555555556,0.3662586212158203,2.73031115740138,0.36625102162361145,0.3567337095737457,0.3760824501514435,5.106012344360352,5.106400489807129,4.94129753112793,5.275599479675293,0.608304903099378,0.2420462818835577,1327104
Firehose Moderate Bi-Maxwellian (bigbox 40 di),ion,283000,37.34027777777778,0.3666495978832245,2.7273996910764198,0.3666500747203827,0.3570747673511505,0.3765317499637604,5.101686954498291,5.101988792419434,4.936649322509766,5.272007942199707,0.6079728102022122,0.24132321231898768,1327104
Firehose Moderate Bi-Maxwellian (bigbox 40 di),ion,283500,37.40625,0.36704617738723755,2.724452838927102,0.36704516410827637,0.35743972659111023,0.3769456744194031,5.097306728363037,5.0974016189575195,4.932206153869629,5.267375946044922,0.6076359327424101,0.24058975535517257,1327104
Firehose Moderate Bi-Maxwellian (bigbox 40 di),ion,284000,37.47222222222222,0.3674499988555908,2.72145871034008,0.36744555830955505,0.35780179500579834,0.3774109184741974,5.092843532562256,5.093173980712891,4.927718639373779,5.263435363769531,0.6072920781460212,0.23984207929043033,1327104
Firehose Moderate Bi-Maxwellian (bigbox 40 di),ion,284500,37.53819444444444,0.3678591847419739,2.718431512594762,0.3678756356239319,0.35815322399139404,0.3778679072856903,5.0883355140686035,5.088302135467529,4.922835350036621,5.258758544921875,0.6069441579726311,0.23908497323065725,1327104
Firehose Moderate Bi-Maxwellian (bigbox 40 di),ion,285000,37.60416666666667,0.36827489733695984,2.715362918382764,0.36828845739364624,0.3585403263568878,0.3783382773399353,5.083747863769531,5.083789825439453,4.9183430671691895,5.254291534423828,0.606589458487222,0.23831456115026217,1327104
Firehose Moderate Bi-Maxwellian (bigbox 40 di),ion,285500,37.67013888888889,0.36869919300079346,2.7122381035367438,0.3686829209327698,0.3589054048061371,0.37882182002067566,5.0790839195251465,5.079453468322754,4.91372013092041,5.249931335449219,0.6062282034144881,0.23752901041369467,1327104
Firehose Moderate Bi-Maxwellian (bigbox 40 di),ion,286000,37.736111111111114,0.36912599205970764,2.7091020993131414,0.369113028049469,0.3592895269393921,0.3792729079723358,5.074373722076416,5.074481010437012,4.908627033233643,5.245787620544434,0.6058626917251166,0.236736699665409,1327104
Firehose Moderate Bi-Maxwellian (bigbox 40 di),ion,286500,37.802083333333336,0.3695613741874695,2.7059104924009842,0.36954113841056824,0.35968348383903503,0.37977322936058044,5.069583415985107,5.069953441619873,4.9034013748168945,5.241015434265137,0.6054902669726827,0.23592889278521323,1327104
Firehose Moderate Bi-Maxwellian (bigbox 40 di),ion,287000,37.86805555555556,0.37000560760498047,2.7026617420015002,0.36998164653778076,0.3600853979587555,0.380231112241745,5.064707279205322,5.065230369567871,4.899012088775635,5.236241340637207,0.6051104457286997,0.23510483812371918,1327104
Firehose Moderate Bi-Maxwellian (bigbox 40 di),ion,287500,37.93402777777778,0.370453804731369,2.699391900496582,0.3704302906990051,0.36046701669692993,0.38074856996536255,5.059779644012451,5.060361385345459,4.893792629241943,5.231258869171143,0.6047258693633579,0.2342720646319889,1327104
Firehose Moderate Bi-Maxwellian (bigbox 40 di),ion,288000,38.0,0.370908260345459,2.6960844686193113,0.37089765071868896,0.3608863353729248,0.3812592029571533,5.054786205291748,5.055234432220459,4.88847541809082,5.226823329925537,0.604335392482823,0.233427132137364,1327104
Firehose Moderate Bi-Maxwellian (bigbox 40 di),ion,288500,38.06597222222222,0.37137311697006226,2.6927097151208543,0.37137702107429504,0.36129018664360046,0.381770521402359,5.049685478210449,5.049939155578613,4.883241653442383,5.222102165222168,0.6039357285458544,0.23256261157579217,1327104
Firehose Moderate Bi-Maxwellian (bigbox 40 di),ion,289000,38.13194444444444,0.3718450665473938,2.689292100296144,0.37181299924850464,0.36166682839393616,0.3823337256908417,5.044514179229736,5.045037269592285,4.877692699432373,5.217128753662109,0.6035297099104622,0.23168464336306838,1327104
Firehose Moderate Bi-Maxwellian (bigbox 40 di),ion,289500,38.19791666666667,0.3723229765892029,2.6858401519048214,0.372293621301651,0.3621005415916443,0.38283711671829224,5.039281368255615,5.039726257324219,4.872154235839844,5.212367534637451,0.6031180134931988,0.23079503690399594,1327104
Firehose Moderate Bi-Maxwellian (bigbox 40 di),ion,290000,38.26388888888889,0.37280863523483276,2.6823413019124365,0.3727574944496155,0.3625231087207794,0.38340333104133606,5.0339579582214355,5.0344648361206055,4.866272926330566,5.207521438598633,0.6026983108324118,0.229889675597579,1327104
Firehose Moderate Bi-Maxwellian (bigbox 40 di),ion,290500,38.329861111111114,0.3733031749725342,2.6787878245974603,0.37324923276901245,0.36293646693229675,0.38395950198173523,5.02855920791626,5.029345512390137,4.860592842102051,5.202498435974121,0.6022717606960897,0.2289685857235555,1327104
Firehose Moderate Bi-Maxwellian (bigbox 40 di),ion,291000,38.395833333333336,0.37380385398864746,2.675199812226576,0.37376299500465393,0.36339548230171204,0.38450339436531067,5.023087024688721,5.023448944091797,4.8553571701049805,5.197155952453613,0.601838473000786,0.2280346190121385,1327104
Firehose Moderate Bi-Maxwellian (bigbox 40 di),ion,291500,38.46180555555556,0.374314546585083,2.671549928056821,0.3742390275001526,0.36383581161499023,0.38507965207099915,5.017510414123535,5.017884254455566,4.849170207977295,5.192034721374512,0.6013959444169161,0.22708139783183312,1327104
Firehose Moderate Bi-Maxwellian (bigbox 40 di),ion,292000,38.52777777777778,0.37483134865760803,2.667866504712913,0.3747623562812805,0.3642871081829071,0.385660856962204,5.011867046356201,5.012387275695801,4.843366622924805,5.186659336090088,0.6009471158150397,0.22611576715743165,1327104
Firehose Moderate Bi-Maxwellian (bigbox 40 di),ion,292500,38.59375,0.37535855174064636,2.6641194009373446,0.37527209520339966,0.3647536039352417,0.3862544596195221,5.00612735748291,5.006617546081543,4.837462425231934,5.181423187255859,0.6004895886217319,0.2251310368810855,1327104
Firehose Moderate Bi-Maxwellian (bigbox 40 di),ion,293000,38.65972222222222,0.3758940100669861,2.6603243819229663,0.3757925033569336,0.36519527435302734,0.3868706226348877,5.00029993057251,5.000545501708984,4.831447124481201,5.175680637359619,0.6000239930065536,0.22412998293956754,1327104
Firehose Moderate Bi-Maxwellian (bigbox 40 di),ion,293500,38.72569444444444,0.376436710357666,2.656489052435572,0.3763355016708374,0.3656752109527588,0.3874778151512146,4.9944000244140625,4.995063781738281,4.824522018432617,5.170624732971191,0.5995514996349061,0.22311478927724004,1327104
Firehose Moderate Bi-Maxwellian (bigbox 40 di),ion,294000,38.79166666666667,0.3769882321357727,2.652602693549991,0.37686800956726074,0.36613935232162476,0.3881077170372009,4.988402843475342,4.9892964363098145,4.818774700164795,5.16472864151001,0.5990700705705974,0.22208183843482465,1327104
Firehose Moderate Bi-Maxwellian (bigbox 40 di),ion,294500,38.85763888888889,0.37754905223846436,2.648662456099581,0.37743130326271057,0.3666210174560547,0.38874441385269165,4.982320308685303,4.982868194580078,4.812227249145508,5.159247398376465,0.5985806058045784,0.22103155356611404,1327104
Firehose Moderate Bi-Maxwellian (bigbox 40 di),ion,295000,38.923611111111114,0.37811827659606934,2.6446751238852846,0.3779876232147217,0.36710110306739807,0.38937121629714966,4.976142406463623,4.97689962387085,4.8052449226379395,5.153506278991699,0.5980822418984322,0.21996396530236284,1327104
Firehose Moderate Bi-Maxwellian (bigbox 40 di),ion,295500,38.989583333333336,0.37869542837142944,2.640644499724953,0.3785334825515747,0.3676131069660187,0.3900262713432312,4.9698805809021,4.970353126525879,4.798890113830566,5.147608757019043,0.59757584363587,0.21888041526444058,1327104
Firehose Moderate Bi-Maxwellian (bigbox 40 di),ion,296000,39.05555555555556,0.3792838156223297,2.6365480381998316,0.3791159391403198,0.36810171604156494,0.3907014727592468,4.96351432800293,4.964456558227539,4.791954517364502,5.14195442199707,0.5970596904059506,0.21777587478362093,1327104
Firehose Moderate Bi-Maxwellian (bigbox 40 di),ion,296500,39.12152777777778,0.3798803985118866,2.6324074732924383,0.3796791434288025,0.36859917640686035,0.39135652780532837,4.957051753997803,4.957925796508789,4.785439491271973,5.135833740234375,0.5965343717892346,0.21665397327734803,1327104
Firehose Moderate Bi-Maxwellian (bigbox 40 di),ion,297000,39.1875,0.380484402179718,2.6282286324254103,0.3802875280380249,0.3691125512123108,0.392054945230484,4.950533866882324,4.951577186584473,4.7785186767578125,5.12966251373291,0.5960031677836938,0.21551876560397576,1327104
Firehose Moderate Bi-Maxwellian (bigbox 40 di),ion,297500,39.25347222222222,0.3811017572879791,2.6239711071296665,0.38087111711502075,0.36962610483169556,0.39278584718704224,4.943854808807373,4.944400787353516,4.771429061889648,5.123259544372559,0.5954573753992447,0.21435561811126558,1327104
Firehose Moderate Bi-Maxwellian (bigbox 40 di),ion,298000,39.31944444444444,0.3817286491394043,2.619661904482333,0.3814622759819031,0.37016749382019043,0.3934716582298279,4.937103748321533,4.938318252563477,4.7643303871154785,5.117184638977051,0.5949041985030312,0.21317554936362693,1327104
Firehose Moderate Bi-Maxwellian (bigbox 40 di),ion,298500,39.38541666666667,0.38236331939697266,2.615313627826816,0.3820916712284088,0.3706919848918915,0.3942151367664337,4.930259704589844,4.931535243988037,4.757061958312988,5.111066818237305,0.5943418562437811,0.21197853684680845,1327104
Firehose Moderate Bi-Maxwellian (bigbox 40 di),ion,299000,39.45138888888889,0.3830083906650543,2.610908858324497,0.3827081620693207,0.3712238371372223,0.39493465423583984,4.923318386077881,4.924607276916504,4.749927043914795,5.104631423950195,0.5937699244364161,0.21076153377136175,1327104
Firehose Moderate Bi-Maxwellian (bigbox 40 di),ion,299500,39.517361111111114,0.38366299867630005,2.606454110639189,0.3833564221858978,0.37179091572761536,0.3956809341907501,4.916266441345215,4.917304039001465,4.742424011230469,5.098024368286133,0.59318722370695,0.20952422503064994,1327104
Firehose Moderate Bi-Maxwellian (bigbox 40 di),ion,300000,39.583333333333336,0.384327232837677,2.601949366472181,0.38400399684906006,0.3723347783088684,0.3964513838291168,4.909121036529541,4.910749435424805,4.734543800354004,5.091434001922607,0.5925950928653652,0.20826786002768816,1327104
Firehose Moderate Bi-Maxwellian (bigbox 40 di),ion,300500,39.64930555555556,0.3850038945674896,2.597376322967829,0.38464221358299255,0.3729143440723419,0.39720022678375244,4.901867866516113,4.903804779052734,4.7272515296936035,5.084597587585449,0.5919922661192716,0.20698837155178196,1327104
Firehose Moderate Bi-Maxwellian (bigbox 40 di),ion,301000,39.71527777777778,0.3856896460056305,2.5927582198703916,0.38529613614082336,0.3734672963619232,0.397990345954895,4.89450216293335,4.89621639251709,4.719130992889404,5.078420162200928,0.5913782580082936,0.20568861200266308,1327104
Firehose Moderate Bi-Maxwellian (bigbox 40 di),ion,301500,39.78125,0.38638705015182495,2.588078455546233,0.38597431778907776,0.37404924631118774,0.3987610340118408,4.887031555175781,4.889029026031494,4.711318492889404,5.0713419914245605,0.59075361445501,0.204366564303185,1327104
Firehose Moderate Bi-Maxwellian (bigbox 40 di),ion,302000,39.84722222222222,0.3870943486690521,2.583349520441989,0.3866437077522278,0.3746301829814911,0.39960670471191406,4.879459381103516,4.881739616394043,4.7032389640808105,5.064315319061279,0.5901185267070121,0.20302417803796002,1327104
Firehose Moderate Bi-Maxwellian (bigbox 40 di),ion,302500,39.91319444444444,0.387811541557312,2.5785720455465526,0.38735267519950867,0.3752192258834839,0.40041691064834595,4.871793746948242,4.874182224273682,4.695828437805176,5.0571136474609375,0.5894735894242593,0.2016620478669473,1327104
Firehose Moderate Bi-Maxwellian (bigbox 40 di),ion,303000,39.97916666666667,0.38854289054870605,2.5737184345022635,0.3880285620689392,0.3758186101913452,0.40125882625579834,4.863978862762451,4.866804122924805,4.68734073638916,5.0499958992004395,0.5888140026035971,0.200271112054891,1327104
Firehose Moderate Bi-Maxwellian (bigbox 40 di),ion,303500,40.04513888888889,0.3892815411090851,2.5688348775822853,0.38871467113494873,0.3764239251613617,0.4021170437335968,4.856096267700195,4.858645915985107,4.679483413696289,5.042311191558838,0.5881465502850951,0.19886500917601002,1327104
Firehose Moderate Bi-Maxwellian (bigbox 40 di),ion,304000,40.111111111111114,0.3900339603424072,2.5638793071303567,0.3894384503364563,0.37705326080322266,0.4029839336872101,4.8480682373046875,4.851064682006836,4.671263694763184,5.035090923309326,0.5874645524560702,0.19743059211366298,1327104
Firehose Moderate Bi-Maxwellian (bigbox 40 di),ion,304500,40.177083333333336,0.3907967209815979,2.5588751038857582,0.39018887281417847,0.3776736557483673,0.4038607180118561,4.839951515197754,4.843235969543457,4.662877082824707,5.027300834655762,0.5867727199911252,0.19597599900952734,1327104
Firehose Moderate Bi-Maxwellian (bigbox 40 di),ion,305000,40.24305555555556,0.39157044887542725,2.553818866750428,0.3909221291542053,0.37829774618148804,0.4047876298427582,4.83170747756958,4.835216522216797,4.654253005981445,5.020325660705566,0.5860676563544718,0.19449720747904453,1327104
Firehose Moderate Bi-Maxwellian (bigbox 40 di),ion,305500,40.30902777777778,0.39235541224479675,2.548709585216794,0.3916837275028229,0.37893277406692505,0.40566882491111755,4.8233723640441895,4.827110290527344,4.645782470703125,5.012523651123047,0.5853523532810794,0.19299694103628262,1327104
Firehose Moderate Bi-Maxwellian (bigbox 40 di),ion,306000,40.375,0.39315328001976013,2.5435372177226636,0.3924744725227356,0.3795865476131439,0.40661320090293884,4.814897060394287,4.818886756896973,4.637051105499268,5.004401683807373,0.5846224800003882,0.19146919998062806,1327104
Firehose Moderate Bi-Maxwellian (bigbox 40 di),ion,306500,40.44097222222222,0.39396101236343384,2.538322241586403,0.3932204842567444,0.38021987676620483,0.40755510330200195,4.806333065032959,4.810894012451172,4.627942085266113,4.996706962585449,0.5838823541900575,0.18992134182662368,1327104
Firehose Moderate Bi-Maxwellian (bigbox 40 di),ion,307000,40.50694444444444,0.39477911591529846,2.533062058466523,0.39401715993881226,0.38088616728782654,0.4085072875022888,4.797648906707764,4.802528381347656,4.619406223297119,4.98874568939209,0.5831291453604017,0.18835002944510326,1327104
Firehose Moderate Bi-Maxwellian (bigbox 40 di),ion,307500,40.57291666666667,0.3956109583377838,2.5277358448351466,0.39484041929244995,0.3815332353115082,0.40950170159339905,4.788841724395752,4.794001579284668,4.610034942626953,4.980947494506836,0.5823624761262376,0.18675151778845378,1327104
Firehose Moderate Bi-Maxwellian (bigbox 40 di),ion,308000,40.63888888888889,0.3964537978172302,2.52236201420124,0.3956422805786133,0.38222408294677734,0.4105072617530823,4.7799296379089355,4.7855634689331055,4.600771427154541,4.972836017608643,0.5815837990295323,0.18513000121230205,1327104
Firehose Moderate Bi-Maxwellian (bigbox 40 di),ion,308500,40.704861111111114,0.39730900526046753,2.516932631175628,0.39646297693252563,0.3829023838043213,0.41152819991111755,4.7708916664123535,4.776943206787109,4.591734886169434,4.964266777038574,0.5807911518762334,0.1834821466157659,1327104
Firehose Moderate Bi-Maxwellian (bigbox 40 di),ion,309000,40.770833333333336,0.3981749713420868,2.511458710298652,0.3972899317741394,0.38360849022865295,0.4125169813632965,4.761743068695068,4.767984390258789,4.5818071365356445,4.956559658050537,0.5799857381746365,0.1818107668325497,1327104
Firehose Moderate Bi-Maxwellian (bigbox 40 di),ion,309500,40.83680555555556,0.39905205368995667,2.5059387384507725,0.39815619587898254,0.38427817821502686,0.41359853744506836,4.752486705780029,4.759765148162842,4.57218599319458,4.948144435882568,0.5791676812967037,0.18011562760674704,1327104
Firehose Moderate Bi-Maxwellian (bigbox 40 di),ion,310000,40.90277777777778,0.39994415640830994,2.5003490711815344,0.3990348279476166,0.3849566578865051,0.4146328866481781,4.743088722229004,4.750572204589844,4.562622547149658,4.9395246505737305,0.5783338416954376,0.17838968528712762,1327104
Firehose Moderate Bi-Maxwellian (bigbox 40 di),ion,310500,40.96875,0.4008450210094452,2.494729752365907,0.39990049600601196,0.38568198680877686,0.415722131729126,4.733607769012451,4.741449356079102,4.55272912979126,4.931199550628662,0.577489285636936,0.17664426462749083,1327104
Firehose Moderate Bi-Maxwellian (bigbox 40 di),ion,311000,41.03472222222222,0.4017602801322937,2.4890464524534752,0.4008064568042755,0.38639628887176514,0.4168436825275421,4.723991870880127,4.7322516441345215,4.542888164520264,4.92250394821167,0.5766292460559674,0.17486896592367374,1327104
Firehose Moderate Bi-Maxwellian (bigbox 40 di),ion,311500,41.10069444444444,0.4026877284049988,2.4833138172868803,0.4017390012741089,0.3870929479598999,0.41794252395629883,4.714240074157715,4.722896099090576,4.532444953918457,4.913780212402344,0.575753468525394,0.17306574012039522,1327104
Firehose Moderate Bi-Maxwellian (bigbox 40 di),ion,312000,41.16666666666667,0.4036252200603485,2.4775458774614822,0.4026791751384735,0.38783493638038635,0.41905704140663147,4.704404354095459,4.713776588439941,4.5225749015808105,4.905050277709961,0.5748664762928206,0.1712412562324721,1327104
Firehose Moderate Bi-Maxwellian (bigbox 40 di),ion,312500,41.23263888888889,0.4045747220516205,2.4717312908946596,0.4036344289779663,0.38858741521835327,0.4202255606651306,4.694441318511963,4.704294204711914,4.512056350708008,4.89599609375,0.5739642133530903,0.16938949130146985,1327104
Firehose Moderate Bi-Maxwellian (bigbox 40 di),ion,313000,41.298611111111114,0.4055393636226654,2.465851874567844,0.4045730233192444,0.38930168747901917,0.42144545912742615,4.684353351593018,4.6945414543151855,4.501519203186035,4.887235641479492,0.573046726007581,0.1675073623849156,1327104
Firehose Moderate Bi-Maxwellian (bigbox 40 di),ion,313500,41.364583333333336,0.40651246905326843,2.459949143328645,0.40556418895721436,0.39003974199295044,0.42261815071105957,4.674160003662109,4.685083389282227,4.490940570831299,4.878681182861328,0.5721156318069898,0.16560316275372133,1327104
Firehose Moderate Bi-Maxwellian (bigbox 40 di),ion,314000,41.43055555555556,0.4074983596801758,2.45399760819859,0.40655073523521423,0.39078059792518616,0.4238535165786743,4.663856506347656,4.6749725341796875,4.479858875274658,4.86922025680542,0.5711703399798136,0.1636719802996378,1327104
Firehose Moderate Bi-Maxwellian (bigbox 40 di),ion,314500,41.49652777777778,0.4084967076778412,2.448000145912179,0.4075978100299835,0.3915247917175293,0.425048291683197,4.653436660766602,4.665316581726074,4.468914031982422,4.860446929931641,0.5702101165656519,0.16171340888781072,1327104
Firehose Moderate Bi-Maxwellian (bigbox 40 di),ion,315000,41.5625,0.409508615732193,2.4419510642334608,0.4086400270462036,0.3922787308692932,0.42633122205734253,4.642886638641357,4.655057907104492,4.457493782043457,4.851117134094238,0.5692335058636586,0.15972489013146562,1327104
Firehose Moderate Bi-Maxwellian (bigbox 40 di),ion,315500,41.62847222222222,0.41053202748298645,2.4358635454853586,0.40967899560928345,0.3930680751800537,0.42759376764297485,4.632230281829834,4.644771575927734,4.446253299713135,4.841651916503906,0.5682425358158241,0.15771050833283762,1327104
Firehose Moderate Bi-Maxwellian (bigbox 40 di),ion,316000,41.69444444444444,0.41156893968582153,2.4297265988132337,0.41076672077178955,0.3938252925872803,0.42887264490127563,4.621444225311279,4.634612083435059,4.4352521896362305,4.832337379455566,0.5672348507321239,0.15566591104630234,1327104
Firehose Moderate Bi-Maxwellian (bigbox 40 di),ion,316500,41.76041666666667,0.41261401772499084,2.4235725327841493,0.41184648871421814,0.39460042119026184,0.4301404356956482,4.610569477081299,4.624258041381836,4.423336029052734,4.823365688323975,0.5662141065346029,0.15360008880961207,1327104
Firehose Moderate Bi-Maxwellian (bigbox 40 di),ion,317000,41.82638888888889,0.4136737287044525,2.4173640495175026,0.41297000646591187,0.3953893780708313,0.43143901228904724,4.59958028793335,4.613440036773682,4.411564350128174,4.813884735107422,0.5651777173567666,0.15150398865231407,1327104
Firehose Moderate Bi-Maxwellian (bigbox 40 di),ion,317500,41.892361111111114,0.41474485397338867,2.4111209347618887,0.41406819224357605,0.3961816430091858,0.43278664350509644,4.588465213775635,4.602602481842041,4.399663925170898,4.8039984703063965,0.564124406131371,0.14937955215798238,1327104
Firehose Moderate Bi-Maxwellian (bigbox 40 di),ion,318000,41.958333333333336,0.41582727432250977,2.4048446596709145,0.41521769762039185,0.3969893455505371,0.4340973198413849,4.577243328094482,4.591945648193359,4.387266635894775,4.794591903686523,0.5630557834397227,0.14722850911721297,1327104
Firehose Moderate Bi-Maxwellian (bigbox 40 di),ion,318500,42.02430555555556,0.4169243276119232,2.398516790151926,0.41637080907821655,0.39777296781539917,0.4354602098464966,4.565899848937988,4.5810136795043945,4.375115871429443,4.784817695617676,0.5619702432883646,0.14504591567644143,1327104
Firehose Moderate Bi-Maxwellian (bigbox 40 di),ion,319000,42.09027777777778,0.4180288016796112,2.3921796679608396,0.417549729347229,0.3986302316188812,0.4368320405483246,4.554482936859131,4.569537162780762,4.362268924713135,4.7752790451049805,0.5608722158526204,0.14284341417300916,1327104
Firehose Moderate Bi-Maxwellian (bigbox 40 di),ion,319500,42.15625,0.41914477944374084,2.3858104622634904,0.41873279213905334,0.39944130182266235,0.43821874260902405,4.5429606437683105,4.5583577156066895,4.349755764007568,4.765604019165039,0.5597584577926185,0.1406136783488776,1327104
Firehose Moderate Bi-Maxwellian (bigbox 40 di),ion,320000,42.22222222222222,0.4202745854854584,2.3793967908977933,0.4198949933052063,0.4002774655818939,0.43965771794319153,4.531305313110352,4.546821594238281,4.3371381759643555,4.756259441375732,0.558626077520437,0.13835149203497865,1327104
Firehose Moderate Bi-Maxwellian (bigbox 40 di),ion,320500,42.28819444444444,0.4214147627353668,2.372959109237385,0.4211258888244629,0.401095449924469,0.44105225801467896,4.51955509185791,4.535480499267578,4.323975563049316,4.746559143066406,0.557478566064379,0.13606380332901213,1327104
Firehose Moderate Bi-Maxwellian (bigbox 40 di),ion,321000,42.35416666666667,0.4225641191005707,2.3665047617590056,0.4223562479019165,0.40195220708847046,0.4424857199192047,4.507725715637207,4.5234222412109375,4.3110270500183105,4.736565589904785,0.5563172814481498,0.13375316234757917,1327104
Firehose Moderate Bi-Maxwellian (bigbox 40 di),ion,321500,42.42013888888889,0.4237244129180908,2.360024510065951,0.42359477281570435,0.4028105139732361,0.44394588470458984,4.4958014488220215,4.5116987228393555,4.297402381896973,4.727083683013916,0.5551404965795287,0.13141608366143787,1327104
Firehose Moderate Bi-Maxwellian (bigbox 40 di),ion,322000,42.486111111111114,0.42489805817604065,2.353505695678391,0.42482832074165344,0.40369701385498047,0.4453907012939453,4.483755588531494,4.499547958374023,4.283958911895752,4.717233180999756,0.5539453566301472,0.12904729845410656,1327104
Firehose Moderate Bi-Maxwellian (bigbox 40 di),ion,322500,42.552083333333336,0.4260803163051605,2.346975351200678,0.42608702182769775,0.4045677185058594,0.44685429334640503,4.47163724899292,4.48786735534668,4.270641326904297,4.707254409790039,0.552736528337483,0.12665621203232247,1327104
Firehose Moderate Bi-Maxwellian (bigbox 40 di),ion,323000,42.61805555555556,0.42727357149124146,2.340420907639729,0.42735224962234497,0.4054478406906128,0.44837599992752075,4.459414005279541,4.475639343261719,4.257084846496582,4.697085380554199,0.5515105801721523,0.12423700868091081,1327104
Firehose Moderate Bi-Maxwellian (bigbox 40 di),ion,323500,42.68402777777778,0.42847681045532227,2.333848590166051,0.4286327362060547,0.4063551425933838,0.44983649253845215,4.4471116065979,4.462803840637207,4.243115425109863,4.686639785766602,0.5502698882050261,0.12179307774970383,1327104
Firehose Moderate Bi-Maxwellian (bigbox 40 di),ion,324000,42.75,0.4296879470348358,2.3272703060459072,0.42991212010383606,0.4072362184524536,0.45134237408638,4.434730529785156,4.450976371765137,4.228754997253418,4.6773481369018555,0.5490143117902382,0.11932636475540237,1327104
Firehose Moderate Bi-Maxwellian (bigbox 40 di),ion,324500,42.81597222222222,0.4309075176715851,2.320683578238584,0.4311998784542084,0.4081552028656006,0.4529179036617279,4.422281742095947,4.4383440017700195,4.214728355407715,4.6674299240112305,0.5477447804915078,0.11683726281992268,1327104
Firehose Moderate Bi-Maxwellian (bigbox 40 di),ion,325000,42.88194444444444,0.43213900923728943,2.3140701918231494,0.4324644207954407,0.40905293822288513,0.45445719361305237,4.409730434417725,4.425844192504883,4.200547218322754,4.657378196716309,0.5464575375424083,0.1143185283051189,1327104
Firehose Moderate Bi-Maxwellian (bigbox 40 di),ion,325500,42.94791666666667,0.43337762355804443,2.3074564666951822,0.4337705969810486,0.4100175201892853,0.45597043633461,4.397111892700195,4.413121700286865,4.1858439445495605,4.646956443786621,0.5451559912950424,0.11177836773699801,1327104
Firehose Moderate Bi-Maxwellian (bigbox 40 di),ion,326000,43.01388888888889,0.434626042842865,2.3008285317167263,0.43507128953933716,0.4109332263469696,0.45755648612976074,4.384414196014404,4.400584697723389,4.1711907386779785,4.637229919433594,0.5438387181078661,0.10921267526500111,1327104
Firehose Moderate Bi-Maxwellian (bigbox 40 di),ion,326500,43.079861111111114,0.4358825087547302,2.2941962109397167,0.4363325238227844,0.4119108319282532,0.4591544270515442,4.371649265289307,4.387628078460693,4.156656742095947,4.627220630645752,0.5425067569166842,0.10662424816195393,1327104
Firehose Moderate Bi-Maxwellian (bigbox 40 di),ion,327000,43.145833333333336,0.4371488094329834,2.2875505512575436,0.437583327293396,0.4128713607788086,0.46074002981185913,4.358815670013428,4.375054359436035,4.14202880859375,4.616863250732422,0.5411597664569654,0.104010957023982,1327104
Firehose Moderate Bi-Maxwellian (bigbox 40 di),ion,327500,43.21180555555556,0.43842148780822754,2.2809101009150714,0.4388777017593384,0.4138588607311249,0.4623984396457672,4.345925331115723,4.362027168273926,4.127013683319092,4.606574058532715,0.5397988120779463,0.1013773242697188,1327104
Firehose Moderate Bi-Maxwellian (bigbox 40 di),ion,328000,43.27777777777778,0.43970251083374023,2.274264929949692,0.44015708565711975,0.41483524441719055,0.4639788866043091,4.332972526550293,4.349058151245117,4.112248420715332,4.596769332885742,0.538423106136723,0.09872059530298272,1327104
Firehose Moderate Bi-Maxwellian (bigbox 40 di),ion,328500,43.34375,0.4409886598587036,2.2676320074090075,0.44147300720214844,0.41582566499710083,0.46555593609809875,4.319975852966309,4.336106777191162,4.0970683097839355,4.586451530456543,0.5370344492489001,0.09604578939019648,1327104
Firehose Moderate Bi-Maxwellian (bigbox 40 di),ion,329000,43.40972222222222,0.4422838091850281,2.2609916511360537,0.44271695613861084,0.4168369174003601,0.46717992424964905,4.306906700134277,4.323357582092285,4.0814528465271,4.576251983642578,0.5356295970057476,0.09334578782071956,1327104
Firehose Moderate Bi-Maxwellian (bigbox 40 di),ion,329500,43.47569444444444,0.4435848593711853,2.254360082121772,0.4439883828163147,0.41787534952163696,0.4688538610935211,4.293803691864014,4.310551166534424,4.066357612609863,4.566078186035156,0.5342125202906596,0.09062766091947427,1327104
Firehose Moderate Bi-Maxwellian (bigbox 40 di),ion,330000,43.54166666666667,0.4448915719985962,2.2477386917169007,0.4452337324619293,0.4188510775566101,0.470490038394928,4.280646800994873,4.297820091247559,4.0513105392456055,4.555251121520996,0.532780887333387,0.08788931533479083,1327104
Firehose Moderate Bi-Maxwellian (bigbox 40 di),ion,330500,43.60763888888889,0.4462025761604309,2.241134528188947,0.4464900493621826,0.41991037130355835,0.4721611738204956,4.267468452453613,4.284897327423096,4.036383152008057,4.545617580413818,0.5313380702673771,0.08513549410694621,1327104
Firehose Moderate Bi-Maxwellian (bigbox 40 di),ion,331000,43.673611111111114,0.44752174615859985,2.234528285125175,0.44775068759918213,0.4209634065628052,0.47383615374565125,4.254238605499268,4.271979331970215,4.020208358764648,4.535140037536621,0.5298806236644349,0.08235887750583504,1327104
Firehose Moderate Bi-Maxwellian (bigbox 40 di),ion,331500,43.739583333333336,0.4488460421562195,2.2279354301445595,0.44897133111953735,0.4220004379749298,0.47550150752067566,4.240975856781006,4.259065628051758,4.005245208740234,4.524718761444092,0.5284104254443824,0.07956438328816295,1327104
Firehose Moderate Bi-Maxwellian (bigbox 40 di),ion,332000,43.80555555555556,0.4501725137233734,2.221370629070637,0.4501808285713196,0.42311230301856995,0.4771783947944641,4.227688789367676,4.246809959411621,3.989511728286743,4.514189720153809,0.5269282817056327,0.07675576798225925,1327104
Firehose Moderate Bi-Maxwellian (bigbox 40 di),ion,332500,43.87152777777778,0.4515042006969452,2.214818817757161,0.4514341354370117,0.42414888739585876,0.47889041900634766,4.2143874168396,4.233917236328125,3.974008083343506,4.5040082931518555,0.525435181395873,0.07393098069892778,1327104
Firehose Moderate Bi-Maxwellian (bigbox 40 di),ion,333000,43.9375,0.45283907651901245,2.208289990534894,0.4526296854019165,0.4252360463142395,0.480590283870697,4.201064109802246,4.220841884613037,3.9582619667053223,4.493627071380615,0.523930140619981,0.07109106410096855,1327104
Firehose Moderate Bi-Maxwellian (bigbox 40 di),ion,333500,44.00347222222222,0.4541800618171692,2.201769923582756,0.45384660363197327,0.42634260654449463,0.4822896718978882,4.187713623046875,4.2086615562438965,3.9428515434265137,4.482701778411865,0.5224124235733076,0.06823236175613845,1327104
Firehose Moderate Bi-Maxwellian (bigbox 40 di),ion,334000,44.06944444444444,0.4555220305919647,2.195283505169815,0.45501795411109924,0.42744582891464233,0.48396289348602295,4.174367427825928,4.195944309234619,3.9270753860473633,4.472062587738037,0.5208854911361673,0.06536346054420261,1327104
Firehose Moderate Bi-Maxwellian (bigbox 40 di),ion,334500,44.13541666666667,0.45686694979667664,2.1888210570824578,0.45620691776275635,0.4285346567630768,0.4856044352054596,4.161012649536133,4.183669090270996,3.911780834197998,4.4614362716674805,0.519347772176814,0.06248082238013741,1327104
Firehose Moderate Bi-Maxwellian (bigbox 40 di),ion,335000,44.20138888888889,0.4582121670246124,2.1823951260252894,0.45736610889434814,0.4296351671218872,0.4873836040496826,4.147667407989502,4.171776294708252,3.8961713314056396,4.450953960418701,0.517801259535065,0.059589092510452524,1327104
Firehose Moderate Bi-Maxwellian (bigbox 40 di),ion,335500,44.267361111111114,0.4595624506473541,2.1759828258191427,0.4585413932800293,0.43078044056892395,0.48909792304039,4.134310245513916,4.159079074859619,3.8804879188537598,4.4404616355896,0.5162433680031215,0.05668091735576741,1327104
Firehose Moderate Bi-Maxwellian (bigbox 40 di),ion,336000,44.333333333333336,0.4609123468399048,2.1696099200990684,0.4597129225730896,0.4318864345550537,0.4907940626144409,4.120968341827393,4.146930694580078,3.864595413208008,4.429896831512451,0.5146771743669536,0.05376482752704881,1327104
Firehose Moderate Bi-Maxwellian (bigbox 40 di),ion,336500,44.39930555555556,0.46226373314857483,2.1632672612856543,0.46090251207351685,0.433021605014801,0.4924875795841217,4.10764217376709,4.134491920471191,3.849702835083008,4.419014930725098,0.5131026717047718,0.05083893855619692,1327104
Firehose Moderate Bi-Maxwellian (bigbox 40 di),ion,337000,44.46527777777778,0.4636158347129822,2.1569582510465493,0.4619812071323395,0.4341440796852112,0.4941878616809845,4.094330310821533,4.123064994812012,3.833698034286499,4.4082231521606445,0.5115196263687145,0.04790379165573233,1327104
Firehose Moderate Bi-Maxwellian (bigbox 40 di),ion,337500,44.53125,0.46496838331222534,2.150683865592001,0.4631284475326538,0.43528178334236145,0.4959198236465454,4.081047058105469,4.111238479614258,3.8186230659484863,4.397198677062988,0.5099296892380227,0.04496130592579739,1327104
Firehose Moderate Bi-Maxwellian (bigbox 40 di),ion,338000,44.59722222222222,0.4663189947605133,2.144454785749331,0.4642331600189209,0.4364495873451233,0.4975699782371521,4.067805290222168,4.09956169128418,3.8033697605133057,4.386892318725586,0.5083343824721838,0.04201538771167046,1327104
Firehose Moderate Bi-Maxwellian (bigbox 40 di),ion,338500,44.66319444444444,0.46766915917396545,2.1382637285004633,0.4653344750404358,0.4375859200954437,0.4992370307445526,4.054576873779297,4.0882568359375,3.7885968685150146,4.375497817993164,0.5067302798144293,0.03906112064046385,1327104
Firehose Moderate Bi-Maxwellian (bigbox 40 di),ion,339000,44.72916666666667,0.4690178632736206,2.1321149540451714,0.4664756655693054,0.43872275948524475,0.5009241104125977,4.041406631469727,4.076335430145264,3.7729597091674805,4.3643999099731445,0.505122799466317,0.03610493619269639,1327104
Firehose Moderate Bi-Maxwellian (bigbox 40 di),ion,339500,44.79513888888889,0.47036460041999817,2.1260103313622656,0.4675915837287903,0.4398765563964844,0.5025511980056763,4.0282745361328125,4.064899444580078,3.7580058574676514,4.354075908660889,0.5035095095777604,0.03314490915776225,1327104
Firehose Moderate Bi-Maxwellian (bigbox 40 di),ion,340000,44.861111111111114,0.47170841693878174,2.119953691921889,0.4686605930328369,0.44102418422698975,0.504178524017334,4.015191555023193,4.053409576416016,3.743345022201538,4.342503070831299,0.5018917596850626,0.030183342746280872,1327104
Firehose Moderate Bi-Maxwellian (bigbox 40 di),ion,340500,44.927083333333336,0.4730469882488251,2.1139549026660225,0.4697851538658142,0.4421963691711426,0.5057877898216248,4.002179145812988,4.042041778564453,3.7290303707122803,4.33157205581665,0.500272244911284,0.027225256662458897,1327104
Firehose Moderate Bi-Maxwellian (bigbox 40 di),ion,341000,44.99305555555556,0.47438520193099976,2.1079915560803095,0.47087281942367554,0.4433465898036957,0.5074597001075745,3.9892101287841797,4.030674934387207,3.714930772781372,4.320858001708984,0.49864761809136526,0.024262416160365508,1327104
Firehose Moderate Bi-Maxwellian (bigbox 40 di),ion,341500,45.05902777777778,0.47571808099746704,2.1020853315123933,0.4720100164413452,0.44449383020401,0.5090031623840332,3.976315975189209,4.019454002380371,3.7005794048309326,4.309985637664795,0.49702186333297316,0.021303782335506116,1327104
Firehose Moderate Bi-Maxwellian (bigbox 40 di),ion,342000,45.125,0.47704702615737915,2.0962293970366295,0.4730936288833618,0.4456217885017395,0.5105866193771362,3.963489055633545,4.008692741394043,3.6869592666625977,4.298250198364258,0.4953940904271503,0.018347064269771174,1327104
Firehose Moderate Bi-Maxwellian (bigbox 40 di),ion,342500,45.19097222222222,0.4783688187599182,2.0904372542347414,0.4741296172142029,0.44678542017936707,0.5121354460716248,3.9507431983947754,3.9976186752319336,3.6729631423950195,4.287639141082764,0.49376613473317654,0.01539731597325833,1327104
Firehose Moderate Bi-Maxwellian (bigbox 40 di),ion,343000,45.25694444444444,0.47968655824661255,2.0846946465526934,0.47522085905075073,0.44794851541519165,0.513619065284729,3.9380745887756348,3.9868087768554688,3.6589181423187256,4.276392936706543,0.4921376030559622,0.012451044809349665,1327104
Firehose Moderate Bi-Maxwellian (bigbox 40 di),ion,343500,45.32291666666667,0.4809977114200592,2.0790119708629797,0.47632288932800293,0.44911810755729675,0.5151411294937134,3.9254980087280273,3.9757442474365234,3.6458730697631836,4.264538764953613,0.4905105045135263,0.009512793093467087,1327104
Firehose Moderate Bi-Maxwellian (bigbox 40 di),ion,344000,45.38888888888889,0.48230060935020447,2.0733956802320512,0.4774059057235718,0.45028138160705566,0.5166154503822327,3.9130234718322754,3.965559959411621,3.632608413696289,4.253662586212158,0.48888627569016374,0.006585666339959273,1327104
Firehose Moderate Bi-Maxwellian (bigbox 40 di),ion,344500,45.454861111111114,0.48359763622283936,2.067834755791083,0.47849804162979126,0.45139896869659424,0.5180180072784424,3.900635242462158,3.954604148864746,3.620126485824585,4.242796897888184,0.48726300315700366,0.0036653669341643047,1327104
Firehose Moderate Bi-Maxwellian (bigbox 40 di),ion,345000,45.520833333333336,0.48488518595695496,2.0623438887423005,0.4796139895915985,0.45257824659347534,0.5194257497787476,3.8883516788482666,3.9443235397338867,3.60715913772583,4.231319904327393,0.485643232612025,0.000758046655070066,1327104
Firehose Moderate Bi-Maxwellian (bigbox 40 di),ion,345500,45.58680555555556,0.4861656427383423,2.0569121140841435,0.4806572496891022,0.4537384510040283,0.5208406448364258,3.8761818408966064,3.9335036277770996,3.595410108566284,4.220022678375244,0.4840283345588925,-0.002137308179449793,1327104
Firehose Moderate Bi-Maxwellian (bigbox 40 di),ion,346000,45.65277777777778,0.4874388575553894,2.051539356167079,0.48177099227905273,0.4548770487308502,0.5221713185310364,3.864105701446533,3.923462390899658,3.582993507385254,4.208947658538818,0.48241581506134856,-0.005023042494040841,1327104
Firehose Moderate Bi-Maxwellian (bigbox 40 di),ion,346500,45.71875,0.48870062828063965,2.0462425094852614,0.48284491896629333,0.4560178220272064,0.5235327482223511,3.8521628379821777,3.913027286529541,3.5706470012664795,4.19765043258667,0.4808111484073111,-0.007889479873328553,1327104
Firehose Moderate Bi-Maxwellian (bigbox 40 di),ion,347000,45.78472222222222,0.48995518684387207,2.0410029873174045,0.4839528501033783,0.45714813470840454,0.5248521566390991,3.840329647064209,3.9023847579956055,3.559293270111084,4.1863112449646,0.479211374073336,-0.010743812770536043,1327104
Firehose Moderate Bi-Maxwellian (bigbox 40 di),ion,347500,45.85069444444444,0.49119946360588074,2.0358328420373866,0.48502373695373535,0.4582696557044983,0.526088297367096,3.8286266326904297,3.892191171646118,3.5480568408966064,4.1754679679870605,0.4776194724961802,-0.01357999110970054,1327104
Firehose Moderate Bi-Maxwellian (bigbox 40 di),ion,348000,45.91666666666667,0.49243485927581787,2.0307254475660295,0.48614194989204407,0.45939305424690247,0.5273168683052063,3.8170371055603027,3.881476402282715,3.537452459335327,4.164225101470947,0.4760333880206229,-0.016401471255194977,1327104
Firehose Moderate Bi-Maxwellian (bigbox 40 di),ion,348500,45.98263888888889,0.49365609884262085,2.025701702753202,0.4872485399246216,0.4605647623538971,0.5285640954971313,3.8056013584136963,3.8715968132019043,3.527009963989258,4.152851104736328,0.4744588800457892,-0.019197218796831672,1327104
Firehose Moderate Bi-Maxwellian (bigbox 40 di),ion,349000,46.048611111111114,0.4948699474334717,2.0207329323315517,0.4883573353290558,0.46166467666625977,0.5297194123268127,3.7942795753479004,3.861103057861328,3.51603364944458,4.1422929763793945,0.47289071343230726,-0.021979234001164416,1327104
Firehose Moderate Bi-Maxwellian (bigbox 40 di),ion,349500,46.114583333333336,0.49607163667678833,2.0158378872435763,0.4894444942474365,0.46284234523773193,0.530838668346405,3.7831075191497803,3.8508081436157227,3.5069007873535156,4.130950450897217,0.471334084512226,-0.024737552164562304,1327104
Firehose Moderate Bi-Maxwellian (bigbox 40 di),ion,350000,46.18055555555556,0.49726131558418274,2.011015071271329,0.4905131459236145,0.46391594409942627,0.5319939851760864,3.772082567214966,3.8405275344848633,3.4969654083251953,4.1209940910339355,0.4697889125272632,-0.02747240305691956,1327104
Firehose Moderate Bi-Maxwellian (bigbox 40 di),ion,350500,46.24652777777778,0.4984397888183594,2.0062603797555543,0.49167001247406006,0.4650265574455261,0.5330227613449097,3.7612011432647705,3.83120059967041,3.4872419834136963,4.1094889640808105,0.4682549739246398,-0.030184814893719603,1327104
Firehose Moderate Bi-Maxwellian (bigbox 40 di),ion,351000,46.3125,0.4996029734611511,2.001589368198105,0.49271950125694275,0.46614888310432434,0.5341066122055054,3.75048828125,3.821420669555664,3.477654457092285,4.098824977874756,0.466736102070043,-0.03286687139110811,1327104
Firehose Moderate Bi-Maxwellian (bigbox 40 di),ion,351500,46.37847222222222,0.5007548332214355,1.9969852184288284,0.493838906288147,0.46728023886680603,0.5351282358169556,3.7399168014526367,3.8112683296203613,3.469309091567993,4.08797550201416,0.4652287454033278,-0.03552608781810773,1327104
Firehose Moderate Bi-Maxwellian (bigbox 40 di),ion,352000,46.44444444444444,0.5018929243087769,1.9924568599512182,0.49492794275283813,0.4684195816516876,0.5360848307609558,3.72951340675354,3.8020577430725098,3.4604275226593018,4.077292442321777,0.4637370128826118,-0.038155911426165035,1327104
Firehose Moderate Bi-Maxwellian (bigbox 40 di),ion,352500,46.51041666666667,0.5030170679092407,1.9880041131734119,0.49607032537460327,0.4695017337799072,0.5370280742645264,3.7192697525024414,3.7924818992614746,3.4523122310638428,4.066554546356201,0.46226003137999405,-0.04075703652924667,1327104
Firehose Moderate Bi-Maxwellian (bigbox 40 di),ion,353000,46.57638888888889,0.5041261911392212,1.9836303242650541,0.4971333146095276,0.4706423580646515,0.5379970073699951,3.709197759628296,3.782726287841797,3.44406795501709,4.056488990783691,0.46079984686488573,-0.04332634427433546,1327104
Firehose Moderate Bi-Maxwellian (bigbox 40 di),ion,353500,46.642361111111114,0.5052217245101929,1.9793289787162052,0.49822109937667847,0.4717513620853424,0.5388889312744141,3.6992809772491455,3.7728357315063477,3.436210870742798,4.0462212562561035,0.4593543955433098,-0.04586732896688306,1327104
Firehose Moderate Bi-Maxwellian (bigbox 40 di),ion,354000,46.708333333333336,0.5063030123710632,1.9751018176188775,0.49935778975486755,0.4728313684463501,0.5397866368293762,3.689558982849121,3.763336658477783,3.428772211074829,4.035785675048828,0.4579297934259947,-0.04837321894506852,1327104
Firehose Moderate Bi-Maxwellian (bigbox 40 di),ion,354500,46.77430555555556,0.5073683261871338,1.9709547253668487,0.5004398226737976,0.4739673137664795,0.540718674659729,3.679999828338623,3.754347801208496,3.421494483947754,4.025587558746338,0.4565217137787416,-0.05084661240839217,1327104
Firehose Moderate Bi-Maxwellian (bigbox 40 di),ion,355000,46.84027777777778,0.5084187388420105,1.9668826571530968,0.5014779567718506,0.47505196928977966,0.5415136814117432,3.670621156692505,3.745391368865967,3.413057565689087,4.015793800354004,0.455133092023546,-0.05328564681846448,1327104
Firehose Moderate Bi-Maxwellian (bigbox 40 di),ion,355500,46.90625,0.5094565749168396,1.9628758352235096,0.5025572776794434,0.47612079977989197,0.5423269271850586,3.6614043712615967,3.736243724822998,3.407214641571045,4.005631446838379,0.4537615086446004,-0.05569506627223919,1327104
Firehose Moderate Bi-Maxwellian (bigbox 40 di),ion,356000,46.97222222222222,0.5104761123657227,1.9589555236299983,0.5036563277244568,0.4772186875343323,0.5431255102157593,3.652388572692871,3.7269668579101562,3.399507522583008,3.9963788986206055,0.4524131372677527,-0.05806297509796998,1327104
Firehose Moderate Bi-Maxwellian (bigbox 40 di),ion,356500,47.03819444444444,0.5114811062812805,1.9551064305590726,0.5047762393951416,0.4782981276512146,0.5439044237136841,3.643551826477051,3.7180800437927246,3.3929972648620605,3.9865341186523438,0.45108506884234456,-0.06039603743893596,1327104
Firehose Moderate Bi-Maxwellian (bigbox 40 di),ion,357000,47.10416666666667,0.5124703049659729,1.9513325753897062,0.5058021545410156,0.47940170764923096,0.544661283493042,3.6348962783813477,3.709319591522217,3.3864712715148926,3.9768052101135254,0.4497779725118819,-0.062692332454091,1327104
Firehose Moderate Bi-Maxwellian (bigbox 40 di),ion,357500,47.17013888888889,0.5134423971176147,1.9476381491163244,0.5068783164024353,0.48048922419548035,0.5453600883483887,3.6264448165893555,3.7005138397216797,3.379700183868408,3.968029499053955,0.44849567519933053,-0.06494672191828421,1327104
Firehose Moderate Bi-Maxwellian (bigbox 40 di),ion,358000,47.236111111111114,0.5144006013870239,1.9440101689298406,0.507980465888977,0.4815642237663269,0.5460840463638306,3.618152618408203,3.6923303604125977,3.373408555984497,3.958707094192505,0.44723171990464716,-0.06716888148237676,1327104
Firehose Moderate Bi-Maxwellian (bigbox 40 di),ion,358500,47.302083333333336,0.515342116355896,1.940458519228416,0.5089988112449646,0.4826406240463257,0.546779453754425,3.6100707054138184,3.6839914321899414,3.366595506668091,3.949413299560547,0.44599423025130414,-0.06934788610459186,1327104
Firehose Moderate Bi-Maxwellian (bigbox 40 di),ion,359000,47.36805555555556,0.5162670016288757,1.9369822143288196,0.5100361108779907,0.48375439643859863,0.5475033521652222,3.6021728515625,3.6753969192504883,3.360299825668335,3.941150426864624,0.4447795587786777,-0.07148744285019804,1327104
Firehose Moderate Bi-Maxwellian (bigbox 40 di),ion,359500,47.43402777777778,0.5171751976013184,1.933580737510315,0.5110775828361511,0.48482567071914673,0.5481373071670532,3.5944738388061523,3.667418956756592,3.354443073272705,3.9319186210632324,0.4435903306882132,-0.07358486691310517,1327104
Firehose Moderate Bi-Maxwellian (bigbox 40 di),ion,360000,47.5,0.518069326877594,1.9302435950551333,0.5121853351593018,0.4858682453632355,0.5487382411956787,3.586963653564453,3.6595118045806885,3.3487255573272705,3.92386531829834,0.4424253510312124,-0.0756439758463816,1327104
Firehose Moderate Bi-Maxwellian (bigbox 40 di),ion,360500,47.56597222222222,0.5189433097839355,1.9269927584505417,0.5131591558456421,0.4869387447834015,0.5494245290756226,3.5796570777893066,3.6509811878204346,3.342419147491455,3.9156041145324707,0.44128726396464135,-0.0776560458192942,1327104
Firehose Moderate Bi-Maxwellian (bigbox 40 di),ion,361000,47.63194444444444,0.5198023915290833,1.923808001456741,0.5142159461975098,0.4880048632621765,0.5499783754348755,3.5725390911102295,3.644191026687622,3.336118221282959,3.9073352813720703,0.4401740753581328,-0.07962831617095045,1327104
Firehose Moderate Bi-Maxwellian (bigbox 40 di),ion,361500,47.69791666666667,0.5206445455551147,1.9206961996188652,0.5151634812355042,0.4890584349632263,0.5506454706192017,3.5656206607818604,3.6355104446411133,3.330519199371338,3.899886131286621,0.43908783623621783,-0.08155670931889691,1327104
Firehose Moderate Bi-Maxwellian (bigbox 40 di),ion,362000,47.76388888888889,0.5214703679084778,1.9176545045326678,0.5161598324775696,0.4901633560657501,0.5511923432350159,3.55889630317688,3.6282408237457275,3.3240294456481934,3.892488479614258,0.43802802059315904,-0.08344234731531874,1327104
Firehose Moderate Bi-Maxwellian (bigbox 40 di),ion,362500,47.829861111111114,0.5222795009613037,1.9146836093689443,0.5171822309494019,0.4911830723285675,0.5517385005950928,3.552372932434082,3.621304750442505,3.31862735748291,3.8840317726135254,0.43699604798260805,-0.08528345297869566,1327104
Firehose Moderate Bi-Maxwellian (bigbox 40 di),ion,363000,47.895833333333336,0.5230706930160522,1.9117874760559592,0.5181339979171753,0.4921664893627167,0.5522786974906921,3.5460522174835205,3.6140270233154297,3.312864303588867,3.87730073928833,0.4359925129869313,-0.08707818002912093,1327104
Firehose Moderate Bi-Maxwellian (bigbox 40 di),ion,363500,47.96180555555556,0.5238469243049622,1.9089546079263435,0.519074559211731,0.4932665228843689,0.552858293056488,3.5399065017700195,3.606834650039673,3.307182788848877,3.8698954582214355,0.43501332619944555,-0.08883359810551661,1327104
Firehose Moderate Bi-Maxwellian (bigbox 40 di),ion,364000,48.02777777777778,0.5246074795722961,1.9061870807013341,0.5200328230857849,0.4942513704299927,0.5533626675605774,3.5339722633361816,3.6001317501068115,3.301466464996338,3.8629064559936523,0.434064601822331,-0.09054287774996517,1327104
Firehose Moderate Bi-Maxwellian (bigbox 40 di),ion,364500,48.09375,0.5253504514694214,1.9034912736878196,0.520978569984436,0.49526482820510864,0.5539208650588989,3.528226852416992,3.5927271842956543,3.296065330505371,3.856368064880371,0.4331430251912767,-0.09220742627814471,1327104
Firehose Moderate Bi-Maxwellian (bigbox 40 di),ion,365000,48.15972222222222,0.526075005531311,1.9008696278775818,0.5218731164932251,0.49625998735427856,0.5544459819793701,3.5226831436157227,3.586543560028076,3.2903976440429688,3.849750280380249,0.43225095233879685,-0.09382405319251419,1327104
Firehose Moderate Bi-Maxwellian (bigbox 40 di),ion,365500,48.22569444444444,0.5267834067344666,1.8983134001866269,0.5227752923965454,0.4972905218601227,0.5549526214599609,3.5173444747924805,3.579291582107544,3.2846765518188477,3.8437352180480957,0.4313892158322088,-0.09539419090225776,1327104
Firehose Moderate Bi-Maxwellian (bigbox 40 di),ion,366000,48.29166666666667,0.5274814367294312,1.89580131236532,0.5236588716506958,0.49825799465179443,0.555363118648529,3.5121679306030273,3.573697090148926,3.279147148132324,3.8374276161193848,0.4305511468933073,-0.09693028983612384,1327104
Firehose Moderate Bi-Maxwellian (bigbox 40 di),ion,366500,48.35763888888889,0.5281588435173035,1.8933697925806636,0.5245338082313538,0.4992540180683136,0.5558977723121643,3.5072083473205566,3.5668604373931885,3.2739195823669434,3.8319692611694336,0.42974588278225223,-0.09841296073505124,1327104
Firehose Moderate Bi-Maxwellian (bigbox 40 di),ion,367000,48.423611111111114,0.5288228392601013,1.8909924567538399,0.5253961086273193,0.5002229809761047,0.5562952756881714,3.502422332763672,3.5607223510742188,3.268962860107422,3.8253870010375977,0.4289666379491558,-0.09985620131094552,1327104
Firehose Moderate Bi-Maxwellian (bigbox 40 di),ion,367500,48.489583333333336,0.5294684767723083,1.8886865675103037,0.5262743234634399,0.501177191734314,0.5567755699157715,3.4978349208831787,3.5544357299804688,3.263589382171631,3.820281505584717,0.42821772746925,-0.10125074930305833,1327104
Firehose Moderate Bi-Maxwellian (bigbox 40 di),ion,368000,48.55555555555556,0.5301020741462708,1.8864291402943476,0.5271375179290771,0.5020837783813477,0.5571934580802917,3.4934308528900146,3.5484375953674316,3.258361577987671,3.814697742462158,0.42749689797195856,-0.1026051761743122,1327104
Firehose Moderate Bi-Maxwellian (bigbox 40 di),ion,368500,48.62152777777778,0.5307183861732483,1.8842384700679258,0.5279393196105957,0.5029971599578857,0.5575753450393677,3.4892094135284424,3.5427393913269043,3.2534828186035156,3.809628486633301,0.42680425191862825,-0.10391413425462004,1327104
Firehose Moderate Bi-Maxwellian (bigbox 40 di),ion,369000,48.6875,0.53132164478302,1.8820991198436454,0.5287526845932007,0.5039252042770386,0.5579896569252014,3.4851646423339844,3.536369800567627,3.2487363815307617,3.8047144412994385,0.4261390191710951,-0.10518262561192493,1327104
Firehose Moderate Bi-Maxwellian (bigbox 40 di),ion,369500,48.75347222222222,0.5319097638130188,1.880018130954122,0.5295595526695251,0.5048414468765259,0.5583550930023193,3.4813072681427,3.530486583709717,3.2440810203552246,3.7997217178344727,0.4255031670711983,-0.10640659674182051,1327104
Firehose Moderate Bi-Maxwellian (bigbox 40 di),ion,370000,48.81944444444444,0.5324847102165222,1.8779881953669126,0.5302983522415161,0.5057439804077148,0.5587286353111267,3.47761607170105,3.5253310203552246,3.2395153045654297,3.795243978500366,0.42489338708924385,-0.10759132312727837,1327104
Firehose Moderate Bi-Maxwellian (bigbox 40 di),ion,370500,48.88541666666667,0.5330467820167542,1.8760079485266812,0.5310736298561096,0.5065759420394897,0.5590777397155762,3.4741079807281494,3.51981782913208,3.2347967624664307,3.7908833026885986,0.4243126549046372,-0.10873412711211694,1327104
Firehose Moderate Bi-Maxwellian (bigbox 40 di),ion,371000,48.95138888888889,0.5335931777954102,1.8740869291687592,0.5317566394805908,0.5074806213378906,0.5594251155853271,3.4707741737365723,3.5149030685424805,3.230339527130127,3.7862062454223633,0.42375968591271485,-0.10983349188269531,1327104
Firehose Moderate Bi-Maxwellian (bigbox 40 di),ion,371500,49.017361111111114,0.5341281294822693,1.8722099526368339,0.5324788689613342,0.5083140134811401,0.5597351789474487,3.467602491378784,3.5095858573913574,3.2264585494995117,3.7819371223449707,0.42323262110566706,-0.11089550837660223,1327104
Firehose Moderate Bi-Maxwellian (bigbox 40 di),ion,372000,49.083333333333336,0.5346506834030151,1.870380102453191,0.5332147479057312,0.5091229677200317,0.5600494742393494,3.4645934104919434,3.5044431686401367,3.2223401069641113,3.777888298034668,0.4227316850677677,-0.11191899833524743,1327104
Firehose Moderate Bi-Maxwellian (bigbox 40 di),ion,372500,49.14930555555556,0.5351566672325134,1.8686116818302156,0.5338870882987976,0.5099532604217529,0.5603725910186768,3.461766481399536,3.4996612071990967,3.2182929515838623,3.7740745544433594,0.42226027932668864,-0.11289638790582479,1327104
Firehose Moderate Bi-Maxwellian (bigbox 40 di),ion,373000,49.21527777777778,0.5356506109237671,1.8668885643114077,0.5344826579093933,0.5107539892196655,0.5606512427330017,3.459094762802124,3.495002269744873,3.2145707607269287,3.770174026489258,0.421814047563169,-0.11383656336059811,1327104
Firehose Moderate Bi-Maxwellian (bigbox 40 di),ion,373500,49.28125,0.5361326336860657,1.8652100938618734,0.5351346135139465,0.5114942193031311,0.5609323382377625,3.456589698791504,3.4906556606292725,3.210658311843872,3.7662930488586426,0.42139502391642203,-0.11473760976964364,1327104
Firehose Moderate Bi-Maxwellian (bigbox 40 di),ion,374000,49.34722222222222,0.53659987449646,1.863585974443975,0.535727858543396,0.5122528672218323,0.5611782073974609,3.454252004623413,3.4859914779663086,3.207451343536377,3.762692451477051,0.4210034481204441,-0.11559642637601586,1327104
Firehose Moderate Bi-Maxwellian (bigbox 40 di),ion,374500,49.41319444444444,0.5370550751686096,1.862006423989286,0.5363151431083679,0.5129469037055969,0.5614942908287048,3.45206618309021,3.481616973876953,3.2043726444244385,3.7596065998077393,0.4206368319944416,-0.11641824317416805,1327104
Firehose Moderate Bi-Maxwellian (bigbox 40 di),ion,375000,49.47916666666667,0.5374985933303833,1.860469985240188,0.5368713140487671,0.5136738419532776,0.5617138743400574,3.450026035308838,3.477965831756592,3.2008445262908936,3.756145477294922,0.4202942298025397,-0.11720436352784358,1327104
Firehose Moderate Bi-Maxwellian (bigbox 40 di),ion,375500,49.54513888888889,0.5379300713539124,1.8589776873471808,0.5374183654785156,0.5143498182296753,0.5620001554489136,3.448146104812622,3.474177360534668,3.1982760429382324,3.752716064453125,0.4199781740081796,-0.11795189734573275,1327104
Firehose Moderate Bi-Maxwellian (bigbox 40 di),ion,376000,49.611111111111114,0.538349449634552,1.8575295297112877,0.537947416305542,0.5149359107017517,0.5622323751449585,3.446399688720703,3.470388889312744,3.1952016353607178,3.7504448890686035,0.41968425584950186,-0.11866519378505014,1327104
Firehose Moderate Bi-Maxwellian (bigbox 40 di),ion,376500,49.677083333333336,0.5387524962425232,1.8561398916467258,0.5383903980255127,0.5155743360519409,0.5625205039978027,3.4448282718658447,3.4671998023986816,3.1930084228515625,3.747751474380493,0.4194195349782336,-0.1193329612642896,1327104
Firehose Moderate Bi-Maxwellian (bigbox 40 di),ion,377000,49.74305555555556,0.5391460657119751,1.8547849341707414,0.5388736724853516,0.5161190032958984,0.5627157688140869,3.4433891773223877,3.4637951850891113,3.1903762817382812,3.7448947429656982,0.41917689316918305,-0.11996917254279205,1327104
Firehose Moderate Bi-Maxwellian (bigbox 40 di),ion,377500,49.80902777777778,0.5395268201828003,1.8534759767108224,0.5392893552780151,0.5166670680046082,0.5630295276641846,3.442091941833496,3.460651397705078,3.188279151916504,3.742623805999756,0.418957995952118,-0.12056882423068227,1327104
Firehose Moderate Bi-Maxwellian (bigbox 40 di),ion,378000,49.875,0.5398934483528137,1.8522173274207105,0.5397030115127563,0.5171934962272644,0.5632697343826294,3.4409453868865967,3.4581871032714844,3.1861612796783447,3.7403011322021484,0.4187643873622705,-0.12112906099054321,1327104
Firehose Moderate Bi-Maxwellian (bigbox 40 di),ion,378500,49.94097222222222,0.5402492880821228,1.8509973489275398,0.5400528311729431,0.5177090764045715,0.563499927520752,3.439927816390991,3.4556331634521484,3.1852307319641113,3.7375807762145996,0.41859245113512156,-0.12165683694700125,1327104
Firehose Moderate Bi-Maxwellian (bigbox 40 di),ion,379000,50.00694444444444,0.5405929684638977,1.8498205828342784,0.5404114127159119,0.5181881785392761,0.5636903047561646,3.439042806625366,3.4528937339782715,3.18363094329834,3.7361369132995605,0.41844283061933085,-0.12215013784456685,1327104
Firehose Moderate Bi-Maxwellian (bigbox 40 di),ion,379500,50.07291666666667,0.5409265160560608,1.84867994139219,0.5407633185386658,0.5185688138008118,0.5639602541923523,3.4382920265197754,3.450636625289917,3.18278431892395,3.733448028564453,0.4183158426992627,-0.1226106733567981,1327104
Firehose Moderate Bi-Maxwellian (bigbox 40 di),ion,380000,50.13888888888889,0.5412481427192688,1.847581397648645,0.5410715341567993,0.5189976096153259,0.5642082691192627,3.437659740447998,3.448653221130371,3.1816582679748535,3.731727123260498,0.41820885398641616,-0.12303928873285264,1327104
Firehose Moderate Bi-Maxwellian (bigbox 40 di),ion,380500,50.204861111111114,0.5415534973144531,1.8465396400521255,0.5413510203361511,0.5193769931793213,0.5644774436950684,3.437185764312744,3.4469594955444336,3.1808085441589355,3.7302157878875732,0.4181286269815869,-0.1234248703328662,1327104
Firehose Moderate Bi-Maxwellian (bigbox 40 di),ion,381000,50.270833333333336,0.5418495535850525,1.8455307259804414,0.5416051149368286,0.5196846723556519,0.5647357106208801,3.4368178844451904,3.444704055786133,3.18064022064209,3.728349447250366,0.4180663429820163,-0.12378321060303621,1327104
Firehose Moderate Bi-Maxwellian (bigbox 40 di),ion,381500,50.33680555555556,0.5421326756477356,1.8445669204594768,0.5419079065322876,0.5199898481369019,0.5649690628051758,3.4365789890289307,3.4440276622772217,3.180311441421509,3.7271108627319336,0.41802588958819853,-0.12410678605953707,1327104
Firehose Moderate Bi-Maxwellian (bigbox 40 di),ion,382000,50.40277777777778,0.5424032211303711,1.8436468683131986,0.5421246886253357,0.5202813148498535,0.5652655959129333,3.4364681243896484,3.442692756652832,3.1803112030029297,3.7255148887634277,0.41800711439591187,-0.12439610673445922,1327104
Firehose Moderate Bi-Maxwellian (bigbox 40 di),ion,382500,50.46875,0.5426589250564575,1.8427781315786178,0.5423122048377991,0.5204774141311646,0.565575897693634,3.4364798069000244,3.4417779445648193,3.1807217597961426,3.724395513534546,0.418009092914136,-0.1246498321423215,1327104
Firehose Moderate Bi-Maxwellian (bigbox 40 di),ion,383000,50.53472222222222,0.5429039001464844,1.8419466128907596,0.5425080060958862,0.5207566022872925,0.5657985210418701,3.43660831451416,3.440980911254883,3.181173801422119,3.723785400390625,0.4180308557267912,-0.12487304441969316,1327104
Firehose Moderate Bi-Maxwellian (bigbox 40 di),ion,383500,50.60069444444444,0.5431360006332397,1.841159486452941,0.5427278876304626,0.5209027528762817,0.5660319328308105,3.436852216720581,3.440556526184082,3.181718111038208,3.722541332244873,0.4180721561812206,-0.12506384445201912,1327104
Firehose Moderate Bi-Maxwellian (bigbox 40 di),ion,384000,50.66666666666667,0.5433552861213684,1.8404164375362893,0.5428608655929565,0.5210816264152527,0.5663709044456482,3.437211513519287,3.4404096603393555,3.1822266578674316,3.7224044799804688,0.4181329859586549,-0.12522230016271352,1327104
Firehose Moderate Bi-Maxwellian (bigbox 40 di),ion,384500,50.73263888888889,0.5435605645179749,1.839721394959533,0.5430313348770142,0.5212141275405884,0.5667022466659546,3.4376933574676514,3.4404120445251465,3.18314528465271,3.721972942352295,0.41821454329094565,-0.1253460212270292,1327104
Firehose Moderate Bi-Maxwellian (bigbox 40 di),ion,385000,50.798611111111114,0.5437508821487427,1.8390774761565365,0.543175220489502,0.5212715864181519,0.5669854879379272,3.438281297683716,3.4406790733337402,3.1842498779296875,3.7221250534057617,0.41831402760811043,-0.12543685454063225,1327104
Firehose Moderate Bi-Maxwellian (bigbox 40 di),ion,385500,50.864583333333336,0.5439306497573853,1.8384696660245932,0.5433398485183716,0.5213621854782104,0.5672743320465088,3.4389808177948,3.4408326148986816,3.1850831508636475,3.722172737121582,0.4184323478481996,-0.12549830190918565,1327104
Firehose Moderate Bi-Maxwellian (bigbox 40 di),ion,386000,50.93055555555556,0.5440956354141235,1.8379121884315013,0.5434865951538086,0.5214285850524902,0.5675340890884399,3.439802408218384,3.4418840408325195,3.1866562366485596,3.7220568656921387,0.41857125420297536,-0.12552438121114817,1327104
Firehose Moderate Bi-Maxwellian (bigbox 40 di),ion,386500,50.99652777777778,0.5442492365837097,1.8373934822161064,0.5435771942138672,0.5214598178863525,0.5678116083145142,3.4407105445861816,3.4428229331970215,3.1882286071777344,3.7221784591674805,0.41872471569951775,-0.12552452088419197,1327104
Firehose Moderate Bi-Maxwellian (bigbox 40 di),ion,387000,51.0625,0.5443850159645081,1.8369352033473243,0.5436736941337585,0.5214480757713318,0.5681644678115845,3.4417428970336914,3.4443838596343994,3.189117193222046,3.7223968505859375,0.41889906950233713,-0.12548594646217093,1327104
Firehose Moderate Bi-Maxwellian (bigbox 40 di),ion,387500,51.12847222222222,0.5445114970207214,1.8365085135419004,0.5437623858451843,0.5214211940765381,0.5683877468109131,3.4428584575653076,3.4451773166656494,3.1909008026123047,3.723360061645508,0.4190873587599231,-0.12542413826079835,1327104
Firehose Moderate Bi-Maxwellian (bigbox 40 di),ion,388000,51.19444444444444,0.5446227788925171,1.8361332627942706,0.5439162850379944,0.5213677287101746,0.5687038898468018,3.4440863132476807,3.446899175643921,3.192960262298584,3.7248198986053467,0.41929446067974585,-0.12532831821277124,1327104
Firehose Moderate Bi-Maxwellian (bigbox 40 di),ion,388500,51.26041666666667,0.5447208881378174,1.835802558294762,0.5439631938934326,0.5213285088539124,0.5689797401428223,3.4454164505004883,3.448451042175293,3.1945371627807617,3.7251949310302734,0.4195186478228268,-0.1252022403149906,1327104
Firehose Moderate Bi-Maxwellian (bigbox 40 di),ion,389000,51.32638888888889,0.5448054671287537,1.8355175568817674,0.5440593957901001,0.5212100148200989,0.5692460536956787,3.4468331336975098,3.450355291366577,3.1958060264587402,3.7272391319274902,0.419757231515717,-0.12504823561303668,1327104
Firehose Moderate Bi-Maxwellian (bigbox 40 di),ion,389500,51.392361111111114,0.5448770523071289,1.835276409174842,0.5440894365310669,0.5211506485939026,0.569571316242218,3.448348045349121,3.4523587226867676,3.1975040435791016,3.729063034057617,0.4200121409735733,-0.1248649113335556,1327104
Firehose Moderate Bi-Maxwellian (bigbox 40 di),ion,390000,51.458333333333336,0.5449323654174805,1.8350901202828827,0.5441406965255737,0.5210160613059998,0.5697982907295227,3.449960231781006,3.4547982215881348,3.1989972591400146,3.7310843467712402,0.4202831726650017,-0.12464919275247877,1327104
Firehose Moderate Bi-Maxwellian (bigbox 40 di),ion,390500,51.52430555555556,0.544975757598877,1.8349440063277793,0.5442113876342773,0.5208556652069092,0.5700606107711792,3.451671600341797,3.4573044776916504,3.2007172107696533,3.7329745292663574,0.4205706012698448,-0.12440515632903215,1327104
Firehose Moderate Bi-Maxwellian (bigbox 40 di),ion,391000,51.59027777777778,0.545002281665802,1.8348547036234333,0.5442312955856323,0.5207158327102661,0.5702329277992249,3.4534826278686523,3.4597339630126953,3.2023091316223145,3.735435962677002,0.42087445760967446,-0.12412782405612754,1327104
Firehose Moderate Bi-Maxwellian (bigbox 40 di),ion,391500,51.65625,0.5450193881988525,1.8347971130068237,0.5442900657653809,0.5205199718475342,0.5704763531684875,3.4553568363189697,3.462393283843994,3.203869104385376,3.7375049591064453,0.4211885791423434,-0.12383080905650912,1327104
Firehose Moderate Bi-Maxwellian (bigbox 40 di),ion,392000,51.72222222222222,0.5450202226638794,1.8347943038009291,0.5443223714828491,0.5203936696052551,0.5706422328948975,3.457324504852295,3.465529680252075,3.2056736946105957,3.7403266429901123,0.42151799832701997,-0.12350222433685942,1327104
Firehose Moderate Bi-Maxwellian (bigbox 40 di),ion,392500,51.78819444444444,0.5450080633163452,1.8348352387945472,0.5443806648254395,0.52015221118927,0.5707808136940002,3.45939302444458,3.468250036239624,3.2070767879486084,3.743183135986328,0.42186389754858566,-0.12314416576775955,1327104
Firehose Moderate Bi-Maxwellian (bigbox 40 di),ion,393000,51.85416666666667,0.5449813604354858,1.834925141661572,0.5443286895751953,0.5199662446975708,0.571025550365448,3.461536407470703,3.4719951152801514,3.208469867706299,3.7458853721618652,0.42222187937021516,-0.12275948106527068,1327104
Firehose Moderate Bi-Maxwellian (bigbox 40 di),ion,393500,51.92013888888889,0.5449434518814087,1.8350527867570767,0.544326663017273,0.5197240710258484,0.5711436867713928,3.463754415512085,3.47516131401062,3.2100143432617188,3.7498397827148438,0.4225918584056665,-0.1223515934757422,1327104
Firehose Moderate Bi-Maxwellian (bigbox 40 di),ion,394000,51.986111111111114,0.5448923110961914,1.835225015358066,0.5443459749221802,0.5194963812828064,0.5712395906448364,3.4660539627075195,3.4791290760040283,3.211118221282959,3.752758026123047,0.42297493878667336,-0.12191737230951805,1327104
Firehose Moderate Bi-Maxwellian (bigbox 40 di),ion,394500,52.052083333333336,0.544826328754425,1.8354472741546597,0.5442530512809753,0.5192368030548096,0.5713658928871155,3.4684371948242188,3.4828011989593506,3.212561845779419,3.756192684173584,0.4233714241721017,-0.12145490458232333,1327104
Firehose Moderate Bi-Maxwellian (bigbox 40 di),ion,395000,52.11805555555556,0.5447477698326111,1.83571196685629,0.5442173480987549,0.5190485715866089,0.5713973045349121,3.470893383026123,3.486684560775757,3.2138288021087646,3.760045289993286,0.42377947712807995,-0.12096829270453113,1327104
Firehose Moderate Bi-Maxwellian (bigbox 40 di),ion,395500,52.18402777777778,0.5446571111679077,1.83601752275978,0.5441655516624451,0.5187524557113647,0.5714917182922363,3.473423719406128,3.490842819213867,3.2152516841888428,3.7635488510131836,0.4241992450198526,-0.12045786614805509,1327104
Firehose Moderate Bi-Maxwellian (bigbox 40 di),ion,396000,52.25,0.5445517301559448,1.8363728267168065,0.5440737009048462,0.518555223941803,0.5715072154998779,3.476036787033081,3.494619131088257,3.2164463996887207,3.7674570083618164,0.42463209610992925,-0.11991963404601558,1327104
Firehose Moderate Bi-Maxwellian (bigbox 40 di),ion,396500,52.31597222222222,0.5444352030754089,1.8367658710369825,0.5439951419830322,0.5182677507400513,0.5714912414550781,3.478710174560547,3.4986510276794434,3.2185115814208984,3.771019220352173,0.42507426613869814,-0.1193609369367108,1327104
Firehose Moderate Bi-Maxwellian (bigbox 40 di),ion,397000,52.38194444444444,0.5443039536476135,1.8372087751679413,0.5439081192016602,0.517989456653595,0.5714704394340515,3.4814600944519043,3.502490997314453,3.2197155952453613,3.7759933471679688,0.42552838586683117,-0.11877556778078235,1327104
Firehose Moderate Bi-Maxwellian (bigbox 40 di),ion,397500,52.447916666666664,0.5441605448722839,1.8376929555499157,0.5437713861465454,0.517728328704834,0.571408748626709,3.48427414894104,3.506552219390869,3.221428155899048,3.780013084411621,0.4259923546464186,-0.11816819022586533,1327104
Firehose Moderate Bi-Maxwellian (bigbox 40 di),ion,398000,52.51388888888889,0.5440060496330261,1.8382148519755925,0.5436530709266663,0.5174579620361328,0.5713173747062683,3.487149477005005,3.510650873184204,3.2231199741363525,3.784294605255127,0.4264656524796486,-0.1175403971533775,1327104
Firehose Moderate Bi-Maxwellian (bigbox 40 di),ion,398500,52.579861111111114,0.5438339710235596,1.838796495404438,0.5435429811477661,0.5171675682067871,0.5712512135505676,3.4901161193847656,3.5150575637817383,3.225320339202881,3.7882542610168457,0.42695316385273796,-0.11688080717082161,1327104
Firehose Moderate Bi-Maxwellian (bigbox 40 di),ion,399000,52.64583333333334,0.5436547994613647,1.839402505028498,0.5433730483055115,0.5169336795806885,0.571113109588623,3.493133306503296,3.518918037414551,3.2270026206970215,3.7923810482025146,0.4274481319460308,-0.11620666751533393,1327104
Firehose Moderate Bi-Maxwellian (bigbox 40 di),ion,399500,52.71180555555555,0.5434601902961731,1.8400611817675612,0.5431802272796631,0.5166722536087036,0.5709558129310608,3.496216297149658,3.523181438446045,3.229288339614868,3.796900987625122,0.42795301262381,-0.11550717767236307,1327104
Firehose Moderate Bi-Maxwellian (bigbox 40 di),ion,400000,52.77777777777778,0.5432556867599487,1.8407538556368124,0.5429621934890747,0.5163782835006714,0.5708107948303223,3.4993536472320557,3.5272977352142334,3.232002019882202,3.8011646270751953,0.42846588209740544,-0.1147898046625433,1327104
Firehose Moderate Bi-Maxwellian (bigbox 40 di),ion,400500,52.84375,0.5430341362953186,1.8415048579122277,0.5427895784378052,0.5161114931106567,0.5706404447555542,3.5025794506073,3.5317957401275635,3.2338008880615234,3.8054370880126953,0.4289922532226279,-0.1140418830726907,1327104
Firehose Moderate Bi-Maxwellian (bigbox 40 di),ion,401000,52.90972222222223,0.5428038239479065,1.8422862107470546,0.542529821395874,0.5158380270004272,0.5704125165939331,3.505845069885254,3.535700559616089,3.23691725730896,3.809605598449707,0.4295241346573653,-0.11327968929054122,1327104
Firehose Moderate Bi-Maxwellian (bigbox 40 di),ion,401500,52.97569444444444,0.5425596833229065,1.8431152014014394,0.5422773361206055,0.5156131386756897,0.5701339244842529,3.5091826915740967,3.539985179901123,3.239234447479248,3.81406831741333,0.43006672043544425,-0.11249296288746224,1327104
Firehose Moderate Bi-Maxwellian (bigbox 40 di),ion,402000,53.041666666666664,0.5423029065132141,1.8439879041578275,0.5420102477073669,0.5153514742851257,0.5698199272155762,3.512582302093506,3.544353485107422,3.242655038833618,3.8182499408721924,0.4306183235029123,-0.11168458301030182,1327104
Firehose Moderate Bi-Maxwellian (bigbox 40 di),ion,402500,53.10763888888889,0.5420336723327637,1.844903833550184,0.541718602180481,0.5151124596595764,0.5695286989212036,3.5160393714904785,3.5484161376953125,3.245466709136963,3.822695732116699,0.4311781556779942,-0.11085551665476945,1327104
Firehose Moderate Bi-Maxwellian (bigbox 40 di),ion,403000,53.173611111111114,0.5417498350143433,1.8458704283196028,0.5413644313812256,0.5148624777793884,0.5692262649536133,3.5195677280426025,3.552720785140991,3.2492482662200928,3.826554298400879,0.43174839794536524,-0.11000143706897803,1327104
Firehose Moderate Bi-Maxwellian (bigbox 40 di),ion,403500,53.23958333333334,0.5414561033248901,1.8468717849135954,0.5410804152488708,0.514588475227356,0.5688858032226562,3.5231375694274902,3.556918144226074,3.252678632736206,3.830693006515503,0.4323241824686965,-0.10913192085619361,1327104
Firehose Moderate Bi-Maxwellian (bigbox 40 di),ion,404000,53.30555555555555,0.5411478281021118,1.8479238907918247,0.5406688451766968,0.5143712162971497,0.5685019493103027,3.52677845954895,3.5615639686584473,3.2560875415802,3.834986686706543,0.43291022587911976,-0.10823760222299206,1327104
Firehose Moderate Bi-Maxwellian (bigbox 40 di),ion,404500,53.37152777777778,0.540828287601471,1.8490157096532762,0.5402819514274597,0.5141222476959229,0.5680829286575317,3.5304770469665527,3.5658254623413086,3.2603273391723633,3.8389997482299805,0.43350431871000694,-0.107323968891464,1327104
Firehose Moderate Bi-Maxwellian (bigbox 40 di),ion,405000,53.4375,0.5404981374740601,1.8501451358803112,0.5399153232574463,0.5138520002365112,0.5677051544189453,3.5342228412628174,3.5700788497924805,3.2645773887634277,3.8430838584899902,0.43410472688661095,-0.10639341058744911,1327104
Firehose Moderate Bi-Maxwellian (bigbox 40 di),ion,405500,53.50347222222223,0.5401527285575867,1.8513282394599404,0.5395100712776184,0.51360684633255,0.5672426223754883,3.538032293319702,3.5737736225128174,3.2690935134887695,3.847118616104126,0.4347140347542111,-0.10543869380337556,1327104
Firehose Moderate Bi-Maxwellian (bigbox 40 di),ion,406000,53.56944444444444,0.5397927165031433,1.8525629735765003,0.5390489101409912,0.5133934020996094,0.5667271614074707,3.5419158935546875,3.5784459114074707,3.2738847732543945,3.851296901702881,0.43533385317267137,-0.10445886333047194,1327104
Firehose Moderate Bi-Maxwellian (bigbox 40 di),ion,406500,53.635416666666664,0.5394231677055359,1.853832130076191,0.5385997891426086,0.513133704662323,0.5662392377853394,3.5458486080169678,3.5827460289001465,3.2789368629455566,3.8550949096679688,0.4359601265891301,-0.10346304111640581,1327104
Firehose Moderate Bi-Maxwellian (bigbox 40 di),ion,407000,53.70138888888889,0.5390412211418152,1.8551456934624897,0.5381360650062561,0.5128598213195801,0.5657650828361511,3.549834966659546,3.586740255355835,3.2834062576293945,3.8587067127227783,0.43659352652046424,-0.10244769462135095,1327104
Firehose Moderate Bi-Maxwellian (bigbox 40 di),ion,407500,53.767361111111114,0.5386477708816528,1.8565007673998368,0.5376694798469543,0.5125864744186401,0.5652037262916565,3.5538690090179443,3.591789722442627,3.288564682006836,3.862563133239746,0.43723305644496213,-0.1014147144366907,1327104
Firehose Moderate Bi-Maxwellian (bigbox 40 di),ion,408000,53.83333333333334,0.5382415056228638,1.857902056146302,0.5371901392936707,0.5122928023338318,0.5646413564682007,3.557959794998169,3.5956990718841553,3.2938272953033447,3.8663244247436523,0.43788010117156784,-0.10036140445129593,1327104
Firehose Moderate Bi-Maxwellian (bigbox 40 di),ion,408500,53.89930555555555,0.537826418876648,1.8593359584095717,0.5366438627243042,0.5120522975921631,0.5640331506729126,3.5621042251586914,3.600221633911133,3.298994302749634,3.870274066925049,0.4385341153483795,-0.09929230352826846,1327104
Firehose Moderate Bi-Maxwellian (bigbox 40 di),ion,409000,53.96527777777778,0.5373991131782532,1.8608143844634593,0.5361496210098267,0.5117490887641907,0.5634082555770874,3.5662989616394043,3.603908061981201,3.3046956062316895,3.8738009929656982,0.43919452028199757,-0.0982045928962556,1327104
Firehose Moderate Bi-Maxwellian (bigbox 40 di),ion,409500,54.03125,0.5369594097137451,1.862338161711522,0.5356152057647705,0.5114523768424988,0.5628080368041992,3.570547342300415,3.608370304107666,3.3105173110961914,3.877631902694702,0.4398617891699905,-0.09709762054375459,1327104
Firehose Moderate Bi-Maxwellian (bigbox 40 di),ion,410000,54.09722222222223,0.5365132093429565,1.8638870070406184,0.5350689888000488,0.5111081004142761,0.5621322989463806,3.5748257637023926,3.613175868988037,3.315436601638794,3.8811845779418945,0.4405321735377026,-0.09598103580525397,1327104
Firehose Moderate Bi-Maxwellian (bigbox 40 di),ion,410500,54.16319444444444,0.5360556244850159,1.8654780480303543,0.5345226526260376,0.5108745694160461,0.5614515542984009,3.5791618824005127,3.6165125370025635,3.3211655616760254,3.8851897716522217,0.44120996319433936,-0.09484566129067651,1327104
Firehose Moderate Bi-Maxwellian (bigbox 40 di),ion,411000,54.229166666666664,0.5355897545814514,1.8671006893727315,0.5339628458023071,0.5105084180831909,0.5607510805130005,3.5835423469543457,3.6209897994995117,3.327221393585205,3.889024019241333,0.44189301915190127,-0.09369673542955015,1327104
Firehose Moderate Bi-Maxwellian (bigbox 40 di),ion,411500,54.29513888888889,0.5351161360740662,1.8687532155853148,0.5334241390228271,0.5102025866508484,0.5600243210792542,3.5879533290863037,3.6251564025878906,3.332773208618164,3.8930325508117676,0.44257914845583757,-0.0925369876182286,1327104
Firehose Moderate Bi-Maxwellian (bigbox 40 di),ion,412000,54.361111111111114,0.5346335172653198,1.8704401570538556,0.5328632593154907,0.5098835229873657,0.5593496561050415,3.5924065113067627,3.629166841506958,3.338737964630127,3.8967931270599365,0.4432701327911561,-0.0913633844741637,1327104
Firehose Moderate Bi-Maxwellian (bigbox 40 di),ion,412500,54.42708333333334,0.5341431498527527,1.8721573051637377,0.5322847366333008,0.5095506906509399,0.5585690140724182,3.5969018936157227,3.633469581604004,3.344442129135132,3.9002466201782227,0.4439659298047923,-0.09017722004796036,1327104
Firehose Moderate Bi-Maxwellian (bigbox 40 di),ion,413000,54.49305555555555,0.5336443185806274,1.8739073296231705,0.5316897630691528,0.5091986656188965,0.5577923059463501,3.601442575454712,3.6377758979797363,3.350815773010254,3.9040608406066895,0.44466697494198326,-0.08897734363864418,1327104
Firehose Moderate Bi-Maxwellian (bigbox 40 di),ion,413500,54.55902777777778,0.5331400632858276,1.8756797113254626,0.5311086177825928,0.5088582634925842,0.5570425391197205,3.6060025691986084,3.6414904594421387,3.3566253185272217,3.9080607891082764,0.44536922489090836,-0.08777083839491928,1327104
Firehose Moderate Bi-Maxwellian (bigbox 40 di),ion,414000,54.625,0.5326253771781921,1.8774922165705328,0.5305718183517456,0.5085344910621643,0.5562397241592407,3.6106088161468506,3.645814895629883,3.362560510635376,3.9117090702056885,0.4460767970609597,-0.08654858011723243,1327104
Firehose Moderate Bi-Maxwellian (bigbox 40 di),ion,414500,54.69097222222223,0.5321083068847656,1.8793166486246227,0.5299474596977234,0.5081297159194946,0.5554832220077515,3.615237236022949,3.649721145629883,3.3686232566833496,3.915728807449341,0.4467859591421557,-0.08532234774260994,1327104
Firehose Moderate Bi-Maxwellian (bigbox 40 di),ion,415000,54.75694444444444,0.5315871834754944,1.8811589727616127,0.5294124484062195,0.5078380703926086,0.5546905398368835,3.6198832988739014,3.6532554626464844,3.374552011489868,3.920056104660034,0.4474960005969878,-0.08409118287850659,1327104
Firehose Moderate Bi-Maxwellian (bigbox 40 di),ion,415500,54.822916666666664,0.5310593247413635,1.8830287943574289,0.5288336277008057,0.5074450373649597,0.5539101362228394,3.6245625019073486,3.6572227478027344,3.3808817863464355,3.923772096633911,0.4482092669259965,-0.08285005781536703,1327104
Firehose Moderate Bi-Maxwellian (bigbox 40 di),ion,416000,54.88888888888889,0.5305315256118774,1.884902124989973,0.528298556804657,0.5070754885673523,0.5531186461448669,3.6292543411254883,3.6610116958618164,3.386674165725708,3.9278128147125244,0.4489226127426029,-0.08160891286927452,1327104
Firehose Moderate Bi-Maxwellian (bigbox 40 di),ion,416500,54.954861111111114,0.5299968719482422,1.8868035887156271,0.527716875076294,0.506700336933136,0.5523738861083984,3.6339666843414307,3.665066719055176,3.3920907974243164,3.932114362716675,0.4496372218771587,-0.08035965007108348,1327104
Firehose Moderate Bi-Maxwellian (bigbox 40 di),ion,417000,55.02083333333334,0.5294588208198547,1.888721012243262,0.527190625667572,0.5063291192054749,0.5515671968460083,3.638690710067749,3.668978214263916,3.3979201316833496,3.9358551502227783,0.45035174480032636,-0.07910707601952838,1327104
Firehose Moderate Bi-Maxwellian (bigbox 40 di),ion,417500,55.08680555555555,0.5289189219474792,1.8906489416525323,0.5266779661178589,0.5059786438941956,0.5507767796516418,3.6434426307678223,3.6729111671447754,3.403782844543457,3.940183162689209,0.45106861760067885,-0.0778503043468004,1327104
Firehose Moderate Bi-Maxwellian (bigbox 40 di),ion,418000,55.15277777777778,0.5283776521682739,1.8925857213989952,0.5261542797088623,0.5055848956108093,0.5500310659408569,3.6482045650482178,3.6768760681152344,3.409576892852783,3.9441146850585938,0.45178512763207224,-0.07659252453620169,1327104
Firehose Moderate Bi-Maxwellian (bigbox 40 di),ion,418500,55.21875,0.5278365612030029,1.8945258314825328,0.5256134271621704,0.5052096843719482,0.5493360757827759,3.6529486179351807,3.6806867122650146,3.4149651527404785,3.948397397994995,0.45249708956199486,-0.07533947164100807,1327104
Firehose Moderate Bi-Maxwellian (bigbox 40 di),ion,419000,55.28472222222223,0.5272904634475708,1.896487930886752,0.5251381993293762,0.5048421621322632,0.5485109686851501,3.6577203273773193,3.6845428943634033,3.420693874359131,3.9523277282714844,0.4532113390325684,-0.07407912441500242,1327104
Firehose Moderate Bi-Maxwellian (bigbox 40 di),ion,419500,55.35069444444444,0.526745080947876,1.898451520801112,0.5246431231498718,0.5044391751289368,0.5478054285049438,3.6624960899353027,3.6878929138183594,3.4264910221099854,3.9561409950256348,0.4539243316884115,-0.07282074925946447,1327104
Firehose Moderate Bi-Maxwellian (bigbox 40 di),ion,420000,55.416666666666664,0.5261999368667603,1.9004183199915725,0.5241105556488037,0.504090428352356,0.5471440553665161,3.6672704219818115,3.691800117492676,3.4318766593933105,3.9605159759521484,0.4546352545991986,-0.07156468226756163,1327104
Firehose Moderate Bi-Maxwellian (bigbox 40 di),ion,420500,55.48263888888889,0.5256549119949341,1.902388767194926,0.5236862897872925,0.5036334991455078,0.5464446544647217,3.6720457077026367,3.6960601806640625,3.4373297691345215,3.964505195617676,0.4553444703031021,-0.07031044169183198,1327104
Firehose Moderate Bi-Maxwellian (bigbox 40 di),ion,421000,55.548611111111114,0.5251128673553467,1.9043524967048553,0.523175835609436,0.503246545791626,0.545795202255249,3.6767985820770264,3.6992685794830322,3.4423868656158447,3.968815803527832,0.4560485282633572,-0.0690643390919895,1327104
Firehose Moderate Bi-Maxwellian (bigbox 40 di),ion,421500,55.61458333333334,0.5245705246925354,1.9063213675341868,0.5227228999137878,0.5029188990592957,0.545121431350708,3.681549310684204,3.7031445503234863,3.4473729133605957,3.9732487201690674,0.45675045171992923,-0.06782007297260617,1327104
Firehose Moderate Bi-Maxwellian (bigbox 40 di),ion,422000,55.68055555555555,0.5240315198898315,1.9082821586957832,0.5222803354263306,0.5025119781494141,0.5444930791854858,3.686289072036743,3.706702709197998,3.4525146484375,3.9766311645507812,0.45744895180047207,-0.06658256808935947,1327104
Firehose Moderate Bi-Maxwellian (bigbox 40 di),ion,422500,55.74652777777778,0.5234925746917725,1.9102467701452894,0.5218576788902283,0.5021159648895264,0.5439086556434631,3.691026210784912,3.710620880126953,3.457340955734253,3.9804694652557373,0.45814527294437946,-0.065347301747393,1327104
Firehose Moderate Bi-Maxwellian (bigbox 40 di),ion,423000,55.8125,0.522958517074585,1.9121975593666043,0.5214200019836426,0.5016763210296631,0.5433564186096191,3.695741653442383,3.7136635780334473,3.4627933502197266,3.9841456413269043,0.4588366321176405,-0.06412188495694449,1327104
Firehose Moderate Bi-Maxwellian (bigbox 40 di),ion,423500,55.87847222222223,0.5224305987358093,1.914129843121412,0.5210112929344177,0.5012984275817871,0.5427931547164917,3.700423002243042,3.7175726890563965,3.467651128768921,3.987910747528076,0.45952124965505736,-0.06290934908075196,1327104
Firehose Moderate Bi-Maxwellian (bigbox 40 di),ion,424000,55.94444444444444,0.521905779838562,1.9160546570481056,0.5206263065338135,0.5009064674377441,0.5422770977020264,3.7050864696502686,3.720883846282959,3.472571849822998,3.991119384765625,0.4602015320336682,-0.06170424780489381,1327104
Firehose Moderate Bi-Maxwellian (bigbox 40 di),ion,424500,56.010416666666664,0.5213852524757385,1.9179675590201561,0.5202153921127319,0.5004772543907166,0.5418179631233215,3.709717273712158,3.7243640422821045,3.4774234294891357,3.994957447052002,0.4608753572213108,-0.06050989525442774,1327104
Firehose Moderate Bi-Maxwellian (bigbox 40 di),ion,425000,56.07638888888889,0.5208730101585388,1.9198537464930823,0.5198560953140259,0.5001229047775269,0.5412945747375488,3.7143070697784424,3.727477550506592,3.481793165206909,3.9978208541870117,0.4615415574352878,-0.05933145272325102,1327104
Firehose Moderate Bi-Maxwellian (bigbox 40 di),ion,425500,56.142361111111114,0.5203652381896973,1.9217271381902985,0.5194730162620544,0.49974116683006287,0.5408351421356201,3.7188827991485596,3.7314271926879883,3.4865517616271973,4.002052307128906,0.4622040790159073,-0.058161159173789945,1327104
Firehose Moderate Bi-Maxwellian (bigbox 40 di),ion,426000,56.20833333333334,0.5198679566383362,1.9235653731504825,0.5191078782081604,0.4993636906147003,0.5403317809104919,3.7233951091766357,3.734302520751953,3.4913370609283447,4.00526237487793,0.4628558234201835,-0.05701213321815268,1327104
Firehose Moderate Bi-Maxwellian (bigbox 40 di),ion,426500,56.27430555555555,0.5193752646446228,1.9253901139944347,0.5187560319900513,0.4989626705646515,0.5398667454719543,3.7278778553009033,3.7376973628997803,3.4958410263061523,4.008055686950684,0.4635017354026032,-0.055873529242019604,1327104
Firehose Moderate Bi-Maxwellian (bigbox 40 di),ion,427000,56.34027777777778,0.5188912749290466,1.9271859989103504,0.5184041857719421,0.49856802821159363,0.5394971966743469,3.7323145866394043,3.7410635948181152,3.4999144077301025,4.011310577392578,0.4641394894311922,-0.05475178549785442,1327104
Firehose Moderate Bi-Maxwellian (bigbox 40 di),ion,427500,56.40625,0.5184165239334106,1.9289508606181072,0.5180727243423462,0.49818575382232666,0.5390768051147461,3.7366955280303955,3.7443156242370605,3.503980875015259,4.014962196350098,0.4647677379660109,-0.05364878596739975,1327104
Firehose Moderate Bi-Maxwellian (bigbox 40 di),ion,428000,56.47222222222223,0.5179502964019775,1.9306871855208037,0.5177618861198425,0.49782994389533997,0.5386780500411987,3.7410359382629395,3.747859001159668,3.5077528953552246,4.017731189727783,0.46538872306886947,-0.05256157333310807,1327104
Firehose Moderate Bi-Maxwellian (bigbox 40 di),ion,428500,56.53819444444444,0.5174938440322876,1.9323901366788196,0.5174281001091003,0.49747368693351746,0.5383126735687256,3.745314359664917,3.750365734100342,3.512533187866211,4.0200605392456055,0.4659994307716978,-0.05149441326058979,1327104
Firehose Moderate Bi-Maxwellian (bigbox 40 di),ion,429000,56.604166666666664,0.5170454382896423,1.9340659948726067,0.5171126127243042,0.49711874127388,0.537953794002533,3.7495410442352295,3.753858804702759,3.5158157348632812,4.023655414581299,0.4666013849681895,-0.05044405332145285,1327104
Firehose Moderate Bi-Maxwellian (bigbox 40 di),ion,429500,56.67013888888889,0.5166084170341492,1.9357021043927307,0.516823410987854,0.4967889189720154,0.5375827550888062,3.7537100315093994,3.7564754486083984,3.520092487335205,4.026075839996338,0.46719379408329453,-0.049414622950854636,1327104
Firehose Moderate Bi-Maxwellian (bigbox 40 di),ion,430000,56.736111111111114,0.5161824226379395,1.9372995982496284,0.5165642499923706,0.4964387118816376,0.537225604057312,3.757810592651367,3.759488105773926,3.524174213409424,4.029340744018555,0.46777519763472786,-0.048407225003211596,1327104
Firehose Moderate Bi-Maxwellian (bigbox 40 di),ion,430500,56.80208333333334,0.5157671570777893,1.938859398620408,0.5162595510482788,0.4961315393447876,0.5368154644966125,3.7618520259857178,3.762576103210449,3.5280568599700928,4.0313334465026855,0.4683469774503052,-0.04742017962748413,1327104
Firehose Moderate Bi-Maxwellian (bigbox 40 di),ion,431000,56.86805555555555,0.515362024307251,1.940383561136851,0.515936017036438,0.4958136975765228,0.5365163683891296,3.7658262252807617,3.7656822204589844,3.5314135551452637,4.033827781677246,0.4689080482329241,-0.046453976074326886,1327104
Firehose Moderate Bi-Maxwellian (bigbox 40 di),ion,431500,56.93402777777778,0.5149679780006409,1.9418683155455454,0.515705943107605,0.4955095946788788,0.536113440990448,3.769737482070923,3.768709659576416,3.5354249477386475,4.036502838134766,0.4694590778503519,-0.04550890015028897,1327104
Firehose Moderate Bi-Maxwellian (bigbox 40 di),ion,432000,57.0,0.5145885944366455,1.9432999697452813,0.5154398083686829,0.4952720105648041,0.5357434749603271,3.773576021194458,3.771766185760498,3.539435386657715,4.038456439971924,0.4699987521738238,-0.0445898422628217,1327104
Firehose Moderate Bi-Maxwellian (bigbox 40 di),ion,432500,57.06597222222223,0.5142163634300232,1.9447066859747733,0.515164315700531,0.49496960639953613,0.5354291796684265,3.777343511581421,3.7743735313415527,3.5428202152252197,4.040560245513916,0.47052737092404895,-0.043688992505974245,1327104
Firehose Moderate Bi-Maxwellian (bigbox 40 di),ion,433000,57.13194444444444,0.5138590931892395,1.9460587800316085,0.5148913860321045,0.4947708249092102,0.5350009202957153,3.7810330390930176,3.7771189212799072,3.546527624130249,4.042802810668945,0.471044029681435,-0.04281506350780451,1327104
Firehose Moderate Bi-Maxwellian (bigbox 40 di),ion,433500,57.197916666666664,0.5135104656219482,1.947379979469027,0.514636218547821,0.49450379610061646,0.5346462726593018,3.784660577774048,3.780102014541626,3.550008773803711,4.0449934005737305,0.47155102580525143,-0.04195943981669681,1327104
Firehose Moderate Bi-Maxwellian (bigbox 40 di),ion,434000,57.26388888888889,0.513174831867218,1.948653632060323,0.5143482685089111,0.4942737817764282,0.5343085527420044,3.788205862045288,3.7826662063598633,3.5533385276794434,4.0469231605529785,0.47204558758583903,-0.041129244281378985,1327104
Firehose Moderate Bi-Maxwellian (bigbox 40 di),ion,434500,57.329861111111114,0.512853741645813,1.9498736555784357,0.5141225457191467,0.49404287338256836,0.5339609980583191,3.7916665077209473,3.785588264465332,3.5570082664489746,4.048081874847412,0.472527450415955,-0.04032629122985798,1327104
Firehose Moderate Bi-Maxwellian (bigbox 40 di),ion,435000,57.39583333333334,0.512539267539978,1.951070022009582,0.5138645768165588,0.49382203817367554,0.5336081385612488,3.7950761318206787,3.7882418632507324,3.560154438018799,4.050398826599121,0.47300134950375694,-0.03953791803622109,1327104
Firehose Moderate Bi-Maxwellian (bigbox 40 di),ion,435500,57.46180555555555,0.5122413635253906,1.9522047050587945,0.5135927796363831,0.4936625361442566,0.5331970453262329,3.7983779907226562,3.790541410446167,3.563896656036377,4.0517048835754395,0.47345945956803204,-0.03878190395735859,1327104
Firehose Moderate Bi-Maxwellian (bigbox 40 di),ion,436000,57.52777777777778,0.51195228099823,1.9533070505128922,0.5133624076843262,0.4935315251350403,0.5328260660171509,3.8016111850738525,3.793323516845703,3.567061424255371,4.053203582763672,0.47390727177662517,-0.03804500922160481,1327104
Firehose Moderate Bi-Maxwellian (bigbox 40 di),ion,436500,57.59375,0.511673092842102,1.9543728485808642,0.5131130218505859,0.4933205246925354,0.5324552059173584,3.804800271987915,3.795663356781006,3.5708565711975098,4.054326057434082,0.47434822933424337,-0.037324863507858685,1327104
Firehose Moderate Bi-Maxwellian (bigbox 40 di),ion,437000,57.65972222222223,0.511409342288971,1.9553807826900271,0.5128554105758667,0.49322161078453064,0.532086968421936,3.8078646659851074,3.7977659702301025,3.574317693710327,4.055004596710205,0.47477124965453743,-0.03663809263443352,1327104
Firehose Moderate Bi-Maxwellian (bigbox 40 di),ion,437500,57.72569444444444,0.5111547112464905,1.956354853037395,0.5126165151596069,0.4930799603462219,0.5317353010177612,3.8108837604522705,3.8003337383270264,3.5772790908813477,4.055799961090088,0.475187351355308,-0.03596735989118249,1327104
Firehose Moderate Bi-Maxwellian (bigbox 40 di),ion,438000,57.791666666666664,0.5109133124351501,1.957279201110911,0.5124073028564453,0.49295225739479065,0.5313587188720703,3.81380033493042,3.8025026321411133,3.5807392597198486,4.0569987297058105,0.4755886977925685,-0.03532461464258163,1327104
Firehose Moderate Bi-Maxwellian (bigbox 40 di),ion,438500,57.85763888888889,0.5106824636459351,1.958163969173058,0.5121713876724243,0.49286291003227234,0.5309758186340332,3.8166465759277344,3.8049750328063965,3.5837180614471436,4.057736873626709,0.4759797743353147,-0.03470268931062037,1327104
Firehose Moderate Bi-Maxwellian (bigbox 40 di),ion,439000,57.923611111111114,0.510463535785675,1.9590037875298176,0.5119110345840454,0.4927369952201843,0.5306426882743835,3.819413661956787,3.806900978088379,3.5863711833953857,4.058788299560547,0.47635941612688615,-0.0341041196587889,1327104
Firehose Moderate Bi-Maxwellian (bigbox 40 di),ion,439500,57.98958333333334,0.510256826877594,1.959797394812497,0.5116614103317261,0.49267202615737915,0.5303035974502563,3.822096824645996,3.8082284927368164,3.589980125427246,4.059097766876221,0.47672701876534995,-0.03352980811224404,1327104
Firehose Moderate Bi-Maxwellian (bigbox 40 di),ion,440000,58.05555555555555,0.5100595355033875,1.9605554457737586,0.5114877223968506,0.4925555884838104,0.5299688577651978,3.8247077465057373,3.8104491233825684,3.5934226512908936,4.059622764587402,0.477084229029733,-0.03297530647365443,1327104
Firehose Moderate Bi-Maxwellian (bigbox 40 di),ion,440500,58.12152777777778,0.5098726749420166,1.9612739594521738,0.5112486481666565,0.49245384335517883,0.5296773314476013,3.827244758605957,3.811819553375244,3.5960843563079834,4.060420036315918,0.4774308605419624,-0.032441814400054225,1327104
Firehose Moderate Bi-Maxwellian (bigbox 40 di),ion,441000,58.1875,0.5096985697746277,1.961943900376585,0.5110191106796265,0.4923745393753052,0.5293483734130859,3.829697370529175,3.8142096996307373,3.59885835647583,4.060483932495117,0.4777655238790718,-0.0319330458955559,1327104
Firehose Moderate Bi-Maxwellian (bigbox 40 di),ion,441500,58.25347222222223,0.5095334053039551,1.9625798614782948,0.5108011960983276,0.49232178926467896,0.5290317535400391,3.8320703506469727,3.815852165222168,3.601746082305908,4.062112331390381,0.47808891356539485,-0.03144449173856023,1327104
Firehose Moderate Bi-Maxwellian (bigbox 40 di),ion,442000,58.31944444444444,0.5093795657157898,1.9631725874099035,0.5105879306793213,0.49223271012306213,0.5287644863128662,3.834369659423828,3.817704677581787,3.6048574447631836,4.062328338623047,0.4784018814971194,-0.03097768421867042,1327104
Firehose Moderate Bi-Maxwellian (bigbox 40 di),ion,442500,58.385416666666664,0.5092381238937378,1.9637178621934226,0.5104231238365173,0.4921702742576599,0.5285265445709229,3.8365797996520996,3.8194942474365234,3.6072397232055664,4.063846111297607,0.4787023587567866,-0.03053576513695122,1327104
Firehose Moderate Bi-Maxwellian (bigbox 40 di),ion,443000,58.45138888888889,0.5091079473495483,1.9642199757557706,0.5102301836013794,0.4920923411846161,0.528302788734436,3.8387041091918945,3.8211441040039062,3.610140323638916,4.064830303192139,0.47899084089056543,-0.030117106458982912,1327104
Firehose Moderate Bi-Maxwellian (bigbox 40 di),ion,443500,58.517361111111114,0.5089855194091797,1.9646924359670983,0.5100412964820862,0.4920099079608917,0.528118908405304,3.8407654762268066,3.822800874710083,3.612788438796997,4.065112590789795,0.4792704703321763,-0.029715049077003397,1327104
Firehose Moderate Bi-Maxwellian (bigbox 40 di),ion,444000,58.58333333333334,0.5088748931884766,1.9651195478210024,0.5098982453346252,0.49190911650657654,0.5279485583305359,3.8427417278289795,3.824676036834717,3.6148924827575684,4.06693696975708,0.47953827198011223,-0.029336621208364333,1327104
Firehose Moderate Bi-Maxwellian (bigbox 40 di),ion,444500,58.64930555555555,0.5087751150131226,1.9655049362510735,0.5097527503967285,0.49179309606552124,0.527787446975708,3.8446435928344727,3.826887607574463,3.617701530456543,4.068467140197754,0.47979573354275595,-0.028979381470366605,1327104
Firehose Moderate Bi-Maxwellian (bigbox 40 di),ion,445000,58.71527777777778,0.5086843371391296,1.9658556927938027,0.5096073746681213,0.4916951656341553,0.5276476740837097,3.8464694023132324,3.8284106254577637,3.619927167892456,4.070319175720215,0.4800426596927515,-0.028641677446378133,1327104
Firehose Moderate Bi-Maxwellian (bigbox 40 di),ion,445500,58.78125,0.5086026191711426,1.9661715498627905,0.5094712376594543,0.4916312098503113,0.5275529623031616,3.8482208251953125,3.8309926986694336,3.622283935546875,4.071558952331543,0.480279305463586,-0.028323313707556586,1327104
Firehose Moderate Bi-Maxwellian (bigbox 40 di),ion,446000,58.84722222222223,0.5085324645042419,1.9664427933325355,0.5093613862991333,0.4915420114994049,0.527468740940094,3.8498973846435547,3.8330798149108887,3.6239545345306396,4.073392868041992,0.48050563425986703,-0.028026830244374912,1327104
Firehose Moderate Bi-Maxwellian (bigbox 40 di),ion,446500,58.91319444444444,0.5084736943244934,1.966670077846404,0.5092766284942627,0.491489052772522,0.5273734331130981,3.851472854614258,3.8353805541992188,3.626202344894409,4.075000762939453,0.4807181368021588,-0.027755557522334606,1327104
Firehose Moderate Bi-Maxwellian (bigbox 40 di),ion,447000,58.979166666666664,0.5084224343299866,1.9668683607910187,0.5092054605484009,0.4913688898086548,0.5273734927177429,3.852994680404663,3.83797025680542,3.627819061279297,4.077250957489014,0.4809232387027462,-0.027499195627240347,1327104
Firehose Moderate Bi-Maxwellian (bigbox 40 di),ion,447500,59.04513888888889,0.5083825588226318,1.9670226341279484,0.5091677904129028,0.4912813603878021,0.5273453593254089,3.854423761367798,3.8406331539154053,3.6294548511505127,4.0791778564453125,0.48111569359714845,-0.027266865225483383,1327104
Firehose Moderate Bi-Maxwellian (bigbox 40 di),ion,448000,59.111111111111114,0.5083526372909546,1.9671384126756326,0.5091199278831482,0.4911991357803345,0.5273618102073669,3.8557724952697754,3.842928409576416,3.6309714317321777,4.081477642059326,0.4812971972662856,-0.027055440024668975,1327104
Firehose Moderate Bi-Maxwellian (bigbox 40 di),ion,448500,59.17708333333334,0.5083304047584534,1.9672244481916765,0.5090931057929993,0.49108636379241943,0.5274050235748291,3.8570640087127686,3.8459486961364746,3.6324098110198975,4.083490371704102,0.48147088161301554,-0.026859523145437825,1327104
Firehose Moderate Bi-Maxwellian (bigbox 40 di),ion,449000,59.24305555555555,0.5083175301551819,1.9672742738081739,0.5090955495834351,0.4910317659378052,0.5274511575698853,3.8582770824432373,3.848609447479248,3.633779525756836,4.086178302764893,0.4816339113899232,-0.02668361876525871,1327104
Firehose Moderate Bi-Maxwellian (bigbox 40 di),ion,449500,59.30902777777778,0.5083155632019043,1.9672818862773975,0.5090527534484863,0.49093151092529297,0.5275183916091919,3.859415292739868,3.851438045501709,3.6350691318511963,4.088683128356934,0.48178678678029385,-0.026528776421610445,1327104
Firehose Moderate Bi-Maxwellian (bigbox 40 di),ion,450000,59.375,0.5083221793174744,1.9672562809332907,0.5090459585189819,0.4908588230609894,0.5276060104370117,3.860478401184082,3.854288101196289,3.635894536972046,4.091370582580566,0.48192949366416293,-0.026392685653311432,1327104
Firehose Moderate Bi-Maxwellian (bigbox 40 di),ion,450500,59.44097222222223,0.508337140083313,1.9671983830182207,0.5091466903686523,0.49078336358070374,0.5276879668235779,3.8614659309387207,3.857520341873169,3.6372642517089844,4.0934953689575195,0.4820619848084997,-0.026275155274813278,1327104
Firehose Moderate Bi-Maxwellian (bigbox 40 di),ion,451000,59.50694444444444,0.5083636045455933,1.9670959743348693,0.5091768503189087,0.49074310064315796,0.5278434157371521,3.862361192703247,3.8600645065307617,3.638050079345703,4.096418380737305,0.482182038340073,-0.026181566205520257,1327104
Firehose Moderate Bi-Maxwellian (bigbox 40 di),ion,451500,59.572916666666664,0.5083990693092346,1.9669587541902998,0.5092074871063232,0.4906504452228546,0.5279878377914429,3.8632009029388428,3.8635764122009277,3.6390464305877686,4.098623275756836,0.4822945919073105,-0.02610447740192412,1327104
Firehose Moderate Bi-Maxwellian (bigbox 40 di),ion,452000,59.63888888888889,0.5084423422813416,1.9667913484802961,0.5092637538909912,0.49062368273735046,0.5281317234039307,3.863959312438965,3.866335391998291,3.6397271156311035,4.101499557495117,0.48239620599483424,-0.026046136286507315,1327104
Firehose Moderate Bi-Maxwellian (bigbox 40 di),ion,452500,59.704861111111114,0.5084930062294006,1.9665953862674401,0.5093631744384766,0.49057674407958984,0.5283066034317017,3.8646576404571533,3.8694958686828613,3.640233278274536,4.104310989379883,0.4824897349087257,-0.026003271320674926,1327104
Firehose Moderate Bi-Maxwellian (bigbox 40 di),ion,453000,59.77083333333334,0.5085516571998596,1.9663685799513624,0.5094963908195496,0.4904767870903015,0.5285114645957947,3.865283727645874,3.872347116470337,3.641279935836792,4.106569290161133,0.48257355968585336,-0.02597809751400626,1327104
Firehose Moderate Bi-Maxwellian (bigbox 40 di),ion,453500,59.83680555555555,0.5086205005645752,1.9661024258557949,0.5095635652542114,0.4904868006706238,0.5287131071090698,3.865825891494751,3.875286102294922,3.6421146392822266,4.109204292297363,0.4826461263037677,-0.02597437426080751,1327104
Firehose Moderate Bi-Maxwellian (bigbox 40 di),ion,454000,59.90277777777778,0.5086972713470459,1.9658057086722118,0.5096433162689209,0.4904303550720215,0.528908371925354,3.866292715072632,3.878603219985962,3.642582893371582,4.111847400665283,0.4827085926000747,-0.025988678746971194,1327104
Firehose Moderate Bi-Maxwellian (bigbox 40 di),ion,454500,59.96875,0.5087820291519165,1.965478225846321,0.5098048448562622,0.49041083455085754,0.5291353464126587,3.8667075634002686,3.88131046295166,3.6438543796539307,4.114162445068359,0.4827640913601289,-0.026017937791787626,1327104
Firehose Moderate Bi-Maxwellian (bigbox 40 di),ion,455000,60.03472222222223,0.5088780522346497,1.9651073486244368,0.5099002718925476,0.49035874009132385,0.5293885469436646,3.8670272827148438,3.88383150100708,3.6444361209869385,4.1165690422058105,0.48280685555548974,-0.026071196679159914,1327104
Firehose Moderate Bi-Maxwellian (bigbox 40 di),ion,455500,60.10069444444444,0.5089799165725708,1.9647140632461852,0.5100381374359131,0.49041232466697693,0.5296052098274231,3.86728835105896,3.886671781539917,3.6449410915374756,4.119505405426025,0.48284176962073433,-0.026138146951836472,1327104
Firehose Moderate Bi-Maxwellian (bigbox 40 di),ion,456000,60.166666666666664,0.5090884566307068,1.9642951769487889,0.5101659297943115,0.49036553502082825,0.529819905757904,3.8674817085266113,3.8895089626312256,3.6458449363708496,4.121728897094727,0.4828676253101306,-0.026220831320576177,1327104
Firehose Moderate Bi-Maxwellian (bigbox 40 di),ion,456500,60.23263888888889,0.5092074871063232,1.9638360105086172,0.5102897882461548,0.49039506912231445,0.5300396084785461,3.867600917816162,3.8918161392211914,3.6462254524230957,4.12376070022583,0.4828835646441778,-0.026323922462145433,1327104
Firehose Moderate Bi-Maxwellian (bigbox 40 di),ion,457000,60.298611111111114,0.509333074092865,1.9633517846470605,0.510419487953186,0.4904111623764038,0.5302399396896362,3.8676490783691406,3.8945698738098145,3.647099494934082,4.12570858001709,0.4828900038564684,-0.026443070236396582,1327104
Firehose Moderate Bi-Maxwellian (bigbox 40 di),ion,457500,60.36458333333334,0.5094642043113708,1.9628464405103265,0.5105893611907959,0.490416020154953,0.5305260419845581,3.867650032043457,3.8966434001922607,3.6482601165771484,4.127479553222656,0.4828901313640034,-0.026574072947367466,1327104
Firehose Moderate Bi-Maxwellian (bigbox 40 di),ion,458000,60.43055555555555,0.5096079111099243,1.9622929279531853,0.5107449889183044,0.49049848318099976,0.5307068824768066,3.8675551414489746,3.8986926078796387,3.64911150932312,4.129434108734131,0.4828774440561169,-0.02673046705380744,1327104
Firehose Moderate Bi-Maxwellian (bigbox 40 di),ion,458500,60.49652777777778,0.5097537636756897,1.961731469698789,0.510871946811676,0.49050354957580566,0.5309795141220093,3.8674330711364746,3.9006662368774414,3.649900436401367,4.13139533996582,0.48286112177959817,-0.02689264189609153,1327104
Firehose Moderate Bi-Maxwellian (bigbox 40 di),ion,459000,60.5625,0.509913980960846,1.9611150847750252,0.511064887046814,0.49059659242630005,0.5311609506607056,3.8671915531158447,3.9026565551757812,3.6507205963134766,4.132665157318115,0.4828288248642416,-0.027085156096604335,1327104
Firehose Moderate Bi-Maxwellian (bigbox 40 di),ion,459500,60.62847222222223,0.5100751519203186,1.9604954215770445,0.5111778974533081,0.490677148103714,0.5314048528671265,3.8669331073760986,3.90451717376709,3.652177095413208,4.133548736572266,0.4827942598269829,-0.02728089209333573,1327104
Firehose Moderate Bi-Maxwellian (bigbox 40 di),ion,460000,60.69444444444444,0.5102478265762329,1.9598319638321797,0.511347234249115,0.49076664447784424,0.5316174626350403,3.866574287414551,3.906344175338745,3.652883529663086,4.134321212768555,0.4827462628844684,-0.027501563691764486,1327104
Firehose Moderate Bi-Maxwellian (bigbox 40 di),ion,460500,60.760416666666664,0.5104251503944397,1.9591511100642924,0.5114960670471191,0.49087047576904297,0.5318583250045776,3.8661696910858154,3.9076404571533203,3.6538729667663574,4.135438919067383,0.48269213205737505,-0.027733018337064652,1327104
Firehose Moderate Bi-Maxwellian (bigbox 40 di),ion,461000,60.82638888888889,0.5106082558631897,1.9584485533033291,0.5116027593612671,0.4909598231315613,0.5320630073547363,3.865701913833618,3.908914089202881,3.654496192932129,4.13625431060791,0.48262953414931076,-0.02797872171387894,1327104
Firehose Moderate Bi-Maxwellian (bigbox 40 di),ion,461500,60.892361111111114,0.5108018517494202,1.9577062936932377,0.5117899179458618,0.491148442029953,0.5322552919387817,3.865149974822998,3.910531997680664,3.6560845375061035,4.1366190910339355,0.48255565423652447,-0.0282461975128957,1327104
Firehose Moderate Bi-Maxwellian (bigbox 40 di),ion,462000,60.95833333333334,0.5110000371932983,1.9569470199896002,0.5119374990463257,0.49126607179641724,0.5324534177780151,3.8645594120025635,3.911149024963379,3.6567866802215576,4.137089252471924,0.4824765809555438,-0.02852345623775454,1327104
Firehose Moderate Bi-Maxwellian (bigbox 40 di),ion,462500,61.02430555555555,0.5112006664276123,1.9561789834669616,0.5121200680732727,0.491462767124176,0.532625675201416,3.86391282081604,3.911910057067871,3.6573214530944824,4.137256622314453,0.48238997804882944,-0.028810688378782867,1327104
Firehose Moderate Bi-Maxwellian (bigbox 40 di),ion,463000,61.09027777777778,0.5114100575447083,1.955378047903523,0.5122296810150146,0.49162906408309937,0.5328471660614014,3.863203525543213,3.913114070892334,3.6588680744171143,4.136735916137695,0.48229494336082745,-0.029115114183880797,1327104
Firehose Moderate Bi-Maxwellian (bigbox 40 di),ion,463500,61.15625,0.5116257071495056,1.9545538584670517,0.5124156475067139,0.49186447262763977,0.5330240726470947,3.862419366836548,3.913646697998047,3.6597375869750977,4.136789321899414,0.4821898374960595,-0.029435869653446134,1327104
Firehose Moderate Bi-Maxwellian (bigbox 40 di),ion,464000,61.22222222222223,0.5118438601493835,1.9537208079591817,0.5125548839569092,0.49206626415252686,0.5331816077232361,3.8616116046905518,3.9143338203430176,3.660555839538574,4.135657787322998,0.4820815232762724,-0.02976233687311114,1327104
Firehose Moderate Bi-Maxwellian (bigbox 40 di),ion,464500,61.28819444444444,0.5120683908462524,1.9528641444698118,0.5127420425415039,0.49227964878082275,0.5333591103553772,3.86074161529541,3.914560556411743,3.66178560256958,4.134923458099365,0.4819648142013857,-0.030103576644866736,1327104
Firehose Moderate Bi-Maxwellian (bigbox 40 di),ion,465000,61.354166666666664,0.5122975707054138,1.9519905171969465,0.5128663778305054,0.4925122857093811,0.5335747599601746,3.8598179817199707,3.9145874977111816,3.662763833999634,4.1337785720825195,0.4818408511821116,-0.0304567195233022,1327104
Firehose Moderate Bi-Maxwellian (bigbox 40 di),ion,465500,61.42013888888889,0.5125298500061035,1.9511058721518197,0.51302170753479,0.4927828311920166,0.5337015390396118,3.8588452339172363,3.914738416671753,3.6632142066955566,4.132609844207764,0.4817102322681813,-0.03081961773792219,1327104
Firehose Moderate Bi-Maxwellian (bigbox 40 di),ion,466000,61.486111111111114,0.512770414352417,1.950190518037025,0.5131848454475403,0.49303120374679565,0.5338785648345947,3.8578107357025146,3.9146246910095215,3.663830280303955,4.13095760345459,0.48157124933818296,-0.03119916501423403,1327104
Firehose Moderate Bi-Maxwellian (bigbox 40 di),ion,466500,61.55208333333334,0.5130082964897156,1.9492862139707077,0.5133496522903442,0.4932750463485718,0.5340445637702942,3.8567538261413574,3.9140782356262207,3.6644551753997803,4.12961483001709,0.4814291784858409,-0.031579118003874695,1327104
Firehose Moderate Bi-Maxwellian (bigbox 40 di),ion,467000,61.61805555555555,0.5132549405097961,1.9483494869172402,0.5135101079940796,0.49360811710357666,0.5341729521751404,3.8556249141693115,3.913867473602295,3.6646199226379395,4.127745151519775,0.48127734296713953,-0.03197759754265661,1327104
Firehose Moderate Bi-Maxwellian (bigbox 40 di),ion,467500,61.68402777777778,0.5135014057159424,1.9474143378551487,0.5136829614639282,0.49388986825942993,0.5343831777572632,3.854477882385254,3.9131991863250732,3.664590835571289,4.125892639160156,0.4811229792912065,-0.03237842642473587,1327104
Firehose Moderate Bi-Maxwellian (bigbox 40 di),ion,468000,61.75,0.5137516856193542,1.946465633089745,0.5138499736785889,0.49418407678604126,0.5345136523246765,3.8532798290252686,3.912276268005371,3.6645631790161133,4.123898983001709,0.4809616511796593,-0.03279003443969497,1327104
Firehose Moderate Bi-Maxwellian (bigbox 40 di),ion,468500,61.81597222222223,0.5140085816383362,1.9454928102807714,0.5140687227249146,0.4945054054260254,0.5346537828445435,3.852027177810669,3.9107720851898193,3.664133071899414,4.122103214263916,0.480792863684644,-0.03321571795369216,1327104
Firehose Moderate Bi-Maxwellian (bigbox 40 di),ion,469000,61.88194444444444,0.5142638683319092,1.944527044537754,0.5142443180084229,0.4948640465736389,0.5348604917526245,3.850752115249634,3.9098548889160156,3.663522481918335,4.120044231414795,0.4806209436126362,-0.03364292471927299,1327104
Firehose Moderate Bi-Maxwellian (bigbox 40 di),ion,469500,61.947916666666664,0.514525294303894,1.943539046710831,0.5144553184509277,0.4951363205909729,0.5350138545036316,3.849433422088623,3.9083492755889893,3.6625559329986572,4.11803674697876,0.48044302090699853,-0.03408227339689551,1327104
Firehose Moderate Bi-Maxwellian (bigbox 40 di),ion,470000,62.01388888888889,0.5147864818572998,1.942552952035758,0.5146434903144836,0.4954730272293091,0.5351940989494324,3.8480730056762695,3.9068069458007812,3.661329746246338,4.116014003753662,0.4802593409610961,-0.03452714089620368,1327104
Firehose Moderate Bi-Maxwellian (bigbox 40 di),ion,470500,62.079861111111114,0.5150519609451294,1.9415516798829042,0.51484215259552,0.495820552110672,0.5353636145591736,3.8466904163360596,3.9047160148620605,3.6594982147216797,4.114381313323975,0.48007253416952034,-0.03497942677560906,1327104
Firehose Moderate Bi-Maxwellian (bigbox 40 di),ion,471000,62.14583333333334,0.5153197050094604,1.940542910117597,0.5150808095932007,0.49617883563041687,0.5355314612388611,3.8452632427215576,3.9027109146118164,3.6573026180267334,4.112051010131836,0.4798795625278278,-0.03544014248163263,1327104
Firehose Moderate Bi-Maxwellian (bigbox 40 di),ion,471500,62.21180555555555,0.5155895352363586,1.9395273403708164,0.5153298377990723,0.4964984655380249,0.5357559323310852,3.843791961669922,3.9002346992492676,3.655405282974243,4.1106648445129395,0.4796804770019064,-0.03590905823445223,1327104
Firehose Moderate Bi-Maxwellian (bigbox 40 di),ion,472000,62.27777777777778,0.5158605575561523,1.9385083533763836,0.5155748128890991,0.49680858850479126,0.53599613904953,3.842313289642334,3.8976125717163086,3.652507781982422,4.108875751495361,0.479480237753811,-0.036380319802341354,1327104
Firehose Moderate Bi-Maxwellian (bigbox 40 di),ion,472500,62.34375,0.5161325335502625,1.9374868565664969,0.5158318281173706,0.4971204102039337,0.536234974861145,3.840791940689087,3.894808053970337,3.6491901874542236,4.10763692855835,0.4792740583492334,-0.03685847520102903,1327104
Firehose Moderate Bi-Maxwellian (bigbox 40 di),ion,473000,62.40972222222223,0.5164075493812561,1.9364550367208413,0.5160598754882812,0.49746960401535034,0.5364927649497986,3.839250087738037,3.892303466796875,3.6455931663513184,4.106071472167969,0.47906493343903633,-0.03734261594221977,1327104
Firehose Moderate Bi-Maxwellian (bigbox 40 di),ion,473500,62.47569444444444,0.5166851878166199,1.9354144914154507,0.5163248777389526,0.4978257119655609,0.5366986989974976,3.837653875350952,3.8890018463134766,3.641355037689209,4.105194091796875,0.47884825860771496,-0.03783692920890491,1327104
Firehose Moderate Bi-Maxwellian (bigbox 40 di),ion,474000,62.541666666666664,0.5169632434844971,1.9343735025718294,0.516623854637146,0.49813517928123474,0.5369831919670105,3.8360557556152344,3.8861804008483887,3.6367690563201904,4.10400390625,0.4786311442234926,-0.03833209926100445,1327104
Firehose Moderate Bi-Maxwellian (bigbox 40 di),ion,474500,62.60763888888889,0.5172410607337952,1.9333345241024147,0.516909122467041,0.49841129779815674,0.5373165011405945,3.8344264030456543,3.882730484008789,3.6315598487854004,4.103948593139648,0.4784096003481991,-0.03883146038559604,1327104
Firehose Moderate Bi-Maxwellian (bigbox 40 di),ion,475000,62.673611111111114,0.5175234079360962,1.9322797474766205,0.5172116756439209,0.49873119592666626,0.5376213788986206,3.8327624797821045,3.8795018196105957,3.6264264583587646,4.103189468383789,0.47818316147947115,-0.03934024645662504,1327104
Firehose Moderate Bi-Maxwellian (bigbox 40 di),ion,475500,62.73958333333334,0.5178040862083435,1.9312323456590883,0.5175137519836426,0.4990377426147461,0.5379324555397034,3.831085205078125,3.876009464263916,3.6212892532348633,4.10328483581543,0.4779547065805301,-0.03984937962781343,1327104
Firehose Moderate Bi-Maxwellian (bigbox 40 di),ion,476000,62.80555555555555,0.518090009689331,1.9301665372772634,0.5178034901618958,0.49936652183532715,0.538300096988678,3.829374074935913,3.8723397254943848,3.615788459777832,4.103009223937988,0.477721434139737,-0.040368575549594055,1327104
Firehose Moderate Bi-Maxwellian (bigbox 40 di),ion,476500,62.87152777777778,0.5183730721473694,1.929112551810384,0.5181549787521362,0.49957913160324097,0.5386842489242554,3.8276524543762207,3.868929624557495,3.610076904296875,4.103622913360596,0.47748652108856804,-0.040886551058801346,1327104
Firehose Moderate Bi-Maxwellian (bigbox 40 di),ion,477000,62.9375,0.5186585187911987,1.9280508538269656,0.5184899568557739,0.4998493790626526,0.5390750169754028,3.825901746749878,3.8653564453125,3.603234052658081,4.1041579246521,0.47724742233670536,-0.04141109645449337,1327104
Firehose Moderate Bi-Maxwellian (bigbox 40 di),ion,477500,63.00347222222223,0.5189473032951355,1.9269779294551617,0.5188330411911011,0.5000841021537781,0.5394864082336426,3.8241193294525146,3.861137628555298,3.597330093383789,4.105531692504883,0.4770037680057613,-0.04194353528937422,1327104
Firehose Moderate Bi-Maxwellian (bigbox 40 di),ion,478000,63.06944444444444,0.5192351341247559,1.925909735837967,0.5191878080368042,0.5003261566162109,0.5399386882781982,3.822333574295044,3.8575639724731445,3.5910606384277344,4.106466293334961,0.476759429514505,-0.04247570461025085,1327104
Firehose Moderate Bi-Maxwellian (bigbox 40 di),ion,478500,63.135416666666664,0.5195242166519165,1.9248380882887781,0.5195398330688477,0.5005538463592529,0.5403751134872437,3.8205246925354004,3.854085922241211,3.58422589302063,4.107863426208496,0.4765116938237225,-0.04301252282819401,1327104
Firehose Moderate Bi-Maxwellian (bigbox 40 di),ion,479000,63.20138888888889,0.5198156833648682,1.9237588091355868,0.5198787450790405,0.5007275342941284,0.5408579707145691,3.818685531616211,3.8507800102233887,3.577298641204834,4.108981609344482,0.4762595706189179,-0.04355611274595028,1327104
Firehose Moderate Bi-Maxwellian (bigbox 40 di),ion,479500,63.267361111111114,0.520111620426178,1.922664214232712,0.5202511548995972,0.5009042024612427,0.5413296222686768,3.8168246746063232,3.8473613262176514,3.5701355934143066,4.110434055328369,0.4760042258932722,-0.0441073945329058,1327104
Firehose Moderate Bi-Maxwellian (bigbox 40 di),ion,480000,63.33333333333334,0.5204014778137207,1.9215933133032974,0.5205967426300049,0.5010517239570618,0.541887104511261,3.8149704933166504,3.8433685302734375,3.5642642974853516,4.112137317657471,0.47574954943852144,-0.04465192837519927,1327104
Firehose Moderate Bi-Maxwellian (bigbox 40 di),ion,480500,63.39930555555555,0.5206985473632812,1.9204970036191007,0.5209915637969971,0.5012003779411316,0.5424193143844604,3.813074827194214,3.8413305282592773,3.5571532249450684,4.11374568939209,0.47548891888081146,-0.04520962848246979,1327104
Firehose Moderate Bi-Maxwellian (bigbox 40 di),ion,481000,63.46527777777778,0.5209949016571045,1.9194045792374284,0.521331787109375,0.5013409852981567,0.542923092842102,3.8111729621887207,3.8384413719177246,3.5506038665771484,4.115163326263428,0.4752271755067713,-0.0457677261503332,1327104
Firehose Moderate Bi-Maxwellian (bigbox 40 di),ion,481500,63.53125,0.5212942361831665,1.9183024299709142,0.5217456817626953,0.5014166235923767,0.543473482131958,3.809241771697998,3.8353137969970703,3.5439653396606445,4.11659574508667,0.47496112878430263,-0.04633310739886387,1327104
Firehose Moderate Bi-Maxwellian (bigbox 40 di),ion,482000,63.59722222222223,0.5215954780578613,1.9171945349746085,0.5220832824707031,0.5015113353729248,0.5440624952316284,3.8073019981384277,3.8332996368408203,3.537381649017334,4.117929458618164,0.47469362793445447,-0.04690185012340686,1327104
Firehose Moderate Bi-Maxwellian (bigbox 40 di),ion,482500,63.66319444444444,0.5218988656997681,1.9160800410232515,0.5224324464797974,0.5015697479248047,0.544639527797699,3.805342197418213,3.8304877281188965,3.5322608947753906,4.119751930236816,0.4744230883212217,-0.04747577737854636,1327104
Firehose Moderate Bi-Maxwellian (bigbox 40 di),ion,483000,63.729166666666664,0.5222049951553345,1.9149567876165972,0.5227948427200317,0.5017105937004089,0.5451903343200684,3.8033525943756104,3.8286051750183105,3.525587320327759,4.12101936340332,0.4741481494622414,-0.0480568456930931,1327104
Firehose Moderate Bi-Maxwellian (bigbox 40 di),ion,483500,63.79513888888889,0.5225123763084412,1.9138302657345976,0.5231446027755737,0.5017788410186768,0.5457863807678223,3.8013575077056885,3.8266408443450928,3.5196847915649414,4.121627330780029,0.473872163839938,-0.04864021246850314,1327104
Firehose Moderate Bi-Maxwellian (bigbox 40 di),ion,484000,63.861111111111114,0.5228200554847717,1.912703978183804,0.523472785949707,0.5018796920776367,0.5463095903396606,3.7993524074554443,3.8249869346618652,3.514375686645508,4.122459888458252,0.4735945009798478,-0.04922555450492394,1327104
Firehose Moderate Bi-Maxwellian (bigbox 40 di),ion,484500,63.92708333333334,0.5231317281723022,1.911564422776959,0.5238140821456909,0.5019465088844299,0.54692542552948,3.7973334789276123,3.8231148719787598,3.5091917514801025,4.123038291931152,0.473314626935317,-0.04981710123698524,1327104
Firehose Moderate Bi-Maxwellian (bigbox 40 di),ion,485000,63.99305555555555,0.5234442949295044,1.9104229613099069,0.5241748094558716,0.5020261406898499,0.5474086999893188,3.795300006866455,3.821765661239624,3.503937244415283,4.1238484382629395,0.47303243580702425,-0.05041185912248014,1327104
Firehose Moderate Bi-Maxwellian (bigbox 40 di),ion,485500,64.05902777777777,0.5237578749656677,1.9092791684813328,0.5245000123977661,0.5021323561668396,0.5479841828346252,3.7932543754577637,3.820065498352051,3.4991044998168945,4.123791694641113,0.4727482520181254,-0.0510096229475423,1327104
Firehose Moderate Bi-Maxwellian (bigbox 40 di),ion,486000,64.125,0.524075984954834,1.9081202510856936,0.5248417854309082,0.5022109746932983,0.5484732985496521,3.7912003993988037,3.8187975883483887,3.4942526817321777,4.123644828796387,0.47246260041617594,-0.05161338453865805,1327104
Firehose Moderate Bi-Maxwellian (bigbox 40 di),ion,486500,64.19097222222223,0.5243977904319763,1.9069493011712408,0.5251725316047668,0.5023466348648071,0.5489987134933472,3.7891085147857666,3.818162679672241,3.4899590015411377,4.122966289520264,0.4721713584618522,-0.05222643197012411,1327104
Firehose Moderate Bi-Maxwellian (bigbox 40 di),ion,487000,64.25694444444444,0.5247151851654053,1.9057958074622356,0.5254333019256592,0.5024783611297607,0.549538254737854,3.7870383262634277,3.816286087036133,3.48651123046875,4.122933864593506,0.4718828203744777,-0.052832364790927566,1327104
Firehose Moderate Bi-Maxwellian (bigbox 40 di),ion,487500,64.32291666666667,0.5250375866889954,1.904625545584696,0.5257554054260254,0.5026327967643738,0.5499558448791504,3.784971237182617,3.8148980140686035,3.4828929901123047,4.121628761291504,0.4715943993569893,-0.05344318733200604,1327104
Firehose Moderate Bi-Maxwellian (bigbox 40 di),ion,488000,64.38888888888889,0.5253576040267944,1.9034653583295194,0.5260792970657349,0.502838134765625,0.5504254698753357,3.782896041870117,3.813676357269287,3.479707956314087,4.120601654052734,0.47130453021614693,-0.0540530738106475,1327104
Firehose Moderate Bi-Maxwellian (bigbox 40 di),ion,488500,64.45486111111111,0.5256829857826233,1.9022871712525102,0.526329517364502,0.5030332207679749,0.5508738160133362,3.780799150466919,3.8121089935302734,3.4768099784851074,4.119290828704834,0.47101130729120977,-0.05467167849141352,1327104
Firehose Moderate Bi-Maxwellian (bigbox 40 di),ion,489000,64.52083333333334,0.5260090231895447,1.9011080721321678,0.5266799926757812,0.5032627582550049,0.5512692928314209,3.7787234783172607,3.8106226921081543,3.4739789962768555,4.117852210998535,0.4707207310944491,-0.05528829209509556,1327104
Firehose Moderate Bi-Maxwellian (bigbox 40 di),ion,489500,64.58680555555556,0.5263327956199646,1.8999386097955484,0.5269721746444702,0.5034440755844116,0.5516910552978516,3.776637554168701,3.80930233001709,3.471818447113037,4.116392612457275,0.47042839792969426,-0.055904397690270335,1327104
Firehose Moderate Bi-Maxwellian (bigbox 40 di),ion,490000,64.65277777777777,0.5266587734222412,1.8987626342991997,0.5272907614707947,0.5037177205085754,0.5520159006118774,3.7745583057403564,3.807150363922119,3.469250202178955,4.114688396453857,0.4701366787848009,-0.05652209463744029,1327104
Firehose Moderate Bi-Maxwellian (bigbox 40 di),ion,490500,64.71875,0.526985764503479,1.8975844650038898,0.5275889039039612,0.5039555430412292,0.552412748336792,3.772473096847534,3.805047035217285,3.467754364013672,4.112452983856201,0.46984380043126106,-0.05714196407221794,1327104
Firehose Moderate Bi-Maxwellian (bigbox 40 di),ion,491000,64.78472222222223,0.5273109078407288,1.8964144020742395,0.5278999209403992,0.5042822957038879,0.5527375936508179,3.7704079151153564,3.803210735321045,3.4658102989196777,4.11035680770874,0.4695534156975135,-0.05775749214321524,1327104
Firehose Moderate Bi-Maxwellian (bigbox 40 di),ion,491500,64.85069444444444,0.5276366472244263,1.8952436402217103,0.5282281637191772,0.5045449137687683,0.553076982498169,3.768329620361328,3.8008017539978027,3.465122699737549,4.108128070831299,0.4692608658240919,-0.05837578140033439,1327104
Firehose Moderate Bi-Maxwellian (bigbox 40 di),ion,492000,64.91666666666667,0.5279580950737,1.8940897191100095,0.5285399556159973,0.5049073696136475,0.5533143281936646,3.766296863555908,3.798971176147461,3.4641661643981934,4.104800224304199,0.4689744137397279,-0.05898368133397203,1327104
Firehose Moderate Bi-Maxwellian (bigbox 40 di),ion,492500,64.98263888888889,0.528279185295105,1.8929384837325824,0.5288585424423218,0.5052337646484375,0.5536274909973145,3.764268636703491,3.796367645263672,3.463762044906616,4.1021318435668945,0.4686882916646795,-0.05959089363042547,1327104
Firehose Moderate Bi-Maxwellian (bigbox 40 di),ion,493000,65.04861111111111,0.5286027789115906,1.8917796876872854,0.5291872024536133,0.5055769681930542,0.5539025664329529,3.7622294425964355,3.793895721435547,3.4628419876098633,4.099846363067627,0.46840031143349525,-0.06020246747809532,1327104
Firehose Moderate Bi-Maxwellian (bigbox 40 di),ion,493500,65.11458333333334,0.5289220213890076,1.8906378625981382,0.5295251607894897,0.5059666633605957,0.5541475415229797,3.7602241039276123,3.791301727294922,3.462055206298828,4.097170352935791,0.46811680774266373,-0.060805213646343836,1327104
Firehose Moderate Bi-Maxwellian (bigbox 40 di),ion,494000,65.18055555555556,0.5292401909828186,1.8895012454420044,0.5298060178756714,0.5063361525535583,0.5543884038925171,3.7582364082336426,3.788973331451416,3.461301565170288,4.093986511230469,0.4678354997523978,-0.061404691230420805,1327104
Firehose Moderate Bi-Maxwellian (bigbox 40 di),ion,494500,65.24652777777777,0.5295558571815491,1.888374921056094,0.5301307439804077,0.5067430734634399,0.5546103715896606,3.756260871887207,3.786780834197998,3.4613542556762695,4.090941429138184,0.4675556176173762,-0.06200023956417289,1327104
Firehose Moderate Bi-Maxwellian (bigbox 40 di),ion,495000,65.3125,0.529872477054596,1.887246541957989,0.5304908156394958,0.5071256160736084,0.5548447370529175,3.7542924880981445,3.7841556072235107,3.4611620903015137,4.088075637817383,0.4672764558594199,-0.06259602119517604,1327104
Firehose Moderate Bi-Maxwellian (bigbox 40 di),ion,495500,65.37847222222223,0.5301826000213623,1.8861426232390646,0.530819296836853,0.5075606107711792,0.5549883246421814,3.7523679733276367,3.781571865081787,3.461071252822876,4.084959506988525,0.46700323256773235,-0.06317936745362995,1327104
Firehose Moderate Bi-Maxwellian (bigbox 40 di),ion,496000,65.44444444444444,0.5304943919181824,1.8850340648921111,0.5311415195465088,0.5079322457313538,0.5552073121070862,3.7504467964172363,3.7790842056274414,3.4614744186401367,4.08205509185791,0.4667302034758686,-0.0637641884423138,1327104
Firehose Moderate Bi-Maxwellian (bigbox 40 di),ion,496500,65.51041666666667,0.5308051109313965,1.8839306167292054,0.5314580202102661,0.5083461403846741,0.555353045463562,3.7485456466674805,3.7764892578125,3.461693286895752,4.078983306884766,0.4664597450539162,-0.0643453658774803,1327104
Firehose Moderate Bi-Maxwellian (bigbox 40 di),ion,497000,65.57638888888889,0.5311123728752136,1.8828407152076514,0.531779408454895,0.5087892413139343,0.555553674697876,3.7466633319854736,3.7740678787231445,3.4617674350738525,4.075392246246338,0.4661916957080481,-0.06492067716716554,1327104
Firehose Moderate Bi-Maxwellian (bigbox 40 di),ion,497500,65.64236111111111,0.5314159989356995,1.8817649487459231,0.532099723815918,0.5091471076011658,0.5557230710983276,3.7448134422302246,3.771383762359619,3.4620018005371094,4.073033809661865,0.46592800126008427,-0.0654879976756152,1327104
Firehose Moderate Bi-Maxwellian (bigbox 40 di),ion,498000,65.70833333333334,0.5317186117172241,1.8806939948376584,0.532457709312439,0.5096032619476318,0.5558648705482483,3.742980480194092,3.769552707672119,3.461986541748047,4.069131374359131,0.46566646270720324,-0.06605214901002088,1327104
Firehose Moderate Bi-Maxwellian (bigbox 40 di),ion,498500,65.77430555555556,0.532021701335907,1.8796225745848318,0.5327558517456055,0.5100061893463135,0.5560824871063232,3.7411584854125977,3.7668542861938477,3.46232271194458,4.065915107727051,0.46540623504769063,-0.06661546628821635,1327104
Firehose Moderate Bi-Maxwellian (bigbox 40 di),ion,499000,65.84027777777777,0.5323165655136108,1.878581402093208,0.5330853462219238,0.5104306936264038,0.5561705231666565,3.7393956184387207,3.7650392055511475,3.4630067348480225,4.062432289123535,0.46515421098047827,-0.06716235453313257,1327104
Firehose Moderate Bi-Maxwellian (bigbox 40 di),ion,499500,65.90625,0.5326168537139893,1.8775222620668168,0.5334212779998779,0.5108445882797241,0.5563628673553467,3.737607479095459,3.7633066177368164,3.4620914459228516,4.058798789978027,0.46489833103501244,-0.06771852267897682,1327104
Firehose Moderate Bi-Maxwellian (bigbox 40 di),ion,500000,65.97222222222223,0.5329126715660095,1.8764800564066424,0.5337414741516113,0.5112265348434448,0.5565509796142578,3.735860586166382,3.7616047859191895,3.4629926681518555,4.055145263671875,0.46464811684733276,-0.06826455471867676,1327104
Firehose Moderate Bi-Maxwellian (bigbox 40 di),ion,500500,66.03819444444444,0.5332058668136597,1.875448231610459,0.5340586304664612,0.5115965008735657,0.556698739528656,3.734137773513794,3.760364294052124,3.4628970623016357,4.0521721839904785,0.4644011224797375,-0.06880474433392214,1327104
Firehose Moderate Bi-Maxwellian (bigbox 40 di),ion,501000,66.10416666666667,0.5334976315498352,1.8744225669661436,0.5343488454818726,0.5120033025741577,0.5568324327468872,3.7324390411376953,3.7587122917175293,3.4627461433410645,4.049214839935303,0.46415735717136475,-0.06934027437847046,1327104
Firehose Moderate Bi-Maxwellian (bigbox 40 di),ion,501500,66.17013888888889,0.5337868332862854,1.8734070187596232,0.5346475839614868,0.5123907327651978,0.5570724010467529,3.7307565212249756,3.7575955390930176,3.462601900100708,4.046305179595947,0.46391569950447753,-0.06987113378180787,1327104
Firehose Moderate Bi-Maxwellian (bigbox 40 di),ion,502000,66.23611111111111,0.534076452255249,1.8723911076350432,0.5349377393722534,0.5127655863761902,0.5572118163108826,3.7290916442871094,3.7564749717712402,3.4628028869628906,4.042642593383789,0.46367636122218714,-0.07040009103306188,1327104
Firehose Moderate Bi-Maxwellian (bigbox 40 di),ion,502500,66.30208333333334,0.5343651175498962,1.8713796375502096,0.5351953506469727,0.5131427645683289,0.5573961138725281,3.7274487018585205,3.7552266120910645,3.463122844696045,4.039708614349365,0.46343996659087694,-0.0709251509590193,1327104
Firehose Moderate Bi-Maxwellian (bigbox 40 di),ion,503000,66.36805555555556,0.5346465706825256,1.8703944901833145,0.535466194152832,0.513455331325531,0.5575850009918213,3.7258636951446533,3.7550277709960938,3.4628381729125977,4.03698205947876,0.46321171045352705,-0.07143486022899859,1327104
Firehose Moderate Bi-Maxwellian (bigbox 40 di),ion,503500,66.43402777777777,0.5349298119544983,1.869404130508735,0.5357012748718262,0.5138281583786011,0.5577699542045593,3.7242720127105713,3.754377841949463,3.4627251625061035,4.034093379974365,0.4629822974331096,-0.0719475145213887,1327104
Firehose Moderate Bi-Maxwellian (bigbox 40 di),ion,504000,66.5,0.5352135896682739,1.8684129463525043,0.5359483957290649,0.5141490697860718,0.5579385757446289,3.7226974964141846,3.753983497619629,3.4629223346710205,4.031176567077637,0.4627551655952543,-0.07245842407301961,1327104
Firehose Moderate Bi-Maxwellian (bigbox 40 di),ion,504500,66.56597222222223,0.5354917049407959,1.8674425593773862,0.5361768007278442,0.5144234895706177,0.5581591129302979,3.721155881881714,3.752946376800537,3.4625000953674316,4.028860092163086,0.4625325937733519,-0.07295911116744402,1327104
Firehose Moderate Bi-Maxwellian (bigbox 40 di),ion,505000,66.63194444444444,0.535768449306488,1.8664779557184168,0.5364587306976318,0.5147555470466614,0.5583133101463318,3.719649314880371,3.752351999282837,3.462096929550171,4.026254177093506,0.46231490371980866,-0.07345354558667938,1327104
Firehose Moderate Bi-Maxwellian (bigbox 40 di),ion,505500,66.69791666666667,0.5360438227653503,1.86551911901752,0.5366511344909668,0.5150412917137146,0.5585654973983765,3.7181620597839355,3.7521414756774902,3.4622843265533447,4.023740768432617,0.4620998310879916,-0.07394399167735877,1327104
Firehose Moderate Bi-Maxwellian (bigbox 40 di),ion,506000,66.76388888888889,0.5363184213638306,1.8645639608221003,0.5368896126747131,0.5153092741966248,0.5587598085403442,3.7166876792907715,3.7519235610961914,3.4624133110046387,4.021557807922363,0.46188645036172493,-0.07443197100210563,1327104
Firehose Moderate Bi-Maxwellian (bigbox 40 di),ion,506500,66.82986111111111,0.5365899205207825,1.8636205447718046,0.5370508432388306,0.5155986547470093,0.5589815378189087,3.7152421474456787,3.751640796661377,3.4622116088867188,4.0192341804504395,0.46167708035530075,-0.07491284016548172,1327104
Firehose Moderate Bi-Maxwellian (bigbox 40 di),ion,507000,66.89583333333334,0.5368561148643494,1.8626964885231418,0.5372936129570007,0.5158462524414062,0.5591715574264526,3.713848114013672,3.7518463134765625,3.462301254272461,4.017766952514648,0.4614750149707826,-0.07538109989356678,1327104
Firehose Moderate Bi-Maxwellian (bigbox 40 di),ion,507500,66.96180555555556,0.5371227860450745,1.8617716953755927,0.537450909614563,0.5160976052284241,0.5593820214271545,3.712458372116089,3.7518081665039062,3.46193528175354,4.0157270431518555,0.46127342059326404,-0.07584936545181042,1327104
Firehose Moderate Bi-Maxwellian (bigbox 40 di),ion,508000,67.02777777777777,0.5373852252960205,1.8608624743062978,0.5376259088516235,0.5163342952728271,0.5595881342887878,3.711104393005371,3.7522425651550293,3.4617855548858643,4.014338970184326,0.4610768687160708,-0.07630835657994972,1327104
Firehose Moderate Bi-Maxwellian (bigbox 40 di),ion,508500,67.09375,0.5376423597335815,1.85997249267251,0.53777015209198,0.5165996551513672,0.5598004460334778,3.709787607192993,3.751749277114868,3.4618418216705322,4.0128560066223145,0.46088557842983957,-0.07675678130374197,1327104
Firehose Moderate Bi-Maxwellian (bigbox 40 di),ion,509000,67.15972222222223,0.5378965735435486,1.8590934562237718,0.5379141569137573,0.516777515411377,0.5600581169128418,3.708493947982788,3.751992702484131,3.4610800743103027,4.011152744293213,0.4606975154731242,-0.07719905807042438,1327104
Firehose Moderate Bi-Maxwellian (bigbox 40 di),ion,509500,67.22569444444444,0.5381453037261963,1.8582341852207103,0.5380882620811462,0.5169385671615601,0.5602671504020691,3.7072577476501465,3.752133369445801,3.460556745529175,4.010150909423828,0.4605176828431461,-0.0776276208830502,1327104
Firehose Moderate Bi-Maxwellian (bigbox 40 di),ion,510000,67.29166666666667,0.5383903384208679,1.8573884571054184,0.5382285118103027,0.5171070098876953,0.5605003833770752,3.7060530185699463,3.7518653869628906,3.4605140686035156,4.0093302726745605,0.4603423129732398,-0.07804802544762812,1327104
Firehose Moderate Bi-Maxwellian (bigbox 40 di),ion,510500,67.35763888888889,0.538630485534668,1.8565603449039032,0.5383500456809998,0.5173088908195496,0.560724675655365,3.704883098602295,3.7521352767944336,3.4602925777435303,4.0078325271606445,0.4601719010366291,-0.07845858449803889,1327104
Firehose Moderate Bi-Maxwellian (bigbox 40 di),ion,511000,67.42361111111111,0.538867712020874,1.8557430287477739,0.5384558439254761,0.5174925923347473,0.560984194278717,3.703730583190918,3.751929998397827,3.46006441116333,4.007098197937012,0.46000391900079385,-0.07886379302008018,1327104
Firehose Moderate Bi-Maxwellian (bigbox 40 di),ion,511500,67.48958333333334,0.539099931716919,1.8549436591750477,0.5385955572128296,0.517703652381897,0.5611765384674072,3.702629566192627,3.7518930435180664,3.4594006538391113,4.00641393661499,0.45984334531834414,-0.0792565863985748,1327104
Firehose Moderate Bi-Maxwellian (bigbox 40 di),ion,512000,67.55555555555556,0.5393258333206177,1.8541666989007763,0.5387215614318848,0.5178438425064087,0.5613916516304016,3.701573133468628,3.7518954277038574,3.4589881896972656,4.005649566650391,0.4596891840616255,-0.07963664925899216,1327104
Firehose Moderate Bi-Maxwellian (bigbox 40 di),ion,512500,67.62152777777777,0.539545476436615,1.8534118877326526,0.5387800931930542,0.5179886221885681,0.5616150498390198,3.7005581855773926,3.752166748046875,3.4586427211761475,4.004689693450928,0.4595409936277105,-0.08000448280890449,1327104
Firehose Moderate Bi-Maxwellian (bigbox 40 di),ion,513000,67.6875,0.5397626161575317,1.8526662834095688,0.5388911366462708,0.5181654691696167,0.5618563890457153,3.6995737552642822,3.75191593170166,3.4585046768188477,4.003732681274414,0.4593971813228175,-0.08036543483471426,1327104
Firehose Moderate Bi-Maxwellian (bigbox 40 di),ion,513500,67.75347222222223,0.5399730205535889,1.8519443785817007,0.5389919281005859,0.5182779431343079,0.5620882511138916,3.698631763458252,3.7515954971313477,3.4574010372161865,4.003722190856934,0.45925949704980007,-0.0807135235037888,1327104
Firehose Moderate Bi-Maxwellian (bigbox 40 di),ion,514000,67.81944444444444,0.5401754975318909,1.8512502039968262,0.539074182510376,0.5184459090232849,0.5622736811637878,3.6977548599243164,3.751613140106201,3.4574549198150635,4.003117084503174,0.45913126322253417,-0.0810442343093567,1327104
Firehose Moderate Bi-Maxwellian (bigbox 40 di),ion,514500,67.88541666666667,0.5403779149055481,1.8505567537392578,0.5391442775726318,0.518622875213623,0.5624724626541138,3.6968812942504883,3.7509984970092773,3.4570271968841553,4.002586364746094,0.4590034570191729,-0.0813744578863752,1327104
Firehose Moderate Bi-Maxwellian (bigbox 40 di),ion,515000,67.95138888888889,0.5405747294425964,1.849882995883162,0.5392874479293823,0.5187700390815735,0.5626976490020752,3.6960599422454834,3.7507548332214355,3.456671714782715,4.002286434173584,0.45888323478191984,-0.0816914946606766,1327104
Firehose Moderate Bi-Maxwellian (bigbox 40 di),ion,515500,68.01736111111111,0.5407637357711792,1.8492364296098875,0.5393922328948975,0.5189476013183594,0.5628747344017029,3.6952831745147705,3.750192165374756,3.4568214416503906,4.001443386077881,0.45876948922524163,-0.08199424654593757,1327104
Firehose Moderate Bi-Maxwellian (bigbox 40 di),ion,516000,68.08333333333334,0.5409485697746277,1.8486045732898866,0.5394649505615234,0.5190849304199219,0.5630709528923035,3.694554567337036,3.7502360343933105,3.4558472633361816,4.000784397125244,0.4586627525597594,-0.08228581721486827,1327104
Firehose Moderate Bi-Maxwellian (bigbox 40 di),ion,516500,68.14930555555556,0.5411349534988403,1.8479678563254056,0.5395398139953613,0.519285261631012,0.5632407069206238,3.6938316822052,3.749558448791504,3.4557557106018066,4.000373840332031,0.45855681252752445,-0.08257814097131588,1327104
Firehose Moderate Bi-Maxwellian (bigbox 40 di),ion,517000,68.21527777777777,0.5413110256195068,1.8473667682189618,0.5396648645401001,0.5194253325462341,0.5634188055992126,3.6931729316711426,3.749049663543701,3.4554173946380615,3.9996683597564697,0.4584602354119903,-0.08285079020751651,1327104
Firehose Moderate Bi-Maxwellian (bigbox 40 di),ion,517500,68.28125,0.5414865612983704,1.8467679005776456,0.539791464805603,0.5196149349212646,0.5635400414466858,3.6925320625305176,3.748182773590088,3.455167770385742,3.9990131855010986,0.4583662467565992,-0.08312031454177116,1327104
Firehose Moderate Bi-Maxwellian (bigbox 40 di),ion,518000,68.34722222222223,0.5416548252105713,1.8461942060817875,0.5398968458175659,0.5197952389717102,0.5636910200119019,3.691950559616089,3.747570037841797,3.4547812938690186,3.9983279705047607,0.45828093640344636,-0.08337388880712493,1327104
Firehose Moderate Bi-Maxwellian (bigbox 40 di),ion,518500,68.41319444444444,0.5418215394020081,1.8456261467635073,0.5400375723838806,0.5199304223060608,0.5638555288314819,3.691380023956299,3.7469124794006348,3.4542102813720703,3.9975593090057373,0.45819720889737425,-0.0836243305046338,1327104
Firehose Moderate Bi-Maxwellian (bigbox 40 di),ion,519000,68.47916666666667,0.5419822931289673,1.8450787279909258,0.5401995182037354,0.520158052444458,0.5639564990997314,3.69085693359375,3.7461862564086914,3.454019546508789,3.9963908195495605,0.45812042135899855,-0.08386187176996873,1327104
Firehose Moderate Bi-Maxwellian (bigbox 40 di),ion,519500,68.54513888888889,0.5421429872512817,1.8445318366471886,0.5403212904930115,0.5202988982200623,0.5641290545463562,3.690355062484741,3.7453672885894775,3.4530715942382812,3.9957566261291504,0.45804672825888293,-0.08409625899239881,1327104
Firehose Moderate Bi-Maxwellian (bigbox 40 di),ion,520000,68.61111111111111,0.5422969460487366,1.8440081716966361,0.5404642820358276,0.5205065011978149,0.5642135143280029,3.6899020671844482,3.744478702545166,3.4528698921203613,3.9948034286499023,0.45798019470850493,-0.08431675134023164,1327104
Firehose Moderate Bi-Maxwellian (bigbox 40 di),ion,520500,68.67708333333334,0.5424500703811646,1.843487639880529,0.5406121015548706,0.5207040309906006,0.5643094778060913,3.68947434425354,3.743685245513916,3.4524312019348145,3.9939727783203125,0.45791735803365696,-0.08453271234750759,1327104
Firehose Moderate Bi-Maxwellian (bigbox 40 di),ion,521000,68.74305555555556,0.542599081993103,1.8429813709355134,0.5408352613449097,0.5209006071090698,0.5644128918647766,3.689079523086548,3.7428908348083496,3.4524357318878174,3.9927024841308594,0.4578593420163909,-0.08473973997671214,1327104
Firehose Moderate Bi-Maxwellian (bigbox 40 di),ion,521500,68.80902777777777,0.5427443981170654,1.8424879251988306,0.540930986404419,0.5210983753204346,0.5645263195037842,3.688720703125,3.7424798011779785,3.4512956142425537,3.991987466812134,0.45780660533456885,-0.08493779278249658,1327104
Firehose Moderate Bi-Maxwellian (bigbox 40 di),ion,522000,68.875,0.5428906679153442,1.8419915078664333,0.5410906076431274,0.5212968587875366,0.5646016597747803,3.6883745193481445,3.7410781383514404,3.450958728790283,3.9908504486083984,0.457755716099713,-0.08513495181563124,1327104
Firehose Moderate Bi-Maxwellian (bigbox 40 di),ion,522500,68.94097222222223,0.5430306792259216,1.8415165813936667,0.5412707328796387,0.5215107798576355,0.5646253824234009,3.688072443008423,3.7405080795288086,3.4503300189971924,3.9899725914001465,0.45771130288087125,-0.08531937634505038,1327104
Firehose Moderate Bi-Maxwellian (bigbox 40 di),ion,523000,69.00694444444444,0.5431697368621826,1.8410451321843948,0.5414351224899292,0.5217159390449524,0.564704418182373,3.6877925395965576,3.7398712635040283,3.449618101119995,3.988321304321289,0.45767014317491983,-0.08549959368726279,1327104
Firehose Moderate Bi-Maxwellian (bigbox 40 di),ion,523500,69.07291666666667,0.5433065891265869,1.840581395501917,0.5416061878204346,0.5219327211380005,0.5647832155227661,3.687537670135498,3.738762378692627,3.449526786804199,3.987792491912842,0.45763265926812613,-0.08567392985846078,1327104
Firehose Moderate Bi-Maxwellian (bigbox 40 di),ion,524000,69.13888888888889,0.5434387922286987,1.8401336347353794,0.5417492389678955,0.5220593810081482,0.5648636221885681,3.687321662902832,3.738142251968384,3.4494082927703857,3.9872422218322754,0.4576008868112942,-0.08583790541740455,1327104
Firehose Moderate Bi-Maxwellian (bigbox 40 di),ion,524500,69.20486111111111,0.5435702800750732,1.8396885125174405,0.5418905019760132,0.5222837924957275,0.5649586319923401,3.6871337890625,3.737208843231201,3.448498010635376,3.9857358932495117,0.4575732494620096,-0.08599703061306363,1327104
Firehose Moderate Bi-Maxwellian (bigbox 40 di),ion,525000,69.27083333333334,0.5437014698982239,1.8392446137531893,0.5420857071876526,0.5225104093551636,0.5649749040603638,3.6869542598724365,3.73704195022583,3.4486382007598877,3.985440492630005,0.45754683702824206,-0.08615463286998182,1327104
Firehose Moderate Bi-Maxwellian (bigbox 40 di),ion,525500,69.33680555555556,0.5438284277915955,1.8388152382192449,0.5422236919403076,0.5226459503173828,0.5650668740272522,3.6868045330047607,3.7359652519226074,3.4471235275268555,3.9843881130218506,0.4575248071613952,-0.08630362063020025,1327104
Firehose Moderate Bi-Maxwellian (bigbox 40 di),ion,526000,69.40277777777777,0.5439561605453491,1.8383834443522786,0.5423932671546936,0.5228551626205444,0.5651620626449585,3.6866796016693115,3.734912872314453,3.446652889251709,3.984668016433716,0.45750642418331955,-0.08644973636202957,1327104
Firehose Moderate Bi-Maxwellian (bigbox 40 di),ion,526500,69.46875,0.5440765023231506,1.8379768207781497,0.5425736904144287,0.5230122804641724,0.565211832523346,3.6865968704223633,3.7345728874206543,3.4461705684661865,3.9839015007019043,0.45749425003692756,-0.08658225228622307,1327104
Firehose Moderate Bi-Maxwellian (bigbox 40 di),ion,527000,69.53472222222223,0.5441974401473999,1.8375683643957286,0.5427544116973877,0.5231964588165283,0.5652550458908081,3.686525821685791,3.733797073364258,3.446061372756958,3.9833502769470215,0.4574837945701866,-0.08671364557721328,1327104
Firehose Moderate Bi-Maxwellian (bigbox 40 di),ion,527500,69.60069444444444,0.5443190932273865,1.8371576754193615,0.5429011583328247,0.5233712196350098,0.5653723478317261,3.686457872390747,3.733185052871704,3.4453070163726807,3.9831600189208984,0.45747379483738493,-0.08684529839000155,1327104
Firehose Moderate Bi-Maxwellian (bigbox 40 di),ion,528000,69.66666666666667,0.5444366931915283,1.8367608438327803,0.543045163154602,0.5235596299171448,0.5654087662696838,3.686432361602783,3.732929229736328,3.4447507858276367,3.982990026473999,0.45747004045655615,-0.08696665273497217,1327104
Firehose Moderate Bi-Maxwellian (bigbox 40 di),ion,528500,69.73263888888889,0.544553816318512,1.836365791650417,0.5432209968566895,0.5236937999725342,0.5654602646827698,3.6864218711853027,3.7319414615631104,3.4446022510528564,3.9826626777648926,0.45746849658394195,-0.08708531973457001,1327104
Firehose Moderate Bi-Maxwellian (bigbox 40 di),ion,529000,69.79861111111111,0.5446699261665344,1.8359743249239855,0.5433828830718994,0.5238493084907532,0.5655618906021118,3.6864237785339355,3.73142671585083,3.443877696990967,3.982213020324707,0.4574687772887073,-0.08720114887782715,1327104
Firehose Moderate Bi-Maxwellian (bigbox 40 di),ion,529500,69.86458333333334,0.5447826385498047,1.8355944724339426,0.5435052514076233,0.523979127407074,0.5656440258026123,3.6864514350891113,3.730595111846924,3.44398832321167,3.982084274291992,0.4574728474751615,-0.0873097910746432,1327104
Firehose Moderate Bi-Maxwellian (bigbox 40 di),ion,530000,69.93055555555556,0.5448966026306152,1.8352105613657108,0.5436702370643616,0.5241122245788574,0.5656967759132385,3.6864941120147705,3.730693817138672,3.443571090698242,3.9820451736450195,0.4574791280740864,-0.08741747455652882,1327104
Firehose Moderate Bi-Maxwellian (bigbox 40 di),ion,530500,69.99652777777777,0.5450053811073303,1.8348442688184496,0.543806254863739,0.5242601037025452,0.5658040642738342,3.686570882797241,3.7303504943847656,3.442885637283325,3.9824671745300293,0.4574904257686564,-0.08751495533867393,1327104
Firehose Moderate Bi-Maxwellian (bigbox 40 di),ion,531000,70.0625,0.5451135635375977,1.8344801283430692,0.5439145565032959,0.5244427919387817,0.5658334493637085,3.686659336090088,3.729597568511963,3.4436912536621094,3.9819626808166504,0.4575034420942419,-0.08761012144335578,1327104
Firehose Moderate Bi-Maxwellian (bigbox 40 di),ion,531500,70.12847222222223,0.5452188849449158,1.834125756852739,0.5440449118614197,0.5245972275733948,0.5658687353134155,3.68677020072937,3.729421854019165,3.4436402320861816,3.982081651687622,0.45751975547477,-0.0876991294701458,1327104
Firehose Moderate Bi-Maxwellian (bigbox 40 di),ion,532000,70.19444444444444,0.5453242659568787,1.833771321812176,0.5442169904708862,0.5246366858482361,0.5659648776054382,3.6868815422058105,3.7291195392608643,3.4436397552490234,3.981858491897583,0.45753613803294924,-0.08778812792392943,1327104
Firehose Moderate Bi-Maxwellian (bigbox 40 di),ion,532500,70.26041666666667,0.5454262495040894,1.8334284441007682,0.5443059206008911,0.5248154997825623,0.5660053491592407,3.687028408050537,3.729027509689331,3.44351863861084,3.9823310375213623,0.4575577460610153,-0.08786850344307406,1327104
Firehose Moderate Bi-Maxwellian (bigbox 40 di),ion,533000,70.32638888888889,0.5455268621444702,1.833090301124664,0.5444374084472656,0.5249502658843994,0.5660223364830017,3.6871867179870605,3.72895884513855,3.443598747253418,3.9824297428131104,0.4575810359037482,-0.087945826240722,1327104
Firehose Moderate Bi-Maxwellian (bigbox 40 di),ion,533500,70.39236111111111,0.5456264019012451,1.8327558866570273,0.5445233583450317,0.5250492691993713,0.5660751461982727,3.6873619556427,3.7286856174468994,3.4440271854400635,3.9827468395233154,0.4576068137440541,-0.08801958815719102,1327104
Firehose Moderate Bi-Maxwellian (bigbox 40 di),ion,534000,70.45833333333334,0.5457209348678589,1.8324384059815122,0.5446611642837524,0.5251737833023071,0.5661405920982361,3.6875693798065186,3.728285789489746,3.4439871311187744,3.9826228618621826,0.45763732312341276,-0.08808361174444612,1327104
Firehose Moderate Bi-Maxwellian (bigbox 40 di),ion,534500,70.52430555555556,0.5458129644393921,1.832129438382077,0.5447281002998352,0.5252790451049805,0.5662281513214111,3.6877877712249756,3.72804594039917,3.4452145099639893,3.9829061031341553,0.45766944193329806,-0.08814352250609403,1327104
Firehose Moderate Bi-Maxwellian (bigbox 40 di),ion,535000,70.59027777777779,0.5459045171737671,1.8318221750154333,0.5448331832885742,0.5254045724868774,0.5662569999694824,3.6880264282226562,3.7282190322875977,3.4454314708709717,3.982722520828247,0.45770453685066315,-0.08819998032310394,1327104
Firehose Moderate Bi-Maxwellian (bigbox 40 di),ion,535500,70.65625,0.5459927320480347,1.8315262114368644,0.5448906421661377,0.5255155563354492,0.5662461519241333,3.6882822513580322,3.7280845642089844,3.44644832611084,3.982947826385498,0.4577421510342392,-0.08825058101379546,1327104
Firehose Moderate Bi-Maxwellian (bigbox 40 di),ion,536000,70.72222222222223,0.5460807085037231,1.831231142993549,0.544991135597229,0.5256263017654419,0.5663014054298401,3.688551187515259,3.7284741401672363,3.447258949279785,3.982597589492798,0.45778168762590166,-0.08829902087782149,1327104
Firehose Moderate Bi-Maxwellian (bigbox 40 di),ion,536500,70.78819444444444,0.5461624264717102,1.8309571503483815,0.5450506210327148,0.5257284045219421,0.5663357973098755,3.688843011856079,3.728332996368408,3.448245048522949,3.9830284118652344,0.45782458251220626,-0.08833784395950395,1327104
Firehose Moderate Bi-Maxwellian (bigbox 40 di),ion,537000,70.85416666666667,0.5462436676025391,1.83068483775564,0.5451048612594604,0.5258557200431824,0.566327691078186,3.6891558170318604,3.7285733222961426,3.449604034423828,3.982424259185791,0.4578705538089427,-0.08837311379359636,1327104
Firehose Moderate Bi-Maxwellian (bigbox 40 di),ion,537500,70.92013888888889,0.5463207364082336,1.8304265852591732,0.5451914072036743,0.525978147983551,0.5663439035415649,3.689493179321289,3.7286911010742188,3.4511914253234863,3.981940984725952,0.45792012539567417,-0.08840061101255947,1327104
Firehose Moderate Bi-Maxwellian (bigbox 40 di),ion,538000,70.98611111111111,0.5463948845863342,1.8301781883574588,0.5452537536621094,0.5260618329048157,0.5663447976112366,3.6898458003997803,3.7292118072509766,3.452495574951172,3.9817657470703125,0.4579719294005977,-0.08842295518573651,1327104
Firehose Moderate Bi-Maxwellian (bigbox 40 di),ion,538500,71.05208333333334,0.5464668273925781,1.829937243897161,0.545307993888855,0.5262105464935303,0.5663143992424011,3.6902103424072266,3.729529619216919,3.453702688217163,3.982006072998047,0.4580254743160943,-0.08844135307648382,1327104
Firehose Moderate Bi-Maxwellian (bigbox 40 di),ion,539000,71.11805555555556,0.5465385913848877,1.829696961501063,0.5453343391418457,0.5263100862503052,0.5663244724273682,3.6905832290649414,3.7294392585754395,3.4555294513702393,3.9817826747894287,0.4580802339724698,-0.08845835741241792,1327104
Firehose Moderate Bi-Maxwellian (bigbox 40 di),ion,539500,71.18402777777779,0.5466039776802063,1.8294780880373607,0.545411229133606,0.5264158844947815,0.5663058757781982,3.690986394882202,3.7299299240112305,3.4569132328033447,3.9811208248138428,0.4581394277765063,-0.08846454990370001,1327104
Firehose Moderate Bi-Maxwellian (bigbox 40 di),ion,540000,71.25,0.5466679334640503,1.8292640537068587,0.5454288721084595,0.5265114903450012,0.5663043856620789,3.691401720046997,3.7301621437072754,3.458785057067871,3.9813380241394043,0.45820039332523876,-0.08846754013881153,1327104
Firehose Moderate Bi-Maxwellian (bigbox 40 di),ion,540500,71.31597222222223,0.5467309951782227,1.8290530604982826,0.5454895496368408,0.5265856385231018,0.5662623643875122,3.691835641860962,3.7306323051452637,3.460463762283325,3.9806134700775146,0.4582640740225775,-0.08846692115564514,1327104
Firehose Moderate Bi-Maxwellian (bigbox 40 di),ion,541000,71.38194444444444,0.5467908978462219,1.8288526819647928,0.5455563068389893,0.5267019271850586,0.5662661194801331,3.6922829151153564,3.7309553623199463,3.4618654251098633,3.9802560806274414,0.45832969846041316,-0.08846119938580876,1327104
Firehose Moderate Bi-Maxwellian (bigbox 40 di),ion,541500,71.44791666666667,0.5468517541885376,1.8286491582785174,0.5455753803253174,0.5268203616142273,0.5662635564804077,3.6927273273468018,3.7319750785827637,3.4635839462280273,3.979443311691284,0.45839488738070844,-0.08845686680782916,1327104
Firehose Moderate Bi-Maxwellian (bigbox 40 di),ion,542000,71.51388888888889,0.5469086766242981,1.8284588318699422,0.5456138849258423,0.5268869400024414,0.5662920475006104,3.6931827068328857,3.7320480346679688,3.465240001678467,3.9791035652160645,0.45846166876614836,-0.08844700785814974,1327104
Firehose Moderate Bi-Maxwellian (bigbox 40 di),ion,542500,71.57986111111111,0.5469624400138855,1.8282791044566304,0.5456784963607788,0.5270331501960754,0.5662287473678589,3.6936733722686768,3.7326035499572754,3.4672603607177734,3.9784696102142334,0.4585336064050548,-0.08842883360883069,1327104
Firehose Moderate Bi-Maxwellian (bigbox 40 di),ion,543000,71.64583333333334,0.5470177531242371,1.8280942333015706,0.5456988215446472,0.5271047353744507,0.5662423968315125,3.694159746170044,3.7331690788269043,3.4685373306274414,3.978182792663574,0.4586048959919723,-0.08841285713226477,1327104
Firehose Moderate Bi-Maxwellian (bigbox 40 di),ion,543500,71.71180555555556,0.5470706820487976,1.8279173657322803,0.5457640886306763,0.5271926522254944,0.5662443041801453,3.694643259048462,3.7332043647766113,3.4707508087158203,3.977257251739502,0.4586757476241182,-0.08839493442467938,1327104
Firehose Moderate Bi-Maxwellian (bigbox 40 di),ion,544000,71.77777777777779,0.5471220016479492,1.827745908568779,0.5458027124404907,0.527313232421875,0.5662497282028198,3.6951491832733154,3.733541488647461,3.472242832183838,3.9768314361572266,0.45874986345522384,-0.08837213819272538,1327104
Firehose Moderate Bi-Maxwellian (bigbox 40 di),ion,544500,71.84375,0.5471766591072083,1.8275633350874898,0.5458852648735046,0.5273993015289307,0.5662347674369812,3.695636749267578,3.733888626098633,3.474036693572998,3.9759230613708496,0.45882127067916745,-0.0883553884280408,1327104
Firehose Moderate Bi-Maxwellian (bigbox 40 di),ion,545000,71.90972222222223,0.5472288131713867,1.827389157754034,0.5459338426589966,0.5274654030799866,0.5662702322006226,3.6961374282836914,3.7343180179595947,3.475806713104248,3.975440502166748,0.45889457878499285,-0.08833423438639387,1327104
Firehose Moderate Bi-Maxwellian (bigbox 40 di),ion,545500,71.97569444444444,0.5472772121429443,1.827227550886603,0.5460113883018494,0.5275697112083435,0.5662348866462708,3.696669340133667,3.7346584796905518,3.4773073196411133,3.973942995071411,0.45897243816573474,-0.0883047739772096,1327104
Firehose Moderate Bi-Maxwellian (bigbox 40 di),ion,546000,72.04166666666667,0.5473289489746094,1.8270548303236014,0.5460861921310425,0.5276866555213928,0.5662413835525513,3.697171211242676,3.7352161407470703,3.4790561199188232,3.9732601642608643,0.4590458797476762,-0.08828306922693319,1327104
Firehose Moderate Bi-Maxwellian (bigbox 40 di),ion,546500,72.10763888888889,0.5473772883415222,1.8268934815141167,0.5461311340332031,0.5278037190437317,0.5662773251533508,3.69769549369812,3.735647201538086,3.480318546295166,3.972215414047241,0.45912257961518343,-0.08825470872633878,1327104
Firehose Moderate Bi-Maxwellian (bigbox 40 di),ion,547000,72.17361111111111,0.5474245548248291,1.8267357413662069,0.5462253093719482,0.5279073715209961,0.5662880539894104,3.698220729827881,3.7355637550354004,3.482130765914917,3.9711461067199707,0.45919939719415226,-0.08822515763067684,1327104
Firehose Moderate Bi-Maxwellian (bigbox 40 di),ion,547500,72.23958333333334,0.5474755167961121,1.8265656989596755,0.5462929606437683,0.5280122756958008,0.5663220882415771,3.6987223625183105,3.7351479530334473,3.4833505153656006,3.9699742794036865,0.4592727423211401,-0.08820277447497193,1327104
Firehose Moderate Bi-Maxwellian (bigbox 40 di),ion,548000,72.30555555555556,0.547521710395813,1.8264115943038726,0.5463809967041016,0.5281079411506653,0.5663652420043945,3.6992580890655518,3.73557186126709,3.4855704307556152,3.968919038772583,0.4593510504412498,-0.08817065995456319,1327104
Firehose Moderate Bi-Maxwellian (bigbox 40 di),ion,548500,72.37152777777779,0.547569751739502,1.826251353043575,0.5464831590652466,0.5281988978385925,0.5663743615150452,3.699777364730835,3.7355904579162598,3.4865381717681885,3.9677844047546387,0.45942693226204345,-0.0881428194774585,1327104
Firehose Moderate Bi-Maxwellian (bigbox 40 di),ion,549000,72.4375,0.54761803150177,1.8260903448661694,0.5465534925460815,0.5282878875732422,0.5664474368095398,3.700289011001587,3.73561954498291,3.487814426422119,3.966355323791504,0.45950167836791644,-0.08811635313385358,1327104
Firehose Moderate Bi-Maxwellian (bigbox 40 di),ion,549500,72.50347222222223,0.547661304473877,1.8259460579576137,0.5466229319572449,0.5283893346786499,0.5664445161819458,3.7008209228515625,3.73573637008667,3.489257335662842,3.965247392654419,0.4595793631487155,-0.08808194132516145,1327104
Firehose Moderate Bi-Maxwellian (bigbox 40 di),ion,550000,72.56944444444444,0.5477057099342346,1.8257980186477776,0.5466694235801697,0.5285382270812988,0.5664453506469727,3.7013466358184814,3.735459804534912,3.490873098373413,3.9634249210357666,0.459656120654655,-0.08804958927957962,1327104
Firehose Moderate Bi-Maxwellian (bigbox 40 di),ion,550500,72.63541666666667,0.5477485656738281,1.8256551685714086,0.5468052625656128,0.5286188125610352,0.5665156841278076,3.7018778324127197,3.735689163208008,3.491422653198242,3.962709426879883,0.45973365666243804,-0.08801490901139009,1327104
Firehose Moderate Bi-Maxwellian (bigbox 40 di),ion,551000,72.70138888888889,0.547789990901947,1.8255171080316388,0.5468302965164185,0.528699517250061,0.566595733165741,3.7024142742156982,3.735556125640869,3.4927563667297363,3.9614062309265137,0.45981193570682455,-0.08797805519512247,1327104
Firehose Moderate Bi-Maxwellian (bigbox 40 di),ion,551500,72.76736111111111,0.5478304028511047,1.8253824446318485,0.5469514727592468,0.5287641882896423,0.5666759014129639,3.702927827835083,3.735063314437866,3.494771718978882,3.959561824798584,0.4598868535957127,-0.08794354925539205,1327104
Firehose Moderate Bi-Maxwellian (bigbox 40 di),ion,552000,72.83333333333334,0.5478677749633789,1.8252579284606454,0.5470569729804993,0.5289073586463928,0.5666645765304565,3.7034740447998047,3.734703540802002,3.495225429534912,3.958430290222168,0.4599665136553934,-0.08790126130798548,1327104
Firehose Moderate Bi-Maxwellian (bigbox 40 di),ion,552500,72.89930555555556,0.5479071140289307,1.825126877157499,0.5471550226211548,0.5290141105651855,0.56672203540802,3.7039945125579834,3.734586477279663,3.496260643005371,3.957127809524536,0.46004239660204105,-0.08786471742688962,1327104
Firehose Moderate Bi-Maxwellian (bigbox 40 di),ion,553000,72.96527777777779,0.5479427576065063,1.8250081529832523,0.547234833240509,0.5290581583976746,0.566789448261261,3.704526424407959,3.7341437339782715,3.498051404953003,3.9561092853546143,0.4601199260389589,-0.08782283156754744,1327104
Firehose Moderate Bi-Maxwellian (bigbox 40 di),ion,553500,73.03125,0.5479769706726074,1.8248942081864545,0.5472854375839233,0.5291563272476196,0.5667945146560669,3.705061435699463,3.7336268424987793,3.4983372688293457,3.9547321796417236,0.4601978847828664,-0.08777908588974104,1327104
Firehose Moderate Bi-Maxwellian (bigbox 40 di),ion,554000,73.09722222222223,0.5480111241340637,1.8247804760900495,0.5473695993423462,0.5292849540710449,0.5668442249298096,3.7055814266204834,3.7331607341766357,3.499392032623291,3.953749895095825,0.4602736332732501,-0.08773749086081362,1327104
Firehose Moderate Bi-Maxwellian (bigbox 40 di),ion,554500,73.16319444444444,0.548043429851532,1.824672910084709,0.5474450588226318,0.5293488502502441,0.5668853521347046,3.706101417541504,3.7327845096588135,3.5002188682556152,3.9525704383850098,0.4603493605075899,-0.08769406934394208,1327104
Firehose Moderate Bi-Maxwellian (bigbox 40 di),ion,555000,73.22916666666667,0.5480735898017883,1.8245725001302318,0.5475425720214844,0.5294342041015625,0.5669518113136292,3.7066314220428467,3.732619285583496,3.501328945159912,3.952268123626709,0.4604265241733331,-0.08764706562845526,1327104
Firehose Moderate Bi-Maxwellian (bigbox 40 di),ion,555500,73.29513888888889,0.5481045842170715,1.824469323547857,0.5476166009902954,0.5294798612594604,0.5669996738433838,3.7071352005004883,3.732243061065674,3.5018439292907715,3.9509928226470947,0.46049984912069397,-0.08760473509637756,1327104
Firehose Moderate Bi-Maxwellian (bigbox 40 di),ion,556000,73.36111111111111,0.5481327176094055,1.8243756810601317,0.5476692914962769,0.5295654535293579,0.5670255422592163,3.7076668739318848,3.7318830490112305,3.50297212600708,3.9502265453338623,0.46057721256951767,-0.08755550503988785,1327104
Firehose Moderate Bi-Maxwellian (bigbox 40 di),ion,556500,73.42708333333334,0.5481597185134888,1.8242858171188159,0.5477386713027954,0.5295979380607605,0.5671094059944153,3.7081727981567383,3.7314507961273193,3.5036981105804443,3.9500269889831543,0.46065080866939057,-0.0875089098440982,1327104
Firehose Moderate Bi-Maxwellian (bigbox 40 di),ion,557000,73.49305555555556,0.5481849908828735,1.8242017140773237,0.5478188991546631,0.5297147631645203,0.5670890212059021,3.7087035179138184,3.7308027744293213,3.504006862640381,3.949241876602173,0.4607279901616349,-0.08745700072123863,1327104
Firehose Moderate Bi-Maxwellian (bigbox 40 di),ion,557500,73.55902777777779,0.548207700252533,1.8241261469682897,0.5478866100311279,0.529738187789917,0.5671747922897339,3.7092230319976807,3.730283737182617,3.504848003387451,3.948935031890869,0.46080352064382135,-0.08740417960871161,1327104
Firehose Moderate Bi-Maxwellian (bigbox 40 di),ion,558000,73.625,0.5482288002967834,1.82405594061941,0.5479713678359985,0.5297789573669434,0.5671990513801575,3.7097365856170654,3.730217933654785,3.5055129528045654,3.9483206272125244,0.4608781637612347,-0.08735063653554875,1327104
Firehose Moderate Bi-Maxwellian (bigbox 40 di),ion,558500,73.69097222222223,0.5482505559921265,1.823983558375746,0.5480179190635681,0.5298583507537842,0.567186713218689,3.7102489471435547,3.7299437522888184,3.506195545196533,3.9478461742401123,0.46095261302081647,-0.08729794297131,1327104
Firehose Moderate Bi-Maxwellian (bigbox 40 di),ion,559000,73.75694444444444,0.5482695698738098,1.8239203029819089,0.5480199456214905,0.5298830270767212,0.56723952293396,3.710756778717041,3.729954242706299,3.507251024246216,3.947261333465576,0.4610263837632923,-0.08724318611051751,1327104
Firehose Moderate Bi-Maxwellian (bigbox 40 di),ion,559500,73.82291666666667,0.5482863783836365,1.823864388074035,0.5481159090995789,0.5299333930015564,0.5672856569290161,3.7112739086151123,3.7294793128967285,3.507279396057129,3.948096513748169,0.4611014844909914,-0.08718489389264505,1327104
Firehose Moderate Bi-Maxwellian (bigbox 40 di),ion,560000,73.88888888888889,0.5483059883117676,1.8237991583476898,0.5481435060501099,0.5299893021583557,0.5672513842582703,3.7117626667022705,3.729426383972168,3.5077309608459473,3.947760581970215,0.46117244565722526,-0.08713354265454232,1327104
Firehose Moderate Bi-Maxwellian (bigbox 40 di),ion,560500,73.95486111111111,0.5483222603797913,1.8237450350955249,0.5481541156768799,0.5300620794296265,0.5672975778579712,3.712251663208008,3.7291259765625,3.5086169242858887,3.947714328765869,0.46124342273937735,-0.08707883764041391,1327104
Firehose Moderate Bi-Maxwellian (bigbox 40 di),ion,561000,74.02083333333334,0.5483367443084717,1.8236968621556413,0.5481858253479004,0.5300695300102234,0.5673142075538635,3.7127554416656494,3.7287850379943848,3.5092687606811523,3.947838306427002,0.4613165258461672,-0.08702021846230446,1327104
Firehose Moderate Bi-Maxwellian (bigbox 40 di),ion,561500,74.08680555555556,0.5483501553535461,1.8236522598507423,0.5482093095779419,0.5301454663276672,0.5672570466995239,3.7132420539855957,3.728794574737549,3.509995937347412,3.947695255279541,0.4613871191474559,-0.08696303620609025,1327104
Firehose Moderate Bi-Maxwellian (bigbox 40 di),ion,562000,74.15277777777779,0.5483649373054504,1.8236031007266602,0.548269510269165,0.530150830745697,0.5673176646232605,3.7137231826782227,3.7289583683013916,3.510667324066162,3.947904586791992,0.4614568987455706,-0.08690803855987983,1327104
Firehose Moderate Bi-Maxwellian (bigbox 40 di),ion,562500,74.21875,0.5483754873275757,1.8235680170048219,0.5482721924781799,0.5301899313926697,0.5673028230667114,3.7142152786254883,3.729116916656494,3.510768413543701,3.9478352069854736,0.46152825025798294,-0.08684723706959274,1327104
Firehose Moderate Bi-Maxwellian (bigbox 40 di),ion,563000,74.28472222222223,0.5483838319778442,1.8235402681244657,0.5483088493347168,0.5302109718322754,0.5672712326049805,3.714700698852539,3.7292141914367676,3.511420726776123,3.948672294616699,0.4615986153022249,-0.08678521667561934,1327104
Firehose Moderate Bi-Maxwellian (bigbox 40 di),ion,563500,74.35069444444444,0.5483953356742859,1.8235020156953712,0.5483179092407227,0.5302535891532898,0.5672776103019714,3.715162754058838,3.7296481132507324,3.5117783546447754,3.948672294616699,0.46166557634252015,-0.08672975933176574,1327104
Firehose Moderate Bi-Maxwellian (bigbox 40 di),ion,564000,74.41666666666667,0.5483999848365784,1.8234865566197949,0.548302412033081,0.5302696228027344,0.5672494769096375,3.715662717819214,3.7293691635131836,3.5121569633483887,3.9495604038238525,0.46173801233126066,-0.08666197250531771,1327104
Firehose Moderate Bi-Maxwellian (bigbox 40 di),ion,564500,74.48263888888889,0.5484073758125305,1.8234619811930528,0.548363447189331,0.530296266078949,0.5672425031661987,3.7161471843719482,3.7296862602233887,3.512843132019043,3.9491968154907227,0.4618081844521956,-0.08659919136033489,1327104
Firehose Moderate Bi-Maxwellian (bigbox 40 di),ion,565000,74.54861111111111,0.5484091639518738,1.8234560356248095,0.5483629703521729,0.5303289890289307,0.56722092628479,3.716632127761841,3.7301177978515625,3.5131847858428955,3.9497530460357666,0.46187840731915486,-0.08653075663271892,1327104
Firehose Moderate Bi-Maxwellian (bigbox 40 di),ion,565500,74.61458333333334,0.5484160780906677,1.8234330464590673,0.5483754277229309,0.5303612351417542,0.567193865776062,3.7170822620391846,3.730272054672241,3.513814687728882,3.9501166343688965,0.46194357320927204,-0.08647250488139568,1327104
Firehose Moderate Bi-Maxwellian (bigbox 40 di),ion,566000,74.68055555555556,0.5484200716018677,1.8234197684981202,0.5484139919281006,0.5304054021835327,0.5671505928039551,3.717547655105591,3.7304847240448,3.5144002437591553,3.9505128860473633,0.46201093152007133,-0.08640914008179634,1327104
Firehose Moderate Bi-Maxwellian (bigbox 40 di),ion,566500,74.74652777777779,0.5484226942062378,1.823411048748365,0.548412561416626,0.5304427146911621,0.5671390295028687,3.7180063724517822,3.731072425842285,3.515324115753174,3.9508392810821533,0.4620773071238362,-0.08634538708240158,1327104
Firehose Moderate Bi-Maxwellian (bigbox 40 di),ion,567000,74.8125,0.5484220385551453,1.8234132286779854,0.5484110116958618,0.5304795503616333,0.5671001672744751,3.718475103378296,3.731274127960205,3.5153369903564453,3.9513258934020996,0.4621451147587442,-0.08627692379640106,1327104
Firehose Moderate Bi-Maxwellian (bigbox 40 di),ion,567500,74.87847222222223,0.5484204292297363,1.8234185794364246,0.5483953356742859,0.5304896235466003,0.567033052444458,3.7189536094665527,3.731426239013672,3.516367197036743,3.951531410217285,0.46221431885866404,-0.08620611037107229,1327104
Firehose Moderate Bi-Maxwellian (bigbox 40 di),ion,568000,74.94444444444444,0.5484175086021423,1.8234282901523207,0.5484024286270142,0.5305449366569519,0.5669934749603271,3.7194128036499023,3.732085704803467,3.516671895980835,3.951922655105591,0.4622807132251152,-0.08613679537702712,1327104
Firehose Moderate Bi-Maxwellian (bigbox 40 di),ion,568500,75.01041666666667,0.5484120845794678,1.8234463246133934,0.5484192371368408,0.5305454730987549,0.5670063495635986,3.7198855876922607,3.7326221466064453,3.5172863006591797,3.9522383213043213,0.46234905540716964,-0.08606302917229813,1327104
Firehose Moderate Bi-Maxwellian (bigbox 40 di),ion,569000,75.07638888888889,0.548406183719635,1.8234659449267552,0.5484167337417603,0.5305749773979187,0.5669169425964355,3.7203617095947266,3.7328009605407715,3.518159866333008,3.9523849487304688,0.462417862531472,-0.08598832118816302,1327104
Firehose Moderate Bi-Maxwellian (bigbox 40 di),ion,569500,75.14236111111111,0.5483995079994202,1.8234881421539446,0.5484212636947632,0.5306137800216675,0.5668847560882568,3.720834493637085,3.732900619506836,3.518927812576294,3.952470302581787,0.4624861698578223,-0.08591333814159785,1327104
Firehose Moderate Bi-Maxwellian (bigbox 40 di),ion,570000,75.20833333333334,0.5483916401863098,1.8235143038655028,0.5484219789505005,0.5306087136268616,0.5668156147003174,3.7213056087493896,3.733718156814575,3.5193445682525635,3.9523580074310303,0.46255421879415726,-0.08583742139215256,1327104
Firehose Moderate Bi-Maxwellian (bigbox 40 di),ion,570500,75.27430555555556,0.5483835935592651,1.823541060937899,0.548405647277832,0.5306336879730225,0.5668297410011292,3.7217719554901123,3.7337145805358887,3.519984245300293,3.9528985023498535,0.4626215620089963,-0.08576203155026885,1327104
Firehose Moderate Bi-Maxwellian (bigbox 40 di),ion,571000,75.34027777777779,0.548375129699707,1.8235692062614237,0.5484168529510498,0.5306733250617981,0.5667360424995422,3.7222437858581543,3.734320640563965,3.5205941200256348,3.952727794647217,0.4626896799187201,-0.08568544978098691,1327104
Firehose Moderate Bi-Maxwellian (bigbox 40 di),ion,571500,75.40625,0.5483660101890564,1.8235995328288799,0.5483947396278381,0.5306820273399353,0.5666861534118652,3.722705125808716,3.7341628074645996,3.521118402481079,3.9530482292175293,0.4627562666367451,-0.08560974355231132,1327104
Firehose Moderate Bi-Maxwellian (bigbox 40 di),ion,572000,75.47222222222223,0.5483589172363281,1.8236231208564928,0.5484020709991455,0.5307309627532959,0.566621720790863,3.7231545448303223,3.7348825931549072,3.521841049194336,3.9528942108154297,0.46282111690017225,-0.08553780033615588,1327104
Firehose Moderate Bi-Maxwellian (bigbox 40 di),ion,572500,75.53819444444444,0.5483519434928894,1.8236463130415936,0.5483965873718262,0.5307540893554688,0.5665580034255981,3.7236056327819824,3.735022783279419,3.522472858428955,3.95328426361084,0.46288619224540195,-0.08546575124748745,1327104
Firehose Moderate Bi-Maxwellian (bigbox 40 di),ion,573000,75.60416666666667,0.5483430027961731,1.8236760474751863,0.5483822226524353,0.5307852029800415,0.5665236711502075,3.7240543365478516,3.7351813316345215,3.5230605602264404,3.9527931213378906,0.4629509080004528,-0.0853920947957203,1327104
Firehose Moderate Bi-Maxwellian (bigbox 40 di),ion,573500,75.67013888888889,0.5483347177505493,1.8237036022492454,0.5483769178390503,0.5307939052581787,0.566499650478363,3.724515914916992,3.7353081703186035,3.523989200592041,3.9525887966156006,0.4630174643663527,-0.0853172533841966,1327104
Firehose Moderate Bi-Maxwellian (bigbox 40 di),ion,574000,75.73611111111111,0.5483274459838867,1.8237277877011215,0.5483449697494507,0.5307908058166504,0.5664792656898499,3.724954843521118,3.736158847808838,3.5245556831359863,3.952544689178467,0.46308073949442996,-0.08524670648945676,1327104
Firehose Moderate Bi-Maxwellian (bigbox 40 di),ion,574500,75.80208333333334,0.5483183264732361,1.823758119543376,0.5483298301696777,0.5308448076248169,0.5663745403289795,3.725405216217041,3.7359132766723633,3.5256216526031494,3.9523606300354004,0.46314564888302323,-0.08517267759021285,1327104
Firehose Moderate Bi-Maxwellian (bigbox 40 di),ion,575000,75.86805555555556,0.5483171343803406,1.8237620845646405,0.5483503341674805,0.5308811068534851,0.5663643479347229,3.725820779800415,3.735966920852661,3.525723934173584,3.952864170074463,0.46320552753287936,-0.08511160684746122,1327104
Firehose Moderate Bi-Maxwellian (bigbox 40 di),ion,575500,75.93402777777779,0.5483088493347168,1.8237896419387296,0.5483004450798035,0.5308815836906433,0.5663259029388428,3.7262675762176514,3.7362239360809326,3.5263748168945312,3.952712059020996,0.46326989162970944,-0.08503895770500736,1327104
Firehose Moderate Bi-Maxwellian (bigbox 40 di),ion,576000,76.0,0.5483065247535706,1.823797374013445,0.5482982993125916,0.5309194326400757,0.5662750005722046,3.726698875427246,3.7359042167663574,3.526970863342285,3.952666997909546,0.4633320086075614,-0.08497451614600915,1327104
Firehose Moderate Bi-Maxwellian (bigbox 40 di),ion,576500,76.06597222222223,0.5483046174049377,1.8238037183288447,0.5482978224754333,0.5309171676635742,0.5662230849266052,3.7271029949188232,3.736504077911377,3.527796745300293,3.9522345066070557,0.46339019803675685,-0.0849144193681809,1327104
Firehose Moderate Bi-Maxwellian (bigbox 40 di),ion,577000,76.13194444444444,0.548302948474884,1.823809269641027,0.5482423305511475,0.5309209823608398,0.5662117004394531,3.727520227432251,3.7367823123931885,3.5279407501220703,3.9519455432891846,0.4634502623805411,-0.08485268609434293,1327104
Firehose Moderate Bi-Maxwellian (bigbox 40 di),ion,577500,76.19791666666667,0.548305869102478,1.823799554866885,0.5482578277587891,0.5309805274009705,0.5661250352859497,3.727919340133667,3.7370715141296387,3.528855800628662,3.9514331817626953,0.4635077056339184,-0.08479816346855962,1327104
Firehose Moderate Bi-Maxwellian (bigbox 40 di),ion,578000,76.26388888888889,0.5483106374740601,1.8237836942335608,0.5482112169265747,0.5309839248657227,0.5661234259605408,3.7283031940460205,3.7367730140686035,3.5296177864074707,3.9513156414031982,0.4635629411272304,-0.08474769634682966,1327104
Firehose Moderate Bi-Maxwellian (bigbox 40 di),ion,578500,76.32986111111111,0.5483146905899048,1.8237702129121312,0.5482110977172852,0.5310221910476685,0.5661016702651978,3.7287027835845947,3.73677396774292,3.5299174785614014,3.95104718208313,0.4636204288513185,-0.0846942617385863,1327104
Firehose Moderate Bi-Maxwellian (bigbox 40 di),ion,579000,76.39583333333334,0.5483229756355286,1.8237426561251777,0.5482126474380493,0.5310367941856384,0.5660675764083862,3.729072332382202,3.7372312545776367,3.5303330421447754,3.9508769512176514,0.46367358374023226,-0.0846493918952963,1327104
Firehose Moderate Bi-Maxwellian (bigbox 40 di),ion,579500,76.46180555555556,0.5483315587043762,1.8237141089651074,0.5481926202774048,0.5310590267181396,0.5660353899002075,3.7294554710388184,3.736982822418213,3.5305943489074707,3.9505906105041504,0.46372868223496677,-0.08460287646940945,1327104
Firehose Moderate Bi-Maxwellian (bigbox 40 di),ion,580000,76.52777777777779,0.548343300819397,1.823675056311778,0.5481838583946228,0.5310954451560974,0.5659791827201843,3.729810953140259,3.737407684326172,3.5312204360961914,3.950312852859497,0.4637797933656317,-0.08456350745376529,1327104
Firehose Moderate Bi-Maxwellian (bigbox 40 di),ion,580500,76.59375,0.548356831073761,1.8236300586278047,0.5481955409049988,0.5310969352722168,0.5659786462783813,3.730159282684326,3.7373592853546143,3.5316061973571777,3.9500820636749268,0.4638298666536448,-0.0845269644201162,1327104
Firehose Moderate Bi-Maxwellian (bigbox 40 di),ion,581000,76.65972222222223,0.5483717322349548,1.8235805042765059,0.5481574535369873,0.5311136245727539,0.5660068392753601,3.7305099964141846,3.736954689025879,3.531898260116577,3.950202226638794,0.4638802732274069,-0.08449145900754795,1327104
Firehose Moderate Bi-Maxwellian (bigbox 40 di),ion,581500,76.72569444444444,0.548395037651062,1.8235030066706939,0.5481632947921753,0.5311033725738525,0.5660008788108826,3.7308273315429688,3.7371182441711426,3.532341480255127,3.9504427909851074,0.4639258742717385,-0.08446916337932353,1327104
Firehose Moderate Bi-Maxwellian (bigbox 40 di),ion,582000,76.79166666666667,0.5484126806259155,1.8234443427870375,0.5481399297714233,0.531144380569458,0.5659855008125305,3.7311646938323975,3.7372536659240723,3.5327887535095215,3.950033664703369,0.4639743447117215,-0.08443833591419403,1327104
Firehose Moderate Bi-Maxwellian (bigbox 40 di),ion,582500,76.85763888888889,0.5484383702278137,1.8233589301649589,0.5481387972831726,0.5312049388885498,0.5659785866737366,3.731459856033325,3.7369651794433594,3.533179998397827,3.9504246711730957,0.4640167448763415,-0.08442162535147224,1327104
Firehose Moderate Bi-Maxwellian (bigbox 40 di),ion,583000,76.92361111111111,0.5484622120857239,1.8232796680689123,0.5481614470481873,0.5312097668647766,0.5659725666046143,3.7317709922790527,3.7371644973754883,3.5334455966949463,3.950284004211426,0.4640614324571488,-0.08440077962857506,1327104
Firehose Moderate Bi-Maxwellian (bigbox 40 di),ion,583500,76.98958333333334,0.5484916567802429,1.823181788890286,0.5481370091438293,0.5312252044677734,0.565989077091217,3.732055902481079,3.7376160621643066,3.5335936546325684,3.9501993656158447,0.46410234673323203,-0.08438931004701089,1327104
Firehose Moderate Bi-Maxwellian (bigbox 40 di),ion,584000,77.05555555555556,0.5485184788703918,1.8230926368412972,0.548183798789978,0.5312679409980774,0.5660222768783569,3.7323479652404785,3.7376842498779297,3.5336270332336426,3.9502906799316406,0.4641442816623508,-0.08437419720804107,1327104
Firehose Moderate Bi-Maxwellian (bigbox 40 di),ion,584500,77.12152777777779,0.5485526323318481,1.822979129184176,0.5481443405151367,0.5313132405281067,0.5660374164581299,3.7326138019561768,3.737511157989502,3.5341100692749023,3.950399875640869,0.4641824453009722,-0.08437018703087595,1327104
Firehose Moderate Bi-Maxwellian (bigbox 40 di),ion,585000,77.1875,0.5485853552818298,1.8228703890322788,0.5481539964675903,0.5313183665275574,0.5660150647163391,3.7328782081604004,3.737643241882324,3.534712314605713,3.950364828109741,0.46422039818287564,-0.0843649570989542,1327104
Firehose Moderate Bi-Maxwellian (bigbox 40 di),ion,585500,77.25347222222223,0.5486202239990234,1.8227545326542318,0.5481694936752319,0.5313661098480225,0.5660514831542969,3.7331349849700928,3.7378220558166504,3.5344936847686768,3.9508886337280273,0.4642572507953332,-0.08436297320369024,1327104
Firehose Moderate Bi-Maxwellian (bigbox 40 di),ion,586000,77.31944444444444,0.5486525297164917,1.8226472053573426,0.5481876730918884,0.5314006805419922,0.5660353899002075,3.733400583267212,3.737454414367676,3.5349156856536865,3.9507405757904053,0.4642953641342876,-0.08435716558220407,1327104
Firehose Moderate Bi-Maxwellian (bigbox 40 di),ion,586500,77.38541666666667,0.5486935973167419,1.8225107872413069,0.5482082366943359,0.5314242243766785,0.5660730600357056,3.733630657196045,3.737926959991455,3.535268545150757,3.9510931968688965,0.4643283753455144,-0.08436522197122753,1327104
Firehose Moderate Bi-Maxwellian (bigbox 40 di),ion,587000,77.45138888888889,0.5487315058708191,1.8223848809501697,0.5482310652732849,0.5315256714820862,0.5660571455955505,3.7338578701019287,3.7383460998535156,3.535341501235962,3.950819492340088,0.4643609720620129,-0.08437053380880621,1327104
Firehose Moderate Bi-Maxwellian (bigbox 40 di),ion,587500,77.51736111111111,0.5487717986106873,1.8222510750947418,0.5482853055000305,0.531546413898468,0.5660887956619263,3.7340948581695557,3.73819637298584,3.535855293273926,3.95133113861084,0.4643949669290418,-0.08437683168164545,1327104
Firehose Moderate Bi-Maxwellian (bigbox 40 di),ion,588000,77.58333333333334,0.5488147139549255,1.8221085815897613,0.5482907295227051,0.5316001772880554,0.5660806894302368,3.734300136566162,3.738938331604004,3.5358495712280273,3.9513535499572754,0.4644244096996768,-0.08439030425524874,1327104
Firehose Moderate Bi-Maxwellian (bigbox 40 di),ion,588500,77.64930555555556,0.5488564372062683,1.8219700676010935,0.5483298301696777,0.5316019654273987,0.5661584138870239,3.7345199584960938,3.7392537593841553,3.5361008644104004,3.950906991958618,0.46445593483843417,-0.08440050236783414,1327104
Firehose Moderate Bi-Maxwellian (bigbox 40 di),ion,589000,77.71527777777779,0.5489016771316528,1.8218199026565411,0.5483253002166748,0.5316831469535828,0.5661712288856506,3.734703779220581,3.7390875816345215,3.5368330478668213,3.9509036540985107,0.46448229411720765,-0.08441938301444518,1327104
Firehose Moderate Bi-Maxwellian (bigbox 40 di),ion,589500,77.78125,0.5489451885223389,1.821675498589976,0.5483883023262024,0.531711757183075,0.5662012100219727,3.734907865524292,3.7393484115600586,3.5371437072753906,3.95127010345459,0.46451155637295816,-0.08443363214938071,1327104
Firehose Moderate Bi-Maxwellian (bigbox 40 di),ion,590000,77.84722222222223,0.5489916801452637,1.8215212291293725,0.5484248399734497,0.5318307876586914,0.5662074089050293,3.7350997924804688,3.739694595336914,3.537438154220581,3.951509714126587,0.4645390722822412,-0.08445260786302244,1327104
Firehose Moderate Bi-Maxwellian (bigbox 40 di),ion,590500,77.91319444444444,0.5490365624427795,1.8213723245511901,0.5484758615493774,0.5318806767463684,0.5662195086479187,3.7352845668792725,3.739619731903076,3.5379977226257324,3.951184034347534,0.46456556008236205,-0.08447100236041749,1327104
Firehose Moderate Bi-Maxwellian (bigbox 40 di),ion,591000,77.97916666666667,0.5490847826004028,1.8212123731860026,0.5484927296638489,0.5319070816040039,0.5662678480148315,3.73545241355896,3.740203380584717,3.5387494564056396,3.950845956802368,0.464589618986875,-0.08449516361352782,1327104
Firehose Moderate Bi-Maxwellian (bigbox 40 di),ion,591500,78.04513888888889,0.5491347312927246,1.821046717707853,0.5485357046127319,0.5319897532463074,0.5662370324134827,3.735612630844116,3.740598678588867,3.5390474796295166,3.951319932937622,0.46461258228798985,-0.08452214900473476,1327104
Firehose Moderate Bi-Maxwellian (bigbox 40 di),ion,592000,78.11111111111111,0.5491811037063599,1.8208929499779134,0.5485779047012329,0.5320570468902588,0.5662732720375061,3.7357778549194336,3.741030216217041,3.5397696495056152,3.950472116470337,0.46463626112930845,-0.08454484257705142,1327104
Firehose Moderate Bi-Maxwellian (bigbox 40 di),ion,592500,78.17708333333334,0.5492337942123413,1.8207182634020265,0.5486345291137695,0.5321545600891113,0.5663025975227356,3.7359230518341064,3.7413876056671143,3.54068660736084,3.9500908851623535,0.4646570680790323,-0.08457672613330902,1327104
Firehose Moderate Bi-Maxwellian (bigbox 40 di),ion,593000,78.24305555555556,0.5492815971374512,1.8205598097796127,0.5487077832221985,0.5321972370147705,0.5663325190544128,3.7360825538635254,3.7410619258880615,3.5410897731781006,3.950523853302002,0.46467992311043094,-0.08460167402702023,1327104
Firehose Moderate Bi-Maxwellian (bigbox 40 di),ion,593500,78.30902777777779,0.5493335723876953,1.8203875573332777,0.5487326383590698,0.5322932600975037,0.5662974119186401,3.736205816268921,3.7419142723083496,3.5416769981384277,3.950366973876953,0.46469758403265493,-0.08463598835504038,1327104
Firehose Moderate Bi-Maxwellian (bigbox 40 di),ion,594000,78.375,0.5493854284286499,1.820215732441605,0.5488182306289673,0.5323808789253235,0.5663235783576965,3.7363431453704834,3.7419309616088867,3.5426459312438965,3.949753761291504,0.4647172590456259,-0.08466816938302402,1327104
Firehose Moderate Bi-Maxwellian (bigbox 40 di),ion,594500,78.44097222222223,0.549439013004303,1.8200382141269034,0.5488313436508179,0.5324823260307312,0.5663586258888245,3.736450672149658,3.7423620223999023,3.5432052612304688,3.949680805206299,0.46473266329798535,-0.08470634970631763,1327104
Firehose Moderate Bi-Maxwellian (bigbox 40 di),ion,595000,78.50694444444444,0.5494934916496277,1.8198577693757796,0.5489140748977661,0.5325614213943481,0.5663443803787231,3.7365593910217285,3.7422728538513184,3.543973445892334,3.9491569995880127,0.4647482374278231,-0.08474525422180457,1327104
Firehose Moderate Bi-Maxwellian (bigbox 40 di),ion,595500,78.57291666666667,0.5495491623878479,1.819673413120851,0.5489506721496582,0.5326346158981323,0.5663953423500061,3.736664056777954,3.7429380416870117,3.545173406600952,3.948382616043091,0.46476323008695686,-0.08478593230089104,1327104
Firehose Moderate Bi-Maxwellian (bigbox 40 di),ion,596000,78.63888888888889,0.5496068000793457,1.8194825825583525,0.5490097999572754,0.5327845215797424,0.5663965344429016,3.7367441654205322,3.743110179901123,3.545788049697876,3.9478707313537598,0.46477470453883196,-0.08483209554051374,1327104
Firehose Moderate Bi-Maxwellian (bigbox 40 di),ion,596500,78.70486111111111,0.5496671795845032,1.819282717145139,0.549072265625,0.5328324437141418,0.5664305090904236,3.7368085384368896,3.7434253692626953,3.546527624130249,3.9478445053100586,0.4647839247240101,-0.08488325486049308,1327104
Firehose Moderate Bi-Maxwellian (bigbox 40 di),ion,597000,78.77083333333334,0.5497267246246338,1.819085656937678,0.5491515398025513,0.5329132676124573,0.5664160251617432,3.7368838787078857,3.7439188957214355,3.5478010177612305,3.947126865386963,0.4647947153521007,-0.08493200927253308,1327104
Firehose Moderate Bi-Maxwellian (bigbox 40 di),ion,597500,78.83680555555556,0.5497885942459106,1.8188809489065498,0.5492196083068848,0.5330494046211243,0.5664600729942322,3.7369496822357178,3.7446248531341553,3.548569440841675,3.9471261501312256,0.46480413972193146,-0.08498445452397918,1327104
Firehose Moderate Bi-Maxwellian (bigbox 40 di),ion,598000,78.90277777777779,0.5498495697975159,1.8186792441580952,0.5492788553237915,0.5330832600593567,0.5664775371551514,3.7370028495788574,3.744809150695801,3.549694061279297,3.946343421936035,0.46481175409716624,-0.08503781570034963,1327104
Firehose Moderate Bi-Maxwellian (bigbox 40 di),ion,598500,78.96875,0.549915611743927,1.8184608304331225,0.5493712425231934,0.5331753492355347,0.5665193200111389,3.7370359897613525,3.7453136444091797,3.5502357482910156,3.9460573196411133,0.46481650016763143,-0.08509911157629557,1327104
Firehose Moderate Bi-Maxwellian (bigbox 40 di),ion,599000,79.03472222222223,0.5499813556671143,1.8182434544295123,0.5494323372840881,0.5332658886909485,0.5665716528892517,3.737053155899048,3.7453527450561523,3.5511975288391113,3.9455344676971436,0.46481895853074995,-0.08516239713636431,1327104
Firehose Moderate Bi-Maxwellian (bigbox 40 di),ion,599500,79.10069444444444,0.5500504374504089,1.81801509809754,0.5494964122772217,0.5334035754203796,0.566606342792511,3.7370712757110596,3.7458291053771973,3.5518572330474854,3.9452555179595947,0.46482155344509557,-0.08522888400531337,1327104
Firehose Moderate Bi-Maxwellian (bigbox 40 di),ion,600000,79.16666666666667,0.5501222014427185,1.817777936206643,0.5495648980140686,0.5334848165512085,0.5666589140892029,3.7370612621307373,3.7460403442382812,3.553359031677246,3.9445841312408447,0.4648201194165942,-0.08530208202612433,1327104
Firehose Moderate Bi-Maxwellian (bigbox 40 di),ion,600500,79.23263888888889,0.5501960515975952,1.8175339446662993,0.5496480464935303,0.5335981845855713,0.566685676574707,3.7370376586914062,3.746518135070801,3.553748369216919,3.944289445877075,0.4648167391761481,-0.08537931242144714,1327104
Firehose Moderate Bi-Maxwellian (bigbox 40 di),ion,601000,79.29861111111111,0.550273060798645,1.8172795857908048,0.5497422218322754,0.5337115526199341,0.5667324662208557,3.737006187438965,3.7471156120300293,3.55417799949646,3.9438531398773193,0.46481223212246414,-0.08546082867618088,1327104
Firehose Moderate Bi-Maxwellian (bigbox 40 di),ion,601500,79.36458333333334,0.550349235534668,1.8170280531569982,0.549842119216919,0.5338261723518372,0.5667853951454163,3.736970901489258,3.747453451156616,3.55521559715271,3.9433958530426025,0.4648071786689696,-0.08554205686569838,1327104
Firehose Moderate Bi-Maxwellian (bigbox 40 di),ion,602000,79.43055555555556,0.5504273176193237,1.8167702946233517,0.5499011278152466,0.5339279770851135,0.5668383836746216,3.736922025680542,3.747899293899536,3.5557570457458496,3.9425292015075684,0.4648001787953352,-0.08562713882398854,1327104
Firehose Moderate Bi-Maxwellian (bigbox 40 di),ion,602500,79.49652777777779,0.550507664680481,1.8165051354560304,0.549984335899353,0.5340397357940674,0.5669257044792175,3.7368547916412354,3.748042583465576,3.5563039779663086,3.94240665435791,0.4647905494016814,-0.08571711527879955,1327104
Firehose Moderate Bi-Maxwellian (bigbox 40 di),ion,603000,79.5625,0.5505909323692322,1.816230419373106,0.5500455498695374,0.5341216921806335,0.5669897198677063,3.736788272857666,3.7485716342926025,3.55706787109375,3.9420478343963623,0.46478102210738237,-0.08580991026184981,1327104
Firehose Moderate Bi-Maxwellian (bigbox 40 di),ion,603500,79.62847222222223,0.5506798624992371,1.8159371135554925,0.5501672625541687,0.5342336893081665,0.5670464038848877,3.7366747856140137,3.7488198280334473,3.557509183883667,3.9417128562927246,0.46476476687243784,-0.08591509562679922,1327104
Firehose Moderate Bi-Maxwellian (bigbox 40 di),ion,604000,79.69444444444444,0.5507655143737793,1.8156547094946578,0.5502622127532959,0.534328281879425,0.5671373605728149,3.7365918159484863,3.7490031719207764,3.5582776069641113,3.9412050247192383,0.46475288216828536,-0.08601263220549393,1327104
Firehose Moderate Bi-Maxwellian (bigbox 40 di),ion,604500,79.76041666666667,0.5508537292480469,1.8153639467324085,0.5503511428833008,0.5344858765602112,0.5671799778938293,3.7364799976348877,3.7490267753601074,3.558641195297241,3.94106125831604,0.4647368643038482,-0.08611686494419868,1327104
Firehose Moderate Bi-Maxwellian (bigbox 40 di),ion,605000,79.82638888888889,0.5509449243545532,1.8150634587867869,0.5504944324493408,0.534561038017273,0.567283034324646,3.736365795135498,3.749220132827759,3.55892276763916,3.941009521484375,0.4647205039175051,-0.08622442043704814,1327104
Firehose Moderate Bi-Maxwellian (bigbox 40 di),ion,605500,79.89236111111111,0.5510357022285461,1.814764444401177,0.5505615472793579,0.5346885323524475,0.5673246383666992,3.736238956451416,3.7496230602264404,3.5597734451293945,3.940293073654175,0.4647023321282564,-0.08633337010028974,1327104
Firehose Moderate Bi-Maxwellian (bigbox 40 di),ion,606000,79.95833333333334,0.5511361360549927,1.8144337389269272,0.5506899356842041,0.5348334908485413,0.5674359798431396,3.736065149307251,3.749692440032959,3.560145378112793,3.939969539642334,0.46467742930798617,-0.08645870674700651,1327104
Firehose Moderate Bi-Maxwellian (bigbox 40 di),ion,606500,80.02430555555556,0.551231324672699,1.8141204159501703,0.5507800579071045,0.5349187254905701,0.5675378441810608,3.7359187602996826,3.749986410140991,3.560084104537964,3.9400382041931152,0.4646564531184916,-0.0865748715542074,1327104
Firehose Moderate Bi-Maxwellian (bigbox 40 di),ion,607000,80.09027777777779,0.5513277053833008,1.8138032793123788,0.550896167755127,0.5350441932678223,0.5676308274269104,3.735769033432007,3.750095844268799,3.5607876777648926,3.939427614212036,0.46463499694395627,-0.08669270843934451,1327104
Firehose Moderate Bi-Maxwellian (bigbox 40 di),ion,607500,80.15625,0.5514260530471802,1.8134797847762185,0.5510053038597107,0.535153329372406,0.5677202939987183,3.7355990409851074,3.7501022815704346,3.56085205078125,3.939396858215332,0.46461063458443763,-0.08681541846274254,1327104
Firehose Moderate Bi-Maxwellian (bigbox 40 di),ion,608000,80.22222222222223,0.5515276789665222,1.8131456282916674,0.5511022806167603,0.5352828502655029,0.5678099989891052,3.7354202270507812,3.750089645385742,3.5614500045776367,3.939178705215454,0.46458500558609017,-0.08694267338043205,1327104
Firehose Moderate Bi-Maxwellian (bigbox 40 di),ion,608500,80.28819444444444,0.5516334176063538,1.8127980794550071,0.5512458086013794,0.5353407263755798,0.5679500699043274,3.7352144718170166,3.7500247955322266,3.5614771842956543,3.9384865760803223,0.46455551211572366,-0.0870779054906301,1327104
Firehose Moderate Bi-Maxwellian (bigbox 40 di),ion,609000,80.35416666666667,0.5517377257347107,1.8124553630411435,0.5513607263565063,0.53547602891922,0.5680431127548218,3.735018730163574,3.7501254081726074,3.561439037322998,3.938659429550171,0.46452745100091897,-0.08721027473379173,1327104
Firehose Moderate Bi-Maxwellian (bigbox 40 di),ion,609500,80.42013888888889,0.5518472194671631,1.8120957481049764,0.5515111684799194,0.5356020331382751,0.5681420564651489,3.734800100326538,3.7503223419189453,3.5617363452911377,3.9381847381591797,0.4644961052065042,-0.08735111426065889,1327104
Firehose Moderate Bi-Maxwellian (bigbox 40 di),ion,610000,80.48611111111111,0.5519540905952454,1.8117448842920383,0.5516127943992615,0.5356966853141785,0.5682580471038818,3.7345852851867676,3.7502009868621826,3.5619378089904785,3.938035488128662,0.46446530276520936,-0.087488787830036,1327104
Firehose Moderate Bi-Maxwellian (bigbox 40 di),ion,610500,80.55208333333334,0.552061915397644,1.8113910271816362,0.5517109036445618,0.5358095765113831,0.5683669447898865,3.73437237739563,3.750107765197754,3.5621182918548584,3.937991142272949,0.464434770322822,-0.08762714507482205,1327104
Firehose Moderate Bi-Maxwellian (bigbox 40 di),ion,611000,80.61805555555556,0.5521734356880188,1.8110251876821648,0.5518417954444885,0.535942554473877,0.5684933066368103,3.7341411113739014,3.7496938705444336,3.5617806911468506,3.938241720199585,0.46440160123886143,-0.08777183444915737,1327104
Firehose Moderate Bi-Maxwellian (bigbox 40 di),ion,611500,80.68402777777779,0.5522854924201965,1.8106577372109711,0.5519459247589111,0.5360157489776611,0.5686401724815369,3.733898878097534,3.750115394592285,3.561837911605835,3.9378843307495117,0.46436685478235984,-0.0879186376378367,1327104
Firehose Moderate Bi-Maxwellian (bigbox 40 di),ion,612000,80.75,0.5523967146873474,1.8102931704906913,0.5520473122596741,0.5361732840538025,0.5687271356582642,3.7336692810058594,3.7499945163726807,3.5616559982299805,3.9381299018859863,0.4643339167251591,-0.0880627979621883,1327104
Firehose Moderate Bi-Maxwellian (bigbox 40 di),ion,612500,80.81597222222223,0.5525081753730774,1.8099279695268886,0.5521669387817383,0.5362597703933716,0.5688463449478149,3.7334325313568115,3.7498369216918945,3.5619406700134277,3.937692403793335,0.46429994831776,-0.08820822705531739,1327104
Firehose Moderate Bi-Maxwellian (bigbox 40 di),ion,613000,80.88194444444444,0.5526229739189148,1.8095519860647846,0.5523080229759216,0.5363891124725342,0.5689777731895447,3.733167886734009,3.749603748321533,3.561588764190674,3.937528371810913,0.4642619724906839,-0.08836100142823089,1327104
Firehose Moderate Bi-Maxwellian (bigbox 40 di),ion,613500,80.94791666666667,0.5527349710464478,1.8091853281994843,0.5524026155471802,0.5364881157875061,0.5691035985946655,3.7329397201538086,3.7500736713409424,3.561800479888916,3.9373083114624023,0.46422922684709367,-0.08850574419935409,1327104
Firehose Moderate Bi-Maxwellian (bigbox 40 di),ion,614000,81.01388888888889,0.5528488159179688,1.8088127734153983,0.5525329113006592,0.5365830659866333,0.5692306160926819,3.732699155807495,3.749927520751953,3.5615243911743164,3.9374868869781494,0.4641946975854421,-0.08865411833252668,1327104
Firehose Moderate Bi-Maxwellian (bigbox 40 di),ion,614500,81.07986111111111,0.5529620051383972,1.80844251631668,0.5526410341262817,0.5366909503936768,0.5693711042404175,3.732455253601074,3.7497525215148926,3.561345100402832,3.9375224113464355,0.46415968468198,-0.08880232045641723,1327104
Firehose Moderate Bi-Maxwellian (bigbox 40 di),ion,615000,81.14583333333334,0.553074300289154,1.808075333598375,0.5527128577232361,0.5367783308029175,0.5694823265075684,3.7322025299072266,3.749927043914795,3.561107873916626,3.937476634979248,0.46412340059966817,-0.08895089968948588,1327104
Firehose Moderate Bi-Maxwellian (bigbox 40 di),ion,615500,81.21180555555556,0.5531898140907288,1.8076977820780875,0.5528732538223267,0.5369037389755249,0.5695827603340149,3.7319462299346924,3.749824047088623,3.5609238147735596,3.937561273574829,0.4640865980443134,-0.08910321604641536,1327104
Firehose Moderate Bi-Maxwellian (bigbox 40 di),ion,616000,81.27777777777779,0.5533015727996826,1.8073326539450127,0.5529693365097046,0.5370088815689087,0.5697306394577026,3.7317049503326416,3.7498779296875,3.5608699321746826,3.937544345855713,0.4640519476702676,-0.08924962512941503,1327104
Firehose Moderate Bi-Maxwellian (bigbox 40 di),ion,616500,81.34375,0.5534157156944275,1.8069598886348888,0.5530856847763062,0.5370921492576599,0.5698397159576416,3.7314605712890625,3.7499566078186035,3.560659885406494,3.937533378601074,0.4640168476149584,-0.08939886807946906,1327104
Firehose Moderate Bi-Maxwellian (bigbox 40 di),ion,617000,81.40972222222223,0.5535274744033813,1.8065950584979513,0.5531848669052124,0.5372010469436646,0.5699771046638489,3.7312185764312744,3.7498602867126465,3.560253858566284,3.93743896484375,0.46398208546846886,-0.08954538893491248,1327104
Firehose Moderate Bi-Maxwellian (bigbox 40 di),ion,617500,81.47569444444444,0.5536432862281799,1.8062171525870496,0.5532951354980469,0.5373305678367615,0.570067822933197,3.730969190597534,3.7502410411834717,3.5602407455444336,3.9378671646118164,0.4639462569028372,-0.08969702932534274,1327104
Firehose Moderate Bi-Maxwellian (bigbox 40 di),ion,618000,81.54166666666667,0.5537565350532532,1.8058477628689888,0.5533901453018188,0.5374314188957214,0.5702440738677979,3.7307207584381104,3.7503156661987305,3.5595016479492188,3.9382011890411377,0.4639105605863376,-0.08984597446691556,1327104
Firehose Moderate Bi-Maxwellian (bigbox 40 di),ion,618500,81.60763888888889,0.5538723468780518,1.805470169501302,0.5534878373146057,0.5375012159347534,0.5703510642051697,3.7304811477661133,3.750049591064453,3.559424877166748,3.9383013248443604,0.4638761272932206,-0.08999621958483117,1327104
Firehose Moderate Bi-Maxwellian (bigbox 40 di),ion,619000,81.67361111111111,0.5539848804473877,1.805103415805173,0.5535889863967896,0.5376576781272888,0.5704678893089294,3.730242967605591,3.7504239082336426,3.5590603351593018,3.9383606910705566,0.46384189518792074,-0.09014298525946696,1327104
Firehose Moderate Bi-Maxwellian (bigbox 40 di),ion,619500,81.73958333333334,0.5541002154350281,1.8047276866963367,0.5537207126617432,0.5377251505851746,0.5705624222755432,3.729998826980591,3.7507338523864746,3.5584888458251953,3.9387331008911133,0.4638068018860514,-0.09029341354897669,1327104
Firehose Moderate Bi-Maxwellian (bigbox 40 di),ion,620000,81.80555555555556,0.5542150735855103,1.8043536664033177,0.5538039207458496,0.5378165245056152,0.5707030296325684,3.729755163192749,3.7509050369262695,3.5580267906188965,3.938779830932617,0.46377177254499524,-0.09044330104051501,1327104
Firehose Moderate Bi-Maxwellian (bigbox 40 di),ion,620500,81.87152777777779,0.5543268322944641,1.8039898878082627,0.5539284944534302,0.5379080772399902,0.5708613395690918,3.7295312881469727,3.750939130783081,3.557340145111084,3.9390485286712646,0.4637395840178874,-0.09058724827657672,1327104
Firehose Moderate Bi-Maxwellian (bigbox 40 di),ion,621000,81.9375,0.5544425249099731,1.8036134586941608,0.553996741771698,0.5380183458328247,0.5709600448608398,3.729279041290283,3.7508544921875,3.5569205284118652,3.939478874206543,0.46370331159021416,-0.09073921331975898,1327104
Firehose Moderate Bi-Maxwellian (bigbox 40 di),ion,621500,82.00347222222223,0.5545548796653748,1.8032480403083142,0.5540984869003296,0.5381090641021729,0.5710806846618652,3.7290661334991455,3.751356363296509,3.5561656951904297,3.939342975616455,0.4636726921967156,-0.09088218746865917,1327104
Firehose Moderate Bi-Maxwellian (bigbox 40 di),ion,622000,82.06944444444444,0.5546649098396301,1.8028903257808924,0.5542256832122803,0.5382398962974548,0.5711907148361206,3.728856325149536,3.7514214515686035,3.556086540222168,3.9394333362579346,0.46364251512967714,-0.09102239470995299,1327104
Firehose Moderate Bi-Maxwellian (bigbox 40 di),ion,622500,82.13541666666667,0.5547782182693481,1.802522101750026,0.554315447807312,0.5382957458496094,0.5713326930999756,3.7286388874053955,3.7515463829040527,3.5555636882781982,3.9400970935821533,0.4636112371311676,-0.09116698113818056,1327104
Firehose Moderate Bi-Maxwellian (bigbox 40 di),ion,623000,82.20138888888889,0.5548906326293945,1.8021569318289234,0.5543931126594543,0.538405179977417,0.5714209675788879,3.7284300327301025,3.752235174179077,3.555176258087158,3.940279245376587,0.4635811903554694,-0.09130944227392512,1327104
Firehose Moderate Bi-Maxwellian (bigbox 40 di),ion,623500,82.26736111111111,0.5550077557563782,1.8017766231702033,0.5545251369476318,0.5384923219680786,0.5715513229370117,3.728193521499634,3.751936197280884,3.5544679164886475,3.9406991004943848,0.4635471607183317,-0.09146059503804649,1327104
Firehose Moderate Bi-Maxwellian (bigbox 40 di),ion,624000,82.33333333333334,0.5551210045814514,1.8014090473012767,0.5546115636825562,0.5385798215866089,0.5716880559921265,3.7279915809631348,3.7522153854370117,3.5542781352996826,3.9408011436462402,0.46351810175405606,-0.09160290282739536,1327104
Firehose Moderate Bi-Maxwellian (bigbox 40 di),ion,624500,82.39930555555556,0.5552347898483276,1.8010398812962853,0.5547100305557251,0.538707971572876,0.5718019604682922,3.7277886867523193,3.7528023719787598,3.553462505340576,3.9404635429382324,0.46348890238668095,-0.09174588746164669,1327104
Firehose Moderate Bi-Maxwellian (bigbox 40 di),ion,625000,82.46527777777779,0.5553464889526367,1.8006776307994017,0.5547828078269958,0.5388072729110718,0.571912407875061,3.7275941371917725,3.7530899047851562,3.5528852939605713,3.941166877746582,0.4634609009481049,-0.09188558800453184,1327104
Firehose Moderate Bi-Maxwellian (bigbox 40 di),ion,625500,82.53125,0.555458128452301,1.8003157191818342,0.5548748970031738,0.5388873815536499,0.5720435976982117,3.7274022102355957,3.752717971801758,3.5526933670043945,3.9411516189575195,0.46343327411570456,-0.09202485433659646,1327104
Firehose Moderate Bi-Maxwellian (bigbox 40 di),ion,626000,82.59722222222223,0.555570125579834,1.7999527943593552,0.5549765229225159,0.5389911532402039,0.5721791982650757,3.7272255420684814,3.752920150756836,3.551701545715332,3.9417927265167236,0.4634078411873972,-0.09216228439243679,1327104
Firehose Moderate Bi-Maxwellian (bigbox 40 di),ion,626500,82.66319444444444,0.5556811094284058,1.7995932973655289,0.5551002025604248,0.5390784740447998,0.5722887516021729,3.727046251296997,3.753483772277832,3.551499366760254,3.9415080547332764,0.46338202824716546,-0.0922990811812403,1327104
Firehose Moderate Bi-Maxwellian (bigbox 40 di),ion,627000,82.72916666666667,0.5557935237884521,1.7992293130436388,0.5552341341972351,0.5391710996627808,0.5724092721939087,3.7268638610839844,3.753514289855957,3.550830125808716,3.942101240158081,0.46335576652422017,-0.09243775726423198,1327104
Firehose Moderate Bi-Maxwellian (bigbox 40 di),ion,627500,82.79513888888889,0.5559042096138,1.7988710693425471,0.5553148984909058,0.5392737984657288,0.5724765658378601,3.7266950607299805,3.7535159587860107,3.549917459487915,3.942131996154785,0.46333145926668806,-0.09257275034711199,1327104
Firehose Moderate Bi-Maxwellian (bigbox 40 di),ion,628000,82.86111111111111,0.55601567029953,1.7985104618747383,0.5554324388504028,0.5394066572189331,0.5726312398910522,3.7265231609344482,3.753629446029663,3.5497989654541016,3.942111015319824,0.4633067034263413,-0.09270896687318875,1327104
Firehose Moderate Bi-Maxwellian (bigbox 40 di),ion,628500,82.92708333333334,0.5561257600784302,1.7981544315785163,0.5555027723312378,0.5394524335861206,0.5728045701980591,3.7263712882995605,3.75345516204834,3.5491600036621094,3.9424092769622803,0.4632848298612102,-0.09284093021721995,1327104
Firehose Moderate Bi-Maxwellian (bigbox 40 di),ion,629000,82.99305555555556,0.5562410950660706,1.7977815894404918,0.5556391477584839,0.5395590662956238,0.5728960633277893,3.7261924743652344,3.7534656524658203,3.5485446453094482,3.942498207092285,0.46325907377055053,-0.09298202129552002,1327104
Firehose Moderate Bi-Maxwellian (bigbox 40 di),ion,629500,83.05902777777779,0.5563471913337708,1.7974387497178315,0.5556968450546265,0.5396453142166138,0.5730457305908203,3.726060628890991,3.753736734390259,3.547973155975342,3.9425883293151855,0.4632400813630154,-0.09310710997075533,1327104
Firehose Moderate Bi-Maxwellian (bigbox 40 di),ion,630000,83.125,0.5564543008804321,1.7970927682970224,0.5558141469955444,0.5397343635559082,0.5731839537620544,3.7259278297424316,3.753537654876709,3.5477237701416016,3.9424853324890137,0.4632209502194632,-0.09323335066096894,1327104
Firehose Moderate Bi-Maxwellian (bigbox 40 di),ion,630500,83.19097222222223,0.5565605163574219,1.7967498063729017,0.5559213161468506,0.5398280024528503,0.5733365416526794,3.725811004638672,3.753229856491089,3.547214984893799,3.943094253540039,0.4632041191810373,-0.09335639717638455,1327104
Firehose Moderate Bi-Maxwellian (bigbox 40 di),ion,631000,83.25694444444444,0.5566686987876892,1.7964006278380587,0.5560746192932129,0.5399197340011597,0.5734604597091675,3.725680112838745,3.7530808448791504,3.5468435287475586,3.9427661895751953,0.4631852602943628,-0.09348343849332641,1327104
Firehose Moderate Bi-Maxwellian (bigbox 40 di),ion,631500,83.32291666666667,0.5567736625671387,1.7960619677828507,0.5561559200286865,0.5400374531745911,0.5736086368560791,3.725572347640991,3.7532520294189453,3.5460357666015625,3.942814588546753,0.46316973249321347,-0.0936039300739252,1327104
Firehose Moderate Bi-Maxwellian (bigbox 40 di),ion,632000,83.38888888888889,0.5568776726722717,1.79572651063802,0.5562742948532104,0.540052056312561,0.5737343430519104,3.725473403930664,3.753070116043091,3.5456044673919678,3.9428389072418213,0.46315547498209364,-0.09372219769017809,1327104
Firehose Moderate Bi-Maxwellian (bigbox 40 di),ion,632500,83.45486111111111,0.5569794178009033,1.7953984798006628,0.55638587474823,0.5401403307914734,0.5738769769668579,3.725372314453125,3.7528066635131836,3.545592784881592,3.942457675933838,0.46314090748978065,-0.09383851031112267,1327104
Firehose Moderate Bi-Maxwellian (bigbox 40 di),ion,633000,83.52083333333334,0.5570787191390991,1.7950784433937534,0.5564720630645752,0.5402456521987915,0.5740008354187012,3.725295066833496,3.752448558807373,3.5450263023376465,3.9424686431884766,0.46312977519388776,-0.09394894394521136,1327104
Firehose Moderate Bi-Maxwellian (bigbox 40 di),ion,633500,83.58680555555556,0.5571770071983337,1.7947617849995705,0.5565913915634155,0.540305495262146,0.5741924047470093,3.7252349853515625,3.7526302337646484,3.5447568893432617,3.9427649974823,0.46312111642233666,-0.09405589077599708,1327104
Firehose Moderate Bi-Maxwellian (bigbox 40 di),ion,634000,83.65277777777779,0.5572773218154907,1.7944387127439767,0.5567134618759155,0.5403873324394226,0.5743228197097778,3.72515606880188,3.752058267593384,3.543973684310913,3.942964553833008,0.4631097427702515,-0.0941675790452392,1327104
Firehose Moderate Bi-Maxwellian (bigbox 40 di),ion,634500,83.71875,0.5573762059211731,1.7941203613945174,0.5568246841430664,0.5404652953147888,0.5744291543960571,3.7250897884368896,3.7516043186187744,3.5441794395446777,3.9422292709350586,0.46310018990462143,-0.09427601601655167,1327104
Firehose Moderate Bi-Maxwellian (bigbox 40 di),ion,635000,83.78472222222223,0.557476282119751,1.7937982871622706,0.556952953338623,0.5405665636062622,0.5745666027069092,3.725029468536377,3.751549243927002,3.5437893867492676,3.942113161087036,0.463091495814171,-0.09438478630558,1327104
Firehose Moderate Bi-Maxwellian (bigbox 40 di),ion,635500,83.85069444444444,0.5575723648071289,1.7934891739943248,0.5570050477981567,0.5406507849693298,0.5747510194778442,3.7249844074249268,3.751189947128296,3.5434794425964355,3.942061424255371,0.46308500083558857,-0.09448736397154034,1327104
Firehose Moderate Bi-Maxwellian (bigbox 40 di),ion,636000,83.91666666666667,0.5576671957969666,1.7931841921791583,0.5571779608726501,0.5407101511955261,0.5748640298843384,3.724944591522217,3.750763177871704,3.543426036834717,3.9424195289611816,0.46307926175549086,-0.0945879340414757,1327104
Firehose Moderate Bi-Maxwellian (bigbox 40 di),ion,636500,83.98263888888889,0.5577626824378967,1.7928772065372867,0.5572835206985474,0.5408340692520142,0.5749714374542236,3.7249059677124023,3.7506048679351807,3.5431880950927734,3.9416916370391846,0.4630736943869025,-0.09468898805099424,1327104
Firehose Moderate Bi-Maxwellian (bigbox 40 di),ion,637000,84.04861111111111,0.5578557848930359,1.7925779871436514,0.5573844909667969,0.5409044623374939,0.5750913619995117,3.7248847484588623,3.749978542327881,3.5428149700164795,3.9417741298675537,0.46307063572168716,-0.09478514917134873,1327104
Firehose Moderate Bi-Maxwellian (bigbox 40 di),ion,637500,84.11458333333334,0.5579496026039124,1.7922765700218601,0.5575089454650879,0.5409947633743286,0.5752228498458862,3.7248620986938477,3.749450922012329,3.5426361560821533,3.941282272338867,0.463067370815871,-0.09488223178804134,1327104
Firehose Moderate Bi-Maxwellian (bigbox 40 di),ion,638000,84.18055555555556,0.5580399036407471,1.7919865469759961,0.5576366186141968,0.5411012768745422,0.5753313899040222,3.7248573303222656,3.7490265369415283,3.5426721572875977,3.9411566257476807,0.4630666834622187,-0.09497322017852838,1327104
Firehose Moderate Bi-Maxwellian (bigbox 40 di),ion,638500,84.24652777777779,0.5581328272819519,1.7916881987929194,0.5577455759048462,0.5411689877510071,0.5754590034484863,3.724839687347412,3.7485480308532715,3.542501449584961,3.9402925968170166,0.46306414023840325,-0.09506868704354865,1327104
Firehose Moderate Bi-Maxwellian (bigbox 40 di),ion,639000,84.3125,0.5582236051559448,1.7913968358981183,0.5578792095184326,0.5412836074829102,0.575554609298706,3.7248222827911377,3.748101234436035,3.5423924922943115,3.939786195755005,0.4630616313588709,-0.09516197379707392,1327104
Firehose Moderate Bi-Maxwellian (bigbox 40 di),ion,639500,84.37847222222223,0.5583094954490662,1.7911212475361324,0.5579911470413208,0.5413815379142761,0.575655460357666,3.7248623371124268,3.747615098953247,3.542978048324585,3.939572811126709,0.46306740518350753,-0.09524209026555863,1327104
Firehose Moderate Bi-Maxwellian (bigbox 40 di),ion,640000,84.44444444444444,0.5583968162536621,1.790841156131756,0.5581061244010925,0.5414520502090454,0.5757443904876709,3.724864959716797,3.7471370697021484,3.542628288269043,3.939206600189209,0.46306778322721776,-0.09532903302644435,1327104
Firehose Moderate Bi-Maxwellian (bigbox 40 di),ion,640500,84.51041666666667,0.5584826469421387,1.7905659298015835,0.5581631660461426,0.5415725708007812,0.5758535265922546,3.724885940551758,3.747112274169922,3.542736291885376,3.938342571258545,0.46307080755773555,-0.09541183938440312,1327104
Firehose Moderate Bi-Maxwellian (bigbox 40 di),ion,641000,84.57638888888889,0.558568000793457,1.7902923163866888,0.5583415031433105,0.5416578650474548,0.5759544372558594,3.724904775619507,3.7465007305145264,3.5428519248962402,3.938037633895874,0.46307352255270195,-0.09549447824075508,1327104
Firehose Moderate Bi-Maxwellian (bigbox 40 di),ion,641500,84.64236111111111,0.5586516857147217,1.7900241341268504,0.5584363341331482,0.5418002605438232,0.5760016441345215,3.7249531745910645,3.746230363845825,3.543178081512451,3.9375662803649902,0.46308049893283143,-0.09557118678189025,1327104
Firehose Moderate Bi-Maxwellian (bigbox 40 di),ion,642000,84.70833333333334,0.5587337017059326,1.789761378178527,0.558504581451416,0.5418702363967896,0.576099157333374,3.724977493286133,3.745151996612549,3.5431857109069824,3.9371886253356934,0.4630840042376678,-0.0956496974682648,1327104
Firehose Moderate Bi-Maxwellian (bigbox 40 di),ion,642500,84.77430555555556,0.5588164329528809,1.7894964088937584,0.5586481094360352,0.5419960021972656,0.5761555433273315,3.7250189781188965,3.744764804840088,3.543304204940796,3.9366366863250732,0.4630899837696979,-0.09572644918318296,1327104
Firehose Moderate Bi-Maxwellian (bigbox 40 di),ion,643000,84.84027777777779,0.5588960647583008,1.7892414405037156,0.5587518811225891,0.5420800447463989,0.5762172937393188,3.7250924110412598,3.74432635307312,3.5437259674072266,3.9356942176818848,0.4631005679021669,-0.09579549685613387,1327104
Firehose Moderate Bi-Maxwellian (bigbox 40 di),ion,643500,84.90625,0.5589755177497864,1.7889871170487093,0.5588237047195435,0.5421897172927856,0.5763051509857178,3.7251362800598145,3.7438125610351562,3.5439352989196777,3.9357504844665527,0.46310689069128874,-0.09586862705849764,1327104
Firehose Moderate Bi-Maxwellian (bigbox 40 di),ion,644000,84.97222222222223,0.5590532422065735,1.7887383964593735,0.5589284896850586,0.542281985282898,0.5763852596282959,3.7251992225646973,3.7430331707000732,3.544023275375366,3.9347589015960693,0.4631159622590453,-0.09593727994752821,1327104
Firehose Moderate Bi-Maxwellian (bigbox 40 di),ion,644500,85.03819444444444,0.5591343641281128,1.7884788776296228,0.5590299963951111,0.5423982739448547,0.5764427185058594,3.725248336791992,3.7426791191101074,3.544795513153076,3.934227705001831,0.4631230406179295,-0.09601132351018327,1327104
Firehose Moderate Bi-Maxwellian (bigbox 40 di),ion,645000,85.10416666666667,0.5592105984687805,1.7882350633878907,0.5591360330581665,0.5425090789794922,0.5764929056167603,3.7253220081329346,3.742274761199951,3.5453858375549316,3.9326772689819336,0.4631336578063048,-0.09607694066247574,1327104
Firehose Moderate Bi-Maxwellian (bigbox 40 di),ion,645500,85.17013888888889,0.5592896342277527,1.78798235976743,0.559206485748291,0.5426371693611145,0.5765378475189209,3.7253878116607666,3.742032766342163,3.5455408096313477,3.932382583618164,0.4631431407651473,-0.0961464934626054,1327104
Firehose Moderate Bi-Maxwellian (bigbox 40 di),ion,646000,85.23611111111111,0.5593633651733398,1.7877466817836958,0.5592897534370422,0.542758047580719,0.5765936970710754,3.725470781326294,3.7414119243621826,3.5457546710968018,3.93166446685791,0.46315509706185753,-0.09620826811148231,1327104
Firehose Moderate Bi-Maxwellian (bigbox 40 di),ion,646500,85.30208333333334,0.559440553188324,1.7875000199768694,0.5594198107719421,0.5428366661071777,0.5766181945800781,3.725536346435547,3.7406773567199707,3.546462059020996,3.930741786956787,0.46316454490813785,-0.09627600828018612,1327104
Firehose Moderate Bi-Maxwellian (bigbox 40 di),ion,647000,85.36805555555556,0.559512734413147,1.7872694194330796,0.5594480037689209,0.5429360270500183,0.5766597390174866,3.7256312370300293,3.739875316619873,3.5470359325408936,3.9297938346862793,0.4631782179294951,-0.09633451648365188,1327104
Firehose Moderate Bi-Maxwellian (bigbox 40 di),ion,647500,85.43402777777779,0.5595908164978027,1.7870200341358293,0.5595364570617676,0.5430736541748047,0.5767167806625366,3.7257089614868164,3.740048885345459,3.5473179817199707,3.9287941455841064,0.4631894169205688,-0.09640139957723393,1327104
Firehose Moderate Bi-Maxwellian (bigbox 40 di),ion,648000,85.5,0.5596639513969421,1.7867865126992057,0.5596016645431519,0.5431556701660156,0.5767606496810913,3.7257940769195557,3.7395496368408203,3.547677516937256,3.928177833557129,0.46320168031036824,-0.0964622710865739,1327104
Firehose Moderate Bi-Maxwellian (bigbox 40 di),ion,648500,85.56597222222223,0.5597380995750427,1.7865498181367452,0.5597017407417297,0.5432515144348145,0.5768406391143799,3.7258872985839844,3.7392914295196533,3.5484416484832764,3.9275262355804443,0.4632151109991717,-0.09652298857587105,1327104
Firehose Moderate Bi-Maxwellian (bigbox 40 di),ion,649000,85.63194444444444,0.5598111748695374,1.7863166097622964,0.5597876310348511,0.5433506965637207,0.5768353343009949,3.725971221923828,3.7385361194610596,3.548776388168335,3.9266459941864014,0.4632272014792048,-0.09658397339033253,1327104
Firehose Moderate Bi-Maxwellian (bigbox 40 di),ion,649500,85.69791666666667,0.559878945350647,1.7861003852783022,0.5598504543304443,0.5434578061103821,0.5769025087356567,3.726081132888794,3.7385172843933105,3.5494916439056396,3.925676107406616,0.4632430350625726,-0.09663591028807439,1327104
Firehose Moderate Bi-Maxwellian (bigbox 40 di),ion,650000,85.76388888888889,0.5599527955055237,1.785864822939589,0.5599329471588135,0.543550968170166,0.5769248008728027,3.7261850833892822,3.7378077507019043,3.5501723289489746,3.9245967864990234,0.46325800913227055,-0.09669478637325313,1327104
Firehose Moderate Bi-Maxwellian (bigbox 40 di),ion,650500,85.82986111111111,0.5600278973579407,1.7856253317338797,0.5600351691246033,0.5436880588531494,0.5769771933555603,3.726264238357544,3.737818479537964,3.550483226776123,3.9238264560699463,0.46326941084522866,-0.09675848651271202,1327104
Firehose Moderate Bi-Maxwellian (bigbox 40 di),ion,651000,85.89583333333334,0.5600935816764832,1.7854159246152763,0.5600699186325073,0.543773889541626,0.5769839882850647,3.7263882160186768,3.7376019954681396,3.550846576690674,3.923098564147949,0.463287267976382,-0.09680631370010118,1327104
Firehose Moderate Bi-Maxwellian (bigbox 40 di),ion,651500,85.96180555555556,0.5601598024368286,1.785204856988598,0.5601297616958618,0.543843686580658,0.5770360827445984,3.7265095710754395,3.7373883724212646,3.5519871711730957,3.922269821166992,0.46330474620978457,-0.09685505622704405,1327104
Firehose Moderate Bi-Maxwellian (bigbox 40 di),ion,652000,86.02777777777779,0.5602323412895203,1.7849737087620472,0.5601730942726135,0.5439545512199402,0.5770664215087891,3.726612091064453,3.7371389865875244,3.5523123741149902,3.9216384887695312,0.46331951082444733,-0.09691283046507293,1327104
Firehose Moderate Bi-Maxwellian (bigbox 40 di),ion,652500,86.09375,0.5602965950965881,1.7847690111834653,0.5602757930755615,0.5440464019775391,0.5770925283432007,3.7267346382141113,3.736820697784424,3.5530552864074707,3.920383930206299,0.46333715862355573,-0.0969594364730324,1327104
Firehose Moderate Bi-Maxwellian (bigbox 40 di),ion,653000,86.15972222222223,0.5603660345077515,1.7845478462634536,0.5603118538856506,0.5441640019416809,0.5771316289901733,3.7268502712249756,3.7363665103912354,3.5535669326782227,3.9197046756744385,0.463353809665495,-0.09701222484225647,1327104
Firehose Moderate Bi-Maxwellian (bigbox 40 di),ion,653500,86.22569444444444,0.5604310631752014,1.7843407792822166,0.5603657364845276,0.5442434549331665,0.5771443247795105,3.726977825164795,3.7361817359924316,3.5542383193969727,3.9187610149383545,0.4633721761111991,-0.09705888706400234,1327104
Firehose Moderate Bi-Maxwellian (bigbox 40 di),ion,654000,86.29166666666667,0.5604969263076782,1.7841311041392969,0.5604296922683716,0.544323742389679,0.5771786570549011,3.7271013259887695,3.7356646060943604,3.555274486541748,3.918036460876465,0.46338995775237846,-0.09710696855529977,1327104
Firehose Moderate Bi-Maxwellian (bigbox 40 di),ion,654500,86.35763888888889,0.5605604648590088,1.7839288759893517,0.560510516166687,0.5443986654281616,0.5771970748901367,3.727220058441162,3.7358503341674805,3.555847644805908,3.917107582092285,0.4634070517326896,-0.0971534131263192,1327104
Firehose Moderate Bi-Maxwellian (bigbox 40 di),ion,655000,86.42361111111111,0.5606273412704468,1.7837160737360467,0.5605376958847046,0.5444784164428711,0.577226459980011,3.727341413497925,3.7355384826660156,3.5564017295837402,3.916487693786621,0.4634245221654919,-0.09720281910495487,1327104
Firehose Moderate Bi-Maxwellian (bigbox 40 di),ion,655500,86.48958333333334,0.5606867074966431,1.7835272115952332,0.5605981349945068,0.5445483922958374,0.5772844552993774,3.7274904251098633,3.7351999282836914,3.5572454929351807,3.9157071113586426,0.4634459725161997,-0.09724073498044339,1327104
Firehose Moderate Bi-Maxwellian (bigbox 40 di),ion,656000,86.55555555555556,0.5607472062110901,1.78333478780375,0.5606507062911987,0.5446444749832153,0.5773122906684875,3.727625846862793,3.7352795600891113,3.557542324066162,3.9155049324035645,0.4634654651074437,-0.0972817411036464,1327104
Firehose Moderate Bi-Maxwellian (bigbox 40 di),ion,656500,86.62152777777779,0.560806393623352,1.783146574950817,0.5607246160507202,0.5447037220001221,0.5773390531539917,3.727786064147949,3.7352819442749023,3.558410167694092,3.914626121520996,0.4634885249357422,-0.09731786868760983,1327104
Firehose Moderate Bi-Maxwellian (bigbox 40 di),ion,657000,86.6875,0.5608645081520081,1.7829618124614428,0.560753345489502,0.5447641015052795,0.5773683786392212,3.7279303073883057,3.734971284866333,3.55924129486084,3.9140162467956543,0.4635092839487255,-0.09735522420328258,1327104
Firehose Moderate Bi-Maxwellian (bigbox 40 di),ion,657500,86.75347222222223,0.5609232187271118,1.7827751938478738,0.5607991218566895,0.5448718070983887,0.5773783922195435,3.728085517883301,3.7350330352783203,3.5593035221099854,3.913766622543335,0.4635316195387218,-0.09739159918839002,1327104
Firehose Moderate Bi-Maxwellian (bigbox 40 di),ion,658000,86.81944444444444,0.5609814524650574,1.7825901295057316,0.5608522295951843,0.5449303388595581,0.5774273872375488,3.7282395362854004,3.7350215911865234,3.560145854949951,3.9125263690948486,0.4635537817420704,-0.09742767072298697,1327104
Firehose Moderate Bi-Maxwellian (bigbox 40 di),ion,658500,86.88541666666667,0.5610363483428955,1.7824157079191911,0.560917317867279,0.5449928045272827,0.5774454474449158,3.7283997535705566,3.735121726989746,3.560683250427246,3.912456512451172,0.46357683397959926,-0.09745951436329625,1327104
Firehose Moderate Bi-Maxwellian (bigbox 40 di),ion,659000,86.95138888888889,0.5610910654067993,1.7822418884445883,0.5609479546546936,0.5450636148452759,0.5774517059326172,3.728550434112549,3.735032320022583,3.5612921714782715,3.911879062652588,0.46359851225238147,-0.09749255315441785,1327104
Firehose Moderate Bi-Maxwellian (bigbox 40 di),ion,659500,87.01736111111111,0.5611410140991211,1.7820832462325735,0.5609903335571289,0.5450683236122131,0.5775266885757446,3.728733777999878,3.734926223754883,3.5614829063415527,3.911771297454834,0.4636248874080746,-0.09751612669104648,1327104
Firehose Moderate Bi-Maxwellian (bigbox 40 di),ion,660000,87.08333333333334,0.5611927509307861,1.7819189544793914,0.5610305070877075,0.5451717376708984,0.5775159597396851,3.728909730911255,3.734985828399658,3.562551498413086,3.911154270172119,0.4636501968871076,-0.09754255404367851,1327104
Firehose Moderate Bi-Maxwellian (bigbox 40 di),ion,660500,87.14930555555556,0.5612426996231079,1.7817603697500768,0.5610494613647461,0.5452194213867188,0.5775513052940369,3.729102611541748,3.7348999977111816,3.56315541267395,3.9110536575317383,0.46367793854481076,-0.09756476107829715,1327104
Firehose Moderate Bi-Maxwellian (bigbox 40 di),ion,661000,87.21527777777779,0.561295747756958,1.7815919753466611,0.5611101388931274,0.5452737808227539,0.5775916576385498,3.7292685508728027,3.735109329223633,3.563730239868164,3.9100966453552246,0.46370180298978003,-0.09759394476717798,1327104
Firehose Moderate Bi-Maxwellian (bigbox 40 di),ion,661500,87.28125,0.5613412857055664,1.7814474464372785,0.5611406564712524,0.5453476905822754,0.5776251554489136,3.7294673919677734,3.7354273796081543,3.564408540725708,3.9101009368896484,0.46373039638114577,-0.09761088932442064,1327104
Firehose Moderate Bi-Maxwellian (bigbox 40 di),ion,662000,87.34722222222223,0.5613914132118225,1.7812883782436533,0.561150312423706,0.5453750491142273,0.5776585340499878,3.729641914367676,3.735595226287842,3.5646724700927734,3.910390615463257,0.4637554902267125,-0.09763592298511004,1327104
Firehose Moderate Bi-Maxwellian (bigbox 40 di),ion,662500,87.41319444444444,0.5614364147186279,1.78114560043485,0.5612300038337708,0.545428991317749,0.5777168869972229,3.729849100112915,3.7356185913085938,3.565277099609375,3.90999436378479,0.46378527754931065,-0.09765113716931728,1327104
Firehose Moderate Bi-Maxwellian (bigbox 40 di),ion,663000,87.47916666666667,0.5614847540855408,1.7809922579797288,0.5612916350364685,0.5454435348510742,0.5777432322502136,3.7300257682800293,3.735553026199341,3.5660343170166016,3.9101176261901855,0.46381067471224735,-0.09767407937329342,1327104
Firehose Moderate Bi-Maxwellian (bigbox 40 di),ion,663500,87.54513888888889,0.5615290403366089,1.7808517960185095,0.5612843036651611,0.5455212593078613,0.5777291059494019,3.7302467823028564,3.7359061241149902,3.5662708282470703,3.9096426963806152,0.4638424434843139,-0.09768659685229497,1327104
Firehose Moderate Bi-Maxwellian (bigbox 40 di),ion,664000,87.61111111111111,0.5615773797035217,1.780698504145481,0.561316967010498,0.5455595850944519,0.5778186321258545,3.7304189205169678,3.7357797622680664,3.567095994949341,3.9095652103424072,0.4638671841920541,-0.09771019551146765,1327104
Firehose Moderate Bi-Maxwellian (bigbox 40 di),ion,664500,87.67708333333334,0.5616218447685242,1.7805575216045166,0.561370849609375,0.5456103682518005,0.5777937769889832,3.730626344680786,3.736150026321411,3.5674567222595215,3.909853935241699,0.4638969933690501,-0.09772485139947407,1327104
Firehose Moderate Bi-Maxwellian (bigbox 40 di),ion,665000,87.74305555555556,0.561663806438446,1.7804244968909033,0.5613865852355957,0.5456385016441345,0.5778306126594543,3.7308506965637207,3.736556053161621,3.5681610107421875,3.909686803817749,0.463929231517603,-0.09773457492084303,1327104
Firehose Moderate Bi-Maxwellian (bigbox 40 di),ion,665500,87.80902777777779,0.5617103576660156,1.780276945853622,0.5614398717880249,0.5456914305686951,0.5778831243515015,3.7310328483581543,3.7367351055145264,3.5683531761169434,3.909587860107422,0.46395540289062254,-0.09775495477539309,1327104
Firehose Moderate Bi-Maxwellian (bigbox 40 di),ion,666000,87.875,0.5617535710334778,1.7801399965473559,0.5614476799964905,0.545730710029602,0.5779163837432861,3.731245517730713,3.737118721008301,3.569380044937134,3.909574031829834,0.46398595576300494,-0.09776761527047284,1327104
Firehose Moderate Bi-Maxwellian (bigbox 40 di),ion,666500,87.94097222222223,0.5618025064468384,1.779984938701278,0.5614928603172302,0.5457552671432495,0.5779803395271301,3.7314226627349854,3.7371363639831543,3.569429874420166,3.90950345993042,0.46401140241398464,-0.09779110403285374,1327104
Firehose Moderate Bi-Maxwellian (bigbox 40 di),ion,667000,88.00694444444444,0.5618441700935364,1.779852943625844,0.5615087747573853,0.5457888841629028,0.5779956579208374,3.731654644012451,3.737169027328491,3.569946765899658,3.9097516536712646,0.46404472257124374,-0.09779944752229264,1327104
Firehose Moderate Bi-Maxwellian (bigbox 40 di),ion,667500,88.07291666666667,0.561888575553894,1.7797122837285453,0.5615639090538025,0.5458106398582458,0.5780446529388428,3.731854200363159,3.7374277114868164,3.570671796798706,3.9096429347991943,0.46407338212586835,-0.09781519342802569,1327104
Firehose Moderate Bi-Maxwellian (bigbox 40 di),ion,668000,88.13888888888889,0.5619326233863831,1.7795727786254603,0.5615907907485962,0.5458733439445496,0.5780698657035828,3.732041835784912,3.7379939556121826,3.570770502090454,3.9099411964416504,0.4641003268444428,-0.09783229654194026,1327104
Firehose Moderate Bi-Maxwellian (bigbox 40 di),ion,668500,88.20486111111111,0.5619806051254272,1.7794208392241795,0.5616352558135986,0.5459216237068176,0.5781230926513672,3.7322475910186768,3.7380411624908447,3.571392774581909,3.9101226329803467,0.46412987047996956,-0.09785073464545768,1327104
Firehose Moderate Bi-Maxwellian (bigbox 40 di),ion,669000,88.27083333333334,0.56202632188797,1.7792760962525387,0.5616684556007385,0.5459685325622559,0.5781593918800354,3.732454538345337,3.738589286804199,3.571237325668335,3.9105703830718994,0.46415958199811447,-0.0978667398898555,1327104
Firehose Moderate Bi-Maxwellian (bigbox 40 di),ion,669500,88.33680555555556,0.562070369720459,1.7791366595206606,0.5616980791091919,0.5460095405578613,0.5781812071800232,3.7326626777648926,3.7390851974487305,3.571577548980713,3.910400152206421,0.4641894613424875,-0.09788090837797148,1327104
Firehose Moderate Bi-Maxwellian (bigbox 40 di),ion,670000,88.40277777777779,0.5621150732040405,1.7789951696189668,0.5617707967758179,0.546044647693634,0.5782344341278076,3.732865333557129,3.7394018173217773,3.5720767974853516,3.910601854324341,0.4642185502860998,-0.09789652291794071,1327104
Firehose Moderate Bi-Maxwellian (bigbox 40 di),ion,670500,88.46875,0.5621622800827026,1.778845780711016,0.5617853403091431,0.5460637211799622,0.5782684683799744,3.73305606842041,3.7396435737609863,3.5725340843200684,3.9110660552978516,0.4642459252302975,-0.09791635485240513,1327104
Firehose Moderate Bi-Maxwellian (bigbox 40 di),ion,671000,88.53472222222223,0.5622097253799438,1.7786956625913852,0.5618090033531189,0.5461226105690002,0.5783324241638184,3.7332444190979004,3.7398791313171387,3.5728158950805664,3.9115426540374756,0.4642729552427004,-0.09793677013724345,1327104
Firehose Moderate Bi-Maxwellian (bigbox 40 di),ion,671500,88.60069444444444,0.5622577667236328,1.7785436843801414,0.561888575553894,0.5461211800575256,0.5783805251121521,3.733454942703247,3.740200996398926,3.572728395462036,3.9119679927825928,0.4643031640414337,-0.09795460268219913,1327104
Firehose Moderate Bi-Maxwellian (bigbox 40 di),ion,672000,88.66666666666667,0.5623058676719666,1.77839154362759,0.5618774890899658,0.5462223291397095,0.578450083732605,3.7336463928222656,3.7404258251190186,3.5732743740081787,3.91218638420105,0.46433063295846855,-0.097975234713498,1327104
Firehose Moderate Bi-Maxwellian (bigbox 40 di),ion,672500,88.73263888888889,0.5623546838760376,1.7782371671691002,0.5619617700576782,0.5462632179260254,0.5784407258033752,3.7338390350341797,3.7408509254455566,3.5736660957336426,3.9123144149780273,0.46435827007157204,-0.09799641380446555,1327104
Firehose Moderate Bi-Maxwellian (bigbox 40 di),ion,673000,88.79861111111111,0.5624037981033325,1.7780818752868137,0.5620104074478149,0.5462873578071594,0.5785115361213684,3.734039068222046,3.7410669326782227,3.5738000869750977,3.912851333618164,0.4643869645016072,-0.0980168336017253,1327104
Firehose Moderate Bi-Maxwellian (bigbox 40 di),ion,673500,88.86458333333334,0.5624520778656006,1.7779292482922477,0.5620265007019043,0.5463369488716125,0.5785689353942871,3.734229803085327,3.741544008255005,3.5737500190734863,3.913459539413452,0.464414322239209,-0.09803775562639161,1327104
Firehose Moderate Bi-Maxwellian (bigbox 40 di),ion,674000,88.93055555555556,0.5625017285346985,1.7777723147713207,0.562076210975647,0.5463921427726746,0.5785972476005554,3.7344281673431396,3.741969108581543,3.5741820335388184,3.9140121936798096,0.4644427713218271,-0.09805895721287139,1327104
Firehose Moderate Bi-Maxwellian (bigbox 40 di),ion,674500,88.99652777777779,0.5625529289245605,1.7776105119774464,0.5621189475059509,0.5464028716087341,0.5786840319633484,3.734605312347412,3.7424416542053223,3.5743560791015625,3.913978338241577,0.46446817461872936,-0.09808475430583119,1327104
Firehose Moderate Bi-Maxwellian (bigbox 40 di),ion,675000,89.0625,0.5626009106636047,1.7774589074526557,0.562185525894165,0.5464693307876587,0.5787352323532104,3.734814405441284,3.742802143096924,3.5743203163146973,3.9147839546203613,0.46449815629762425,-0.09810275436598048,1327104
Firehose Moderate Bi-Maxwellian (bigbox 40 di),ion,675500,89.12847222222223,0.5626562237739563,1.7772841705946256,0.5622038841247559,0.5464716553688049,0.5787990093231201,3.7349796295166016,3.74330997467041,3.5743465423583984,3.9150009155273438,0.464521845261349,-0.09813437851260731,1327104
Firehose Moderate Bi-Maxwellian (bigbox 40 di),ion,676000,89.19444444444444,0.5627081990242004,1.7771200095077928,0.5623013973236084,0.5465517640113831,0.5788277983665466,3.7351739406585693,3.7435929775238037,3.5746500492095947,3.915916681289673,0.46454970189490863,-0.09815849712929181,1327104
Firehose Moderate Bi-Maxwellian (bigbox 40 di),ion,676500,89.26041666666667,0.5627592206001282,1.776958890044657,0.5623061656951904,0.5465816855430603,0.5788991451263428,3.7353672981262207,3.7437539100646973,3.574431896209717,3.916246175765991,0.46457741893193105,-0.09818180166819712,1327104
Firehose Moderate Bi-Maxwellian (bigbox 40 di),ion,677000,89.32638888888889,0.5628107786178589,1.7767961062433504,0.5623863935470581,0.5466480255126953,0.5789411067962646,3.7355566024780273,3.7442917823791504,3.574676036834717,3.9167635440826416,0.46460455219089025,-0.09820622642696863,1327104
Firehose Moderate Bi-Maxwellian (bigbox 40 di),ion,677500,89.39236111111111,0.5628662109375,1.7766211234005638,0.5624240636825562,0.5466766357421875,0.5790217518806458,3.735731840133667,3.745152473449707,3.574314594268799,3.9177958965301514,0.464629666799521,-0.098236544137979,1327104
Firehose Moderate Bi-Maxwellian (bigbox 40 di),ion,678000,89.45833333333334,0.5629160404205322,1.7764638564091009,0.5624775886535645,0.5467084646224976,0.579062819480896,3.7359299659729004,3.7456436157226562,3.5746169090270996,3.9181671142578125,0.46465805884582057,-0.09825798157471166,1327104
Firehose Moderate Bi-Maxwellian (bigbox 40 di),ion,678500,89.52430555555556,0.5629686117172241,1.7762979661507208,0.5624915957450867,0.5467400550842285,0.5791422724723816,3.736130952835083,3.7457447052001953,3.574460983276367,3.918593645095825,0.4646868578087867,-0.09828175390843741,1327104
Firehose Moderate Bi-Maxwellian (bigbox 40 di),ion,679000,89.59027777777779,0.5630214810371399,1.7761311667148179,0.5625803470611572,0.5467804670333862,0.5792347192764282,3.7363176345825195,3.7461771965026855,3.5745689868927,3.9192092418670654,0.4647136042480843,-0.09830787678905561,1327104
Firehose Moderate Bi-Maxwellian (bigbox 40 di),ion,679500,89.65625,0.5630757808685303,1.7759598867092545,0.5626036524772644,0.5468254089355469,0.579314112663269,3.736495018005371,3.746676445007324,3.574460744857788,3.9202094078063965,0.4647390160130209,-0.09833676485550935,1327104
Firehose Moderate Bi-Maxwellian (bigbox 40 di),ion,680000,89.72222222222223,0.5631320476531982,1.7757824371164976,0.5626713633537292,0.5468580722808838,0.5793565511703491,3.73667573928833,3.7472243309020996,3.574248790740967,3.92085862159729,0.46476490347516464,-0.0983671441780336,1327104
Firehose Moderate Bi-Maxwellian (bigbox 40 di),ion,680500,89.78819444444444,0.5631852149963379,1.7756147948708179,0.5627427697181702,0.5469141006469727,0.5794463753700256,3.7368791103363037,3.7476696968078613,3.5742363929748535,3.9214627742767334,0.4647940324138534,-0.09839118258248447,1327104
Firehose Moderate Bi-Maxwellian (bigbox 40 di),ion,681000,89.85416666666667,0.5632416009902954,1.7754370384605698,0.562778115272522,0.5469432473182678,0.5795336961746216,3.7370622158050537,3.7479631900787354,3.5742886066436768,3.922112464904785,0.46482025599106824,-0.09842134499922717,1327104
Firehose Moderate Bi-Maxwellian (bigbox 40 di),ion,681500,89.92013888888889,0.5632984042167664,1.7752580027107334,0.562857449054718,0.5470098853111267,0.5795869827270508,3.7372324466705322,3.7485077381134033,3.57407546043396,3.922985553741455,0.4648446334180304,-0.09845377079873596,1327104
Firehose Moderate Bi-Maxwellian (bigbox 40 di),ion,682000,89.98611111111111,0.5633547902107239,1.7750803177265044,0.5628946423530579,0.5470538139343262,0.5796858072280884,3.737414836883545,3.748886823654175,3.5741310119628906,3.9239110946655273,0.4648707496255069,-0.09848404058521698,1327104
Firehose Moderate Bi-Maxwellian (bigbox 40 di),ion,682500,90.05208333333334,0.5634099841117859,1.7749064237413132,0.5629875659942627,0.5470963716506958,0.5797281861305237,3.737605571746826,3.749126434326172,3.5740208625793457,3.9245777130126953,0.46489805796568584,-0.09851192614610005,1327104
Firehose Moderate Bi-Maxwellian (bigbox 40 di),ion,683000,90.11805555555556,0.5634660720825195,1.7747297477984623,0.5630342960357666,0.5471208691596985,0.5798695683479309,3.737793445587158,3.749937057495117,3.5740272998809814,3.9250073432922363,0.4649249539561364,-0.09854111812638311,1327104
Firehose Moderate Bi-Maxwellian (bigbox 40 di),ion,683500,90.18402777777779,0.5635216236114502,1.7745547963027288,0.5630979537963867,0.5471450686454773,0.5799227356910706,3.7379844188690186,3.750016212463379,3.573608875274658,3.9263157844543457,0.4649522908912689,-0.09856933272018131,1327104
Firehose Moderate Bi-Maxwellian (bigbox 40 di),ion,684000,90.25,0.5635793209075928,1.7743731235375915,0.5631810426712036,0.5471797585487366,0.5799875259399414,3.738173246383667,3.7504377365112305,3.573374032974243,3.9268174171447754,0.46497931792358393,-0.09860000298400884,1327104
Firehose Moderate Bi-Maxwellian (bigbox 40 di),ion,684500,90.31597222222223,0.5636343359947205,1.7741999309448866,0.5632128715515137,0.5472491979598999,0.5800485610961914,3.7383713722229004,3.750805377960205,3.5733773708343506,3.9277851581573486,0.46500767289720457,-0.09862666309751589,1327104
Firehose Moderate Bi-Maxwellian (bigbox 40 di),ion,685000,90.38194444444444,0.563693106174469,1.7740149543189365,0.5632883310317993,0.5472783446311951,0.5801448822021484,3.7385480403900146,3.751098871231079,3.573117256164551,3.928558588027954,0.46503295440029846,-0.09866015177417053,1327104
Firehose Moderate Bi-Maxwellian (bigbox 40 di),ion,685500,90.44791666666667,0.5637487769126892,1.773839768622461,0.5633424520492554,0.5473597049713135,0.5802357196807861,3.738746166229248,3.7516608238220215,3.5733602046966553,3.929016351699829,0.46506130368911325,-0.09868747322357596,1327104
Firehose Moderate Bi-Maxwellian (bigbox 40 di),ion,686000,90.51388888888889,0.5638048052787781,1.7736634924662296,0.5634233951568604,0.5473605990409851,0.5803252458572388,3.738940715789795,3.7520575523376465,3.5733461380004883,3.9300127029418945,0.46508913833432364,-0.09871566694445444,1327104
Firehose Moderate Bi-Maxwellian (bigbox 40 di),ion,686500,90.57986111111111,0.5638642311096191,1.7734765655060554,0.5634709596633911,0.5474608540534973,0.58037269115448,3.7391345500946045,3.7526679039001465,3.573148488998413,3.9302477836608887,0.4651168677657247,-0.09874736334389445,1327104
Firehose Moderate Bi-Maxwellian (bigbox 40 di),ion,687000,90.64583333333334,0.5639293193817139,1.7732718722558873,0.5635714530944824,0.5474742650985718,0.5804654955863953,3.7392966747283936,3.7526416778564453,3.572971820831299,3.9311444759368896,0.465140058686231,-0.09878926069548288,1327104
Firehose Moderate Bi-Maxwellian (bigbox 40 di),ion,687500,90.71180555555556,0.5639898180961609,1.7730816548704056,0.563614010810852,0.5475227236747742,0.5805519819259644,3.7394728660583496,3.753486394882202,3.573127508163452,3.932037115097046,0.4651652594799728,-0.09882455861618811,1327104
Firehose Moderate Bi-Maxwellian (bigbox 40 di),ion,688000,90.77777777777779,0.5640550851821899,1.7728764907367154,0.5636700391769409,0.5475801229476929,0.5806629657745361,3.7396371364593506,3.7536420822143555,3.572885751724243,3.9325592517852783,0.46518875307416074,-0.0988663321080292,1327104
Firehose Moderate Bi-Maxwellian (bigbox 40 di),ion,688500,90.84375,0.5641153454780579,1.7726871073726118,0.5637213587760925,0.5476122498512268,0.5807276964187622,3.7398247718811035,3.7537715435028076,3.5731449127197266,3.9334912300109863,0.4652155857575072,-0.09889975972055065,1327104
Firehose Moderate Bi-Maxwellian (bigbox 40 di),ion,689000,90.90972222222223,0.5641816258430481,1.7724788511247864,0.5638217329978943,0.5476909279823303,0.5808204412460327,3.7399706840515137,3.754256248474121,3.572678327560425,3.933807611465454,0.4652364499730789,-0.0989451758699692,1327104
Firehose Moderate Bi-Maxwellian (bigbox 40 di),ion,689500,90.97569444444444,0.5642440915107727,1.772282625631903,0.5638455152511597,0.5477306842803955,0.5808558464050293,3.7401554584503174,3.754796028137207,3.5727274417877197,3.934978485107422,0.46526286882506407,-0.09898122268570864,1327104
Firehose Moderate Bi-Maxwellian (bigbox 40 di),ion,690000,91.04166666666667,0.5643126368522644,1.7720673518459547,0.5639209151268005,0.5477648377418518,0.5809966325759888,3.740309715270996,3.7548563480377197,3.5728607177734375,3.9356589317321777,0.46528492230620155,-0.09902771454606285,1327104
Firehose Moderate Bi-Maxwellian (bigbox 40 di),ion,690500,91.10763888888889,0.5643802285194397,1.7718551243783616,0.5639853477478027,0.547832190990448,0.5810367465019226,3.7404632568359375,3.755331039428711,3.5725016593933105,3.9362223148345947,0.4653068717237441,-0.09907335679569562,1327104
Firehose Moderate Bi-Maxwellian (bigbox 40 di),ion,691000,91.17361111111111,0.564448893070221,1.7716395802650529,0.5640510320663452,0.547905445098877,0.5811276435852051,3.740623950958252,3.7556214332580566,3.5728049278259277,3.936607599258423,0.46532984169989844,-0.09911905137032251,1327104
Firehose Moderate Bi-Maxwellian (bigbox 40 di),ion,691500,91.23958333333334,0.5645177364349365,1.771423527478937,0.5641464591026306,0.5479387640953064,0.5812156200408936,3.740776777267456,3.755876064300537,3.5727903842926025,3.9376344680786133,0.4653516852024113,-0.0991660512325252,1327104
Firehose Moderate Bi-Maxwellian (bigbox 40 di),ion,692000,91.30555555555556,0.5645868182182312,1.771206779421243,0.564178466796875,0.5479817986488342,0.5813002586364746,3.7409303188323975,3.7562994956970215,3.573134422302246,3.9378838539123535,0.46537362913933367,-0.09921318907889753,1327104
Firehose Moderate Bi-Maxwellian (bigbox 40 di),ion,692500,91.37152777777779,0.5646534562110901,1.7709977491506932,0.5642678737640381,0.5480120182037354,0.581367015838623,3.741100549697876,3.756955623626709,3.572925090789795,3.9387152194976807,0.46539795618123225,-0.09925550002985783,1327104
Firehose Moderate Bi-Maxwellian (bigbox 40 di),ion,693000,91.4375,0.564727246761322,1.7707663402730114,0.5643072128295898,0.5480694770812988,0.5814483761787415,3.741229295730591,3.756838798522949,3.573193073272705,3.9395480155944824,0.4654163533140414,-0.09931089344728061,1327104
Firehose Moderate Bi-Maxwellian (bigbox 40 di),ion,693500,91.50347222222223,0.5648013353347778,1.7705340576209234,0.5643792152404785,0.5481738448143005,0.5815416574478149,3.7413666248321533,3.7575180530548096,3.5732920169830322,3.939678430557251,0.46543597552679705,-0.09936535980798078,1327104
Firehose Moderate Bi-Maxwellian (bigbox 40 di),ion,694000,91.56944444444444,0.5648751258850098,1.7703027698967355,0.5644477009773254,0.5481809973716736,0.5815969705581665,3.7415013313293457,3.7576804161071777,3.5732438564300537,3.9406280517578125,0.4654552216103568,-0.09941990427465297,1327104
Firehose Moderate Bi-Maxwellian (bigbox 40 di),ion,694500,91.63541666666667,0.5649480819702148,1.7700741571023193,0.5645449757575989,0.5482763648033142,0.5816607475280762,3.7416324615478516,3.757816791534424,3.5733602046966553,3.9411211013793945,0.4654739554048467,-0.09947412656536814,1327104
Firehose Moderate Bi-Maxwellian (bigbox 40 di),ion,695000,91.70138888888889,0.5650258660316467,1.7698304805465148,0.564565122127533,0.5483700633049011,0.5817322134971619,3.7417514324188232,3.75805926322937,3.5734760761260986,3.9414942264556885,0.4654909509295979,-0.09953491510204882,1327104
Firehose Moderate Bi-Maxwellian (bigbox 40 di),ion,695500,91.76736111111111,0.5651030540466309,1.7695887375570307,0.5646250247955322,0.5483884811401367,0.5818256139755249,3.741870403289795,3.758622646331787,3.573331356048584,3.9421029090881348,0.46550794537362095,-0.09959510867300991,1327104
Firehose Moderate Bi-Maxwellian (bigbox 40 di),ion,696000,91.83333333333334,0.5651804804801941,1.7693463142081098,0.5646800994873047,0.5484951734542847,0.5819085836410522,3.7419891357421875,3.7591910362243652,3.573641061782837,3.942383289337158,0.465524904683263,-0.09965557579693107,1327104
Firehose Moderate Bi-Maxwellian (bigbox 40 di),ion,696500,91.89930555555556,0.56526118516922,1.7690936972801945,0.5647834539413452,0.5485247373580933,0.581942081451416,3.7421016693115234,3.759002447128296,3.5735082626342773,3.943081855773926,0.4655409775737166,-0.09972020759550337,1327104
Firehose Moderate Bi-Maxwellian (bigbox 40 di),ion,697000,91.96527777777779,0.5653424263000488,1.7688394740593232,0.5648175477981567,0.5486106872558594,0.5820648670196533,3.7421963214874268,3.75938081741333,3.5738775730133057,3.943849802017212,0.4655544957606469,-0.09978793053940194,1327104
Firehose Moderate Bi-Maxwellian (bigbox 40 di),ion,697500,92.03125,0.5654229521751404,1.7685875611399817,0.5648858547210693,0.5486261248588562,0.5821664929389954,3.7423017024993896,3.7599477767944336,3.5737619400024414,3.944065809249878,0.4655695454312916,-0.0998534067438488,1327104
Firehose Moderate Bi-Maxwellian (bigbox 40 di),ion,698000,92.09722222222223,0.5655074119567871,1.7683234186794607,0.5649417638778687,0.5487180352210999,0.5822190046310425,3.7423737049102783,3.7603912353515625,3.5739827156066895,3.944333076477051,0.4655798277505402,-0.09992758420624692,1327104
Firehose Moderate Bi-Maxwellian (bigbox 40 di),ion,698500,92.16319444444444,0.5655903220176697,1.7680641996005704,0.5650150179862976,0.5488117933273315,0.5822983980178833,3.7424721717834473,3.760603904724121,3.5740654468536377,3.945111036300659,0.46559388869232,-0.09999643332534969,1327104
Firehose Moderate Bi-Maxwellian (bigbox 40 di),ion,699000,92.22916666666667,0.5656765103340149,1.7677948115779638,0.5650674700737,0.548865795135498,0.5823855400085449,3.742561101913452,3.760730266571045,3.5742104053497314,3.9451284408569336,0.46560658716367687,-0.10006992317033803,1327104
Firehose Moderate Bi-Maxwellian (bigbox 40 di),ion,699500,92.29513888888889,0.5657621026039124,1.7675273677708592,0.5651388168334961,0.5489121675491333,0.5825107097625732,3.7426347732543945,3.7611489295959473,3.5744919776916504,3.945784091949463,0.4656171063518155,-0.10014499625209683,1327104
Firehose Moderate Bi-Maxwellian (bigbox 40 di),ion,700000,92.36111111111111,0.5658497214317322,1.7672536755337902,0.5651974678039551,0.549004852771759,0.5825692415237427,3.7427046298980713,3.761821985244751,3.574491262435913,3.946244716644287,0.4656270804745637,-0.10022264095716849,1327104
Firehose Moderate Bi-Maxwellian (bigbox 40 di),ion,700500,92.42708333333334,0.5659409165382385,1.7669689021900463,0.565252423286438,0.549070417881012,0.5826427936553955,3.742748975753784,3.7621967792510986,3.5744354724884033,3.9464073181152344,0.4656334119770341,-0.10030750456120441,1327104
Firehose Moderate Bi-Maxwellian (bigbox 40 di),ion,701000,92.49305555555556,0.5660286545753479,1.7666950107856831,0.5653260350227356,0.5491307973861694,0.5827338099479675,3.7428126335144043,3.762406349182129,3.5750582218170166,3.9472250938415527,0.46564250048444134,-0.10038615409090657,1327104
Firehose Moderate Bi-Maxwellian (bigbox 40 di),ion,701500,92.55902777777779,0.5661189556121826,1.7664132071299972,0.5653928518295288,0.549190878868103,0.5828638076782227,3.7428619861602783,3.763112783432007,3.574917793273926,3.947371006011963,0.46564954641788514,-0.10046940919429748,1327104
Firehose Moderate Bi-Maxwellian (bigbox 40 di),ion,702000,92.625,0.5662133097648621,1.766118850889043,0.5655012130737305,0.5492761135101318,0.5828788876533508,3.742903470993042,3.7634193897247314,3.575185775756836,3.9476137161254883,0.46565546894283827,-0.10055784082202379,1327104
Firehose Moderate Bi-Maxwellian (bigbox 40 di),ion,702500,92.69097222222223,0.5663079023361206,1.765823849313814,0.5655616521835327,0.5493561625480652,0.5830652713775635,3.742932081222534,3.7635014057159424,3.5753769874572754,3.94795298576355,0.46565955336631426,-0.10064834896980634,1327104
Firehose Moderate Bi-Maxwellian (bigbox 40 di),ion,703000,92.75694444444444,0.5664024949073792,1.7655289462726056,0.5656325817108154,0.5494095087051392,0.5831277370452881,3.7429771423339844,3.7639386653900146,3.575594663619995,3.9482438564300537,0.46566598620667166,-0.1007365087007075,1327104
Firehose Moderate Bi-Maxwellian (bigbox 40 di),ion,703500,92.82291666666667,0.5665015578269958,1.7652202119899385,0.5657078623771667,0.5495085716247559,0.5831805467605591,3.742971420288086,3.7644636631011963,3.575779914855957,3.9487998485565186,0.46566516934664015,-0.1008363884803557,1327104
Firehose Moderate Bi-Maxwellian (bigbox 40 di),ion,704000,92.88888888888889,0.5666002631187439,1.764912699644171,0.565796971321106,0.549583375453949,0.5832965970039368,3.742976188659668,3.7647945880889893,3.5758495330810547,3.948826789855957,0.46566585006350647,-0.10093441305523743,1327104
Firehose Moderate Bi-Maxwellian (bigbox 40 di),ion,704500,92.95486111111111,0.5667020082473755,1.764595828930753,0.5658637285232544,0.5496698617935181,0.5834260582923889,3.742969512939453,3.765146493911743,3.5756936073303223,3.949249267578125,0.46566489705940806,-0.10103711118796743,1327104
Firehose Moderate Bi-Maxwellian (bigbox 40 di),ion,705000,93.02083333333334,0.5668017268180847,1.7642853800284035,0.5659485459327698,0.5497410297393799,0.5835328102111816,3.7429652214050293,3.765291213989258,3.575914144515991,3.949676036834717,0.46566428441212104,-0.10113744240596367,1327104
Firehose Moderate Bi-Maxwellian (bigbox 40 di),ion,705500,93.08680555555556,0.5669080018997192,1.763954639287118,0.5660113096237183,0.5498473644256592,0.5836274027824402,3.742933511734009,3.7659804821014404,3.576586961746216,3.9495530128479004,0.465659757585849,-0.10124824431387025,1327104
Firehose Moderate Bi-Maxwellian (bigbox 40 di),ion,706000,93.15277777777779,0.5670112371444702,1.7636334775940383,0.5661196708679199,0.5499301552772522,0.5837138891220093,3.7428972721099854,3.7661333084106445,3.576169729232788,3.9502029418945312,0.4656545839761883,-0.10135665316828191,1327104
Firehose Moderate Bi-Maxwellian (bigbox 40 di),ion,706500,93.21875,0.5671181082725525,1.7633011279537698,0.5661860108375549,0.5500261187553406,0.5838528871536255,3.7428689002990723,3.7668042182922363,3.5759377479553223,3.9505703449249268,0.4656505335144945,-0.10146757475805801,1327104
Firehose Moderate Bi-Maxwellian (bigbox 40 di),ion,707000,93.28472222222223,0.5672292113304138,1.7629557505590012,0.5662955641746521,0.5501037240028381,0.5839828848838806,3.742807388305664,3.7669260501861572,3.576310396194458,3.9502828121185303,0.4656417516303497,-0.10158745970006411,1327104
Firehose Moderate Bi-Maxwellian (bigbox 40 di),ion,707500,93.35069444444444,0.5673386454582214,1.7626156934758634,0.5664055347442627,0.5501852631568909,0.5841024518013,3.7427475452423096,3.76693058013916,3.5763754844665527,3.9505083560943604,0.46563320773736083,-0.1017054377208606,1327104
Firehose Moderate Bi-Maxwellian (bigbox 40 di),ion,708000,93.41666666666667,0.5674534440040588,1.7622591078905272,0.5665140151977539,0.5502760410308838,0.5842198133468628,3.7426717281341553,3.7673656940460205,3.576517105102539,3.950796604156494,0.46562238281125834,-0.1018310611928005,1327104
Firehose Moderate Bi-Maxwellian (bigbox 40 di),ion,708500,93.48263888888889,0.5675626397132874,1.7619200596169697,0.5665980577468872,0.5504129528999329,0.5843205451965332,3.7426204681396484,3.767646551132202,3.5768561363220215,3.950697660446167,0.46561506382341145,-0.10194757588987591,1327104
Firehose Moderate Bi-Maxwellian (bigbox 40 di),ion,709000,93.54861111111111,0.5676788091659546,1.7615595013476382,0.5667213797569275,0.5505176782608032,0.584433913230896,3.7425320148468018,3.7680583000183105,3.5766701698303223,3.9512112140655518,0.4656024338426752,-0.1020763753232794,1327104
Firehose Moderate Bi-Maxwellian (bigbox 40 di),ion,709500,93.61458333333334,0.5677936673164368,1.7612031580526426,0.5668090581893921,0.5506051778793335,0.5845615267753601,3.742441177368164,3.768383264541626,3.5764546394348145,3.951066493988037,0.46558946280981206,-0.10220420450662471,1327104
Firehose Moderate Bi-Maxwellian (bigbox 40 di),ion,710000,93.68055555555556,0.5679112076759338,1.7608386425270695,0.5669049024581909,0.5507223010063171,0.584666907787323,3.742330551147461,3.7681455612182617,3.576925277709961,3.9512996673583984,0.46557366521597976,-0.10233754245995408,1327104
Firehose Moderate Bi-Maxwellian (bigbox 40 di),ion,710500,93.74652777777779,0.5680314302444458,1.7604659650077135,0.5670386552810669,0.55084627866745,0.5847907066345215,3.7422080039978027,3.768162727355957,3.57690691947937,3.9514918327331543,0.4655561642048227,-0.10247526603962309,1327104
Firehose Moderate Bi-Maxwellian (bigbox 40 di),ion,711000,93.8125,0.5681514143943787,1.7600941838118112,0.5671685338020325,0.5509995818138123,0.5849459767341614,3.742084264755249,3.7683517932891846,3.576392889022827,3.9514071941375732,0.46553849178732754,-0.10261292260705113,1327104
Firehose Moderate Bi-Maxwellian (bigbox 40 di),ion,711500,93.87847222222223,0.5682741403579712,1.7597140692871807,0.567295491695404,0.5510598421096802,0.5850738883018494,3.741952419281006,3.7687878608703613,3.5768158435821533,3.951266288757324,0.46551966035306025,-0.10275448000491094,1327104
Firehose Moderate Bi-Maxwellian (bigbox 40 di),ion,712000,93.94444444444444,0.5683985352516174,1.7593289531566476,0.5674340724945068,0.5511483550071716,0.5852263569831848,3.7418127059936523,3.768545627593994,3.576434850692749,3.9512391090393066,0.46549970371408733,-0.1028988315375301,1327104
Firehose Moderate Bi-Maxwellian (bigbox 40 di),ion,712500,94.01041666666667,0.5685200691223145,1.75895285727346,0.5675384998321533,0.5513346195220947,0.5853251218795776,3.7416744232177734,3.768493890762329,3.576540470123291,3.951448917388916,0.4654799499417601,-0.10304011918055433,1327104
Firehose Moderate Bi-Maxwellian (bigbox 40 di),ion,713000,94.07638888888889,0.5686500668525696,1.758550747272248,0.5676401853561401,0.5514270663261414,0.5854600667953491,3.741495370864868,3.7688283920288086,3.576571226119995,3.9513349533081055,0.4654543700430428,-0.10319569680952678,1327104
Firehose Moderate Bi-Maxwellian (bigbox 40 di),ion,713500,94.14236111111111,0.5687772631645203,1.758157480550954,0.567823052406311,0.5515642166137695,0.5855827927589417,3.7413246631622314,3.7687463760375977,3.5763964653015137,3.9513938426971436,0.46542998000350877,-0.1033472831610115,1327104
Firehose Moderate Bi-Maxwellian (bigbox 40 di),ion,714000,94.20833333333334,0.5689035058021545,1.7577673362901833,0.5679311752319336,0.551725447177887,0.5857368111610413,3.741162061691284,3.7688395977020264,3.576223611831665,3.951204538345337,0.46540674608042754,-0.103496759721727,1327104
Firehose Moderate Bi-Maxwellian (bigbox 40 di),ion,714500,94.27430555555556,0.569033145904541,1.7573668725578184,0.5680549144744873,0.5518385767936707,0.5858550667762756,3.7409729957580566,3.768692970275879,3.575897693634033,3.951293706893921,0.46537972814349937,-0.10365341776104164,1327104
Firehose Moderate Bi-Maxwellian (bigbox 40 di),ion,715000,94.34027777777779,0.569169282913208,1.7569465359789784,0.5682367086410522,0.5519700646400452,0.5860157012939453,3.740755558013916,3.7688112258911133,3.575840711593628,3.951279878616333,0.46534865243590995,-0.10382063047729806,1327104
Firehose Moderate Bi-Maxwellian (bigbox 40 di),ion,715500,94.40625,0.5692972540855408,1.7565515955391262,0.5683517456054688,0.5521032214164734,0.5861390829086304,3.7405643463134766,3.7686805725097656,3.575608253479004,3.951176404953003,0.46532132190932485,-0.10397593217621592,1327104
Firehose Moderate Bi-Maxwellian (bigbox 40 di),ion,716000,94.47222222222223,0.5694366693496704,1.7561215387517242,0.5684671401977539,0.5522868633270264,0.5862461924552917,3.740333318710327,3.768566131591797,3.575180768966675,3.9510843753814697,0.4652882966351236,-0.1041483727145468,1327104
Firehose Moderate Bi-Maxwellian (bigbox 40 di),ion,716500,94.53819444444444,0.56956946849823,1.7557120865988056,0.5685900449752808,0.5523884892463684,0.5864441990852356,3.7401187419891357,3.7687184810638428,3.5750741958618164,3.9505550861358643,0.4652576193513245,-0.1043118491469055,1327104
Firehose Moderate Bi-Maxwellian (bigbox 40 di),ion,717000,94.60416666666667,0.5697084069252014,1.7552839098814506,0.5687493085861206,0.552530825138092,0.5865907073020935,3.7398746013641357,3.767998695373535,3.574658155441284,3.950735092163086,0.4652227111383651,-0.10448569578683631,1327104
Firehose Moderate Bi-Maxwellian (bigbox 40 di),ion,717500,94.67013888888889,0.5698495507240295,1.7548491504984736,0.5689109563827515,0.5526981353759766,0.5866820812225342,3.7396295070648193,3.768371105194092,3.5744705200195312,3.9504129886627197,0.4651876619805124,-0.10466188874351712,1327104
Firehose Moderate Bi-Maxwellian (bigbox 40 di),ion,718000,94.73611111111111,0.5699905157089233,1.754415156814064,0.5690619945526123,0.5528327822685242,0.5868786573410034,3.7393741607666016,3.7680439949035645,3.5743932723999023,3.949679374694824,0.46515114187183026,-0.10483937383709308,1327104
Firehose Moderate Bi-Maxwellian (bigbox 40 di),ion,718500,94.80208333333334,0.5701336860656738,1.7539745930480062,0.569229245185852,0.5529869794845581,0.5869815945625305,3.739096164703369,3.768052101135254,3.5741355419158936,3.949625015258789,0.4651113766798066,-0.10502230938586721,1327104
Firehose Moderate Bi-Maxwellian (bigbox 40 di),ion,719000,94.86805555555556,0.5702781677246094,1.7535302184019532,0.5693494081497192,0.5531765222549438,0.5871360301971436,3.7388241291046143,3.7676303386688232,3.5732686519622803,3.9495582580566406,0.46507245836167044,-0.10520570936293894,1327104
Firehose Moderate Bi-Maxwellian (bigbox 40 di),ion,719500,94.93402777777779,0.5704246163368225,1.75308002382829,0.5695165395736694,0.5532801747322083,0.5873123407363892,3.7385313510894775,3.7673425674438477,3.573117971420288,3.9490513801574707,0.46503056623634764,-0.10539405010047487,1327104
Firehose Moderate Bi-Maxwellian (bigbox 40 di),ion,720000,95.0,0.5705692768096924,1.7526355530242472,0.5697143077850342,0.5534565448760986,0.5874494910240173,3.7382442951202393,3.7669105529785156,3.5725274085998535,3.9489567279815674,0.46498948647879346,-0.10557979033089893,1327104
Firehose Moderate Bi-Maxwellian (bigbox 40 di),ion,720500,95.06597222222223,0.5707172751426697,1.7521810597900982,0.5698533058166504,0.5536101460456848,0.5876379013061523,3.737938165664673,3.766376495361328,3.571918487548828,3.9485254287719727,0.46494567021700217,-0.1057716049256675,1327104
Firehose Moderate Bi-Maxwellian (bigbox 40 di),ion,721000,95.13194444444444,0.5708709359169006,1.751709426919513,0.5700435042381287,0.5537755489349365,0.5877647399902344,3.7376039028167725,3.765756368637085,3.571460008621216,3.94828462600708,0.4648978190297963,-0.10597311688710431,1327104
Firehose Moderate Bi-Maxwellian (bigbox 40 di),ion,721500,95.19791666666667,0.5710254907608032,1.7512353059189258,0.5701841115951538,0.5539628267288208,0.5879160761833191,3.7372734546661377,3.7651963233947754,3.5712499618530273,3.948014974594116,0.4648505055194935,-0.10617498524130975,1327104
Firehose Moderate Bi-Maxwellian (bigbox 40 di),ion,722000,95.26388888888889,0.5711790323257446,1.7507645473752227,0.5703593492507935,0.5541188716888428,0.5880909562110901,3.736943244934082,3.765047550201416,3.57106614112854,3.9470040798187256,0.4648032177873552,-0.1063758145383894,1327104
Firehose Moderate Bi-Maxwellian (bigbox 40 di),ion,722500,95.32986111111111,0.5713342428207397,1.750288929056467,0.5705716609954834,0.554253101348877,0.5882787704467773,3.7365896701812744,3.7644691467285156,3.570034980773926,3.9465675354003906,0.4647525747982455,-0.10658166802249425,1327104
Firehose Moderate Bi-Maxwellian (bigbox 40 di),ion,723000,95.39583333333334,0.5714906454086304,1.7498099190844576,0.5707252025604248,0.5544704794883728,0.5884441137313843,3.7362327575683594,3.763664960861206,3.5694620609283447,3.9463977813720703,0.46470144400167035,-0.10678920140696002,1327104
Firehose Moderate Bi-Maxwellian (bigbox 40 di),ion,723500,95.46180555555556,0.5716515183448792,1.7493174913544038,0.5709100961685181,0.5546259880065918,0.5885962843894958,3.7358601093292236,3.763212203979492,3.5690999031066895,3.9453928470611572,0.4646480485161685,-0.10700346982871067,1327104
Firehose Moderate Bi-Maxwellian (bigbox 40 di),ion,724000,95.52777777777779,0.5718098282814026,1.7488331793903231,0.5710753798484802,0.5547857880592346,0.5888035893440247,3.7354745864868164,3.762356758117676,3.5680370330810547,3.9450583457946777,0.4645927970611671,-0.10721703122023551,1327104
Firehose Moderate Bi-Maxwellian (bigbox 40 di),ion,724500,95.59375,0.5719717144966125,1.7483382038919382,0.5713039040565491,0.5549727082252502,0.5889617204666138,3.735095500946045,3.761963367462158,3.5674493312835693,3.9446346759796143,0.4645384570505816,-0.10743325744603094,1327104
Firehose Moderate Bi-Maxwellian (bigbox 40 di),ion,725000,95.65972222222223,0.5721369981765747,1.7478331294550835,0.5715117454528809,0.5551450848579407,0.5891525149345398,3.734684467315674,3.7609763145446777,3.5663862228393555,3.9439001083374023,0.4644795249764402,-0.10765747320013452,1327104
Firehose Moderate Bi-Maxwellian (bigbox 40 di),ion,725500,95.72569444444444,0.572299063205719,1.7473381738535878,0.571684718132019,0.555293083190918,0.5893118381500244,3.734283447265625,3.7600457668304443,3.565906286239624,3.9430670738220215,0.46442201609937483,-0.10787704710634416,1327104
Firehose Moderate Bi-Maxwellian (bigbox 40 di),ion,726000,95.79166666666667,0.5724655985832214,1.7468298575056231,0.5718894004821777,0.5554991364479065,0.5895032286643982,3.7338643074035645,3.759516716003418,3.565063953399658,3.9424848556518555,0.46436189552084983,-0.1081037030623716,1327104
Firehose Moderate Bi-Maxwellian (bigbox 40 di),ion,726500,95.85763888888889,0.572636604309082,1.7463082039726674,0.5720921754837036,0.5556827187538147,0.5897254943847656,3.733421564102173,3.7587246894836426,3.564319372177124,3.941338300704956,0.46429837465168033,-0.1083382296574017,1327104
Firehose Moderate Bi-Maxwellian (bigbox 40 di),ion,727000,95.92361111111111,0.5728071928024292,1.745788133538534,0.5722712278366089,0.5558351278305054,0.5899249315261841,3.7329673767089844,3.757887840270996,3.5634944438934326,3.9406838417053223,0.4642331962292109,-0.10857399657321831,1327104
Firehose Moderate Bi-Maxwellian (bigbox 40 di),ion,727500,95.98958333333334,0.5729765892028809,1.7452720038547993,0.572514533996582,0.5560393333435059,0.5901123285293579,3.7325217723846436,3.7565340995788574,3.562666893005371,3.9404296875,0.46416923410945443,-0.10880735509342643,1327104
Firehose Moderate Bi-Maxwellian (bigbox 40 di),ion,728000,96.05555555555556,0.5731467604637146,1.744753820454175,0.5727341175079346,0.5562061071395874,0.5903170704841614,3.732069969177246,3.7558741569519043,3.5613133907318115,3.9394309520721436,0.4641043666067949,-0.10904239385691972,1327104
Firehose Moderate Bi-Maxwellian (bigbox 40 di),ion,728500,96.12152777777779,0.5733194947242737,1.7442281471362309,0.5728877782821655,0.5563738346099854,0.5905159115791321,3.731605291366577,3.7548179626464844,3.5605475902557373,3.938729763031006,0.4640376342516209,-0.10928186047265276,1327104
Firehose Moderate Bi-Maxwellian (bigbox 40 di),ion,729000,96.1875,0.573493480682373,1.7436989847036217,0.5730918645858765,0.5565418601036072,0.5907236933708191,3.7311267852783203,3.7540483474731445,3.5597400665283203,3.937930107116699,0.46396889864711155,-0.1095245820352615,1327104
Firehose Moderate Bi-Maxwellian (bigbox 40 di),ion,729500,96.25347222222223,0.5736688375473022,1.7431659775620012,0.5733135938644409,0.5567265748977661,0.5909258127212524,3.730637311935425,3.753045082092285,3.5583012104034424,3.9374983310699463,0.4638985693941886,-0.10977026815311364,1327104
Firehose Moderate Bi-Maxwellian (bigbox 40 di),ion,730000,96.31944444444444,0.5738468766212463,1.7426251509599584,0.5735493898391724,0.5569076538085938,0.5911226868629456,3.7301299571990967,3.7519874572753906,3.5574300289154053,3.9365921020507812,0.4638256513985447,-0.11002122522270164,1327104
Firehose Moderate Bi-Maxwellian (bigbox 40 di),ion,730500,96.38541666666667,0.5740255117416382,1.742082850927517,0.5737435817718506,0.5571066737174988,0.5913155674934387,3.7296323776245117,3.7507009506225586,3.556450366973877,3.9357571601867676,0.46375411903898,-0.11027139270265818,1327104
Firehose Moderate Bi-Maxwellian (bigbox 40 di),ion,731000,96.45138888888889,0.5742049813270569,1.74153835741529,0.5739526152610779,0.5572587847709656,0.5915354490280151,3.729119300842285,3.7495710849761963,3.5562314987182617,3.9344921112060547,0.46368033880056725,-0.11052464252648964,1327104
Firehose Moderate Bi-Maxwellian (bigbox 40 di),ion,731500,96.51736111111111,0.5743857026100159,1.7409904101999534,0.5742011070251465,0.5574486255645752,0.5917831063270569,3.7285962104797363,3.748662233352661,3.554445266723633,3.9338130950927734,0.46360509770977,-0.11078060490024588,1327104
Firehose Moderate Bi-Maxwellian (bigbox 40 di),ion,732000,96.58333333333334,0.5745668411254883,1.7404415438265692,0.5744031667709351,0.5576028823852539,0.591999888420105,3.7280523777008057,3.7479019165039062,3.5534229278564453,3.9328722953796387,0.46352685065185273,-0.11103999047363555,1327104
Firehose Moderate Bi-Maxwellian (bigbox 40 di),ion,732500,96.64930555555556,0.5747498273849487,1.7398874298925757,0.5746366381645203,0.5578106045722961,0.5921789407730103,3.7275235652923584,3.746415138244629,3.5521886348724365,3.9324209690093994,0.4634507428410757,-0.11129908454387305,1327104
Firehose Moderate Bi-Maxwellian (bigbox 40 di),ion,733000,96.71527777777779,0.5749329328536987,1.7393333080372815,0.574824333190918,0.5579730272293091,0.5924700498580933,3.726963520050049,3.7451343536376953,3.5514447689056396,3.9316494464874268,0.4633701163854852,-0.11156281646821353,1327104
Firehose Moderate Bi-Maxwellian (bigbox 40 di),ion,733500,96.78125,0.5751138925552368,1.738786026463367,0.5750594735145569,0.5581471920013428,0.5926716327667236,3.7264163494110107,3.7442073822021484,3.550184488296509,3.930537223815918,0.46329132000611906,-0.11182257254911776,1327104
Firehose Moderate Bi-Maxwellian (bigbox 40 di),ion,734000,96.84722222222223,0.5753000974655151,1.7382232410623613,0.575241208076477,0.5583326816558838,0.5928915739059448,3.7258429527282715,3.742753744125366,3.549027442932129,3.929607629776001,0.463208722059665,-0.11209137540585012,1327104
Firehose Moderate Bi-Maxwellian (bigbox 40 di),ion,734500,96.91319444444444,0.5754858255386353,1.7376622596465063,0.5755062103271484,0.5584825873374939,0.5931169390678406,3.7252771854400635,3.7416749000549316,3.547802448272705,3.929084300994873,0.46312719820773773,-0.11235862733089752,1327104
Firehose Moderate Bi-Maxwellian (bigbox 40 di),ion,735000,96.97916666666667,0.5756750106811523,1.737091208487192,0.5757389664649963,0.5586873292922974,0.5933437347412109,3.7246904373168945,3.740323066711426,3.5467467308044434,3.9279074668884277,0.4630426249756441,-0.11263238570550826,1327104
Firehose Moderate Bi-Maxwellian (bigbox 40 di),ion,735500,97.04513888888889,0.5758602023124695,1.7365325750665204,0.5759559869766235,0.5588569641113281,0.5935856103897095,3.7240970134735107,3.7390096187591553,3.5457677841186523,3.9270248413085938,0.4629570624062299,-0.11290313990623957,1327104
Firehose Moderate Bi-Maxwellian (bigbox 40 di),ion,736000,97.11111111111111,0.5760496258735657,1.73596154755508,0.5761714577674866,0.5589845180511475,0.5938501954078674,3.7234911918640137,3.737894058227539,3.544553279876709,3.92645263671875,0.4628696841367357,-0.11317994173682999,1327104
Firehose Moderate Bi-Maxwellian (bigbox 40 di),ion,736500,97.17708333333334,0.5762385725975037,1.735392331499629,0.5763661861419678,0.559169590473175,0.5940707325935364,3.722892999649048,3.736546039581299,3.54328989982605,3.9253573417663574,0.462783378359642,-0.11345519423786166,1327104
Firehose Moderate Bi-Maxwellian (bigbox 40 di),ion,737000,97.24305555555556,0.5764322280883789,1.7348093171617036,0.5765972137451172,0.5593749284744263,0.5942851305007935,3.722259283065796,3.735015869140625,3.5421175956726074,3.924910068511963,0.46269191694977163,-0.11374031113860728,1327104
Firehose Moderate Bi-Maxwellian (bigbox 40 di),ion,737500,97.30902777777779,0.5766189694404602,1.734247489239524,0.5768071413040161,0.5594815015792847,0.5945311188697815,3.7216668128967285,3.7339019775390625,3.540996789932251,3.9240312576293945,0.46260638027311296,-0.11401258916734724,1327104
Firehose Moderate Bi-Maxwellian (bigbox 40 di),ion,738000,97.375,0.5768133997917175,1.7336629148370888,0.5770441293716431,0.5596821904182434,0.5947839617729187,3.7210161685943604,3.732424020767212,3.5399587154388428,3.922703742980957,0.4625124134422899,-0.11430098634942765,1327104
Firehose Moderate Bi-Maxwellian (bigbox 40 di),ion,738500,97.44097222222223,0.5770072340965271,1.7330805246589174,0.577247142791748,0.5598480701446533,0.5950484275817871,3.720379590988159,3.731400966644287,3.539107322692871,3.9219131469726562,0.4624204463317181,-0.11458678776480902,1327104
Firehose Moderate Bi-Maxwellian (bigbox 40 di),ion,739000,97.50694444444444,0.5771988034248352,1.7325053241040258,0.5774668455123901,0.559990644454956,0.5953071117401123,3.7197344303131104,3.730137825012207,3.5379676818847656,3.921149730682373,0.4623272070980484,-0.11487159632678678,1327104
Firehose Moderate Bi-Maxwellian (bigbox 40 di),ion,739500,97.57291666666667,0.5773941278457642,1.7319192415949267,0.5776726007461548,0.5601692199707031,0.595506489276886,3.719073534011841,3.7290380001068115,3.536792516708374,3.920546054840088,0.46223166019453266,-0.1151624676512315,1327104
Firehose Moderate Bi-Maxwellian (bigbox 40 di),ion,740000,97.63888888888889,0.5775860548019409,1.7313437394933442,0.5778748989105225,0.5603715777397156,0.5957438349723816,3.718425750732422,3.7275936603546143,3.5360279083251953,3.9193613529205322,0.4621379761029091,-0.11544807869903184,1327104
Firehose Moderate Bi-Maxwellian (bigbox 40 di),ion,740500,97.70486111111111,0.5777814388275146,1.730758263936773,0.5781121253967285,0.5605186223983765,0.5960090160369873,3.7177557945251465,3.7260777950286865,3.534811496734619,3.91898512840271,0.4620410509627215,-0.11574038786479313,1327104
Firehose Moderate Bi-Maxwellian (bigbox 40 di),ion,741000,97.77083333333334,0.5779762268066406,1.7301749684845524,0.5783175230026245,0.5606397986412048,0.5962587594985962,3.7170987129211426,3.724976062774658,3.534172534942627,3.918031692504883,0.4619459545027075,-0.11603027230393315,1327104
Firehose Moderate Bi-Maxwellian (bigbox 40 di),ion,741500,97.83680555555556,0.5781767964363098,1.7295747704917745,0.5785134434700012,0.5608455538749695,0.5964940190315247,3.7163963317871094,3.7238943576812744,3.5331978797912598,3.9166457653045654,0.46184426486120844,-0.11633253157510137,1327104
Firehose Moderate Bi-Maxwellian (bigbox 40 di),ion,742000,97.90277777777779,0.5783707499504089,1.7289947669133383,0.5787150859832764,0.5610008835792542,0.5967427492141724,3.715721845626831,3.7226815223693848,3.5319983959198,3.9161157608032227,0.46174657762559024,-0.1166241723248187,1327104
Firehose Moderate Bi-Maxwellian (bigbox 40 di),ion,742500,97.96875,0.5785684585571289,1.7284039342446424,0.5789138078689575,0.5611560940742493,0.5970048904418945,3.715019941329956,3.7219574451446533,3.5315592288970947,3.91501522064209,0.4616448817004166,-0.11692357685671229,1327104
Firehose Moderate Bi-Maxwellian (bigbox 40 di),ion,743000,98.03472222222223,0.5787654519081116,1.7278156405209313,0.5791229009628296,0.5613179206848145,0.5972093939781189,3.714334487915039,3.720175266265869,3.530668258666992,3.914340019226074,0.46154553217885974,-0.11721991972925183,1327104
Firehose Moderate Bi-Maxwellian (bigbox 40 di),ion,743500,98.10069444444444,0.5789628624916077,1.7272265023984945,0.5793538689613342,0.5614629983901978,0.5974893569946289,3.7136433124542236,3.7189204692840576,3.5295019149780273,3.9130589962005615,0.4614453161689709,-0.11751754632263678,1327104
Firehose Moderate Bi-Maxwellian (bigbox 40 di),ion,744000,98.16666666666667,0.579164445400238,1.72662532712784,0.5795467495918274,0.5616517066955566,0.5977009534835815,3.712923765182495,3.7181077003479004,3.5290372371673584,3.9122190475463867,0.461340946788414,-0.11782349861182406,1327104
Firehose Moderate Bi-Maxwellian (bigbox 40 di),ion,744500,98.23263888888889,0.5793697834014893,1.7260133832471967,0.5797199606895447,0.5618152022361755,0.597958505153656,3.7121756076812744,3.7167983055114746,3.528209686279297,3.9113409519195557,0.4612323846259918,-0.11813739877549745,1327104
Firehose Moderate Bi-Maxwellian (bigbox 40 di),ion,745000,98.29861111111111,0.5795725584030151,1.725409503092163,0.5799689292907715,0.5619547367095947,0.5981935262680054,3.7114477157592773,3.7159104347229004,3.5275332927703857,3.9106783866882324,0.46112672111538944,-0.1184458372876257,1327104
Firehose Moderate Bi-Maxwellian (bigbox 40 di),ion,745500,98.36458333333334,0.5797755718231201,1.7248053360638715,0.5801531076431274,0.5621868968009949,0.5984352231025696,3.7107112407684326,3.7147293090820312,3.5266082286834717,3.909698724746704,0.46101976946451106,-0.11875580235860905,1327104
Firehose Moderate Bi-Maxwellian (bigbox 40 di),ion,746000,98.43055555555556,0.5799808502197266,1.72419485853912,0.5803811550140381,0.5623325109481812,0.5986447334289551,3.7099692821502686,3.7138900756835938,3.52584171295166,3.9087607860565186,0.4609119785377802,-0.11906887168194635,1327104
Firehose Moderate Bi-Maxwellian (bigbox 40 di),ion,746500,98.49652777777779,0.5801852941513062,1.72358729199229,0.5805764198303223,0.5625352263450623,0.5988730192184448,3.7092204093933105,3.7123799324035645,3.525179862976074,3.9078633785247803,0.460803139404939,-0.11938215474636715,1327104
Firehose Moderate Bi-Maxwellian (bigbox 40 di),ion,747000,98.5625,0.580390989780426,1.7229764376223704,0.5807486176490784,0.5627240538597107,0.5991275906562805,3.708465814590454,3.7115893363952637,3.5251879692077637,3.906581401824951,0.46069342418331805,-0.11969756559710798,1327104
Firehose Moderate Bi-Maxwellian (bigbox 40 di),ion,747500,98.62847222222223,0.5805960893630981,1.722367784283527,0.5809277296066284,0.5628510117530823,0.5993795394897461,3.707704782485962,3.7104334831237793,3.5244669914245605,3.90614652633667,0.46058272777072906,-0.12001336159236908,1327104
Firehose Moderate Bi-Maxwellian (bigbox 40 di),ion,748000,98.69444444444444,0.5808036923408508,1.7217521396422861,0.5811176896095276,0.5630314350128174,0.5996084213256836,3.7069308757781982,3.7098331451416016,3.523486852645874,3.904813528060913,0.46047011206268074,-0.1203335802781701,1327104
Firehose Moderate Bi-Maxwellian (bigbox 40 di),ion,748500,98.76041666666667,0.5810155272483826,1.721124398750367,0.5813597440719604,0.5632350444793701,0.5997740030288696,3.7061309814453125,3.709083080291748,3.523102283477783,3.9036006927490234,0.460353665314861,-0.12066186193352157,1327104
Firehose Moderate Bi-Maxwellian (bigbox 40 di),ion,749000,98.82638888888889,0.581221878528595,1.7205133477280175,0.5815341472625732,0.5633907318115234,0.6000331044197083,3.7053725719451904,3.708184242248535,3.522538661956787,3.9032297134399414,0.46024321139990787,-0.1209786671286871,1327104
Firehose Moderate Bi-Maxwellian (bigbox 40 di),ion,749500,98.89236111111111,0.5814346075057983,1.7198838649968518,0.5817226767539978,0.5635802745819092,0.6002832055091858,3.70457124710083,3.707089900970459,3.5226199626922607,3.9015533924102783,0.46012645820614595,-0.12130814929965239,1327104
Firehose Moderate Bi-Maxwellian (bigbox 40 di),ion,750000,98.95833333333334,0.5816484689712524,1.7192514952694293,0.581915557384491,0.5638026595115662,0.6005070209503174,3.703763484954834,3.706223487854004,3.521737813949585,3.9009172916412354,0.4600087159657309,-0.12163975300552154,1327104
Firehose Moderate Bi-Maxwellian (bigbox 40 di),ion,750500,99.02430555555556,0.5818568468093872,1.7186357872791242,0.5821179151535034,0.5639710426330566,0.6006847620010376,3.702972888946533,3.7055978775024414,3.520811080932617,3.8999738693237305,0.4598934261792599,-0.12196342063012733,1327104
Firehose Moderate Bi-Maxwellian (bigbox 40 di),ion,751000,99.09027777777779,0.5820695161819458,1.718007853356498,0.5822919607162476,0.5642247200012207,0.6008813381195068,3.702167510986328,3.7043888568878174,3.5207595825195312,3.899230480194092,0.45977593016390506,-0.12229358601804075,1327104
Firehose Moderate Bi-Maxwellian (bigbox 40 di),ion,751500,99.15625,0.5822848081588745,1.7173726430574388,0.5824649333953857,0.5643942356109619,0.6011053919792175,3.7013511657714844,3.7037572860717773,3.5201077461242676,3.897752285003662,0.4596567819624503,-0.12262802619642421,1327104
Firehose Moderate Bi-Maxwellian (bigbox 40 di),ion,752000,99.22222222222223,0.5824962854385376,1.7167491450132442,0.5826987028121948,0.5645607709884644,0.6013520956039429,3.7005505561828613,3.7028160095214844,3.519707441329956,3.8967742919921875,0.4595398793678389,-0.12295640607069869,1327104
Firehose Moderate Bi-Maxwellian (bigbox 40 di),ion,752500,99.28819444444444,0.5827126502990723,1.7161117052920656,0.5828526020050049,0.5647761821746826,0.6015267372131348,3.699704885482788,3.70257568359375,3.5193896293640137,3.8954124450683594,0.4594163421391345,-0.12329630815993775,1327104
Firehose Moderate Bi-Maxwellian (bigbox 40 di),ion,753000,99.35416666666667,0.582929790019989,1.7154724584682992,0.5830979347229004,0.5649844408035278,0.6017250418663025,3.698864221572876,3.701888084411621,3.5189363956451416,3.8948841094970703,0.4592934803242019,-0.1236363096957871,1327104
Firehose Moderate Bi-Maxwellian (bigbox 40 di),ion,753500,99.42013888888889,0.583141565322876,1.714849462748066,0.5832865238189697,0.565198540687561,0.6019394397735596,3.698059320449829,3.701050281524658,3.518387794494629,3.8934152126312256,0.45917579284349563,-0.12396577247938034,1327104
Firehose Moderate Bi-Maxwellian (bigbox 40 di),ion,754000,99.48611111111111,0.5833602547645569,1.714206601894053,0.583484411239624,0.5653745532035828,0.6021320223808289,3.697218894958496,3.700356960296631,3.5179004669189453,3.8927767276763916,0.45905285653300454,-0.12430739823155235,1327104
Firehose Moderate Bi-Maxwellian (bigbox 40 di),ion,754500,99.55208333333334,0.5835777521133423,1.7135677232016555,0.5836407542228699,0.5655909776687622,0.6023498773574829,3.6963741779327393,3.6998045444488525,3.5174713134765625,3.891371488571167,0.4589292361309226,-0.12464851598241966,1327104
Firehose Moderate Bi-Maxwellian (bigbox 40 di),ion,755000,99.61805555555556,0.5837934017181396,1.7129347420798846,0.5838345289230347,0.5658164620399475,0.6025276184082031,3.6955373287200928,3.698976516723633,3.5167911052703857,3.890289306640625,0.4588067114200475,-0.12498669029809217,1327104
Firehose Moderate Bi-Maxwellian (bigbox 40 di),ion,755500,99.68402777777779,0.5840092301368713,1.7123017041453865,0.5840489864349365,0.5660375356674194,0.6027473211288452,3.694709300994873,3.698279857635498,3.5166189670562744,3.8891851902008057,0.4586854236512029,-0.12532380648566843,1327104
Firehose Moderate Bi-Maxwellian (bigbox 40 di),ion,756000,99.75,0.5842255353927612,1.7116677368915811,0.5842269062995911,0.5662623643875122,0.6029590964317322,3.6938724517822266,3.6978306770324707,3.515911102294922,3.8882956504821777,0.45856278848095144,-0.1256627469118098,1327104
Firehose Moderate Bi-Maxwellian (bigbox 40 di),ion,756500,99.81597222222223,0.5844424366950989,1.711032493901013,0.5844358205795288,0.5664576888084412,0.60312420129776,3.6930220127105713,3.696967601776123,3.5157394409179688,3.8867077827453613,0.45843810485926184,-0.12600433183583704,1327104
Firehose Moderate Bi-Maxwellian (bigbox 40 di),ion,757000,99.88194444444444,0.5846582055091858,1.710401035300767,0.5846347808837891,0.5666879415512085,0.6032751202583313,3.6921796798706055,3.6967601776123047,3.5152201652526855,3.885477304458618,0.45831455307990565,-0.12634365242928014,1327104
Firehose Moderate Bi-Maxwellian (bigbox 40 di),ion,757500,99.94791666666667,0.5848745703697205,1.7097683001807784,0.5848007798194885,0.566887617111206,0.6035430431365967,3.6913530826568604,3.6959309577941895,3.5146610736846924,3.884761333465576,0.45819325455572646,-0.126681315813994,1327104
Firehose Moderate Bi-Maxwellian (bigbox 40 di),ion,758000,100.01388888888889,0.5850948691368103,1.7091245415898086,0.5850036144256592,0.567115068435669,0.6037137508392334,3.690476655960083,3.695321559906006,3.514086961746216,3.8837175369262695,0.4580645844839528,-0.12703028465285748,1327104
Firehose Moderate Bi-Maxwellian (bigbox 40 di),ion,758500,100.07986111111111,0.5853098034858704,1.7084969259773222,0.5852060317993164,0.5673516392707825,0.603891134262085,3.6896352767944336,3.6947054862976074,3.513711929321289,3.8825182914733887,0.4579410023048115,-0.12736880118105887,1327104
Firehose Moderate Bi-Maxwellian (bigbox 40 di),ion,759000,100.14583333333334,0.5855280756950378,1.707860035256162,0.5854225158691406,0.5675775408744812,0.6040749549865723,3.688786029815674,3.6939878463745117,3.5135602951049805,3.8809728622436523,0.4578162073282579,-0.12771186836677995,1327104
Firehose Moderate Bi-Maxwellian (bigbox 40 di),ion,759500,100.21180555555556,0.5857431888580322,1.707232826641322,0.5856127738952637,0.5678404569625854,0.6042019128799438,3.6879465579986572,3.693525791168213,3.5129828453063965,3.8799078464508057,0.45769279230408844,-0.1280503965539438,1327104
Firehose Moderate Bi-Maxwellian (bigbox 40 di),ion,760000,100.27777777777779,0.5859594941139221,1.7066026065712663,0.5858149528503418,0.5680419206619263,0.6044406890869141,3.6870946884155273,3.6925857067108154,3.512600898742676,3.878614902496338,0.4575674971722873,-0.12839199694163483,1327104
Firehose Moderate Bi-Maxwellian (bigbox 40 di),ion,760500,100.34375,0.5861732959747314,1.7059801373877457,0.586014986038208,0.5682874321937561,0.6046085357666016,3.686253070831299,3.6921091079711914,3.5117602348327637,3.8776516914367676,0.4574436530617868,-0.12872964291294464,1327104
Firehose Moderate Bi-Maxwellian (bigbox 40 di),ion,761000,100.40972222222223,0.5863936543464661,1.705339054384033,0.5861834287643433,0.5684961676597595,0.6047794818878174,3.685394287109375,3.6911001205444336,3.5115513801574707,3.876403570175171,0.45731722464662194,-0.12907642969984412,1327104
Firehose Moderate Bi-Maxwellian (bigbox 40 di),ion,761500,100.47569444444444,0.5866069197654724,1.7047190653662996,0.5864325761795044,0.5687340497970581,0.6050148010253906,3.684554100036621,3.690737247467041,3.510836601257324,3.8752386569976807,0.45719347695827783,-0.12941344280719458,1327104
Firehose Moderate Bi-Maxwellian (bigbox 40 di),ion,762000,100.54166666666667,0.5868209600448608,1.70409727683134,0.5866073966026306,0.5689898133277893,0.6051242351531982,3.6837141513824463,3.6898081302642822,3.510280132293701,3.8742055892944336,0.45706970796053004,-0.1297512520843308,1327104
Firehose Moderate Bi-Maxwellian (bigbox 40 di),ion,762500,100.60763888888889,0.5870358347892761,1.7034735202476396,0.5868034362792969,0.5692033171653748,0.6053714156150818,3.6828720569610596,3.6891536712646484,3.5100858211517334,3.8727149963378906,0.45694556610519077,-0.13009026868408535,1327104
Firehose Moderate Bi-Maxwellian (bigbox 40 di),ion,763000,100.67361111111111,0.5872491002082825,1.7028548867002524,0.5870101451873779,0.5694186687469482,0.6055410504341125,3.6820383071899414,3.6887402534484863,3.509558916091919,3.8718984127044678,0.45682259847905815,-0.13042650172922432,1327104
Firehose Moderate Bi-Maxwellian (bigbox 40 di),ion,763500,100.73958333333334,0.5874647498130798,1.702229793903687,0.5872005224227905,0.5696444511413574,0.6057582497596741,3.6811959743499756,3.6878178119659424,3.5090506076812744,3.8708689212799072,0.4566983083933315,-0.13076644141974836,1327104
Firehose Moderate Bi-Maxwellian (bigbox 40 di),ion,764000,100.80555555555556,0.5876786112785339,1.701610337365237,0.5873953104019165,0.5698737502098083,0.6059488654136658,3.6803572177886963,3.6872198581695557,3.508014678955078,3.8697261810302734,0.4565744894726065,-0.13110412180592745,1327104
Firehose Moderate Bi-Maxwellian (bigbox 40 di),ion,764500,100.87152777777779,0.5878896117210388,1.7009996095568243,0.5875977873802185,0.5700872540473938,0.6061343550682068,3.679532527923584,3.686173915863037,3.507265090942383,3.8687596321105957,0.4564526920682964,-0.1314369196527424,1327104
Firehose Moderate Bi-Maxwellian (bigbox 40 di),ion,765000,100.9375,0.5881080031394958,1.700367950549392,0.5878444910049438,0.5703089237213135,0.6063387989997864,3.678687572479248,3.685417652130127,3.5066211223602295,3.868382453918457,0.4563278450275945,-0.13178015811190136,1327104
Firehose Moderate Bi-Maxwellian (bigbox 40 di),ion,765500,101.00347222222223,0.5883199572563171,1.6997553587398082,0.5880177021026611,0.5705022215843201,0.6065393686294556,3.6778457164764404,3.6846389770507812,3.5062403678894043,3.8670084476470947,0.45620339889730344,-0.1321165583590137,1327104
Firehose Moderate Bi-Maxwellian (bigbox 40 di),ion,766000,101.06944444444444,0.5885328054428101,1.6991406269147622,0.5882238149642944,0.570733368396759,0.60676509141922,3.6770224571228027,3.6839256286621094,3.5053486824035645,3.866264820098877,0.4560816466796995,-0.13245115876311053,1327104
Firehose Moderate Bi-Maxwellian (bigbox 40 di),ion,766500,101.13541666666667,0.5887441039085388,1.6985308105189103,0.5884283185005188,0.5709285140037537,0.6069256067276001,3.6761982440948486,3.683027744293213,3.5044331550598145,3.8656115531921387,0.45595969879680986,-0.13278440511172895,1327104
Firehose Moderate Bi-Maxwellian (bigbox 40 di),ion,767000,101.20138888888889,0.5889548659324646,1.6979229782179437,0.5886354446411133,0.571134626865387,0.6071954965591431,3.675386667251587,3.682485580444336,3.5042309761047363,3.864534854888916,0.4558395670800053,-0.13311529885245932,1327104
Firehose Moderate Bi-Maxwellian (bigbox 40 di),ion,767500,101.26736111111111,0.5891683101654053,1.6973078537086563,0.5888324975967407,0.5713056921958923,0.6074091196060181,3.674546957015991,3.681441068649292,3.503406524658203,3.86382794380188,0.4557152151284112,-0.1334530950369941,1327104
Firehose Moderate Bi-Maxwellian (bigbox 40 di),ion,768000,101.33333333333334,0.5893797874450684,1.6966988371537979,0.5890012383460999,0.5715046525001526,0.607635498046875,3.6737279891967773,3.6811838150024414,3.5024149417877197,3.86289119720459,0.45559388014536173,-0.13378590729970663,1327104
Firehose Moderate Bi-Maxwellian (bigbox 40 di),ion,768500,101.39930555555556,0.5895899534225464,1.6960940297490477,0.5892072916030884,0.5717189311981201,0.607825756072998,3.6729140281677246,3.6803090572357178,3.5015370845794678,3.8621883392333984,0.4554732333340993,-0.1341167200884471,1327104
Firehose Moderate Bi-Maxwellian (bigbox 40 di),ion,769000,101.46527777777779,0.5897979140281677,1.6954959931449363,0.5893881320953369,0.5718940496444702,0.6080556511878967,3.6721179485321045,3.679584503173828,3.5009002685546875,3.861459493637085,0.4553551852005512,-0.13444272882761654,1327104
Firehose Moderate Bi-Maxwellian (bigbox 40 di),ion,769500,101.53125,0.5900078415870667,1.6948927277137407,0.5895447731018066,0.5720527172088623,0.6082184910774231,3.6713051795959473,3.6789698600769043,3.5000200271606445,3.861032485961914,0.4552346094475006,-0.13477323213956605,1327104
Firehose Moderate Bi-Maxwellian (bigbox 40 di),ion,770000,101.59722222222223,0.5902138352394104,1.6943011842383646,0.5897641181945801,0.5722460746765137,0.6084896326065063,3.670523166656494,3.6784751415252686,3.4992568492889404,3.859976053237915,0.4551185459968601,-0.13509528924255032,1327104
Firehose Moderate Bi-Maxwellian (bigbox 40 di),ion,770500,101.66319444444444,0.5904181599617004,1.6937148411303415,0.589891791343689,0.572413444519043,0.6086764335632324,3.669729232788086,3.677781343460083,3.4986109733581543,3.8593132495880127,0.4550006626836348,-0.13541749727806562,1327104
Firehose Moderate Bi-Maxwellian (bigbox 40 di),ion,771000,101.72916666666667,0.5906279683113098,1.6931131840219886,0.5900861024856567,0.5725936889648438,0.6088900566101074,3.668928861618042,3.676815986633301,3.4981625080108643,3.8585028648376465,0.4548817719191274,-0.13574619639218244,1327104
Firehose Moderate Bi-Maxwellian (bigbox 40 di),ion,771500,101.79513888888889,0.5908342003822327,1.6925221988724801,0.5902407765388489,0.5727704763412476,0.6090682148933411,3.668142318725586,3.6764602661132812,3.4970955848693848,3.8579792976379395,0.45476488472375975,-0.1360693156584729,1327104
Firehose Moderate Bi-Maxwellian (bigbox 40 di),ion,772000,101.86111111111111,0.5910366773605347,1.6919423756674852,0.5904275178909302,0.5729324817657471,0.6093222498893738,3.66738224029541,3.67555570602417,3.496626853942871,3.8570165634155273,0.4546518827448708,-0.13638479461566388,1327104
Firehose Moderate Bi-Maxwellian (bigbox 40 di),ion,772500,101.92708333333334,0.5912418961524963,1.6913551061037706,0.59062659740448,0.5731048583984375,0.6095051765441895,3.666599988937378,3.675029993057251,3.4961092472076416,3.8565194606781006,0.4545355353640247,-0.13670636078847165,1327104
Firehose Moderate Bi-Maxwellian (bigbox 40 di),ion,773000,101.99305555555556,0.5914462804794312,1.6907706295648557,0.5907622575759888,0.5732793211936951,0.6096898913383484,3.6658380031585693,3.675278425216675,3.4952802658081055,3.856060028076172,0.45442215442233,-0.13702412605710113,1327104
Firehose Moderate Bi-Maxwellian (bigbox 40 di),ion,773500,102.05902777777779,0.591649055480957,1.6901911542596662,0.5909550189971924,0.5734187960624695,0.6099358201026917,3.6650803089141846,3.6741788387298584,3.494235038757324,3.855581045150757,0.45430936529941435,-0.13733969018154268,1327104
Firehose Moderate Bi-Maxwellian (bigbox 40 di),ion,774000,102.125,0.5918525457382202,1.6896100341220899,0.5911093950271606,0.573592483997345,0.6101366877555847,3.6643102169036865,3.6735336780548096,3.4935576915740967,3.854552984237671,0.4541946828699497,-0.13765786286827053,1327104
Firehose Moderate Bi-Maxwellian (bigbox 40 di),ion,774500,102.19097222222223,0.5920533537864685,1.689036965341915,0.5912636518478394,0.573731005191803,0.6103679537773132,3.663578510284424,3.6731772422790527,3.4933202266693115,3.854191303253174,0.45408567214116313,-0.13796768164530537,1327104
Firehose Moderate Bi-Maxwellian (bigbox 40 di),ion,775000,102.25694444444444,0.592254638671875,1.6884629257484414,0.5914294719696045,0.5739238262176514,0.6105448603630066,3.662830352783203,3.67281436920166,3.492570638656616,3.853306770324707,0.4539741655028333,-0.13828047316904168,1327104
Firehose Moderate Bi-Maxwellian (bigbox 40 di),ion,775500,102.32291666666667,0.5924517512321472,1.6879011631246887,0.5915791988372803,0.5740902423858643,0.6107275485992432,3.662109851837158,3.6719040870666504,3.492152690887451,3.852727174758911,0.45386673777776854,-0.13858501345437868,1327104
Firehose Moderate Bi-Maxwellian (bigbox 40 di),ion,776000,102.38888888888889,0.5926558971405029,1.6873197496639887,0.5917527079582214,0.5742282867431641,0.6109468340873718,3.661350965499878,3.6714813709259033,3.491976261138916,3.8517587184906006,0.45375354101653476,-0.13890235612396817,1327104
Firehose Moderate Bi-Maxwellian (bigbox 40 di),ion,776500,102.45486111111111,0.5928565859794617,1.686748572334563,0.5919537544250488,0.5744219422340393,0.6111699342727661,3.6606223583221436,3.670928955078125,3.4908287525177,3.851311683654785,0.4536448165834004,-0.13921176939606128,1327104
Firehose Moderate Bi-Maxwellian (bigbox 40 di),ion,777000,102.52083333333334,0.5930551290512085,1.6861838824323752,0.5920815467834473,0.5745686888694763,0.6113977432250977,3.6598944664001465,3.6703898906707764,3.4905295372009277,3.8505635261535645,0.45353615565664385,-0.13951897339456465,1327104
Firehose Moderate Bi-Maxwellian (bigbox 40 di),ion,777500,102.58680555555556,0.5932512283325195,1.6856265141005258,0.5922335386276245,0.5747416019439697,0.6115112900733948,3.659196138381958,3.6701200008392334,3.490065574645996,3.849649429321289,0.45343186744715736,-0.13981936088536218,1327104
Firehose Moderate Bi-Maxwellian (bigbox 40 di),ion,778000,102.65277777777779,0.593447744846344,1.685068329409392,0.5924257040023804,0.5748612880706787,0.6117573380470276,3.6584959030151367,3.6695432662963867,3.4895942211151123,3.849200963973999,0.4533272544184874,-0.14012049042785657,1327104
Firehose Moderate Bi-Maxwellian (bigbox 40 di),ion,778500,102.71875,0.5936398506164551,1.6845230301866818,0.5925865173339844,0.5750647783279419,0.6118721961975098,3.6578118801116943,3.669314384460449,3.4892561435699463,3.8483924865722656,0.4532250248093873,-0.14041482580706777,1327104
Firehose Moderate Bi-Maxwellian (bigbox 40 di),ion,779000,102.78472222222223,0.5938374996185303,1.683962364522922,0.5927313566207886,0.5752027034759521,0.6121093034744263,3.657109260559082,3.6680381298065186,3.488624095916748,3.8477437496185303,0.4531199760506337,-0.14071752356789657,1327104
Firehose Moderate Bi-Maxwellian (bigbox 40 di),ion,779500,102.85069444444444,0.5940296053886414,1.683417780744706,0.5929243564605713,0.5753389000892639,0.6122843623161316,3.6564409732818604,3.66795015335083,3.4882097244262695,3.8470354080200195,0.4530200228543856,-0.14100958253425577,1327104
Firehose Moderate Bi-Maxwellian (bigbox 40 di),ion,780000,102.91666666666667,0.5942220687866211,1.6828725362589816,0.5930746793746948,0.5754908323287964,0.6125203371047974,3.6557695865631104,3.6673519611358643,3.4874696731567383,3.8462677001953125,0.4529195692882124,-0.14130249949840867,1327104
Firehose Moderate Bi-Maxwellian (bigbox 40 di),ion,780500,102.98263888888889,0.5944114923477173,1.6823362483291668,0.5932160019874573,0.5756276249885559,0.6127323508262634,3.6551167964935303,3.6668314933776855,3.4874086380004883,3.845822811126709,0.4528218627873496,-0.1415896295603677,1327104
Firehose Moderate Bi-Maxwellian (bigbox 40 di),ion,781000,103.04861111111111,0.594599723815918,1.6818036738772348,0.5934406518936157,0.5757472515106201,0.6129545569419861,3.6544811725616455,3.666186571121216,3.487126350402832,3.8450803756713867,0.4527266920907189,-0.14187303172519905,1327104
Firehose Moderate Bi-Maxwellian (bigbox 40 di),ion,781500,103.11458333333334,0.5947920680046082,1.6812598112728236,0.5935534834861755,0.575904369354248,0.6130764484405518,3.6538188457489014,3.6655678749084473,3.4865307807922363,3.8444273471832275,0.4526274879974045,-0.14216458000720367,1327104
Firehose Moderate Bi-Maxwellian (bigbox 40 di),ion,782000,103.18055555555556,0.5949790477752686,1.680731453887622,0.5936971306800842,0.5760346055030823,0.6133232116699219,3.653193235397339,3.6654911041259766,3.486464023590088,3.8438775539398193,0.4525337503033917,-0.14244529747187684,1327104
Firehose Moderate Bi-Maxwellian (bigbox 40 di),ion,782500,103.24652777777779,0.5951666831970215,1.680201577528432,0.5938180685043335,0.5761868357658386,0.6134896874427795,3.6525719165802,3.664731502532959,3.4857263565063477,3.8430581092834473,0.4524406238460752,-0.1427260593509463,1327104
Firehose Moderate Bi-Maxwellian (bigbox 40 di),ion,783000,103.3125,0.5953543782234192,1.6796718670047792,0.5939867496490479,0.5763514637947083,0.6137048006057739,3.651942729949951,3.6644327640533447,3.485638380050659,3.8424935340881348,0.4523462858281435,-0.14300809239527568,1327104
Firehose Moderate Bi-Maxwellian (bigbox 40 di),ion,783500,103.37847222222223,0.5955380797386169,1.6791537502335743,0.5942173004150391,0.5764395594596863,0.6138660907745361,3.6513543128967285,3.6638355255126953,3.4853193759918213,3.842101812362671,0.4522580312362674,-0.14328004850234954,1327104
Firehose Moderate Bi-Maxwellian (bigbox 40 di),ion,784000,103.44444444444444,0.5957225561141968,1.6786337695903955,0.5943562984466553,0.5765553116798401,0.6141031384468079,3.65075945854187,3.663379669189453,3.484788656234741,3.84126615524292,0.45216878221858825,-0.14355377389560853,1327104
Firehose Moderate Bi-Maxwellian (bigbox 40 di),ion,784500,103.51041666666667,0.5959049463272095,1.6781199856846016,0.594531774520874,0.5766944289207458,0.6142832040786743,3.6501893997192383,3.6632561683654785,3.484314441680908,3.840989828109741,0.4520832261049703,-0.14382172022223916,1327104
Firehose Moderate Bi-Maxwellian (bigbox 40 di),ion,785000,103.57638888888889,0.5960875749588013,1.6776058451966813,0.5946285724639893,0.5768241882324219,0.6144827604293823,3.649592161178589,3.6624598503112793,3.483954906463623,3.8403120040893555,0.45199356210965624,-0.14409401284914503,1327104
Firehose Moderate Bi-Maxwellian (bigbox 40 di),ion,785500,103.64236111111111,0.5962648987770081,1.6771069403063776,0.5948086380958557,0.5769344568252563,0.6147141456604004,3.649050235748291,3.662285804748535,3.4837071895599365,3.840102195739746,0.4519121769257115,-0.14435272185129655,1327104
Firehose Moderate Bi-Maxwellian (bigbox 40 di),ion,786000,103.70833333333334,0.596442699432373,1.6766069916719364,0.5949836373329163,0.5770630240440369,0.614914059638977,3.6484999656677246,3.661759853363037,3.483189105987549,3.8395957946777344,0.4518295138221351,-0.14461318561023795,1327104
Firehose Moderate Bi-Maxwellian (bigbox 40 di),ion,786500,103.77430555555556,0.5966231226921082,1.6760999732758557,0.5951284766197205,0.577202558517456,0.6150949597358704,3.64794921875,3.6611108779907227,3.4828274250030518,3.839285373687744,0.4517467541159149,-0.14487636857619324,1327104
Firehose Moderate Bi-Maxwellian (bigbox 40 di),ion,787000,103.84027777777779,0.5967981815338135,1.6756083227833056,0.5952781438827515,0.5772913098335266,0.615341305732727,3.6474218368530273,3.6608500480651855,3.482440948486328,3.8388023376464844,0.45166748200268836,-0.14513069953112512,1327104
Firehose Moderate Bi-Maxwellian (bigbox 40 di),ion,787500,103.90625,0.5969745516777039,1.6751132811099836,0.595422089099884,0.5774312615394592,0.6154420971870422,3.6468942165374756,3.6602649688720703,3.482400894165039,3.838517427444458,0.45158815110933226,-0.1453864005683716,1327104
Firehose Moderate Bi-Maxwellian (bigbox 40 di),ion,788000,103.97222222222223,0.5971478223800659,1.674627223815833,0.5955822467803955,0.577519416809082,0.6157398223876953,3.6464016437530518,3.660236358642578,3.4814767837524414,3.8381030559539795,0.45151406910251835,-0.14563375327754757,1327104
Firehose Moderate Bi-Maxwellian (bigbox 40 di),ion,788500,104.03819444444444,0.5973228216171265,1.674136603876459,0.5957562923431396,0.5776855945587158,0.6159157752990723,3.6458914279937744,3.659606695175171,3.481445074081421,3.83768630027771,0.4514373125201535,-0.14588550909697295,1327104
Firehose Moderate Bi-Maxwellian (bigbox 40 di),ion,789000,104.10416666666667,0.5974899530410767,1.6736683100866323,0.5959216356277466,0.577795147895813,0.6161291599273682,3.6454317569732666,3.6591286659240723,3.4808599948883057,3.8375048637390137,0.4513681414624636,-0.14612181157861304,1327104
Firehose Moderate Bi-Maxwellian (bigbox 40 di),ion,789500,104.17013888888889,0.5976662039756775,1.6731747476233336,0.5960854291915894,0.5779014825820923,0.6163275837898254,3.644937038421631,3.658604621887207,3.4804091453552246,3.8373169898986816,0.45129367697773426,-0.14637252699794323,1327104
Firehose Moderate Bi-Maxwellian (bigbox 40 di),ion,790000,104.23611111111111,0.5978369116783142,1.672696985525181,0.5962405204772949,0.578041672706604,0.6165222525596619,3.644470691680908,3.6583681106567383,3.4796411991119385,3.836902379989624,0.4512234644758367,-0.1466134472024775,1327104
Firehose Moderate Bi-Maxwellian (bigbox 40 di),ion,790500,104.30208333333333,0.5980013608932495,1.6722369970969215,0.5963668823242188,0.5781303644180298,0.6167340874671936,3.6440482139587402,3.6577906608581543,3.4794299602508545,3.8364956378936768,0.45115984131634623,-0.14684151957690328,1327104
Firehose Moderate Bi-Maxwellian (bigbox 40 di),ion,791000,104.36805555555556,0.5981695652008057,1.6717667667767413,0.5965404510498047,0.5782404541969299,0.6169146299362183,3.643605947494507,3.657459259033203,3.4784839153289795,3.8365511894226074,0.4510932222582186,-0.1470763429425871,1327104
Firehose Moderate Bi-Maxwellian (bigbox 40 di),ion,791500,104.43402777777779,0.5983374714851379,1.671297633286935,0.5966652035713196,0.5783753395080566,0.6171532869338989,3.6431708335876465,3.657499074935913,3.4781830310821533,3.836516857147217,0.45102766481293954,-0.1473098066721984,1327104
Firehose Moderate Bi-Maxwellian (bigbox 40 di),ion,792000,104.5,0.598504364490509,1.6708315917650385,0.5968250632286072,0.5784806609153748,0.6173761487007141,3.642733573913574,3.656970500946045,3.477458953857422,3.8361897468566895,0.45096176829333745,-0.14754259619717158,1327104
Firehose Moderate Bi-Maxwellian (bigbox 40 di),ion,792500,104.56597222222223,0.598671019077301,1.6703664752993146,0.5970224142074585,0.5786104202270508,0.6175751686096191,3.6423254013061523,3.6565184593200684,3.477351665496826,3.8357183933258057,0.4509002410155908,-0.14777077806171024,1327104
Firehose Moderate Bi-Maxwellian (bigbox 40 di),ion,793000,104.63194444444444,0.5988329648971558,1.6699147485505264,0.5971876382827759,0.5787338614463806,0.6177759766578674,3.6419382095336914,3.656144618988037,3.4768710136413574,3.8356075286865234,0.4508418636086423,-0.14799110128851345,1327104
Firehose Moderate Bi-Maxwellian (bigbox 40 di),ion,793500,104.69791666666667,0.5989933609962463,1.6694675853114616,0.597314715385437,0.5788081884384155,0.6180193424224854,3.6415579319000244,3.6555769443511963,3.4761481285095215,3.8354601860046387,0.4507845165718737,-0.14820884442437265,1327104
Firehose Moderate Bi-Maxwellian (bigbox 40 di),ion,794000,104.76388888888889,0.5991551280021667,1.6690168426571217,0.5974525809288025,0.578944981098175,0.6181609034538269,3.6411874294281006,3.6554465293884277,3.4754209518432617,3.835705280303955,0.450728632139069,-0.14842649586309775,1327104
Firehose Moderate Bi-Maxwellian (bigbox 40 di),ion,794500,104.82986111111111,0.5993117094039917,1.6685807807668034,0.5975973606109619,0.5790532231330872,0.6183942556381226,3.640841007232666,3.655137062072754,3.474353551864624,3.835679292678833,0.45067636954568313,-0.14863533985830857,1327104
Firehose Moderate Bi-Maxwellian (bigbox 40 di),ion,795000,104.89583333333333,0.5994747281074524,1.6681270337400373,0.5978132486343384,0.5792067050933838,0.6185644268989563,3.640483856201172,3.6551060676574707,3.474519968032837,3.834991455078125,0.4506224779452831,-0.1488522501621693,1327104
Firehose Moderate Bi-Maxwellian (bigbox 40 di),ion,795500,104.96180555555556,0.5996301770210266,1.667694586299872,0.5979365110397339,0.5792763233184814,0.6187557578086853,3.6401546001434326,3.654564380645752,3.4732186794281006,3.8354454040527344,0.4505727861335356,-0.14905739088749104,1327104
Firehose Moderate Bi-Maxwellian (bigbox 40 di),ion,796000,105.02777777777779,0.5997875928878784,1.6672568953705174,0.5981208086013794,0.5794669985771179,0.618955671787262,3.639829158782959,3.6542069911956787,3.473276138305664,3.8349573612213135,0.4505236612070179,-0.1492639316808605,1327104
Firehose Moderate Bi-Maxwellian (bigbox 40 di),ion,796500,105.09375,0.5999448299407959,1.666819930923786,0.5982437133789062,0.5795629024505615,0.619163990020752,3.6395182609558105,3.65381121635437,3.4719419479370117,3.8353586196899414,0.4504767234016406,-0.14946810653915532,1327104
Firehose Moderate Bi-Maxwellian (bigbox 40 di),ion,797000,105.15972222222223,0.6001011729240417,1.6663856781472677,0.5984167456626892,0.5796703100204468,0.6193767189979553,3.639204502105713,3.6538076400756836,3.471933364868164,3.834968090057373,0.45042934552241787,-0.14967182740162388,1327104
Firehose Moderate Bi-Maxwellian (bigbox 40 di),ion,797500,105.22569444444446,0.6002545952796936,1.6659597575159615,0.5985884666442871,0.5797723531723022,0.6195973753929138,3.6389000415802,3.653238296508789,3.4710142612457275,3.8349695205688477,0.4503833638883096,-0.14987123139138403,1327104
Firehose Moderate Bi-Maxwellian (bigbox 40 di),ion,798000,105.29166666666669,0.6004040837287903,1.665544967298577,0.5987108945846558,0.5799017548561096,0.6197491884231567,3.6386520862579346,3.6533010005950928,3.470937728881836,3.835050344467163,0.45034591035691973,-0.15005817337187055,1327104
Firehose Moderate Bi-Maxwellian (bigbox 40 di),ion,798500,105.35763888888889,0.6005592942237854,1.6651145184464862,0.5988712906837463,0.5800650715827942,0.6199334263801575,3.638362407684326,3.6525816917419434,3.4701132774353027,3.8349242210388184,0.4503021480829006,-0.1502571461408848,1327104
Firehose Moderate Bi-Maxwellian (bigbox 40 di),ion,799000,105.4236111111111,0.6007030606269836,1.6647160062015505,0.5990420579910278,0.580147922039032,0.6201328635215759,3.6381335258483887,3.65272855758667,3.469463586807251,3.8348841667175293,0.45026756555516656,-0.15043549507181708,1327104
Firehose Moderate Bi-Maxwellian (bigbox 40 di),ion,799500,105.48958333333333,0.6008529663085938,1.664300679321948,0.5991665720939636,0.5802743434906006,0.6203903555870056,3.6378931999206543,3.652164936065674,3.469275712966919,3.8352811336517334,0.45023124921764557,-0.15062171709094818,1327104
Firehose Moderate Bi-Maxwellian (bigbox 40 di),ion,800000,105.55555555555556,0.6010006070137024,1.663891830274309,0.5993160605430603,0.580430805683136,0.6204919815063477,3.63765811920166,3.6521244049072266,3.4683916568756104,3.8349859714508057,0.4501957208559966,-0.15080488615770582,1327104
Firehose Moderate Bi-Maxwellian (bigbox 40 di),ion,800500,105.62152777777779,0.6011484265327454,1.6634826872420145,0.5995147824287415,0.5805538296699524,0.6206896305084229,3.6374285221099854,3.6516127586364746,3.4675183296203613,3.835162401199341,0.4501610168163943,-0.15098740971635105,1327104
Firehose Moderate Bi-Maxwellian (bigbox 40 di),ion,801000,105.6875,0.601298987865448,1.663066162060078,0.5996419191360474,0.580651044845581,0.6208791732788086,3.6371958255767822,3.651421546936035,3.4671690464019775,3.8348042964935303,0.4501258398197896,-0.1511731480456584,1327104
Firehose Moderate Bi-Maxwellian (bigbox 40 di),ion,801500,105.75347222222223,0.6014437079429626,1.662665993165289,0.5998109579086304,0.5808049440383911,0.6210933923721313,3.636986255645752,3.651261806488037,3.466627597808838,3.8349289894104004,0.4500941550451647,-0.15134955289779795,1327104
Firehose Moderate Bi-Maxwellian (bigbox 40 di),ion,802000,105.81944444444446,0.6015910506248474,1.6622587702415816,0.5999546051025391,0.5809246301651001,0.6212762594223022,3.636780261993408,3.6506576538085938,3.46610164642334,3.8351335525512695,0.4500630074076153,-0.15152804321723212,1327104
Firehose Moderate Bi-Maxwellian (bigbox 40 di),ion,802500,105.88541666666669,0.6017358303070068,1.6618588251422521,0.6001286506652832,0.5810511112213135,0.6214590668678284,3.636601209640503,3.6508994102478027,3.4658188819885254,3.835049629211426,0.45003593061068403,-0.1516998996963228,1327104
Firehose Moderate Bi-Maxwellian (bigbox 40 di),ion,803000,105.95138888888889,0.6018794775009155,1.66146219863175,0.6003099679946899,0.5811735391616821,0.62165367603302,3.6364266872406006,3.6505143642425537,3.465393304824829,3.8347885608673096,0.45000953627979134,-0.15186994122112418,1327104
Firehose Moderate Bi-Maxwellian (bigbox 40 di),ion,803500,106.0173611111111,0.6020187735557556,1.661077766883603,0.6004370450973511,0.5813091993331909,0.6218451857566833,3.6362831592559814,3.650177001953125,3.4647817611694336,3.8347933292388916,0.44998782756807665,-0.15203094598767897,1327104
Firehose Moderate Bi-Maxwellian (bigbox 40 di),ion,804000,106.08333333333333,0.602163553237915,1.6606783898209456,0.6005793809890747,0.5814080238342285,0.6220080852508545,3.6361117362976074,3.649599075317383,3.464500904083252,3.834604501724243,0.44996189747555526,-0.15220165576235978,1327104
Firehose Moderate Bi-Maxwellian (bigbox 40 di),ion,804500,106.14930555555556,0.6023058891296387,1.6602859411603108,0.6007445454597473,0.581571638584137,0.6221362352371216,3.6359481811523438,3.649803876876831,3.464078664779663,3.834291458129883,0.44993715521926425,-0.15236873391037442,1327104
Firehose Moderate Bi-Maxwellian (bigbox 40 di),ion,805000,106.21527777777779,0.6024432182312012,1.6599074729997665,0.6009157299995422,0.5817304849624634,0.6223163604736328,3.6358416080474854,3.648923397064209,3.4636242389678955,3.834581136703491,0.44992103188069377,-0.1525221863505074,1327104
Firehose Moderate Bi-Maxwellian (bigbox 40 di),ion,805500,106.28125,0.6025823950767517,1.6595240886063867,0.6010791063308716,0.5818262696266174,0.6225271224975586,3.6357057094573975,3.649013042449951,3.4630916118621826,3.834026336669922,0.44990047054757754,-0.15268192452917417,1327104
Firehose Moderate Bi-Maxwellian (bigbox 40 di),ion,806000,106.34722222222223,0.6027207970619202,1.6591430142691186,0.6012226343154907,0.5819646120071411,0.6226637363433838,3.635582685470581,3.6487178802490234,3.463096857070923,3.834465742111206,0.44988185580460127,-0.1528389412573189,1327104
Firehose Moderate Bi-Maxwellian (bigbox 40 di),ion,806500,106.41319444444446,0.6028586626052856,1.6587635909193823,0.601399302482605,0.5820673704147339,0.6228461861610413,3.6354634761810303,3.6487414836883545,3.462965726852417,3.833927631378174,0.44986381706110457,-0.15299484554418108,1327104
Firehose Moderate Bi-Maxwellian (bigbox 40 di),ion,807000,106.47916666666669,0.6029964685440063,1.658384504994859,0.601529598236084,0.5821830034255981,0.6230679750442505,3.635368585586548,3.6482675075531006,3.462228775024414,3.8338682651519775,0.44984945737563764,-0.1531470111683687,1327104
Firehose Moderate Bi-Maxwellian (bigbox 40 di),ion,807500,106.54513888888889,0.6031339764595032,1.658006411560772,0.601692795753479,0.5823647379875183,0.6232208013534546,3.6352665424346924,3.64798641204834,3.462061882019043,3.833709239959717,0.4498340144652736,-0.15329996199422957,1327104
Firehose Moderate Bi-Maxwellian (bigbox 40 di),ion,808000,106.6111111111111,0.6032705307006836,1.6576311109354622,0.6018490791320801,0.5824538469314575,0.6234111189842224,3.6351730823516846,3.6476821899414062,3.4618873596191406,3.8334121704101562,0.44981986973061816,-0.15345066097006543,1327104
Firehose Moderate Bi-Maxwellian (bigbox 40 di),ion,808500,106.67708333333333,0.60340416431427,1.6572640017100904,0.6019842624664307,0.5825976133346558,0.623579740524292,3.6351089477539062,3.6476387977600098,3.461587429046631,3.833324670791626,0.4498101628464869,-0.15359400146778313,1327104
Firehose Moderate Bi-Maxwellian (bigbox 40 di),ion,809000,106.74305555555556,0.6035377383232117,1.656897218686384,0.6021551489830017,0.5827597379684448,0.6237602233886719,3.6350350379943848,3.6475892066955566,3.4615607261657715,3.8329386711120605,0.44979897604962527,-0.1537387622735864,1327104
Firehose Moderate Bi-Maxwellian (bigbox 40 di),ion,809500,106.80902777777779,0.6036705374717712,1.6565327242705825,0.6023399829864502,0.5828365683555603,0.6238881349563599,3.6349780559539795,3.647223949432373,3.4612369537353516,3.8329527378082275,0.44979035107954424,-0.153880186392227,1327104
Firehose Moderate Bi-Maxwellian (bigbox 40 di),ion,810000,106.875,0.6038035750389099,1.656167736230377,0.6024684906005859,0.5830003023147583,0.6240510940551758,3.634920120239258,3.647094249725342,3.461182117462158,3.8325021266937256,0.449781581481258,-0.1540219935576519,1327104
Firehose Moderate Bi-Maxwellian (bigbox 40 di),ion,810500,106.94097222222223,0.6039299964904785,1.655821048484327,0.6026070713996887,0.5831279754638672,0.6242004036903381,3.6349081993103027,3.6469969749450684,3.461214780807495,3.832676649093628,0.44977977700248783,-0.15415021948799068,1327104
Firehose Moderate Bi-Maxwellian (bigbox 40 di),ion,811000,107.00694444444446,0.6040593385696411,1.655466501631961,0.6027679443359375,0.5832681655883789,0.6243796944618225,3.6348698139190674,3.646916627883911,3.4609224796295166,3.8321189880371094,0.44977396650043233,-0.15428537206920878,1327104
Firehose Moderate Bi-Maxwellian (bigbox 40 di),ion,811500,107.07291666666669,0.6041903495788574,1.6551075347314572,0.6029219627380371,0.5833858251571655,0.6245468854904175,3.634841203689575,3.6460423469543457,3.4609272480010986,3.8321990966796875,0.44976963561162353,-0.1544207139672339,1327104
Firehose Moderate Bi-Maxwellian (bigbox 40 di),ion,812000,107.13888888888889,0.6043199896812439,1.6547524772885014,0.6030879020690918,0.5835510492324829,0.6246986985206604,3.6348118782043457,3.646209955215454,3.460906744003296,3.831731081008911,0.44976519637983814,-0.15455479330140576,1327104
Firehose Moderate Bi-Maxwellian (bigbox 40 di),ion,812500,107.2048611111111,0.6044480800628662,1.6544018137934924,0.6032004356384277,0.5836886167526245,0.6248448491096497,3.634793519973755,3.645688533782959,3.460744857788086,3.8313679695129395,0.44976241731210054,-0.15468566275076567,1327104
Firehose Moderate Bi-Maxwellian (bigbox 40 di),ion,813000,107.27083333333333,0.6045733094215393,1.6540591263560878,0.6034082770347595,0.5838249325752258,0.6249994039535522,3.6347854137420654,3.6457817554473877,3.460869312286377,3.8310794830322266,0.44976119018234684,-0.15481211923919247,1327104
Firehose Moderate Bi-Maxwellian (bigbox 40 di),ion,813500,107.33680555555556,0.6047011017799377,1.6537095716487036,0.6035851240158081,0.5839565992355347,0.6251879930496216,3.634796380996704,3.6455798149108887,3.4610519409179688,3.8309855461120605,0.44976285041541275,-0.154938251364525,1327104
Firehose Moderate Bi-Maxwellian (bigbox 40 di),ion,814000,107.40277777777779,0.6048294305801392,1.653358698237984,0.603753387928009,0.5840936303138733,0.6253358721733093,3.6347808837890625,3.6452627182006836,3.4606823921203613,3.830644130706787,0.4497605044309829,-0.15506892614915624,1327104
Firehose Moderate Bi-Maxwellian (bigbox 40 di),ion,814500,107.46875,0.6049507260322571,1.6530271920802326,0.6038944721221924,0.5842597484588623,0.6254771947860718,3.6348133087158203,3.6450302600860596,3.4606194496154785,3.8306543827056885,0.449765412929392,-0.1551853131028651,1327104
Firehose Moderate Bi-Maxwellian (bigbox 40 di),ion,815000,107.53472222222223,0.605078935623169,1.652676933746013,0.6040560007095337,0.5843938589096069,0.625627875328064,3.6348092555999756,3.6447925567626953,3.4607348442077637,3.8300743103027344,0.4497647993718801,-0.15531413625128887,1327104
Firehose Moderate Bi-Maxwellian (bigbox 40 di),ion,815500,107.60069444444446,0.6052026152610779,1.6523391915096248,0.6042746305465698,0.584558367729187,0.6257731318473816,3.6348319053649902,3.644771099090576,3.4606332778930664,3.8296000957489014,0.44976822805808103,-0.15543438720299685,1327104
Firehose Moderate Bi-Maxwellian (bigbox 40 di),ion,816000,107.66666666666669,0.6053240895271301,1.6520076060101698,0.6044180393218994,0.5846709609031677,0.6258748769760132,3.63486909866333,3.64463472366333,3.461129903793335,3.829468250274658,0.44977385822904303,-0.1555502312980871,1327104
Firehose Moderate Bi-Maxwellian (bigbox 40 di),ion,816500,107.73263888888889,0.6054507493972778,1.651662007183067,0.6045714616775513,0.5848557353019714,0.6261053085327148,3.6348776817321777,3.643906593322754,3.461085081100464,3.8291256427764893,0.44977515748290253,-0.1556755919143753,1327104
Firehose Moderate Bi-Maxwellian (bigbox 40 di),ion,817000,107.7986111111111,0.6055698990821838,1.6513370322990357,0.6047205924987793,0.5849921107292175,0.6262317299842834,3.634941339492798,3.6438589096069336,3.4612066745758057,3.828521966934204,0.44978479342418487,-0.15578510565799897,1327104
Firehose Moderate Bi-Maxwellian (bigbox 40 di),ion,817500,107.86458333333333,0.6056909561157227,1.6510069861583687,0.6049069166183472,0.5851704478263855,0.6263924837112427,3.6349823474884033,3.6437809467315674,3.46146297454834,3.82822585105896,0.4497910006682968,-0.15589995544742585,1327104
Firehose Moderate Bi-Maxwellian (bigbox 40 di),ion,818000,107.93055555555556,0.6058048009872437,1.6506967233841001,0.605111300945282,0.5852766036987305,0.6265043616294861,3.635057210922241,3.6433005332946777,3.4614312648773193,3.828080892562866,0.4498023321364494,-0.15600246885079427,1327104
Firehose Moderate Bi-Maxwellian (bigbox 40 di),ion,818500,107.99652777777779,0.6059300303459167,1.6503555689905556,0.6052581667900085,0.5854417681694031,0.6266406774520874,3.6350948810577393,3.643204689025879,3.4613070487976074,3.827744960784912,0.4498080337814895,-0.15612199656442727,1327104
Firehose Moderate Bi-Maxwellian (bigbox 40 di),ion,819000,108.0625,0.6060473322868347,1.650036138640591,0.6054497957229614,0.5855935215950012,0.626762866973877,3.6351726055145264,3.642889976501465,3.46165132522583,3.8270609378814697,0.44981979756173973,-0.15622753472509499,1327104
Firehose Moderate Bi-Maxwellian (bigbox 40 di),ion,819500,108.12847222222223,0.6061662435531616,1.6497124520466613,0.6055923700332642,0.5857517123222351,0.6269090175628662,3.6352362632751465,3.642766237258911,3.461815118789673,3.826742649078369,0.4498294319395596,-0.15633681161360202,1327104
Firehose Moderate Bi-Maxwellian (bigbox 40 di),ion,820000,108.19444444444446,0.606281578540802,1.6493986216879608,0.6057925224304199,0.5859041213989258,0.6270190477371216,3.6353073120117188,3.6425929069519043,3.4621458053588867,3.8266825675964355,0.44984018451710117,-0.15644139402370083,1327104
Firehose Moderate Bi-Maxwellian (bigbox 40 di),ion,820500,108.26041666666669,0.6063998937606812,1.649076806063319,0.6059253215789795,0.5861034393310547,0.6271812915802002,3.6353871822357178,3.6424412727355957,3.462062358856201,3.8264501094818115,0.44985227164441255,-0.1565476221162686,1327104
Firehose Moderate Bi-Maxwellian (bigbox 40 di),ion,821000,108.32638888888889,0.6065207719802856,1.6487481487814633,0.6061481833457947,0.5862622261047363,0.6272295713424683,3.635444164276123,3.642538547515869,3.462364673614502,3.8257646560668945,0.4498608946733107,-0.15665987730697495,1327104
Firehose Moderate Bi-Maxwellian (bigbox 40 di),ion,821500,108.3923611111111,0.606637716293335,1.6484303120982635,0.6062607765197754,0.5864664316177368,0.6273843050003052,3.635512113571167,3.6423068046569824,3.4624054431915283,3.825549602508545,0.4498711770113185,-0.15676653928201645,1327104
Firehose Moderate Bi-Maxwellian (bigbox 40 di),ion,822000,108.45833333333333,0.6067538857460022,1.64811470266977,0.606446385383606,0.5865315794944763,0.6275011897087097,3.6356048583984375,3.642000198364258,3.4629054069519043,3.82527232170105,0.44988521088041367,-0.15686867486558853,1327104
Firehose Moderate Bi-Maxwellian (bigbox 40 di),ion,822500,108.52430555555556,0.606871485710144,1.6477953298956334,0.6066096425056458,0.5867063999176025,0.6276700496673584,3.635690450668335,3.641712188720703,3.4628617763519287,3.8250105381011963,0.4498981618106823,-0.15697332389946173,1327104
Firehose Moderate Bi-Maxwellian (bigbox 40 di),ion,823000,108.59027777777779,0.6069831848144531,1.647492097010376,0.6067641377449036,0.5868881344795227,0.6277602314949036,3.635798454284668,3.6418042182922363,3.4631521701812744,3.824580669403076,0.4499145029221666,-0.1570686818922865,1327104
Firehose Moderate Bi-Maxwellian (bigbox 40 di),ion,823500,108.65625,0.6070981025695801,1.6471802428099156,0.6069353818893433,0.5870878100395203,0.6278445720672607,3.635903835296631,3.640995979309082,3.4634950160980225,3.8241775035858154,0.4499304462938767,-0.1571676562757034,1327104
Firehose Moderate Bi-Maxwellian (bigbox 40 di),ion,824000,108.72222222222223,0.6072112917900085,1.6468731947524937,0.6070640087127686,0.5872372388839722,0.6279582381248474,3.6360104084014893,3.6414108276367188,3.4634053707122803,3.8237862586975098,0.4499465690805692,-0.15726472270943936,1327104
Firehose Moderate Bi-Maxwellian (bigbox 40 di),ion,824500,108.78819444444446,0.6073243618011475,1.6465665843443045,0.6072556376457214,0.5873900055885315,0.6280719637870789,3.636103630065918,3.640989303588867,3.4639487266540527,3.8234217166900635,0.4499606712353953,-0.15736369056575217,1327104
Firehose Moderate Bi-Maxwellian (bigbox 40 di),ion,825000,108.85416666666669,0.6074413061141968,1.6462495881239982,0.6074109077453613,0.5875208973884583,0.6282058954238892,3.6361935138702393,3.6410112380981445,3.4637861251831055,3.8233330249786377,0.44997426776902505,-0.15746703834517173,1327104
Firehose Moderate Bi-Maxwellian (bigbox 40 di),ion,825500,108.92013888888889,0.6075531840324402,1.6459464393928767,0.6075573563575745,0.5877310037612915,0.6282820701599121,3.636301040649414,3.6408729553222656,3.4642419815063477,3.823194980621338,0.44999053223524743,-0.15756265179719275,1327104
Firehose Moderate Bi-Maxwellian (bigbox 40 di),ion,826000,108.9861111111111,0.6076663732528687,1.645639851102752,0.6077026128768921,0.5879157781600952,0.6283668279647827,3.636423110961914,3.640627861022949,3.4642910957336426,3.823263168334961,0.45000899538586536,-0.1576573778670033,1327104
Firehose Moderate Bi-Maxwellian (bigbox 40 di),ion,826500,109.05208333333333,0.6077789664268494,1.6453349905789432,0.6078627109527588,0.5880681276321411,0.6285310983657837,3.6365272998809814,3.6404967308044434,3.464823007583618,3.8227453231811523,0.4500247529929289,-0.1577542134339205,1327104
Firehose Moderate Bi-Maxwellian (bigbox 40 di),ion,827000,109.11805555555556,0.6078940629959106,1.6450234685163014,0.6079889535903931,0.5882474184036255,0.6285896301269531,3.636627197265625,3.64039945602417,3.4651718139648438,3.8222925662994385,0.45003986069735236,-0.1578542022985583,1327104
Firehose Moderate Bi-Maxwellian (bigbox 40 di),ion,827500,109.18402777777779,0.6080044507980347,1.644724802075795,0.6081746816635132,0.5883630514144897,0.6287033557891846,3.636746883392334,3.64022159576416,3.4651994705200195,3.8221304416656494,0.4500579600045157,-0.15794649079351897,1327104
Firehose Moderate Bi-Maxwellian (bigbox 40 di),ion,828000,109.25,0.6081167459487915,1.6444210863487854,0.6082898378372192,0.5885611772537231,0.6287356615066528,3.6368680000305176,3.640366554260254,3.465653657913208,3.8221027851104736,0.45007627442535236,-0.15804047152343914,1327104
Firehose Moderate Bi-Maxwellian (bigbox 40 di),ion,828500,109.31597222222223,0.6082282066345215,1.6441197384337856,0.6084396839141846,0.5887619256973267,0.6287885904312134,3.636990547180176,3.640152931213379,3.4660027027130127,3.8213627338409424,0.4500948039167614,-0.1581334027177601,1327104
Firehose Moderate Bi-Maxwellian (bigbox 40 di),ion,829000,109.38194444444446,0.6083412170410156,1.643814313394744,0.6085479259490967,0.5888576507568359,0.628939688205719,3.6371052265167236,3.6401262283325195,3.4664549827575684,3.8211238384246826,0.45011214264058796,-0.15822907440042766,1327104
Firehose Moderate Bi-Maxwellian (bigbox 40 di),ion,829500,109.44791666666669,0.6084550619125366,1.643506747822482,0.6087145805358887,0.5890339612960815,0.6290217041969299,3.637219190597534,3.6404664516448975,3.466620445251465,3.8209800720214844,0.4501293721395345,-0.1583256897730021,1327104
