step,omega_ci_t,delta_B_rms,delta_B_rms_over_B0,delta_B_parallel_rms,delta_B_parallel_rms_over_B0,delta_B_perp_rms,delta_B_perp_rms_over_B0,B_min,mirror_depth,mirror_area_fraction,magnetic_energy_fluct
0,0.0,1.7881393449270535e-09,2.235174181158817e-08,1.7881393449270535e-09,2.235174181158817e-08,0.0,0.0,0.07999999821186066,2.2351741790771484e-08,1.0,1.598721158438076e-18
500,0.06597222222222222,0.00039868940075962056,0.004983617509495257,0.00039852772516087696,0.004981596564510962,0.0011467515884371815,0.014334394855464769,0.07826618463520926,0.021672692059884202,0.15287724247685186,7.947661913903267e-08
1000,0.13194444444444445,0.00042171680244682745,0.005271460030585343,0.00042139658670129176,0.005267457333766147,0.001310867742265661,0.01638584677832076,0.07811306380632212,0.023586702420973604,0.15277174961419754,8.892253073298824e-08
1500,0.19791666666666669,0.00043834303762942665,0.005479287970367833,0.00043794413063957013,0.005474301632994626,0.0013892371444615143,0.017365464305768928,0.07761353750384017,0.02983078120199789,0.15170476466049382,9.607230931909647e-08
2000,0.2638888888888889,0.000455324528509447,0.005691556606368087,0.00045491734574765034,0.005686466821845629,0.001439467357204494,0.017993341965056173,0.0777419404339421,0.0282257445757238,0.15164146894290123,1.036602131311751e-07
2500,0.3298611111111111,0.00046985907398226567,0.00587323842477832,0.0004694501740330986,0.005868127175413732,0.001464677882340417,0.01830847352925521,0.07779667418553843,0.02754157268076962,0.1512647087191358,1.1038377470173611e-07
3000,0.39583333333333337,0.0004816826382637049,0.006021032978296311,0.00048122546612111463,0.006015318326513933,0.0014876306165307056,0.018595382706633818,0.07774727091434235,0.02815911357072065,0.15137321566358025,1.1600908200234159e-07
3500,0.4618055555555556,0.0004920714645492687,0.006150893306865858,0.0004916861390256176,0.00614607673782022,0.001504527658846473,0.01880659573558091,0.07758637802504295,0.030170274686963094,0.1519971305941358,1.2106716311183108e-07
4000,0.5277777777777778,0.0005021095456003646,0.006276369320004558,0.000501709124864831,0.006271364060810387,0.0015202968763406315,0.019003710954257895,0.07773944480540035,0.028256939932495673,0.15210262345679013,1.260569978915023e-07
4500,0.59375,0.0005139622035304967,0.006424527544131208,0.0005135275149505007,0.006419093936881259,0.0015289762676463801,0.01911220334557975,0.07765345261513898,0.0293318423107628,0.15223524305555555,1.3207857332896183e-07
5000,0.6597222222222222,0.0005221183419817736,0.00652647927477217,0.0005216819726176375,0.0065210246577204695,0.0015401921322108559,0.019252401652635698,0.07735369030978836,0.033078871127645515,0.15186149691358025,1.3630378151689815e-07
5500,0.7256944444444444,0.0005298494905962923,0.006623118632453654,0.0005293912852861283,0.006617391066076604,0.001546037876331817,0.019325473454147712,0.07763490234983933,0.029563720627008405,0.15215687692901234,1.403702413425752e-07
6000,0.7916666666666667,0.0005386042566112415,0.006732553207640519,0.0005381438956740064,0.00672679869592508,0.0015543801118752673,0.01942975139844084,0.07738602323648403,0.03267470954394969,0.15263310185185186,1.4504727261987403e-07
6500,0.857638888888889,0.0005434588659834309,0.006793235824792887,0.0005430041590463889,0.006787551988079862,0.0015616277974631178,0.01952034746828897,0.07752495541351134,0.030938057331108215,0.15174997588734568,1.4767376950799836e-07
7000,0.9236111111111112,0.000551301009020289,0.006891262612753612,0.000550870664367061,0.006885883304588262,0.0015670082175473783,0.019587602719342227,0.07756011378323042,0.030498577709619723,0.15221715856481483,1.5196640127339436e-07
7500,0.9895833333333335,0.0005556763329437846,0.006945954161797307,0.0005552256668608503,0.006940320835760629,0.0015772505998995357,0.019715632498744196,0.07739549207960088,0.03255634900498905,0.15210563753858025,1.5438809349692584e-07
8000,1.0555555555555556,0.0005669145865058484,0.0070864323313231045,0.0005664724825236978,0.007080906031546223,0.001582087775446053,0.019776097193075663,0.07740231914391335,0.03247101070108316,0.1520091869212963,1.6069607419654852e-07
8500,1.121527777777778,0.0005709344314528904,0.00713668039316113,0.0005705024399104224,0.00713128049888028,0.0015872468577626633,0.01984058572203329,0.07751513995201438,0.031060750599820275,0.15239197530864199,1.629830625092176e-07
9000,1.1875,0.0005777280121961965,0.007221600152452457,0.000577320827128949,0.007216510339111862,0.0015920958524104163,0.019901198155130202,0.07735447526618491,0.03306905917268865,0.15284107349537038,1.6688482803808428e-07
9500,1.2534722222222223,0.0005847298477071598,0.007309123096339497,0.0005843252370077495,0.007304065462596868,0.0015964834390068013,0.019956042987585014,0.07739241081286902,0.032594864839137316,0.15269941165123457,1.709544973998191e-07
10000,1.3194444444444444,0.0005879631222703626,0.007349539028379533,0.0005875849898014992,0.007344812372518739,0.0016026102311486063,0.020032627889357578,0.07692918652555894,0.03838516843051332,0.1524070457175926,1.7285031657495667e-07
10500,1.3854166666666667,0.000592694537936795,0.007408681724209937,0.0005922573808877562,0.007403217261096953,0.0016075741006018765,0.020094676257523456,0.07713414911165625,0.03582313610429688,0.15162037037037038,1.7564340765005546e-07
11000,1.4513888888888888,0.0006000848276359154,0.007501060345448942,0.0005996089855781719,0.007495112319727148,0.0016104061320412427,0.020130076650515534,0.07701320696453923,0.037334912943259635,0.1524100597993827,1.8005090017941313e-07
11500,1.5173611111111112,0.0006070937784377005,0.007588672230471257,0.0006066597062744578,0.007583246328430723,0.0016179040843530925,0.020223801054413657,0.07743664336315832,0.032041957960521006,0.1530098620756173,1.8428142790888188e-07
12000,1.5833333333333335,0.0006106052727257199,0.007632565909071499,0.0006102099279586383,0.007627624099482979,0.001620973090720695,0.020262163634008686,0.07728696820772302,0.03391289740346226,0.15239197530864199,1.864193995402254e-07
12500,1.6493055555555556,0.000614625346906892,0.00768281683633615,0.0006141934943253655,0.007677418679067069,0.0016217950171251464,0.02027243771406433,0.07720570823819647,0.03492864702254406,0.15250952449845678,1.8888215853020872e-07
13000,1.715277777777778,0.0006196379867503575,0.007745474834379468,0.000619247808593469,0.007740597607418363,0.0016280607828965917,0.020350759786207397,0.07723039213058305,0.03462009836771185,0.15273558063271606,1.9197561731201807e-07
13500,1.78125,0.0006233983509671169,0.0077924793870889604,0.0006229703514200847,0.0077871293927510585,0.0016338611297393956,0.020423264121742443,0.07725716743455885,0.03428540706801442,0.15219907407407407,1.943127519942603e-07
14000,1.8472222222222223,0.0006300751784310871,0.007875939730388588,0.0006296488128273028,0.007870610160341284,0.0016347228765130914,0.020434035956413642,0.07732790132576976,0.03340123342787793,0.15273558063271606,1.9849736523748309e-07
14500,1.9131944444444446,0.0006374849675399774,0.007968562094249718,0.0006370681540793601,0.007963351925992002,0.001642291836342114,0.020528647954276426,0.07675302094823491,0.040587238147063665,0.15280791859567902,2.03193541919723e-07
15000,1.979166666666667,0.0006385258230946845,0.007981572788683555,0.0006381490039569055,0.007976862549461318,0.0016434065074382267,0.020542581342977834,0.07712563822733648,0.035929522158294036,0.15286820023148148,2.038576133793721e-07
15500,2.045138888888889,0.0006440131998040034,0.008050164997550043,0.0006436313907669686,0.008045392384587107,0.001649237614491086,0.020615470181138577,0.07707037324981163,0.03662033437735468,0.1524191020447531,2.0737650076089563e-07
16000,2.111111111111111,0.0006485273922516957,0.008106592403146196,0.0006481467303181805,0.008101834128977256,0.001653590128599252,0.020669876607490652,0.07702579837663498,0.03717752029206278,0.15259693287037038,2.1029388925039243e-07
16500,2.1770833333333335,0.0006521741420582587,0.008152176775728232,0.0006517989217536655,0.008147486521920818,0.001656994535648556,0.02071243169560695,0.07702515991099645,0.03718550111254437,0.1527657214506173,2.126655557847129e-07
17000,2.243055555555556,0.0006593963760675123,0.008242454700843903,0.0006589809000596959,0.008237261250746199,0.0016655103724619756,0.020818879655774693,0.07670560655873189,0.04117991801585141,0.15199110243055555,2.174017903854841e-07
17500,2.3090277777777777,0.0006626726475628907,0.008283408094536133,0.0006622255882997664,0.00827781985374708,0.0016644262032983078,0.020805327541228845,0.07696038172595754,0.037995228425530825,0.1526150173611111,2.195675189140056e-07
18000,2.375,0.0006659877984997951,0.008324847481247438,0.0006655542090970951,0.008319427613713688,0.0016651130051327412,0.020813912564159265,0.07695565601081983,0.03805429986475217,0.15238896122685186,2.2176987387530182e-07
18500,2.4409722222222223,0.0006726528591450701,0.008408160739313376,0.0006722033924226993,0.008402542405283741,0.0016652286784968624,0.02081535848121078,0.0769815572613547,0.03773053423306638,0.1522804542824074,2.2623093445801875e-07
19000,2.5069444444444446,0.0006742058977963218,0.008427573722454021,0.0006737677318189312,0.00842209664773664,0.0016727917817229729,0.02090989727153716,0.07672185575781691,0.040976803027288566,0.15206946855709877,2.2727679631167213e-07
19500,2.572916666666667,0.0006778820873284256,0.008473526091605321,0.0006774918024737803,0.008468647530922253,0.0016750102678065684,0.020937628347582105,0.07692318785422503,0.038460151822187205,0.15246431327160495,2.297620621603716e-07
20000,2.638888888888889,0.0006814071960273654,0.008517589950342068,0.0006810195629731948,0.008512744537164935,0.0016763392178453284,0.020954240223066602,0.07692960784373255,0.038379901953343065,0.15269338348765432,2.321578833989382e-07
20500,2.704861111111111,0.0006858245433373766,0.008572806791717208,0.0006854594862210616,0.00856824357776327,0.0016825476008016915,0.021031845010021144,0.07694353346498048,0.03820583168774405,0.15281093267746915,2.3517765212196062e-07
21000,2.7708333333333335,0.000689751824060811,0.008621897800760137,0.0006893261949662193,0.00861657743707774,0.001686936549636875,0.021086706870460936,0.07674875139431696,0.040640607571038045,0.15218400366512347,2.37878789397608e-07
21500,2.836805555555556,0.0006915438254438069,0.008644297818047587,0.0006911631908869292,0.008639539886086614,0.0016876087630335684,0.021095109537919605,0.07693128983851498,0.038358877018562776,0.1529465663580247,2.391164312547272e-07
22000,2.9027777777777777,0.0006945122557102265,0.008681403196377831,0.0006941083989989822,0.008676354987487277,0.0016893426853537912,0.02111678356692239,0.07667730515978358,0.04153368550270531,0.1524191020447531,2.4117363666585354e-07
22500,2.96875,0.000699348774732965,0.008741859684162061,0.0006989768672756116,0.008737210840945146,0.0016904342506134022,0.021130428132667526,0.07692763891821884,0.03840451352226448,0.1527928481867284,2.445443543602497e-07
23000,3.0347222222222223,0.0007053293033662295,0.008816616292077868,0.0007049156429815957,0.008811445537269945,0.0016982080356171434,0.021227600445214292,0.07685647581535215,0.039294052308098126,0.1527416087962963,2.4874471309354525e-07
23500,3.1006944444444446,0.0007066640504900866,0.008833300631126082,0.0007062050843193594,0.008827563553991993,0.001699949638858571,0.021249370485732135,0.07665003428629931,0.04187457142125861,0.1518946518132716,2.496870401275278e-07
24000,3.166666666666667,0.000712117886114227,0.008901473576427838,0.0007117081293957895,0.008896351617447368,0.0017042605994548653,0.021303257493185814,0.07676660725884314,0.04041740926446069,0.1526270736882716,2.535559418618976e-07
24500,3.232638888888889,0.00071479757319945,0.008934969664993126,0.0007144277072170271,0.00893034634021284,0.0017042602925746596,0.021303253657183243,0.07662919596335951,0.04213505045800614,0.15185848283179013,2.5546778532591155e-07
25000,3.298611111111111,0.0007192874506240349,0.008991093132800436,0.000718916853927462,0.008986460674093276,0.0017040200318570984,0.02130025039821373,0.07684474256638374,0.039440717920203316,0.15229552469135801,2.586872183126117e-07
25500,3.364583333333334,0.0007211481665989265,0.009014352082486582,0.0007207939436815058,0.009009924296018823,0.0017088865210877484,0.021361081513596857,0.07698253107092547,0.03771836161343167,0.1525607638888889,2.6002733909449655e-07
26000,3.430555555555556,0.0007267895008035014,0.009084868760043767,0.0007263716849181512,0.00907964606147689,0.0017146825509789978,0.021433531887237473,0.07655400844197612,0.04307489447529855,0.15257884837962962,2.6411148923910136e-07
26500,3.4965277777777777,0.0007277154582001628,0.009096443227502036,0.0007273517943340203,0.009091897429175254,0.0017149848589551847,0.02143731073693981,0.07677230075539683,0.04034624055753966,0.15255774980709877,2.6478489405173644e-07
27000,3.5625,0.0007316102838602716,0.009145128548253395,0.0007312103067696154,0.009140128834620192,0.0017223461331590895,0.02152932666448862,0.07629237976098599,0.04634525298767511,0.15300383391203703,2.676268037250536e-07
27500,3.628472222222222,0.0007328006809623062,0.009160008512028828,0.0007324003162503706,0.009155003953129633,0.0017221127651018252,0.021526409563772816,0.07688405695549017,0.03894928805637299,0.1533715518904321,2.684984190094099e-07
28000,3.6944444444444446,0.000732531540774045,0.009156644259675563,0.000732186327823401,0.009152329097792513,0.0017245471595998556,0.021556839494998193,0.07669408874908962,0.041323890636379756,0.1532690731095679,2.683012291143982e-07
28500,3.7604166666666665,0.0007383658563236148,0.009229573204045185,0.000737997141208656,0.0092249642651082,0.0017226893181243978,0.02153361647655497,0.07655975877953143,0.04300301525585715,0.15336552372685186,2.725920688922525e-07
29000,3.8263888888888893,0.0007449759119687075,0.009312198899608843,0.000744625943369427,0.009307824292117838,0.001727898671142132,0.021598733389276648,0.07680931595183177,0.03988355060210291,0.15285614390432098,2.774945547068037e-07
29500,3.892361111111111,0.000743332355947656,0.0092916544493457,0.0007429413297345531,0.009286766621681914,0.0017334294916764121,0.02166786864595515,0.07678211663113585,0.040223542110801924,0.15293752411265432,2.762714956993464e-07
30000,3.958333333333334,0.000750247329517896,0.0093780916189737,0.0007498570590617206,0.009373213238271507,0.0017349726065519135,0.02168715758189892,0.07632051721693976,0.045993534788252965,0.15290436921296297,2.8143552772436726e-07
30500,4.024305555555555,0.0007529437802526243,0.009411797253157803,0.0007525784839173393,0.00940723104896674,0.0017387510987569206,0.021734388734461506,0.07660220026209864,0.04247249672376696,0.15281093267746915,2.8346216811055607e-07
31000,4.090277777777778,0.0007571363256246807,0.00946420407030851,0.0007566800485509621,0.009458500606887027,0.0017386396773030474,0.021732995966288093,0.07655625313412036,0.043046835823495555,0.15291039737654322,2.866277077902213e-07
31500,4.15625,0.0007585111662503922,0.009481389578129901,0.0007581358638325205,0.009476698297906507,0.0017413112377311646,0.021766390471639557,0.07659365461385996,0.042579317326750465,0.15224729938271606,2.8766959466326506e-07
32000,4.222222222222222,0.0007590546952511575,0.009488183690639468,0.0007587496753987776,0.00948437094248472,0.0017453983249983611,0.021817479062479512,0.07681259824529715,0.03984252193378557,0.15266625675154322,2.8808201519141386e-07
32500,4.288194444444445,0.0007624998575745703,0.00953124821968213,0.0007621339570905385,0.00952667446363173,0.0017480475393749858,0.021850594242187323,0.07646849922923475,0.04414375963456563,0.1520875530478395,2.9070301640062e-07
33000,4.354166666666667,0.0007652915261670019,0.009566144077087523,0.0007648714459054598,0.009560893073818248,0.0017502600167401791,0.02187825020925224,0.07635157577530167,0.0456053028087291,0.1526632426697531,2.9283556001150944e-07
33500,4.420138888888889,0.0007695108492285589,0.009618885615356986,0.0007692345819084272,0.00961543227385534,0.0017523650400073942,0.021904563000092428,0.07632715692524791,0.04591053843440107,0.15266022858796297,2.96073473540229e-07
34000,4.486111111111112,0.0007730188849869037,0.009662736062336296,0.0007726486294243864,0.00965810786780483,0.0017588762828130722,0.021985953535163402,0.07659727793308857,0.042534025836392875,0.15278983410493827,2.9877909827319797e-07
34500,4.552083333333334,0.0007769110784569381,0.009711388480711727,0.0007765253084670186,0.009706566355837732,0.0017559121000703763,0.021948901250879702,0.07666865853047647,0.04164176836904421,0.15305205922067902,3.0179541191456137e-07
35000,4.618055555555555,0.0007767182940487025,0.00970897867560878,0.0007763289271363032,0.00970411158920379,0.0017601927160076317,0.022002408950095396,0.0764176412074369,0.04477948490703887,0.1533474392361111,3.0164565415496337e-07
35500,4.684027777777778,0.0007814669184003255,0.009768336480004068,0.0007811134137180533,0.009763917671475665,0.0017604208765197662,0.022005260956497078,0.07633891127835123,0.04576360902060972,0.15230155285493827,3.0534527227705047e-07
36000,4.75,0.0007837850186681179,0.009797312733351474,0.0007834113188799849,0.009792641485999811,0.0017652362039566319,0.0220654525494579,0.07652120240781418,0.043484969902322756,0.15270845389660495,3.07159477744291e-07
36500,4.815972222222222,0.0007864613150762992,0.00983076643845374,0.0007861151426767577,0.00982643928345947,0.0017645801630854893,0.022057252038568616,0.07656596291123031,0.04292546360962113,0.15318467881944445,3.09260700055771e-07
37000,4.881944444444445,0.0007889466305543027,0.009861832881928783,0.0007885970145279547,0.009857462681599434,0.0017664781910803112,0.02208097738850389,0.07649685333587922,0.0437893333015098,0.15283203125,3.1121839293149367e-07
37500,4.947916666666667,0.0007933105774261831,0.009916382217827289,0.0007929571685346159,0.0099119646066827,0.0017671534053950134,0.022089417567437666,0.07650017863387738,0.04374776707653272,0.15146363811728394,3.14670836128132e-07
38000,5.013888888888889,0.0007943969534710586,0.009929961918388231,0.0007939877986702973,0.009924847483378716,0.001771411262992869,0.022142640787410864,0.0760812827565926,0.048983965542592545,0.1519308207947531,3.155332598420496e-07
38500,5.079861111111112,0.0007961612350927335,0.009952015438659168,0.000795787296040988,0.00994734120051235,0.001774378947493101,0.022179736843663762,0.07631122441277109,0.046109694840361315,0.1522774402006173,3.1693635613219336e-07
39000,5.145833333333334,0.000798722316379215,0.009984028954740187,0.0007983653453947696,0.00997956681743462,0.0017768178115927613,0.022210222644909516,0.076523798554994,0.043452518062574996,0.15273256655092593,3.189786693410894e-07
39500,5.211805555555555,0.0008014512785549084,0.010018140981936355,0.0008011574633488234,0.010014468291860293,0.0017806477201998826,0.02225809650249853,0.07605799476145189,0.04927506548185134,0.15244020061728394,3.211620759486487e-07
40000,5.277777777777778,0.0008049998304502576,0.01006249788062822,0.0008046543021098734,0.010058178776373418,0.001782322387817453,0.022279029847718162,0.07652064718426115,0.043491910196735706,0.1528983410493827,3.240123635124718e-07
40500,5.34375,0.0008065328043987321,0.01008166005498415,0.0008061874487669121,0.010077343109586401,0.0017864203757479672,0.02233025469684959,0.07625172821315263,0.04685339733559224,0.1522774402006173,3.252475822856417e-07
41000,5.409722222222222,0.0008102556832674768,0.01012819604084346,0.0008098194043091177,0.01012274255386397,0.0017875352428621564,0.022344190535776954,0.07638837338289904,0.045145332713761976,0.15354636863425927,3.282571361336229e-07
41500,5.475694444444445,0.0008116549944779932,0.010145687430974914,0.0008111956114658971,0.010139945143323713,0.001789124160160918,0.022364052002011473,0.07625078316759913,0.046865210405010904,0.1524070457175926,3.293919150305356e-07
42000,5.541666666666667,0.0008126176353680205,0.010157720442100256,0.0008123294286545852,0.010154117858182316,0.0017915141426484683,0.022393926783105852,0.07635815017726956,0.04552312278413051,0.153076171875,3.3017371065555655e-07
42500,5.607638888888889,0.0008168511222822231,0.010210639028527788,0.0008164676181949566,0.010205845227436956,0.0017911539153304494,0.022389423941630616,0.07631461164937146,0.046067354382856696,0.15299780574845678,3.3362287798686374e-07
43000,5.673611111111112,0.0008192698024211758,0.010240872530264697,0.0008188838052676821,0.010236047565846026,0.0017954576435484193,0.02244322054435524,0.0765913929975581,0.04260758753052374,0.15352828414351852,3.3560150457961625e-07
43500,5.739583333333334,0.0008227037742338818,0.010283797177923522,0.000822346190481821,0.010279327381022763,0.0017962393507518924,0.022452991884398654,0.07621644941983605,0.047294382252049405,0.1529224537037037,3.3842075006933696e-07
44000,5.805555555555555,0.0008207723180725166,0.010259653975906457,0.0008203409073555527,0.01025426134194441,0.0017997841712573295,0.02249730214071662,0.07626940027442926,0.04663249656963431,0.15225634162808643,3.3683359905706616e-07
44500,5.871527777777778,0.0008262488734644327,0.010328110918305409,0.000825956830346968,0.0103244603793371,0.0018006266180879253,0.022507832726099065,0.07604793921949234,0.049400759756345836,0.15254267939814814,3.413436004506221e-07
45000,5.9375,0.0008285725413149927,0.010357156766437408,0.0008282718882683896,0.01035339860335487,0.0018024992204000465,0.02253124025500058,0.07643186332806254,0.04460170839921829,0.15281696084104937,3.432662281105926e-07
45500,6.003472222222222,0.0008299655143103691,0.010374568928879615,0.0008295419801851263,0.010369274752314079,0.0017998521982324975,0.02249815247790622,0.07653112157432351,0.043360980320956144,0.15254569347993827,3.444213774722378e-07
46000,6.069444444444445,0.0008336881811038694,0.010421102263798367,0.000833378173200715,0.010417227165008938,0.0018039930341054303,0.02254991292631788,0.07603637180583722,0.04954535242703473,0.15281394675925927,3.475179916561391e-07
46500,6.135416666666667,0.0008363833175910598,0.010454791469888248,0.000835993273937169,0.010449915924214612,0.0018055527501925845,0.022569409377407305,0.07625774672373868,0.04677816595326645,0.15327510127314814,3.497685269723138e-07
47000,6.201388888888889,0.0008370815970145243,0.010463519962681554,0.000836719428173529,0.010458992852169112,0.0018067395650617581,0.022584244563271978,0.07638605834567623,0.04517427067904711,0.1536548755787037,3.503528000301933e-07
47500,6.267361111111112,0.0008381618159988109,0.010477022699985135,0.0008378004293071394,0.010472505366339242,0.0018111246497636605,0.022639058122045756,0.07624193539157026,0.04697580760537179,0.1528440875771605,3.5125761489921225e-07
48000,6.333333333333334,0.0008416269896008494,0.010520337370010617,0.0008412487161035443,0.010515608951294303,0.0018128599530611656,0.02266074941326457,0.07603382961466741,0.049577129816657406,0.15278983410493827,3.541679948122942e-07
48500,6.399305555555555,0.0008457646444228323,0.010572058055285403,0.0008453970282622055,0.010567462853277568,0.001814578721877029,0.022682234023462863,0.07639987555452758,0.04500155556840524,0.1525487075617284,3.5765891687784e-07
49000,6.465277777777778,0.0008469348975671493,0.010586686219589367,0.0008466092475473582,0.010582615594341977,0.0018141913986020552,0.02267739248252569,0.07634473465106212,0.04569081686172349,0.15250048225308643,3.5864936035853884e-07
49500,6.53125,0.0008486319193991554,0.010607898992489442,0.0008483210345615981,0.010604012932019976,0.0018202630096934894,0.022753287621168617,0.07616868421418413,0.047891447322698455,0.15268132716049382,3.600880673115473e-07
50000,6.597222222222222,0.0008508026245302393,0.010635032806627991,0.0008504026348981015,0.01063003293622627,0.0018247130185601586,0.02280891273200198,0.07621850000082708,0.04726874998966146,0.1531665943287037,3.6193255295377165e-07
50500,6.663194444444444,0.0008537306142702878,0.010671632678378597,0.0008533869588812997,0.010667336986016246,0.0018257345630355454,0.022821682037944317,0.07602999952714119,0.049625005910735154,0.15290436921296297,3.6442798087116144e-07
51000,6.729166666666668,0.0008558211256734649,0.010697764070918311,0.0008555347947492914,0.010694184934366142,0.001827508885704866,0.022843861071310825,0.07607172222870502,0.049103472141187265,0.1528440875771605,3.6621489957449833e-07
51500,6.795138888888889,0.0008570773185620218,0.010713466482025273,0.0008567469800381877,0.010709337250477347,0.0018304747495130119,0.02288093436891265,0.07634103362241007,0.045737079719874174,0.15294355227623457,3.672907649967327e-07
52000,6.861111111111112,0.0008591119609211604,0.010738899511514506,0.0008588651936301694,0.010735814920377118,0.0018296868330730301,0.022871085413412876,0.07597901436306614,0.05026232046167323,0.15268132716049382,3.690366806989007e-07
52500,6.927083333333333,0.000863952741114405,0.010799409263930061,0.0008636274275744417,0.010795342844680521,0.0018295391691775206,0.022869239614719008,0.0762629878459938,0.046712651925077564,0.15311234085648148,3.7320716943954704e-07
53000,6.993055555555555,0.0008648537412744956,0.010810671765931194,0.0008644233291202745,0.01080529161400343,0.001832812185731505,0.022910152321643812,0.0762216303544994,0.04722962056875746,0.15240403163580246,3.739859968982461e-07
53500,7.059027777777779,0.0008675311447139597,0.010844139308924496,0.0008671701505602632,0.01083962688200329,0.0018345895558924128,0.02293236944865516,0.07590041840804868,0.05124476989939153,0.1525125385802469,3.7630514352435667e-07
54000,7.125,0.0008683768129134358,0.010854710161417947,0.0008680327411684531,0.010850409264605664,0.001834682718977731,0.022933533987221637,0.07632457966525547,0.04594275418430671,0.15304000289351852,3.770391446028482e-07
54500,7.190972222222222,0.0008701087669887226,0.010876359587359032,0.00086979376863722,0.01087242210796525,0.0018380886116788938,0.022976107645986173,0.0759742046448831,0.05032244193896129,0.15304301697530864,3.785446331953176e-07
55000,7.256944444444444,0.0008689848268745268,0.010862310335931585,0.0008687069236743816,0.010858836545929769,0.0018364421329099083,0.022955526661373852,0.07611713229314157,0.04853584633573038,0.1530369888117284,3.775673146690756e-07
55500,7.322916666666668,0.0008725094066964424,0.01090636758370553,0.0008722091409380599,0.010902614261725748,0.0018407748466009823,0.02300968558251228,0.07607864150267873,0.049016981216515876,0.15232867959104937,3.8063633238688895e-07
56000,7.388888888888889,0.0008753038206113512,0.010941297757641891,0.0008749437749155017,0.01093679718644377,0.0018442995726551444,0.023053744658189306,0.0761497646769605,0.048127941537993824,0.15258487654320987,3.830783891884143e-07
56500,7.454861111111112,0.0008779411957604014,0.010974264947005017,0.000877533228659195,0.010969165358239937,0.0018453667263996598,0.023067084079995748,0.0762627820869852,0.04671522391268501,0.15290436921296297,3.8539037160660175e-07
57000,7.520833333333333,0.0008793253330171091,0.010991566662713864,0.0008790594424807116,0.010988243031008895,0.0018480964568614547,0.023101205710768184,0.0760591965616628,0.049260042979215046,0.15259693287037038,3.866065206428249e-07
57500,7.586805555555555,0.0008824678035216856,0.01103084754402107,0.0008821486591185703,0.011026858238982128,0.0018510448759692347,0.023138060949615433,0.07601003202618288,0.049874599672714015,0.15263008777006173,3.8937471212619414e-07
58000,7.652777777777779,0.0008818348934142269,0.011022936167677836,0.0008815110220704226,0.011018887775880282,0.0018503194802706208,0.02312899350338276,0.07611759865320084,0.04853001683498959,0.1529224537037037,3.888163896214404e-07
58500,7.71875,0.0008851216295375803,0.011064020369219753,0.0008847299049339687,0.011059123811674608,0.001854687180462293,0.023183589755778663,0.07583815209905352,0.05202309876183098,0.15303397472993827,3.9172014953763074e-07
59000,7.784722222222222,0.0008829710185612438,0.011037137732015546,0.0008825992463357089,0.01103249057919636,0.0018542497353242159,0.023178121691552696,0.07570333387689124,0.053708326538859597,0.1528049045138889,3.898189098095402e-07
59500,7.850694444444444,0.0008857457420356249,0.011071821775445311,0.0008853488779580534,0.011066860974475666,0.0018563755988838763,0.023204694986048453,0.07605057628627095,0.04936779642161315,0.1527416087962963,3.9227275976711984e-07
60000,7.916666666666668,0.0008885292658295178,0.011106615822868973,0.0008881459831382038,0.011101824789227548,0.0018593802022893922,0.0232422525286174,0.07574836444798687,0.05314544440016411,0.15268132716049382,3.947421281177709e-07
60500,7.982638888888889,0.0008924376121588976,0.01115547015198622,0.0008920903230013535,0.01115112903751692,0.0018637541477861952,0.02329692684732744,0.07603264242352081,0.04959196970598989,0.1536669319058642,3.982224457979375e-07
61000,8.04861111111111,0.0008945385602577317,0.011181732003221645,0.0008941466451557363,0.011176833064446704,0.0018666817998011017,0.023333522497513772,0.07568364082987868,0.05395448962651661,0.15332332658179013,4.0009961789398767e-07
61500,8.114583333333334,0.0008928891341929117,0.011161114177411396,0.0008924837472919332,0.011156046841149165,0.0018639438919525807,0.023299298649407257,0.07536951308084468,0.05788108648944157,0.1529465663580247,3.986255029798837e-07
62000,8.180555555555555,0.0008969388936943555,0.011211736171179444,0.000896510554986325,0.011206381937329063,0.001864097478019304,0.0233012184752413,0.07617296874070756,0.04783789074115552,0.1524462287808642,4.022496895108272e-07
62500,8.246527777777779,0.0009013510518244636,0.011266888147805795,0.0009010536291395632,0.01126317036424454,0.0018670314949287177,0.02333789368660897,0.07589558749978609,0.051305156252673956,0.1527657214506173,4.0621685931253343e-07
63000,8.3125,0.0009011976779814231,0.011264970974767788,0.0009008537842162246,0.011260672302702807,0.0018730518296623602,0.023413147870779503,0.07595952349954535,0.050505956255683104,0.15331729841820987,4.0607862739955443e-07
63500,8.378472222222221,0.0009017573667951676,0.011271967084939594,0.0009013867622725835,0.011267334528407294,0.0018739044035620688,0.023423805044525858,0.07536042161107656,0.05799472986154297,0.15250952449845678,4.0658317428467724e-07
64000,8.444444444444445,0.0009066997046046499,0.011333746307558124,0.0009063363115868424,0.01132920389483553,0.0018741699796609068,0.023427124745761335,0.07585636750409462,0.051795406198817284,0.15264515817901234,4.110521771650797e-07
64500,8.510416666666668,0.0009088926160097666,0.011361157700122082,0.0009085206902104886,0.011356508627631108,0.0018732943638850596,0.023416179548563246,0.07594635685686202,0.050670539289224825,0.15322084780092593,4.130428937185386e-07
65000,8.57638888888889,0.0009090351562092203,0.011362939452615253,0.0009087524073061317,0.011359405091326647,0.0018759977880955065,0.02344997235119383,0.07569354476124118,0.05383069048448519,0.1530219184027778,4.131724576121608e-07
65500,8.64236111111111,0.0009108558546601338,0.011385698183251672,0.000910528806748705,0.011381610084358812,0.0018771902626958774,0.023464878283698466,0.07575367705698112,0.05307903678773607,0.15275969328703703,4.148291939843214e-07
66000,8.708333333333334,0.0009126133567213719,0.011407666959017149,0.0009122031090066942,0.011402538862583677,0.0018799282010993096,0.02349910251374137,0.07611359085562919,0.04858011430463516,0.15322687596450618,4.16431569433125e-07
66500,8.774305555555555,0.0009145694565885769,0.011432118207357211,0.0009142367930389291,0.011427959912986615,0.0018807792909751278,0.023509741137189098,0.07524387111321315,0.059451611084835654,0.15269338348765432,4.182186454623624e-07
67000,8.840277777777779,0.0009154729740250496,0.01144341217531312,0.0009151695854077829,0.011439619817597285,0.001882138280616554,0.023526728507706925,0.07574470663334477,0.05319116708319038,0.15316056616512347,4.190453830851346e-07
67500,8.90625,0.0009186727376406605,0.011483409220508256,0.0009183011646467458,0.011478764558084322,0.0018828854401074285,0.023536068001342857,0.07589606127960098,0.051299234004987704,0.15348005883487653,4.219797994420929e-07
68000,8.972222222222223,0.0009185928282519584,0.01148241035314948,0.0009182638927270799,0.011478298659088499,0.0018875785698158234,0.023594732122697793,0.07561552094516345,0.0548059881854569,0.15269941165123457,4.21906392057966e-07
68500,9.038194444444445,0.0009211608368888706,0.011514510461110882,0.0009208259217150406,0.011510324021438006,0.001888820281040244,0.02361025351300305,0.0758085440088571,0.05239319988928626,0.15311234085648148,4.2426864370890223e-07
69000,9.104166666666668,0.0009245249963888874,0.011556562454861093,0.0009242107840673699,0.011552634800842124,0.0018923606308226867,0.023654507885283584,0.07616453878748762,0.04794326515640479,0.15262405960648148,4.2737323447393614e-07
69500,9.17013888888889,0.0009262422708424202,0.011578028385530252,0.0009259089401713528,0.011573861752141909,0.001889191447650958,0.023614893095636975,0.07546411683033466,0.056698539620816724,0.15227442611882716,4.2896237214766164e-07
70000,9.23611111111111,0.0009279162884574773,0.011598953605718465,0.0009276156460221423,0.011595195575276778,0.0018931926397535302,0.023664907996919126,0.07578272343097947,0.05271595711275667,0.15277476369598766,4.3051431919235007e-07
70500,9.302083333333334,0.0009292302025017955,0.011615377531272442,0.0009288326177534095,0.011610407721917619,0.0018923404101503824,0.02365425512687978,0.0754341309133596,0.05707336358300508,0.15357048128858025,4.3173438462076385e-07
71000,9.368055555555555,0.0009319281156356901,0.011649101445446126,0.0009316368009169523,0.011645460011461904,0.001896966541011246,0.023712081762640575,0.07578363973372915,0.05270450332838572,0.1532178337191358,4.3424500635614406e-07
71500,9.434027777777779,0.0009340972929331833,0.01167621616166479,0.0009337156457833091,0.011671445572291363,0.0019000842414393126,0.023751053017991408,0.07572175772527327,0.05347802843408411,0.15258487654320987,4.3626887633255067e-07
72000,9.5,0.0009342055256078266,0.011677569070097833,0.00093387314626497,0.011673414328312124,0.0018989218639391544,0.02373652329923943,0.07564167132065228,0.05447910849184656,0.1535915798611111,4.3636998203809777e-07
72500,9.565972222222223,0.0009368046420895282,0.011710058026119102,0.0009365419350833573,0.011706774188541965,0.0018998054531063372,0.023747568163829214,0.07563740700683037,0.05453241241462037,0.15296766493055555,4.388014687202445e-07
73000,9.631944444444445,0.0009387317536344082,0.011734146920430103,0.0009383530872113205,0.011729413590141506,0.0019059725233420749,0.023824656541775936,0.07561758895914056,0.054780138010742996,0.15358856577932098,4.4060865264076566e-07
73500,9.697916666666668,0.0009369301160101826,0.011711626450127282,0.0009366039330376071,0.011707549162970088,0.0019028068483986774,0.023785085604983467,0.0760574340180091,0.04928207477488622,0.1537061149691358,4.3891902114342704e-07
74000,9.76388888888889,0.0009447826830015878,0.011809783537519847,0.0009443766693952778,0.011804708367440972,0.0019082260348040902,0.023852825435051128,0.07581281195210705,0.05233985059866186,0.15259391878858025,4.463071590498394e-07
74500,9.82986111111111,0.0009435505738929071,0.011794382173661338,0.0009432555466911408,0.01179069433363926,0.001908387528934469,0.023854844111680863,0.07557624042232931,0.05529699472088356,0.1519067081404321,4.4514384274681713e-07
75000,9.895833333333334,0.000941106987596651,0.011763837344958138,0.0009407457772047543,0.01175932221505943,0.0019100634558185182,0.023875793197731476,0.07576801122712687,0.05289985966091415,0.15287422839506173,4.428411810516215e-07
75500,9.961805555555555,0.0009465106670135226,0.011831383337669032,0.0009460809551193174,0.011826011938991467,0.0019151961568389813,0.023939951960487267,0.07566888360138274,0.054138954982715704,0.15292546778549382,4.479412213851917e-07
76000,10.027777777777779,0.0009478795882541673,0.01184849485317709,0.0009475074140993399,0.011843842676241749,0.0019164384019767055,0.02395548002470882,0.07551979749439403,0.05600253132007471,0.1523558063271605,4.492378569144449e-07
76500,10.09375,0.000948607274043302,0.011857590925541275,0.0009481781047248249,0.01185222630906031,0.0019140152536956502,0.023925190671195626,0.0759895315379603,0.05013085577549625,0.15238896122685186,4.4992788018393214e-07
77000,10.159722222222223,0.0009490292571648651,0.011862865714560814,0.0009486442491380636,0.011858053114225794,0.0019182726096556135,0.02397840762069517,0.07557534785049196,0.05530815186885052,0.15296465084876543,4.5032826547744784e-07
77500,10.225694444444445,0.0009523956341434143,0.011904945426792678,0.0009520703599820797,0.011900879499775996,0.0019198092220399639,0.023997615275499547,0.0759388167455013,0.05076479068123374,0.15297972125771606,4.535287219677182e-07
78000,10.291666666666668,0.0009541987723345227,0.011927484654181534,0.0009538376831918745,0.011922971039898431,0.001922471387128269,0.02403089233910336,0.07584263972849066,0.05196700339386673,0.15303397472993827,4.552476485623551e-07
78500,10.35763888888889,0.0009544557060045824,0.011930696325057279,0.0009541124012635095,0.011926405015793869,0.0019215968879636208,0.02401996109954526,0.0757051959272935,0.053685050908831355,0.15351924189814814,4.554928473623529e-07
79000,10.42361111111111,0.0009558388801424985,0.01194798600178123,0.0009556031815841808,0.01194503976980226,0.0019237265833879254,0.024046582292349065,0.07565494168773337,0.0543132289033329,0.1525487075617284,4.568139823960328e-07
79500,10.489583333333334,0.000959578763942184,0.0119947345492773,0.0009592957555380697,0.01199119694422587,0.0019247711429560038,0.024059639286950048,0.07565268585371222,0.05434142682859722,0.15317563657407407,4.603957021044049e-07
80000,10.555555555555555,0.0009608155114504563,0.012010193893130704,0.0009605534131177261,0.012006917663971576,0.0019284542970127107,0.024105678712658882,0.07531935084613045,0.05850811442336934,0.15286217206790123,4.6158322352190096e-07
80500,10.621527777777779,0.0009609707748395022,0.012012134685493777,0.0009606058818149776,0.01200757352268722,0.0019288410199376146,0.024110512749220183,0.07540821966330173,0.05739725420872832,0.15286217206790123,4.617324150478166e-07
81000,10.6875,0.0009645042876609843,0.012056303595762303,0.0009642323792993613,0.012052904741242017,0.001931650683138726,0.024145633539234074,0.07583614420264666,0.0520481974669168,0.15341374903549382,4.6513426045821134e-07
81500,10.753472222222223,0.0009658893956910002,0.012073617446137502,0.0009656144954704045,0.012070181193380056,0.001933202910250998,0.024165036378137474,0.07493832127400647,0.06327098407491916,0.15297972125771606,4.664711623541628e-07
82000,10.819444444444445,0.0009669936246504822,0.012087420308131027,0.0009666325135040998,0.012082906418801248,0.0019375809663125171,0.024219762078906464,0.07529194144663974,0.058850731917003296,0.15392614293981483,4.675383350573389e-07
82500,10.885416666666668,0.0009700907386035189,0.012126134232543986,0.0009696766040267015,0.012120957550333768,0.0019387161519559349,0.024233951899449185,0.07562716454433419,0.05466044319582275,0.15329619984567902,4.705380205621604e-07
83000,10.95138888888889,0.0009674778815702162,0.012093473519627702,0.0009670980445242548,0.012088725556553185,0.001936438947809423,0.024205486847617787,0.07593628506973168,0.05079643662835398,0.1522804542824074,4.680067256637967e-07
83500,11.01736111111111,0.0009731434074644216,0.01216429259330527,0.0009727552576549158,0.012159440720686447,0.0019426446370475517,0.024283057963094396,0.07572103377826896,0.05348707777163808,0.15251856674382716,4.7350404574573263e-07
84000,11.083333333333334,0.0009703634588031983,0.012129543235039978,0.0009699665227330397,0.012124581534162997,0.0019446050800415295,0.024307563500519117,0.07528909265539592,0.058886341807551035,0.15250952449845678,4.708026210902531e-07
84500,11.149305555555555,0.0009756140320281,0.01219517540035125,0.0009752615457491847,0.012190769321864808,0.0019412938237351393,0.02426617279668924,0.07551125136917476,0.05610935788531546,0.1524974681712963,4.759113697450633e-07
85000,11.215277777777779,0.0009727936480699229,0.012159920600874036,0.0009725333497820101,0.012156666872275127,0.0019462132471570078,0.024327665589462595,0.0754431292423391,0.0569608844707612,0.15313343942901234,4.731637408625946e-07
85500,11.28125,0.0009765997000046045,0.012207496250057556,0.0009763106183455343,0.012203882729319177,0.001945406538440771,0.024317581730509637,0.07574667373350329,0.05316657833120897,0.1521749614197531,4.768734870245418e-07
86000,11.347222222222223,0.0009769545381284356,0.012211931726605445,0.000976584349878731,0.012207304373484136,0.0019468625315162142,0.024335781643952677,0.07555014921399467,0.055623134825066645,0.1524341724537037,4.772200847848726e-07
86500,11.413194444444445,0.0009774771080851008,0.01221846385106376,0.0009771595177938137,0.012214493972422672,0.0019490002334326191,0.02436250291790774,0.07536070568637414,0.05799117892032324,0.1527416087962963,4.777307484152059e-07
87000,11.479166666666668,0.0009821074185756532,0.012276342732195664,0.0009817128187039465,0.01227141023379933,0.001954075692792924,0.02442594615991155,0.07576010560761659,0.05299867990479268,0.15309727044753085,4.822674908106667e-07
87500,11.54513888888889,0.000984653986957975,0.012308174836974687,0.0009842837457241737,0.01230354682155217,0.001950924688810767,0.024386558610134588,0.07572036795108113,0.053495400611485944,0.15266022858796297,4.847717370161179e-07
88000,11.61111111111111,0.0009836476960015383,0.01229559620001923,0.0009833266739878684,0.012291583424848354,0.0019522440124926832,0.02440305015615854,0.07539457551022122,0.05756780612223478,0.15269338348765432,4.837813949245674e-07
88500,11.677083333333334,0.000987975449245445,0.012349693115568062,0.0009876015533252678,0.012345019416565848,0.0019516470133116464,0.02439558766639558,0.07571350503041296,0.05358118711983795,0.15354938271604937,4.880477441558694e-07
89000,11.743055555555555,0.0009863942016853577,0.01232992752106697,0.0009860326913274516,0.012325408641593144,0.0019549549765412954,0.024436937206766193,0.07532230447329501,0.058471194083812406,0.15319974922839505,4.86486760559247e-07
89500,11.809027777777779,0.0009880227842794984,0.01235028480349373,0.0009876300644145115,0.012345375805181392,0.0019569424569840987,0.024461780712301234,0.07559568153117535,0.055053980860308105,0.15222017264660495,4.880945111277061e-07
90000,11.875,0.0009888593629858425,0.012360742037323031,0.0009884441300925559,0.012355551626156949,0.0019602406308333337,0.02450300788541667,0.0757593818299424,0.053007727125720105,0.1534499180169753,4.889214198823831e-07
90500,11.940972222222223,0.0009933655286213075,0.012417069107766344,0.0009929478755230903,0.012411848444038628,0.001961410370142819,0.024517629626785237,0.07577322610339315,0.052834673707585544,0.1533082561728395,4.933875367265447e-07
91000,12.006944444444445,0.0009925223783352225,0.012406529729190282,0.0009921663689233201,0.012402079611541501,0.0019663872210830373,0.024579840263537964,0.07502916029309864,0.062135496336267027,0.15303096064814814,4.925503357481033e-07
91500,12.072916666666668,0.0009925861578200714,0.012407326972750892,0.0009922867955582803,0.012403584944478503,0.001964702326494444,0.024558779081180548,0.07540388707597595,0.057451411550300646,0.15260898919753085,4.926136403480058e-07
92000,12.13888888888889,0.0009959809624180442,0.012449762030225553,0.0009957104074828245,0.012446380093535306,0.0019664926762654163,0.0245811584533177,0.07546554901724344,0.05668063728445705,0.15295259452160495,4.959890387495867e-07
92500,12.20486111111111,0.000996821239900038,0.012460265498750473,0.000996451560428338,0.012455644505354226,0.00196886275346192,0.024610784418274,0.0750585363763014,0.06176829529623251,0.15238594714506173,4.968262921579245e-07
93000,12.270833333333334,0.0009977782832200932,0.012472228540251163,0.0009974676717066939,0.012468345896333673,0.001966771716573124,0.02458464645716405,0.07554325230772084,0.05570934615348955,0.15277174961419754,4.977807512328183e-07
93500,12.336805555555555,0.0009965683816130703,0.01245710477016338,0.0009961418087001909,0.012451772608752385,0.001971592658385082,0.024644908229813526,0.07546441805460122,0.05669477431748482,0.15256377797067902,4.96574269615447e-07
94000,12.402777777777779,0.0009996487474280653,0.012495609342850817,0.000999220994271357,0.012490262428391961,0.0019716932326975896,0.024646165408719868,0.07563183772341943,0.054602028457257146,0.1529345100308642,4.996488091172499e-07
94500,12.46875,0.001002071755548913,0.012525896944361412,0.0010017452043853553,0.012521815054816941,0.001975286494648847,0.02469108118311059,0.07536440983470302,0.05794487706621221,0.15311836902006173,5.020739016344402e-07
95000,12.534722222222223,0.0010076634150807645,0.012595792688509556,0.0010072679067149217,0.012590848833936522,0.0019762324598486592,0.02470290574810824,0.07537532678709309,0.05780841516133639,0.15225634162808643,5.076927790461145e-07
95500,12.600694444444445,0.0010059129880331328,0.01257391235041416,0.0010055682522843638,0.012569603153554548,0.0019775724668275236,0.024719655835344044,0.07529465614161557,0.058816798229805456,0.15329017168209877,5.059304697468729e-07
96000,12.666666666666668,0.0010042755858943528,0.01255344482367941,0.001003914669075892,0.01254893336344865,0.001980348006919257,0.024754350086490712,0.07551447015910323,0.05606912301120959,0.15266927083333334,5.042847262117228e-07
96500,12.73263888888889,0.0010089216827134165,0.012611521033917706,0.0010085545288232966,0.012606931610291208,0.00197783231192677,0.024722903899084627,0.0753643332169889,0.057945834787638706,0.15300684799382716,5.089614809246358e-07
97000,12.79861111111111,0.0010107810965828828,0.012634763707286036,0.001010338274049666,0.012629228425620824,0.001983749537139963,0.024796869214249537,0.0755294636795553,0.0558817040055587,0.15234676408179013,5.108392126046476e-07
97500,12.864583333333334,0.001011331637974914,0.012641645474686426,0.0010109526853733326,0.012636908567166658,0.0019815570697565327,0.02476946337195666,0.0753492433841901,0.05813445769762371,0.15257884837962962,5.113958409845113e-07
98000,12.930555555555555,0.0010114289126037961,0.01264286140754745,0.0010111055203346055,0.012638819004182568,0.001980982067852436,0.02476227584815545,0.07481364218460768,0.06482947269240402,0.15220811631944445,5.114942226254487e-07
98500,12.996527777777779,0.0010117560887256463,0.012646951109070579,0.001011402422146193,0.012642530276827412,0.0019881562248611536,0.02485195281076442,0.07557744254911651,0.05528196813604358,0.15338963638117284,5.11825191536709e-07
99000,13.0625,0.0010158022940701171,0.012697528675876464,0.0010154633357150314,0.012693291696437892,0.001988045306380331,0.024850566329754138,0.07526458964177869,0.05919262947776638,0.1527174961419753,5.159271503190564e-07
99500,13.128472222222223,0.001013962834486072,0.0126745354310759,0.0010136232057072262,0.012670290071340327,0.0019887516929605327,0.024859396162006657,0.07550608412048498,0.05617394849393775,0.1527024257330247,5.140603148595147e-07
100000,13.194444444444445,0.001016286815241441,0.012703585190518011,0.001015980584518998,0.012699757306487475,0.0019895891699698268,0.024869864624622835,0.07517297819101014,0.060337772612373275,0.15208453896604937,5.164194454167952e-07
100500,13.260416666666666,0.0010158377497580685,0.012697971871975855,0.0010155660503936102,0.012694575629920126,0.001991055846267076,0.02488819807833845,0.0753773490597507,0.057783136753116304,0.1531394675925926,5.159631669167681e-07
101000,13.326388888888888,0.0010173189744330006,0.012716487180412506,0.001016980415097447,0.012712255188718088,0.001994697729049552,0.0249337216131194,0.07532457560881231,0.0584428048898461,0.15335648148148148,5.174689478707061e-07
101500,13.39236111111111,0.0010185058451048334,0.012731323063810418,0.0010182260133280196,0.012727825166600244,0.001993262037451708,0.02491577546814635,0.07525834811442833,0.05927064856964592,0.1528591579861111,5.186770782563553e-07
102000,13.458333333333336,0.0010214052809150286,0.012767566011437857,0.0010210154480037616,0.01276269310004702,0.0019970507447771785,0.02496313430971473,0.0754386132666483,0.05701733416689625,0.1525607638888889,5.216343739405543e-07
102500,13.524305555555557,0.0010230186838541284,0.012787733548176604,0.0010227547145477641,0.01278443393184705,0.0019971269527850537,0.02496408690981317,0.07508658284712157,0.06141771441098043,0.15354938271604937,5.232836137573165e-07
103000,13.590277777777779,0.0010219954679513436,0.012774943349391795,0.0010216087156121642,0.012770108945152053,0.0019984627087145383,0.024980783858931727,0.074802924069613,0.06496344912983754,0.1521749614197531,5.222373682565429e-07
103500,13.65625,0.0010247484106109496,0.01280935513263687,0.0010243767726301467,0.012804709657876834,0.0020029535517924455,0.025036919397405568,0.07493727018492678,0.06328412268841521,0.15342580536265432,5.250546525248336e-07
104000,13.722222222222223,0.0010267930617092944,0.01283491327136618,0.0010264372102918615,0.012830465128648268,0.0020027388272471744,0.02503423534058968,0.07516433357982771,0.060445830252153554,0.15285312982253085,5.271519957871734e-07
104500,13.788194444444445,0.001026975006309466,0.012837187578868325,0.0010265909631343927,0.012832387039179908,0.0020050147211856145,0.02506268401482018,0.07519513369679784,0.060060828790027054,0.15370912905092593,5.273388317921638e-07
105000,13.854166666666666,0.001030248313703891,0.012878103921298638,0.0010299371298244148,0.012874214122805185,0.002007092377151418,0.025088654714392724,0.07480772453759299,0.06490344328008768,0.1519187644675926,5.307057939448555e-07
105500,13.920138888888888,0.0010337918179270892,0.012922397724088614,0.0010334499202979206,0.012918124003724009,0.0020098751390535043,0.025123439238168805,0.07523337389829608,0.05958282627129896,0.15277174961419754,5.34362761406498e-07
106000,13.98611111111111,0.0010311709627328814,0.012889637034161017,0.0010307881804851717,0.012884852256064646,0.0020107645306368252,0.025134556632960315,0.07541877172938848,0.057265353382644046,0.153076171875,5.316567771917287e-07
106500,14.052083333333336,0.0010323681149381019,0.012904601436726273,0.0010319699665987047,0.012899624582483808,0.0020098608359903876,0.025123260449879843,0.07511729375061031,0.061033828117371125,0.15317563657407407,5.328919623704251e-07
107000,14.118055555555557,0.001036386736339123,0.012954834204239037,0.0010360796257012862,0.012950995321266078,0.0020118448249172856,0.025148060311466068,0.07510758200737915,0.06115522490776071,0.1522774402006173,5.370487336298294e-07
107500,14.184027777777779,0.0010332699448930734,0.012915874311163417,0.0010329476251389213,0.012911845314236515,0.0020121310282629487,0.02515163785328686,0.07514099031292704,0.060737621088412075,0.1529616367669753,5.338233895096674e-07
108000,14.25,0.0010346998415401408,0.01293374801925176,0.0010342715325837343,0.012928394157296678,0.002014888584612394,0.025186107307654925,0.07442485910556781,0.0696892611804023,0.1521629050925926,5.353018810415961e-07
108500,14.315972222222223,0.001036734210836904,0.0129591776354613,0.0010364060879170028,0.012955076098962535,0.002014649845312815,0.025183123066410185,0.07513809687639461,0.06077378904506736,0.1528712143132716,5.37408911959809e-07
109000,14.381944444444445,0.0010369132277168087,0.01296141534646011,0.001036466842603828,0.01295583553254785,0.0020144978972614185,0.02518122371576773,0.07543665459705712,0.057041817536786055,0.15230758101851852,5.375945209070452e-07
109500,14.447916666666666,0.001040177489407145,0.013002218617589312,0.001039768767860195,0.012997109598252439,0.0020171004759168224,0.02521375594896028,0.07536143056763933,0.05798211790450836,0.1530369888117284,5.409846047346757e-07
110000,14.513888888888888,0.0010406058378297659,0.013007572972872073,0.0010402675324809733,0.013003344156012165,0.002022711715506181,0.025283896443827263,0.07547357229104018,0.05658034636199771,0.1531665943287037,5.414302548626946e-07
110500,14.57986111111111,0.0010419702635810376,0.01302462829476297,0.001041593183351648,0.0130199147918956,0.002021167912477723,0.025264598905971537,0.07556871085222465,0.055391114347191905,0.1531394675925926,5.428510150935683e-07
111000,14.645833333333336,0.001044289946765081,0.013053624334563512,0.0010439019602213617,0.013048774502767022,0.002018416585015466,0.025230207312693324,0.07529736926757474,0.05878288415531574,0.1524582851080247,5.452707464573078e-07
111500,14.711805555555557,0.0010431161975956523,0.013038952469945653,0.0010427375148336184,0.01303421893542023,0.002025488325995057,0.025318604074938213,0.0752733373132881,0.059083283583898805,0.15297972125771606,5.44045700843206e-07
112000,14.777777777777779,0.0010457402186373865,0.013071752732967332,0.0010453943291733134,0.013067429114666417,0.002029252785276497,0.025365659815956215,0.07497418949184366,0.06282263135195432,0.15245225694444445,5.467863024378846e-07
112500,14.84375,0.0010504578933478235,0.013130723666847794,0.0010500663056096336,0.01312582882012042,0.00202807863689984,0.025350982961248002,0.07554669514778457,0.055666310652692896,0.15319673514660495,5.517308928483737e-07
113000,14.909722222222223,0.001050776865669017,0.013134710820862712,0.0010503969909716852,0.013129962387146065,0.0020300580319766886,0.025375725399708608,0.075467190657838,0.056660116777025094,0.15251856674382716,5.520660107126015e-07
113500,14.975694444444445,0.001051700313429992,0.013146253917874901,0.0010514007415591909,0.013142509269489885,0.002033666225430242,0.025420827817878026,0.07506525205341082,0.061684349332364774,0.1531304253472222,5.530367746343717e-07
114000,15.041666666666666,0.0010509259180906236,0.013136573976132795,0.0010505585084348804,0.013131981355436004,0.002030719611257977,0.02538399514072471,0.07492676438580134,0.06341544517748321,0.15209659529320987,5.522226426573099e-07
114500,15.107638888888888,0.0010527779678831028,0.013159724598538786,0.001052404276517713,0.013155053456471413,0.00203296427767304,0.025412053470912997,0.07499715909619485,0.0625355112975644,0.1533866222993827,5.541707248300377e-07
115000,15.17361111111111,0.0010568393650588915,0.013210492063236143,0.0010564705502091266,0.013205881877614083,0.002034178505476653,0.02542723131845816,0.07532507914142823,0.05843651073214706,0.15248842592592593,5.584547217690405e-07
115500,15.239583333333336,0.0010574518297322582,0.013218147871653227,0.0010571254188733838,0.013214067735917297,0.0020371726909569426,0.025464658636961783,0.07551249758345037,0.05609378020687039,0.15312439718364199,5.591021861020504e-07
116000,15.305555555555557,0.0010596650724391153,0.01324581340548894,0.0010594188674397074,0.013242735842996343,0.002037636151253267,0.025470451890665838,0.0748355777998233,0.06455527750220869,0.15312439718364199,5.614450328736978e-07
116500,15.371527777777779,0.0010583479655123854,0.013229349568904817,0.0010580872558275346,0.013226090697844183,0.00203976807890653,0.025497100986331626,0.07525816064131345,0.059272991983581824,0.15271448206018517,5.600502080521025e-07
117000,15.4375,0.0010626464077428163,0.013283080096785204,0.0010623205246132982,0.013279006557666227,0.0020437215346212592,0.02554651918276574,0.0745577099035954,0.06802862620505745,0.15207549672067902,5.646086939443558e-07
117500,15.503472222222223,0.0010605402536377488,0.01325675317047186,0.0010601714107964235,0.013252142634955293,0.002044061120277497,0.02555076400346871,0.07539832308007892,0.057520961499013534,0.15346498842592593,5.623728147930102e-07
118000,15.569444444444445,0.0010650176927524816,0.01331272115940602,0.0010647272238074167,0.013309090297592708,0.0020440645959656782,0.025550807449570976,0.07511701308300055,0.06103733646249321,0.15271146797839505,5.671313429379098e-07
118500,15.635416666666666,0.0010622545457261968,0.013278181821577459,0.0010619429873572727,0.01327428734196591,0.002047394870899787,0.025592435886247336,0.07543670555449124,0.05704118056885954,0.1529616367669753,5.641923599579844e-07
119000,15.701388888888888,0.0010662065889964205,0.013327582362455256,0.0010658184781841783,0.013322730977302228,0.002047368373025852,0.025592104662823148,0.07488303457292465,0.06396206783844183,0.15255473572530864,5.68398245209691e-07
119500,15.76736111111111,0.0010644172232100117,0.013305215290125147,0.0010640563747335205,0.013300704684169006,0.0020516088056823797,0.025645110071029747,0.07488656234045561,0.06391797074430483,0.15269941165123457,5.664920125330559e-07
120000,15.833333333333336,0.0010689868472613785,0.013362335590767231,0.001068612596235293,0.013357657452941162,0.00205325019522716,0.025665627440339497,0.07498099947373266,0.06273750657834176,0.15268434124228394,5.713664398089108e-07
120500,15.899305555555557,0.0010704156200405542,0.013380195250506927,0.0010701651656080933,0.013377064570101165,0.002053056643611384,0.0256632080451423,0.07531690602069285,0.058538674741339336,0.15229853877314814,5.72894799813402e-07
121000,15.965277777777779,0.0010716476042720907,0.013395595053401134,0.0010712324110364296,0.01339040513795537,0.002055917359720176,0.0256989669965022,0.07510670357670199,0.061166205291225184,0.15301890432098766,5.742142938710558e-07
121500,16.03125,0.001074248163803634,0.013428102047545423,0.0010739792273619664,0.01342474034202458,0.0020561098068156585,0.025701372585195732,0.07522667023115583,0.05966662211055218,0.15294355227623457,5.770045587177395e-07
122000,16.09722222222222,0.0010739191939777148,0.013423989924721434,0.001073555464189727,0.013419443302371586,0.0020551262833203112,0.02568907854150389,0.07483196372919909,0.06460045338501141,0.15317563657407407,5.766512175968722e-07
122500,16.163194444444443,0.0010742661221346166,0.013428326526682707,0.001073932305102908,0.01342415381378635,0.0020564346599793266,0.02570543324974158,0.07487987523327515,0.06400155958406062,0.1529465663580247,5.770238505830734e-07
123000,16.229166666666668,0.001074258560905775,0.013428232011322186,0.0010738533740113202,0.013423167175141502,0.0020592502005371367,0.025740627506714207,0.07521507802422381,0.05981152469720241,0.15231059510030864,5.770157278396733e-07
123500,16.29513888888889,0.0010729249622222162,0.013411562027777702,0.001072529352344618,0.013406616904307724,0.0020586543571667107,0.025733179464583884,0.07452787874954163,0.0684015156307296,0.15271448206018517,5.755839872797721e-07
124000,16.36111111111111,0.0010746114118066984,0.01343264264758373,0.001074255122876503,0.013428189035956287,0.0020634612329056084,0.025793265411320106,0.07506382903665315,0.06170213704183558,0.15225031346450618,5.773948431925928e-07
124500,16.427083333333336,0.001077932869163526,0.013474160864544076,0.00107758572945808,0.013469821618225998,0.0020630663726737696,0.025788329658422118,0.07533717885996008,0.05828526425049907,0.1534981433256173,5.809696352115558e-07
125000,16.493055555555557,0.0010800927503766048,0.01350115937970756,0.0010797771012144182,0.013497213765180227,0.0020640096173813374,0.025800120217266718,0.07521465970004844,0.05981675374939455,0.15260898919753085,5.833001747080494e-07
125500,16.55902777777778,0.0010821556365655488,0.01352694545706936,0.00108181209025638,0.013522651128204749,0.002064787814890798,0.025809847686134972,0.07491171220659966,0.06360359741750432,0.15270845389660495,5.855304108752939e-07
126000,16.625,0.0010845631908809863,0.01355703988601233,0.0010841985762081556,0.013552482202601945,0.002067145177631291,0.025839314720391138,0.07523740906306378,0.0595323867117028,0.1529345100308642,5.881386575069733e-07
126500,16.69097222222222,0.0010846991334770514,0.013558739168463143,0.001084314358773412,0.01355392948466765,0.002070390699921412,0.025879883749017653,0.07525124236366276,0.059359470454215524,0.15256377797067902,5.882861050829331e-07
127000,16.756944444444443,0.0010845965237659095,0.013557456547073868,0.001084158145487377,0.013551976818592212,0.0020709415288608364,0.025886769110760453,0.07528168092440803,0.05897898844489968,0.1527566792052469,5.881748096825474e-07
127500,16.822916666666668,0.0010827711146917962,0.013534638933647451,0.001082457245632903,0.013530715570411286,0.002072295689080986,0.02590369611351232,0.07489873717805194,0.06376578527435073,0.1526270736882716,5.861966434054574e-07
128000,16.88888888888889,0.0010861267954389395,0.013576584942986743,0.0010857323232502669,0.013571654040628336,0.0020747442641445143,0.02593430330180643,0.07496114137122885,0.06298573285963938,0.15278682002314814,5.898357078852299e-07
128500,16.95486111111111,0.0010854087063609718,0.013567608829512148,0.0010849312416340976,0.01356164052042622,0.0020737471509378346,0.025921839386722934,0.07535713652232351,0.05803579347095611,0.15298876350308643,5.890560299220993e-07
129000,17.020833333333336,0.0010888742603683845,0.013610928254604806,0.0010885218487309562,0.013606523109136954,0.002077327003321276,0.02596658754151595,0.07488002392781146,0.06399970090235685,0.15261200327932098,5.928235774463983e-07
129500,17.086805555555557,0.0010898496037449713,0.01362312004681214,0.0010894318439898575,0.013617898049873218,0.0020794481538518325,0.025993101923147906,0.075403502572512,0.05745621784360011,0.15309124228395063,5.938860793915355e-07
130000,17.15277777777778,0.0010899231438201264,0.01362403929775158,0.0010896307570798331,0.013620384463497915,0.002077173885081444,0.025964673563518052,0.07460166182405327,0.06747922719933419,0.15278682002314814,5.93966229717374e-07
130500,17.21875,0.0010882129087644203,0.013602661359555254,0.0010878532642668198,0.013598165803335246,0.002078263536808271,0.025978294210103385,0.07511384000543798,0.0610769999320252,0.15210262345679013,5.921036674007603e-07
131000,17.28472222222222,0.0010922091485684746,0.013652614357105932,0.0010918176996251314,0.013647721245314142,0.002080146592099881,0.026001832401248513,0.07500096722027474,0.062487909746565706,0.15297067901234568,5.96460412108336e-07
131500,17.350694444444443,0.0010894844053269432,0.013618555066586789,0.0010890804178312792,0.01361350522289099,0.002082611733388345,0.026032646667354314,0.07493944381389091,0.06325695232636364,0.15327510127314814,5.934881347253016e-07
132000,17.416666666666668,0.0010985139974684557,0.013731424968355695,0.0010981558903651399,0.013726948629564249,0.002084606428471946,0.026057580355899324,0.0751208604628703,0.06098924421412133,0.15270543981481483,6.03366501317063e-07
132500,17.48263888888889,0.0010936508585530713,0.013670635731913391,0.0010932845692560107,0.013666057115700134,0.002086325204382232,0.0260790650547779,0.07491142166195135,0.06360722922560813,0.15248239776234568,5.98036100206935e-07
133000,17.54861111111111,0.0010953873120805964,0.013692341401007455,0.0010949464109350257,0.013686830136687821,0.002087957880386222,0.026099473504827775,0.07485407906478726,0.06432401169015922,0.15295560860339505,5.99936681733577e-07
133500,17.614583333333336,0.0010946913075721126,0.013683641344651408,0.0010943921802350506,0.013679902252938133,0.002090645065530673,0.02613306331913341,0.07511333449700192,0.06108331878747608,0.15312439718364199,5.991745294369708e-07
134000,17.680555555555557,0.0010955045723178261,0.013693807153972826,0.0010951896885742596,0.013689871107178245,0.002090900706224285,0.02613625882780356,0.07518622232413248,0.06017222094834396,0.1527024257330247,6.000651339846317e-07
134500,17.74652777777778,0.0010971987204906944,0.01371498400613368,0.001096816919928995,0.013710211499112437,0.002092988777679423,0.02616235972099279,0.07494949349242733,0.06313133134465843,0.15238896122685186,6.019225161232084e-07
135000,17.8125,0.0010988846257529625,0.013736057821912031,0.0010985356249786499,0.013731695312233123,0.002095257262665814,0.026190715783322677,0.07538072466146344,0.057740941731707074,0.15225031346450618,6.037737103581142e-07
135500,17.87847222222222,0.0011019296200825855,0.013774120251032319,0.0011015829402581943,0.013769786753227427,0.002092706434659672,0.026158830433245902,0.07500268544106034,0.06246643198674573,0.1519458912037037,6.071244438076757e-07
136000,17.944444444444446,0.0011022111944485572,0.013777639930606964,0.0011018792236673534,0.013773490295841916,0.002096483315069469,0.026206041438368362,0.07363049152865092,0.07961885589186346,0.15351924189814814,6.074347585838576e-07
136500,18.010416666666668,0.0011027356451686382,0.013784195564607978,0.0011024072343072586,0.013780090428840732,0.0020966327365379072,0.02620790920672384,0.07495927982137485,0.06300900223281447,0.1522925106095679,6.080129515627465e-07
137000,18.07638888888889,0.0011028547751475797,0.013785684689344746,0.0011024813364835717,0.013781016706044646,0.0020967819632953253,0.026209774541191565,0.07491661606600514,0.06354229917493581,0.1530128761574074,6.081443275329093e-07
137500,18.14236111111111,0.0011055280653992383,0.013819100817490477,0.0011051790611000813,0.013814738263751016,0.0021002650217182097,0.026253312771477622,0.07490037166947701,0.06374535413153737,0.15241307388117284,6.110961516926911e-07
138000,18.208333333333336,0.0011059912962992436,0.013824891203740544,0.0011056245781265008,0.01382030722658126,0.0021037924041258102,0.026297405051572628,0.07501960443595146,0.06225494455060676,0.1521267361111111,6.116083737448405e-07
138500,18.274305555555557,0.0011079822322777304,0.01384977790347163,0.0011075625021844148,0.013844531277305184,0.002102784438474743,0.026284805480934287,0.07497352575385599,0.06283092807680013,0.15276270736882716,6.138123135215714e-07
139000,18.34027777777778,0.0011074534669187012,0.013843168336483764,0.0011071366546536962,0.0138392081831712,0.002103569541320217,0.02629461926650271,0.07498903524578614,0.06263705942767328,0.1529465663580247,6.132265906951253e-07
139500,18.40625,0.0011098605625654938,0.013873257032068672,0.0011095372911500505,0.013869216139375631,0.0021065262784719166,0.026331578480898957,0.07504781900091821,0.061902262488522375,0.1528712143132716,6.158952341690972e-07
140000,18.47222222222222,0.0011076222730606556,0.013845278413258196,0.0011072300481005755,0.013840375601257194,0.0021062897294190116,0.026328621617737646,0.07463206834634394,0.06709914567070085,0.15313343942901234,6.134135498900268e-07
140500,18.538194444444446,0.0011118885460043868,0.013898606825054834,0.0011115815333348196,0.013894769166685245,0.0021106968567670653,0.026383710709588316,0.07472494649964523,0.0659381687544347,0.15347101658950618,6.181480693678746e-07
141000,18.604166666666668,0.0011145927741664707,0.013932409677080884,0.0011141604829494624,0.01392700603686828,0.002111756480197924,0.02639695600247405,0.07442429966480071,0.06969625418999115,0.15266927083333334,6.211585261120546e-07
141500,18.67013888888889,0.0011152139771268513,0.013940174714085641,0.0011148753230113032,0.01393594153764129,0.0021127378939597456,0.02640922367449682,0.07513300315914634,0.06083746051067074,0.15279586226851852,6.218511073895445e-07
142000,18.73611111111111,0.001117387534596581,0.013967344182457262,0.0011170772300569817,0.01396346537571227,0.0021147976043884476,0.026434970054855594,0.07502958423218392,0.06213019709770096,0.15231360918209877,6.242774512359128e-07
142500,18.802083333333336,0.0011167138083520256,0.01395892260440032,0.001116411686791335,0.013955146084891687,0.0021160836367434075,0.026451045459292593,0.0751293431173017,0.060883211033728846,0.15247034143518517,6.235248648820423e-07
143000,18.868055555555557,0.001117162013674317,0.013964525170928962,0.001116840183134454,0.013960502289180676,0.0021201194498446764,0.026501493123058453,0.07473295456440351,0.06583806794495606,0.1530641155478395,6.240254823984274e-07
143500,18.93402777777778,0.0011182262621226078,0.013977828276532598,0.0011178296331989953,0.01397287041498744,0.002119325207867381,0.02649156509834226,0.07474290464831627,0.06571369189604659,0.15285614390432098,6.252149866503496e-07
144000,19.0,0.0011168325963726382,0.013960407454657977,0.0011164008514282678,0.013955010642853347,0.002117546912384236,0.026469336404802948,0.07509471094294744,0.061316113213157,0.15208152488425927,6.23657524160224e-07
144500,19.06597222222222,0.001122368553958961,0.014029606924487013,0.0011218774173070753,0.014023467716338441,0.002119843895022065,0.026498048687775812,0.0748334247320419,0.06458219084947636,0.1530249324845679,6.298555854579646e-07
145000,19.131944444444446,0.0011220195289038247,0.014025244111297809,0.0011216247817784667,0.014020309772230833,0.0021200556052461475,0.026500695065576844,0.07477471605062774,0.06531604936715318,0.15300684799382716,6.294639116207805e-07
145500,19.197916666666668,0.0011235408885568652,0.014044261106960814,0.001123131200427759,0.014039140005346985,0.002120680602720274,0.026508507534003425,0.07468918491518525,0.06638518856018438,0.1525336371527778,6.31172064129575e-07
146000,19.26388888888889,0.00112501919726193,0.014062739965774125,0.0011245936472333569,0.014057420590416961,0.002123696477325406,0.026546205966567576,0.07534087652834506,0.05823904339568675,0.15226538387345678,6.328340971039386e-07
146500,19.32986111111111,0.0011224048007062936,0.01403006000882867,0.0011219848715600647,0.014024810894500809,0.0021288368581405264,0.026610460726756578,0.0748075506190401,0.06490561726199884,0.1521749614197531,6.298962683242674e-07
147000,19.395833333333336,0.0011260616514402314,0.014075770643002892,0.0011257249036203687,0.014071561295254609,0.0021254392245893057,0.02656799030736632,0.07480398029147468,0.06495024635656643,0.15232566550925927,6.340074214221505e-07
147500,19.461805555555557,0.0011264988931488265,0.014081236164360331,0.0011259803973436278,0.014074754966795347,0.0021300089397647158,0.026625111747058946,0.07486482834993663,0.0641896456257921,0.15261803144290123,6.344998781327656e-07
148000,19.52777777777778,0.0011267947463209878,0.014084934329012347,0.001126467818645255,0.014080847733065687,0.0021307005392235453,0.026633756740294317,0.07397515731030313,0.07531053362121087,0.15196096161265432,6.348332001682896e-07
148500,19.59375,0.0011269855217716932,0.014087319022146164,0.0011266355402832192,0.01408294425354024,0.0021336831438769147,0.026671039298461433,0.07509638827819488,0.06129514652256396,0.1534891010802469,6.350481831415078e-07
149000,19.65972222222222,0.001126651720550503,0.014083146506881286,0.001126200560153756,0.01407750700192195,0.002127240854200891,0.026590510677511135,0.07480607339486792,0.06492408256415105,0.1529857494212963,6.346720497097043e-07
149500,19.725694444444446,0.0011298107752279786,0.014122634690349732,0.0011294788825281926,0.014118486031602408,0.002134253302280002,0.02667816627850002,0.0751160693066037,0.06104913366745379,0.15187053915895063,6.38236193910623e-07
150000,19.791666666666668,0.0011318715436463421,0.014148394295579276,0.001131481800493824,0.014143522506172799,0.0021344355116381846,0.026680443895477305,0.0749573349192918,0.06303331350885255,0.15285614390432098,6.405665956581766e-07
150500,19.85763888888889,0.0011316824656167556,0.014146030820209444,0.0011313426317109273,0.01414178289638659,0.002138282775896531,0.02672853469870664,0.07475744687090222,0.06553191411372228,0.15198206018518517,6.403526014922095e-07
151000,19.92361111111111,0.0011327742925856617,0.014159678657320771,0.0011324484057796665,0.01415560507224583,0.0021383594630063714,0.02672949328757964,0.07450178964821061,0.06872762939736743,0.15261200327932098,6.415887989714731e-07
151500,19.989583333333336,0.0011356629854523696,0.01419578731815462,0.0011353436150613938,0.014191795188267423,0.002137953269784528,0.026724415872306603,0.07489298540566901,0.06383768242913745,0.15353431230709877,6.448652082632945e-07
152000,20.055555555555557,0.0011366461239123308,0.014208076548904134,0.0011362831490855394,0.014203539363569242,0.002144421152943066,0.02680526441178832,0.07494791236054098,0.06315109549323783,0.15299479166666666,6.459822055024628e-07
152500,20.12152777777778,0.0011368513058332035,0.014210641322915043,0.0011364852524143219,0.014206065655179023,0.002143031410021953,0.026787892625274413,0.07463972191426937,0.06700347607163282,0.15241307388117284,6.462154457873301e-07
153000,20.1875,0.0011390901987610078,0.014238627484512597,0.0011387390264272338,0.014234237830340422,0.0021370696915406127,0.026713371144257658,0.07458493599097374,0.06768830011282834,0.15268735532407407,6.487632404566962e-07
153500,20.25347222222222,0.0011384215839201645,0.014230269799002056,0.0011380502670181073,0.01422562833772634,0.002141560567637294,0.026769507095466178,0.0750398377854088,0.06200202768238994,0.15317563657407407,6.48001851367648e-07
154000,20.319444444444446,0.0011381704146232873,0.01422713018279109,0.0011378714570200667,0.014223393212750833,0.002145334336126377,0.026816679201579714,0.07512165768684327,0.06097927891445909,0.1526542004243827,6.477159463618729e-07
154500,20.385416666666668,0.0011384045403234873,0.014230056754043591,0.0011380907238907319,0.014226134048634148,0.002147018610869693,0.02683773263587116,0.07450587596638471,0.06867655042019116,0.15269639756944445,6.479824487145652e-07
155000,20.45138888888889,0.0011419425562671074,0.014274281953338842,0.001141613939941712,0.0142701742492714,0.002147923613920006,0.026849045174000073,0.07428988900908662,0.07137638738641727,0.15266927083333334,6.52016400906928e-07
155500,20.51736111111111,0.001142371725597202,0.014279646569965025,0.0011420038582333923,0.014275048227917404,0.002149565808083241,0.02686957260104051,0.0747710252485252,0.065362184393435,0.15315453800154322,6.525065797219644e-07
156000,20.583333333333336,0.0011439384563122351,0.014299230703902939,0.001143567735003792,0.0142945966875474,0.002147324286417678,0.026841553580220976,0.07502750523909782,0.062156184511277246,0.15288025655864199,6.542975959150098e-07
156500,20.649305555555557,0.001144951135590211,0.014311889194877638,0.0011446167089014918,0.014307708861268647,0.0021544178674602226,0.026930223343252783,0.0751388420665423,0.06076447416822128,0.15184642650462962,6.554565514446571e-07
157000,20.71527777777778,0.0011459885913342582,0.014324857391678226,0.0011455657641014087,0.014319572051267609,0.002151762300162653,0.026897028752033165,0.07494384938939931,0.06320188263250859,0.15257884837962962,6.566449257341387e-07
157500,20.78125,0.0011464464570415558,0.014330580713019448,0.0011460668151786653,0.014325835189733316,0.002154565554846722,0.026932069435584027,0.0744940423944626,0.06882447006921755,0.15260597511574073,6.571697394315679e-07
158000,20.84722222222222,0.0011492680175729318,0.014365850219661648,0.0011489182397250615,0.014361477996563269,0.002155632721997497,0.026945409024968715,0.07508356534,0.06145543324999991,0.1522683979552469,6.604084881080084e-07
158500,20.913194444444446,0.001147712711117914,0.014346408888973925,0.0011473521067758643,0.014341901334698304,0.0021567612957760236,0.026959516197200294,0.0745818473071843,0.06772690866019626,0.1526391300154321,6.586222336308163e-07
159000,20.979166666666668,0.0011498403497130492,0.014373004371413114,0.0011494425973561419,0.014368032466951773,0.0021598412088941563,0.026998015111176953,0.07479142506327509,0.06510718670906146,0.15242211612654322,6.610664149141137e-07
159500,21.04513888888889,0.0011520249561728136,0.01440031195216017,0.0011516938737466326,0.014396173421832907,0.002162304738028712,0.027028809225358896,0.07487839919255593,0.06402001009305092,0.1529465663580247,6.635807498224866e-07
160000,21.11111111111111,0.001152353873487224,0.014404423418590299,0.0011519772680015261,0.014399715850019076,0.0021622073784196144,0.02702759223024518,0.07401820240878894,0.0747724698901383,0.15237389081790123,6.639597248705046e-07
160500,21.177083333333336,0.0011506355605839787,0.014382944507299733,0.0011502450884562012,0.014378063605702514,0.0021581191503735487,0.026976489379669358,0.0751551182029545,0.060561022463068825,0.15258487654320987,6.619810966402034e-07
161000,21.243055555555557,0.0011539031353419104,0.014423789191773879,0.0011535972992519268,0.014419966240649083,0.0021592635957190425,0.02699079494648803,0.07489854000418317,0.06376824994771046,0.15336552372685186,6.657462228759456e-07
161500,21.30902777777778,0.0011541972095934893,0.014427465119918615,0.0011537890865728742,0.014422363582160928,0.002162407342005278,0.027030091775065976,0.07440076687887322,0.06999041401408479,0.15257282021604937,6.660855993166986e-07
162000,21.375,0.0011524544880252082,0.014405681100315102,0.0011520465654480908,0.014400582068101134,0.0021637543560781196,0.027046929450976493,0.07462638004101972,0.06717024948725347,0.15279887635030864,6.640756734847224e-07
162500,21.44097222222222,0.0011557229228042027,0.014446536535052533,0.001155362297208427,0.014442028715105337,0.002170854112012733,0.027135676400159164,0.07487395656564996,0.06407554292937545,0.1516233844521605,6.678477371475445e-07
163000,21.506944444444446,0.0011568914148274282,0.014461142685342852,0.0011565261601978426,0.014456577002473032,0.002172029462215432,0.027150368277692898,0.0744666368128129,0.06916703983983874,0.15249445408950618,6.691988728507042e-07
163500,21.572916666666668,0.0011587050838321761,0.014483813547902201,0.0011582387132549655,0.01447798391568707,0.002172636820572622,0.027157960257157773,0.07423774711325348,0.07202816108433152,0.15310932677469136,6.712987356492652e-07
164000,21.63888888888889,0.0011577873180920444,0.014472341476150554,0.001157340116714084,0.014466751458926048,0.0021726948762315628,0.027158685952894532,0.07468467698703486,0.06644153766206429,0.15234977816358025,6.702357369673845e-07
164500,21.70486111111111,0.00115873387055768,0.014484173381971001,0.001158402605025045,0.014480032562813062,0.002175302661721456,0.027191283271518197,0.07447366920727584,0.06907913490905204,0.1518946518132716,6.713320913887912e-07
165000,21.770833333333336,0.0011612086852630448,0.01451510856578806,0.0011608173086475038,0.014510216358093797,0.002171266985966652,0.02714083732458315,0.07360033544947486,0.07999580688156427,0.1527807918595679,6.742028053651645e-07
165500,21.836805555555557,0.0011635660041111114,0.014544575051388892,0.0011631836781537674,0.014539795976922093,0.002174167063729323,0.027177088296616535,0.07521490888127666,0.059813638984041795,0.15295862268518517,6.769429229615496e-07
166000,21.90277777777778,0.0011633331672226631,0.014541664590283289,0.0011628895191886732,0.014536118989858415,0.002174339264732056,0.0271792408091507,0.07489817361539362,0.0637728298075797,0.1529073832947531,6.766720289801564e-07
166500,21.96875,0.0011631171243186526,0.014538964053983156,0.00116267368472128,0.014533421059016,0.002178535827562509,0.027231697844531364,0.07468166923390625,0.06647913457617194,0.15271146797839505,6.76420722441646e-07
167000,22.03472222222222,0.0011658675913821964,0.014573344892277454,0.0011654673843866728,0.01456834230483341,0.0021807257300699464,0.02725907162587433,0.07483658987791081,0.06454262652611487,0.15226538387345678,6.796236203176621e-07
167500,22.100694444444446,0.001165968728060599,0.014574609100757488,0.0011656075215611325,0.014570094019514156,0.002179050132544234,0.027238126656802922,0.07466216306951015,0.06672296163112312,0.15228346836419754,6.797415374076256e-07
168000,22.166666666666668,0.0011661984001774834,0.014577480002218542,0.0011657605030842126,0.014572006288552658,0.0021828528313292076,0.027285660391615094,0.0750378994659408,0.06202625667573991,0.1531032986111111,6.80009354288261e-07
168500,22.23263888888889,0.001166544520449648,0.0145818065056206,0.0011662532418016103,0.014578165522520128,0.002182642036127164,0.02728302545158955,0.07481005208729082,0.06487434890886479,0.15210563753858025,6.804130590955497e-07
169000,22.29861111111111,0.0011689676787963548,0.014612095984954434,0.001168696005054769,0.014608700063184613,0.002188068143360049,0.027350851792000613,0.07510186405738095,0.06122669928273816,0.15370912905092593,6.832427170352689e-07
169500,22.364583333333336,0.0011713490880284087,0.014641863600355109,0.0011709892285725301,0.014637365357156627,0.0021862574284113884,0.027328217855142355,0.07502017268219376,0.062247841472578114,0.15297972125771606,6.860293430124925e-07
170000,22.430555555555557,0.0011709692244467244,0.014637115305584055,0.0011705951526540961,0.014632439408176202,0.002186569519887885,0.027332118998598564,0.07447971034447903,0.06900362069401211,0.15226538387345678,6.855844623006816e-07
170500,22.49652777777778,0.0011732405698310832,0.01466550712288854,0.0011727721064485335,0.014659651330606668,0.002192111085427668,0.02740138856784585,0.07470567365248817,0.06617907934389788,0.15241608796296297,6.882467173487825e-07
171000,22.5625,0.0011735351528796999,0.014669189410996248,0.0011732003217234496,0.01466500402154312,0.0021891775371464697,0.02736471921433087,0.07438915345967298,0.07013558175408774,0.1531515239197531,6.885923775221901e-07
171500,22.62847222222222,0.0011752713553162808,0.01469089194145351,0.0011748908851428824,0.01468613606428603,0.0021925328831334436,0.027406661039168046,0.0749486197435428,0.06314225320571498,0.15237389081790123,6.906313793134838e-07
172000,22.694444444444446,0.0011749210402726088,0.01468651300340761,0.0011745132053787824,0.01468141506723478,0.002193384186457903,0.027417302330723786,0.07406275633257209,0.07421554584284895,0.15260898919753085,6.902197254376347e-07
172500,22.760416666666668,0.0011756893344312168,0.01469611668039021,0.0011753091524059648,0.01469136440507456,0.002200112962973383,0.027501412037167286,0.0750020990228902,0.062473762213872464,0.1524974681712963,6.911227055476588e-07
173000,22.82638888888889,0.00117936476854437,0.014742059606804626,0.0011789089721859203,0.014736362152324003,0.0021979306379534386,0.027474132974417982,0.07442704941244807,0.06966188234439918,0.15202727141203703,6.954506286418577e-07
173500,22.89236111111111,0.0011796662779744952,0.01474582847468119,0.0011792446699166101,0.014740558373957626,0.0022010855088316216,0.027513568860395268,0.07420075830762482,0.07249052115468979,0.15225935570987653,6.958062636950994e-07
174000,22.958333333333336,0.0011808211976272064,0.01476026497034008,0.0011805069456680933,0.014756336820851167,0.0022021331057024284,0.027526663821280353,0.0747535157901705,0.06558105262286873,0.15205138406635801,6.971693503828748e-07
174500,23.024305555555557,0.0011790587239821446,0.014738234049776807,0.0011786078032362168,0.01473259754045271,0.00220170776433649,0.027521347054206127,0.07446813670489136,0.06914829118885801,0.15199110243055555,6.950897372992014e-07
175000,23.09027777777778,0.0011846016221895115,0.014807520277368893,0.0011842872760011848,0.01480359095001481,0.002203372335704508,0.02754215419630635,0.07442793050528299,0.06965086868396275,0.15247034143518517,7.01640501647011e-07
175500,23.15625,0.0011805602074039636,0.014757002592549544,0.001180149994182647,0.014751874927283087,0.0022014920787674463,0.02751865098459308,0.07456175093138806,0.06797811335764925,0.15279586226851852,6.968612016528448e-07
176000,23.22222222222222,0.0011811029614433278,0.014763787018041596,0.0011806605207499588,0.014758256509374484,0.002205463979369869,0.027568299742123364,0.07482332903203565,0.0647083870995544,0.15098439911265432,6.975021027650994e-07
176500,23.288194444444446,0.001182798848933455,0.014784985611668189,0.0011823634790291524,0.014779543487864404,0.0022051894407686306,0.02756486800960788,0.07412302871429577,0.07346214107130289,0.15286217206790123,6.995065585191531e-07
177000,23.354166666666668,0.0011848487917634062,0.014810609897042578,0.001184430164966492,0.01480537706208115,0.002206686869455049,0.027583585868188112,0.0739896521615651,0.07512934798043625,0.15251555266203703,7.019333296716018e-07
177500,23.42013888888889,0.001183840891612989,0.014798011145162361,0.0011834060070822102,0.014792575088527627,0.0022078679304906664,0.027598349131133328,0.07465825281088947,0.06677183986388158,0.15242211612654322,7.007396283275184e-07
178000,23.48611111111111,0.0011877728986856681,0.014847161233570851,0.0011872817472757498,0.014841021840946872,0.0022111352763928907,0.027639190954911134,0.0743944380785266,0.0700695240184176,0.1530008198302469,7.054022294260773e-07
178500,23.552083333333336,0.0011868762962777037,0.014835953703471296,0.0011864974227907435,0.014831217784884294,0.002214156586832945,0.027676957335411815,0.07483715605101375,0.06453554936232808,0.15180724344135801,7.043376713329396e-07
179000,23.618055555555557,0.001185867444175934,0.014823343052199175,0.0011856178715989633,0.01482022339498704,0.002211786759902996,0.027647334498787448,0.07447765105842603,0.06902936176967456,0.15291642554012347,7.03140797578181e-07
179500,23.68402777777778,0.0011897791565944652,0.014872239457430814,0.001189378151274572,0.014867226890932148,0.0022181570476835248,0.02772696309604406,0.0742793690117922,0.0715078873525975,0.1527174961419753,7.077872207333186e-07
180000,23.75,0.0011917157371458278,0.014896446714322846,0.0011913573592823835,0.014891966991029792,0.0022165703487395157,0.027707129359243948,0.0742859603951367,0.07142549506079132,0.15297670717592593,7.100931990805117e-07
180500,23.81597222222222,0.001189445248177108,0.014868065602213848,0.0011890313529819378,0.014862891912274223,0.002218819550255784,0.0277352443781973,0.0744661314273541,0.06917335715807371,0.15297670717592593,7.07389999205551e-07
181000,23.881944444444446,0.0011907389183170398,0.014884236478962998,0.0011903840939515584,0.01487980117439448,0.0022168987273919055,0.02771123409239882,0.07458848586623114,0.06764392667211083,0.15262405960648148,7.089295857974171e-07
181500,23.947916666666668,0.0011931759852249406,0.014914699815311757,0.0011927837026029212,0.014909796282536514,0.0022217278165619224,0.027771597707024028,0.07450574979158928,0.06867812760513403,0.15223825713734568,7.118344658587539e-07
182000,24.01388888888889,0.0011905542101200344,0.01488192762650043,0.0011902085642961195,0.014877607053701494,0.0022200450591557726,0.02775056323944716,0.07437305644032707,0.07033679449591157,0.15305507330246915,7.087096636172695e-07
182500,24.07986111111111,0.0011965105068537313,0.014956381335671641,0.0011961571760848897,0.01495196470106112,0.002222751890235513,0.027784398627943914,0.07497069514383148,0.06286631070210658,0.1529857494212963,7.158186965056864e-07
183000,24.145833333333336,0.0011948085949366216,0.014935107436707768,0.0011944459947805714,0.014930574934757142,0.002225982745462984,0.027824784318287298,0.07458417253879762,0.0676978432650297,0.15163242669753085,7.137837892672118e-07
183500,24.211805555555557,0.0011948721404763255,0.014935901755954068,0.0011945286872862707,0.014931608591078383,0.002226691719185172,0.02783364648981465,0.07391353229703453,0.07608084628706846,0.15203028549382716,7.138597160432378e-07
184000,24.27777777777778,0.001196378736094204,0.01495473420117755,0.001196065140935144,0.0149508142616893,0.002230918286794374,0.027886478584929673,0.07469328311241544,0.06633396109480705,0.15292546778549382,7.156610400891823e-07
184500,24.34375,0.0011976530902463726,0.014970663628079656,0.0011973257223257556,0.014966571529071944,0.0022319682090246717,0.027899602612808397,0.07482159740407303,0.06473003244908715,0.1519700038580247,7.17186462288343e-07
185000,24.40972222222222,0.0011974954797733237,0.014968693497166546,0.0011970443418605624,0.01496305427325703,0.0022343511212316856,0.02792938901539607,0.07441717710916995,0.0697852861353756,0.15187656732253085,7.169977120387713e-07
185500,24.475694444444446,0.001200501956167621,0.015006274452095264,0.001200167824566985,0.015002097807087313,0.00223567039138186,0.027945879892273248,0.07407844645494391,0.07401941931320122,0.15199110243055555,7.206024733811423e-07
186000,24.541666666666668,0.0012027556732480877,0.015034445915601095,0.0012024092884486343,0.015030116105607928,0.0022379918194286226,0.02797489774285778,0.07465341546333684,0.06683230670828955,0.15292848186728394,7.233106047652303e-07
186500,24.60763888888889,0.0012026060075186016,0.015032575093982519,0.0012022802755471856,0.015028503444339819,0.0022375896294918535,0.02796987036864817,0.07386124872336243,0.07673439095796963,0.15312138310185186,7.231306046599154e-07
187000,24.67361111111111,0.0012040177851634667,0.015050222314543334,0.00120366793729743,0.015045849216217875,0.0022368337208554055,0.027960421510692567,0.07449456644194116,0.06881791947573546,0.15301589023919754,7.248294134949701e-07
187500,24.739583333333336,0.001202494670201301,0.015031183377516263,0.0012020318579943413,0.015025398224929265,0.0022347708182006714,0.02793463522750839,0.07461600706124029,0.06729991173449645,0.15256679205246915,7.229967159312678e-07
188000,24.805555555555557,0.0012032634771902495,0.015040793464878119,0.001202872895855461,0.015035911198193263,0.00223964792499464,0.027995599062433,0.07463237962453184,0.06709525469335198,0.15322687596450618,7.23921497769985e-07
188500,24.87152777777778,0.0012062449240062504,0.015078061550078129,0.0012058697819805097,0.01507337227475637,0.0022390550571595577,0.02798818821449447,0.07461397890100005,0.06732526373749936,0.15250952449845678,7.275134083454224e-07
189000,24.9375,0.0012049994403150997,0.015062493003938747,0.0012046875225928911,0.01505859403241114,0.002240042318650024,0.0280005289831253,0.07451532506106408,0.06855843673669904,0.15220510223765432,7.260118255798519e-07
189500,25.00347222222222,0.0012068998980845325,0.015086248726056656,0.0012063521923234618,0.015079402404043271,0.0022399850950812297,0.02799981368851537,0.07459910469168257,0.06751119135396788,0.1520453559027778,7.283036819982274e-07
190000,25.069444444444446,0.0012065874041745908,0.015082342552182385,0.0012061981787150873,0.015077477233938591,0.002246278254318771,0.028078478178984637,0.07461117225408792,0.06736034682390102,0.1526542004243827,7.279265819563886e-07
190500,25.135416666666668,0.0012083776984503421,0.015104721230629276,0.0012079691119274555,0.015099613899093194,0.002245684695698626,0.02807105869623282,0.07452227321928735,0.06847158475890813,0.15222017264660495,7.300883310560731e-07
191000,25.20138888888889,0.001210900289564321,0.015136253619554013,0.0012105332548580973,0.015131665685726216,0.002246475161880369,0.02808093952350461,0.07468869331405485,0.06639133357431437,0.1518825954861111,7.331397556334784e-07
191500,25.26736111111111,0.0012111808389567952,0.01513976048695994,0.0012108295503442611,0.015135369379303263,0.0022492720164944482,0.028115900206180603,0.07415382521067021,0.0730771848666224,0.15221715856481483,7.334795123280432e-07
192000,25.333333333333336,0.0012108993366694515,0.015136241708368144,0.0012105801037302563,0.015132251296628204,0.002248520125488055,0.028106501568600683,0.07442681735836447,0.0696647830204441,0.15197301793981483,7.331386017732589e-07
192500,25.399305555555557,0.0012133764558327005,0.015167205697908756,0.0012130350761158024,0.01516293845144753,0.002248224535936983,0.02810280669921229,0.07481685393340046,0.0647893258324943,0.1530249324845679,7.361412117845626e-07
193000,25.46527777777778,0.0012135979696482767,0.015169974620603459,0.0012131612811704115,0.015164516014630144,0.0022539062590498306,0.02817382823812288,0.07436933590237292,0.07038330122033853,0.15283203125,7.364100159672098e-07
193500,25.53125,0.0012178841211707722,0.015223551514634653,0.0012175542608015549,0.015219428260019435,0.0022530458209527038,0.028163072761908797,0.07400584639576142,0.07492692005298218,0.15213577835648148,7.416208662999522e-07
194000,25.59722222222222,0.0012164701049007618,0.015205876311259522,0.0012160872512895781,0.015201090641119727,0.0022604193613545965,0.028255242016932455,0.0744015616743222,0.06998047907097249,0.15262405960648148,7.398997580586351e-07
194500,25.663194444444446,0.0012137083047020114,0.015171353808775143,0.0012132501924305608,0.01516562740538201,0.0022554643591343082,0.028193304489178853,0.07470674259199699,0.06616571760003764,0.15256679205246915,7.365439244513152e-07
195000,25.729166666666668,0.0012162371296488349,0.015202964120610436,0.001215820753396641,0.01519775941745801,0.0022555712932465777,0.02819464116558222,0.07466245539827283,0.06671930752158961,0.1519700038580247,7.396163777682184e-07
195500,25.79513888888889,0.001219610279926897,0.015245128499086213,0.0012192001835484136,0.01524000229435517,0.0022603791371983884,0.028254739214979854,0.07405621317698688,0.07429733528766402,0.1529224537037037,7.437246174516822e-07
196000,25.86111111111111,0.0012196407647470104,0.015245509559337631,0.0012191606886259785,0.01523950860782473,0.002261255982386284,0.02826569977982855,0.07493901768827953,0.06326227889650593,0.15259693287037038,7.437617975163363e-07
196500,25.927083333333336,0.0012189458489786106,0.015236823112232633,0.0012184485933335923,0.015230607416669904,0.002261747143357966,0.028271839291974573,0.07408411807208555,0.0739485240989306,0.15236183449074073,7.429144913710929e-07
197000,25.993055555555557,0.001221009820479332,0.01526262275599165,0.001220527809687098,0.015256597621088726,0.002261781859867513,0.028272273248343915,0.07465864647310906,0.06676691908613674,0.15234375,7.454324908534853e-07
197500,26.05902777777778,0.0012222954932737031,0.015278693665921288,0.0012219287996371331,0.015274109995464163,0.0022616513002187318,0.028270641252734145,0.0744312108069359,0.06960986491330123,0.15213276427469136,7.470031364386026e-07
198000,26.125,0.0012221022596780359,0.015276278245975449,0.0012216885461858186,0.015271106827322732,0.0022653408902649197,0.028316761128311496,0.07453586286766874,0.06830171415414077,0.15232265142746915,7.467669665550808e-07
198500,26.19097222222222,0.0012249917122084625,0.015312396402605781,0.0012245803804342575,0.01530725475542822,0.00226747176052397,0.02834339700654962,0.07473252555957677,0.0658434305052904,0.15274462287808643,7.503023474897102e-07
199000,26.256944444444446,0.0012219403255279207,0.015274254069099009,0.0012215647631319021,0.015269559539148776,0.002272386570617013,0.028404832132712665,0.07431980210854672,0.07100247364316603,0.15159324363425927,7.465690795756404e-07
199500,26.32291666666667,0.0012278040422192178,0.015347550527740223,0.0012273128758345843,0.015341410947932304,0.0022701896978984453,0.028377371223730567,0.07484613932882318,0.06442325838971019,0.15241608796296297,7.537513830449254e-07
200000,26.38888888888889,0.0012251778291860358,0.015314722864825448,0.0012247770454069421,0.015309713067586776,0.0022706799000205623,0.028383498750257027,0.07459816916227381,0.06752288547157737,0.15235279224537038,7.505303565645036e-07
200500,26.454861111111114,0.001227223135609072,0.015340289195113401,0.0012268386207106006,0.015335482758882506,0.00227547314356652,0.0284434142945815,0.07478522427009858,0.0651846966237678,0.1522683979552469,7.530383122870814e-07
201000,26.520833333333332,0.001230545967956474,0.015381824599455926,0.001230115567873081,0.015376444598413511,0.002277003932225549,0.02846254915281936,0.07414486126320792,0.07318923420990098,0.15250952449845678,7.571216896269679e-07
201500,26.586805555555557,0.001228567190549978,0.015357089881874725,0.0012282120028380527,0.01535265003547566,0.0022784472804128087,0.028480591005160108,0.07426051953861697,0.07174350576728794,0.15225031346450618,7.54688670847933e-07
202000,26.652777777777775,0.0012303266487350031,0.01537908310918754,0.0012298749727788231,0.01537343715973529,0.0022815507486506487,0.02851938435813311,0.07480821234211629,0.06489734572354633,0.15195493344907407,7.56851831293752e-07
202500,26.71875,0.0012309339448206484,0.015386674310258105,0.0012305004294761355,0.015381255368451693,0.002278050441623895,0.028475630520298684,0.0741421678440218,0.07322290194972747,0.15278983410493827,7.575991882558616e-07
203000,26.78472222222222,0.0012338748666634103,0.015423435833292629,0.001233508139200771,0.015418851740009638,0.0022774284138361326,0.028467855172951657,0.07458808315193569,0.06764896060080394,0.15286217206790123,7.612235932918243e-07
203500,26.850694444444446,0.0012335231685173405,0.015419039606466756,0.0012330908011661558,0.015413635014576947,0.002279299559806316,0.028491244497578953,0.07473813056738383,0.06577336790770205,0.15242814429012347,7.607897036345296e-07
204000,26.91666666666667,0.0012359134340453784,0.01544891792556723,0.0012355860118400076,0.015444825148000095,0.002282612788268544,0.0285326598533568,0.07417927642645361,0.07275904466932992,0.152587890625,7.6374100822692e-07
204500,26.98263888888889,0.0012343686865162937,0.01542960858145367,0.0012338864981355914,0.015423581226694892,0.0022850085634310386,0.02856260704288798,0.07482884436930785,0.06463944538365185,0.15287422839506173,7.618330271259802e-07
205000,27.048611111111114,0.0012349474390404673,0.015436842988005841,0.0012344912753612278,0.015431140942015347,0.002284329518189943,0.02855411897737429,0.07453681764668538,0.06828977941643277,0.15186149691358025,7.625475885963045e-07
205500,27.114583333333332,0.0012374071004806662,0.015467588756008326,0.0012368291027092591,0.01546036378386574,0.0022872946289267957,0.028591182861584945,0.07466706845740217,0.06666164428247279,0.15185546875,7.655881661599848e-07
206000,27.180555555555557,0.0012343523502631962,0.015429404378289952,0.0012339966454414457,0.015424958068018071,0.0022860898764704633,0.02857612345588079,0.07423909328180298,0.07201133397746284,0.1525336371527778,7.618128623001381e-07
206500,27.246527777777775,0.0012353036863998004,0.015441296079997504,0.0012349320981265548,0.015436651226581935,0.0022891011247723175,0.02861376405965397,0.07469914889987787,0.06626063875152655,0.15266927083333334,7.629875988164681e-07
207000,27.3125,0.0012371129940005484,0.015463912425006854,0.0012366613091072262,0.015458266363840326,0.0022896061531917865,0.028620076914897333,0.07443902933491348,0.06951213331358153,0.15276270736882716,7.652242799625006e-07
207500,27.37847222222222,0.0012380938162281703,0.015476172702852129,0.0012377148098590691,0.015471435123238364,0.002298321537430323,0.02872901921787904,0.07393119149309851,0.0758601063362686,0.1522412712191358,7.664381488912171e-07
208000,27.444444444444446,0.0012393147513559645,0.015491434391949556,0.0012389266072271627,0.015486582590339533,0.002293784426761405,0.02867230533451756,0.074304358011243,0.07119552485946257,0.15253062307098766,7.67950526464248e-07
208500,27.51041666666667,0.0012422710896741957,0.015528388620927445,0.0012418861451913132,0.015523576814891414,0.0022970337063228743,0.02871292132903593,0.07385810446631982,0.07677369417100222,0.1519700038580247,7.716187301201568e-07
209000,27.57638888888889,0.0012422910922169296,0.01552863865271162,0.0012418284668406763,0.015522855835508453,0.0022952120420120506,0.028690150525150632,0.0742990209768149,0.07126223778981378,0.15174997588734568,7.71643578900766e-07
209500,27.642361111111114,0.0012457026485946658,0.015571283107433323,0.001245212277625871,0.015565153470323386,0.0023011153668140894,0.028763942085176117,0.07422033292377213,0.07224583845284838,0.1520724826388889,7.758875443578826e-07
210000,27.708333333333332,0.0012429140656416637,0.015536425820520795,0.0012423845576498827,0.015529806970623533,0.002300193058584209,0.028752413232302612,0.07463557364802566,0.06705532939967929,0.1526783130787037,7.724176872849449e-07
210500,27.774305555555557,0.0012435276315393418,0.015544095394241772,0.0012431875645117802,0.015539844556397252,0.0023012283232861255,0.02876535404107657,0.07399767588522871,0.07502905143464111,0.15208152488425927,7.731804852009224e-07
211000,27.840277777777775,0.0012463143610798896,0.01557892951349862,0.0012459369094418834,0.015574211368023541,0.0023051147346816884,0.028813934183521104,0.07434539543907248,0.07068255701159398,0.15320276331018517,7.766497433169869e-07
211500,27.90625,0.001248190926586267,0.015602386582328338,0.0012478033321974753,0.01559754165246844,0.0023082000484156936,0.02885250060519617,0.0737884386673086,0.07764451665864258,0.15287422839506173,7.789902946061419e-07
212000,27.97222222222222,0.001249489605815412,0.01561862007269265,0.0012490682955071325,0.015613353693839156,0.0023100274195378746,0.02887534274422343,0.07425406291320608,0.07182421358492408,0.15197301793981483,7.80612137520377e-07
212500,28.038194444444446,0.0012489086447849713,0.01561135805981214,0.0012484192227053647,0.01560524028381706,0.0023074048960057556,0.028842561200071944,0.07441816780243068,0.06977290246961643,0.1524733555169753,7.798864015093166e-07
213000,28.10416666666667,0.0012506094921534488,0.01563261865191811,0.0012502239823727597,0.015627799779659494,0.0023109339936500254,0.028886674920625317,0.07458998256095323,0.06762521798808463,0.15272051022376543,7.820120509321535e-07
213500,28.17013888888889,0.0012508131574667293,0.015635164468334115,0.001250350522793448,0.0156293815349181,0.00231304615802624,0.028913076975328002,0.07457203355476016,0.06784958056549795,0.15134910300925927,7.822667774459443e-07
214000,28.236111111111114,0.0012499508276902398,0.015624385346127997,0.0012495788083876466,0.015619735104845583,0.002314964071408282,0.028937050892603525,0.0737497228637198,0.07812846420350261,0.15237690489969136,7.811885358217578e-07
214500,28.302083333333332,0.0012540442183013565,0.015675552728766955,0.0012535486068831914,0.015669357586039892,0.0023153552200989207,0.028941940251236507,0.07472355041186529,0.06595561985168386,0.15201220100308643,7.863134507275302e-07
215000,28.368055555555557,0.0012526389084989568,0.01565798635623696,0.0012522594142631205,0.015653242678289006,0.0023147207945801505,0.02893400993225188,0.074247523517178,0.07190595603527494,0.15245225694444445,7.845521175427289e-07
215500,28.434027777777775,0.0012520527943283776,0.01565065992910472,0.0012516841918061984,0.01564605239757748,0.0023165260943942023,0.02895657617992753,0.07385596791240728,0.07680040109490893,0.15185245466820987,7.838180998927495e-07
216000,28.5,0.0012562095314953949,0.015702619143692437,0.0012558023184567298,0.015697528980709124,0.0023166586506303223,0.028958233132879027,0.07393295008357544,0.07583812395530709,0.15231963734567902,7.890311935099398e-07
216500,28.56597222222222,0.001256108577485828,0.01570135721857285,0.0012557363250427184,0.01569670406303398,0.0023223617912428844,0.029029522390536053,0.07435803336314571,0.07052458296067865,0.1526270736882716,7.889043792167351e-07
217000,28.631944444444446,0.0012553331125806219,0.015691663907257774,0.0012548462285040785,0.01568557785630098,0.0023189003049609996,0.028986253812012495,0.07465382675093098,0.06682716561336277,0.1523829330632716,7.879306117706762e-07
217500,28.69791666666667,0.0012549812330430923,0.015687265413038654,0.0012545799224614018,0.015682249030767523,0.002318666711940264,0.0289833338992533,0.07402654145198366,0.07466823185020421,0.15186149691358025,7.874889476451802e-07
218000,28.76388888888889,0.0012599584684578615,0.01574948085572327,0.0012594657282013252,0.015743321602516566,0.002324159497060753,0.02905199371325941,0.07422426249066419,0.07219671886669765,0.15203932773919754,7.937476711193399e-07
218500,28.829861111111114,0.0012585499231312386,0.015731874039140482,0.0012581225717804235,0.015726532147255293,0.002326074743957102,0.029075934299463774,0.07442925314631475,0.06963433567106558,0.15234375,7.919739545068234e-07
219000,28.895833333333332,0.001257669689565219,0.015720871119565237,0.0012572402839407153,0.015715503549258943,0.00232796542407649,0.029099567800956124,0.07406108208162923,0.07423647397963462,0.15255774980709877,7.908665240255372e-07
219500,28.961805555555557,0.0012618570578480986,0.015773213223101233,0.0012614771909080435,0.015768464886350544,0.0023300669739252772,0.029125837174065965,0.07450728627165745,0.06865892160428189,0.15207851080246915,7.961416172205298e-07
220000,29.027777777777775,0.0012632124888912728,0.01579015611114091,0.001262725625457255,0.015784070318215687,0.002327853660876228,0.02909817076095285,0.07396414560214225,0.07544817997322195,0.1522683979552469,7.97852896045442e-07
220500,29.09375,0.0012644206037674723,0.0158052575470934,0.0012640274425554984,0.01580034303194373,0.0023321558550145876,0.029151948187682346,0.07418878141135647,0.07264023235804407,0.15185546875,7.993797316158495e-07
221000,29.15972222222222,0.0012649543385775924,0.015811929232219905,0.0012645700866452483,0.015807126083065604,0.002332031140252056,0.0291503892531507,0.07389955035215375,0.07625562059807822,0.15242513020833334,8.000547393431371e-07
221500,29.225694444444446,0.001267798470140768,0.0158474808767596,0.0012674714678590354,0.015843393348237943,0.00233339014332306,0.029167376791538246,0.07434253478200603,0.07071831522492467,0.1525215808256173,8.036564804456358e-07
222000,29.29166666666667,0.001267503822056684,0.01584379777570855,0.0012670250394261797,0.015837812992827247,0.0023386198840595483,0.029232748550744352,0.07464520680569517,0.06693491492881043,0.1523949893904321,8.032829694641509e-07
222500,29.35763888888889,0.001263607072497168,0.0157950884062146,0.0012632313381954602,0.015790391727443252,0.002334326833739198,0.029179085421739977,0.07432666448531322,0.0709166939335848,0.152099609375,7.983514168324316e-07
223000,29.423611111111114,0.00126925004912607,0.015865625614075875,0.0012688025482876523,0.015860031853595653,0.0023367662462526334,0.029209578078157918,0.07410222684183652,0.0737221644770435,0.1521538628472222,8.054978436032656e-07
223500,29.489583333333332,0.0012681418191032568,0.01585177273879071,0.0012676836331830734,0.01584604541478842,0.002342916954950579,0.029286461936882238,0.0738960684559959,0.07629914430005125,0.15286217206790123,8.040918366792585e-07
224000,29.555555555555557,0.0012696709873539047,0.01587088734192381,0.0012692310330979408,0.01586538791372426,0.0023402772129349,0.02925346516168625,0.07419892438475763,0.07251344519052971,0.15237389081790123,8.060322080641195e-07
224500,29.621527777777775,0.0012667182413529975,0.01583397801691247,0.001266166387629691,0.015827079845371135,0.0023432187304960324,0.029290234131200403,0.0744165089104515,0.06979363861935628,0.15192780671296297,8.022875514882155e-07
225000,29.6875,0.0012696215523548536,0.01587026940443567,0.001269285952356277,0.01586607440445346,0.002345669045311821,0.02932086306639776,0.07436214541787334,0.07047318227658328,0.1526391300154321,8.059694431019741e-07
225500,29.75347222222222,0.001273850366202685,0.01592312957753356,0.0012733830268774953,0.015917287835968692,0.002350346810258415,0.02937933512823019,0.0742442897929556,0.07194637758805511,0.15230758101851852,8.113473777373572e-07
226000,29.819444444444446,0.0012711356971575804,0.015889196214469756,0.0012706697129320193,0.015883371411650242,0.002350839036603875,0.029385487957548435,0.07412402037376985,0.07344974532787696,0.15207549672067902,8.07892980294144e-07
226500,29.88541666666667,0.0012737853605685394,0.01592231700710674,0.0012734456220466824,0.01591807027558353,0.0023501930674355046,0.029377413342943807,0.07386901763560699,0.07663727955491262,0.1522292148919753,8.11264572399362e-07
227000,29.95138888888889,0.0012758301726801505,0.01594787715850188,0.0012753824717306559,0.015942280896633198,0.0023524561086887582,0.02940570135860948,0.07388973978221451,0.07637825272231857,0.15183135609567902,8.138713147605313e-07
227500,30.017361111111114,0.0012769804548589054,0.015962255685736317,0.0012765506594566252,0.015956883243207813,0.002357623402961107,0.029470292537013835,0.0737297144869058,0.07837856891367756,0.15280189043209877,8.153395410458285e-07
228000,30.083333333333332,0.0012760672358378558,0.015950840447973198,0.0012755993296203836,0.015944991620254794,0.002352724912541717,0.029409061406771464,0.07378753884010177,0.07765576449872791,0.15177107445987653,8.14173795189433e-07
228500,30.149305555555557,0.001277281792561883,0.015966022407023536,0.0012768041304682442,0.015960051630853053,0.0023552049305244935,0.02944006163155617,0.0744635208935995,0.06920598883000617,0.1522141444830247,8.157243888050486e-07
229000,30.215277777777775,0.0012774241535119025,0.01596780191889878,0.001276923115115999,0.015961538938949988,0.0023578084314367065,0.02947260539295883,0.07414326115119685,0.07320923561003945,0.15222620081018517,8.159062339878005e-07
229500,30.28125,0.0012779922044434686,0.015974902555543357,0.0012775846973331001,0.01596980871666375,0.002361771265196498,0.029522140814956223,0.07430108406387695,0.07123644920153815,0.15242513020833334,8.166320373091382e-07
230000,30.34722222222222,0.00127923418538549,0.015990427317318624,0.0012787612924991098,0.015984516156238873,0.0023614730344716337,0.02951841293089542,0.0746687878041474,0.06664015244815746,0.1523980034722222,8.182200505294391e-07
230500,30.413194444444446,0.0012775901506448934,0.015969876883061167,0.0012772236510774444,0.015965295638468054,0.0023598493208255157,0.029498116510318945,0.07409840987968816,0.07376987650389799,0.1520724826388889,8.161182965124207e-07
231000,30.47916666666667,0.0012788623613705983,0.015985779517132478,0.0012784489151883944,0.01598061143985493,0.0023654540307139595,0.02956817538392449,0.07435470236474245,0.07056622044071936,0.15231059510030864,8.177444696651914e-07
231500,30.54513888888889,0.0012817339561021078,0.016021674451276346,0.0012813369239098966,0.016016711548873706,0.0023696658345660625,0.02962082293207578,0.07405739940707068,0.07428250741161657,0.15168969425154322,8.2142096711258e-07
232000,30.611111111111114,0.0012829595154884893,0.016036993943606116,0.001282575347823671,0.016032191847795887,0.0023654828612050404,0.029568535765063002,0.07350358685693294,0.08120516428833835,0.15137020158179013,8.229925591912296e-07
232500,30.677083333333332,0.001285724613335615,0.016071557666695185,0.0012852406818914654,0.016065508523643315,0.002364084435058282,0.029551055438228526,0.07338953549776167,0.08263080627797914,0.15171682098765432,8.265438906685084e-07
233000,30.743055555555557,0.0012850583734156033,0.01606322966769504,0.0012844466987827728,0.01605558373478466,0.0023662641219019476,0.029578301523774345,0.07421062797383347,0.07236715032708163,0.15223825713734568,8.256875115427781e-07
233500,30.809027777777775,0.001284495882200555,0.016056198527506938,0.0012840306450472053,0.016050383063090066,0.00236999855959501,0.029624981994937623,0.07436822907353634,0.07039713658079583,0.15202727141203703,8.249648356950911e-07
234000,30.875,0.0012862816924625751,0.016078521155782188,0.0012858529530101242,0.016073161912626553,0.0023751968955064815,0.029689961193831018,0.07432773523510161,0.07090330956122992,0.15212372202932098,8.272602961821934e-07
234500,30.94097222222222,0.001287719552392591,0.016096494404907388,0.0012873208652963877,0.016091510816204847,0.0023742569413886866,0.029678211767358582,0.07396051456047692,0.0754935679940385,0.15173490547839505,8.291108228070874e-07
235000,31.006944444444446,0.0012892840094517288,0.01611605011814661,0.0012888997667566075,0.016111247084457592,0.0023758467116406353,0.029698083895507942,0.0745265977525697,0.06841752809287871,0.1520453559027778,8.311266285139629e-07
235500,31.07291666666667,0.0012889696480791503,0.016112120600989377,0.0012884154131993484,0.016105192664991854,0.002376688817928992,0.0297086102241124,0.07386336720329967,0.0767079099587542,0.15234977816358025,8.307213768346443e-07
236000,31.13888888888889,0.0012894326904301485,0.016117908630376855,0.0012888881924328415,0.01611110240541052,0.0023767747348342576,0.029709684185428218,0.07409397231452074,0.07382534606849078,0.1522412712191358,8.313183315749655e-07
236500,31.204861111111114,0.0012908059278994618,0.016135074098743273,0.0012903963563108986,0.016129954453886233,0.0023797822642820177,0.02974727830352522,0.07470485311035846,0.06618933612051925,0.15203932773919754,8.330899717501954e-07
237000,31.270833333333332,0.0012938587227683963,0.016173234034604952,0.001293332589217017,0.01616665736521271,0.0023778749537609442,0.029723436922011803,0.07408067627935279,0.07399154650809014,0.15229853877314814,8.370351972419329e-07
237500,31.336805555555557,0.0012923286598108985,0.01615410824763623,0.0012918371757148612,0.016147964696435764,0.002384754849235875,0.029809435615448437,0.07402673482905966,0.07466581463675426,0.15153296199845678,8.350566824843164e-07
238000,31.402777777777775,0.0012962773173835077,0.016203466467293846,0.0012958834469376014,0.016198543086720016,0.002388451418854534,0.029855642735681677,0.07433318790234643,0.07083515122066963,0.1517921730324074,8.401674417814916e-07
238500,31.46875,0.0012944426978256558,0.016180533722820696,0.001293934287767865,0.016174178597098313,0.002385751567310586,0.029821894591382323,0.07436718804568915,0.07041014942888568,0.15238594714506173,8.377909489770809e-07
239000,31.53472222222222,0.001295571078223245,0.01619463847779056,0.0012949379790841372,0.016186724738551716,0.0023921183092624853,0.029901478865781067,0.07425674572385693,0.07179067845178833,0.1520875530478395,8.392522093642708e-07
239500,31.600694444444446,0.0012937858685258704,0.016172323356573377,0.0012933690709560981,0.016167113386951225,0.0023919383747690822,0.02989922968461353,0.0738194777986968,0.07725652751629009,0.1520363136574074,8.369409367986204e-07
240000,31.66666666666667,0.0012941072938269383,0.016176341172836728,0.0012935841436714276,0.016169801795892846,0.0023898876550311407,0.02987359568788926,0.07394190630432007,0.07572617119599911,0.1520091869212963,8.373568439680409e-07
240500,31.73263888888889,0.0012970193546965175,0.01621274193370647,0.0012964221269556962,0.0162052765869462,0.002394160379989345,0.02992700474986681,0.07405696499981697,0.0742879375022879,0.15134608892746915,8.411296032286855e-07
241000,31.798611111111114,0.001300488494454031,0.016256106180675387,0.0013001286926223386,0.01625160865777923,0.002394059792713817,0.02992574740892271,0.0738758831869313,0.0765514601633589,0.15201220100308643,8.456351621036559e-07
241500,31.864583333333332,0.0012996628335262086,0.016245785419077608,0.0012991964600230178,0.01623995575028772,0.002394613872680407,0.029932673408505087,0.07362009002665737,0.07974887466678293,0.15237690489969136,8.445617404246867e-07
242000,31.930555555555557,0.001302088473739046,0.016276105921738074,0.0013016132829493754,0.016270166036867192,0.0023991621751713057,0.029989527189641322,0.07427968352341127,0.07150395595735914,0.15179820119598766,8.477171967220389e-07
242500,31.996527777777775,0.0013030422545563004,0.016288028181953754,0.0013025382949430548,0.016281728686788184,0.002403544406978567,0.030044305087232083,0.07425020089267709,0.07187248884153641,0.15185848283179013,8.489595585795833e-07
243000,32.0625,0.0012993835578570792,0.01624229447321349,0.0012989515929367067,0.01623689491170883,0.0024006232305887523,0.030007790382359404,0.07439454176323756,0.0700682279595305,0.15185546875,8.441988152146606e-07
243500,32.12847222222222,0.0013015984221115857,0.01626998027639482,0.001301112028091118,0.016263900351138977,0.0024046309381865073,0.03005788672733134,0.07428385536813692,0.07145180789828853,0.15206344039351852,8.470792262216848e-07
244000,32.19444444444444,0.001304147527280949,0.01630184409101186,0.0013037144219992366,0.016296430274990458,0.0024076913298959318,0.030096141623699148,0.07458164074397,0.06772949070037504,0.15140034239969136,8.504003864565068e-07
244500,32.26041666666667,0.0013067385521617618,0.016334231902022024,0.0013063420365319624,0.016329275456649528,0.0024085925292482613,0.030107406615603266,0.07429590339013634,0.07130120762329584,0.15173490547839505,8.537828218529088e-07
245000,32.326388888888886,0.001305840120337442,0.016323001504218025,0.001305360754325043,0.016317009429063035,0.002405487508119387,0.030068593851492336,0.07415097795107542,0.07311277561155727,0.1518283420138889,8.526092099414525e-07
245500,32.392361111111114,0.0013074399917816267,0.016342999897270335,0.0013070110779830994,0.01633763847478874,0.002409718605127158,0.030121482564089475,0.07409679006671335,0.0737901241660831,0.15185245466820987,8.546996660549702e-07
246000,32.458333333333336,0.001309417165425116,0.01636771456781395,0.0013089361706478983,0.01636170213309873,0.0024118481401051092,0.030148101751313865,0.07401199282115255,0.07485008973559315,0.1523949893904321,8.572866565549729e-07
246500,32.52430555555556,0.0013093575631806828,0.016366969539758535,0.0013087559864181611,0.016359449830227014,0.002414994252842629,0.03018742816053286,0.07400743552237722,0.0749070559702848,0.1518012152777778,8.572086141292278e-07
247000,32.59027777777778,0.0013078510799648486,0.016348138499560606,0.0013073974905586743,0.016342468631983426,0.0024167087622219458,0.030208859527774322,0.07420323062291606,0.07245961721354921,0.15208152488425927,8.552372236826105e-07
247500,32.65625,0.0013108847990822867,0.016386059988528583,0.0013104884669689796,0.016381105837112244,0.002421272628373777,0.030265907854672213,0.0743437852163173,0.0707026847960337,0.1522533275462963,8.592094782325036e-07
248000,32.72222222222222,0.0013090584161330485,0.016363230201663106,0.0013086065419726544,0.01635758177465818,0.0024220900635599685,0.030276125794499606,0.07410746274944166,0.07365671563197929,0.15174696180555555,8.568169684243827e-07
248500,32.78819444444444,0.0013137646119193334,0.016422057648991666,0.0013132963194859675,0.01641620399357459,0.002419609317637071,0.030245116470463386,0.07374608369276761,0.07817395384040493,0.15227442611882716,8.629887277657784e-07
249000,32.85416666666667,0.0013169632744954793,0.01646204093119349,0.0013164308503882353,0.01645538562985294,0.0024232328937344675,0.030290411171680843,0.0738053331682176,0.07743333539728015,0.15121045524691357,8.671961331849275e-07
249500,32.920138888888886,0.0013126841410047373,0.016408551762559218,0.001312240974816307,0.016403012185203836,0.0024227602563315987,0.030284503204144983,0.07366457381389019,0.07919282732637267,0.1527024257330247,8.615698270226727e-07
250000,32.986111111111114,0.0013135049185907836,0.016418811482384794,0.001312996731326675,0.016412459141583437,0.002423574149646329,0.030294676870579115,0.07364694700731589,0.07941316240855145,0.1524582851080247,8.626475855810906e-07
250500,33.052083333333336,0.001315766645141162,0.016447083064264525,0.0013152945233044497,0.01644118154130562,0.002426069176038314,0.030325864700478926,0.07395598029889265,0.07555024626384188,0.15225634162808643,8.656209322330141e-07
251000,33.11805555555556,0.0013159497134333485,0.016449371417916855,0.001315558752935981,0.016444484411699763,0.0024305744827284627,0.030382181034105782,0.07425901075195285,0.07176236560058946,0.15152693383487653,8.658618241426561e-07
251500,33.18402777777778,0.0013160936647920627,0.016451170809900783,0.0013155615605984093,0.016444519507480115,0.002434655994300931,0.030433199928761638,0.07441426613842522,0.06982167326968469,0.15206344039351852,8.660512672529011e-07
252000,33.25,0.0013201846746770892,0.016502308433463616,0.0013197606643969497,0.016497008304961872,0.0024397347633154016,0.03049668454144252,0.07351235008016192,0.08109562399797599,0.15171079282407407,8.714437876261261e-07
252500,33.31597222222222,0.0013159652759434973,0.016449565949293716,0.001315584677862979,0.016444808473287238,0.002436647211166327,0.030458090139579088,0.07402792271729196,0.07465096603385057,0.15198206018518517,8.658823037445226e-07
253000,33.38194444444444,0.0013190568610651362,0.016488210763314203,0.0013184957760313,0.016481197200391248,0.0024402618991613196,0.030503273739516494,0.07341506479606505,0.08231169004918693,0.1523166232638889,8.699555013615048e-07
253500,33.44791666666667,0.0013194768755171971,0.016493460943964963,0.0013189977526584388,0.016487471908230484,0.002436500834600432,0.0304562604325054,0.07407477747497504,0.074065281562812,0.15240101755401234,8.705096125123124e-07
254000,33.513888888888886,0.0013211329522782743,0.016514161903478427,0.0013207443596462668,0.016509304495578334,0.0024419201631803757,0.030524002039754694,0.07309944804557608,0.08625689943029902,0.15170476466049382,8.726961387977545e-07
254500,33.579861111111114,0.0013208233610255314,0.01651029201281914,0.0013204155759606907,0.016505194699508632,0.0024408187209774257,0.03051023401221782,0.07373638675501512,0.07829516556231098,0.15140034239969136,8.722871755153905e-07
255000,33.645833333333336,0.0013200220951940726,0.016500276189925906,0.0013196261566196397,0.016495326957745495,0.0024405817898543523,0.030507272373179403,0.0732899237701006,0.0838759528737425,0.15259391878858025,8.712291659002747e-07
255500,33.71180555555556,0.001321859391326574,0.016523242391582177,0.0013213274015391207,0.01651659251923901,0.002445332805648243,0.03056666007060304,0.07428009957892595,0.07149875526342564,0.15102358217592593,8.736561252191304e-07
256000,33.77777777777778,0.0013237263604688858,0.01654657950586107,0.0013233890017337606,0.016542362521672006,0.0024444123986933817,0.03055515498366727,0.07403051439136589,0.07461857010792639,0.15233470775462962,8.761257387001012e-07
256500,33.84375,0.001322779371651727,0.016534742145646587,0.0013223869124483055,0.01652983640560382,0.002448442137428716,0.030605526717858947,0.07349283490011309,0.08133956374858642,0.15170476466049382,8.748726330336689e-07
257000,33.90972222222222,0.0013261167138587568,0.01657645892323446,0.0013256751286423692,0.016570939108029616,0.0024499265928639036,0.030624082410798795,0.07418251140837324,0.07271860739533442,0.15260898919753085,8.79292769387774e-07
257500,33.97569444444444,0.001324696399697534,0.016558704996219174,0.0013241895583460288,0.01655236947932536,0.0024559183463457005,0.030698979329321256,0.07386843844743171,0.0766445194071036,0.15172887731481483,8.774102756858043e-07
258000,34.04166666666667,0.0013263767944249705,0.01657970993031213,0.0013258736747647753,0.016573420934559692,0.00245688679569909,0.030711084946238625,0.07390561563724778,0.07617980453440276,0.15253062307098766,8.796377003945301e-07
258500,34.107638888888886,0.001328770608379364,0.01660963260474205,0.00132827692359324,0.0166034615449155,0.0024579816138731655,0.03072477017341457,0.07412068167157855,0.0734914791052681,0.15181327160493827,8.828156648464326e-07
259000,34.173611111111114,0.001329686739942144,0.016621084249276802,0.001329265463404333,0.016615818292554162,0.002460136359617353,0.030751704495216914,0.07334492002133294,0.0831884997333382,0.15250651041666666,8.840334131889836e-07
259500,34.239583333333336,0.0013285105950969294,0.01660638243871162,0.0013278193662680318,0.016597742078350398,0.002461855195946883,0.030773189949336036,0.07376367969253649,0.07795400384329398,0.15227141203703703,8.824702006423987e-07
260000,34.30555555555556,0.0013297078599630982,0.016621348249538728,0.0013291772489933532,0.016614715612416914,0.002462595820630941,0.03078244775788676,0.07370860538242228,0.07864243271972149,0.15116825810185186,8.840614964238211e-07
260500,34.37152777777778,0.0013319579584349305,0.016649474480436632,0.0013314521626300447,0.016643152032875558,0.0024634913161726613,0.030793641452158266,0.07365966731973868,0.07925415850326656,0.15197904610339505,8.87056001519074e-07
261000,34.4375,0.001330786321117286,0.016634829013966075,0.0013303156938522529,0.01662894617315316,0.002465544173555046,0.03081930216943807,0.07409445078066812,0.07381936524164856,0.1522412712191358,8.854961162364402e-07
261500,34.50347222222222,0.0013311255457168492,0.016639069321460614,0.0013304895699789928,0.01663111962473741,0.002467241345205593,0.030840516815069913,0.07391235901176871,0.07609551235289114,0.15219907407407407,8.859476092299896e-07
262000,34.56944444444444,0.0013364159251285765,0.016705199064107206,0.0013358055943610548,0.016697569929513184,0.0024730664354617087,0.030913330443271356,0.07407329797772025,0.07408377527849697,0.1510718074845679,8.930037624686344e-07
262500,34.63541666666667,0.001334045786965508,0.016675572337068848,0.0013336529602199073,0.016670662002748842,0.0024713245790094224,0.03089155723761778,0.07397188145177284,0.07535148185283946,0.15231059510030864,8.898390808602109e-07
263000,34.701388888888886,0.0013363086115263524,0.016703857644079403,0.0013359497596667597,0.016699371995834496,0.00247275776628404,0.0309094720785505,0.07369038395368975,0.07887020057887817,0.15198206018518517,8.92860352619744e-07
263500,34.767361111111114,0.0013373783763832496,0.01671722970479062,0.0013368287487614903,0.016710359359518628,0.0024781360836759214,0.030976701045949018,0.07335281649810244,0.08308979377371961,0.15148473668981483,8.942904608087485e-07
264000,34.833333333333336,0.0013349477340050544,0.01668684667506318,0.0013344715042221472,0.01668089380277684,0.0024793736817527658,0.03099217102190957,0.07393379688736194,0.07582753890797567,0.15163544077932098,8.910427262626148e-07
264500,34.89930555555556,0.0013348002224947608,0.01668500278118451,0.0013342559925425075,0.016678199906781342,0.0024808108721578077,0.031010135901972595,0.07401526653978562,0.0748091682526798,0.15218701774691357,8.908458169860313e-07
265000,34.96527777777778,0.0013357868810148885,0.016697336012686106,0.0013353128136382466,0.016691410170478083,0.002482101380951134,0.031026267261889173,0.07390899220644148,0.07613759741948145,0.1524733555169753,8.921632957457418e-07
265500,35.03125,0.0013366421057615751,0.01670802632201969,0.0013360163804919942,0.016700204756149927,0.0024852184504671818,0.031065230630839772,0.07414815682534026,0.07314803968324679,0.15184039834104937,8.93306059447369e-07
266000,35.09722222222222,0.0013401655330038237,0.016752069162547796,0.0013397247987072933,0.016746559983841166,0.0024885050912068335,0.03110631364008542,0.07394731199659418,0.07565860004257274,0.1520453559027778,8.980218279257115e-07
266500,35.16319444444444,0.0013406868272385108,0.016758585340481386,0.0013401952856361835,0.016752441070452293,0.002486884453073313,0.031086055663416413,0.07404414490472706,0.07444818869091174,0.15184944058641975,8.987205843654323e-07
267000,35.22916666666667,0.0013429726781811928,0.01678715847726491,0.001342423786834444,0.01678029733543055,0.002491930322293871,0.031149129028673388,0.07270187514818639,0.0912265606476701,0.15165955343364199,9.017878071705829e-07
267500,35.29513888888889,0.0013433603477897853,0.016792004347372314,0.0013427838004563069,0.016784797505703837,0.0024920922792419525,0.031151153490524407,0.07347631360956203,0.08154607988047469,0.15175901813271606,9.023085120069465e-07
268000,35.361111111111114,0.0013434170010047386,0.016792712512559232,0.0013429169911531554,0.016786462389414444,0.0024972286328011012,0.031215357910013765,0.07306388710034849,0.0867014112456439,0.1522533275462963,9.023846192942829e-07
268500,35.427083333333336,0.0013432445418699677,0.016790556773374595,0.0013427991269393245,0.016784989086741555,0.0024936518175591167,0.031170647719488957,0.07352553039001912,0.08093087012476097,0.1512918354552469,9.021529496317298e-07
269000,35.49305555555556,0.0013422410713030558,0.016778013391288198,0.00134164857811875,0.016770607226484373,0.0024972668808028614,0.031215836010035768,0.07381350878487394,0.07733114018907572,0.15114113136574073,9.008055467463876e-07
269500,35.55902777777778,0.0013437527636618399,0.016796909545773,0.0013430897252026948,0.016788621565033683,0.0025023600203844744,0.03127950025480593,0.07361645746325607,0.07979428170929914,0.15149377893518517,9.028357449244162e-07
270000,35.625,0.0013452844728979352,0.01681605591122419,0.001344719453055381,0.016808993163192263,0.0025045454966844288,0.03130681870855536,0.0732923564810023,0.08384554398747135,0.15244020061728394,9.048951565101378e-07
270500,35.69097222222222,0.001348183733618365,0.016852296670229562,0.0013476133647713567,0.01684516705964196,0.0025058332784822688,0.031322915981028356,0.07361840458938064,0.07976994263274206,0.15199411651234568,9.087996897965772e-07
271000,35.75694444444444,0.0013448335642107661,0.016810419552634577,0.0013444087011556527,0.01680510876444566,0.002507487550089639,0.031343594376120484,0.0738640284288821,0.07669964463897383,0.15205138406635801,9.042886577139163e-07
271500,35.82291666666667,0.0013480501639661778,0.01685062704957722,0.0013475813097118424,0.016844766371398028,0.0025069567845391848,0.03133695980673981,0.0741324012012351,0.07334498498456132,0.15195493344907407,9.086196222846196e-07
272000,35.88888888888889,0.0013475958447225324,0.016844948059031657,0.001347150165877612,0.01683937707347015,0.0025063867626149085,0.031329834532686354,0.07395637206184419,0.07554534922694767,0.15132499035493827,9.080072803567179e-07
272500,35.954861111111114,0.0013477564300683213,0.016846955375854015,0.0013471408645127734,0.016839260806409666,0.002512489899506538,0.031406123743831726,0.07392154641901441,0.07598066976231987,0.15201822916666666,9.082236973952528e-07
273000,36.020833333333336,0.0013499678406543722,0.016874598008179652,0.0013494139564945822,0.016867674456182275,0.002509856336456647,0.031373204205708084,0.07398784719591742,0.07515191005103228,0.15237690489969136,9.11206585400514e-07
273500,36.08680555555556,0.0013521331787471323,0.016901664734339152,0.0013515545600550408,0.01689443200068801,0.0025137236266531185,0.03142154533316398,0.07358660974898024,0.0801673781377471,0.1515088493441358,9.141320665344121e-07
274000,36.15277777777778,0.0013534697220215029,0.016918371525268785,0.0013529229387595288,0.01691153673449411,0.0025157410736289794,0.03144676342036224,0.0741955934366196,0.07255508204225491,0.1514817226080247,9.159401442144822e-07
274500,36.21875,0.0013511937698954242,0.0168899221236928,0.0013506855846744082,0.0168835698084301,0.0025180334384395943,0.03147541798049493,0.07382930697239934,0.07713366284500833,0.15151487750771606,9.128623019021042e-07
275000,36.28472222222222,0.001350337648889449,0.01687922061111811,0.001349943754228794,0.016874296927859925,0.0025222556046838743,0.031528195058548425,0.07342341575014072,0.08220730312324098,0.1516655815972222,9.117058830041424e-07
275500,36.35069444444444,0.001353944580277244,0.01692430725346555,0.0013534105052918407,0.01691763131614801,0.0025269377439060743,0.03158672179882593,0.07348479939776621,0.08144000752792235,0.1517921730324074,9.165829632310611e-07
276000,36.41666666666667,0.0013586000808936576,0.01698250101117072,0.0013580330590931547,0.016975413238664434,0.0025272255534917946,0.031590319418647435,0.07402976136521798,0.07462798293477524,0.1518825954861111,9.228970899021266e-07
276500,36.48263888888889,0.0013567380904817834,0.01695922613102229,0.0013560999091595644,0.016951248864494554,0.002529205294283997,0.031615066178549964,0.07383881868105305,0.07701476648683692,0.15159022955246915,9.20369123082078e-07
277000,36.548611111111114,0.0013558863170136798,0.016948578962670997,0.0013552885762494378,0.01694110720311797,0.0025318737142193334,0.031648421427741665,0.07377131066904338,0.0778586166369577,0.15165653935185186,9.192138523324604e-07
277500,36.614583333333336,0.0013589212346655998,0.01698651543332,0.0013583711604608626,0.01697963950576078,0.0025353885121498004,0.031692356401872505,0.07381352623650583,0.07733092204367709,0.15192780671296297,9.233334610125392e-07
278000,36.68055555555556,0.0013574971752915088,0.01696871469114386,0.0013567418611845187,0.016959273264806483,0.0025359491699316105,0.03169936462414513,0.07348622459607641,0.08142219254904481,0.15116825810185186,9.213992904622126e-07
278500,36.74652777777778,0.001357416077527628,0.016967700969095348,0.0013568060301480276,0.016960075376850344,0.002539821826496306,0.03174777283120383,0.07378151764246078,0.07773102946924026,0.1515209056712963,9.212892037652456e-07
279000,36.8125,0.0013588308170432732,0.016985385213040913,0.0013583296176014723,0.016979120220018403,0.0025396069651637643,0.03174508706454705,0.07377189468006372,0.07785131649920352,0.1512526523919753,9.232105946732448e-07
279500,36.87847222222222,0.0013580294417314689,0.016975368021643362,0.0013574164511617236,0.016967705639521546,0.002544279036571115,0.031803487957138936,0.07400241816969498,0.07496977287881279,0.15127073688271606,9.221219823047425e-07
280000,36.94444444444444,0.0013598900713657546,0.01699862589207193,0.001359324462682696,0.0169915557835337,0.0025439281074437175,0.03179910134304647,0.07413331906154699,0.0733335117306626,0.15104468074845678,9.246505030995784e-07
280500,37.01041666666667,0.0013594028634640572,0.016992535793300716,0.0013587873379521196,0.016984841724401494,0.0025478542561926543,0.03184817820240818,0.07422163624757143,0.0722295469053571,0.15118332851080246,9.23988072597139e-07
281000,37.07638888888889,0.001360513711347582,0.017006421391844776,0.0013598956464919922,0.0169986955811499,0.0025530651252115596,0.03191331406514449,0.0734524788671412,0.08184401416073506,0.1510687934027778,9.254987793823859e-07
281500,37.142361111111114,0.0013631178988462067,0.017038973735577584,0.0013625360993227737,0.01703170124153467,0.002554510240590866,0.031931378007385824,0.07335725778662576,0.08303427766717797,0.1509813850308642,9.290452030774487e-07
282000,37.208333333333336,0.001365197589092825,0.017064969863660313,0.001364548633111657,0.01705685791389571,0.0025620488512093542,0.03202561064011693,0.07357906006008062,0.08026174924899221,0.15195191936728394,9.318822286324308e-07
282500,37.27430555555556,0.001367963187037622,0.017099539837970273,0.0013674822751915637,0.017093528439894545,0.0025597989436731408,0.03199748679591426,0.07394644751523095,0.07566940605961314,0.15236183449074073,9.356616405450641e-07
283000,37.34027777777778,0.0013679357224917474,0.017099196531146842,0.0013674142904320462,0.017092678630400576,0.002563372948528843,0.03204216185661054,0.07384309932435183,0.07696125844560209,0.1514063705632716,9.356240704345096e-07
283500,37.40625,0.0013683494971304683,0.017104368714130853,0.0013677187643288673,0.017096484554110843,0.0025677637394606826,0.032097046743258535,0.07361886221467497,0.079764222316563,0.151611328125,9.361901731486027e-07
284000,37.47222222222222,0.001365631859425302,0.017070398242816275,0.0013649393110931921,0.0170617413886649,0.002568343281385661,0.03210429101732076,0.07331736382708752,0.083532952161406,0.15173490547839505,9.324751877387038e-07
284500,37.53819444444444,0.001368083767992786,0.017101047099909825,0.0013673865712317988,0.017092332140397484,0.0025696380896935676,0.0321204761211696,0.0737886624907187,0.07764171886601623,0.1516505111882716,9.358265981226698e-07
285000,37.60416666666667,0.001369130581102381,0.017114132263779763,0.001368561363258471,0.017107017040730886,0.002572428030420284,0.03215535038025355,0.0735760233799087,0.08029970775114115,0.15185546875,9.372592740548717e-07
285500,37.67013888888889,0.0013686216257049627,0.017107770321312034,0.0013680923293940216,0.01710115411742527,0.0025771116393947914,0.03221389549243489,0.07333489652760253,0.08331379340496847,0.15124963831018517,9.365625771736475e-07
286000,37.736111111111114,0.0013722640305840216,0.01715330038230027,0.0013718223865270523,0.017147779831588154,0.002576283304144432,0.032203541301805395,0.0741527965354306,0.07309004330711755,0.1510085117669753,9.415542848173523e-07
286500,37.802083333333336,0.0013692879513748585,0.01711609939218573,0.0013686056456507815,0.017107570570634768,0.002581281589693482,0.032266019871168526,0.07339861824913817,0.08251727188577296,0.15144856770833334,9.374747468901784e-07
287000,37.86805555555556,0.0013717283261092468,0.017146604076365583,0.0013712132726817904,0.017140165908522378,0.0025844051923322757,0.03230506490415345,0.07392851063810015,0.0758936170237482,0.1508668499228395,9.408193003252382e-07
287500,37.93402777777778,0.0013713613056254305,0.017142016320317883,0.0013707789835605561,0.01713473729450695,0.002587632742107456,0.0323454092763432,0.07392954459613771,0.07588069254827867,0.1513008777006173,9.403159152833427e-07
288000,38.0,0.0013727937320038238,0.0171599216500478,0.0013721986879149362,0.017152483598936702,0.0025903114491480322,0.0323788931143504,0.07370249250001468,0.07871884374981652,0.15139732831790123,9.422813153144933e-07
288500,38.06597222222222,0.0013715694007340304,0.01714461750917538,0.001371070122758624,0.017138376534482802,0.0025876119723423833,0.032345149654279794,0.07408528265301718,0.07393396683728526,0.1519097222222222,9.406013105149536e-07
289000,38.13194444444444,0.0013741784078085415,0.017177230097606768,0.0013735748480467197,0.017169685600583996,0.0025959150479504846,0.032448938099381056,0.07352992763196928,0.08087590460038407,0.15156611689814814,9.441831482436091e-07
289500,38.19791666666667,0.0013736340553025092,0.017170425691281365,0.001372977354340476,0.01716221692925595,0.002595936665025053,0.03244920831281316,0.07410043999269778,0.07374450009127786,0.15114113136574073,9.434352589434085e-07
290000,38.26388888888889,0.0013744082339700123,0.017180102924625153,0.001373831350900679,0.017172891886258486,0.0026009725203379372,0.03251215650422421,0.0736436488060425,0.07945438992446874,0.1515088493441358,9.44498996802284e-07
290500,38.329861111111114,0.0013728801836971104,0.01716100229621388,0.0013721227834996845,0.017151534793746058,0.002607024103836787,0.03258780129795984,0.07271042704301074,0.09111966196236576,0.1507101176697531,9.423999993941058e-07
291000,38.395833333333336,0.0013770479645068001,0.017213099556335,0.0013763229214182248,0.01720403651772781,0.0026040432210705892,0.03255054026338237,0.07301932789950509,0.08725840125618634,0.15118332851080246,9.481305482761606e-07
291500,38.46180555555556,0.0013788719353885317,0.017235899192356647,0.001378180360383888,0.0172272545047986,0.002608129743877287,0.03260162179846608,0.07417165559075033,0.07285430511562097,0.15178313078703703,9.506439071010575e-07
292000,38.52777777777778,0.0013799267867782416,0.01724908483472802,0.001379313796700974,0.017241422458762173,0.0026111921154983926,0.032639901443729906,0.07355886208173598,0.08051422397830021,0.15127073688271606,9.520989684340614e-07
292500,38.59375,0.001378260833063904,0.0172282604132988,0.0013775202222648236,0.017219002778310295,0.0026138966074409436,0.032673707593011796,0.07312908541802618,0.08588643227467274,0.15145158179012347,9.498014619790032e-07
293000,38.65972222222222,0.001380328072547595,0.017254100906844937,0.0013797836239018747,0.017247295298773432,0.0026153441244958844,0.03269180155619855,0.0738079485279565,0.07740064340054387,0.15120744116512347,9.526527939314792e-07
293500,38.72569444444444,0.001380101880269518,0.017251273503368976,0.0013795291286758285,0.017244114108447856,0.0026209961764898024,0.032762452206122526,0.0739881540182129,0.07514807477233876,0.15147870852623457,9.523405999617295e-07
294000,38.79166666666667,0.0013791830770353314,0.017239788462941642,0.001378568612342449,0.017232107654280612,0.0026234797092278507,0.03279349636534813,0.07344471161128766,0.08194110485890438,0.15160228587962962,9.510729799903226e-07
294500,38.85763888888889,0.0013788563164056423,0.017235703955070528,0.0013781720418755384,0.01722715052344423,0.0026284179219136987,0.032855224023921235,0.0736157222123487,0.07980347234564122,0.1514214409722222,9.506223706458682e-07
295000,38.923611111111114,0.0013799345337746271,0.01724918167218284,0.0013793163502509261,0.017241454378136577,0.00263215533258231,0.032901941657278874,0.07366529437645726,0.07918382029428428,0.15111701871141975,9.521096587518988e-07
295500,38.989583333333336,0.001383528112533444,0.01729410140666805,0.0013828744359004911,0.017285930448756138,0.0026365303602431164,0.03295662950303895,0.0740610810464993,0.07423648691875873,0.15093918788580246,9.57075019085177e-07
296000,39.05555555555556,0.0013850452026751918,0.0173130650334399,0.0013843912494418205,0.017304890618022754,0.0026368697423650796,0.03296087177956349,0.07425741332546737,0.07178233343165785,0.15079451195987653,9.591751067267818e-07
296500,39.12152777777778,0.0013836433313035715,0.017295541641294643,0.0013828705593100514,0.01728588199137564,0.002642944010616766,0.03303680013270958,0.0738379833931455,0.07702520758568132,0.1508517795138889,9.572344341304224e-07
297000,39.1875,0.0013847314635694159,0.017309143294617697,0.0013839567705689363,0.017299459632111703,0.002641670970921413,0.033020887136517664,0.07364489245221931,0.07943884434725867,0.15134307484567902,9.587406130995483e-07
297500,39.25347222222222,0.0013868574929700958,0.017335718662126198,0.0013862445214766314,0.017328056518457893,0.0026468603722717868,0.03308575465339733,0.07369156021247877,0.07885549734401531,0.15047803337191357,9.616868529036495e-07
298000,39.31944444444444,0.0013871518107797288,0.01733939763474661,0.0013863328258834353,0.017329160323542942,0.0026446157842385733,0.033057697302982164,0.07290063759836755,0.0887420300204056,0.15124963831018517,9.620950730747404e-07
298500,39.38541666666667,0.0013882117747712733,0.017352647184640916,0.0013877334760143314,0.017346668450179143,0.002650359938612848,0.0331294992326606,0.07400557042432492,0.07493036969593858,0.15201822916666666,9.63565965806804e-07
299000,39.45138888888889,0.0013874677069365497,0.01734334633670687,0.0013867244309086685,0.017334055386358356,0.0026574542543411892,0.03321817817926487,0.07365007361754872,0.07937407978064104,0.15120442708333334,9.625333188958837e-07
299500,39.517361111111114,0.0013891043681515394,0.017363804601894243,0.0013885819246546463,0.01735727405818308,0.0026555740733310348,0.03319467591663793,0.07339700002996288,0.08253749962546397,0.1504539207175926,9.648054728088438e-07
300000,39.583333333333336,0.0013893217629106168,0.01736652203638271,0.0013886680925329867,0.017358351156662333,0.002659930830596116,0.03324913538245145,0.07398598022885962,0.07517524713925483,0.15061668113425927,9.65107480448532e-07
300500,39.64930555555556,0.0013881083967711635,0.017351354959639544,0.0013874721445273645,0.017343401806592055,0.0026616690746657785,0.03327086343332223,0.07333399353696235,0.08332508078797063,0.15088493441358025,9.63422460593305e-07
301000,39.71527777777778,0.0013926697945233985,0.01740837243154248,0.001391875525214233,0.017398444065177914,0.002664922585451884,0.033311532318148554,0.07425738359775842,0.07178270502801976,0.15114113136574073,9.697645782889226e-07
301500,39.78125,0.0013891929507666126,0.017364911884582657,0.001388495731049727,0.017356196638121588,0.0026688696139430318,0.0333608701742879,0.07320500860730432,0.08493739240869602,0.15100248360339505,9.64928527229824e-07
302000,39.84722222222222,0.0013955362326956641,0.0174442029086958,0.0013949630082771137,0.01743703760346392,0.0026751641019750424,0.03343955127468803,0.07380199969562348,0.07747500380470651,0.15127375096450618,9.737606883832034e-07
302500,39.91319444444444,0.0013944491531189332,0.017430614413986665,0.0013938150608812153,0.01742268826101519,0.002676823904904281,0.03346029881130351,0.07420285987178114,0.07246425160273573,0.15127073688271606,9.722442203170551e-07
303000,39.97916666666667,0.0013947032664370135,0.01743379083046267,0.0013941905611392176,0.01742738201424022,0.002678492766638109,0.033481159582976365,0.07377189951701713,0.07785125603728593,0.15095124421296297,9.725986007050376e-07
303500,40.04513888888889,0.0013993898278043069,0.017492372847553835,0.0013986527472621738,0.017483159340777172,0.0026856948322761683,0.0335711854034521,0.07339046942334795,0.08261913220815065,0.15088192033179013,9.791459450810837e-07
304000,40.111111111111114,0.001399113778037993,0.017488922225474914,0.0013986022538136366,0.01748252817267046,0.002689618907622501,0.03362023634528126,0.0738720902239826,0.07659887220021755,0.15048406153549382,9.78759681947873e-07
304500,40.177083333333336,0.0013984879827193492,0.017481099783991864,0.0013978521297759972,0.017473151622199964,0.002689865492243339,0.03362331865304174,0.07395183197553966,0.07560210030575432,0.15083068094135801,9.778843189052172e-07
305000,40.24305555555556,0.0013960081614413308,0.017450102018016635,0.0013952796520815371,0.017440995651019215,0.0026970296335722035,0.03371287041965254,0.07403523335824207,0.07455958302197419,0.15056242766203703,9.744193934054023e-07
305500,40.30902777777778,0.001399463575955637,0.017493294699445463,0.0013987865914774032,0.01748483239346754,0.002700551858329534,0.033756898229119175,0.07330600956423101,0.08367488044711235,0.15102659625771606,9.792491502132696e-07
306000,40.375,0.001400142765473923,0.017501784568424036,0.0013994511832273468,0.017493139790341835,0.0027021069534380105,0.03377633691797513,0.07360200731338405,0.0799749085826994,0.15074025848765432,9.801998818544824e-07
306500,40.44097222222222,0.0014017106855477698,0.017521383569347123,0.0014011017926968852,0.017513772408711065,0.002708576821797981,0.033857210272474764,0.0728533068461129,0.08933366442358881,0.15099645543981483,9.823964229893995e-07
307000,40.50694444444444,0.0014040484609393474,0.017550605761741844,0.0014034540726368067,0.017543175907960083,0.002708924860505786,0.03386156075632232,0.07350356577145971,0.08120542785675366,0.1511863425925926,9.85676040333075e-07
307500,40.57291666666667,0.0014030041031556054,0.017537551289445067,0.0014022470220669556,0.017528087775836945,0.0027139370323016414,0.03392421290377052,0.0733193177149109,0.08350852856361368,0.15049913194444445,9.842102567357322e-07
308000,40.63888888888889,0.0014035141531713576,0.017543926914641968,0.0014030508263827286,0.017538135329784106,0.0027222369773243858,0.034027962216554825,0.07345722028635494,0.08178474642056321,0.1514817226080247,9.849259890761565e-07
308500,40.704861111111114,0.0014035289751750102,0.017544112189687627,0.001402846484444039,0.01753558105555049,0.00272259493282106,0.03403243666026325,0.0738592720207235,0.0767590997409563,0.15085780767746915,9.849467920779073e-07
309000,40.770833333333336,0.001404511838217649,0.01755639797772061,0.0014037701608163762,0.0175471270102047,0.0027250829953690517,0.03406353744211314,0.07269737639620902,0.09128279504738734,0.15060161072530864,9.863267518467597e-07
309500,40.83680555555556,0.0014067264509085471,0.017584080636356837,0.0014062512963304173,0.017578141204130215,0.002727786166187185,0.03409732707733981,0.07387448334232706,0.07656895822091181,0.1503243152006173,9.894396538428786e-07
310000,40.90277777777778,0.00140819632046851,0.017602454005856374,0.0014074738495936279,0.01759342311992035,0.0027315621781259,0.034144527226573754,0.07335775131648728,0.08302810854390907,0.1505835262345679,9.915084384905253e-07
310500,40.96875,0.001407836316476039,0.017597953955950485,0.001407094054401541,0.01758867568001926,0.002740077549753168,0.034250969371914596,0.07219434640930475,0.09757066988369067,0.15002592110339505,9.91001546994411e-07
311000,41.03472222222222,0.0014104114463876188,0.017630143079845235,0.0014097404215542375,0.01762175526942797,0.0027470290557828248,0.03433786319728531,0.07294169589851039,0.0882288012686201,0.15076135706018517,9.946302240506076e-07
311500,41.10069444444444,0.0014071880560987033,0.01758985070123379,0.00140622661824321,0.017577832728040126,0.002749890953548752,0.0343736369193594,0.07325559965418274,0.08430500432271582,0.15038158275462962,9.900891126134238e-07
312000,41.16666666666667,0.001411681372727586,0.017646017159094824,0.0014110465388229325,0.017638081735286654,0.002754373555759722,0.034429669446996526,0.07351153651807339,0.08110579352408265,0.15049611786265432,9.964221490530205e-07
312500,41.23263888888889,0.0014096259101873065,0.017620323877341332,0.0014088306498636141,0.017610383123295176,0.0027573537817798905,0.03446692227224863,0.0735732500632054,0.08033437420993239,0.15061065297067902,9.935226033356961e-07
313000,41.298611111111114,0.001411191778793131,0.017639897234914135,0.0014104454529540388,0.017630568161925486,0.0027606983763260266,0.034508729704075335,0.0743399734463792,0.07075033192026003,0.15096028645833334,9.957311182666604e-07
313500,41.364583333333336,0.0014110320494576194,0.017637900618220244,0.001410390992934243,0.017629887411678036,0.0027635887286545217,0.03454485910818152,0.07328910827338952,0.08388614658263094,0.15022786458333334,9.955057222982848e-07
314000,41.43055555555556,0.0014177752462491858,0.017722190578114822,0.0014168219159106433,0.01771027394888304,0.0027731393473993337,0.03466424184249167,0.0738734670897529,0.07658166137808875,0.15015552662037038,1.0050433244384697e-06
314500,41.49652777777778,0.001413685040997387,0.017671063012467337,0.0014128148618397503,0.017660185772996877,0.0027744889296301145,0.03468111162037643,0.07344564036703989,0.08192949541200134,0.15035445601851852,9.992526975698918e-07
315000,41.5625,0.0014174010282962403,0.017717512853703005,0.0014165538121741386,0.017706922652176733,0.002776415988650072,0.034705199858125896,0.07308776975925843,0.0864028780092696,0.15036048418209877,1.0045128375076198e-06
315500,41.62847222222222,0.001418028799944683,0.017725359999308538,0.0014171813476770438,0.017714766845963046,0.002780978449552915,0.03476223061941144,0.07397544991078911,0.0753068761151362,0.150390625,1.0054028387362788e-06
316000,41.69444444444444,0.0014182557475930187,0.017728196844912735,0.001417466477425317,0.017718330967816463,0.0027893603736106214,0.03486700467013277,0.07336932082544864,0.08288348968189196,0.15060161072530864,1.0057246827903162e-06
316500,41.76041666666667,0.0014206008719678995,0.017757510899598743,0.0014197786529554458,0.01774723316194307,0.0027914698440956714,0.03489337305119589,0.0733818631460828,0.08272671067396498,0.15023992091049382,1.0090534187179782e-06
317000,41.82638888888889,0.0014153500371622912,0.01769187546452864,0.0014144974933116132,0.017681218666395163,0.0027977759527176163,0.0349721994089702,0.07386565122653231,0.07667935966834616,0.1507010754243827,1.0016078638476495e-06
317500,41.892361111111114,0.001419350583982697,0.017741882299783712,0.0014185009576455712,0.01773126197056964,0.002798820395062236,0.03498525493827795,0.07415651140100668,0.07304360748741656,0.15091507523148148,1.0072780401260114e-06
318000,41.958333333333336,0.0014218512737108385,0.01777314092138548,0.0014210789037667195,0.017763486297083995,0.0028061140171068357,0.035076425213835444,0.07354599546030716,0.0806750567461606,0.14993248456790123,1.010830522276567e-06
318500,42.02430555555556,0.0014212814340284464,0.01776601792535558,0.0014203266476339857,0.01775408309542482,0.0028176655578654787,0.03522081947331848,0.07400808160625662,0.07489897992179229,0.1503152729552469,1.0100204573569785e-06
319000,42.09027777777778,0.0014211705149805391,0.017764631437256737,0.0014205111773452459,0.017756389716815573,0.00282253934052657,0.03528174175658212,0.07309937342566951,0.08625783217913119,0.15017662519290123,1.0098628163250255e-06
319500,42.15625,0.0014206610697937382,0.01775826337242173,0.001419820696857816,0.017747758710722702,0.002822578556322427,0.03528223195403034,0.07366678491392573,0.07916518857592847,0.1503273292824074,1.0091389376137443e-06
320000,42.22222222222222,0.0014250270510698959,0.0178128381383737,0.00142418090299606,0.01780226128745075,0.0028268818963354753,0.03533602370419344,0.07375549167802972,0.07805635402462852,0.1498752170138889,1.0153510481404818e-06
320500,42.28819444444444,0.0014240602923164844,0.017800753653956055,0.0014231757421324424,0.01778969677665553,0.0028309256663143654,0.03538657082892957,0.07369117035025172,0.07886037062185358,0.14945625964506173,1.0139738580762554e-06
321000,42.35416666666667,0.0014284716471375445,0.017855895589219305,0.001427384539070377,0.01784230673837971,0.0028387408831040055,0.03548426103880007,0.0735172180060951,0.08103477492381117,0.14991741415895063,1.0202656233379246e-06
321500,42.42013888888889,0.0014277144063117003,0.017846430078896254,0.0014267679520763288,0.01783459940095411,0.0028463969417870626,0.035579961772338284,0.07381157431454577,0.07735532106817788,0.1509452160493827,1.0191842129949855e-06
322000,42.486111111111114,0.0014277100058385358,0.017846375072981698,0.0014268942138771538,0.01783617767346442,0.0028511387814295123,0.0356392347678689,0.07298268133950533,0.08771648325618331,0.14988727334104937,1.019177930385736e-06
322500,42.552083333333336,0.001427215181398645,0.017840189767483063,0.0014261762864015268,0.017827203580019085,0.002853026274053992,0.0356628284256749,0.07375250187110637,0.07809372661117042,0.15074025848765432,1.0184715870073834e-06
323000,42.61805555555556,0.001428283744311566,0.017853546803894574,0.001427376613857399,0.017842207673217488,0.002858301726214597,0.03572877157768246,0.07285581093735609,0.08930236328304886,0.15034239969135801,1.0199972271323334e-06
323500,42.68402777777778,0.0014301333025499455,0.01787666628187432,0.0014293287714261691,0.017866609642827113,0.002866808294205088,0.0358351036775636,0.07387345172986931,0.07658185337663359,0.1504448784722222,1.0226406315312068e-06
324000,42.75,0.001432195172803878,0.017902439660048473,0.0014312023162045527,0.017890028952556907,0.0028715232055415672,0.03589404006926959,0.07333002492876363,0.0833746883904547,0.1507101176697531,1.025591506501365e-06
324500,42.81597222222222,0.0014310206500570606,0.017887758125713256,0.0014302398985725827,0.017877998732157282,0.0028793354020419082,0.03599169252552385,0.0731992354369394,0.08500955703825752,0.15021580825617284,1.023910050444866e-06
325000,42.88194444444444,0.0014318584986222449,0.01789823123277806,0.0014307643640460788,0.017884554550575985,0.0028831728687644734,0.036039660859555914,0.07420416579879095,0.07244792751511309,0.15052625868055555,1.0251093800383745e-06
325500,42.94791666666667,0.0014328974117001725,0.017911217646252156,0.0014317006307638636,0.017896257884548294,0.002890289353210444,0.03612861691513055,0.07366045324069716,0.07924433449128554,0.15029417438271606,1.0265974962285268e-06
326000,43.01388888888889,0.001429945524042845,0.017874319050535565,0.0014289863598050713,0.01786232949756339,0.0028946822453537924,0.036183528066922405,0.07369497225295707,0.07881284683803669,0.14908552758487653,1.0223721008650836e-06
326500,43.079861111111114,0.0014353792087114057,0.01794224010889257,0.0014342843706574228,0.017928554633217783,0.0029019016721219455,0.03627377090152432,0.07396090419543741,0.07548869755703236,0.15022485050154322,1.0301567364004904e-06
327000,43.145833333333336,0.0014349987514284122,0.01793748439285515,0.0014340820649660095,0.017926025812075117,0.002909044615098656,0.0363630576887332,0.07287726787444797,0.08903415156940042,0.15027006172839505,1.029610708300551e-06
327500,43.21180555555556,0.001431938249417598,0.017899228117719972,0.0014309036775968951,0.017886295969961188,0.002912074538479709,0.03640093173099636,0.07350331055951298,0.08120861800608781,0.14964916087962962,1.0252235750725674e-06
328000,43.27777777777778,0.0014365788890352478,0.017957236112940596,0.0014357544741958172,0.017946930927447716,0.0029211730603899565,0.03651466325487446,0.07314398937234252,0.08570013284571842,0.14982096354166666,1.0318794522108733e-06
328500,43.34375,0.0014340242060283865,0.01792530257535483,0.0014328121722476956,0.017910152153096194,0.0029258497157856737,0.03657312144732092,0.0733226523124699,0.08346684609412625,0.14987823109567902,1.0282127117376723e-06
329000,43.40972222222222,0.0014351754653369874,0.017939693316712343,0.0014340578845637962,0.01792572355704745,0.0029299665727345442,0.0366245821591818,0.07357063339497677,0.08036708256279035,0.1497094425154321,1.0298643081526192e-06
329500,43.47569444444444,0.0014381573000220168,0.01797696625027521,0.0014369086880203692,0.017961358600254614,0.002933198697431695,0.036664983717896185,0.07381427866458436,0.0773215166926956,0.1504418643904321,1.0341482098033085e-06
330000,43.54166666666667,0.0014379993816684214,0.017974992270855267,0.0014368474247268483,0.017960592809085605,0.0029410478957558025,0.03676309869694753,0.0723425999139089,0.09571750107613874,0.14953462577160495,1.0339211108393812e-06
330500,43.60763888888889,0.0014410733419381642,0.01801341677422705,0.0014401369012604,0.018001711265754998,0.002944899518249104,0.0368112439781138,0.07373266671609831,0.07834166604877113,0.15006510416666666,1.0383461884224146e-06
331000,43.673611111111114,0.0014377846530447237,0.017972308163059045,0.0014365981974750217,0.01795747746843777,0.0029529564235602447,0.03691195529450306,0.073720742675869,0.07849071655163742,0.1500168788580247,1.0336123542654682e-06
331500,43.739583333333336,0.0014393474625365081,0.01799184328170635,0.0014380391694543953,0.017975489618179942,0.0029589430386770775,0.03698678798346347,0.07373287176096045,0.0783391029879944,0.14919403452932098,1.0358605589551423e-06
332000,43.80555555555556,0.0014402348171104445,0.018002935213880557,0.0014388793745818528,0.01798599218227316,0.00296590855485761,0.03707385693572013,0.07369281500079065,0.07883981249011685,0.14930856963734568,1.0371381642085778e-06
332500,43.87152777777778,0.0014386662853994392,0.01798332856749299,0.0014374951712033707,0.017968689640042133,0.0029759760922012475,0.03719970115251559,0.07355250805875017,0.08059364926562285,0.14950147087191357,1.0348803403725103e-06
333000,43.9375,0.0014431572049263736,0.01803946506157967,0.001442031024752008,0.0180253878094001,0.002979460106001802,0.03724325132502253,0.07375980944112853,0.07800238198589338,0.14960093557098766,1.0413513590654517e-06
333500,44.00347222222222,0.0014417487196152995,0.018021858995191244,0.00144061409580678,0.01800767619758475,0.0029888270019448873,0.03736033752431109,0.07317881736705231,0.08526478291184614,0.14978479456018517,1.0393196852561778e-06
334000,44.06944444444444,0.001441358001700931,0.01801697502126164,0.0014400130020203255,0.01800016252525407,0.002995101741427423,0.037438771767842785,0.07365540346864352,0.07930745664195604,0.14980890721450618,1.0387564445336505e-06
334500,44.13541666666667,0.0014401149156591322,0.018001436445739153,0.0014387314473911358,0.017984143092389198,0.0030031082313320143,0.037538852891650175,0.07284096854535371,0.08948789318307859,0.14962504822530864,1.0369654851519548e-06
335000,44.20138888888889,0.0014437574952979623,0.01804696869122453,0.001442320798532365,0.018029009981654562,0.0030081847389711544,0.03760230923713943,0.07295400825750016,0.08807489678124802,0.14939899209104937,1.042217852614523e-06
335500,44.267361111111114,0.001441726251070987,0.01802157813838734,0.0014403947764927412,0.018004934706159263,0.003016725015238586,0.037709062690482326,0.07386247444114846,0.07671906948564422,0.14828679591049382,1.0392872915136015e-06
336000,44.333333333333336,0.001444290377639935,0.018053629720499186,0.0014430818801023342,0.01803852350127918,0.003021006345348353,0.03776257931685441,0.07255840929707187,0.09301988378660164,0.14902524594907407,1.0429873474716529e-06
336500,44.39930555555556,0.0014461901195805527,0.018077376494756908,0.0014447876522723322,0.01805984565340415,0.0030277220543225986,0.03784652567903248,0.07376837300129706,0.07789533748378674,0.14972752700617284,1.0457329309862066e-06
337000,44.46527777777778,0.0014470691510442475,0.018088364388053092,0.0014456715869361702,0.018070894836702128,0.0030324720305351274,0.03790590038168909,0.07354180249433906,0.08072746882076176,0.1495285976080247,1.0470045639519594e-06
337500,44.53125,0.0014480788952629634,0.018100986190787042,0.0014465363806437687,0.018081704758047108,0.003042221972059845,0.03802777465074806,0.07375670440554812,0.07804119493064854,0.1491970486111111,1.0484662434530022e-06
338000,44.59722222222222,0.0014468084975495855,0.018085106219369818,0.001445474068226496,0.0180684258528312,0.0030501361207346737,0.038126701509183424,0.07376836674119408,0.07789541573507397,0.14925431616512347,1.0466274142908444e-06
338500,44.66319444444444,0.0014521365567114846,0.018151706958893555,0.0014504933088581378,0.018131166360726723,0.003058480462710932,0.03823100578388665,0.07364375052494303,0.07945311843821212,0.1493748794367284,1.0543502896689432e-06
339000,44.72916666666667,0.0014503631624127524,0.018129539530159406,0.0014489408417010117,0.018111760521262645,0.003063178916464711,0.03828973645580889,0.07328448175390435,0.08394397807619558,0.1488112461419753,1.05177665144196e-06
339500,44.79513888888889,0.001449083652165445,0.01811354565206806,0.0014476945875814982,0.018096182344768726,0.003068815673840711,0.038360195923008884,0.07311522040926881,0.08605974488413992,0.14899510513117284,1.0499217154865721e-06
340000,44.861111111111114,0.0014528177972243535,0.018160222465304417,0.0014513191224532647,0.018141489030665807,0.003078063350592967,0.03847579188241208,0.07373867944185353,0.07826650697683091,0.14893180941358025,1.0553397759659113e-06
340500,44.927083333333336,0.0014529942840345053,0.018162428550431316,0.0014516205873277466,0.018145257341596832,0.0030859721791161353,0.03857465223895169,0.07334234958064875,0.08322063024189064,0.14917595003858025,1.0555961947184725e-06
341000,44.99305555555556,0.0014506293715703961,0.01813286714462995,0.0014492654534921056,0.018115818168651317,0.003097375207899888,0.0387171900987486,0.0739987967506019,0.07501504061747621,0.14869671103395063,1.0521627868313613e-06
341500,45.05902777777778,0.0014512530726945045,0.018140663408681305,0.001449778352110794,0.018122229401384925,0.0031022840897541124,0.03877855112192641,0.0733527239855302,0.08309095018087265,0.14840735918209877,1.0530677405026202e-06
342000,45.125,0.001455221627254093,0.018190270340676162,0.0014539616296820636,0.018174520371025793,0.003108320387763473,0.03885400484704341,0.07318002838614192,0.08524964517322609,0.14857614776234568,1.0588349922140253e-06
342500,45.19097222222222,0.0014525941248724672,0.01815742656090584,0.0014510183250528571,0.018137729063160715,0.003117460235230181,0.038968252940377264,0.07306471915530614,0.08669101055867323,0.1483078944830247,1.0550148458070043e-06
343000,45.25694444444444,0.001454763795535496,0.018184547444193698,0.001453229924557342,0.018165374056966777,0.0031251076195444507,0.03906384524430563,0.07302713924787146,0.08716075940160672,0.14903428819444445,1.0581688504004212e-06
343500,45.32291666666667,0.0014566219048422551,0.01820777381052819,0.0014549934490386432,0.01818741811298304,0.0031331363484616674,0.039164204355770844,0.07400072530830505,0.07499093364618692,0.14848271122685186,1.0608736868331398e-06
344000,45.38888888888889,0.0014550647057424097,0.01818830882178012,0.00145345508018531,0.018168188502316374,0.003144090744948562,0.03930113431185703,0.07295560390303717,0.08805495121203544,0.14899510513117284,1.0586066489486226e-06
344500,45.454861111111114,0.001459946832596154,0.018249335407451925,0.001458353540455135,0.018229419255689185,0.0031477973406705034,0.03934746675838129,0.07288811299648258,0.08889858754396773,0.14844654224537038,1.0657223770037714e-06
345000,45.520833333333336,0.0014595388494339067,0.018244235617923835,0.0014581348250370255,0.01822668531296282,0.0031561620565866196,0.03945202570733274,0.07291165468684041,0.08860431641449484,0.14853093653549382,1.065126826503426e-06
345500,45.58680555555556,0.0014586673975261022,0.018233342469076277,0.0014570978842999357,0.018213723553749197,0.0031680668059065283,0.0396008350738316,0.07396528024363365,0.07543399695457942,0.14806073977623457,1.0638552883027858e-06
346000,45.65277777777778,0.0014596473295714252,0.018245591619642815,0.0014579745679596237,0.018224682099495296,0.00317301440866075,0.03966268010825937,0.07337729463054225,0.0827838171182218,0.14822350019290123,1.0652851633624965e-06
346500,45.71875,0.0014658667380479978,0.018323334225599973,0.0014642613844190872,0.01830326730523859,0.0031830559271218734,0.03978819908902342,0.07329394303405781,0.08382571207427736,0.14809992283950618,1.0743826468577388e-06
347000,45.78472222222222,0.001461918675482433,0.01827398344353041,0.001460454400046742,0.018255680000584276,0.003188469807246895,0.039855872590586185,0.07280029316346864,0.08999633545664198,0.14822350019290123,1.0686031068621555e-06
347500,45.85069444444444,0.0014643706951848105,0.01830463368981013,0.0014627154563769586,0.018283943204711984,0.0032021246130049317,0.04002655766256165,0.07357706836044771,0.08028664549440367,0.14816924672067902,1.0721907664580227e-06
348000,45.91666666666667,0.0014647754888400346,0.018309693610500433,0.001463199051172615,0.01828998813965769,0.0032122607724627667,0.04015325965578458,0.07303305999372178,0.08708675007847777,0.14775028935185186,1.0727836163532813e-06
348500,45.98263888888889,0.0014628602181436436,0.018285752726795546,0.0014612416286681406,0.01826552035835176,0.003220052475073306,0.04025065593841632,0.07362851749534477,0.07964353130819035,0.14777741608796297,1.0699800089136343e-06
349000,46.048611111111114,0.001465825694957892,0.01832282118697365,0.0014641916412426411,0.018302395515533015,0.0032307065487514482,0.0403838318593931,0.07320927561753336,0.08488405478083294,0.1473976417824074,1.0743224839993936e-06
349500,46.114583333333336,0.001464011956940828,0.01830014946176035,0.0014626342157929408,0.01828292769741176,0.0032387749129553457,0.04048468641194182,0.07361582574740076,0.07980217815749047,0.1472831066743827,1.0716655050328566e-06
350000,46.18055555555556,0.0014653497144393349,0.018316871430491686,0.0014636299824921208,0.01829537478115151,0.00324793011591621,0.040599126448952624,0.07310508380276833,0.08618645246539591,0.14728612075617284,1.07362489280372e-06
350500,46.24652777777778,0.0014677165326537256,0.01834645665817157,0.00146606857657447,0.018325857207180874,0.00325478655372889,0.040684831921611125,0.072601255761102,0.09248430298622501,0.14807279610339505,1.0770959101125374e-06
351000,46.3125,0.001468384487437267,0.018354806092965838,0.0014667382173513038,0.018334227716891298,0.003264670766396959,0.040808384579961984,0.07275717555629485,0.09053530554631439,0.14844051408179013,1.0780765014732027e-06
351500,46.37847222222222,0.0014660294351800348,0.018325367939750436,0.001464275023335705,0.01830343779169631,0.0032775528998815304,0.040969411248519126,0.07332831817344057,0.08339602283199288,0.14814814814814814,1.0746211524071458e-06
352000,46.44444444444444,0.0014684798159382546,0.01835599769922818,0.0014669747695200863,0.01833718461900108,0.003283946122370761,0.041049326529634514,0.07318217654822083,0.08522279314723957,0.14835009162808643,1.0782164849090252e-06
352500,46.51041666666667,0.0014745470242956056,0.01843183780369507,0.0014727678300492627,0.018409597875615785,0.0032960310829468625,0.04120038853683578,0.07340652125381425,0.0824184843273219,0.14812403549382716,1.0871444634295126e-06
353000,46.57638888888889,0.0014730016337126347,0.018412520421407935,0.0014713239047571543,0.018391548809464427,0.0033068092963423955,0.041335116204279945,0.07305701452840256,0.086787318394968,0.14815719039351852,1.0848669064600454e-06
353500,46.642361111111114,0.0014726552274426936,0.01840819034303367,0.001470941902742781,0.018386773784284764,0.0033147887095081063,0.04143485886885133,0.07301698367993703,0.08728770400078711,0.14741271219135801,1.084356709457146e-06
354000,46.708333333333336,0.001472716374220588,0.01840895467775735,0.0014708820245177743,0.018386025306472178,0.0033280990397127233,0.04160123799640904,0.07328939669280839,0.08388254133989514,0.14777741608796297,1.0844467594487174e-06
354500,46.77430555555556,0.0014724607391226848,0.01840575923903356,0.001470573580380646,0.018382169754758076,0.0033404645411377392,0.04175580676422174,0.07360833846299424,0.07989576921257202,0.14790702160493827,1.0840703141288617e-06
355000,46.84027777777778,0.0014759571858486804,0.018449464823108504,0.0014742402768255188,0.018428003460318986,0.003348280257347521,0.04185350321684401,0.07324943616075402,0.0843820479905747,0.14723186728395063,1.0892248072291779e-06
355500,46.90625,0.0014775163845000792,0.01846895480625099,0.001475630166552354,0.018445377081904427,0.0033610517085310267,0.04201314635663783,0.0732339504806594,0.08457561899175758,0.14729817708333334,1.091527333233093e-06
356000,46.97222222222222,0.001480777828593396,0.01850972285741745,0.0014790651792849303,0.018488314741061627,0.003370933785481125,0.04213667231851406,0.0734243532698421,0.0821955841269737,0.1482204861111111,1.0963514888268863e-06
356500,47.03819444444444,0.0014785414124720312,0.01848176765590039,0.0014767737352708676,0.018459671690885845,0.003380454728279867,0.04225568410349834,0.07339934075500053,0.0825082405624934,0.14726200810185186,1.0930423541973947e-06
357000,47.10416666666667,0.0014788742541857202,0.018485928177321503,0.0014771250755563003,0.018464063444453754,0.0033919448804863093,0.04239931100607887,0.07245065071656134,0.09436686604298328,0.1470118393132716,1.093534529846685e-06
357500,47.17013888888889,0.0014821076197470298,0.018526345246837873,0.001480475728964587,0.018505946612057338,0.0034045431473604137,0.04255678934200517,0.07379691720847371,0.07753853489407858,0.14735243055555555,1.0983214982561031e-06
358000,47.236111111111114,0.0014828329123023455,0.01853541140377932,0.0014809063765636008,0.01851132970704501,0.00341719050996576,0.042714881374571995,0.07364605245319239,0.07942434433509515,0.14692443094135801,1.0993967229035277e-06
358500,47.302083333333336,0.0014809348105872936,0.01851168513234117,0.0014790847103870939,0.018488558879838673,0.0034235442755121254,0.04279430344390157,0.07208951685049268,0.09888103936884152,0.14650848765432098,1.0965839566046117e-06
359000,47.36805555555556,0.0014818056509507441,0.0185225706368843,0.0014799281530922222,0.01849910191365278,0.003436789080741081,0.04295986350926351,0.07376063248674054,0.07799209391574324,0.14629750192901234,1.0978739935947792e-06
359500,47.43402777777778,0.0014840262606691846,0.018550328258364807,0.00148198660708899,0.018524832588612376,0.00345303824782679,0.04316297809783488,0.07336778605433196,0.08290267432085052,0.14684606481481483,1.1011669711778812e-06
360000,47.5,0.0014850134532977772,0.018562668166222214,0.0014828521770919544,0.018535652213649428,0.0034615581090703374,0.04326947636337922,0.07270591813622052,0.09117602329724361,0.14704198013117284,1.1026324782376947e-06
360500,47.56597222222222,0.0014860946346681157,0.018576182933351445,0.001484141488015951,0.018551768600199386,0.0034732386864525333,0.043415483580656666,0.07320529454490658,0.08493381818866774,0.1461377555941358,1.1042386315946802e-06
361000,47.63194444444444,0.0014878731452526524,0.018598414315658153,0.0014856311676636662,0.01857038959579583,0.003484658516943455,0.04355823146179318,0.07370987839819489,0.07862652002256398,0.14643614969135801,1.1068832481820102e-06
361500,47.69791666666667,0.0014847687547073483,0.018559609433841853,0.0014827983376956197,0.018534979221195246,0.003496993969999283,0.04371242462499104,0.07321387881128488,0.084826514858939,0.1471143180941358,1.102269127477605e-06
362000,47.76388888888889,0.0014910579391877435,0.018638224239846794,0.0014889331801824814,0.018611664752281015,0.003511967903153348,0.04389959878941685,0.07279743333839934,0.09003208327000822,0.1467797550154321,1.1116268890074004e-06
362500,47.829861111111114,0.001491521585382467,0.018644019817280838,0.001489687120388786,0.018621089004859825,0.003524872180030789,0.04406090225038486,0.07306902019993575,0.08663724750080315,0.14646629050925927,1.112318319830914e-06
363000,47.895833333333336,0.0014901184665799922,0.018626480832249902,0.0014878790131571404,0.018598487664464255,0.0035368149353934637,0.044210186692418295,0.07324705818001519,0.08441177274981015,0.14570975597993827,1.1102265222213537e-06
363500,47.96180555555556,0.0014913059513101405,0.018641324391376755,0.0014890694443327238,0.018613368054159047,0.0035518435568539556,0.04439804446067444,0.07289037685914651,0.08887028926066864,0.14556809413580246,1.1119967202065215e-06
364000,48.02777777777778,0.0014902653050556337,0.01862831631319542,0.0014882099114707182,0.018602623893383977,0.003562843165181781,0.04453553956477226,0.07284508026571863,0.08943649667851705,0.14543547453703703,1.1104453397262804e-06
364500,48.09375,0.0014949722060864483,0.018687152576080602,0.0014927090797081384,0.01865886349635173,0.0035763521628185482,0.04470440203523185,0.07355838556587443,0.08052018042656961,0.14576702353395063,1.117470948485491e-06
365000,48.15972222222222,0.0014895610008504097,0.018619512510630123,0.0014873126835039567,0.01859140854379946,0.0035894252266870834,0.044867815333588544,0.07266829197301646,0.09164635033729429,0.14639093846450618,1.109395987627237e-06
365500,48.22569444444444,0.0014933793006774105,0.01866724125846763,0.0014909891615305102,0.018637364519131377,0.003602746155173223,0.04503432693966529,0.07259652713248664,0.09254341084391704,0.14539930555555555,1.1150908678458758e-06
366000,48.29166666666667,0.0015002218457138628,0.018752773071423284,0.001497649279728582,0.018720615996607275,0.003616687566473152,0.045208594580914405,0.07324968385271213,0.08437895184109834,0.1465386284722222,1.1253327931785547e-06
366500,48.35763888888889,0.0014973976133624087,0.01871747016703011,0.0014949150978645469,0.018686438723306834,0.0036275952373861675,0.045344940467327094,0.0724006921991813,0.09499134751023375,0.14510091145833334,1.121099806251719e-06
367000,48.423611111111114,0.001497564821016118,0.018719560262701475,0.0014951434168010392,0.01868929271001299,0.0036448791574017645,0.04556098946752206,0.07302684258365605,0.08716446770429942,0.1451973620756173,1.1213501965725186e-06
367500,48.489583333333336,0.0014995730893563233,0.01874466361695404,0.0014971423224801523,0.018714279031001903,0.0036573213130905303,0.04571651641363163,0.07343416342366174,0.08207295720422825,0.14547465760030864,1.1243597251608337e-06
368000,48.55555555555556,0.0014987944758577147,0.018734930948221432,0.0014962490838093814,0.018703113547617268,0.0036680944841567145,0.04585118105195893,0.07265991406248114,0.09175107421898576,0.14531189718364199,1.1231924404308007e-06
368500,48.62152777777778,0.001496977499858111,0.01871221874822639,0.001494166309504505,0.01867707886880631,0.003680993763780315,0.046012422047253934,0.07347117506731325,0.08161031165858434,0.14513708043981483,1.1204708175407207e-06
369000,48.6875,0.001503807065135937,0.018797588314199212,0.0015009345883798238,0.0187616823547478,0.003697974414650994,0.04622468018313742,0.07313541311673827,0.08580733604077162,0.14457344714506173,1.1307178445763803e-06
369500,48.75347222222222,0.0015005302217663595,0.018756627772079495,0.001497875744791554,0.018723446809894424,0.003711549824734068,0.04639437280917585,0.07337782646297737,0.08277716921278289,0.1451340663580247,1.1257954732171e-06
370000,48.81944444444444,0.0015011920228593508,0.018764900285741886,0.001498396542238618,0.018729956777982726,0.003730665746765586,0.04663332183456983,0.07312968200375285,0.08587897495308938,0.14489293981481483,1.126788744748275e-06
370500,48.88541666666667,0.0015043997572360293,0.018804996965450366,0.0015016120075940257,0.01877015009492532,0.0037427045574761923,0.046783806968452406,0.07350337821789577,0.08120777227630294,0.14526970003858025,1.131609314785912e-06
371000,48.95138888888889,0.0015052418431873934,0.018815523039842418,0.0015023985695159473,0.01877998211894934,0.0037560432008469902,0.04695054001058738,0.07346832267608361,0.08164596654895495,0.14481758777006173,1.1328765032410908e-06
371500,49.017361111111114,0.0015051882340630818,0.018814852925788522,0.0015022122209999353,0.01877765276249919,0.003767386694373209,0.04709233367966511,0.07317223148850552,0.08534710639368104,0.14444986979166666,1.1327958099809693e-06
372000,49.083333333333336,0.0015051703578755522,0.0188146294734444,0.0015022914714839708,0.018778643393549635,0.0037814889281661762,0.0472686116020772,0.0730231361579625,0.08721079802546872,0.1442358699845679,1.132768903113609e-06
372500,49.14930555555556,0.0015056599184518102,0.018820748980647627,0.001502447151744584,0.0187805893968073,0.0038018608439851927,0.04752326054981491,0.07342900348358544,0.082137456455182,0.14453727816358025,1.1335058950161558e-06
373000,49.21527777777778,0.0015079178590180682,0.01884897323772585,0.0015046764188692736,0.01880845523586592,0.003816857022145532,0.047710712776819146,0.07309258516732317,0.08634268540846035,0.14460358796296297,1.1369081347728173e-06
373500,49.28125,0.001511170556173882,0.018889631952173525,0.0015080021860067307,0.01885002732508413,0.0038325469407425095,0.04790683675928137,0.07362603461973807,0.07967456725327415,0.14465784143518517,1.1418182249234398e-06
374000,49.34722222222222,0.001510482472013244,0.01888103090016555,0.0015070368216878074,0.018837960271097593,0.0038482348860102464,0.048102936075128076,0.07335402817378209,0.08307464782772389,0.14397063078703703,1.1407786491296203e-06
374500,49.41319444444444,0.0015115769798891199,0.018894712248614,0.0015082149020960174,0.018852686276200216,0.003864849329449734,0.04831061661812167,0.07357721086746559,0.08028486415668012,0.1443534191743827,1.1424324830653563e-06
375000,49.47916666666667,0.001515293343532331,0.018941166794154137,0.0015118567191648258,0.018898208989560322,0.0038803157346261447,0.04850394668282681,0.07231312038436233,0.0960859951954709,0.14442274305555555,1.1480569584766955e-06
375500,49.54513888888889,0.0015142656839240503,0.01892832104905063,0.0015107448858348253,0.018884311072935315,0.0038969694850758316,0.04871211856344789,0.07291363949567362,0.08857950630407985,0.14463975694444445,1.146500280754986e-06
376000,49.611111111111114,0.001514962723962176,0.0189370340495272,0.001511351120284192,0.0188918890035524,0.003912947422094074,0.048911842776175926,0.07276990310259723,0.09037621121753459,0.14361195505401234,1.1475560274974481e-06
376500,49.677083333333336,0.0015114525713489637,0.018893157141862047,0.0015077286509013613,0.018846608136267016,0.003925813554254844,0.04907266942818554,0.07250269052491719,0.09371636843853515,0.14376567322530864,1.1422444377186973e-06
377000,49.74305555555556,0.001513756173920123,0.018921952174001538,0.0015099604349084349,0.018874505436355434,0.003944149236117647,0.04930186545147059,0.0734106876563318,0.08236640429585251,0.1441575038580247,1.145728877040645e-06
377500,49.80902777777778,0.001515857270960961,0.01894821588701201,0.0015117939227262981,0.018897424034078725,0.003959747922319924,0.04949684902899905,0.0722545246325765,0.09681844209279367,0.14319299768518517,1.148911632962606e-06
378000,49.875,0.0015211774986856222,0.019014718733570277,0.0015171380312559407,0.01896422539069926,0.003976603294338292,0.04970754117922865,0.07326989950766287,0.0841262561542141,0.1439133632330247,1.156990491253723e-06
378500,49.94097222222222,0.0015143539780938168,0.01892942472617271,0.001510298427334611,0.018878730341682637,0.0039921389548645695,0.049901736935807114,0.07360687372538116,0.07991407843273546,0.14330753279320987,1.146633985484284e-06
379000,50.00694444444444,0.001515957575852069,0.018949469698150864,0.0015116736067451186,0.018895920084313983,0.004010062307641851,0.05012577884552314,0.07327724220580907,0.0840344724273866,0.14309956114969136,1.149063685891641e-06
379500,50.07291666666667,0.0015198142211510935,0.018997677764388668,0.0015154055890570575,0.01894256986321322,0.004026024511411237,0.050325306392640455,0.0728056911322699,0.08992886084662632,0.14303325135030864,1.1549176334065524e-06
380000,50.13888888888889,0.0015181217857765184,0.01897652232220648,0.0015138337894884649,0.01892292236860581,0.004046200731748651,0.050577509146858136,0.07323590838982011,0.0845511451272487,0.14296995563271606,1.1523468782246426e-06
380500,50.204861111111114,0.0015191596971553423,0.01898949621444178,0.0015144822495190625,0.01893102811898828,0.004061208465868562,0.05076510582335702,0.07289731761827349,0.08878352977158133,0.14262635030864199,1.1539230927305557e-06
381000,50.270833333333336,0.001518338679716124,0.01897923349645155,0.0015135077324038744,0.01891884665504843,0.004079278675775149,0.05099098344718936,0.07307197814816523,0.08660027314793473,0.14322313850308643,1.1526761731610513e-06
381500,50.33680555555556,0.0015194245369719165,0.018992806712148955,0.001514396975869064,0.0189299621983633,0.004097242718253181,0.05121553397816476,0.07295350762497389,0.0880811546878264,0.14259620949074073,1.1543254617761615e-06
382000,50.40277777777778,0.0015224474801489856,0.01903059350186232,0.0015176295209658201,0.01897036901207275,0.004112722488009644,0.05140903110012055,0.07328634297850654,0.0839207127686682,0.14272882908950618,1.1589231649059979e-06
382500,50.46875,0.001522824594304136,0.0190353074288017,0.0015177823161078479,0.0189722789513481,0.004133890457144913,0.051673630714311414,0.07289742395273605,0.08878220059079944,0.14221643518518517,1.159497372508778e-06
383000,50.53472222222222,0.001522373388282951,0.019029667353536887,0.0015172121839213423,0.01896515229901678,0.004150258051923468,0.05187822564904335,0.07267516175351303,0.09156047808108714,0.1419753086419753,1.1588103666760563e-06
383500,50.60069444444444,0.0015241054782168953,0.01905131847771119,0.0015189280663966097,0.01898660082995762,0.004168437305824238,0.052105466322802975,0.0734970846596511,0.08128644175436128,0.14139359085648148,1.1614487543653755e-06
384000,50.66666666666667,0.0015250188238721955,0.019062735298402442,0.0015197969463986475,0.018997461829983093,0.004187816870938675,0.052347710886733435,0.07257010093066922,0.0928737383666347,0.14169499903549382,1.1628412065822673e-06
384500,50.73263888888889,0.0015254404865257584,0.01906800608157198,0.0015196993559239151,0.018996241949048937,0.004207316751027174,0.05259145938783967,0.0726125050138138,0.09234368732732745,0.14166184413580246,1.1634843389659713e-06
385000,50.798611111111114,0.0015278471985493672,0.01909808998186709,0.0015221284895058083,0.019026606118822603,0.00422303449683374,0.052787931210421746,0.07251136569591407,0.09360792880107416,0.1410861545138889,1.1671585310575746e-06
385500,50.864583333333336,0.0015274765304119544,0.01909345663014943,0.001521910183682362,0.019023877296029525,0.0042418062446546514,0.05302257805818314,0.07327582673454948,0.08405216581813157,0.14140564718364199,1.1665922754796712e-06
386000,50.93055555555556,0.001532060203104183,0.019150752538802288,0.0015261097300593328,0.019076371625741658,0.004261769532549856,0.0532721191568732,0.0728259691390952,0.08967538576131007,0.14205668885030864,1.1736042329678152e-06
386500,50.99652777777778,0.001531874766274741,0.01914843457843426,0.0015258434645046086,0.01907304330630761,0.004279040121291588,0.053488001516144856,0.07317014323635264,0.08537320954559202,0.14136646412037038,1.1733201497746461e-06
387000,51.0625,0.0015329081191155795,0.019161351488944742,0.0015267289495010648,0.01908411186876331,0.0042997492173698785,0.05374686521712348,0.07309259978107518,0.08634250273656019,0.14144483024691357,1.1749036508252319e-06
387500,51.12847222222222,0.0015327921829204794,0.019159902286505992,0.0015264073149899582,0.019080091437374477,0.0043182118178995135,0.053977647723743916,0.07340514866688233,0.08243564166397088,0.14103491512345678,1.1747259380110642e-06
388000,51.19444444444444,0.0015282344796218325,0.019102930995272906,0.0015218741160823938,0.01902342645102992,0.004339107614614775,0.05423884518268469,0.07199894689873719,0.10001316376578517,0.14091133777006173,1.1677503123525068e-06
388500,51.26041666666667,0.001536391522956759,0.019204894036959488,0.0015298682015992063,0.01912335251999008,0.004359166915101142,0.054489586438764274,0.07259765027180312,0.092529371602461,0.14013069058641975,1.1802494559066949e-06
389000,51.32638888888889,0.0015356459373463641,0.01919557421682955,0.0015287878328978015,0.019109847911222517,0.004377977327384953,0.054724716592311914,0.07325654943105192,0.08429313211185097,0.14051950713734568,1.1791042224441965e-06
389500,51.392361111111114,0.0015321377538091664,0.01915172192261458,0.001525124902740322,0.019064061284254027,0.004397805893696381,0.05497257367120476,0.07255785635971922,0.09302679550350978,0.14041401427469136,1.1737230483236988e-06
390000,51.458333333333336,0.0015372344501629585,0.01921543062703698,0.0015306539716179648,0.01913317464522456,0.004415478228723598,0.05519347785904497,0.07352620917984622,0.0809223852519223,0.1396604938271605,1.1815448773839068e-06
390500,51.52430555555556,0.0015368320180906246,0.019210400226132806,0.0015299187303104641,0.019123984128880802,0.004435979767051454,0.055449747088143174,0.07299450968974172,0.08756862887822847,0.13960021219135801,1.180926325914251e-06
391000,51.59027777777778,0.0015379811489554666,0.01922476436194333,0.0015308680012667726,0.019135850015834656,0.00445502449470889,0.05568780618386113,0.07324641301475027,0.08441983731562164,0.13939826871141975,1.1826930072711885e-06
391500,51.65625,0.0015397436478466046,0.019246795598082556,0.001532466463708391,0.019155830796354887,0.004476389018960741,0.05595486273700926,0.07314121268156254,0.08573484148046828,0.1402663242669753,1.1854052505419843e-06
392000,51.72222222222222,0.0015427138626156831,0.019283923282696038,0.0015355538032426467,0.019194422540533083,0.0044957881945954185,0.056197352432442726,0.07296872864232175,0.08789089197097821,0.13950074749228394,1.1899830309533005e-06
392500,51.78819444444444,0.0015418151449404945,0.01927268931175618,0.0015343533271940145,0.019179416589925183,0.004520115820233731,0.05650144775292163,0.07331405508915838,0.0835743113855203,0.13939525462962962,1.188596970583939e-06
393000,51.85416666666667,0.0015409752532466396,0.019262190665582993,0.001533537194455105,0.01916921493068881,0.0045399293273909675,0.05674911659238709,0.07274633160180456,0.09067085497744298,0.1392113956404321,1.1873023655592724e-06
393500,51.92013888888889,0.0015447543449175105,0.01930942931146888,0.0015366925849162065,0.01920865731145258,0.004559705967647966,0.05699632459559957,0.0726916776955277,0.09135402880590371,0.1393410011574074,1.1931329930707637e-06
394000,51.986111111111114,0.001547018195316158,0.019337727441451975,0.0015392354099882076,0.019240442624852593,0.004581318358185385,0.05726647947731731,0.07277926277579844,0.09025921530251957,0.1391480999228395,1.1966326483196312e-06
394500,52.052083333333336,0.0015468727493560585,0.019335909366950732,0.0015384710771778889,0.019230888464723612,0.004601099059969143,0.05751373824961429,0.07359878965935826,0.08001512925802179,0.13797260802469136,1.1964076513501857e-06
395000,52.11805555555556,0.0015421199482350937,0.01927649935293867,0.0015338582800444268,0.019173228500555334,0.004623228238655892,0.05779035298319865,0.07250918525977905,0.09363518425276185,0.1390184944058642,1.1890669673723041e-06
395500,52.18402777777778,0.0015483020602980596,0.019353775753725745,0.0015396724871979597,0.019245906089974497,0.004642693514513533,0.05803366893141916,0.07300567473639988,0.08742906579500154,0.1384669174382716,1.198619634961608e-06
396000,52.25,0.001548336050417678,0.019354200630220975,0.0015400982348077624,0.01925122793509703,0.004665599768936007,0.05831999711170009,0.07362704493553532,0.07966193830580859,0.1382378472222222,1.1986722625115073e-06
396500,52.31597222222222,0.0015443850010499688,0.01930481251312461,0.0015361642531522366,0.019202053164402957,0.004685781175381492,0.05857226469226865,0.07330739103382328,0.08365761207720901,0.13756269290123457,1.1925625157340562e-06
397000,52.38194444444444,0.001547814927225292,0.01934768659031615,0.0015391571138178462,0.019239463922723077,0.004707959952025312,0.0588494994003164,0.07314142552536788,0.08573218093290147,0.13815043885030864,1.1978655244707181e-06
397500,52.447916666666664,0.0015490157916517855,0.01936269739564732,0.0015399560717268895,0.01924945089658612,0.004730708423700316,0.05913385529625395,0.0735306711548756,0.08086661056405497,0.1373878761574074,1.199724961393304e-06
398000,52.51388888888889,0.001550598440373257,0.019382480504665713,0.0015415150101399265,0.01926893762674908,0.004753218690119145,0.05941523362648931,0.07320417362998807,0.08494782962514913,0.13707139756944445,1.2021777616439884e-06
398500,52.579861111111114,0.0015506016651732984,0.01938252081466623,0.0015412240523853418,0.019265300654816773,0.004773787826310073,0.05967234782887591,0.07357444362300615,0.08031945471242319,0.13749336902006173,1.202182762019103e-06
399000,52.64583333333334,0.0015536451900733798,0.019420564875917246,0.0015442255035849168,0.01930281879481146,0.00479600292203577,0.05995003652544713,0.07328916125322309,0.08388548433471144,0.1376953125,1.206906688319074e-06
399500,52.71180555555555,0.0015517659646001104,0.01939707455750138,0.0015423956748245734,0.019279945935307168,0.004819274758869901,0.06024093448587376,0.07311441305910225,0.08606983676122182,0.13716182002314814,1.2039888044456555e-06
400000,52.77777777777778,0.0015510933734283478,0.019388667167854347,0.0015415149252236112,0.01926893656529514,0.004839862638842667,0.06049828298553333,0.07346018677890503,0.08174766526368704,0.13626362364969136,1.2029453265466662e-06
400500,52.84375,0.001551357702715377,0.01939197128394221,0.0015416015947074468,0.019270019933843086,0.00486462353687666,0.06080779421095824,0.07297757499517107,0.08778031256036156,0.13676094714506173,1.203355360887166e-06
401000,52.90972222222223,0.0015528047533633774,0.019410059417042217,0.0015428903223423092,0.019286129029278863,0.0048865992954928265,0.061082491193660333,0.0728467415281199,0.0894157308985013,0.13630883487654322,1.2056013010339496e-06
401500,52.97569444444444,0.001555807806527606,0.019447597581595075,0.0015454419845478344,0.01931802480684793,0.004911748628221478,0.06139685785276847,0.07238686473678396,0.09516419079020044,0.13646858121141975,1.2102689654261203e-06
402000,53.041666666666664,0.0015562245333058306,0.019452806666322882,0.0015461657633017466,0.019327072041271834,0.004938524425313185,0.06173155531641482,0.07339760521123244,0.08252993485959448,0.1358717930169753,1.2109173990314751e-06
402500,53.10763888888889,0.0015613904602066137,0.01951738075258267,0.001550931748582221,0.01938664685727776,0.004961346378986422,0.062016829737330276,0.07209653890115038,0.09879326373562025,0.13557641300154322,1.2189700846121105e-06
403000,53.173611111111114,0.0015611897745137163,0.019514872181421453,0.0015506187249344017,0.01938273406168002,0.004985187985020931,0.062314849812761634,0.07359684740494603,0.08003940743817461,0.13609784915123457,1.2186567560230943e-06
403500,53.23958333333334,0.0015575447442588556,0.019469309303235694,0.0015470749025531141,0.019338436281913927,0.0050067380662794534,0.06258422582849317,0.0729791827617634,0.08776021547795743,0.1354347511574074,1.212972815184192e-06
404000,53.30555555555555,0.0015588744807103214,0.019485931008879017,0.0015480008411414175,0.01935001051426772,0.0050294182334777145,0.06286772791847144,0.07341348974150713,0.08233137823116088,0.13518156828703703,1.215044823304937e-06
404500,53.37152777777778,0.0015580973034307645,0.019476216292884554,0.001547420111400917,0.019342751392511463,0.005055004449381341,0.06318755561726676,0.07295269877464633,0.08809126531692091,0.1355251736111111,1.2138336034791097e-06
405000,53.4375,0.0015616760849609963,0.019520951062012452,0.0015510000994596019,0.019387501243245023,0.0050781273752359135,0.06347659219044892,0.07304919079318256,0.08688511508521801,0.13493742766203703,1.2194160971695525e-06
405500,53.50347222222223,0.0015662121904283842,0.0195776523803548,0.00155486860921859,0.019435857615232373,0.005105278572712925,0.06381598215891156,0.07275520856976185,0.09055989287797683,0.13475055459104937,1.2265103127232386e-06
406000,53.56944444444444,0.0015653930035960872,0.01956741254495109,0.0015543995104467352,0.01942999388058419,0.0051277123445382594,0.06409640430672824,0.07361902470228537,0.0797621912214328,0.13455463927469136,1.2252276278537896e-06
406500,53.635416666666664,0.001560321232730308,0.019504015409128852,0.0015488830690448556,0.019361038363060693,0.0051559698022878445,0.06444962252859805,0.07337297391741751,0.08283782603228118,0.13374686535493827,1.217301174654514e-06
407000,53.70138888888889,0.001562210132874799,0.019527626660934987,0.0015506991028999275,0.019383738786249095,0.005177729121834436,0.06472161402293045,0.07298375572642236,0.08770305341972051,0.1333399643132716,1.2202502496283486e-06
407500,53.767361111111114,0.0015663536318391653,0.019579420397989565,0.001554767465598503,0.019434593319981288,0.005200197628986965,0.06500247036233706,0.07348096157062003,0.08148798036724958,0.13396086516203703,1.2267318499878717e-06
408000,53.83333333333334,0.0015657348339754057,0.01957168542469257,0.0015536504074100616,0.01942063009262577,0.005228848668125857,0.06536060835157322,0.07342341108744227,0.0822073614069716,0.13355095003858025,1.2257627851619957e-06
408500,53.89930555555555,0.0015667327130801333,0.019584158913501664,0.0015546413706391759,0.0194330171329897,0.005254003733991249,0.06567504667489062,0.07167008545351666,0.10412393183104174,0.1326346691743827,1.2273256971177175e-06
409000,53.96527777777778,0.001567775267701672,0.0195971908462709,0.0015554644806030108,0.019443306007537634,0.005276268090204873,0.06595335112756091,0.07281686022136802,0.08978924723289983,0.1333520206404321,1.2289596450085246e-06
409500,54.03125,0.0015726568267959077,0.019658210334948845,0.0015603134254912703,0.019503917818640876,0.005302309144496804,0.06627886430621005,0.07293003291967072,0.08837458850411606,0.13306266878858025,1.236624747433887e-06
410000,54.09722222222223,0.0015693050058438794,0.01961631257304849,0.0015565212442091947,0.019456515552614934,0.005328332659421707,0.06660415824277134,0.07287511504312265,0.08906106196096686,0.13253821855709877,1.231359100683329e-06
410500,54.16319444444444,0.0015704638701363885,0.019630798376704856,0.0015578101795671606,0.019472627244589508,0.0053582940618935255,0.06697867577366906,0.07341166934627565,0.08235413317155449,0.13235435956790123,1.2331783837018817e-06
411000,54.229166666666664,0.0015730269355392027,0.019662836694240033,0.001559909552055834,0.019498869400697925,0.005381945372700527,0.06727431715875658,0.07312697023305163,0.08591287208685461,0.13225188078703703,1.2372068699659274e-06
411500,54.29513888888889,0.0015742724038595303,0.019678405048244127,0.0015610826679820422,0.019513533349775528,0.005408029450298785,0.06760036812873481,0.07303376791429177,0.08707790107135294,0.13169728973765432,1.239166800776832e-06
412000,54.361111111111114,0.0015743610118939993,0.019679512648674992,0.0015606191545454481,0.019507739431818102,0.005433720740663829,0.06792150925829786,0.07344284611147864,0.08196442360651701,0.13130545910493827,1.2393062978859488e-06
412500,54.42708333333334,0.001573872916026248,0.0196734114503281,0.0015606187191193387,0.01950773398899173,0.0054597619754208,0.06824702469276,0.07334026211277338,0.0832467235903328,0.13125421971450618,1.2385379779004823e-06
413000,54.49305555555555,0.0015768945149671342,0.019711181437089175,0.0015630449303873078,0.019538061629841348,0.005487361615956199,0.06859202019945249,0.07176154194503803,0.10298072568702465,0.13099500868055555,1.2432981556667166e-06
413500,54.55902777777778,0.001580175379879275,0.019752192248490938,0.0015663276144425758,0.019579095180532198,0.0055123608606082305,0.06890451075760289,0.07314542620791123,0.08568217240110965,0.1312572337962963,1.2484771155883056e-06
414000,54.625,0.0015816838538684002,0.019771048173355003,0.0015673723566023675,0.019592154457529595,0.005538261352203636,0.06922826690254545,0.07273177570940201,0.09085280363247494,0.13102514949845678,1.2508619067939973e-06
414500,54.69097222222223,0.001581735730980557,0.01977169663725696,0.0015669676360820278,0.019587095451025348,0.005566875479730022,0.06958594349662528,0.07267012081440219,0.0916234898199727,0.1309739101080247,1.2509439613302985e-06
415000,54.75694444444444,0.0015819000788020166,0.019773750985025207,0.001567053560193242,0.019588169502415525,0.0055937443044315,0.06992180380539376,0.0726886008440656,0.09139248944917999,0.1295753761574074,1.2512039296569132e-06
415500,54.822916666666664,0.0015816335390136306,0.019770419237670384,0.0015666825963161577,0.01958353245395197,0.005619036908241299,0.07023796135301624,0.07319058959217715,0.08511763009778561,0.13037109375,1.250782325866391e-06
416000,54.88888888888889,0.0015831130226758527,0.01978891278344816,0.001567973558009666,0.019599669475120825,0.005647560878001212,0.07059451097501515,0.0727769677300457,0.09028790337442871,0.1296115451388889,1.2531234212829372e-06
416500,54.954861111111114,0.0015809824708856134,0.019762280886070165,0.0015655045235052885,0.019568806543816104,0.005672664704440433,0.07090830880550542,0.0728281072339163,0.08964865957604617,0.12915641878858025,1.2497527866237897e-06
417000,55.02083333333334,0.0015859141133018784,0.01982392641627348,0.001569926142395828,0.01962407677994785,0.005703697955343814,0.07129622444179767,0.07338621138970497,0.08267235762868785,0.12924985532407407,1.2575617873850417e-06
417500,55.08680555555555,0.0015886857711916234,0.01985857213989529,0.0015723403338195547,0.019654254172744433,0.005730145808999561,0.0716268226124945,0.07257997540865195,0.09275030739185064,0.1294578269675926,1.2619612397933616e-06
418000,55.15277777777778,0.001587034576761872,0.019837932209523398,0.001570683535652698,0.019633544195658725,0.0057552026915344365,0.07194003364418046,0.0728348732420739,0.08956408447407627,0.12946385513117284,1.259339373918867e-06
418500,55.21875,0.0015844004167793937,0.019805005209742422,0.001567691683027243,0.019596146037840538,0.005781797045864713,0.07227246307330891,0.07245410905139552,0.09432363685755607,0.12894241898148148,1.255162340345358e-06
419000,55.28472222222223,0.0015865101310003256,0.019831376637504068,0.001569307654272548,0.019616345678406852,0.005814198750830206,0.07267748438537756,0.07314168751290666,0.08572890608866679,0.12832151813271606,1.2585071978833351e-06
419500,55.35069444444444,0.0015857638730436038,0.019822048413045048,0.0015683840248708941,0.019604800310886177,0.005841250015855648,0.0730156251981956,0.07345430220752347,0.08182122240595668,0.12776994116512347,1.2573235305251253e-06
420000,55.416666666666664,0.0015882012987344742,0.01985251623418093,0.0015700964146507176,0.01962620518313397,0.005869475296357412,0.07336844120446764,0.07208498709020875,0.09893766137239068,0.12833357445987653,1.2611916826509355e-06
420500,55.48263888888889,0.001595235960571464,0.0199404495071433,0.0015768846791128154,0.019711058488910194,0.00589551052240595,0.07369388153007438,0.07316600056768326,0.08542499290395933,0.12768856095679013,1.2723888849501806e-06
421000,55.548611111111114,0.0015881463031594124,0.019851828789492654,0.0015694242123389765,0.019617802654237206,0.005923865755110391,0.07404832193887989,0.07282344634588776,0.08970692067640296,0.12703450520833334,1.261104340119454e-06
421500,55.61458333333334,0.001590920912230949,0.019886511402886862,0.0015718478645706632,0.01964809830713329,0.005953635801048335,0.07442044751310418,0.07324287509552722,0.08446406130590967,0.12692298418209877,1.2655146744868774e-06
422000,55.68055555555555,0.0015952080612066325,0.019940100765082906,0.0015756785311742236,0.019695981639677795,0.005986556492020337,0.07483195615025422,0.07299094233309142,0.08761322083635725,0.12630509741512347,1.2723443792693116e-06
422500,55.74652777777778,0.0015955226822146685,0.019944033527683355,0.001575751123122014,0.019696889039025174,0.006014103087385878,0.07517628859232348,0.07252596133075524,0.09342548336555945,0.12682954764660495,1.272846314730745e-06
423000,55.8125,0.0015983609167944282,0.019979511459930353,0.0015781335827438588,0.019726669784298236,0.006042267736646702,0.07552834670808377,0.07320876184192751,0.08489047697590613,0.1259223090277778,1.2773788101679627e-06
423500,55.87847222222223,0.0015994340236698565,0.019992925295873206,0.0015788744481335076,0.019735930601668845,0.006072876963970924,0.07591096204963656,0.07262998171368572,0.09212522857892858,0.12566309799382716,1.2790945980363736e-06
424000,55.94444444444444,0.0015996171321817144,0.01999521415227143,0.0015786808533119838,0.0197335106663998,0.006101232628059847,0.07626540785074809,0.07312106817598935,0.08598664780013321,0.1260519145447531,1.2793874847846262e-06
424500,56.010416666666664,0.00159966113988619,0.019995764248577373,0.0015778210466024305,0.019722763082530383,0.006132093987700817,0.0766511748462602,0.07296710666576378,0.08791116667795273,0.12576256269290123,1.2794578812309922e-06
425000,56.07638888888889,0.0016022734487794435,0.020028418109743044,0.0015801873566088627,0.019752341957610782,0.0061607996446103085,0.07700999555762886,0.07289923505286004,0.08875956183924949,0.12500301408179013,1.2836401023317858e-06
425500,56.142361111111114,0.0016024818216995097,0.02003102277124387,0.0015800373649541002,0.019750467061926253,0.006189566650207018,0.07736958312758772,0.07250109391000296,0.09373632612496297,0.12452377507716049,1.2839739944386896e-06
426000,56.20833333333334,0.0016039138194387194,0.02004892274298399,0.001581021295842821,0.019762766198035263,0.0062203814878120664,0.07775476859765083,0.07255484937756325,0.09306438278045936,0.12403549382716049,1.2862697700932504e-06
426500,56.27430555555555,0.0016073323665070115,0.020091654581337645,0.0015835768685336046,0.019794710856670058,0.006251505430993822,0.07814381788742278,0.07294529669354437,0.08818379133069543,0.12415304301697531,1.291758668210515e-06
427000,56.34027777777778,0.001602288802537595,0.020028610031719938,0.0015780776419128954,0.01972597052391119,0.006280133720499648,0.0785016715062456,0.07346318206079154,0.08171022424010577,0.12357735339506173,1.28366470336868e-06
427500,56.40625,0.001608780234178363,0.020109752927229538,0.001584168622579765,0.01980210778224706,0.0063115340771914006,0.07889417596489251,0.07307907825155009,0.08651152185562383,0.12348994502314815,1.2940869209414943e-06
428000,56.47222222222223,0.0016071833105301952,0.02008979138162744,0.0015816920453452512,0.01977115056681564,0.006342010238867996,0.07927512798584994,0.07191561926919031,0.10105475913512119,0.12336938175154322,1.2915190968233989e-06
428500,56.53819444444444,0.0016094396418733976,0.02011799552341747,0.0015836112468875798,0.01979514058609475,0.006372537560153752,0.0796567195019219,0.07197507743657566,0.10031153204280419,0.12323073398919752,1.295147980416785e-06
429000,56.604166666666664,0.0016137770314762108,0.020172212893452633,0.0015874539248007598,0.019843174060009496,0.006403909331283516,0.08004886664104395,0.07290702151128259,0.08866223110896765,0.12334526909722222,1.3021381536600854e-06
429500,56.67013888888889,0.0016138290816135432,0.02017286352016929,0.0015867456079445173,0.019834320099306465,0.006434328042655887,0.08042910053319859,0.07306693285538597,0.08666333930767534,0.12265203028549383,1.3022221523308063e-06
430000,56.736111111111114,0.0016163634870690756,0.020204543588363443,0.001588941955329495,0.019861774441618685,0.006462685359518458,0.08078356699398072,0.0729899379986002,0.08762577501749758,0.12247721354166667,1.3063154611650509e-06
430500,56.80208333333334,0.0016166393390926027,0.020207991738657533,0.001588405781698569,0.01985507227123211,0.006495560714835352,0.0811945089354419,0.07246223924192496,0.09422200947593795,0.12166039737654322,1.3067613763508836e-06
431000,56.86805555555555,0.0016162571372063436,0.020203214215079295,0.0015875681179521595,0.019844601474401993,0.00652614552235493,0.08157681902943661,0.0726423861469095,0.09197017316363121,0.12120225694444445,1.3061435667852228e-06
431500,56.93402777777778,0.001619812848942154,0.020247660611776925,0.0015902368660602171,0.019877960825752713,0.0065580541738109776,0.08197567717263722,0.07273923834830699,0.09075952064616266,0.12163929880401235,1.3118968327990486e-06
432000,57.0,0.0016178242838911256,0.02022280354863907,0.0015875927967290771,0.019844909959113463,0.006588133318995106,0.08235166648743882,0.07154212002799419,0.10572349965007266,0.12054518711419752,1.3086777067739165e-06
432500,57.06597222222223,0.001621557980678607,0.020269474758482585,0.001590313859305406,0.019878923241317573,0.006622525575330552,0.0827815696916319,0.07282791036090376,0.08965112048870305,0.12007499035493827,1.3147251423512407e-06
433000,57.13194444444444,0.0016223279098706036,0.020279098873382546,0.001590989947305471,0.019887374341318386,0.0066510302700786205,0.08313787837598276,0.07322183783472752,0.08472702706590596,0.1203884548611111,1.3159739235725605e-06
433500,57.197916666666664,0.0016265256190756683,0.020331570238445854,0.0015932922498069803,0.019916153122587252,0.006684896835174214,0.08356121043967767,0.07200678130300946,0.09991523371238176,0.1203884548611111,1.3227927947547432e-06
434000,57.26388888888889,0.0016269640347881093,0.020337050434851366,0.0015932415019481465,0.01991551877435183,0.006714518048146893,0.08393147560183616,0.07316738287283975,0.0854077140895032,0.11954752604166667,1.3235059852470021e-06
434500,57.329861111111114,0.0016277191107993145,0.02034648888499143,0.0015936186316088186,0.019920232895110232,0.006745753981104769,0.0843219247638096,0.0727121106696391,0.09109861662951124,0.11872769579475309,1.3247347518306557e-06
435000,57.39583333333334,0.0016290277023415952,0.020362846279269937,0.0015939844893395315,0.019924806116744142,0.006780561239740039,0.08475701549675048,0.07279500391804129,0.09006245102448385,0.11920994888117284,1.3268656274981685e-06
435500,57.46180555555555,0.0016294977658782774,0.02036872207347847,0.0015935759014178966,0.019919698767723707,0.006812113786745712,0.0851514223343214,0.07321798754253635,0.08477515571829564,0.11865234375,1.3276314845011488e-06
436000,57.52777777777778,0.0016323291994861863,0.02040411499357733,0.0015960307117528188,0.019950383896910236,0.006842527784558337,0.0855315973069792,0.0732257894547012,0.08467763181623489,0.11876085069444445,1.332249307747607e-06
436500,57.59375,0.001636533421084065,0.020456667763550814,0.0015993354422419806,0.019991693028024757,0.0068754817177489975,0.08594352147186246,0.07263748764385446,0.09203140445181934,0.11787772472993827,1.3391208191625571e-06
437000,57.65972222222223,0.0016355357375407997,0.020444196719259997,0.0015974227295848208,0.019967784119810258,0.006907889702881402,0.08634862128601752,0.07284464778890495,0.08944190263868812,0.11768482349537036,1.337488574386564e-06
437500,57.72569444444444,0.001640600232704188,0.02050750290880235,0.001601990512271857,0.020024881403398212,0.006938792133678854,0.08673490167098567,0.07278097278169071,0.09023784022886616,0.11788978105709877,1.345784561774518e-06
438000,57.791666666666664,0.0016394921249467819,0.02049365156183477,0.001600098235928523,0.020001227949106536,0.0069726399146836805,0.087157998933546,0.07279686575062644,0.09003917811716955,0.11696144386574074,1.3439672138812572e-06
438500,57.85763888888889,0.0016420408622453686,0.020525510778067108,0.0016021259716274042,0.020026574645342552,0.007005413700188034,0.08756767125235042,0.07285997577066755,0.08925030286665558,0.11731107735339506,1.348149096641757e-06
439000,57.923611111111114,0.0016450284926083714,0.020562856157604642,0.001603409612812613,0.020042620160157662,0.007037375615617749,0.08796719519522186,0.07319110701833954,0.08511116227075577,0.11647617669753087,1.3530593707466854e-06
439500,57.98958333333334,0.0016487611051745619,0.020609513814682023,0.0016068126866685586,0.020085158583356983,0.007069259670352449,0.08836574587940561,0.0717216486380179,0.1034793920247763,0.11609941647376543,1.3592065909682214e-06
440000,58.05555555555555,0.0016441668599907454,0.020552085749884316,0.0016011617876463596,0.020014522345579495,0.0071010604334363105,0.08876325541795388,0.07259263602279237,0.09259204971509538,0.11644904996141975,1.3516423317459138e-06
440500,58.12152777777778,0.0016500627550757366,0.020625784438446707,0.001606165643806462,0.020077070547580775,0.007134265122599678,0.08917831403249597,0.07273823943422039,0.09077200707224509,0.11636164158950617,1.361353547844065e-06
441000,58.1875,0.0016472281158008146,0.02059035144751018,0.0016023533871405873,0.02002941733925734,0.007165721643667009,0.08957152054583761,0.07280375751898316,0.08995303101271057,0.11540617766203703,1.356680232742351e-06
441500,58.25347222222223,0.001651166279106029,0.02063957848882536,0.0016054053729783176,0.020067567162228968,0.0071966465597094464,0.08995808199636808,0.0734766679631305,0.0815416504608687,0.11521629050925926,1.3631750406284246e-06
442000,58.31944444444444,0.0016535279242784432,0.02066909905348054,0.0016070456572789959,0.02008807071598745,0.007229588688367858,0.09036985860459822,0.07271312737302328,0.09108590783720905,0.11412820698302469,1.3670772981842884e-06
442500,58.385416666666664,0.0016510816671257648,0.02063852083907206,0.0016034980467402834,0.020043725584253543,0.007262212932362602,0.09077766165453252,0.07296421860434323,0.08794726744570969,0.11335358796296297,1.3630353357593975e-06
443000,58.45138888888889,0.0016591732844457303,0.020739666055571628,0.0016100452816149393,0.020125566020186742,0.0072968561735895655,0.09121070216986957,0.07282945954526189,0.08963175568422643,0.11385091145833333,1.376427993909216e-06
443500,58.517361111111114,0.001657851492406154,0.020723143655076923,0.001607936026045813,0.020099200325572664,0.0073287868649568825,0.09160983581196103,0.07314040230885432,0.085744971139321,0.11423972800925926,1.374235785436656e-06
444000,58.58333333333334,0.001660002740568679,0.020750034257108484,0.0016096017859880787,0.020120022324850984,0.007360508241609957,0.09200635302012446,0.07330335747828763,0.0837080315214046,0.1138599537037037,1.3778045493477623e-06
444500,58.64930555555555,0.0016613791704959806,0.020767239631199755,0.0016096086057418885,0.020120107571773606,0.0073943932847970115,0.09242991605996265,0.07332641544621157,0.0834198069223554,0.11313054591049383,1.3800903740789563e-06
445000,58.71527777777778,0.00166440427542219,0.020805053442777374,0.0016124244682101242,0.02015530585262655,0.0074265029806412945,0.09283128725801618,0.07304224226776494,0.08697197165293824,0.11309739101080248,1.3851207960218326e-06
445500,58.78125,0.0016653043757418645,0.020816304696773306,0.001611913287502245,0.020148916093778065,0.007460022994293842,0.09325028742867301,0.07298392874956243,0.0877008906304696,0.11236496913580248,1.3866193319325004e-06
446000,58.84722222222223,0.0016648045311399913,0.020810056639249893,0.0016100312280646516,0.020125390350808146,0.0074931002227585815,0.09366375278448226,0.07265563047115856,0.09180461911051807,0.1120334201388889,1.3857870634521232e-06
446500,58.91319444444444,0.0016658600955037082,0.02082325119379635,0.001610202970210802,0.020127537127635025,0.007525894298781449,0.09407367873476812,0.07201765361886166,0.09977932976422932,0.11144868827160494,1.3875449288958116e-06
447000,58.979166666666664,0.001670738570382245,0.020884232129778062,0.0016139281128040484,0.020174101410050604,0.007556740342163415,0.09445925427704269,0.07286860986189014,0.08914237672637326,0.11144567418981481,1.395683685281454e-06
447500,59.04513888888889,0.0016704765067667303,0.020880956334584127,0.0016130267802555928,0.02016283475319491,0.007591236978148253,0.09489046222685316,0.07299812269632643,0.08752346629591967,0.11101767457561729,1.395245879829789e-06
448000,59.111111111111114,0.0016713848338937365,0.020892310423671706,0.0016133173548748092,0.020166466935935115,0.007624338969198257,0.09530423711497821,0.07272550759159496,0.090931155105063,0.11123167438271606,1.3967636314849967e-06
448500,59.17708333333334,0.0016753320584809112,0.02094165073101139,0.0016149864616399523,0.020187330770499404,0.007657091791496236,0.09571364739370294,0.07282673844454796,0.08966576944315052,0.11008933738425926,1.4033687530869437e-06
449000,59.24305555555555,0.0016738170991027863,0.020922713738784827,0.001613433911003752,0.0201679238875469,0.0076871230899841405,0.09608903862480175,0.07305028230651002,0.08687147116862481,0.11054144965277778,1.4008318406244332e-06
449500,59.30902777777778,0.00167950956538989,0.020993869567373626,0.0016176336229716125,0.020220420287145154,0.007720415163178975,0.09650518953973719,0.07293421701332746,0.08832228733340675,0.10925142264660494,1.4103761901180689e-06
450000,59.375,0.001679064802818881,0.02098831003523601,0.0016167883249133593,0.020209854061416992,0.007753742913276036,0.09692178641595044,0.07314577263408946,0.08567784207388174,0.10984218267746913,1.4096293060326038e-06
450500,59.44097222222223,0.001682213546216831,0.021027669327710385,0.0016190744458268827,0.020238430572836034,0.007787156228171119,0.09733945285213899,0.072800917999075,0.08998852501156251,0.10885054976851852,1.414921207537703e-06
451000,59.50694444444444,0.0016830711125480193,0.02103838890685024,0.0016196646144347273,0.020245807680434092,0.007816732150218504,0.0977091518777313,0.07296886270407392,0.08788921619907597,0.10929060570987655,1.4163641849468136e-06
451500,59.572916666666664,0.0016835594921940508,0.021044493652425635,0.0016189319197457061,0.020236648996821326,0.007850914374542214,0.09813642968177767,0.07301231515370693,0.08734606057866334,0.10863353587962964,1.4171862818783449e-06
452000,59.63888888888889,0.0016875860119218299,0.02109482514902287,0.0016214456358619844,0.020268070448274805,0.007882744178444992,0.09853430223056239,0.07289820271661056,0.08877246604236799,0.10808798707561729,1.4239732738171132e-06
452500,59.704861111111114,0.0016876009560572323,0.021095011950715403,0.0016191861492549765,0.020239826865687205,0.007912285491389367,0.09890356864236707,0.07300779432887115,0.08740257088911063,0.10760573398919752,1.4239984934426425e-06
453000,59.77083333333334,0.001692647552372922,0.021158094404661525,0.0016243492486427808,0.02030436560803476,0.007947102856307526,0.09933878570384407,0.07257377900009036,0.09282776249887048,0.10746708622685185,1.4325278682770218e-06
453500,59.83680555555555,0.0016935907263704586,0.021169884079630732,0.0016237857350093377,0.02029732168761672,0.007980773282820486,0.09975966603525607,0.07326915400348338,0.08413557495645774,0.10767807195216049,1.434124774224009e-06
454000,59.90277777777778,0.001694515955936287,0.021181449449203586,0.0016245167601352652,0.020306459501690813,0.00801197532994967,0.10014969162437086,0.07325078225579176,0.08436522180260297,0.10679796006944445,1.435692162461334e-06
454500,59.96875,0.0016960011467954306,0.021200014334942882,0.0016242711894432894,0.020303389868041116,0.008043176966606308,0.10053971208257885,0.07296399813107053,0.08795002336161839,0.1062524112654321,1.4382099449657077e-06
455000,60.03472222222223,0.0016976940868036676,0.021221176085045843,0.0016251054152928283,0.020313817691160353,0.008076223646364882,0.10095279557956102,0.07296905612811737,0.08788679839853286,0.10615596064814815,1.4410826061840692e-06
455500,60.10069444444444,0.0016986156110764766,0.021232695138455958,0.0016254205009527565,0.020317756261909455,0.008108230029877294,0.10135287537346618,0.07257892050093256,0.09276349373834292,0.10665328414351852,1.4426474970963561e-06
456000,60.166666666666664,0.0017022699832392213,0.021278374790490266,0.0016278310959628145,0.02034788869953518,0.008140218599643536,0.10175273249554419,0.07290037202243821,0.08874534971952242,0.10602635513117284,1.4488615479186294e-06
456500,60.23263888888889,0.0017060789721277234,0.021325987151596542,0.0016304033581492094,0.020380041976865118,0.008170844313229612,0.10213555391537016,0.07313003525260481,0.08587455934243993,0.10550491898148148,1.4553527295681944e-06
457000,60.298611111111114,0.0017065854919166657,0.02133231864895832,0.0016297973617091846,0.020372467021364807,0.008202883229456379,0.10253604036820473,0.07309681701267304,0.0862897873415871,0.10479962384259259,1.456217020610224e-06
457500,60.36458333333334,0.0017069404710363012,0.021336755887953765,0.0016290314573406534,0.020362893216758167,0.008234116129455089,0.1029264516181886,0.07266168113604148,0.09172898579948152,0.10453137056327161,1.456822885830815e-06
458000,60.43055555555555,0.0017082920882259336,0.02135365110282417,0.0016289972410481782,0.020362465513102227,0.008265761241153287,0.10332201551441608,0.07226021242204322,0.09674734472445967,0.10374469521604938,1.4591309293476604e-06
458500,60.49652777777778,0.0017102016244563778,0.021377520305704723,0.0016298279465099652,0.020372849331374565,0.00829644892572984,0.10370561157162299,0.0731549185458844,0.08556351817644492,0.10375373746141975,1.4623947981466167e-06
459000,60.5625,0.0017151335874755426,0.02143916984344428,0.0016343717662467405,0.020429647078084257,0.00832820075138964,0.1041025093923705,0.07275039392108931,0.09062007598638366,0.10300323109567901,1.4708416114433625e-06
459500,60.62847222222223,0.0017140874018715842,0.0214260925233948,0.001631600319820575,0.020395003997757188,0.008359813850800266,0.10449767313500333,0.0727440831436597,0.09069896070425376,0.10329258294753087,1.4690478106274388e-06
460000,60.69444444444444,0.0017158096629240746,0.021447620786550933,0.0016327937530175463,0.020409921912719328,0.008392134089624373,0.10490167612030465,0.07312748867176831,0.08590639160289615,0.10307556905864197,1.472001399691813e-06
460500,60.760416666666664,0.0017186999744857614,0.021483749681072018,0.0016345086028827346,0.020431357536034183,0.008423630035759029,0.10529537544698786,0.07219889681495442,0.0975137898130698,0.10215627411265432,1.4769648011486783e-06
461000,60.82638888888889,0.0017230826820881175,0.021538533526101467,0.0016375650625198314,0.020469563281497894,0.008455330738427413,0.10569163423034267,0.07272054385792258,0.09099320177596781,0.10228889371141975,1.4845069646559902e-06
461500,60.892361111111114,0.0017247668246240565,0.021559585307800704,0.0016384623591254334,0.020480779489067916,0.0084860445602744,0.10607555700343,0.07254287498572425,0.0932140626784469,0.10182472511574074,1.4874102996618753e-06
462000,60.95833333333334,0.0017262366133801888,0.02157795766725236,0.0016391323632629635,0.020489154540787043,0.008516253058047927,0.10645316322559908,0.07286715697553464,0.08916053780581701,0.10173430266203703,1.4899464226871518e-06
462500,61.02430555555555,0.0017320500036612531,0.021650625045765662,0.0016436482264384875,0.020545602830481093,0.008548604060864003,0.10685755076080003,0.07355535978217483,0.08055800272281466,0.10143289448302469,1.4999986075914735e-06
463000,61.09027777777778,0.001729669549670572,0.02162086937088215,0.0016406231453998282,0.020507789317497853,0.008579526108225108,0.10724407635281386,0.07305118705762693,0.08686016177966338,0.10142988040123457,1.4958783755287997e-06
463500,61.15625,0.0017283935498362854,0.021604919372953568,0.001637728900681646,0.020471611258520574,0.008611345452715594,0.10764181815894491,0.07259717336083327,0.09253533298958416,0.10044126157407407,1.493672131557838e-06
464000,61.22222222222223,0.001733762618672195,0.021672032733402437,0.0016425766837316175,0.02053220854664522,0.008642381855985348,0.10802977319981685,0.07273622845215139,0.0907971443481077,0.10054675443672839,1.5029664089525338e-06
464500,61.28819444444444,0.0017351353346435313,0.02168919168304414,0.0016421512198737528,0.02052689024842191,0.00867478713109313,0.10843483913866411,0.07293610178778866,0.0882987276526418,0.10045633198302469,1.5053473147642597e-06
465000,61.354166666666664,0.001739626806896463,0.021745335086205787,0.0016463918896156486,0.020579898620195606,0.008704139911543148,0.10880174889428934,0.07247475459695747,0.09406556753803164,0.10017300829475309,1.513150713636392e-06
465500,61.42013888888889,0.0017378703170916898,0.021723378963646123,0.0016435126258082834,0.02054390782260354,0.008736172249114538,0.10920215311393172,0.07313536922783077,0.08580788465211531,0.09984145929783951,1.5100966195141853e-06
466000,61.486111111111114,0.0017461007021685642,0.02182625877710705,0.001649796898885821,0.020622461236072764,0.00876772987112274,0.10959662338903425,0.07303223746793662,0.0870970316507923,0.09934112172067901,1.5244338310567764e-06
466500,61.55208333333334,0.0017408045301002613,0.021760056626253264,0.0016437262087843811,0.020546577609804766,0.008796905164018683,0.10996131455023353,0.07296646275792375,0.08791921552595316,0.09880461516203703,1.5152002060087958e-06
467000,61.61805555555555,0.0017483333143364843,0.021854166429206054,0.0016508966338978461,0.020636207923723077,0.008828882811188377,0.11036103513985471,0.07265259821723832,0.09184252228452094,0.09849416473765432,1.528334689009398e-06
467500,61.68402777777778,0.001747553896144337,0.02184442370180421,0.001648157665473042,0.020601970818413026,0.00885830193963479,0.11072877424543488,0.0726243006890753,0.0921962413865588,0.09826810860339506,1.526972309964626e-06
468000,61.75,0.0017485893436360624,0.021857366795450778,0.0016481509525214922,0.02060188690651865,0.008890169832553757,0.11112712290692196,0.07241464202190542,0.09481697472618222,0.09777681327160494,1.5287823463387977e-06
468500,61.81597222222223,0.0017550178880329913,0.021937723600412393,0.0016534784180783392,0.02066848022597924,0.00892191424980655,0.11152392812258187,0.07269755037353375,0.09128062033082818,0.09741512345679013,1.5400438936578904e-06
469000,61.88194444444444,0.0017546503040452293,0.021933128800565367,0.001652035066608091,0.020650438332601138,0.008952022600743929,0.1119002825092991,0.07294647204416227,0.08816909944797169,0.0971950954861111,1.5393988447430076e-06
469500,61.947916666666664,0.0017557451388173215,0.02194681423521652,0.001651419671474307,0.02064274589342884,0.00898390701631312,0.112298837703914,0.07259709505835296,0.09253631177058796,0.09712878568672839,1.5413204962403278e-06
470000,62.01388888888889,0.00175952841717981,0.021994105214747626,0.0016544035747737542,0.02068004468467193,0.009014248956765582,0.11267811195956978,0.07213057119256576,0.09836786009292797,0.09663447627314815,1.5479701254316437e-06
470500,62.079861111111114,0.001758996994841647,0.021987462435520588,0.00165295858176732,0.0206619822720915,0.009043537747037903,0.11304422183797379,0.07282974008256847,0.08962824896789412,0.09602864583333333,1.5470352139309728e-06
471000,62.14583333333334,0.0017598727147444865,0.02199840893430608,0.0016523906243568218,0.020654882804460272,0.009076055322780214,0.11345069153475267,0.07312281263996813,0.08596484200039844,0.09624565972222222,1.5485759860510642e-06
471500,62.21180555555555,0.0017631774684119094,0.02203971835514887,0.0016541437802332617,0.020676797252915772,0.00910724729638566,0.11384059120482075,0.07267064335704156,0.09161695803698056,0.09652295524691358,1.5543973925577148e-06
472000,62.27777777777778,0.001763887908068503,0.022048598850856287,0.001653407597241805,0.020667594965522562,0.009138921905085471,0.11423652381356839,0.07324527227131797,0.08443409660852541,0.0957543643904321,1.5556502761151398e-06
472500,62.34375,0.0017710464902523572,0.022138081128154467,0.0016596281113341587,0.020745351391676985,0.009169647205395174,0.11462059006743967,0.0726063277510036,0.09242090311245499,0.0951877170138889,1.5683028353175964e-06
473000,62.40972222222223,0.001769426829345049,0.02211783536681311,0.0016560103230164234,0.02070012903770529,0.009201580537288798,0.11501975671610996,0.07319301783147444,0.08508727710656949,0.0949435763888889,1.5654356522030364e-06
473500,62.47569444444444,0.0017704376014024727,0.022130470017530907,0.0016561451185436184,0.02070181398179523,0.00923319208081165,0.11541490101014562,0.07297390696462538,0.0878261629421827,0.09485918209876543,1.5672246502298702e-06
474000,62.541666666666664,0.0017758572731795055,0.02219821591474382,0.0016601829885327074,0.020752287356658843,0.009263767281529346,0.11579709101911682,0.07284208125385419,0.08947398432682263,0.09418402777777778,1.5768345273522743e-06
474500,62.60763888888889,0.0017740178386011984,0.02217522298251498,0.001655534364791487,0.020694179559893586,0.009294142750908412,0.11617678438635515,0.07273142182670354,0.0908572271662057,0.09386754918981481,1.5735696458376336e-06
475000,62.673611111111114,0.0017773672315014662,0.022217090393768325,0.001658144727864618,0.020726809098307725,0.009326385983261288,0.11657982479076609,0.07261445125185852,0.0923193593517686,0.09398811246141975,1.579517137807593e-06
475500,62.73958333333334,0.0017808398897076986,0.02226049862134623,0.0016601268824217527,0.02075158603027191,0.009358664497107079,0.11698330621383848,0.07310344032704917,0.08620699591188541,0.09294222608024691,1.585695356387064e-06
476000,62.80555555555555,0.001779827698789903,0.022247846234873785,0.0016571664133985511,0.02071458016748189,0.009388911605797547,0.11736139507246934,0.0720446352312487,0.09944205960939134,0.09271616994598765,1.583893318689881e-06
476500,62.87152777777778,0.0017844611815989759,0.022305764769987198,0.001661136415096428,0.02076420518870535,0.009420227209645006,0.11775284012056257,0.07214563246891575,0.09817959413855304,0.09214650848765432,1.5921508543168064e-06
477000,62.9375,0.0017859944620000603,0.022324930775000754,0.0016602254737176439,0.02075281842147055,0.009452877498356087,0.11816096872945109,0.0736534050793712,0.07933243650786004,0.09254738136574074,1.5948881091474423e-06
477500,63.00347222222223,0.0017883606893986952,0.022354508617483688,0.0016607599022905508,0.020759498778631886,0.009484558524531854,0.11855698155664818,0.07263085343041652,0.09211433211979358,0.0917456356095679,1.599116977693288e-06
478000,63.06944444444444,0.0017904692543983403,0.022380865679979253,0.0016615666722749674,0.020769583403437094,0.009515415188801914,0.11894268986002393,0.07252093641569753,0.09348829480378096,0.09139298804012345,1.6028900754728742e-06
478500,63.135416666666664,0.0017926742253341111,0.022408427816676388,0.0016624644572158947,0.020780805715198684,0.009547087184993168,0.11933858981241459,0.0729475300236454,0.08815587470443254,0.09137791763117284,1.6068404390886279e-06
479000,63.20138888888889,0.0017962370188032537,0.02245296273504067,0.0016639246465979362,0.020799058082474203,0.009579932904535288,0.1197491613066911,0.0721666283269573,0.09791714591303369,0.09111267843364197,1.6132337138596002e-06
479500,63.267361111111114,0.0017999570408412293,0.022499463010515367,0.001666203387213235,0.02082754234016544,0.009613028111049547,0.12016285138811934,0.07316913989084886,0.0853857513643893,0.09008487654320987,1.6199226744369572e-06
480000,63.33333333333334,0.001801240661983442,0.022515508274793025,0.0016651019027160336,0.02081377378395042,0.00964452293697582,0.12055653671219775,0.07256212188898849,0.09297347638764397,0.09018434124228394,1.6222339611912742e-06
480500,63.39930555555555,0.0018056566028972266,0.02257070753621533,0.001667836313419367,0.02084795391774209,0.009676397573544571,0.12095496966930713,0.07307233455404036,0.08659581807449557,0.09001555266203703,1.6301978837931764e-06
481000,63.46527777777778,0.001809168365638336,0.0226146045704792,0.0016699831294398892,0.020874789117998616,0.009709751169859063,0.12137188962323829,0.07227498083663902,0.09656273954201222,0.09009994695216049,1.6365450876132437e-06
481500,63.53125,0.001808481013356938,0.022606012666961724,0.0016667217489340714,0.02083402186167589,0.009740324435218784,0.1217540554402348,0.07224175655367132,0.09697804307910851,0.08953329957561729,1.6353017878362685e-06
482000,63.59722222222223,0.0018163860448380381,0.022704825560475476,0.0016737902450203329,0.02092237806275416,0.009774912377265294,0.12218640471581617,0.0727570247546764,0.09053719056654508,0.08866222993827161,1.6496291319411857e-06
482500,63.66319444444444,0.0018163790033499196,0.022704737541873996,0.0016708679409711998,0.020885849262139995,0.009806642151068022,0.12258302688835027,0.07200026023951309,0.0999967470060864,0.08887321566358025,1.6496163419052238e-06
483000,63.729166666666664,0.0018150636133749253,0.022688295167186567,0.0016671953677928836,0.020839942097411045,0.009837232809957061,0.12296541012446326,0.07231962129603123,0.09600473379960972,0.08807448398919752,1.6472279602988202e-06
483500,63.79513888888889,0.0018214185427195722,0.022767731783994653,0.0016720042221406624,0.020900052776758278,0.00987030120464076,0.1233787650580095,0.07296164772291958,0.0879794034635053,0.08821915991512345,1.6587827538813449e-06
484000,63.861111111111114,0.0018208880344476887,0.02276110043059611,0.001669053012504557,0.02086316265630696,0.009903131158561871,0.12378913948202339,0.07335759680532715,0.08303003993341063,0.08764949845679013,1.6578166169973836e-06
484500,63.92708333333334,0.0018276264970340207,0.022845331212925257,0.001674184819323015,0.020927310241537687,0.009936934249130395,0.12421167811412993,0.0719662250914192,0.10042218635725997,0.08734809027777778,1.6701093063304225e-06
485000,63.99305555555555,0.0018312517062283268,0.022890646327854085,0.0016754490040049293,0.020943112550061614,0.009967108796886,0.12458885996107501,0.07333299544081895,0.0833375569897632,0.08770073784722222,1.676741405782079e-06
485500,64.05902777777777,0.0018281393239789558,0.022851741549736945,0.0016697938236762647,0.02087242279595331,0.01000051314827103,0.12500641435338788,0.07242313577306687,0.09471080283666411,0.08661566840277778,1.6710466939391167e-06
486000,64.125,0.0018330570218998362,0.022913212773747953,0.0016733973510926904,0.02091746688865863,0.010034640603971814,0.12543300754964767,0.0727704328397108,0.09036958950361507,0.08634741512345678,1.6800490227681483e-06
486500,64.19097222222223,0.0018344457419286952,0.02293057177410869,0.0016725578417244303,0.020906973021555378,0.010065426692075144,0.1258178336509393,0.07276333336581106,0.09045833292736172,0.08570240162037036,1.6825955900401607e-06
487000,64.25694444444444,0.001838217453549575,0.022977718169369686,0.001673178903309196,0.02091473629136495,0.010098652082497137,0.1262331510312142,0.07241881270472803,0.09476484119089967,0.085693359375,1.6895217032671418e-06
487500,64.32291666666667,0.0018423398700366251,0.023029248375457813,0.0016753817291094491,0.020942271613868114,0.010129569075684105,0.1266196134460513,0.07246378016758015,0.09420274790524819,0.08523823302469136,1.6971080983632846e-06
488000,64.38888888888889,0.0018463710339627804,0.023079637924534754,0.0016766772902494442,0.020958466128118053,0.010163058246575431,0.1270382280821929,0.07132143702980721,0.10848203712740989,0.08490668402777778,1.7045429975283935e-06
488500,64.45486111111111,0.0018498193981382224,0.02312274247672778,0.001678386813507414,0.020979835168842675,0.010194951796000207,0.12743689745000258,0.07238784009430271,0.09515199882121606,0.08505738811728394,1.7109159028642276e-06
489000,64.52083333333334,0.0018525942607611095,0.02315742825951387,0.001678661482608074,0.020983268532600925,0.010225630704565909,0.12782038380707386,0.07298012313383165,0.08774846082710441,0.08512972608024691,1.716052747502501e-06
489500,64.58680555555556,0.0018559437158072877,0.023199296447591094,0.0016794989855334229,0.020993737319167784,0.010258182513622307,0.12822728142027884,0.07297992837596404,0.08775089530044955,0.08426468460648148,1.7222635381222812e-06
490000,64.65277777777777,0.0018584253406369712,0.02323031675796214,0.0016795914028037498,0.020994892535046873,0.010290519667981925,0.12863149584977407,0.07160399846662625,0.10495001916717184,0.08405972704475309,1.7268723733608214e-06
490500,64.71875,0.0018621609474694597,0.023277011843368247,0.0016807771580578561,0.021009714475723203,0.010324646573352787,0.12905808216690984,0.07251086810313218,0.09361414871084783,0.08370707947530864,1.733821697140178e-06
491000,64.78472222222223,0.0018654512546256595,0.023318140682820742,0.001681004304554634,0.021012553806932923,0.01035658258474463,0.1294572823093079,0.07272254668905541,0.09096816638680738,0.0832790798611111,1.7399541916922235e-06
491500,64.85069444444444,0.001867715476124539,0.023346443451556734,0.0016816096761355676,0.021020120951694594,0.010388081309800921,0.1298510163725115,0.07319614845889068,0.08504814426386653,0.08279381269290123,1.7441805498775567e-06
492000,64.91666666666667,0.0018743689047748988,0.023429611309686234,0.0016851513470071923,0.021064391837589902,0.010419715515166704,0.1302464439395838,0.07100715071775336,0.112410616028083,0.08306508005401235,1.7566293955935268e-06
492500,64.98263888888889,0.0018740441805362702,0.023425552256703376,0.0016827532130920173,0.021034415163650216,0.010452470026634153,0.1306558753329269,0.07293078682930501,0.08836516463368738,0.08252857349537036,1.7560207953009302e-06
493000,65.04861111111111,0.001879619020817433,0.02349523776021791,0.0016852062945241233,0.021065078681551542,0.010485104525865683,0.13106380657332103,0.07269894824452765,0.09126314694340443,0.08235074266975309,1.766483831709343e-06
493500,65.11458333333334,0.0018803459181491824,0.02350432397686478,0.001683256939395131,0.021040711742439138,0.010517334410504849,0.1314666801313106,0.07322206685710302,0.08472416428621232,0.08198302469135803,1.767850385950146e-06
494000,65.18055555555556,0.0018832042466259988,0.023540053082824985,0.0016839810058132591,0.021049762572665737,0.010547839017548135,0.1318479877193517,0.0730225509894033,0.08721811263245871,0.08155803915895062,1.773229117255098e-06
494500,65.24652777777777,0.0018890544140941102,0.023613180176176377,0.0016869752721151473,0.021087190901439342,0.01058037561545244,0.1322546951931555,0.07258913013722662,0.09263587328466727,0.08149775752314815,1.7842632897042208e-06
495000,65.3125,0.001890737949420395,0.023634224367754936,0.0016859166369390956,0.021073957961738696,0.010612547130222385,0.1326568391277798,0.07272071992269262,0.09099100096634227,0.08141939139660494,1.78744499668922e-06
495500,65.37847222222223,0.0018940209411138886,0.023675261763923608,0.0016868285447938249,0.02108535680992281,0.010644958440851967,0.13306198051064957,0.07278570389831891,0.09017870127101357,0.08038857542438271,1.7936576626889703e-06
496000,65.44444444444444,0.00190015387814137,0.023751923476767127,0.001690434940143108,0.021130436751788852,0.01067630134976337,0.13345376687204213,0.07292850904267126,0.08839363696660929,0.08036747685185185,1.8052923803078442e-06
496500,65.51041666666667,0.0019018430605084794,0.023773038256355992,0.0016890364594294533,0.021112955742868166,0.010706952692530828,0.13383690865663536,0.07280263423440221,0.08996707206997234,0.0797315055941358,1.8085035134021296e-06
497000,65.57638888888889,0.0019082658563648123,0.023853323204560153,0.0016934716351139454,0.021168395438924317,0.010739177830272652,0.13423972287840816,0.07291746532879584,0.08853168339005202,0.07993947723765432,1.8207392892838654e-06
497500,65.64236111111111,0.0019085941432526005,0.023857426790657506,0.0016917291282900078,0.0211466141036251,0.010769390616339558,0.13461738270424448,0.0714339045606076,0.10707619299240512,0.07990933641975309,1.821365801829064e-06
498000,65.70833333333334,0.001911501984988697,0.023893774812358715,0.0016910817856412024,0.021138522320515028,0.010801807414968395,0.13502259268710493,0.07290746886171874,0.08865663922851574,0.07926733699845678,1.8269199193078647e-06
498500,65.77430555555556,0.0019206642061644125,0.024008302577055156,0.0016980435620811826,0.021225544526014783,0.010832950153224557,0.13541187691530696,0.07234842381014135,0.09564470237323308,0.07915883005401235,1.8444754964205863e-06
499000,65.84027777777777,0.0019172590792060006,0.02396573849007501,0.0016909049223277144,0.02113631152909643,0.010862896751825326,0.13578620939781658,0.07306986998676611,0.08662662516542363,0.07867959104938271,1.8379411883989207e-06
499500,65.90625,0.0019242953131316245,0.024053691414145307,0.0016961674531047613,0.021202093163809516,0.010895945477297374,0.13619931846621716,0.07277344644902874,0.0903319193871408,0.07855902777777778,1.8514562260701684e-06
500000,65.97222222222223,0.0019297323773554134,0.024121654716942668,0.0016985872083066836,0.021232340103833545,0.010925291766084883,0.13656614707606105,0.07262620933227222,0.09217238334659728,0.07868561921296297,1.861933524106888e-06
500500,66.03819444444444,0.0019334083755808897,0.024167604694761122,0.0016999258744692725,0.021249073430865906,0.010956829371147933,0.13696036713934917,0.073230573855586,0.08461782680517504,0.07768192997685185,1.8690339733831671e-06
501000,66.10416666666667,0.001933258492422941,0.024165731155286762,0.0016970486464240376,0.02121310808030047,0.01098601621797443,0.13732520272468038,0.07283829503865648,0.08952131201679403,0.07787483121141975,1.8687441992627112e-06
501500,66.17013888888889,0.0019360619645723428,0.024200774557154286,0.0016966470348480918,0.021208087935601146,0.011018106747155563,0.13772633433944453,0.07245921454571749,0.09425981817853135,0.07770001446759259,1.8741679653318598e-06
502000,66.23611111111111,0.0019419264920483886,0.024274081150604858,0.0017006437321067526,0.021258046651334406,0.011047994755681103,0.1380999344460138,0.07272907260096831,0.09088659248789621,0.0771484375,1.8855392502596803e-06
502500,66.30208333333334,0.001947028402749003,0.024337855034362536,0.0017022597545797214,0.021278246932246517,0.011077800954334355,0.13847251192917945,0.0724300850992476,0.09462393625940502,0.07653055073302469,1.895459800555667e-06
503000,66.36805555555556,0.001948637726451165,0.024357971580639563,0.001702305819841554,0.021278822748019423,0.011108846169109319,0.13886057711386648,0.07259981559118175,0.09250230511022806,0.07611460744598765,1.8985944944743828e-06
503500,66.43402777777777,0.0019511049302906285,0.024388811628632857,0.0017009229235306128,0.02126153654413266,0.0111402157851189,0.13925269731398626,0.07264795324182492,0.09190058447718852,0.0762622974537037,1.9034052245021994e-06
504000,66.5,0.0019514207525578645,0.024392759406973306,0.001698780011671257,0.021234750145890713,0.011167211004530804,0.13959013755663505,0.07204440476353079,0.09944494045586516,0.07587046682098765,1.9040214767567512e-06
504500,66.56597222222223,0.0019590235736834222,0.024487794671042777,0.0017035616188093123,0.021294520235116403,0.011198636841472832,0.1399829605184104,0.07262685354155557,0.09216433073055541,0.07556303047839506,1.918886681123683e-06
505000,66.63194444444444,0.0019630137601884777,0.02453767200235597,0.0017054246408518881,0.0213178080106486,0.01122647084503105,0.1403308855628881,0.07245331353656324,0.0943335807929595,0.07550576292438271,1.9267115113446535e-06
505500,66.69791666666667,0.0019670913525146067,0.024588641906432583,0.001705997925160811,0.021324974064510137,0.011258670212413478,0.14073337765516847,0.07230444073431307,0.09619449082108666,0.07494514371141975,1.934724194568872e-06
506000,66.76388888888889,0.0019694493046522065,0.024618116308152582,0.0017065506692400564,0.021331883365500705,0.011287802051794634,0.14109752564743291,0.07279021282226936,0.09012233972163308,0.07478841145833333,1.9393652817975296e-06
506500,66.82986111111111,0.001970610450946843,0.02463263063683554,0.0017051707189324147,0.021314633986655184,0.011314200461843466,0.14142750577304333,0.07217477322113071,0.09781533473586612,0.07447796103395062,1.94165277469046e-06
507000,66.89583333333334,0.001971631621609683,0.02464539527012104,0.0017029246095890598,0.021286557619863245,0.011345339684192437,0.14181674605240546,0.07231471038004124,0.09606612024948458,0.07431821469907407,1.943665625665614e-06
507500,66.96180555555556,0.0019834592591855744,0.02479324073981968,0.0017131242138820222,0.021414052673525277,0.011373644800959733,0.14217056001199666,0.0720318454871518,0.09960193141060247,0.07431821469907407,1.967055316424494e-06
508000,67.02777777777777,0.001982449330907008,0.024780616636337596,0.001709047231075785,0.021363090388447314,0.011403011140879691,0.14253763926099614,0.07255886993039345,0.09301412587008184,0.0741162712191358,1.9650526748068214e-06
508500,67.09375,0.0019883991353740627,0.024854989192175783,0.0017130896325113249,0.02141362040639156,0.011431099456267736,0.14288874320334669,0.07229454104957772,0.09631823688027852,0.0740650318287037,1.9768655607781604e-06
509000,67.15972222222223,0.0019872355206803764,0.024840444008504704,0.0017081591843242283,0.021351989804052854,0.011460510077070694,0.14325637596338367,0.0722780686843754,0.09652414144530741,0.07295584972993827,1.9745525073269034e-06
509500,67.22569444444444,0.001990378993970365,0.02487973742462956,0.001710043198306361,0.021375539978829513,0.011487175027103318,0.14358968783879147,0.07299892128604483,0.08751348392443958,0.07263937114197531,1.9808042698192412e-06
510000,67.29166666666667,0.00199242869648099,0.024905358706012376,0.0017090688786245965,0.021363360982807455,0.011516475159171143,0.14395593948963928,0.07262234354660335,0.0922207056674581,0.07228672357253087,1.984886055280469e-06
510500,67.35763888888889,0.001997504835374119,0.024968810442176487,0.0017124770771008186,0.02140596346376023,0.011543991418973928,0.1442998927371741,0.07219719105867883,0.09753511176651464,0.07246756847993827,1.9950127836714933e-06
511000,67.42361111111111,0.0019978078902415488,0.024972598628019357,0.001708710939837415,0.021358886747967685,0.011572251398976307,0.14465314248720385,0.07248375816029795,0.09395302299627561,0.07177131558641975,1.995618183155694e-06
511500,67.48958333333334,0.002001318792367031,0.02501648490458789,0.0017108742741754415,0.02138592842719302,0.011599463173285893,0.14499328966607367,0.07228491764330963,0.09643852945862963,0.07153621720679013,2.0026384543407157e-06
512000,67.55555555555556,0.0020042415537290495,0.02505301942161312,0.001710997710680894,0.021387471383511176,0.01162600204818744,0.145325025602343,0.07251745580017953,0.09353180249775594,0.07154224537037036,2.008492102847117e-06
512500,67.62152777777777,0.0020103474133054016,0.02512934266631752,0.0017152727689918345,0.021440909612397932,0.011656044455255634,0.14570055569069543,0.071922390297925,0.10097012127593741,0.07104190779320987,2.0207483610918594e-06
513000,67.6875,0.0020112927685785095,0.02514115960723137,0.001714250240988518,0.021428128012356475,0.011682125563323,0.14602656954153748,0.07288481473265986,0.08893981584175181,0.0710961612654321,2.022649300468103e-06
513500,67.75347222222223,0.0020183611649150675,0.025229514561438342,0.0017185229873255521,0.0214815373415694,0.011709872411513323,0.14637340514391653,0.07281804127827432,0.08977448402157107,0.07076461226851852,2.036890896018654e-06
514000,67.81944444444444,0.002019361638372393,0.025242020479654913,0.001717391034610885,0.021467387932636063,0.011736447833033509,0.14670559791291887,0.07184548765778645,0.10193140427766945,0.07067117573302469,2.038910713265018e-06
514500,67.88541666666667,0.002022588313249932,0.02528235391562415,0.0017177723346679667,0.021472154183349582,0.011765511387586509,0.14706889234483136,0.07315416462705925,0.08557294216175948,0.07014973958333333,2.045431742447603e-06
515000,67.95138888888889,0.0020255686797357366,0.02531960849669671,0.0017187606038681599,0.021484507548352,0.011791601750928875,0.14739502188661094,0.07258681730611145,0.09266478367360687,0.07046019000771606,2.0514642381631875e-06
515500,68.01736111111111,0.0020278435050624095,0.025348043813280118,0.0017190879251091772,0.021488599063864716,0.011818834426649707,0.14773543033312134,0.07241864943485693,0.0947668820642884,0.06996286651234568,2.056074640511899e-06
516000,68.08333333333334,0.0020314581044368874,0.025393226305461092,0.0017203809941971735,0.021504762427464668,0.011846497326541017,0.1480812165817627,0.07191952237649903,0.10100597029376224,0.06937210648148148,2.063411015041156e-06
516500,68.14930555555556,0.0020339835867260164,0.025424794834075205,0.001719355593193743,0.021491944914921787,0.011874702248775139,0.14843377810968922,0.07193745739587952,0.10078178255150605,0.06917317708333333,2.0685446155354154e-06
517000,68.21527777777777,0.002035273556191474,0.025440919452393428,0.0017191452659057608,0.02148931582382201,0.011900314494769713,0.1487539311846214,0.0724829526089011,0.09396309238873624,0.06871202256944445,2.0711692242661453e-06
517500,68.28125,0.0020372440413876777,0.02546555051734597,0.001718365156850775,0.021479564460634686,0.011927385610004318,0.14909232012505397,0.0727723858403607,0.09034517699549116,0.0685010368441358,2.075181642084799e-06
518000,68.34722222222223,0.0020438574804945986,0.025548218506182482,0.0017238892382861566,0.021548615478576956,0.011953991591922354,0.1494248948990294,0.07162338457486808,0.10470769281414904,0.06900740258487655,2.088676700286864e-06
518500,68.41319444444444,0.0020488712824444557,0.025610891030555697,0.0017251962597657473,0.02156495324707184,0.011981809933363325,0.14977262416704157,0.07244325182826993,0.09445935214662593,0.06833827642746913,2.098936766012794e-06
519000,68.47916666666667,0.0020482385729876577,0.02560298216234572,0.001722819648933761,0.02153524561167201,0.012009035528199942,0.15011294410249926,0.07150580381243954,0.10617745234450582,0.06853117766203703,2.097640625937258e-06
519500,68.54513888888889,0.0020519193166994194,0.02564899145874274,0.0017243885663264103,0.021554857079080128,0.012035199840210635,0.15043999800263294,0.07306105705272109,0.0867367868409864,0.0678198543595679,2.1051864411221058e-06
520000,68.61111111111111,0.0020547294607700557,0.025684118259625695,0.0017255423742763118,0.021569279678453897,0.012062769965581211,0.15078462456976513,0.0719651743334385,0.10043532083201867,0.06791931905864197,2.110956578478202e-06
520500,68.67708333333334,0.0020585987391848197,0.025732484239810244,0.0017270164984649282,0.021587706230811604,0.012089175961477941,0.15111469951847425,0.07302758112988549,0.08715523587643148,0.06742500964506173,2.1189143844866647e-06
521000,68.74305555555556,0.0020612463274920934,0.025765579093651167,0.0017279714905820815,0.021599643632276018,0.012117244054162356,0.15146555067702944,0.0720411639906047,0.09948545011744125,0.06751241801697531,2.124368211299821e-06
521500,68.80902777777777,0.0020632375900081104,0.02579046987510138,0.001726602561797338,0.021582532022466724,0.012142878644995575,0.1517859830624447,0.0719577528525606,0.1005280893429924,0.06712962962962964,2.1284746764112375e-06
522000,68.875,0.0020658205119959156,0.025822756399948944,0.001727060644331517,0.021588258054143963,0.012171093766508505,0.1521386720813563,0.07257380722969316,0.09282740962883551,0.06654188368055555,2.1338071938915335e-06
522500,68.94097222222223,0.0020740479593070174,0.025925599491337718,0.001734881799487492,0.02168602249359365,0.012196811239060218,0.1524601404882527,0.0721213555334006,0.0984830558324925,0.06597825038580248,2.150837468752801e-06
523000,69.00694444444444,0.0020713130347712943,0.02589141293464118,0.0017284461846086784,0.02160557730760848,0.012223080256655753,0.1527885032081969,0.07078065641242061,0.1152417948447424,0.06642433449074074,2.145168844006734e-06
523500,69.07291666666667,0.0020776519653634496,0.02597064956704312,0.0017334700045280372,0.021668375056600464,0.012250632488307212,0.15313290610384014,0.0721800380617948,0.09774952422756511,0.06698193962191358,2.1583188445893027e-06
524000,69.13888888888889,0.002075213722056021,0.025940171525700263,0.0017290716158565225,0.02161339519820653,0.01227736246522271,0.15346703081528387,0.07276554068887191,0.09043074138910112,0.0660083912037037,2.1532559961048028e-06
524500,69.20486111111111,0.002078838906159654,0.025985486326995676,0.0017287656131853262,0.02160957016481658,0.012304341882975963,0.15380427353719953,0.0725206629887034,0.09349171264120759,0.06612895447530864,2.1607855988815336e-06
525000,69.27083333333334,0.002084207419868685,0.026052592748358566,0.0017328093354412241,0.0216601166930153,0.012331053228177952,0.1541381653522244,0.07234857845461898,0.09564276931726279,0.06518253279320987,2.1719602845178413e-06
525500,69.33680555555556,0.0020874871077556836,0.026093588846946045,0.001734275737653563,0.02167844672066954,0.01235668482828031,0.1544585603535039,0.07263116706240853,0.09211041171989331,0.06531213831018519,2.1788012125230945e-06
526000,69.40277777777777,0.002088463601401832,0.0261057950175229,0.001732799788310823,0.021659997353885286,0.012385053780175037,0.15481317225218796,0.07233560264873602,0.09580496689079976,0.06458273051697531,2.180840107190155e-06
526500,69.46875,0.00209344368000782,0.02616804600009775,0.001736113727145182,0.021701421589314776,0.012411307127777374,0.15514133909721717,0.07262280386847184,0.0922149516441021,0.06424213927469136,2.1912532206823416e-06
527000,69.53472222222223,0.002097133008550486,0.026214162606881076,0.0017379325108564728,0.02172415638570591,0.012437873866836025,0.1554734233354503,0.0720559863130278,0.0993001710871525,0.06479371624228394,2.1989834277760064e-06
527500,69.60069444444444,0.00210451929734823,0.026306491216852874,0.001742932540047131,0.021786656750589137,0.012465566380170644,0.15581957975213304,0.07181015712963099,0.10237303587961266,0.06398594232253087,2.214500736455544e-06
528000,69.66666666666667,0.0021029018214488875,0.026286272768111095,0.0017395631154835949,0.021744538943544934,0.012490498165181786,0.1561312270647723,0.07285693100559396,0.08928836243007554,0.06399799864969136,2.211098035326525e-06
528500,69.73263888888889,0.0021061582998259886,0.02632697874782486,0.0017398932991890595,0.021748666239863244,0.012519343469804184,0.15649179337255228,0.07260993460275708,0.09237581746553647,0.06375385802469136,2.217951391962949e-06
529000,69.79861111111111,0.0021081946993002387,0.026352433741252984,0.0017407458483859276,0.021759323104824094,0.012543982643291261,0.15679978304114076,0.0729679131690677,0.08790108538665375,0.06402211130401235,2.2222424450788115e-06
529500,69.86458333333334,0.002110714212324379,0.02638392765405474,0.0017397261772394265,0.02174657721549283,0.012571766944834526,0.15714708681043157,0.07206019841760701,0.09924751977991242,0.06346752025462964,2.227557243054062e-06
530000,69.93055555555556,0.002112823600998533,0.02641029501248166,0.001738875091025139,0.02173593863781424,0.0125986064277433,0.15748258034679125,0.07300165880650006,0.08747926491874924,0.06304253472222222,2.2320117844682038e-06
530500,69.99652777777777,0.0021146414959617526,0.026433018699521908,0.0017384046082051946,0.021730057602564933,0.01262555766040485,0.15781947075506061,0.07227994118245085,0.09650073521936442,0.06279839409722222,2.2358543282216795e-06
531000,70.0625,0.0021192695218728436,0.026490869023410545,0.001740058239202745,0.021750727990034312,0.012652867080547645,0.15816083850684556,0.07310905771819418,0.08613677852257284,0.06251507040895062,2.2456516531695754e-06
531500,70.12847222222223,0.002121161440114899,0.026514518001436234,0.0017404283980529066,0.021755354975661334,0.012678723305385652,0.15848404131732063,0.0724260119109901,0.09467485111262375,0.06246684510030864,2.2496629275151554e-06
532000,70.19444444444444,0.0021240179358026365,0.026550224197532956,0.001739952135434569,0.021749401692932113,0.012705251793213435,0.15881564741516793,0.07284169132199803,0.08947885847502468,0.06197856385030864,2.2557260958056462e-06
532500,70.26041666666667,0.002127415848033137,0.02659269810041421,0.0017415406778339797,0.021769258472924744,0.012732507584008346,0.15915634480010432,0.07216187308531276,0.09797658643359053,0.06205692997685185,2.262949095231276e-06
533000,70.32638888888889,0.0021320709373019485,0.026650886716274354,0.0017451655508341705,0.02181456938542713,0.012758356227409147,0.15947945284261433,0.07285159932953082,0.08935500838086474,0.06131245177469136,2.2728632408438044e-06
533500,70.39236111111111,0.0021349834539263726,0.026687293174079658,0.0017441454862774971,0.021801818578468714,0.01278560679466993,0.15982008493337413,0.07287654836394003,0.08904314545074965,0.06156563464506173,2.279077174269692e-06
534000,70.45833333333334,0.00214001113911398,0.02675013923892475,0.0017477767633934593,0.02184720954241824,0.012812247688842503,0.16015309611053127,0.07194268435429034,0.10071644557137072,0.061372733410493825,2.2898238377659575e-06
534500,70.52430555555556,0.0021425410454805295,0.026781763068506617,0.001747112189191085,0.02183890236488856,0.012838001847253963,0.16047502309067455,0.07238203927981936,0.0952245090022581,0.061273268711419755,2.2952410657844e-06
535000,70.59027777777779,0.0021485468574285443,0.026856835717856804,0.001751542845854534,0.021894285573181675,0.012865328379566936,0.1608166047445867,0.07261831366525492,0.09227107918431343,0.06096583236882716,2.308126799283037e-06
535500,70.65625,0.002147533524772139,0.026844169059651736,0.0017473326269593498,0.021841657836991872,0.01289214496133005,0.16115181201662562,0.07247003928821252,0.09412450889734347,0.060326847029320986,2.3059501200101237e-06
536000,70.72222222222223,0.0021496656948227755,0.026870821185284693,0.00174579727549317,0.021822465943664625,0.012919705314265294,0.1614963164283162,0.07342354574640338,0.08220567816995783,0.059898847415123455,2.3105312997489434e-06
536500,70.78819444444444,0.0021558801064349136,0.02694850133043642,0.0017493242085417319,0.021866552606771648,0.012947190382014017,0.1618398797751752,0.07288172051144952,0.08897849360688104,0.060649353780864196,2.323909516660907e-06
537000,70.85416666666667,0.0021604477670546245,0.027005597088182804,0.0017511064690991392,0.021888830863739238,0.012973730636103284,0.16217163295129106,0.07176728244988312,0.10290896937646099,0.06027560763888889,2.3337672770856564e-06
537500,70.92013888888889,0.002160719206847753,0.02700899008559691,0.001748835030511691,0.021860437881396137,0.013001030172023292,0.16251287715029114,0.0728621061848938,0.08922367268882747,0.05968484760802469,2.334353745420392e-06
538000,70.98611111111111,0.0021678939068796106,0.02709867383599513,0.0017538780919244402,0.0219234761490555,0.013028218639521458,0.16285273299401823,0.07192415128084603,0.10094810898942463,0.059965157214506175,2.3498819957428705e-06
538500,71.05208333333334,0.002172759529539572,0.02715949411924465,0.0017563257485971552,0.02195407185746444,0.013056015084057354,0.1632001885507169,0.07248391377172371,0.09395107785345369,0.059802396797839504,2.360441986602512e-06
539000,71.11805555555556,0.0021741320866721678,0.027176651083402097,0.0017544747094761755,0.021930933868452192,0.013082572016393736,0.1635321502049217,0.07125418693680913,0.10932266328988594,0.059573326581790126,2.363425165148737e-06
539500,71.18402777777779,0.002178117661260703,0.02722647076575879,0.001754775995182965,0.021934699939787063,0.013110609828774504,0.1638826228596813,0.07244723657546481,0.0944095428066899,0.058765552662037035,2.372098273147897e-06
540000,71.25,0.0021790768173284105,0.027238460216605132,0.0017535137389326206,0.021918921736657757,0.013136819321489414,0.16421024151861768,0.07241263098203976,0.09484211272450305,0.058928313078703706,2.3741878879090572e-06
540500,71.31597222222223,0.002185181711235093,0.027314771390438662,0.0017565494304529604,0.021956867880662007,0.013164837525840297,0.1645604690730037,0.0726907887325858,0.09136514084267744,0.058822820216049385,2.3875095555581643e-06
541000,71.38194444444444,0.002186188994589816,0.027327362432372698,0.0017543698013555876,0.021929622516944844,0.013191093501308246,0.16488866876635308,0.07225084771661085,0.09686440354236447,0.058696228780864196,2.3897111600328145e-06
541500,71.44791666666667,0.002191722006942172,0.027396525086777153,0.0017565845397229795,0.021957306746537245,0.013219425906157614,0.16524282382697017,0.07213361421385929,0.09832982232675891,0.05817479263117284,2.4018226778573117e-06
542000,71.51388888888889,0.0021941992781458297,0.02742749097682287,0.0017559744375704833,0.02194968046963104,0.013245275281543668,0.16556594101929584,0.07246873309928294,0.0941408362589633,0.058581693672839504,2.4072552361078405e-06
542500,71.57986111111111,0.002201300916089237,0.02751626145111546,0.0017607122514599575,0.022008903143249468,0.013272987608104572,0.16591234510130715,0.07285708989155268,0.08928637635559156,0.05776487750771605,2.422862861587656e-06
543000,71.64583333333334,0.002202593890869524,0.02753242363586905,0.001758083087286936,0.0219760385910867,0.013299560550763348,0.16624450688454184,0.07267318880803965,0.09158513989950445,0.05752073688271605,2.4257099240478746e-06
543500,71.71180555555556,0.0022075486975310357,0.027594358719137946,0.0017607703899841698,0.022009629874802122,0.01332616132207293,0.16657701652591161,0.07320083820117987,0.08498952248525171,0.05744237075617284,2.4366356259854865e-06
544000,71.77777777777779,0.002209564239727356,0.027619552996591946,0.0017587325683095375,0.02198415710386922,0.013353901430836718,0.16692376788545898,0.07283667454134107,0.08954156823323656,0.05732482156635803,2.4410870647409636e-06
544500,71.84375,0.002209640493596012,0.027620506169950147,0.001754175064706757,0.02192718830883446,0.013380042157336907,0.16725052696671133,0.07265260077152763,0.09184249035590464,0.05707163869598766,2.4412555554696133e-06
545000,71.90972222222223,0.002214612708959275,0.027682658861990936,0.0017568315662163545,0.02196039457770443,0.013407554270209654,0.16759442837762067,0.07181818571731523,0.1022726785335597,0.05685161072530864,2.4522547253419694e-06
545500,71.97569444444444,0.0022215895949577956,0.027769869936972447,0.001760619958696366,0.022007749483704573,0.013434942510861714,0.16793678138577142,0.07244652237772387,0.09441847027845174,0.05643265335648148,2.467730164212371e-06
546000,72.04166666666667,0.0022257283431545397,0.027821604289431746,0.0017629969724320964,0.022037462155401203,0.013462116288799281,0.16827645360999102,0.07129758593178166,0.10878017585272926,0.05674611786265432,2.476933328760726e-06
546500,72.10763888888889,0.0022341058179988975,0.027926322724986217,0.0017675578260866766,0.022094472826083456,0.013489316674415735,0.16861645843019668,0.07289861031432412,0.08876737107094845,0.056939019097222224,2.4956144030082617e-06
547000,72.17361111111111,0.002234665849976662,0.02793332312470827,0.001764588496971059,0.022057356212138238,0.013515996477617507,0.16894995597021883,0.07329023228976558,0.08387209637793025,0.05596848476080247,2.496865730525958e-06
547500,72.23958333333334,0.0022368915568954594,0.027961144461193244,0.001762058528764301,0.02202573160955376,0.01354235341136614,0.16927941764207677,0.07260117972477587,0.09248525344030167,0.05594437210648148,2.5018419186550963e-06
548000,72.30555555555556,0.0022430982946998685,0.028038728683748355,0.0017660858966936633,0.02207607370867079,0.01356677106259549,0.1695846382824436,0.07207820308212613,0.0990224614734233,0.05548623167438271,2.5157449798427293e-06
548500,72.37152777777779,0.0022486595127246167,0.02810824390905771,0.0017690538570583466,0.022113173213229333,0.013594431775195906,0.16993039718994882,0.07225049773034782,0.09686877837065222,0.055727358217592594,2.5282348020834552e-06
549000,72.4375,0.0022509887495577897,0.02813735936947237,0.0017661539609861734,0.022076924512327168,0.013621489906236888,0.1702686238279611,0.07254114359108846,0.09323570511139434,0.055474175347222224,2.5334751753178705e-06
549500,72.50347222222223,0.002257602300049225,0.028220028750615314,0.0017696813920349468,0.022121017400436833,0.013647881257796089,0.1705985157224511,0.07215076663238203,0.09811541709522464,0.055356626157407406,2.5483840725937755e-06
550000,72.56944444444444,0.0022622677176084515,0.028278346470105645,0.0017707096527265394,0.02213387065908174,0.013673059008567322,0.1709132376070915,0.07265805524859159,0.09177430939260511,0.05538676697530864,2.5589276130666758e-06
550500,72.63541666666667,0.0022659943282805073,0.02832492910350634,0.0017717646930611216,0.02214705866326402,0.013700196746056095,0.17125245932570118,0.07246573904598669,0.09417826192516643,0.0541479793595679,2.5673651478997134e-06
551000,72.70138888888889,0.0022685801627000566,0.028357252033750707,0.0017712735494754778,0.022140919368443472,0.013725905779553318,0.17157382224441647,0.07242494270935701,0.09468821613303735,0.05460009162808642,2.5732279772981073e-06
551500,72.76736111111111,0.002272199993721371,0.028402499921517138,0.001769270123217967,0.022115876540224587,0.013752226928104228,0.17190283660130284,0.07260362038455538,0.09245474519305774,0.05482614776234568,2.581446405733699e-06
552000,72.83333333333334,0.0022804470334015863,0.02850558791751983,0.0017759764306670696,0.022199705383338368,0.013777367776374998,0.17221709720468747,0.07121263499749414,0.10984206253132323,0.054850260416666664,2.600219336075048e-06
552500,72.89930555555556,0.0022802192638363547,0.028502740797954434,0.0017723402926898342,0.02215425365862293,0.013803118867407312,0.1725389858425914,0.07277723799786834,0.09028452502664575,0.054358965084876545,2.599699945585203e-06
553000,72.96527777777779,0.0022900323068958724,0.028625403836198406,0.0017782398951553368,0.02222799868944171,0.013830757365919853,0.17288446707399815,0.07269578062296078,0.09130274221299028,0.05375916280864197,2.6221239833134155e-06
553500,73.03125,0.0022924013316006405,0.028655016645008007,0.0017765004261500249,0.02220625532687531,0.01385653050517574,0.17320663131469674,0.07207785157805668,0.09902685527429145,0.053967134452160496,2.627551932562195e-06
554000,73.09722222222223,0.002294867875322678,0.028685848441533473,0.0017737275429300721,0.0221715942866259,0.013881957933863378,0.17352447417329223,0.0722654244863357,0.09668219392080368,0.053168402777777776,2.6332092825940115e-06
554500,73.16319444444444,0.002300306191207751,0.028753827390096885,0.0017763670717271174,0.022204588396588967,0.01390879370669098,0.17385992133363723,0.0721404300349383,0.09824462456327132,0.05326786747685185,2.645704286654355e-06
555000,73.22916666666667,0.00230495390179556,0.028811923772444497,0.0017792701634447821,0.022240877043059777,0.013933307287362355,0.17416634109202944,0.0730686610125355,0.08664173734330638,0.05295138888888889,2.656406244701288e-06
555500,73.29513888888889,0.0023078008103204527,0.028847510129005657,0.001777464682328212,0.02221830852910265,0.013958046284036936,0.1744755785504617,0.07211422575782844,0.09857217802714446,0.053276909722222224,2.662972290057869e-06
556000,73.36111111111111,0.002313583843329238,0.028919798041615475,0.0017796246934150906,0.022245308667688632,0.013983453921967929,0.1747931740245991,0.07204698073317205,0.09941274083534946,0.05345775462962963,2.6763351000570447e-06
556500,73.42708333333334,0.002318901130211176,0.0289862641276397,0.0017818121707611338,0.02227265213451417,0.014008703596746573,0.17510879495933215,0.07264495231822704,0.09193809602216196,0.052993586033950615,2.688651225847335e-06
557000,73.49305555555556,0.002321423237263809,0.02901779046579761,0.0017792190621868922,0.022240238277336153,0.014034280989568836,0.17542851236961046,0.07287694466289901,0.08903819171376237,0.05263792438271605,2.694502923254191e-06
557500,73.55902777777779,0.0023244685342542035,0.029055856678177543,0.001778871028731978,0.022235887859149723,0.014058091812043419,0.17572614765054273,0.07270979715310538,0.0911275355861827,0.05285493827160494,2.7015769833689423e-06
558000,73.625,0.0023314984412717904,0.02914373051589738,0.0017824262276416101,0.022280327845520125,0.014083321482992807,0.17604151853741007,0.07284802788746444,0.08939965140669448,0.052065248842592594,2.717942490826394e-06
558500,73.69097222222223,0.0023330868249935247,0.029163585312419058,0.001780044699117428,0.02225055873896785,0.014107279295514853,0.17634099119393565,0.07251777772188085,0.09352777847648941,0.0520531925154321,2.7216470664791832e-06
559000,73.75694444444444,0.0023409283351023187,0.029261604188778982,0.0017847342731069785,0.02230917841383723,0.014131856668673436,0.17664820835841794,0.07254592237758084,0.0931759702802395,0.051589023919753084,2.7399727350424566e-06
559500,73.82291666666667,0.0023438260285475387,0.029297825356844234,0.0017852254596614282,0.02231531824576785,0.014156602556564493,0.17695753195705616,0.0722298073306751,0.0971274083665612,0.05212251639660494,2.746760226048464e-06
560000,73.88888888888889,0.002346027497789918,0.029325343722373973,0.0017822996642084918,0.022278745802606147,0.014180520342562716,0.17725650428203396,0.07221800930532916,0.09727488368338544,0.05148051697530864,2.751922510193211e-06
560500,73.95486111111111,0.0023529321781383533,0.029411652226729416,0.0017853274749734624,0.02231659343716828,0.01420447308627691,0.17755591357846137,0.07288471895304573,0.08894101308692848,0.0520531925154321,2.7681449174594476e-06
561000,74.02083333333334,0.0023555117990257802,0.02944389748782225,0.0017855991588675332,0.022319989485844165,0.014228881898501626,0.17786102373127033,0.07274447031036851,0.09069412112039354,0.05120020736882716,2.7742179176748343e-06
561500,74.08680555555556,0.00236037562299077,0.029504695287384627,0.0017877681557299822,0.022347101946624776,0.014252037802691842,0.17815047253364802,0.07230501159706205,0.09618735503672438,0.051423249421296294,2.7856865408045332e-06
562000,74.15277777777779,0.0023647668466889277,0.029559585583611596,0.0017868214623035965,0.022335268278794954,0.014276024249877962,0.1784503031234745,0.07258934551337541,0.09263318108280738,0.05058232060185185,2.796061119599547e-06
562500,74.21875,0.0023695331770354653,0.029619164712943315,0.001789484204641649,0.022368552558020612,0.014299917439322442,0.1787489679915305,0.0728154267428153,0.08980716571480885,0.05056725019290124,2.8073437385358926e-06
563000,74.28472222222223,0.002370274587388781,0.029628432342359765,0.0017849886857637552,0.02231235857204694,0.014322372597208729,0.1790296574651091,0.07188971475290029,0.10137856558874636,0.05068178530092592,2.8091008098105286e-06
563500,74.35069444444444,0.0023762771137425353,0.029703463921781692,0.001788704974877919,0.022358812185973985,0.014347215849425804,0.17934019811782254,0.07285700272163395,0.0892874659795756,0.05043764467592592,2.823346460648277e-06
564000,74.41666666666667,0.0023806375558537204,0.029757969448171506,0.0017903561590065385,0.02237945198758173,0.014369076682453684,0.17961345853067104,0.0722695149582523,0.09663106302184621,0.04998854648919753,2.833717586170588e-06
564500,74.48263888888889,0.002388640036998705,0.02985800046248381,0.001793983847961538,0.022424798099519225,0.014392878562007843,0.17991098202509803,0.07166302108372079,0.1042122364534902,0.050063898533950615,2.8528006131765873e-06
565000,74.54861111111111,0.002390237769338259,0.029877972116728234,0.0017938735745019565,0.022423419681274457,0.014414893862325301,0.18018617327906628,0.07256035877762239,0.09299551527972016,0.04968412422839506,2.856618296985568e-06
565500,74.61458333333334,0.002394680965433758,0.029933512067921973,0.001794111412808479,0.022426392660105987,0.014438131767037012,0.18047664708796265,0.07208422301761545,0.09894721227980685,0.049958405671296294,2.867248463105377e-06
566000,74.68055555555556,0.0023974160230012176,0.02996770028751522,0.0017916296156632694,0.022395370195790867,0.014460245826762131,0.18075307283452663,0.07273849768413654,0.09076877894829327,0.05003074363425926,2.873801793671487e-06
566500,74.74652777777779,0.002403607061900211,0.030045088273752636,0.0017962449900944834,0.02245306237618104,0.014484456145808478,0.18105570182260597,0.07193839528544625,0.10077005893192181,0.04976550443672839,2.888663454008282e-06
567000,74.8125,0.0024066985777327385,0.03008373222165923,0.001795220666913841,0.022440258336423012,0.01450606967136807,0.18132587089210087,0.0719825865437095,0.10021766820363132,0.04910843460648148,2.8960990220303934e-06
567500,74.87847222222223,0.0024107208666321674,0.03013401083290209,0.0017972004567588975,0.02246500570948622,0.014528740961138148,0.18160926201422686,0.07253399003415097,0.09332512457311293,0.04928927951388889,2.9057875484078742e-06
568000,74.94444444444444,0.0024167403739104787,0.030209254673880984,0.0018002706198145034,0.02250338274768129,0.014550308048504866,0.18187885060631082,0.0725620998839209,0.09297375145098874,0.04881908275462963,2.9203170174444797e-06
568500,75.01041666666667,0.0024174497669866347,0.030218122087332933,0.0017945514162997695,0.022431892703747118,0.01457124626578956,0.1821405783223695,0.07186432648986925,0.10169591887663443,0.04854781539351852,2.922031687951867e-06
569000,75.07638888888889,0.002422252657452364,0.03027815821815455,0.001797081637532016,0.0224635204691502,0.014594826884132168,0.1824353360516521,0.07236108969050245,0.09548637886871936,0.048882378472222224,2.93365396826752e-06
569500,75.14236111111111,0.0024276312158799792,0.03034539019849974,0.0018005041791832985,0.02250630223979123,0.01461639783369949,0.1827049729212436,0.0724407838185608,0.0944902022679901,0.04887032214506173,2.946696660157453e-06
570000,75.20833333333334,0.0024282695429667356,0.030353369287084195,0.0017982899267074035,0.022478624083842543,0.014638208307523706,0.18297760384404632,0.0721422977113679,0.0982212786079012,0.049078293788580245,2.94824648664994e-06
570500,75.27430555555556,0.0024325509796618776,0.030406887245773468,0.0017991212399052657,0.02248901549881582,0.014659998600319484,0.18324998250399355,0.07251369372894689,0.09357882838816389,0.048511646412037035,2.9586521343269805e-06
571000,75.34027777777779,0.0024359175036437804,0.030448968795547256,0.0017979874324675616,0.02247484290584452,0.014682102633887324,0.18352628292359155,0.07174079091123872,0.10324011360951602,0.04805652006172839,2.966847042279074e-06
571500,75.40625,0.0024405715494158577,0.030507144367698222,0.001800053831784234,0.022500672897302926,0.014703416389485907,0.18379270486857385,0.07245850540098574,0.09426868248767828,0.04826147762345679,2.9781947439090605e-06
572000,75.47222222222223,0.002447973859934942,0.030599673249186773,0.0018050858766762933,0.022563573458453667,0.014725616632639306,0.1840702079079913,0.07237800957985503,0.09527488025181208,0.048089674961419755,2.996288009462389e-06
572500,75.53819444444444,0.002450678600165404,0.030633482502067547,0.0018046164715443374,0.02255770589430422,0.014745535134056475,0.18431918917570594,0.07308209892785572,0.08647376340180346,0.04806857638888889,3.002912800654332e-06
573000,75.60416666666667,0.0024525968670504185,0.03065746083813023,0.001802801618001319,0.022535020225016487,0.014767785899776727,0.18459732374720908,0.07247136280126903,0.0941079649841371,0.0475561824845679,3.0076156961327644e-06
573500,75.67013888888889,0.0024575991339571166,0.030719989174463957,0.001804997073911549,0.022562463423894362,0.014788661015853662,0.18485826269817077,0.0717125872602966,0.10359265924629257,0.047230661651234566,3.019896751613385e-06
574000,75.73611111111111,0.002459956251999657,0.03074945314999571,0.0018064969239969962,0.02258121154996245,0.014810640173455063,0.1851330021681883,0.07269980866926655,0.0912523916341681,0.047203534915123455,3.0256923808761e-06
574500,75.80208333333334,0.002464141491084609,0.030801768638557613,0.001806176567259973,0.022577207090749663,0.014831284552222705,0.18539105690278382,0.07283781506946087,0.08952731163173921,0.04709201388888889,3.03599664404234e-06
575000,75.86805555555556,0.002465800612487723,0.030822507656096537,0.001804739388912119,0.022559242361401485,0.01485292924217674,0.18566161552720925,0.0728425622734041,0.08946797158244868,0.046558521412037035,3.0400863302724148e-06
575500,75.93402777777779,0.0024678394944632103,0.030847993680790126,0.0018040116892425536,0.022550146115531917,0.014872394120539577,0.1859049265067447,0.07247382527373211,0.09407718407834864,0.04684485918209876,3.045115885216217e-06
576000,76.0,0.0024766336799714106,0.030957920999642632,0.0018112636006943495,0.022640795008679368,0.014893440264558539,0.18616800330698174,0.07186251604002275,0.1017185494997156,0.04655249324845679,3.0668571923843657e-06
576500,76.06597222222223,0.002479017331034941,0.03098771663793676,0.001811199183263319,0.022639989790791487,0.014915287971513196,0.18644109964391495,0.0720713524917207,0.09910809385349129,0.046540436921296294,3.0727634637858007e-06
577000,76.13194444444444,0.0024789350379248853,0.030986687974061067,0.0018080491239098342,0.022600614048872928,0.014934880097042698,0.18668600121303372,0.07194981788440286,0.10062727644496428,0.04645604263117284,3.072559461125826e-06
577500,76.19791666666667,0.0024826675146095234,0.031033343932619042,0.0018091926867624512,0.02261490858453064,0.014956703602313699,0.18695879502892124,0.07215087357492593,0.09811408031342583,0.04690212673611111,3.0818189940487145e-06
578000,76.26388888888889,0.002487754334115257,0.031096929176440715,0.0018129980486500286,0.022662475608125357,0.014976356594959188,0.18720445743698985,0.0717730146667912,0.10283731666510998,0.045913507908950615,3.094460813454623e-06
578500,76.32986111111111,0.002492758636348735,0.031159482954359184,0.0018154796335211418,0.022693495419014272,0.014995977347848305,0.1874497168481038,0.07256837834657016,0.09289527066787295,0.045756775655864196,3.106922809545602e-06
579000,76.39583333333334,0.0024912294169835837,0.031140367712294795,0.0018089999243791452,0.022612499054739315,0.015016748130394176,0.1877093516299272,0.07223003812273286,0.09712452346583922,0.04585021219135803,3.1031120040221837e-06
579500,76.46180555555556,0.0024949828889567083,0.031187286111958853,0.0018102976415900426,0.022628720519875533,0.015037080276624516,0.18796350345780644,0.07171968324950473,0.10350395938119095,0.04562415605709876,3.1124698080933816e-06
580000,76.52777777777779,0.0025042854631023644,0.03130356828877955,0.0018203289856054297,0.02275411232006787,0.015057678309039741,0.18822097886299677,0.07207765628138758,0.09902929648265524,0.04591953607253087,3.1357228403529114e-06
580500,76.59375,0.0025050264096655593,0.03131283012081949,0.0018179318359803583,0.02272414794975448,0.015077080262688471,0.1884635032836059,0.07244169880507348,0.09447876493658158,0.04559401523919753,3.137578656560961e-06
581000,76.65972222222223,0.0025032824147797356,0.031291030184746695,0.0018119493768221074,0.02264936721027634,0.01509628320483561,0.18870354006044512,0.07166931992769732,0.1041335009037836,0.045268494405864196,3.1332114240727325e-06
581500,76.72569444444444,0.0025118571155170882,0.0313982139439636,0.0018195309111920458,0.022744136389900572,0.015116999021156995,0.18896248776446245,0.07220797846432661,0.09740026919591738,0.045307677469135804,3.1547130843869133e-06
582000,76.79166666666667,0.002513946634522856,0.0314243329315357,0.0018195261663558563,0.022744077079448203,0.015136678406620589,0.18920848008275734,0.07228185206057854,0.09647684924276834,0.04509970582561729,3.159963840614397e-06
582500,76.85763888888889,0.0025189101044323695,0.031486376305404615,0.0018224660384159657,0.022780825480199572,0.01515755263048377,0.18946940788104713,0.0717858398907914,0.10267700136510749,0.04531370563271605,3.1724540571057455e-06
583000,76.92361111111111,0.0025181273204889355,0.03147659150611169,0.0018176182296806033,0.02272022787100754,0.015176962709362479,0.18971203386703098,0.07271909847462028,0.09101126906724644,0.044846522955246916,3.1704826010963926e-06
583500,76.98958333333334,0.0025246393151170748,0.031557991438963436,0.001823132727726865,0.022789159096585812,0.015196526647470598,0.18995658309338248,0.07153929566214648,0.10575880422316908,0.045093677662037035,3.186901835717406e-06
584000,77.05555555555556,0.0025253074336375617,0.03156634292046952,0.001820749391563738,0.022759367394546724,0.015215552705828079,0.190194408822851,0.07204186182909919,0.0994767271362601,0.04489474826388889,3.1885888171925643e-06
584500,77.12152777777779,0.0025312005365409266,0.031640006706761585,0.001823926186037728,0.0227990773254716,0.015236028009143355,0.19045035011429193,0.07220830651191161,0.0973961686011049,0.04493091724537037,3.2034880780925376e-06
585000,77.1875,0.002533822419968336,0.031672780249604196,0.0018252596433474097,0.02281574554184262,0.015254996018010992,0.1906874502251374,0.07232774328912271,0.09590320888596615,0.04439441068672839,3.2101280279670974e-06
585500,77.25347222222223,0.0025350712626282627,0.031688390782853286,0.0018234129312176752,0.02279266164022094,0.015275727363281527,0.1909465920410191,0.07253324310487907,0.09333446118901156,0.04433714313271605,3.2132931533018273e-06
586000,77.31944444444444,0.002541569421673326,0.031769617770916574,0.0018271420558975385,0.02283927569871923,0.015294851361103983,0.19118564201379978,0.07099281380244434,0.11258982746944579,0.04425576292438271,3.2297875625924423e-06
586500,77.38541666666667,0.0025402799122550765,0.03175349890318845,0.0018236943225433716,0.022796179031792145,0.015313448390271413,0.19141810487839264,0.07237070128459464,0.09536623394256705,0.04421959394290124,3.2265110163033294e-06
587000,77.45138888888889,0.002545502310493915,0.03181877888117394,0.0018281520286179396,0.022851900357724244,0.015332515243019911,0.19165644053774888,0.07281467292397957,0.08981658845025542,0.04452100212191358,3.2397910063649307e-06
587500,77.51736111111111,0.0025494826447625837,0.03186853305953229,0.0018297266753017174,0.022871583441271468,0.015353444049892265,0.1919180506236533,0.07258051508676683,0.09274356141541462,0.044035734953703706,3.249930877972809e-06
588000,77.58333333333334,0.002550030559221398,0.03187538199026747,0.0018289244712299936,0.02286155589037492,0.015372782722755914,0.19215978403444892,0.07188788853467575,0.10140139331655318,0.04393627025462963,3.251327926481498e-06
588500,77.64930555555556,0.002553913205691834,0.031923915071147925,0.0018290585959080863,0.02286323244885108,0.01539250232468559,0.19240627905856986,0.07258541988544018,0.09268225143199782,0.04379762249228395,3.26123633110357e-06
589000,77.71527777777779,0.002558832840505325,0.031985410506316564,0.0018340322777087006,0.022925403471358758,0.015411908131306341,0.19264885164132925,0.07213367162428767,0.0983291046964041,0.044086974344135804,3.2738127528242753e-06
589500,77.78125,0.002561344159625688,0.032016801995321094,0.0018320096514924274,0.02290012064365534,0.015432519804236282,0.19290649755295353,0.07268536184583195,0.09143297692710062,0.04365294656635803,3.2802419520243104e-06
590000,77.84722222222223,0.0025620526258643213,0.032025657823304014,0.0018302801093805835,0.022878501367257293,0.015451115182291456,0.1931389397786432,0.07116350598683699,0.11045617516453765,0.04377953800154321,3.282056828849132e-06
590500,77.91319444444444,0.0025630656115663343,0.03203832014457918,0.001828969449864697,0.022862118123308715,0.015470139014511313,0.1933767376813914,0.07256025982471508,0.09299675219106152,0.04349018614969136,3.284652664596953e-06
591000,77.97916666666667,0.002567887665232745,0.03209859581540931,0.001831901100379201,0.022898763754740013,0.015490429290706619,0.19363036613383272,0.0718750148194667,0.10156231475666622,0.04356252411265432,3.297023530627239e-06
591500,78.04513888888889,0.002570692422857911,0.032133655285723886,0.0018326647890347125,0.022908309862933907,0.015508785613701644,0.19385982017127054,0.07253801607898054,0.09327479901274327,0.043297284915123455,3.3042297664695377e-06
592000,78.11111111111111,0.0025751213429832187,0.032189016787290234,0.0018358495698864228,0.022948119623580284,0.015530733053064003,0.19413416316330004,0.07182262314037188,0.1022172107453515,0.043188777970679014,3.3156249655438476e-06
592500,78.17708333333334,0.0025749628449420925,0.032187035561776156,0.00183185513327555,0.022898189165944376,0.015548992531284438,0.19436240664105547,0.07193380767132633,0.10082740410842084,0.04283311631944445,3.315216826416137e-06
593000,78.24305555555556,0.002579109530000241,0.03223886912500301,0.0018340488405611817,0.02292561050701477,0.015566470201909259,0.19458087752386574,0.07283382120492878,0.08957723493839032,0.04250156732253087,3.325902983869032e-06
593500,78.30902777777779,0.002583677659549724,0.032295970744371544,0.0018381549482612489,0.02297693685326561,0.015587430829308491,0.19484288536635613,0.0722301793501977,0.0971227581225288,0.042896412037037035,3.3376951242281694e-06
594000,78.375,0.0025835996034635845,0.032294995043294805,0.0018318348374458222,0.022897935468072776,0.015606890914868228,0.19508613643585285,0.07227817244749188,0.0965228444063515,0.04276680652006173,3.3374934555085957e-06
594500,78.44097222222223,0.002588154221582779,0.03235192776978474,0.001835908298182258,0.022948853727278225,0.015626894010978637,0.19533617513723295,0.07223112935791834,0.09711088302602078,0.04239306037808642,3.34927113734838e-06
595000,78.50694444444444,0.0025929178848926914,0.032411473561158644,0.0018400268383970235,0.023000335479962792,0.015647188996026757,0.19558986245033447,0.07225666834879524,0.09679164564005949,0.04268241222993827,3.3616115788981937e-06
595500,78.57291666666667,0.002596979250569397,0.03246224063211746,0.0018410238249864232,0.023012797812330288,0.015667660262925702,0.19584575328657128,0.07168781143429401,0.10390235707132489,0.042182074652777776,3.372150613943993e-06
596000,78.63888888888889,0.002600174839887068,0.032502185498588354,0.0018413119185399604,0.023016398981749505,0.01568611894246245,0.19607648678078063,0.07096458634022412,0.11294267074719844,0.042652271412037035,3.3804545989908705e-06
596500,78.70486111111111,0.002600428022554639,0.032505350281932986,0.0018394146861814811,0.022992683577268514,0.015705280591937484,0.19631600739921853,0.072543557579502,0.09320553025622502,0.04194396219135803,3.381112950243715e-06
597000,78.77083333333334,0.002605556697041263,0.03256945871301579,0.001842672110213108,0.02303340137766385,0.015725937231859305,0.1965742153982413,0.07109939653503898,0.11125754331201276,0.041898750964506175,3.3944628507482884e-06
597500,78.83680555555556,0.002609683869436677,0.03262104836795846,0.0018446649965486591,0.02305831245685824,0.015745108468740828,0.19681385585926034,0.07301208918609468,0.08734888517381645,0.041748046875,3.4052249491989937e-06
598000,78.90277777777779,0.002612290947087305,0.032653636838591314,0.0018446296217739242,0.023057870272174052,0.015764548824112296,0.19705686030140368,0.07227294210637585,0.09658822367030195,0.04154308931327161,3.412031996117145e-06
598500,78.96875,0.002615808132875769,0.03269760166094711,0.001845586484224919,0.023069831052811487,0.015784133160951536,0.19730166451189418,0.07253664079707335,0.09329199003658317,0.042082609953703706,3.421226094009508e-06
599000,79.03472222222223,0.0026202191136591715,0.03275273892073964,0.0018471673076314646,0.023089591345393307,0.01580416067287862,0.19755200841098272,0.07186880259391563,0.10163996757605454,0.04201027199074074,3.4327741017924272e-06
599500,79.10069444444444,0.0026211723520331693,0.032764654400414615,0.0018466669045658327,0.023083336307072908,0.01582348824659252,0.1977936030824065,0.07154338908234266,0.10570763647071679,0.04151294849537037,3.435272249531548e-06
600000,79.16666666666667,0.0026282066290928834,0.032852582863661044,0.0018525646580035162,0.02315705822504395,0.01584275757515288,0.198034469689411,0.07227581423512686,0.09655232206091435,0.04116030092592592,3.4537350426038882e-06
600500,79.23263888888889,0.0026305603678265497,0.032882004597831874,0.0018508852619678327,0.023136065774597907,0.015863416449675205,0.19829270562094006,0.07169023517450493,0.10387206031868845,0.041518976658950615,3.4599239243898758e-06
601000,79.29861111111111,0.0026346980421655484,0.03293372552706936,0.0018536445824587169,0.02317055728073396,0.015881805602110916,0.19852257002638643,0.07271629404290386,0.09104632446370176,0.04138032889660494,3.4708168866954872e-06
601500,79.36458333333334,0.0026358584942679565,0.032948231178349455,0.001851206925340798,0.023140086566759973,0.015903507689099802,0.19879384611374754,0.07200907042322578,0.09988661970967772,0.0414526668595679,3.4738750009022695e-06
602000,79.43055555555556,0.0026390909215067942,0.03298863651883493,0.0018516475893911393,0.023145594867389242,0.01592138203833178,0.19901727547914724,0.07158633473523325,0.10517081580958443,0.041500892168209874,3.4824004459897903e-06
602500,79.49652777777779,0.002643430302735198,0.033042878784189975,0.001851673455073128,0.023145918188414098,0.015940808078654094,0.19926010098317617,0.07210803890301361,0.09864951371232988,0.04075339988425926,3.4938618827093504e-06
603000,79.5625,0.0026486561334147667,0.033108201667684585,0.0018555589707919483,0.023194487134899355,0.01596112420218743,0.19951405252734286,0.07225046335945336,0.09686920800683307,0.041018639081790126,3.5076896565378313e-06
603500,79.62847222222223,0.002648154670485564,0.03310193338106955,0.0018508852228031432,0.023136065285039288,0.015980778242253725,0.19975972802817155,0.07261488246732033,0.09231396915849588,0.041039737654320986,3.5063615794072527e-06
604000,79.69444444444444,0.0026533146996515723,0.03316643374564465,0.001853504803844988,0.023168810048062347,0.01600042210180774,0.20000527627259673,0.07235648370528763,0.09554395368390456,0.04072325906635803,3.5200394476935567e-06
604500,79.76041666666667,0.0026547866846304115,0.03318483355788014,0.0018522116311758137,0.023152645389697673,0.01601918410061148,0.20023980125764348,0.07178374843583041,0.10270314455211993,0.04030430169753087,3.523946170445466e-06
605000,79.82638888888889,0.0026598023588294043,0.03324752948536755,0.001854691130587847,0.023183639132348086,0.016039102440992967,0.2004887805124121,0.07237861425376627,0.09526732182792175,0.040620780285493825,3.5372742940172317e-06
605500,79.89236111111111,0.0026656016670017577,0.033320020837521974,0.0018590194781034602,0.023237743476293253,0.016058755419300245,0.20073444274125304,0.07224920541936904,0.09688493225788708,0.04017771026234568,3.552716123561275e-06
606000,79.95833333333334,0.002669372391699048,0.0333671548962381,0.0018593948267126717,0.023242435333908396,0.01607966338864737,0.20099579235809212,0.07272556149489875,0.09093048131376558,0.040192780671296294,3.562774482782548e-06
606500,80.02430555555556,0.0026730499629058434,0.033413124536323044,0.0018606007828619816,0.02325750978577477,0.016096644904287034,0.20120806130358793,0.07173293204256709,0.10333834946791143,0.04000289351851852,3.5725980520954657e-06
607000,80.09027777777779,0.0026751162876548916,0.03343895359568615,0.001858719535544105,0.023233994194301312,0.01611731857916358,0.20146648223954475,0.07223783480494925,0.0970270649381344,0.03991548514660494,3.578123576238244e-06
607500,80.15625,0.0026763018306442503,0.03345377288305313,0.0018563267732543192,0.02320408466567899,0.016136017398752357,0.20170021748440445,0.07154565540381276,0.10567930745234055,0.03984314718364197,3.5812957443548832e-06
608000,80.22222222222223,0.0026817990435997617,0.03352248804499702,0.0018586576098224325,0.023233220122780406,0.0161573190391354,0.20196648798919248,0.07182922779131569,0.10213465260855392,0.03973464023919753,3.596023055126298e-06
608500,80.28819444444444,0.0026867977900524574,0.03358497237565572,0.0018610050432651122,0.0232625630408139,0.016175181839018612,0.20218977298773264,0.0720659822908814,0.09917522136398249,0.03975272472993827,3.6094411823153845e-06
609000,80.35416666666667,0.0026898828260968517,0.033623535326210645,0.0018622490832282442,0.023278113540353054,0.01619390015369275,0.20242375192115938,0.07177215465553266,0.1028480668058418,0.039487485532407406,3.6177348090653927e-06
609500,80.42013888888889,0.0026931972083870117,0.033664965104837644,0.0018613668459431854,0.023267085574289817,0.01621503286673996,0.20268791083424947,0.072505316675508,0.09368354155615011,0.03878219039351852,3.6266556016317965e-06
610000,80.48611111111111,0.002698733599423754,0.03373416999279693,0.0018647559073931169,0.02330944884241396,0.016235709420027822,0.20294636775034777,0.07210820369813106,0.0986474537733617,0.03944227430555555,3.6415815203293458e-06
610500,80.55208333333334,0.00270043403526486,0.03375542544081075,0.0018622235069488762,0.023277793836860954,0.016253297353669705,0.2031662169208713,0.07220090924749396,0.09748863440632549,0.03924937307098766,3.6461719894084277e-06
611000,80.61805555555556,0.0027031543841868704,0.03378942980233588,0.0018611337070467099,0.023264171338083874,0.01627195283107992,0.20339941038849899,0.0714899020922256,0.10637622384718004,0.0388695987654321,3.6535218123743494e-06
611500,80.68402777777779,0.002710582070324438,0.03388227587905548,0.0018661209960591863,0.023326512450739828,0.016293160561971106,0.2036645070246388,0.07146423316882801,0.10669708538964995,0.03977683738425926,3.673627579982158e-06
612000,80.75,0.0027121609734336786,0.033902012167920985,0.0018636919687167867,0.023296149608959833,0.016311453591948417,0.20389316989935521,0.07155191953540284,0.10560100580746457,0.03918607735339506,3.6779085729083596e-06
612500,80.81597222222223,0.00271826686473989,0.033978335809248625,0.0018671933418081899,0.023339916772602373,0.016330081313725493,0.20412601642156866,0.07221326269179555,0.09733421635255557,0.038736979166666664,3.6944873739714157e-06
613000,80.88194444444444,0.002720916304178824,0.034011453802235296,0.00186644760558387,0.023330595069798375,0.016349742639578155,0.20437178299472694,0.07127819010375686,0.10902262370303928,0.03871889467592592,3.701692767173075e-06
613500,80.94791666666667,0.002725203206693912,0.0340650400836739,0.0018688986374435597,0.023361232968044494,0.016368166488437533,0.20460208110546915,0.07172993355273755,0.1033758305907807,0.03864354263117284,3.7133662588873904e-06
614000,81.01388888888889,0.002731439184994472,0.0341429898124309,0.0018712168643871688,0.02339021080483961,0.016387367099411812,0.20484208874264764,0.07197258709633206,0.10034266129584934,0.038266782407407406,3.7303800106616323e-06
614500,81.07986111111111,0.0027335921024522563,0.034169901280653205,0.0018686379997778205,0.023357974997222756,0.01640598562233971,0.20507482027924637,0.07232992558665066,0.0958759301668668,0.03858326099537037,3.7362628912946737e-06
615000,81.14583333333334,0.002739261401309386,0.03424076751636732,0.0018717993909264435,0.023397492386580544,0.016424846889089843,0.20531058611362304,0.07246248691129649,0.09421891360879386,0.03839638792438271,3.751776512351731e-06
615500,81.21180555555556,0.0027454651224375504,0.03431831403046938,0.0018753993146681054,0.023442491433351316,0.016443801954024072,0.20554752442530091,0.07229949548118983,0.09625630648512717,0.0380346981095679,3.768789369260517e-06
616000,81.27777777777779,0.0027463196269623597,0.034328995337029496,0.0018707813688458447,0.02338476711057306,0.016462479033199664,0.2057809879149958,0.0719545498030299,0.10056812746212629,0.0383813175154321,3.7711357467193377e-06
616500,81.34375,0.002750699301926207,0.03438374127407758,0.0018718016626361241,0.023397520782951552,0.016481583065766053,0.20601978832207565,0.07204283032202005,0.0994646209747494,0.038158275462962965,3.7831733248086605e-06
617000,81.40972222222223,0.002754360828726101,0.034429510359076265,0.001871804266272253,0.023397553328403164,0.016501201854690152,0.20626502318362688,0.07180878187875521,0.10239022651555985,0.03779959972993827,3.793251787410368e-06
617500,81.47569444444444,0.0027603146661874223,0.03450393332734278,0.0018758520322420353,0.02344815040302544,0.016519675766302314,0.2064959470787789,0.07242077313074911,0.09474033586563613,0.038004557291666664,3.80966852818469e-06
618000,81.54166666666667,0.00276243516531538,0.03453043956644225,0.0018732349695896513,0.023415437119870642,0.016538936388939864,0.20673670486174828,0.07180923142096071,0.10238460723799114,0.03798647280092592,3.815524021285506e-06
618500,81.60763888888889,0.002766860649329865,0.03458575811662331,0.0018752197168137989,0.023440246460172485,0.016556254387516206,0.20695317984395256,0.07262773059864051,0.09215336751699355,0.038257740162037035,3.827758926405041e-06
619000,81.67361111111111,0.002773765257759568,0.0346720657219946,0.0018782753007077588,0.023478441258846985,0.01657508240942542,0.20718853011781774,0.07201326329859799,0.09983420876752513,0.037673008294753084,3.846886852577002e-06
619500,81.73958333333334,0.002776541570135095,0.034706769626688685,0.001876658686759378,0.023458233584492224,0.016594087096507067,0.20742608870633833,0.07134541972811781,0.10818225339852738,0.03777247299382716,3.854591545344129e-06
620000,81.80555555555556,0.0027797694470129046,0.03474711808766131,0.0018766222095424393,0.02345777761928049,0.016612403449301205,0.20765504311626506,0.0723874413838008,0.09515698270249007,0.03716965663580247,3.863559089273215e-06
620500,81.87152777777779,0.002789322311695716,0.03486652889619645,0.0018851901366471148,0.023564876708088933,0.016630854367841945,0.20788567959802431,0.07156348996463154,0.10545637544210584,0.037757402584876545,3.890159479261767e-06
621000,81.9375,0.0027898115963877093,0.03487264495484636,0.0018798080794329758,0.023497600992912197,0.01664930447375033,0.20811630592187913,0.0713811982917726,0.10773502135284252,0.03716664255401234,3.89152437166967e-06
621500,82.00347222222223,0.0027937880978766397,0.03492235122345799,0.0018799949316505096,0.02349993664563137,0.016667230863012555,0.20834038578765693,0.07082258272008939,0.1147177159988827,0.03707019193672839,3.9026259679185865e-06
622000,82.06944444444444,0.0027990599177942347,0.034988248972427936,0.0018826897637996658,0.02353362204749582,0.016685668635491525,0.20857085794364405,0.0724537735128204,0.09432783108974507,0.03747709297839506,3.917368211701134e-06
622500,82.13541666666667,0.0028034377111742365,0.035042971389677956,0.0018834737283452065,0.023543421604315082,0.016703797802828893,0.20879747253536116,0.07093045694009824,0.11336928824877202,0.03706416377314815,3.929631500216921e-06
623000,82.20138888888889,0.002806972768427704,0.0350871596053463,0.0018826470801402786,0.023533088501753483,0.016722840244150664,0.2090355030518833,0.07189028802861698,0.10137139964228781,0.03710033275462963,3.9395480613473435e-06
623500,82.26736111111111,0.0028116958729937722,0.035146198412422155,0.0018834614676879826,0.023543268346099783,0.016740544751240514,0.20925680939050642,0.07114916979985496,0.11063537750181307,0.037006896219135804,3.952816841105105e-06
624000,82.33333333333334,0.0028140998283223665,0.03517624785402958,0.0018827627623561592,0.02353453452945199,0.016759302656257326,0.20949128320321658,0.07251311243481526,0.09358609456480926,0.03650354456018518,3.959578921881986e-06
624500,82.39930555555556,0.0028175428905576534,0.035219286131970666,0.001882601583962136,0.0235325197995267,0.01677627184092844,0.2097033980116055,0.07229646777119828,0.09629415286002163,0.036606023341049385,3.969273970065988e-06
625000,82.46527777777779,0.0028202076142931623,0.035252595178664525,0.0018799764715896209,0.02349970589487026,0.016793181828501473,0.20991477285626842,0.07212001765967077,0.09849977925411535,0.03680796682098766,3.976785493858565e-06
625500,82.53125,0.0028293242418292877,0.03536655302286609,0.0018875480116099825,0.02359435014512478,0.01681129788293009,0.21014122353662612,0.07213579451238936,0.09830256859513309,0.036684389467592594,4.002537832701437e-06
626000,82.59722222222223,0.002832448304502993,0.03540560380628741,0.0018881962987883738,0.023602453734854673,0.01682965208226239,0.21037065102827984,0.07217400618593818,0.09782492267577281,0.03610568576388889,4.01138169884094e-06
626500,82.66319444444444,0.0028324804705824494,0.035406005882280614,0.0018837938465850411,0.023547423082313015,0.016846742058208,0.21058427572759997,0.07207946431855398,0.09900669601807521,0.036120756172839504,4.011472808115487e-06
627000,82.72916666666667,0.0028392120102005212,0.03549015012750652,0.001886139471536254,0.023576743394203174,0.016865062394729752,0.2108132799341219,0.07193194965581828,0.10085062930227151,0.03586154513888889,4.030562419433442e-06
627500,82.79513888888889,0.002842807627715165,0.03553509534643956,0.0018876330282713457,0.02359541285339182,0.016881694573054246,0.21102118216317806,0.07192713522433015,0.10091080969587307,0.03602731963734568,4.040777604097763e-06
628000,82.86111111111111,0.0028456920583535892,0.03557115072941987,0.0018856493441034021,0.023570616801292524,0.016898979449007298,0.21123724311259123,0.07245671177917871,0.09429110276026609,0.03577413676697531,4.048981645488344e-06
628500,82.92708333333334,0.0028522584372410037,0.035653230465512546,0.0018896825364846863,0.023621031706058577,0.016915691760444863,0.21144614700556078,0.0712115637824517,0.10985545271935371,0.035641517168209874,4.067689096406247e-06
629000,82.99305555555556,0.002854567008194048,0.0356820876024256,0.0018885391276804986,0.023606739096006232,0.016933612728952257,0.2116701591119032,0.07241715630211933,0.09478554622350843,0.03584044656635803,4.074276402134959e-06
629500,83.05902777777779,0.0028598493691881183,0.03574811711485148,0.0018914265483893728,0.02364283185486716,0.016949772181331455,0.2118721522666432,0.07247520412816298,0.09405994839796272,0.03576810860339506,4.089369207222839e-06
630000,83.125,0.002865165744137114,0.03581457180171393,0.0018947158676668595,0.023683948345835745,0.016967087086229515,0.21208858857786894,0.07153759408443963,0.10578007394450462,0.03537326388888889,4.1045873706883915e-06
630500,83.19097222222223,0.0028683806408288394,0.03585475801036049,0.0018912587971046104,0.02364073496380763,0.016983641267254015,0.2122955158406752,0.07244850325464386,0.09439370931695179,0.035551094714506175,4.113803750340831e-06
631000,83.25694444444444,0.002871175104030297,0.03588968880037871,0.0018920315031564683,0.023650393789455854,0.016999520751392976,0.2124940093924122,0.0716008989209801,0.10498876348774888,0.035982108410493825,4.121823239001693e-06
631500,83.32291666666667,0.0028791335658714013,0.035989169573392515,0.001897149986792351,0.02371437483490439,0.01701690884899701,0.2127113606124626,0.07167550087574887,0.10405623905313921,0.03551793981481482,4.144705045063686e-06
632000,83.38888888888889,0.002881135290320268,0.03601419112900335,0.001898551222446499,0.023731890280581237,0.017031170637970744,0.21288963297463429,0.07215018918771407,0.09812263515357411,0.03544258777006173,4.150470280564428e-06
632500,83.45486111111111,0.002886381681082078,0.03607977101352597,0.0018988597665809829,0.023735747082262285,0.017048993194780877,0.21311241493476096,0.07251946678129831,0.09350666523377116,0.03520447530864197,4.165599604443101e-06
633000,83.52083333333334,0.0028894486409964523,0.03611810801245565,0.0018973488034102154,0.023716860042627692,0.017065374102466856,0.21331717628083569,0.0726017823762507,0.0924777202968663,0.034936222029320986,4.174456724478123e-06
633500,83.58680555555556,0.002892407355444427,0.036155091943055336,0.001898120464200943,0.023726505802511788,0.017081932531286412,0.21352415664108015,0.07207158057759024,0.09910524278012212,0.03502061631944445,4.183010154914512e-06
634000,83.65277777777779,0.0028984973252128366,0.03623121656516046,0.001903107958326095,0.023788849479076186,0.017096825511425984,0.2137103188928248,0.0720877147846736,0.09890356519158006,0.035337094907407406,4.2006433721329844e-06
634500,83.71875,0.0029000610564244218,0.03625076320530527,0.0019007190363626372,0.023758987954532965,0.017112616499774424,0.2139077062471803,0.072379476442371,0.09525654447036258,0.03487292631172839,4.2051770654947665e-06
635000,83.78472222222223,0.00290353220819752,0.036294152602468994,0.0018993444868463149,0.023741806085578934,0.01712735862648889,0.21409198283111114,0.07210231789804616,0.09872102627442292,0.035397376543209874,4.215249642020183e-06
635500,83.85069444444444,0.0029082251453139067,0.036352814316423836,0.0019020249858471658,0.023775312323089572,0.017144396635980975,0.21430495794976218,0.0719958800058667,0.10005149992666629,0.03481264467592592,4.228886747918047e-06
636000,83.91666666666667,0.0029122030000319423,0.036402537500399276,0.001901176456932011,0.023764705711650135,0.01715947212788087,0.21449340159851088,0.07132566039915884,0.10842924501051443,0.03470413773148148,4.240463156697522e-06
636500,83.98263888888889,0.0029136675951994414,0.036420844939993015,0.0019004309500910122,0.023755386876137652,0.017174559291034442,0.21468199113793052,0.0711381786382419,0.11077276702197625,0.034924165702160496,4.244729427657648e-06
637000,84.04861111111111,0.0029178856531602206,0.036473570664502755,0.0019046520768722058,0.023808150960902573,0.017189687793826423,0.21487109742283028,0.07225389649530715,0.09682629380866059,0.03399281442901234,4.257028342459124e-06
637500,84.11458333333334,0.002921280224221209,0.03651600280276511,0.0019048508350040427,0.023810635437550534,0.01720527095633125,0.2150658869541406,0.07248594606121847,0.09392567423476916,0.03470413773148148,4.266939074212958e-06
638000,84.18055555555556,0.0029256997568129356,0.036571246960161695,0.001906347111407617,0.02382933889259521,0.0172200106441865,0.21525013305233126,0.07180199823254119,0.10247502209323522,0.03451123649691358,4.279859533507635e-06
638500,84.24652777777779,0.0029327000655836786,0.03665875081979598,0.0019108902066224405,0.023886127582780504,0.017234944066503343,0.2154368008312918,0.07208767088472912,0.09890411394088605,0.03448410976080247,4.300364837337256e-06
639000,84.3125,0.002933130703222166,0.036664133790277074,0.0019070367147149482,0.02383795893393685,0.01725080845868537,0.21563510573356712,0.07181832624905479,0.10227092188681508,0.03389937789351852,4.30162786109228e-06
639500,84.37847222222223,0.0029371433937876415,0.036714292422345515,0.0019103864002984233,0.02387983000373029,0.01726508104154824,0.21581351301935298,0.07192224678406613,0.10097191519917348,0.03455041956018518,4.313405657835192e-06
640000,84.44444444444444,0.0029407082845123566,0.03675885355640446,0.0019096282104123109,0.023870352630153885,0.01727915117491135,0.21598938968639186,0.07135025892548587,0.10812176343142665,0.03380895543981482,4.323882607299803e-06
640500,84.51041666666667,0.0029425141816855757,0.03678142727106969,0.001907144438059169,0.023839305475739613,0.017294523205286117,0.21618154006607646,0.07221214363879828,0.09734820451502146,0.03437560281635803,4.329194854710367e-06
641000,84.57638888888889,0.002948554150400036,0.03685692688000045,0.001913809571631442,0.023922619645393026,0.017307738592906394,0.21634673241132993,0.07218560450581105,0.09767994367736199,0.03352563175154321,4.346985788920639e-06
641500,84.64236111111111,0.0029502116033660354,0.03687764504207544,0.0019113425205170883,0.023891781506463605,0.01732269344212029,0.2165336680265036,0.07208589703183696,0.09892628710203799,0.03399582851080247,4.351874252317797e-06
642000,84.70833333333334,0.0029539917410925515,0.03692489676365689,0.001915478544633629,0.02394348180792036,0.01733662509369525,0.21670781367119063,0.07275139638120896,0.09060754523488801,0.03363112461419753,4.363033603221502e-06
642500,84.77430555555556,0.0029556030374952224,0.03694503796869028,0.0019124070934911307,0.023905088668639135,0.0173502534381545,0.2168781679769312,0.07242730488714103,0.09465868891073725,0.03414954668209876,4.367794657625493e-06
643000,84.84027777777779,0.002959817256272985,0.036997715703412315,0.0019160739175081841,0.023950923968852303,0.017364525701552416,0.2170565712694052,0.07263269097005702,0.09209136287428721,0.03403501157407408,4.380259095265671e-06
643500,84.90625,0.00296285405383811,0.03703567567297638,0.0019167031384069084,0.023958789230086354,0.01737781646663,0.21722270583287498,0.07148529787766741,0.10643377652915731,0.033950617283950615,4.389252072172462e-06
644000,84.97222222222223,0.0029633148693452697,0.037041435866815874,0.0019127778334040403,0.023909722917550502,0.017390634235176693,0.21738292793970865,0.07252391767912487,0.09345102901093905,0.03373661747685185,4.390617507441386e-06
644500,85.03819444444444,0.0029672238645978275,0.037090298307472847,0.0019158249694562997,0.023947812118203748,0.017404967897163254,0.21756209871454066,0.07219094633462922,0.09761317081713483,0.03332670235339506,4.4022087313194335e-06
645000,85.10416666666667,0.002972646693319325,0.03715808366649156,0.0019191960868771968,0.02398995108596496,0.017419781501646824,0.21774726877058528,0.07257341929647725,0.09283225879403445,0.033109688464506175,4.4183141816511585e-06
645500,85.17013888888889,0.002971188144828445,0.03713985181035556,0.0019141712238221558,0.02392714029777695,0.017432495490684204,0.21790619363355254,0.07097302400572522,0.11283719992843477,0.03359495563271605,4.413979495984547e-06
646000,85.23611111111111,0.0029746077845044148,0.03718259730630518,0.0019164453241696134,0.023955566552120167,0.017444474720829904,0.2180559340103738,0.07212161374724342,0.09847982815945722,0.0336401668595679,4.424145735817131e-06
646500,85.30208333333334,0.002979662599889269,0.03724578249861586,0.0019209541638181135,0.02401192704772642,0.017458565885667656,0.2182320735708457,0.07210691463003599,0.09866356712455016,0.033522617669753084,4.439194604589439e-06
647000,85.36805555555556,0.002981119789338426,0.03726399736673033,0.001920352838345876,0.02400441047932345,0.017471240662315642,0.21839050827894552,0.07236768470620206,0.0954039411724743,0.03383608217592592,4.443537599192591e-06
647500,85.43402777777779,0.002980594694785259,0.03725743368481574,0.001915704276274749,0.02394630345343436,0.017483710797109402,0.21854638496386752,0.07157885820739143,0.10526427240760716,0.033275462962962965,4.441972367291015e-06
648000,85.5,0.0029894965819825493,0.037368707274781865,0.0019262547765420287,0.02407818470677536,0.017495770111058583,0.2186971263882323,0.07233284348820518,0.0958394563974353,0.033296561535493825,4.468544906842673e-06
648500,85.56597222222223,0.002989309611040313,0.03736637013800391,0.0019211584159261907,0.024014480199077384,0.017508642496474474,0.21885803120593092,0.0716596220016734,0.1042547249790825,0.033278477044753084,4.467985975328993e-06
649000,85.63194444444444,0.002989629337337367,0.037370366716717084,0.0019207193955518773,0.024008992444398466,0.017521402884789622,0.21901753605987026,0.07161222127999864,0.10484723400001705,0.03284444926697531,4.468941787334131e-06
649500,85.69791666666667,0.00299247812024318,0.03740597650303975,0.0019219225766655707,0.024024032208319633,0.017533826094622548,0.21917282618278186,0.0721388486906036,0.09826439136745513,0.03281129436728395,4.477462650067078e-06
650000,85.76388888888889,0.002996567645456165,0.037457095568202065,0.0019258962244912794,0.024073702806140993,0.017545770241109867,0.21932212801387332,0.07135990885670636,0.1080011392911705,0.03307351948302469,4.489708826897353e-06
650500,85.82986111111111,0.003000164123716409,0.03750205154645511,0.0019284773590512612,0.024105966988140763,0.01755873469838071,0.21948418372975886,0.07172987473821688,0.10337656577228904,0.03323627989969136,4.500492384617525e-06
651000,85.89583333333334,0.00299974680896307,0.03749683511203837,0.0019246504681475188,0.024058130851843985,0.01757035016621987,0.21962937707774838,0.07278995840317916,0.09012551996026053,0.03332067418981482,4.499240458942061e-06
651500,85.96180555555556,0.0030045077682427372,0.03755634710303422,0.0019288166512958411,0.024110208141198013,0.017583008777611497,0.21978760972014372,0.07261366343692277,0.09232920703846537,0.0330102237654321,4.513533464715477e-06
652000,86.02777777777779,0.003006285026438004,0.03757856283047505,0.0019282431071327934,0.024103038839159915,0.01759362675688406,0.21992033446105075,0.07208212309822633,0.09897346127217088,0.03291980131172839,4.518874830092676e-06
652500,86.09375,0.0030039822279470108,0.037549777849337634,0.0019230317840247325,0.024037897300309155,0.017607197446643706,0.22008996808304632,0.07151421097864025,0.10607236276699694,0.03266661844135803,4.511954612910743e-06
653000,86.15972222222223,0.0030120058050910324,0.03765007256363791,0.001934286262389355,0.024178578279866938,0.01761916912557995,0.22023961406974937,0.07178127926419073,0.10273400919761588,0.03300118152006173,4.536089484951039e-06
653500,86.22569444444444,0.003012429345598758,0.03765536681998447,0.0019315325390826695,0.024144156738533366,0.017630105705715292,0.22037632132144114,0.07086314435904838,0.11421069551189533,0.032790195794753084,4.537365281112281e-06
654000,86.29166666666667,0.0030141200383405685,0.03767650047925711,0.0019316614905356435,0.02414576863169554,0.017642795366274902,0.22053494207843627,0.07220981098372936,0.09737736270338304,0.03247974537037037,4.542459802763075e-06
654500,86.35763888888889,0.0030157964428615446,0.03769745553576931,0.0019311490666151948,0.024139363332689935,0.017653500646955707,0.22066875808694633,0.07195406382928599,0.1005742021339252,0.03266963252314815,4.547514092388173e-06
655000,86.42361111111111,0.0030189438674858553,0.03773679834357319,0.001934255314130317,0.024178191426628963,0.017665718392302323,0.22082147990377904,0.07212632503006747,0.09842093712415667,0.03329053337191358,4.557011037515227e-06
655500,86.48958333333334,0.003016022859682781,0.03770028574603476,0.0019289728815062657,0.02411216101882832,0.01767694678688614,0.22096183483607673,0.0717928578256805,0.1025892771789938,0.032817322530864196,4.548196945064549e-06
656000,86.55555555555556,0.0030242781873610794,0.03780347734201349,0.0019385854462164308,0.024232318077705386,0.017689962452769124,0.22112453065961404,0.0718167469879411,0.10229066265073616,0.03268470293209876,4.573129277274008e-06
656500,86.62152777777779,0.003024386275036918,0.03780482843796148,0.0019362731755914232,0.02420341469489279,0.017701279635847795,0.22126599544809744,0.07189818355418306,0.10127270557271173,0.032377266589506175,4.573456170315842e-06
657000,86.6875,0.003024425774702174,0.03780532218377717,0.0019328947211701955,0.024161184014627444,0.01771233881647339,0.22140423520591737,0.07171958300151568,0.10350521248105404,0.032633463541666664,4.573575633341422e-06
657500,86.75347222222223,0.003027439695129063,0.037842996189113284,0.0019351105182149062,0.024188881477686327,0.017723591194581435,0.22154488993226792,0.07202345293414888,0.09970683832313898,0.03247974537037037,4.582695553821577e-06
658000,86.81944444444444,0.0030301091683959795,0.037876364604949746,0.0019382380712089213,0.024227975890111515,0.017736283178430116,0.22170353973037646,0.07147148862423541,0.10660639219705736,0.032624421296296294,4.5907807861986865e-06
658500,86.88541666666667,0.003033809911137497,0.037922623889218715,0.0019415623705030278,0.024269529631287846,0.017747573220226468,0.22184466525283084,0.07247568934647697,0.09405388316903796,0.03242247781635803,4.602001288458054e-06
659000,86.95138888888889,0.0030347943174244517,0.03793492896780565,0.0019389379261246789,0.024236724076558486,0.01775851967136886,0.22198149589211075,0.07232818328321632,0.0958977089597961,0.03259729456018518,4.604988274535872e-06
659500,87.01736111111111,0.0030366205614418625,0.03795775701802328,0.0019396633524553899,0.02424579190569237,0.01776880844961287,0.22211010562016084,0.07180684368832477,0.1024144538959404,0.03242549189814815,4.6105322170857464e-06
660000,87.08333333333334,0.0030376191977882125,0.03797023997235265,0.0019381602108072176,0.024227002635090217,0.017782240768704386,0.2222780096088048,0.07164408399421758,0.10444895007228028,0.03246166087962963,4.613565195385752e-06
660500,87.14930555555556,0.003040823032470652,0.03801028790588315,0.001941066590861249,0.024263332385765612,0.0177934294031821,0.22241786753977622,0.07115114565935078,0.1106106792581153,0.03267264660493827,4.6233023574020055e-06
661000,87.21527777777779,0.0030426932559830104,0.03803366569978763,0.0019415736231891169,0.02426967028986396,0.01780453865475201,0.22255673318440014,0.07220736996107147,0.09740787548660668,0.031518253279320986,4.628991125002246e-06
661500,87.28125,0.003044832125707472,0.038060401571343404,0.0019406390696141873,0.02425798837017734,0.01781741537461396,0.2227176921826745,0.0708248784153886,0.11468901980764246,0.03220546392746913,4.635501336870141e-06
662000,87.34722222222223,0.003045787492949409,0.03807234366186761,0.0019400362149689075,0.024250452687111342,0.017828962344970778,0.22286202931213472,0.07216416178112908,0.09794797773588648,0.03201256269290124,4.638410726103523e-06
662500,87.41319444444444,0.0030456649291642217,0.03807081161455277,0.0019374385165673747,0.024217981457092183,0.017839997989227453,0.22299997486534315,0.0715648995679187,0.10543875540101633,0.032211492091049385,4.6380374303704515e-06
663000,87.47916666666667,0.0030467541442590687,0.038084426803238355,0.0019362805893196901,0.024203507366496128,0.017852463536245575,0.2231557942030697,0.07245762440028675,0.09427969499641564,0.03219642168209876,4.6413554077799054e-06
663500,87.54513888888889,0.0030535708589463,0.03816963573682875,0.001942976984910117,0.024287212311376462,0.017865439731745193,0.2233179966468149,0.07149266244595805,0.1063417194255244,0.031506196952160496,4.6621474953030225e-06
664000,87.61111111111111,0.0030535481249981803,0.038169351562477256,0.0019403427278102752,0.02425428409762844,0.01787694443686528,0.22346180546081598,0.071667662173603,0.10415422282996256,0.031810619212962965,4.662078075839952e-06
664500,87.67708333333334,0.00305912706658716,0.0382390883323395,0.0019473072653992994,0.02434134081749124,0.017888505814219996,0.22360632267774994,0.07189317804514232,0.10133527443572099,0.032093942901234566,4.679129204763081e-06
665000,87.74305555555556,0.003058791200712949,0.03823489000891186,0.0019437604856312578,0.02429700607039072,0.01790056605647388,0.2237570757059235,0.07200468878127626,0.09994139023404669,0.032211492091049385,4.6781018047794816e-06
665500,87.80902777777779,0.0030600922916142613,0.03825115364517827,0.0019425044979833074,0.02428130622479134,0.017912829186649815,0.22391036483312268,0.07235505275346263,0.09556184058171713,0.031870900848765434,4.68208241659851e-06
666000,87.875,0.0030628462563641046,0.03828557820455131,0.0019435012004158521,0.024293765005198153,0.017926002323361973,0.22407502904202464,0.0716927476896448,0.10384065387943997,0.03196132330246913,4.690513595061805e-06
666500,87.94097222222223,0.003067070259701267,0.03833837824626583,0.0019487781146535874,0.024359726433169842,0.017937798097724764,0.22422247622155955,0.07262598862252573,0.09217514221842837,0.03217833719135803,4.703459988971998e-06
667000,88.00694444444444,0.003066216886995227,0.03832771108744033,0.0019449797109817033,0.02431224638727129,0.017949498126791273,0.2243687265848909,0.07190136734233381,0.10123290822082742,0.031506196952160496,4.700842999047351e-06
667500,88.07291666666667,0.003071468150785971,0.038393351884824636,0.0019498511789825678,0.024373139737282095,0.017961665065128963,0.22452081331411203,0.07228223723521697,0.09647203455978792,0.03171115451388889,4.716958300646296e-06
668000,88.13888888888889,0.003073582022242615,0.03841977527803268,0.001948786937728236,0.02435983672160295,0.017973813805879608,0.2246726725734951,0.0715083167225821,0.10614604096772384,0.032250675154320986,4.723453223726501e-06
668500,88.20486111111111,0.003075222524757585,0.03844028155946981,0.0019490991271777936,0.02436373908972242,0.017986143893033747,0.22482679866292182,0.07024700765954114,0.12191240425573568,0.031665943287037035,4.728496788388207e-06
669000,88.27083333333334,0.0030783156206047636,0.038478945257559544,0.001949943571319709,0.02437429464149636,0.01799921692237012,0.2249902115296265,0.07114138186752776,0.11073272665590295,0.03209997106481482,4.738013530029645e-06
669500,88.33680555555556,0.0030808405050495743,0.038510506313119676,0.0019510025627693824,0.024387532034617278,0.01801203530459033,0.22515044130737913,0.07237494973913287,0.09531312826083904,0.031714168595679014,4.745789108777058e-06
670000,88.40277777777779,0.00308510257431119,0.03856378217888987,0.0019549895850789296,0.02443736981348662,0.01802412020510564,0.22530150256382048,0.07092998139730901,0.11337523253363746,0.03166895736882716,4.758928947010765e-06
670500,88.46875,0.003089771394934011,0.03862214243667514,0.001959608245910011,0.024495103073875136,0.01803630940517535,0.22545386756469185,0.07203690610551458,0.09953867368106772,0.03160867573302469,4.773343636476232e-06
671000,88.53472222222223,0.0030903278056151535,0.03862909757018942,0.001958224712714502,0.024477808908931278,0.01804881668428032,0.22561020855350397,0.07141697087603686,0.10728786404953916,0.031744309413580245,4.7750629730790854e-06
671500,88.60069444444444,0.0030951910572801023,0.03868988821600128,0.0019603526126419878,0.024504407658024845,0.018062618553122942,0.22578273191403678,0.07183073698573168,0.10211578767835394,0.03183774594907408,4.7901038405333585e-06
672000,88.66666666666667,0.003095306041558821,0.03869132551948526,0.001957274172873609,0.02446592716092011,0.018074152295687426,0.2259269036960928,0.07180423577861532,0.10244705276730848,0.031391661844135804,4.790459745455269e-06
672500,88.73263888888889,0.00309854362554312,0.038731795319289,0.0019594078571619623,0.024492598214524527,0.01808661280785822,0.22608266009822775,0.07234237717992686,0.09572028525091425,0.031750337577160496,4.800486299696952e-06
673000,88.79861111111111,0.0031012234236398885,0.038765292795498604,0.0019604271378794546,0.024505339223493183,0.01809902717348216,0.22623783966852698,0.072576790940974,0.09279011323782504,0.03169005594135803,4.808793361666356e-06
673500,88.86458333333334,0.003103929256447827,0.03879911570559784,0.001961462388781142,0.024518279859764274,0.018111193680541628,0.22638992100677033,0.07132449245226886,0.10844384434663923,0.03147605613425926,4.81718841451638e-06
674000,88.93055555555556,0.003104815422418916,0.03881019278023645,0.0019591901859884416,0.02448987732485552,0.018123905842574197,0.22654882303217747,0.07177212414101508,0.10284844823731154,0.03156346450617284,4.819939403645177e-06
674500,88.99652777777779,0.0031138544023543197,0.038923180029428996,0.0019691770095419886,0.024614712619274857,0.018136704156646925,0.22670880195808654,0.0719757949220891,0.10030256347388633,0.031165605709876542,4.848044619530688e-06
675000,89.0625,0.0031111812158646627,0.038889765198308286,0.0019612685068154238,0.024515856335192796,0.018149528395554206,0.22686910494442755,0.07185036254726176,0.10187046815922796,0.03128616898148148,4.83972427897456e-06
675500,89.12847222222223,0.0031166656312385066,0.03895832039048133,0.0019663326998686967,0.02457915874835871,0.018161359271365803,0.22701699089207253,0.07129645376536495,0.1087943279329382,0.031331380208333336,4.856802328471659e-06
676000,89.19444444444444,0.0031176764425506977,0.03897095553188372,0.0019652357729578215,0.02456544716197277,0.018174593256223004,0.22718241570278755,0.07181279524562303,0.10234005942971214,0.031204788773148147,4.859953200217786e-06
676500,89.26041666666667,0.003118198879230749,0.038977485990384364,0.0019610048688087564,0.024512560860109455,0.01818719976422215,0.22733999705277685,0.07223340414337638,0.09708244820779521,0.030870225694444444,4.86158212521795e-06
677000,89.32638888888889,0.0031261724114498273,0.03907715514312284,0.0019693026245679573,0.024616282807099467,0.01819967389692714,0.22749592371158925,0.07126716816628909,0.10916039792138643,0.031117380401234566,4.886476973055014e-06
677500,89.39236111111111,0.003126240997416711,0.03907801246770889,0.0019658767822461924,0.024573459778077403,0.018213086908816574,0.22766358636020717,0.07216053242012122,0.09799334474848487,0.03109929591049383,4.8866913869645165e-06
678000,89.45833333333334,0.003127489176030979,0.03909361470038724,0.0019645051453054357,0.024556314316317947,0.018225631086890032,0.2278203885861254,0.07165455166481614,0.10431810418979826,0.031048056520061727,4.890594273095466e-06
678500,89.52430555555556,0.0031356885608511353,0.03919610701063919,0.001972848647975934,0.024660608099699173,0.0182375317657154,0.22796914707144247,0.0712471648684398,0.10941043914450255,0.031150535300925927,4.916271375326332e-06
679000,89.59027777777779,0.0031344922710777614,0.039181153388472015,0.0019675624641295355,0.024594530801619194,0.01825060699092204,0.2281325873865255,0.07167784242565864,0.10402696967926706,0.030885296103395063,4.9125208987231105e-06
679500,89.65625,0.003140426013029366,0.039255325162867075,0.0019720746108541293,0.024650932635676616,0.018265275164941776,0.2283159395617722,0.07221407522864481,0.0973240596419398,0.031304253472222224,4.93113777165576e-06
680000,89.72222222222223,0.0031432347265587255,0.039290434081984064,0.001971356413046942,0.024641955163086777,0.01827751844136567,0.22846898051707087,0.07230629512253123,0.09617131096835962,0.031072169174382717,4.939962273122352e-06
680500,89.78819444444444,0.0031430874528275247,0.03928859316034406,0.001967973563363335,0.02459966954204169,0.01828882513305355,0.22861031416316935,0.07138249888553672,0.10771876393079105,0.030846113040123458,4.9394993680609094e-06
681000,89.85416666666667,0.0031477114053074496,0.03934639256634312,0.0019709788864676245,0.024637236080845306,0.01830311293807487,0.22878891172593588,0.07204636933901602,0.09942038326229974,0.03102394386574074,4.9540435455513e-06
681500,89.92013888888889,0.0031530631713821903,0.03941328964227738,0.0019753709799844527,0.024692137249805658,0.018314999049643125,0.22893748812053905,0.07204777958152613,0.09940275523092346,0.030930507330246913,4.970903681363358e-06
682000,89.98611111111111,0.0031559041468920113,0.03944880183615014,0.001975360434146389,0.024692005426829866,0.018329023987475664,0.2291127998434458,0.07017119361277513,0.12286007984031089,0.030601972415123458,4.979865492185096e-06
682500,90.05208333333334,0.003159124435710269,0.03948905544637837,0.001975637822235044,0.02469547277793805,0.018341298743111523,0.22926623428889403,0.07176716622433578,0.10291042219580282,0.030812958140432098,4.990033600150864e-06
683000,90.11805555555556,0.0031616817115079163,0.03952102139384896,0.0019749147294745423,0.02468643411843178,0.0183546534832565,0.22943316854070625,0.07183818799477674,0.10202265006529065,0.030644169560185185,4.998115622441813e-06
683500,90.18402777777779,0.0031652037169866013,0.03956504646233251,0.0019760117126856602,0.024700146408570753,0.018367113085967317,0.22958891357459146,0.07175994732929607,0.10300065838379913,0.030433183834876542,5.009257285012898e-06
684000,90.25,0.0031699586591132007,0.03962448323891501,0.001979965623567467,0.024749570294593338,0.018379917609164333,0.22974897011455414,0.07200995702533651,0.09987553718329367,0.030131775655864196,5.024318950243381e-06
684500,90.31597222222223,0.0031750590545626526,0.03968823818203316,0.001981962347698491,0.024774529346231138,0.01839326250778238,0.22991578134727975,0.07247600134387398,0.0940499832015752,0.030523606288580248,5.040499999980143e-06
685000,90.38194444444444,0.003173036495576196,0.03966295619470245,0.001974801680660197,0.024685021008252463,0.018405526091938493,0.23006907614923117,0.07178839282028424,0.10264508974644704,0.03010163483796296,5.034080301129234e-06
685500,90.44791666666667,0.0031798787512556034,0.03974848439069504,0.0019801825659752576,0.02475228207469072,0.018419831973445145,0.2302478996680643,0.07150954608383507,0.10613067395206166,0.03053566261574074,5.055814436343448e-06
686000,90.51388888888889,0.0031823236697483366,0.039779045871854206,0.001979739013691168,0.024746737671139597,0.018433425675902233,0.2304178209487779,0.07116403205747447,0.11044959928156917,0.030550733024691357,5.0635919695202604e-06
686500,90.57986111111111,0.003184485928764592,0.0398060741095574,0.0019777077381902047,0.02472134672737756,0.018445137666129978,0.23056422082662473,0.07167578555437999,0.10405268057025008,0.03034577546296296,5.070475315249843e-06
687000,90.64583333333334,0.00319141312182703,0.03989266402283787,0.00198427422768564,0.0248034278460705,0.018458989499760107,0.23073736874700132,0.07214063522539105,0.0982420596826119,0.03017698688271605,5.092558857084875e-06
687500,90.71180555555556,0.0031945552697503973,0.03993194087187996,0.0019840061950594776,0.02480007743824347,0.018472492004338568,0.2309061500542321,0.0712970016295336,0.10878747963082991,0.030065465856481483,5.102591685745017e-06
688000,90.77777777777779,0.003196549209199558,0.03995686511499447,0.0019830818943353643,0.024788523679192053,0.018483624734024175,0.2310453091753022,0.07205924766544737,0.09925940418190793,0.030339747299382717,5.108963423417161e-06
688500,90.84375,0.0032010155535386027,0.04001269441923253,0.0019851121260038578,0.02481390157504822,0.018496980543832014,0.23121225679790017,0.0724836555847518,0.09395430519060255,0.02976707175925926,5.123250286998024e-06
689000,90.90972222222223,0.003202316223186102,0.04002895278982627,0.0019815628827335326,0.02476953603416916,0.018508760518950285,0.23135950648687856,0.07071487043788138,0.11606411952648277,0.02967966338734568,5.127414596640451e-06
689500,90.97569444444444,0.00320706995142399,0.04008837439279987,0.001984380205131893,0.02480475256414866,0.018521714696798853,0.23152143370998565,0.07227954839044522,0.09650564511943482,0.030161916473765434,5.142648836663336e-06
690000,91.04166666666667,0.0032088601071116113,0.04011075133889514,0.001983996649943265,0.02479995812429081,0.01853418146324186,0.23167726829052324,0.07106950751430036,0.11163115607124552,0.030053409529320986,5.148391593506171e-06
690500,91.10763888888889,0.003215770327042296,0.0401971290880287,0.0019889974012171803,0.024862467515214752,0.018546717245872417,0.23183396557340522,0.07128045904779975,0.10899426190250305,0.03001422646604938,5.170589398142858e-06
691000,91.17361111111111,0.0032163059891613015,0.04020382486451627,0.001985566703637252,0.02481958379546565,0.018560004440721516,0.23200005550901895,0.07135011036739394,0.10812362040757573,0.029595269097222224,5.172312107957429e-06
691500,91.23958333333334,0.0032242270706857932,0.04030283838357242,0.0019921746555183056,0.02490218319397882,0.01857195489804915,0.23214943622561438,0.07140271153136607,0.10746610585792415,0.030478395061728395,5.197820101671545e-06
692000,91.30555555555556,0.003226467167374675,0.04033083959218344,0.0019916866919844375,0.02489608364980547,0.01858444634230489,0.23230557927881113,0.07136764035876363,0.10790449551545467,0.02971583236882716,5.2050451910733804e-06
692500,91.37152777777779,0.0032303229401447198,0.040379036751809,0.0019917396700406056,0.02489674587550757,0.01859701234140954,0.23246265426761922,0.07180400390573875,0.10244995117826561,0.029929832175925927,5.2174931488126135e-06
693000,91.4375,0.0032338765323528243,0.0404234566544103,0.0019933891672915594,0.024917364591144492,0.018609382725746478,0.23261728407183097,0.07191671231962042,0.10104109600474476,0.029926818094135804,5.2289787132511635e-06
693500,91.50347222222223,0.003238740014828774,0.04048425018535967,0.001996338438336126,0.024954230479201575,0.01862136715593567,0.23276708944919589,0.0707467354377554,0.1156658070280574,0.029727888695987654,5.2447184418265435e-06
694000,91.56944444444444,0.003239472090447052,0.04049340113058815,0.0019924597915713113,0.02490574739464139,0.01863284981576402,0.23291062269705023,0.07153628771537975,0.10579640355775322,0.029420452353395063,5.247089712392696e-06
694500,91.63541666666667,0.0032440138867023873,0.04055017358377984,0.0019958129090378446,0.024947661362973057,0.018644608395902987,0.23305760494878733,0.07047287331205324,0.11908908359933457,0.029293860918209878,5.261813048558965e-06
695000,91.70138888888889,0.003252127734841724,0.04065159668552155,0.0020031370863968683,0.02503921357996085,0.018657198529861044,0.23321498162326304,0.07134752233143872,0.108155970857016,0.029456621334876542,5.288167401863381e-06
695500,91.76736111111111,0.0032545861524539378,0.04068232690567422,0.002003500305466833,0.025043753818335412,0.01866784685398206,0.23334808567477575,0.0713605835043622,0.10799270619547252,0.029782142168209878,5.296165511872463e-06
696000,91.83333333333334,0.0032586197697983075,0.040732747122478846,0.002003449241143701,0.025043115514296263,0.01868039543945863,0.23350494299323288,0.07018061617136896,0.12274229785788804,0.029580198688271605,5.3093014020601876e-06
696500,91.89930555555556,0.003258888964234421,0.04073611205293026,0.00199781838158354,0.02497272976979425,0.018693149515070208,0.23366436893837758,0.07165062978659358,0.10436712766758027,0.029221522955246913,5.3101786406044495e-06
697000,91.96527777777779,0.0032643102818124487,0.04080387852265561,0.0020027554380486713,0.02503444297560839,0.0187052829341829,0.23381603667728626,0.0716357241298431,0.10455344837696123,0.029851466049382717,5.327860807973234e-06
697500,92.03125,0.0032668084479953426,0.04083510559994178,0.002002684697597025,0.025033558719962812,0.018716020342753034,0.23395025428441293,0.0717752257460524,0.10280967817434505,0.02962842399691358,5.33601871794687e-06
698000,92.09722222222223,0.0032716613475798394,0.040895766844747994,0.0020050306158321055,0.025062882697901318,0.01872725717221125,0.2340907146526406,0.07240149378108166,0.09498132773647938,0.029188368055555556,5.351883986623965e-06
698500,92.16319444444444,0.0032743228696341248,0.04092903587042656,0.0020054362605928552,0.02506795325741069,0.01873826613802799,0.23422832672534985,0.07057966136989523,0.1177542328763097,0.029553071952160493,5.360595127304524e-06
699000,92.22916666666667,0.003277459736060672,0.040968246700758396,0.0020039578333516236,0.025049472916895296,0.018749495070771952,0.2343686883846494,0.07148270110870543,0.10646623614118211,0.02914918499228395,5.370871160749445e-06
699500,92.29513888888889,0.0032810440555689777,0.04101305069461222,0.00200357961566241,0.025044745195780125,0.018761580093565874,0.2345197511695734,0.07169060427128955,0.10386744660888059,0.02906780478395062,5.382625047292262e-06
700000,92.36111111111111,0.0032833686644456552,0.04104210830557069,0.00200397989114258,0.025049748639282245,0.0187709514318303,0.23463689289787876,0.07160577525361772,0.10492780932977852,0.02923659336419753,5.390254893331823e-06
700500,92.42708333333334,0.0032910082139703755,0.041137602674629695,0.0020117287354756395,0.025146609193445493,0.0187832805489604,0.23479100686200502,0.07119358977787803,0.11008012777652465,0.02914014274691358,5.415367532210241e-06
701000,92.49305555555556,0.0032926126643859866,0.04115765830482483,0.002009061204060681,0.02511326505075851,0.018793456037812614,0.23491820047265768,0.07162219676193052,0.1047225404758686,0.02936619888117284,5.4206490788374934e-06
701500,92.55902777777779,0.003297532072201055,0.04121915090251319,0.0020132177289401147,0.025165221611751432,0.01880535159730523,0.2350668949663154,0.07081615805735274,0.11479802428309083,0.028772424768518517,5.4368588835972925e-06
702000,92.625,0.0032984518798098257,0.04123064849762282,0.0020095434506979663,0.025119293133724577,0.018815161488233235,0.23518951860291543,0.07124693984487454,0.10941325193906826,0.029082875192901234,5.439892401710486e-06
702500,92.69097222222223,0.003300135992258118,0.041251699903226476,0.0020075574264943274,0.025094467831179093,0.018826013150305538,0.23532516437881923,0.07199443185024663,0.10006960187191705,0.02874831211419753,5.445448783698737e-06
703000,92.75694444444444,0.0033020521596778232,0.04127565199597279,0.002005370699946152,0.0250671337493269,0.018836364491659714,0.23545455614574642,0.07122055807574294,0.10974302405321323,0.028724199459876542,5.451774232616488e-06
703500,92.82291666666667,0.0033092474471494706,0.04136559308936838,0.002013340571055389,0.025166757138192362,0.018847049260125308,0.23558811575156635,0.07150851361292537,0.10614357983843281,0.028781467013888888,5.475559333232644e-06
704000,92.88888888888889,0.0033090390356276724,0.0413629879453459,0.0020071277585104867,0.025089096981381082,0.018857004440030068,0.23571255550037584,0.07176277576804521,0.10296530289943484,0.029040678047839507,5.4748696696538585e-06
704500,92.95486111111111,0.003312966491218247,0.04141208114022809,0.0020104830645894596,0.025131038307368243,0.01886792307036744,0.23584903837959298,0.07163543633598456,0.1045570458001931,0.028287157600308643,5.487873485967472e-06
705000,93.02083333333334,0.0033128797159452353,0.04141099644931544,0.0020062390144413135,0.025077987680516417,0.018877469673338608,0.2359683709167326,0.07132673547453745,0.10841580656828187,0.02842580536265432,5.4875860061606915e-06
705500,93.08680555555556,0.0033181272601117916,0.041476590751397396,0.0020090344294168717,0.025112930367710895,0.018887913440128586,0.23609891800160732,0.07172877665476662,0.10339029181541726,0.029079861111111112,5.504984257148492e-06
706000,93.15277777777779,0.0033245296966103554,0.04155662120762944,0.002016286779923358,0.025203584749041975,0.018898895690998063,0.2362361961374758,0.07103194359424952,0.11210070507188097,0.028564453125,5.526248851822071e-06
706500,93.21875,0.0033269427778438595,0.04158678472304824,0.0020144906289720705,0.02518113286215088,0.018908801314924017,0.23636001643655022,0.07202470379662543,0.09969120254218222,0.028618706597222224,5.5342741235237086e-06
707000,93.28472222222223,0.0033320294627272136,0.04165036828409017,0.002019035517485418,0.025237943968567725,0.01891734266025489,0.2364667832531861,0.07155117275126115,0.10561034060923569,0.02882366415895062,5.551210170241102e-06
707500,93.35069444444444,0.0033351460893127787,0.041689326116409735,0.002017083984323239,0.02521354980404049,0.018928266618147924,0.23660333272684905,0.071666253511794,0.10417183110257511,0.028917100694444444,5.56159971852916e-06
708000,93.41666666666667,0.0033386531165032975,0.04173316395629122,0.002021167032728065,0.02526458790910081,0.018937107438834613,0.23671384298543266,0.07173028474526699,0.1033714406841626,0.02845896026234568,5.573302316168591e-06
708500,93.48263888888889,0.0033382071312942174,0.04172758914117772,0.0020179553597656527,0.02522444199707066,0.018945353112055804,0.23681691390069753,0.07058747047656518,0.11765661904293534,0.02857349537037037,5.571813425711784e-06
709000,93.54861111111111,0.0033416540188368747,0.041770675235460936,0.0020183560426871128,0.02522945053358891,0.018955999806270163,0.23694999757837704,0.07186929583103137,0.10163380211210793,0.02874831211419753,5.583325790804317e-06
709500,93.61458333333334,0.0033430492642483427,0.041788115803104285,0.0020187484210358077,0.025234355262947594,0.018963531803937193,0.2370441475492149,0.07232888842620366,0.0958888946724542,0.02833839699074074,5.587989191595693e-06
710000,93.68055555555556,0.003343609249320635,0.041795115616507936,0.0020154288284495525,0.025192860355619406,0.018972870260287645,0.23716087825359555,0.07130641762232978,0.10866977972087777,0.028151523919753087,5.5898614060712495e-06
710500,93.74652777777779,0.0033505419083072153,0.04188177385384019,0.002024216732654004,0.02530270915817505,0.01898380892170344,0.237297611521293,0.07155412751593905,0.10557340605076193,0.028199749228395063,5.613065539661479e-06
711000,93.8125,0.0033516503177142046,0.041895628971427554,0.002021448456774709,0.025268105709683863,0.01899192408241737,0.2373990510302171,0.07141833088237573,0.10727086397030339,0.028359495563271605,5.616779926116864e-06
711500,93.87847222222223,0.003354345608200255,0.041929320102503186,0.0020224956814297286,0.025281196017871606,0.019001128311684906,0.2375141038960613,0.07174670159987336,0.10316623000158309,0.028464988425925927,5.625817229626168e-06
712000,93.94444444444444,0.0033554230824190995,0.041942788530238743,0.0020220954933658315,0.025276193667072892,0.019008168545428857,0.2376021068178607,0.07143806288844132,0.10702421389448358,0.02831127025462963,5.629432031015446e-06
712500,94.01041666666667,0.0033560771220190527,0.04195096402523816,0.00202051313262015,0.025256414157751872,0.01901723245815393,0.23771540572692412,0.07163665548492909,0.1045418064383864,0.028024932484567902,5.631626824469844e-06
713000,94.07638888888889,0.0033595221715022397,0.04199402714377799,0.002022863104296555,0.025285788803706938,0.019026201140569042,0.23782751425711302,0.07211602594002314,0.09854967574971074,0.028299213927469136,5.643194610407562e-06
713500,94.14236111111111,0.0033618849820218127,0.04202356227527266,0.0020210195404988035,0.025262744256235044,0.01903438937604971,0.23792986720062137,0.07179026106046561,0.10262173674417985,0.028021918402777776,5.6511353161719026e-06
714000,94.20833333333334,0.003367743271993331,0.042096790899916636,0.0020292898219662642,0.025366122774578302,0.01904277907648926,0.23803473845611572,0.07183753338279555,0.10203083271505564,0.028733241705246913,5.670847373028174e-06
714500,94.27430555555556,0.003369805567775021,0.04212256959718776,0.0020301519679035013,0.025376899598793766,0.0190502360985777,0.23812795123222125,0.07025472747651255,0.12181590654359309,0.028211805555555556,5.677794782303766e-06
715000,94.34027777777779,0.003374777117874619,0.042184713973432736,0.0020338955920943653,0.025423694901179565,0.019059111179260593,0.2382388897407574,0.07117082942816025,0.11036463214799697,0.02808521412037037,5.6945602976650606e-06
715500,94.40625,0.0033745703995305817,0.04218212999413227,0.0020315414564910034,0.025394268206137542,0.01906737044576309,0.23834213057203862,0.07189170635015082,0.10135367062311473,0.028196735146604937,5.693862690693995e-06
716000,94.47222222222223,0.003374353800366046,0.04217942250457558,0.002027994237514696,0.0253499279689337,0.019074912928852217,0.2384364116106527,0.07189621785507266,0.10129727681159173,0.02781394675925926,5.693131785022389e-06
716500,94.53819444444444,0.0033784460351439583,0.04223057543929948,0.0020303289008826234,0.025379111261032792,0.019081899628075563,0.23852374535094453,0.07144313231085213,0.10696084611434842,0.02809124228395062,5.706948806189966e-06
717000,94.60416666666667,0.0033800738448306823,0.04225092306038353,0.0020319211522588482,0.025399014403235602,0.019090291508541142,0.23862864385676427,0.07110338895980273,0.11120763800246591,0.02782298900462963,5.7124495982542355e-06
717500,94.67013888888889,0.003383820103663292,0.04229775129579115,0.0020341448771105147,0.025426810963881434,0.0190975098621274,0.2387188732765925,0.07075106388767863,0.11561170140401722,0.027819974922839507,5.725119246977926e-06
718000,94.73611111111111,0.003384512031643283,0.04230640039554104,0.0020338125138980776,0.02542265642372597,0.01910578088763401,0.23882226109542512,0.0703733157982607,0.12033355252174127,0.02798876350308642,5.7274608461690714e-06
718500,94.80208333333334,0.003387686218981038,0.042346077737262976,0.002037899276246722,0.025473740953084023,0.019113539383809146,0.23891924229761433,0.07153838221881256,0.105770222264843,0.028073157793209878,5.7382089591370215e-06
719000,94.86805555555556,0.003387808408920723,0.04234760511150904,0.0020372595243728763,0.025465744054660955,0.019120327838606673,0.2390040979825834,0.07191537750399439,0.10105778120007014,0.028356481481481483,5.738622907776981e-06
719500,94.93402777777779,0.003387584012385481,0.042344800154818514,0.00203407885851665,0.025425985731458125,0.019128070068787754,0.2391008758598469,0.0712274775783305,0.10965653027086875,0.028208791473765434,5.737862720484858e-06
720000,95.0,0.0033936933408971488,0.04242116676121436,0.0020411209712184286,0.025514012140230358,0.019134705185920683,0.23918381482400855,0.07200570416991933,0.09992869787600833,0.027844087577160493,5.758577246024825e-06
720500,95.06597222222223,0.0033952583618153316,0.04244072952269164,0.0020415379320146802,0.0255192241501835,0.019143154740954137,0.23928943426192673,0.07057441718046521,0.1178197852441849,0.027672284915123458,5.763889671738464e-06
721000,95.13194444444444,0.0033993888564618005,0.0424923607057725,0.002045150018887155,0.02556437523608944,0.019148085441226634,0.23935106801533293,0.07160755861123241,0.10490551735959486,0.028070143711419752,5.7779222987183335e-06
721500,95.19791666666667,0.003398114334764182,0.04247642918455227,0.002042625911568545,0.025532823894606815,0.01915639260643395,0.23945490758042437,0.07190034850643057,0.10124564366961797,0.028088228202160493,5.77359051606491e-06
722000,95.26388888888889,0.00339885381795749,0.04248567272446862,0.0020442660196193347,0.025553325245241683,0.019162480522099543,0.2395310065262443,0.07037690104445053,0.12028873694436837,0.027973693094135804,5.776103637922103e-06
722500,95.32986111111111,0.003397030223140362,0.042462877789254526,0.002036917249249039,0.025461465615612987,0.019171257182471292,0.23964071478089113,0.07126079997197772,0.10924000035027848,0.028033974729938273,5.76990716846453e-06
723000,95.39583333333334,0.0034046976230536906,0.042558720288171134,0.0020468315781356915,0.02558539472669614,0.01917839453353381,0.2397299316691726,0.07251160424147991,0.09360494698150112,0.027774763695987654,5.795982952213726e-06
723500,95.46180555555556,0.0034027663231277487,0.04253457903909686,0.00204133243794516,0.0255166554743145,0.019183980830657463,0.2397997603832183,0.07101489943075884,0.1123137571155145,0.028018904320987654,5.789409324906169e-06
724000,95.52777777777779,0.003404897194531012,0.04256121493163765,0.0020457317242705106,0.025571646553381382,0.019190499097694876,0.23988123872118594,0.07176732317508161,0.10290846031147993,0.027961636766975308,5.796662452662578e-06
724500,95.59375,0.0034071861078655463,0.04258982634831933,0.0020444425798853737,0.02555553224856717,0.019196379841072673,0.2399547480134084,0.07135493613951528,0.10806329825605898,0.027804904513888888,5.8044585868159845e-06
725000,95.65972222222223,0.0034026492799626514,0.04253311599953314,0.0020386945212933216,0.02548368151616652,0.019203179300310007,0.2400397412538751,0.07182023481155428,0.10224706485557156,0.02750048225308642,5.789011061215175e-06
725500,95.72569444444444,0.003410034470712013,0.04262543088390016,0.002047481480502434,0.025593518506280426,0.019210574311190453,0.24013217888988067,0.07095487353898941,0.11306408076263241,0.027750651041666668,5.814167545722079e-06
726000,95.79166666666667,0.003412181226602195,0.04265226533252744,0.0020517791137260816,0.02564723892157602,0.019217412623845995,0.24021765779807494,0.07135061435620699,0.10811732054741263,0.027747636959876542,5.821490361588231e-06
726500,95.85763888888889,0.0034110044491075407,0.04263755561384426,0.0020478419428294698,0.025598024285368372,0.01922385350160276,0.2402981687700345,0.07068604375353381,0.11642445308082738,0.028055073302469136,5.817475675915719e-06
727000,95.92361111111111,0.0034152737663306286,0.04269092207913286,0.002052398103304323,0.025654976291304036,0.019229487069294268,0.24036858836617836,0.07018924036676748,0.1226344954154065,0.027663242669753087,5.832047449493098e-06
727500,95.98958333333334,0.003412935326583952,0.0426616915822994,0.002048346888542681,0.025604336106783514,0.019236206742351502,0.24045258427939378,0.07164239200462015,0.1044700999422481,0.028208791473765434,5.824063771722353e-06
728000,96.05555555555556,0.00341627596083781,0.04270344951047262,0.0020531333221771577,0.025664166527214472,0.0192430327126315,0.24053790890789373,0.06997494536303119,0.12531318296211025,0.02781696084104938,5.835470720299151e-06
728500,96.12152777777779,0.003418373733862057,0.04272967167327571,0.0020536885138074824,0.02567110642259353,0.01924878720606931,0.2406098400758664,0.0702108811239945,0.12236398595006881,0.028088228202160493,5.8426394921790105e-06
729000,96.1875,0.003418028877223397,0.04272536096529246,0.0020511841030378315,0.025639801287972892,0.01925430431614919,0.24067880395186486,0.07216106239321174,0.09798672008485332,0.027497468171296297,5.841460702766518e-06
729500,96.25347222222223,0.0034190070701148128,0.04273758837643516,0.0020528968222682993,0.02566121027835374,0.01926052020777255,0.24075650259715686,0.07155489576516445,0.10556380293544432,0.028043016975308643,5.8448046727475374e-06
730000,96.31944444444444,0.003421411245688223,0.042767640571102786,0.0020571042822151004,0.025713803527688754,0.019267140183554125,0.24083925229442657,0.07175949256101469,0.10300634298731648,0.02808521412037037,5.853027456060919e-06
730500,96.38541666666667,0.003420535467203088,0.0427566933400386,0.002052448046970575,0.025655600587132187,0.01927325352494174,0.24091566906177175,0.07159747828567588,0.10503152142905159,0.027599946952160493,5.850031441197123e-06
731000,96.45138888888889,0.003423891775075884,0.04279864718844855,0.002058653080621213,0.025733163507765163,0.019278782058923118,0.24098477573653895,0.07151923270256995,0.10600959121787568,0.027774763695987654,5.861517443716145e-06
731500,96.51736111111111,0.003421630317705257,0.042770378971315706,0.002054586695015691,0.025682333687696138,0.019283383905874547,0.24104229882343184,0.07086018021317864,0.1142477473352671,0.027720510223765434,5.8537770155198876e-06
732000,96.58333333333334,0.003422502404641867,0.042781280058023334,0.002055440751619015,0.025693009395237686,0.019290304465157965,0.24112880581447457,0.0721064054620295,0.09866993172463134,0.02736183449074074,5.85676135488968e-06
732500,96.64930555555556,0.0034248747970366707,0.04281093496295838,0.0020556694646417127,0.025695868308021407,0.01929704940096594,0.24121311751207425,0.07106599137531584,0.11167510780855194,0.027536651234567902,5.864883687688488e-06
733000,96.71527777777779,0.0034269996537924824,0.04283749567240603,0.0020593801917296157,0.025742252396620195,0.019303717755296226,0.24129647194120282,0.06980810630072083,0.12739867124098958,0.027678313078703703,5.872163313546897e-06
733500,96.78125,0.003431926461970588,0.04289908077463235,0.0020665534172932772,0.025831917716165966,0.019310071686599005,0.24137589608248755,0.07086497091026432,0.11418786362169597,0.027732566550925927,5.889059620186979e-06
734000,96.84722222222223,0.003426864341218345,0.042835804265229316,0.002056610203443151,0.025707627543039388,0.019314218576574064,0.24142773220717578,0.0716417771701998,0.10447778537250252,0.027410059799382717,5.871699606556922e-06
734500,96.91319444444444,0.003431862277366542,0.042898278467081774,0.0020638684323752016,0.02579835540469002,0.019321077619038625,0.2415134702379828,0.0713989447239276,0.10751319095090495,0.027943552276234566,5.888839345405734e-06
735000,96.97916666666667,0.003432522477856796,0.04290653097320995,0.0020628901826071724,0.025786127282589656,0.01932703161300186,0.24158789516252324,0.0717006678607526,0.10374165174059247,0.027880256558641976,5.89110528049608e-06
735500,97.04513888888889,0.0034361936423554034,0.04295242052944254,0.0020679323762629515,0.025849154703286893,0.01933358385510412,0.2416697981888015,0.07165929836488023,0.10425877043899712,0.02783203125,5.903713373881847e-06
736000,97.11111111111111,0.0034344737878727596,0.04293092234840949,0.002065338211370376,0.025816727642129698,0.01933810298558375,0.24172628731979687,0.07139340695671542,0.1075824130410572,0.027747636959876542,5.89780509979253e-06
736500,97.17708333333334,0.0034356048707655214,0.042945060884569015,0.0020654858164029996,0.025818572705037495,0.019343933363922202,0.2417991670490275,0.0712580320066769,0.10927459991653887,0.02769338348765432,5.901690414013888e-06
737000,97.24305555555556,0.0034361552856746348,0.042951941070932934,0.002067409417045801,0.025842617713072516,0.019350789867153745,0.2418848733394218,0.07149538502854494,0.10630768714318828,0.02784107349537037,5.903581573634866e-06
737500,97.30902777777779,0.003435063764406795,0.04293829705508494,0.002064026621729739,0.025800332771621737,0.01935640316901408,0.241955039612676,0.0712742509721793,0.10907186284775872,0.027958622685185185,5.899831532770291e-06
738000,97.375,0.003439176880866554,0.042989711010831926,0.0020673735796768533,0.025842169745960666,0.019364105433416243,0.24205131791770304,0.07188970550373337,0.10137868120333282,0.028184678819444444,5.913968808943501e-06
738500,97.44097222222223,0.003438679910149657,0.04298349887687071,0.0020667082088685076,0.025833852610856346,0.01936898637724505,0.2421123297155631,0.07085764235349126,0.11427947058135923,0.027765721450617283,5.912259762233427e-06
739000,97.50694444444444,0.0034429350745790875,0.043036688432238596,0.002072411437550485,0.025905142969381064,0.019374954324614006,0.24218692905767505,0.07056835398077636,0.11789557524029548,0.02781394675925926,5.926900963883453e-06
739500,97.57291666666667,0.003444234840936585,0.043052935511707316,0.0020742171137570686,0.025927713921963358,0.019380673884435463,0.24225842355544328,0.07168178223905253,0.10397772201184341,0.02790135513117284,5.9313768197607325e-06
740000,97.63888888888889,0.003444118937896399,0.043051486723704985,0.0020709561713652676,0.025886952142065843,0.019386848794363285,0.24233560992954106,0.07074039203434532,0.11574509957068357,0.02814549575617284,5.9309776291883095e-06
740500,97.70486111111111,0.0034457257437140727,0.04307157179642591,0.0020744831822573314,0.025931039778216643,0.01939249399454203,0.24240617493177535,0.07162780791607624,0.10465240104904694,0.028208791473765434,5.93651295044695e-06
741000,97.77083333333334,0.003447505216300895,0.04309381520376119,0.002075560628431654,0.025944507855395676,0.019398683136728698,0.24248353920910873,0.07139830314025843,0.10752121074676968,0.02813946759259259,5.9426461082109405e-06
741500,97.83680555555556,0.003451112794575773,0.04313890993219716,0.0020812631281432563,0.026015789101790702,0.019404863964887532,0.24256079956109414,0.07110258283579635,0.1112177145525457,0.02816960841049383,5.9550897604423e-06
742000,97.90277777777779,0.0034545023558092336,0.04318127944761542,0.0020845520591637468,0.026056900739546834,0.019410988623662983,0.2426373577957873,0.07217506875138277,0.09781164060771541,0.027747636959876542,5.966793263145773e-06
742500,97.96875,0.0034509976844561605,0.043137471055702,0.0020757809479617024,0.02594726184952128,0.01941651252120541,0.2427064065150676,0.07062514111324206,0.11718573608447436,0.02782298900462963,5.954692509060891e-06
743000,98.03472222222223,0.003452336726566003,0.04315420908207503,0.0020788720748736718,0.025985900935920896,0.019422883676415613,0.24278604595519515,0.07092871779276747,0.11339102759040676,0.027708453896604937,5.959314436798232e-06
743500,98.10069444444444,0.003453839638942247,0.04317299548677809,0.0020785689324429348,0.025982111655536683,0.019430256615121478,0.24287820768901847,0.07170954304836287,0.10363071189546413,0.028027946566358024,5.964504125764355e-06
744000,98.16666666666667,0.0034550486994308757,0.04318810874288594,0.002079414138064929,0.025992676725811615,0.019435720106093058,0.24294650132616322,0.07133253580050342,0.10834330249370727,0.027548707561728395,5.968680757719493e-06
744500,98.23263888888889,0.0034577131596281894,0.04322141449535237,0.0020820750836364962,0.026025938545456203,0.01944359458466688,0.243044932308336,0.0714154571721184,0.10730678534852,0.027612003279320986,5.977890147132979e-06
745000,98.29861111111111,0.003459435392438382,0.043242942405479774,0.002082307582238327,0.026028844777979086,0.019448828690891727,0.24311035863614658,0.0717286743708955,0.1033915703638063,0.02830524209104938,5.983846617227651e-06
745500,98.36458333333334,0.003463187818634858,0.043289847732935725,0.0020884662624000854,0.026105828280001065,0.019455279012994462,0.24319098766243077,0.07117329292976056,0.11033383837799304,0.02809425636574074,5.996834933570434e-06
746000,98.43055555555556,0.0034594046926831948,0.04324255865853993,0.0020807879230747037,0.026009849038433796,0.019461507265254366,0.24326884081567957,0.07209676096434928,0.09879048794563405,0.027871214313271605,5.983740413879254e-06
746500,98.49652777777779,0.00346381389160146,0.04329767364501825,0.002085458909034153,0.026068236362926916,0.019468183261479203,0.24335229076849002,0.07161173956259079,0.10485325546761515,0.02790135513117284,5.999003337825625e-06
747000,98.5625,0.0034653083003655773,0.043316353754569714,0.002086079434728531,0.02607599293410664,0.019474129542212126,0.24342661927765158,0.07147236347832157,0.10659545652098035,0.02773558063271605,6.004180808291283e-06
747500,98.62847222222223,0.0034704998737661364,0.043381248422076704,0.002094148511364888,0.0261768563920611,0.01948189529406947,0.24352369117586836,0.07077193213416812,0.11535084832289855,0.027898341049382717,6.0221846869053845e-06
748000,98.69444444444444,0.0034675724491263354,0.04334465561407919,0.002087985052887107,0.02609981316108884,0.019486084213524234,0.2435760526690529,0.07107877174245496,0.11151535321931305,0.02772653838734568,6.012029344970006e-06
748500,98.76041666666667,0.003468413215841629,0.04335516519802036,0.0020861300199050805,0.026076625248813504,0.01949473912571457,0.24368423907143213,0.07124717585135798,0.10941030185802525,0.02791943962191358,6.014945117912436e-06
749000,98.82638888888889,0.003471281090451149,0.04339101363063936,0.002088697808423311,0.026108722605291387,0.01950160218104665,0.2437700272630831,0.07139227470868435,0.10759656614144564,0.027699411651234566,6.024896204461859e-06
749500,98.89236111111111,0.0034760938806344234,0.04345117350793029,0.002095136879941223,0.026189210999265286,0.01950764529028613,0.2438455661285766,0.07031326698479605,0.1210841626900494,0.027883270640432098,6.041614333492042e-06
750000,98.95833333333334,0.0034754124136078435,0.04344265517009804,0.002091956613676354,0.026149457670954425,0.019514265457075478,0.24392831821344346,0.07135497505030022,0.10806281187124722,0.027826003086419752,6.0392457223297476e-06
750500,99.02430555555556,0.0034787955378975145,0.04348494422371893,0.002095805939644901,0.026197574245561264,0.019521145209799702,0.24401431512249627,0.07115861452654414,0.11051731841819834,0.028211805555555556,6.051009197247829e-06
751000,99.09027777777779,0.003480782283783631,0.04350977854729539,0.002095665639264396,0.026195820490804947,0.019529140906192757,0.24411426132740946,0.07105031161883978,0.1118711047645028,0.02749445408950617,6.057922653550996e-06
751500,99.15625,0.0034794176400472256,0.04349272050059032,0.0020919966417974277,0.026149958022467848,0.019535169946852605,0.24418962433565755,0.07030317377523111,0.12121032780961116,0.027964650848765434,6.053173556935903e-06
752000,99.22222222222223,0.0034849933858431344,0.04356241732303918,0.0020995331753796195,0.026244164692245244,0.019542248686230522,0.24427810857788151,0.07153619727838793,0.1057975340201508,0.028332368827160493,6.072589449685197e-06
752500,99.28819444444444,0.0034876738610398906,0.04359592326299863,0.0020997427317505568,0.02624678414688196,0.01954980752279171,0.2443725940348964,0.07079289752284317,0.1150887809644604,0.027780791859567902,6.081934480490449e-06
753000,99.35416666666667,0.0034875229729585734,0.043594037161982166,0.0020973211740313935,0.02621651467539242,0.01955544584734166,0.24444307309177074,0.07173868510621631,0.10326643617229614,0.027967664930555556,6.0814082434569026e-06
753500,99.42013888888889,0.0034871988935827867,0.043589986169784836,0.002094406060838874,0.026180075760485925,0.019563102977865156,0.24453878722331443,0.07141969708626049,0.10725378642174388,0.02741307388117284,6.080278061702506e-06
754000,99.48611111111111,0.0034902663695117486,0.04362832961889686,0.0020982752402962227,0.026228440503702783,0.01956862786884307,0.24460784836053837,0.07186061272498546,0.10174234093768175,0.027913411458333332,6.090979665072361e-06
754500,99.55208333333334,0.0034935075069587617,0.04366884383698452,0.0020999813475637646,0.026249766844547058,0.019577259004492503,0.24471573755615628,0.07110423550530975,0.11119705618362807,0.027958622685185185,6.102297350588612e-06
755000,99.61805555555556,0.0034953190097000214,0.04369148762125027,0.0021005833914669162,0.026257292393336452,0.01958472109589398,0.24480901369867475,0.07117693477494799,0.11028831531315009,0.02757282021604938,6.108627489785169e-06
755500,99.68402777777779,0.003496590481188287,0.04370738101485359,0.002098811537881573,0.026235144223519663,0.01959250763498399,0.2449063454372999,0.07131140433410951,0.10860744582363113,0.027410059799382717,6.113072496568269e-06
756000,99.75,0.003500468553815516,0.04375585692269395,0.0021018970732954697,0.02627371341619337,0.01960007523077241,0.2450009403846551,0.07068843660858241,0.11639454239271985,0.02768434124228395,6.126640048125646e-06
756500,99.81597222222223,0.00350161142928044,0.0437701428660055,0.0021023367665997114,0.026279209582496393,0.01960679714616207,0.24508496432702587,0.07124598482486372,0.10942518968920356,0.02740403163580247,6.130641300833704e-06
757000,99.88194444444444,0.0035036539734676878,0.04379567466834609,0.0021017178201084828,0.026271472751356034,0.019614869999735114,0.24518587499668892,0.07117502790781341,0.1103121511523324,0.028076171875,6.1377955828979585e-06
757500,99.94791666666667,0.003508004756509743,0.04385005945637179,0.00210622280143437,0.026327785017929622,0.019621443112034596,0.24526803890043244,0.07177248116045214,0.10284398549434826,0.027952594521604937,6.153048685847492e-06
758000,100.01388888888889,0.003506918730750775,0.043836484134384686,0.0021026015677025776,0.02628251959628222,0.019629448315559274,0.2453681039444909,0.07100512892151781,0.11243588848102748,0.027452256944444444,6.149239492045313e-06
758500,100.07986111111111,0.0035112329376507856,0.04389041172063482,0.0021058307347743923,0.026322884184679905,0.019636908407468918,0.24546135509336148,0.06887675487292837,0.13904056408839538,0.027642144097222224,6.164378371221882e-06
759000,100.14583333333334,0.0035134770962691395,0.04391846370336424,0.0021061064034739083,0.026326330043423853,0.019644805897795787,0.24556007372244734,0.07139250533363115,0.10759368332961072,0.027190031828703703,6.172260653003912e-06
759500,100.21180555555556,0.0035190591585557416,0.04398823948194677,0.0021128488545828477,0.026410610682285597,0.01965223800288841,0.24565297503610514,0.0710706916762499,0.11161635404687631,0.027608989197530864,6.191888680707522e-06
760000,100.27777777777779,0.003520629642321446,0.04400787052901808,0.0021110129940110885,0.026387662425138604,0.0196607682018136,0.24575960252266998,0.06955087831728854,0.1306140210338933,0.027612003279320986,6.197416539196216e-06
760500,100.34375,0.0035214702019394565,0.04401837752424321,0.0021108045243324928,0.02638505655415616,0.01966768573328079,0.24584607166600989,0.07175509342834854,0.10306133214564328,0.02735882040895062,6.200376191573758e-06
761000,100.40972222222223,0.0035232349627379524,0.0440404370342244,0.002108458657426887,0.026355733217836085,0.01967551875599472,0.245943984449934,0.07124134629501783,0.10948317131227714,0.026789158950617283,6.206592301329551e-06
761500,100.47569444444444,0.0035210031736975962,0.04401253967121995,0.0021020256379291973,0.026275320474114967,0.019681924006322953,0.2460240500790369,0.07143282752398944,0.10708965595013198,0.027174961419753087,6.198731674594272e-06
762000,100.54166666666667,0.00352513083373272,0.044064135421659,0.0021040410861318045,0.026300513576647554,0.019689786334072396,0.24612232917590493,0.07179494508882697,0.10256318638966289,0.027551721643518517,6.21327369746657e-06
762500,100.60763888888889,0.003528804194757146,0.04411005243446432,0.0021069101063208293,0.026336376329010366,0.019697453077523294,0.24621816346904116,0.07154735452730404,0.10565806840869951,0.027147834683641976,6.226229522467815e-06
763000,100.67361111111111,0.003532098049903694,0.04415122562379618,0.002109846369924833,0.026373079624060408,0.019705138842441024,0.2463142355305128,0.0710616076337584,0.1117299045780199,0.027428144290123458,6.23785831706674e-06
763500,100.73958333333334,0.0035360998754686217,0.04420124844335777,0.002113872751792153,0.026423409397401912,0.019712975075996723,0.24641218844995905,0.07167607315691377,0.10404908553857795,0.027557749807098766,6.252001164644601e-06
764000,100.80555555555556,0.0035366175080554503,0.04420771885069313,0.0021088690434786328,0.02636086304348291,0.01972095351364638,0.24651191892057972,0.07012297945512802,0.1234627568108998,0.026765046296296297,6.253831699142172e-06
764500,100.87152777777779,0.003542241249496227,0.044278015618702836,0.0021139947235039903,0.026424934043799878,0.019728830913046454,0.24661038641308067,0.07151083653599022,0.10611454330012227,0.027244285300925927,6.2737365348162945e-06
765000,100.9375,0.0035435714224448978,0.04429464278056122,0.002115228432482168,0.0264403554060271,0.019736752342397502,0.24670940427996876,0.07129689742295144,0.10878878221310706,0.027217158564814815,6.278449212984078e-06
765500,101.00347222222223,0.003547698231994317,0.04434622789992897,0.0021159724782270984,0.02644965597783873,0.019743711696615446,0.2467963962076931,0.0707659541422011,0.11542557322248626,0.02716893325617284,6.293081372647801e-06
766000,101.06944444444444,0.003550692129332514,0.044383651616656423,0.002116678079678705,0.02645847599598381,0.01975182896689007,0.24689786208612588,0.07158205554873957,0.10522430564075536,0.027398003472222224,6.303707298651931e-06
766500,101.13541666666667,0.0035519015512041827,0.04439876939005228,0.0021157501461973056,0.02644687682746632,0.019758396379808602,0.24697995474760753,0.07077169138378467,0.11535385770269169,0.027307581018518517,6.308002314723339e-06
767000,101.20138888888889,0.0035557232727914845,0.044446540909893556,0.00211603348857625,0.026450418607203124,0.01976595825765329,0.24707447822066614,0.0717328713176866,0.10333910852891748,0.02708453896604938,6.321583996335493e-06
767500,101.26736111111111,0.003560608169674653,0.04450760212093316,0.0021222115336100634,0.02652764417012579,0.019773365374784888,0.2471670671848111,0.07158532652287149,0.10518341846410639,0.027099609375,6.338965268976941e-06
768000,101.33333333333334,0.003559967487672894,0.04449959359591117,0.002117972844711772,0.026474660558897148,0.019781483421392354,0.24726854276740443,0.07116463187790698,0.11044210152616285,0.02720510223765432,6.336684256644028e-06
768500,101.39930555555556,0.003566582167832774,0.04458227709790968,0.002124389927560762,0.026554874094509524,0.01978914039939767,0.2473642549924709,0.07122265668464808,0.10971679144189894,0.027048369984567902,6.360254179951366e-06
769000,101.46527777777779,0.0035670838995755906,0.04458854874469488,0.0021201076671280646,0.026501345839100805,0.01979604015442842,0.24745050193035523,0.0717529604664416,0.10308799416948,0.02732867959104938,6.3620437733057015e-06
769500,101.53125,0.0035696191376526115,0.044620239220657644,0.0021203133693687994,0.026503917117109994,0.019802834624107174,0.24753543280133966,0.07215228509492377,0.09809643631345288,0.026921778549382717,6.3710903939478875e-06
770000,101.59722222222223,0.0035754364532379584,0.04469295566547448,0.0021270899918587396,0.026588624898234246,0.019811163910463184,0.2476395488807898,0.07143901825966469,0.10701227175419148,0.026825327932098766,6.391872915571416e-06
770500,101.66319444444444,0.0035766112670560374,0.04470764083820047,0.002125472836720832,0.0265684104590104,0.01981935965750999,0.24774199571887487,0.07109077628657223,0.11136529641784709,0.026900679976851853,6.396074077816097e-06
771000,101.72916666666667,0.0035802773291317546,0.04475346661414693,0.0021271504477579015,0.02658938059697377,0.019826980150670692,0.24783725188338365,0.07083502226657443,0.11456222166781971,0.027087553047839507,6.409192876747405e-06
771500,101.79513888888889,0.0035834800984497783,0.04479350123062223,0.0021247557115258117,0.026559446394072646,0.019833740470058838,0.24792175587573548,0.07173985773055126,0.10325177836810928,0.027539665316358024,6.420664807992817e-06
772000,101.86111111111111,0.003583956713081406,0.044799458913517574,0.0021257206322340978,0.02657150790292622,0.019841366595467938,0.24801708244334922,0.07157123786237138,0.10535952672035775,0.02699411651234568,6.422372860620638e-06
772500,101.92708333333334,0.0035855884573816003,0.04481985571727,0.00212387892649949,0.026548486581243626,0.01984793960182475,0.2480992450228094,0.07004509201774888,0.12443634977813911,0.02683738425925926,6.4282222928540825e-06
773000,101.99305555555556,0.003588582778432923,0.044857284730411534,0.002125471474430517,0.02656839343038146,0.01985462113753611,0.24818276421920138,0.07199337643477602,0.10008279456529978,0.026966989776234566,6.438963178832679e-06
773500,102.05902777777779,0.0035935039085304636,0.0449187988566308,0.0021295809788313158,0.026619762235391448,0.019863002500307248,0.2482875312538406,0.07029864537363593,0.12126693282955081,0.026737919560185185,6.4566351703118585e-06
774000,102.125,0.003600289278119412,0.04500361597649265,0.0021347923143553286,0.026684903929441606,0.019870218762194924,0.24837773452743656,0.07119144180671862,0.11010697741601727,0.026656539351851853,6.481041443070798e-06
774500,102.19097222222223,0.003601921573302293,0.04502401966627866,0.0021344704165214144,0.02668088020651768,0.019877646126609205,0.24847057658261507,0.07165271712408591,0.10434103594892608,0.02708152488425926,6.486919510110232e-06
775000,102.25694444444444,0.0036057296098720147,0.045071620123400186,0.0021359046447977747,0.026698808059972184,0.019885479868412104,0.2485684983551513,0.07158306024563407,0.10521174692957413,0.026834370177469136,6.5006430097538954e-06
775500,102.32291666666667,0.0036066350459548315,0.04508293807443539,0.002133179964331611,0.026664749554145134,0.0198911361057879,0.24863920132234874,0.07114896581112895,0.11063792736088818,0.02678614486882716,6.503908177354805e-06
776000,102.38888888888889,0.0036091024375188427,0.04511378046898553,0.002134446296768519,0.026680578709606488,0.019897986885246764,0.24872483606558454,0.07162877602609372,0.1046402996738286,0.026337046682098766,6.512810202252226e-06
776500,102.45486111111111,0.0036123382119610204,0.045154227649512754,0.0021368845076535177,0.02671105634566897,0.019905999092192418,0.2488249886524052,0.07153629818730287,0.10579627265871416,0.027135778356481483,6.524493678796872e-06
777000,102.52083333333334,0.0036160358547417813,0.04520044818427227,0.002138017560376055,0.026725219504700685,0.019913510402229415,0.2489188800278677,0.07038554403052849,0.12018069961839384,0.027382933063271605,6.537857651389062e-06
777500,102.58680555555556,0.0036169400187150693,0.045211750233938364,0.002137535422485905,0.026719192781073813,0.019919554718381867,0.24899443397977333,0.07211679901029622,0.09854001237129728,0.026970003858024692,6.541127549491282e-06
778000,102.65277777777779,0.003620613292650234,0.04525766615812792,0.002137313478523948,0.026716418481549348,0.019925102897304998,0.24906378621631248,0.06987631311565154,0.1265460860543558,0.02643651138117284,6.554420307457784e-06
778500,102.71875,0.00362727277360231,0.04534090967002888,0.0021446074614555107,0.026807593268193885,0.019932971704032243,0.24916214630040304,0.07042199977579139,0.11972500280260767,0.026701750578703703,6.578553887058299e-06
779000,102.78472222222223,0.0036256818961130275,0.04532102370141284,0.00213759610091157,0.026719951261394627,0.01993922790175899,0.2492403487719874,0.07121550466166504,0.10980619172918704,0.026442539544753087,6.572784605900879e-06
779500,102.85069444444444,0.0036275208500060525,0.045344010625075655,0.002138558019464048,0.0267319752433006,0.01994552693222016,0.249319086652752,0.07132096826844725,0.10848789664440939,0.026746961805555556,6.579453758614316e-06
780000,102.91666666666667,0.003631350684847677,0.04539188356059596,0.002140876393129578,0.02676095491411972,0.019951933827929903,0.24939917284912377,0.07217930565060346,0.09775867936745675,0.026599271797839507,6.5933538981718466e-06
780500,102.98263888888889,0.0036330336655242736,0.04541292081905342,0.002141787601881097,0.02677234502351371,0.019957689889082374,0.2494711236135297,0.07168429342741918,0.10394633215726024,0.026222511574074073,6.59946680741637e-06
781000,103.04861111111111,0.0036376529821447296,0.04547066227680912,0.002143484439263512,0.0267935554907939,0.01996356676513864,0.24954458456423298,0.07075750183123805,0.11553122710952435,0.026614342206790122,6.616259609253222e-06
781500,103.11458333333334,0.003638278173043966,0.04547847716304957,0.0021421043128243074,0.02677630391030384,0.01996998596412782,0.24962482455159773,0.07085022093253411,0.11437223834332366,0.02646363811728395,6.618534032224069e-06
782000,103.18055555555556,0.003641452394077732,0.04551815492597165,0.002142349249640184,0.0267793656205023,0.019977364460350873,0.2497170557543859,0.0708703846432855,0.1141201919589312,0.02622853973765432,6.630087769167223e-06
782500,103.24652777777779,0.003646487277510855,0.045581090968885685,0.0021487182487675985,0.02685897810959498,0.0199828981989075,0.24978622748634374,0.07052606292740848,0.11842421340739395,0.02677710262345679,6.6484347325242625e-06
783000,103.3125,0.003645941252109315,0.045574265651366436,0.002143399252184026,0.026792490652300327,0.019988543173800777,0.2498567896725097,0.07116246566666405,0.1104691791666994,0.026391300154320986,6.64644380691622e-06
783500,103.37847222222223,0.0036466533575000475,0.045583166968750595,0.002142840042437052,0.026785500530463153,0.01999347767306491,0.24991847091331135,0.07128871398613007,0.10889107517337415,0.02650583526234568,6.649040354883184e-06
784000,103.44444444444444,0.003650771477984227,0.04563464347480284,0.0021476995120370043,0.026846243900462554,0.019998055784711265,0.24997569730889083,0.07086502083513176,0.11418723956085308,0.02647268036265432,6.664066192231568e-06
784500,103.51041666666667,0.003652662785731282,0.04565828482164102,0.0021469109846706806,0.026836387308383506,0.020004711999930168,0.2500588999991271,0.07140975164389249,0.10737810445134388,0.026189356674382717,6.670972713133104e-06
785000,103.57638888888889,0.00365486313473728,0.045685789184215994,0.002146013034066163,0.02682516292582704,0.02000965137369552,0.25012064217119395,0.0714327079538509,0.1070911505768638,0.02653899016203704,6.679012266830807e-06
785500,103.64236111111111,0.00365584384169718,0.04569804802121475,0.002146782440443354,0.026834780505541923,0.020012966174412023,0.25016207718015027,0.06972081245496785,0.1284898443129019,0.026807243441358024,6.6825970974375985e-06
786000,103.70833333333334,0.0036596841051212497,0.04574605131401562,0.0021483527883675753,0.02685440985459469,0.02002024785334527,0.2502530981668159,0.07116443055111664,0.110444618111042,0.026746961805555556,6.696643874638561e-06
786500,103.77430555555556,0.003665611600257105,0.04582014500321381,0.0021543126247256543,0.026928907809070677,0.020025968152287403,0.2503246019035925,0.07003547093442175,0.12455661331972812,0.026581187307098766,6.718354201969727e-06
787000,103.84027777777779,0.003661202578000111,0.04576503222500139,0.0021482231999777044,0.026852789999721304,0.020031943974269138,0.2503992996783642,0.0707104684120644,0.11611914484919506,0.02628882137345679,6.702202158577329e-06
787500,103.90625,0.0036646712213941526,0.045808390267426904,0.002149482310167586,0.026868528877094823,0.02003607789703789,0.25045097371297365,0.06945839058514468,0.13177011768569158,0.025960286458333332,6.7149075804572545e-06
788000,103.97222222222223,0.003665870882606284,0.04582338603257855,0.002149042648481025,0.02686303310601281,0.020039156157024403,0.25048945196280503,0.0716503038814058,0.10437120148242762,0.02650583526234568,6.719304663970287e-06
788500,104.03819444444444,0.003669645292503684,0.04587056615629605,0.002154369691359865,0.02692962114199831,0.020044429545094822,0.25055536931368527,0.07105645074891936,0.11179436563850798,0.026321976273148147,6.7331482863972246e-06
789000,104.10416666666667,0.0036729041579563965,0.045911301974454956,0.002156074172988556,0.026950927162356954,0.020050369465866483,0.250629618323331,0.07099542818043023,0.11255714774462222,0.026168258101851853,6.745112476766693e-06
789500,104.17013888888889,0.003671760495823055,0.045897006197788186,0.002150391308326908,0.02687989135408635,0.020054034153495274,0.25067542691869094,0.07134691428065607,0.10816357149179923,0.026156201774691357,6.740912569343383e-06
790000,104.23611111111111,0.0036732901744595623,0.045916127180744525,0.002153764693964674,0.02692205867455843,0.020058072830076618,0.2507259103759577,0.07026069776569617,0.12174127792879785,0.02655104648919753,6.74653035289058e-06
790500,104.30208333333333,0.003678670227012242,0.04598337783765302,0.0021598823004369506,0.02699852875546188,0.020063584535844146,0.2507948066980518,0.07107085143087162,0.11161435711410472,0.026276765046296297,6.7663073195531505e-06
791000,104.36805555555556,0.0036779188292010725,0.0459739853650134,0.0021600002608622845,0.027000003260778557,0.02006742998718442,0.2508428748398052,0.0701792713537465,0.1227591080781687,0.026493778935185185,6.7635434570958936e-06
791500,104.43402777777779,0.0036821435606582014,0.04602679450822752,0.0021613247088853424,0.02701655886106678,0.02007042212889503,0.2508802766111879,0.07017076888227157,0.12286538897160537,0.02638527199074074,6.779090600648328e-06
792000,104.5,0.0036788232141025954,0.04598529017628244,0.002156466798611083,0.026955834982638538,0.020074211949220808,0.2509276493652601,0.07091558959860218,0.11355513001747275,0.026496793016975308,6.7668701203100755e-06
792500,104.56597222222223,0.003682091291485435,0.046026141143567935,0.002160647887735906,0.027008098596698824,0.020077478243231393,0.2509684780403924,0.07094230266624993,0.1132212166718759,0.02643651138117284,6.778898139416438e-06
793000,104.63194444444444,0.0036833899935315166,0.04604237491914396,0.0021600110201479197,0.027000137751848997,0.020081919419301084,0.2510239927412635,0.07144455702037787,0.10694303724527665,0.025927131558641976,6.783680922224053e-06
793500,104.69791666666667,0.0036804417950856336,0.046005522438570416,0.0021539020065289376,0.02692377508161172,0.020085190241332835,0.25106487801666044,0.07186289504125647,0.10171381198429419,0.02643651138117284,6.772825903506581e-06
794000,104.76388888888889,0.0036866077542352465,0.04608259692794058,0.002163827836743738,0.02704784795929673,0.020089048288588266,0.25111310360735334,0.07012675883889283,0.1234155145138397,0.026400342399691357,6.795538366793723e-06
794500,104.82986111111111,0.003689442525032191,0.04611803156290239,0.002166476561135351,0.027080957014191887,0.020092515098389472,0.25115643872986837,0.0712897758727413,0.10887780159073379,0.026328004436728395,6.8059930727579556e-06
795000,104.89583333333333,0.0036890402310044237,0.04611300288755529,0.0021635175510647587,0.027043969388309483,0.020096129073287144,0.2512016134160893,0.07127985457491191,0.10900181781360108,0.026535976080246913,6.804508912984585e-06
795500,104.96180555555556,0.0036884699838114704,0.04610587479764338,0.002159946846525954,0.026999335581574427,0.02009866387377238,0.25123329842215475,0.07127084248796964,0.10911446890037957,0.02619237075617284,6.802405410739095e-06
796000,105.02777777777779,0.0036890810444504063,0.04611351305563008,0.00216356944937453,0.027044618117181625,0.020101289838275915,0.2512661229784489,0.07085553557950301,0.11430580525621237,0.026258680555555556,6.80465947626165e-06
796500,105.09375,0.0036866321266598345,0.04608290158324793,0.00215818990385129,0.02697737379814112,0.020105576302214052,0.25131970377767565,0.07146919559099543,0.10663505511255711,0.025993441358024692,6.795628218660207e-06
797000,105.15972222222223,0.0036930803507669906,0.046163504384587384,0.0021665311708560717,0.027081639635700896,0.020109498117733205,0.2513687264716651,0.07161653061387871,0.10479336732651612,0.02629786361882716,6.819421238610619e-06
797500,105.22569444444446,0.0036937898847420134,0.046172373559275164,0.0021672505188241164,0.027090631485301456,0.020111207758933363,0.25139009698666703,0.07097467707482873,0.11281653656464097,0.02627375096450617,6.822041856311208e-06
798000,105.29166666666669,0.0036960053483597157,0.046200066854496444,0.002168902127076726,0.027111276588459077,0.02011403157100066,0.25142539463750824,0.07108164549653773,0.11147943129327842,0.02638225790895062,6.830227767551811e-06
798500,105.35763888888889,0.00369858316994594,0.046232289624324255,0.002171596734739011,0.027144959184237635,0.020118938254816355,0.25148672818520446,0.06926121793249741,0.1342347758437824,0.02645459587191358,6.83975873250368e-06
799000,105.4236111111111,0.0036967653678327997,0.04620956709790999,0.002169836754208728,0.0271229594276091,0.020120758528767265,0.2515094816095908,0.07157770228974338,0.10527872137820782,0.026535976080246913,6.833037092403987e-06
799500,105.48958333333333,0.0036977048224160897,0.04622131028020112,0.0021695138548254883,0.027118923185318604,0.020123285061929792,0.2515410632741224,0.07064641284302134,0.11691983946223328,0.026156201774691357,6.836510476859603e-06
800000,105.55555555555556,0.00370242168623758,0.04628027107796975,0.002177334970851387,0.027216687135642337,0.020126191624956012,0.25157739531195017,0.07100168302325373,0.1124789622093284,0.026912736304012346,6.8539631713611616e-06
800500,105.62152777777779,0.003704102874469779,0.04630128593087224,0.0021793332019610402,0.027241665024513,0.02012833140631561,0.2516041425789451,0.07032245602919003,0.1209692996351246,0.026819299768518517,6.86018905232764e-06
801000,105.6875,0.0036977638138212298,0.04622204767276537,0.002170050033238299,0.02712562541547874,0.02013071922695771,0.25163399033697137,0.071101011869522,0.11123735163097503,0.026165244020061727,6.836728611402863e-06
801500,105.75347222222223,0.003704709777621342,0.04630887222026677,0.0021794266017817893,0.027242832522272366,0.020131925276032695,0.2516490659504087,0.07122189022247867,0.1097263722190166,0.026623384452160493,6.862437268201587e-06
802000,105.81944444444446,0.003701657917823655,0.046270723972795684,0.0021747479877313137,0.02718434984664142,0.020134703820137215,0.2516837977517152,0.07128442611400593,0.10894467357492588,0.02654803240740741,6.851135670293278e-06
802500,105.88541666666669,0.0037030277947227297,0.04628784743403412,0.002175688599953304,0.027196107499416297,0.020136171218195626,0.2517021402274453,0.07039366095229743,0.12007923809628207,0.026412398726851853,6.856207424244541e-06
803000,105.95138888888889,0.003701132514887515,0.04626415643609394,0.002175080942891642,0.027188511786145526,0.020137657112328382,0.2517207139041048,0.06975920230805333,0.12800997114933343,0.026324990354938273,6.849190946378791e-06
803500,106.0173611111111,0.003706493142716706,0.04633116428395882,0.002183304825538648,0.027291310319233097,0.020141359832152577,0.2517669979019072,0.07069042903869918,0.11636963701626024,0.026719835069444444,6.869045708502982e-06
804000,106.08333333333333,0.003708342741501544,0.0463542842687693,0.002185150558436663,0.02731438198045829,0.020143778389712638,0.25179722987140796,0.07149271800394397,0.10634102495070041,0.026623384452160493,6.875902944223593e-06
804500,106.14930555555556,0.0037060533818482062,0.046325667273102576,0.0021813138085254595,0.027266422606568242,0.020146586115252454,0.2518323264406557,0.07158950226218694,0.10513122172266331,0.02650583526234568,6.867415834554263e-06
805000,106.21527777777779,0.003708851743467222,0.046360646793340274,0.0021881390524736387,0.027351738155920482,0.020148466900849253,0.25185583626061564,0.07046957800985501,0.11913027487681238,0.026632426697530864,6.877790627509926e-06
805500,106.28125,0.0037047435582200925,0.04630929447775115,0.002178987615545297,0.027237345194316212,0.0201516330598026,0.2518954132475325,0.07123024636324321,0.10962192045945984,0.026780116705246913,6.8625624160866356e-06
806000,106.34722222222223,0.0037086559457241994,0.04635819932155249,0.002186134612563707,0.027326682657046335,0.020153895548050617,0.2519236943506327,0.07007289452321881,0.12408881845976483,0.02679518711419753,6.877064461877727e-06
806500,106.41319444444446,0.0037101100639409545,0.04637637579926193,0.002187993026793475,0.027349912834918437,0.020156060473218915,0.2519507559152364,0.0707694428743705,0.11538196407036883,0.026231553819444444,6.882458343277977e-06
807000,106.47916666666669,0.0037105552059202196,0.046381940074002745,0.002189226363625802,0.027365329545322524,0.020157796840419427,0.25197246050524286,0.07114877283659392,0.11064033954257602,0.02670476466049383,6.884109968090821e-06
807500,106.54513888888889,0.003710760164819255,0.04638450206024069,0.0021896288424406544,0.02737036053050818,0.02016006501770399,0.25200081272129987,0.07145017557128029,0.10687280535899635,0.02646363811728395,6.884870500404712e-06
808000,106.6111111111111,0.0037116773381430023,0.04639596672678753,0.0021912751427261494,0.027390939284076866,0.020161679259582597,0.25202099074478246,0.07048840110887197,0.11889498613910032,0.02708453896604938,6.888274331242162e-06
808500,106.67708333333333,0.003709872136178329,0.04637340170222911,0.0021882799694226012,0.027353499617782516,0.020162833060935498,0.2520354132616937,0.0707770480514637,0.11528689935670378,0.026843412422839507,6.881575633396179e-06
809000,106.74305555555556,0.0037164008108562727,0.046455010135703405,0.0021994421840236156,0.027493027300295195,0.020164911265037333,0.25206139081296663,0.07137653088636996,0.10779336392037553,0.027129750192901234,6.90581749346658e-06
809500,106.80902777777779,0.003714465272814487,0.046430815910181084,0.002196410096958746,0.027455126211984322,0.020167896921752065,0.2520987115219008,0.069895025761725,0.12631217797843752,0.026801215277777776,6.8986261314724e-06
810000,106.875,0.0037133190860038356,0.046416488575047946,0.0021936657983388113,0.027420822479235142,0.020169725641392054,0.25212157051740064,0.07109809030749788,0.11127387115627652,0.026743947723765434,6.89436931724018e-06
810500,106.94097222222223,0.0037132623505056004,0.04641577938132,0.0021946383134131145,0.02743297891766393,0.020172550995753435,0.25215688744691794,0.06882188023761768,0.13972649702977902,0.026867525077160493,6.894158641841189e-06
811000,107.00694444444446,0.0037122960738568004,0.04640370092321,0.0021940033927232735,0.02742504240904092,0.020173285292191784,0.2521660661523973,0.06983008526118221,0.12712393423522228,0.026635440779320986,6.890571069986307e-06
811500,107.07291666666669,0.0037154146483877764,0.046442683104847206,0.002196668485154921,0.027458356064436515,0.020176604491568013,0.25220755614460016,0.07045941647417006,0.11925729407287422,0.026581187307098766,6.902153004727232e-06
812000,107.13888888888889,0.00371217011764965,0.04640212647062062,0.002195507362739125,0.027443842034239063,0.020178567128485547,0.2522320891060693,0.0709563739841058,0.1130453251986775,0.026954933449074073,6.890103491185507e-06
812500,107.2048611111111,0.003713942060541826,0.046424275756772826,0.00219535275891864,0.027441909486483,0.02018005707687817,0.2522507134609771,0.07138037665948654,0.10774529175641823,0.027241271219135804,6.896682814530832e-06
813000,107.27083333333333,0.00371665152586962,0.04645814407337025,0.0022031000386947735,0.027538750483684666,0.020183878666927044,0.25229848333658805,0.07098574850418564,0.11267814369767948,0.027015215084876542,6.906749282374487e-06
813500,107.33680555555556,0.0037127864875535093,0.04640983109441887,0.0021974265688442076,0.027467832110552592,0.020186072020598175,0.2523259002574772,0.07061439285880651,0.11732008926491866,0.026894651813271605,6.892391751079963e-06
814000,107.40277777777779,0.0037184171125899143,0.046480213907373925,0.00220637575936666,0.027579696992083246,0.02018870551912237,0.2523588189890296,0.0693005448793698,0.1337431890078774,0.02694287712191358,6.913312911600758e-06
814500,107.46875,0.0037176249471921946,0.04647031183990243,0.0022033492230739047,0.027541865288423808,0.020191400203515685,0.2523925025439461,0.0708354283386873,0.11455714576640874,0.026496793016975308,6.910367623992884e-06
815000,107.53472222222223,0.003714883452115999,0.04643604315144999,0.0021990524741273988,0.027488155926592484,0.020191395849719303,0.25239244812149125,0.07045357640886889,0.11933029488913893,0.027063440393518517,6.900179531402641e-06
815500,107.60069444444446,0.0037151794892971153,0.04643974361621394,0.0022012708290719747,0.027515885363399682,0.02019529145457836,0.2524411431822295,0.07034043231829136,0.12074459602135801,0.026789158950617283,6.901279318846986e-06
816000,107.66666666666669,0.0037155375667116412,0.04644421958389552,0.0022028501044517495,0.027535626305646866,0.020197202106618076,0.25246502633272594,0.06982503601488949,0.1271870498138814,0.026828342013888888,6.902609704822732e-06
816500,107.73263888888889,0.003716843138126274,0.046460539226578425,0.0022042589123463952,0.02755323640432994,0.02020062135758021,0.25250776696975263,0.07082287965623832,0.11471400429702105,0.02676203221450617,6.907461456718184e-06
817000,107.7986111111111,0.0037185514189182877,0.0464818927364786,0.002206439247810599,0.027580490597632488,0.0202025658917494,0.25253207364686747,0.06981217387818739,0.12734782652265764,0.026973017939814815,6.913812327569606e-06
817500,107.86458333333333,0.0037171210042717044,0.04646401255339631,0.0022032374097009197,0.027540467621261496,0.02020670915876289,0.2525838644845361,0.07052924515121858,0.11838443560976775,0.026653525270061727,6.908494280198942e-06
818000,107.93055555555556,0.003717985715276656,0.0464748214409582,0.0022054748923461755,0.02756843615432719,0.02020873617117726,0.25260920213971577,0.0713262710942322,0.10842161132209749,0.027048369984567902,6.911708889500634e-06
818500,107.99652777777779,0.0037233074901112263,0.04654134362639033,0.002214256097500384,0.0276782012187548,0.020210417553211842,0.252630219415148,0.07003449956012942,0.12456875549838231,0.02723825713734568,6.931509332959179e-06
819000,108.0625,0.0037211278646289885,0.04651409830786236,0.0022105891166485175,0.02763236395810647,0.02021243057586621,0.2526553821983276,0.07002164086314984,0.12472948921062699,0.027024257330246913,6.923396292459147e-06
819500,108.12847222222223,0.0037191223744541175,0.04648902968067647,0.0022082891187473436,0.027603613984341795,0.02021424648006658,0.2526780810008322,0.07004224895854948,0.12447188801813158,0.026740933641975308,6.915935618082616e-06
820000,108.19444444444446,0.0037200958461476247,0.04650119807684531,0.002209124911643825,0.027614061395547812,0.020218941996480538,0.2527367749560067,0.07062349537621501,0.11720630779731234,0.027241271219135804,6.9195565522624054e-06
820500,108.26041666666669,0.003721694449261844,0.04652118061577305,0.0022122053543121773,0.027652566928902216,0.020222469261255215,0.2527808657656902,0.07153026932932771,0.10587163338340366,0.027066454475308643,6.925504786833211e-06
821000,108.32638888888889,0.0037244649436467955,0.04655581179558494,0.002215768858505492,0.02769711073131865,0.020224230096431275,0.25280287620539094,0.07096568555028276,0.11292893062146547,0.027220172646604937,6.935819558226963e-06
821500,108.3923611111111,0.0037258854409164747,0.046573568011455936,0.0022174323564037157,0.027717904455046447,0.02022819263287744,0.252852407910968,0.06976223748767223,0.1279720314040972,0.02700315875771605,6.9411111594166765e-06
822000,108.45833333333333,0.0037219780635711136,0.04652472579463892,0.0022124634498303436,0.027655793122879295,0.020230364593322458,0.25287955741653073,0.07100759885375556,0.1124050143280555,0.027054398148148147,6.926560352852288e-06
822500,108.52430555555556,0.00372777888359439,0.04659723604492987,0.0022197475320363436,0.027746844150454295,0.020234383523392106,0.2529297940424013,0.06977182325440723,0.1278522093199097,0.02725634162808642,6.948167702486118e-06
823000,108.59027777777779,0.003724428691740183,0.04655535864675229,0.002215745846834977,0.027696823085437212,0.020235812221923576,0.2529476527740447,0.07034014240728081,0.12074821990898987,0.026798201195987654,6.9356845399287465e-06
823500,108.65625,0.003727661798929037,0.04659577248661296,0.0022199057820221062,0.02774882227527633,0.02024028575063478,0.25300357188293476,0.0709847824665199,0.1126902191685012,0.027072482638888888,6.947731243597432e-06
824000,108.72222222222223,0.0037269072569418474,0.04658634071177309,0.0022189193542397215,0.02773649192799652,0.020242457488486833,0.2530307186060854,0.0708198085944799,0.11475239256900138,0.026801215277777776,6.944918850922902e-06
824500,108.78819444444446,0.003726414516768076,0.04658018145960095,0.002218405175289497,0.027730064691118713,0.02024578212929485,0.2530722766161856,0.07072259380926083,0.11596757738423968,0.02719304591049383,6.943082575389928e-06
825000,108.85416666666669,0.0037266646170294026,0.04658330771286753,0.00221861463725115,0.027732682965639376,0.020249026576467547,0.25311283220584435,0.07043902486540146,0.11951218918248174,0.027096595293209878,6.9440145839094525e-06
825500,108.92013888888889,0.003728523642082029,0.04660654552602536,0.0022205523657146445,0.027756904571433056,0.020252949693152354,0.2531618711644044,0.07133146935310873,0.10835663308614085,0.026936848958333332,6.950944274782319e-06
826000,108.9861111111111,0.0037280144233971606,0.04660018029246451,0.0022194981083297114,0.027743726354121392,0.02025588513490241,0.2531985641862801,0.07155346334709929,0.10558170816125889,0.027259355709876542,6.949045770528631e-06
826500,109.05208333333333,0.0037310886207080666,0.04663860775885083,0.0022245644705910983,0.02780705588238873,0.02025842157756078,0.25323026971950974,0.07056511256308784,0.11793609296140206,0.02766022858796296,6.960511147788612e-06
827000,109.11805555555556,0.0037326100582585867,0.04665762572823233,0.0022262482482943774,0.027828103103679717,0.02026268544479529,0.2532835680599411,0.07078383190379434,0.1152021012025708,0.027120707947530864,6.966188923506584e-06
827500,109.18402777777779,0.003729979468568564,0.04662474335710705,0.002221085153090381,0.02776356441362976,0.02026581732640532,0.2533227165800665,0.07142447249037212,0.1071940938703485,0.027819974922839507,6.956373417971514e-06
828000,109.25,0.003730352573529384,0.046629407169117294,0.0022213137349683717,0.027766421687104647,0.02026944346705777,0.2533680433382221,0.07119643419241217,0.1100445725948479,0.026774088541666668,6.957765161418649e-06
828500,109.31597222222223,0.003731221589055928,0.0466402698631991,0.002220765470963107,0.027759568387038837,0.020272754542615234,0.25340943178269043,0.07035085417178356,0.12061432285270546,0.02735279224537037,6.961007273318522e-06
829000,109.38194444444446,0.0037340659495753116,0.04667582436969139,0.0022242942821932023,0.02780367852741503,0.020277118509491748,0.25346398136864684,0.07087426833616554,0.11407164579793072,0.02732867959104938,6.971624257888886e-06
829500,109.44791666666669,0.0037374726427699127,0.04671840803462391,0.0022318135109937755,0.027897668887422195,0.02028160924561638,0.25352011557020476,0.07086193883752231,0.11422576453097111,0.027316623263888888,6.984350877726758e-06
830000,109.51388888888889,0.0037375885671432824,0.04671985708929103,0.002230452371707012,0.027880654646337648,0.020285075916854807,0.25356344896068506,0.07020877747433237,0.12239028157084542,0.027581862461419752,6.984784148620088e-06
830500,109.5798611111111,0.003739044927127267,0.046738061589090836,0.0022295329192562603,0.027869161490703252,0.02028865356839843,0.25360816960498034,0.07025383551840515,0.1218270560199356,0.02766022858796296,6.990228483538074e-06
831000,109.64583333333333,0.0037434031958103815,0.04679253994762977,0.002237158283997358,0.027964478549966976,0.020291511260328597,0.2536438907541075,0.07044006025628763,0.11949924679640467,0.027452256944444444,7.0065337432016886e-06
831500,109.71180555555556,0.0037403258382747344,0.04675407297843418,0.002232323956819145,0.027904049460239316,0.020294271943693022,0.25367839929616276,0.07079167748280113,0.11510403146498593,0.027554735725308643,6.995018688232798e-06
832000,109.77777777777779,0.0037464841228029206,0.04683105153503651,0.0022407952923589216,0.02800994115448652,0.020299345308889948,0.25374181636112436,0.07116576610439687,0.11042792369503918,0.027211130401234566,7.018071641207185e-06
832500,109.84375,0.003745143823811338,0.04681429779764172,0.002237464308129158,0.027968303851614473,0.020304360453288612,0.2538045056661076,0.07109955722477948,0.11125553469025651,0.026831356095679014,7.013051130516106e-06
833000,109.90972222222223,0.0037484509639332995,0.04685563704916624,0.0022405038129549256,0.02800629766193657,0.020309290200708267,0.25386612750885335,0.07088547456039603,0.11393156799504967,0.02760296103395062,7.025442314506242e-06
833500,109.97569444444446,0.0037471602402450407,0.046839503003063006,0.002235886218614567,0.027948577732682084,0.02031238423417124,0.2539048029271405,0.07122209658143626,0.1097237927320468,0.027292510609567902,7.020604933036636e-06
834000,110.04166666666669,0.0037487351344865053,0.04685918918108131,0.002238077502037181,0.027975968775464762,0.020317031358221476,0.25396289197776845,0.07098216183170519,0.11272297710368506,0.027262369791666668,7.026507554266778e-06
834500,110.10763888888889,0.003748978558627173,0.04686223198283966,0.0022375951658082163,0.027969939572602704,0.020319795162632614,0.25399743953290765,0.07115803582898299,0.11052455213771262,0.027165919174382717,7.027420116523139e-06
835000,110.1736111111111,0.003751012460206536,0.0468876557525817,0.0022379886701526497,0.02797485837690812,0.02032295397273392,0.254036924659174,0.07077452251110841,0.11531846861114492,0.02743718653549383,7.035047238312344e-06
835500,110.23958333333333,0.0037535994237705606,0.04691999279713201,0.0022427108655909958,0.028033885819887448,0.020329127704466137,0.2541140963058267,0.07069662914507012,0.11629213568662355,0.02676203221450617,7.044754317065343e-06
836000,110.30555555555556,0.003755350732910673,0.04694188416138341,0.002242255583608956,0.02802819479511195,0.020332378852953935,0.2541547356619242,0.07015405111519732,0.12307436106003355,0.02765118634259259,7.051329563586363e-06
836500,110.37152777777779,0.0037537874158426764,0.046922342698033456,0.0022375446755616007,0.02796930844452001,0.020337323241746332,0.2542165405218291,0.07117530543416,0.11030868207300004,0.027123722029320986,7.04545998166942e-06
837000,110.4375,0.0037591095164449637,0.04698886895556204,0.0022451703190736107,0.028064628988420135,0.020341212656966715,0.25426515821208395,0.07031979857251683,0.12100251784353966,0.027262369791666668,7.065452178313545e-06
837500,110.50347222222223,0.003760479045509637,0.04700598806887046,0.0022450919981975995,0.028063649977469993,0.020345885210306912,0.2543235651288364,0.07054007325455801,0.11824908431802494,0.026954933449074073,7.070601325858535e-06
838000,110.56944444444446,0.0037623060936089322,0.04702882617011165,0.0022472759467510287,0.028090949334387858,0.020349202708632417,0.2543650338579052,0.0713458644147475,0.10817669481565628,0.027015215084876542,7.077473571003452e-06
838500,110.63541666666669,0.0037664759044158023,0.047080948805197524,0.0022516933323234443,0.028146166654043053,0.02035501942147048,0.254437742768381,0.07050399776344442,0.11870002795694479,0.02736183449074074,7.093170369272418e-06
839000,110.70138888888889,0.0037675258591913616,0.047094073239892016,0.002250825546143806,0.028135319326797574,0.020359463819436346,0.2544932977429543,0.07075747576647923,0.11553155291900963,0.02752760898919753,7.097125549837803e-06
839500,110.7673611111111,0.003773851181467811,0.04717313976834764,0.0022575477992046087,0.028219347490057608,0.020364272022781536,0.2545534002847692,0.07048320352083814,0.11895995598952325,0.02742211612654321,7.120976369932997e-06
840000,110.83333333333333,0.0037724232942551923,0.0471552911781899,0.0022534637264410183,0.028168296580512727,0.020367942397909053,0.25459927997386317,0.07020721957132228,0.12240975535847154,0.027780791859567902,7.115588755519599e-06
840500,110.89930555555556,0.0037709660175902974,0.04713707521987872,0.0022499134627712693,0.028123918284640864,0.020372740822736594,0.25465926028420743,0.07049342845401026,0.11883214432487177,0.02733470775462963,7.110092352910414e-06
841000,110.96527777777779,0.003772592409105269,0.047157405113815866,0.0022495747211776335,0.02811968401472042,0.02037879735874361,0.2547349669842951,0.07095645666331307,0.11304429170858665,0.027241271219135804,7.116226742619349e-06
841500,111.03125,0.003777945994520822,0.04722432493151028,0.002254691816050329,0.028183647700629113,0.02038262890335475,0.25478286129193434,0.06982728743252391,0.12715890709345112,0.027458285108024692,7.136437968757961e-06
842000,111.09722222222223,0.003775321485121358,0.047191518564016974,0.002249990058863441,0.02812487573579301,0.020386715269270703,0.2548339408658838,0.07037531528368017,0.12030855895399784,0.02694287712191358,7.126526158009467e-06
842500,111.16319444444446,0.003777856445483238,0.047223205568540476,0.002249977394550114,0.028124717431876427,0.02039199236337742,0.2548999045422177,0.0707692439299873,0.1153844508751587,0.02703932773919753,7.1360996613396235e-06
843000,111.22916666666669,0.0037823986214843425,0.04727998276855428,0.0022555586066364173,0.028194482582955215,0.020396915981704417,0.2549614497713052,0.07103181658679664,0.11210229266504201,0.026810257523148147,7.153269665903327e-06
843500,111.29513888888889,0.0037861450191880057,0.04732681273985007,0.0022590354418268815,0.02823794302283602,0.02040083939385388,0.2550104924231735,0.07150563291429371,0.1061795885713287,0.027120707947530864,7.167447053161072e-06
844000,111.3611111111111,0.003786153500380236,0.04732691875475295,0.002255410272827273,0.028192628410340915,0.020406129751117708,0.25507662188897134,0.0711671152275444,0.11041105965569498,0.026849440586419752,7.167479164220756e-06
844500,111.42708333333333,0.0037911981684578882,0.0473899771057236,0.0022617383178659485,0.028271728973324355,0.02041127832305656,0.255140979038207,0.07075830688640233,0.1155211639199708,0.02757282021604938,7.186591776259222e-06
845000,111.49305555555556,0.0037911742833255636,0.047389678541569544,0.0022594823389432855,0.02824352923679107,0.02041590051096103,0.2551987563870129,0.07097405956002018,0.11282425549974784,0.02700617283950617,7.186501223274551e-06
845500,111.55902777777779,0.0037946581235502133,0.04743322654437766,0.0022614672377041364,0.028268340471301705,0.02042011938217393,0.2552514922771741,0.07086034856859526,0.11424564289255934,0.027410059799382717,7.199715137312813e-06
846000,111.625,0.0037964850231391725,0.04745606278923965,0.002263252675747776,0.0282906584468472,0.02042575392069801,0.2553219240087251,0.07015611055755676,0.12304861803054057,0.027464313271604937,7.206649265460022e-06
846500,111.69097222222223,0.0038019705776347864,0.04752463222043483,0.00226995253411748,0.028374406676468497,0.020429209155917664,0.2553651144489708,0.07052705707929222,0.11841178650884732,0.027584876543209878,7.227490136600295e-06
847000,111.75694444444446,0.0038004251798407513,0.04750531474800939,0.002263354840270565,0.028291935503382062,0.02043506877661852,0.2554383597077315,0.06992760461830423,0.12590494227119708,0.027479383680555556,7.221615773783804e-06
847500,111.82291666666669,0.003799412184225931,0.04749265230282414,0.0022585534598442386,0.028231918248052983,0.020438487878489647,0.2554810984811206,0.07030612222954333,0.12117347213070839,0.027184003665123458,7.2177664728222285e-06
848000,111.88888888888889,0.0038049482440490473,0.04756185305061309,0.002264833265655324,0.02831041582069155,0.02044398293656765,0.2555497867070956,0.07119657629500122,0.11004279631248481,0.027398003472222224,7.238815569945965e-06
848500,111.9548611111111,0.003808999148423987,0.04761248935529984,0.0022668856979892503,0.028336071224865627,0.02044965909471627,0.2556207386839534,0.07112060315678469,0.1109924605401914,0.027388961226851853,7.254237256347329e-06
849000,112.02083333333333,0.0038080732070167466,0.04760091508770933,0.0022637263340717813,0.028296579175897264,0.02045332485674659,0.25566656070933236,0.07114218527067098,0.11072268411661279,0.027244285300925927,7.250710774999405e-06
849500,112.08680555555556,0.0038097225655594202,0.04762153206949275,0.002264651732382226,0.028308146654777825,0.020457000953922656,0.2557125119240332,0.07051240960234513,0.11859487997068585,0.026973017939814815,7.256993013266326e-06
850000,112.15277777777779,0.003809227335835323,0.047615341697941536,0.0022599709102140244,0.028249636377675306,0.020463324083992977,0.2557915510499122,0.0701691503013276,0.12288562123340496,0.027054398148148147,7.255106448037537e-06
850500,112.21875,0.003813551379522387,0.047669392244029836,0.0022640029388066277,0.028300036735082846,0.020468003231784753,0.2558500403973094,0.0706372161975655,0.11703479753043133,0.026623384452160493,7.2715870621285515e-06
851000,112.28472222222223,0.0038181179926201243,0.04772647490775155,0.0022674552554929938,0.02834319069366242,0.02047149821130152,0.255893727641269,0.06969914909400328,0.12876063632495904,0.02734375,7.289012502784763e-06
851500,112.35069444444446,0.0038201878316274983,0.04775234789534373,0.0022687854239913726,0.028359817799892155,0.02047728010111835,0.2559660012639794,0.06987019204446558,0.1266225994441802,0.027147834683641976,7.296917534457403e-06
852000,112.41666666666669,0.003821591011435865,0.04776988764294831,0.0022694986791478404,0.028368733489348003,0.02048173545489005,0.2560216931861256,0.06741789473179913,0.1572763158525109,0.027150848765432098,7.302278929343698e-06
852500,112.48263888888889,0.0038245778585940405,0.047807223232425505,0.002270451916432597,0.028380648955407463,0.02048559869941377,0.25606998374267215,0.07073816375955863,0.11577295300551715,0.02711769386574074,7.3136978982238875e-06
853000,112.5486111111111,0.003828405408435948,0.047855067605449345,0.0022726968876218973,0.028408711095273716,0.020489774195249385,0.2561221774406173,0.07128001342249835,0.10899983221877074,0.026991102430555556,7.328343985670809e-06
853500,112.61458333333333,0.0038311818656318686,0.04788977332039836,0.00227510548456178,0.02843881855702225,0.020493832765865496,0.2561729095733187,0.07075325232768041,0.1155843459039948,0.027147834683641976,7.338977243773242e-06
854000,112.68055555555556,0.0038316978076221014,0.04789622259527627,0.0022719771525443596,0.028399714406804496,0.020499481948301108,0.25624352435376385,0.07064850389347202,0.11689370133159982,0.027057412229938273,7.34095404446801e-06
854500,112.74652777777779,0.0038315167247279106,0.04789395905909888,0.0022689253117117903,0.028361566396397378,0.020502991274170688,0.2562873909271336,0.07018103496580781,0.12273706292740238,0.026973017939814815,7.3402602059348485e-06
855000,112.8125,0.003836450784808,0.047955634810100005,0.0022721128974581336,0.02840141121822667,0.02050919030556474,0.25636487881955927,0.06971364435919475,0.12857944551006562,0.026728877314814815,7.3591773121269606e-06
855500,112.87847222222223,0.003837766961609567,0.04797208702011958,0.0022729223296869844,0.028411529121087305,0.020512690683878128,0.2564086335484766,0.07107911486076174,0.1115110642404783,0.02687053915895062,7.364227625810964e-06
856000,112.94444444444446,0.0038413165974416426,0.04801645746802053,0.0022758553538629817,0.02844819192328727,0.0205166012258147,0.25645751532268374,0.06996332818585951,0.12545839767675615,0.02630389178240741,7.377856600890319e-06
856500,113.01041666666669,0.0038398493747004315,0.04799811718375539,0.002270409884279381,0.028380123553492266,0.020521798327181817,0.2565224790897727,0.07031156995153465,0.12110537560581691,0.026403356481481483,7.372221610193647e-06
857000,113.07638888888889,0.0038437618234632752,0.04804702279329094,0.0022737646279595964,0.028422057849494954,0.020525931984744727,0.2565741498093091,0.07075937431038469,0.11550782112019142,0.026340060763888888,7.387252477756861e-06
857500,113.1423611111111,0.0038479292772899652,0.04809911596612457,0.0022793009420904076,0.028491261776130095,0.020529544432193677,0.25661930540242095,0.07043269986826416,0.11959125164669804,0.027042341820987654,7.403279861512637e-06
858000,113.20833333333333,0.003848014418927073,0.048100180236588415,0.00227543555729483,0.028442944466185376,0.02053257106474955,0.25665713830936937,0.07029134606097172,0.12135817423785356,0.027099609375,7.403607484135329e-06
858500,113.27430555555556,0.0038512213005393848,0.04814026625674231,0.0022767734096306815,0.02845966762038352,0.020536557341485462,0.25670696676856825,0.0694501373540812,0.13187328307398494,0.027184003665123458,7.415952752864135e-06
859000,113.34027777777779,0.003855780809341735,0.04819726011677169,0.0022851363432038327,0.02856420429004791,0.02054087803096612,0.2567609753870765,0.07092677098779518,0.11341536265256025,0.02693383487654321,7.433522824844003e-06
859500,113.40625,0.0038572903364849404,0.048216129206061754,0.002281979722689553,0.028524746533619413,0.02054515846021845,0.2568144807527306,0.0715787652057706,0.10526543492786755,0.026554060570987654,7.439344369970052e-06
860000,113.47222222222223,0.0038618294832664887,0.048272868540831106,0.002287258710238693,0.02859073387798366,0.020550092565255477,0.25687615706569344,0.07102918105268548,0.11213523684143156,0.02703028549382716,7.456863478913157e-06
860500,113.53819444444446,0.0038631346386292136,0.04828918298286517,0.0022856763994102427,0.028570954992628034,0.020551059995309883,0.25688824994137355,0.06936974285255078,0.1328782143431153,0.026822313850308643,7.461904618088433e-06
861000,113.60416666666669,0.003861804092344909,0.04827255115431136,0.002282942798995468,0.02853678498744335,0.020555064702389818,0.2569383087798727,0.06987776656999613,0.12652791787504847,0.026765046296296297,7.456765423825943e-06
861500,113.67013888888889,0.0038631022774546727,0.048288778468183406,0.002282359488313935,0.028529493603924188,0.020558167281780067,0.2569770910222508,0.07128958403663553,0.10888019954205586,0.02667160976080247,7.46177960303774e-06
862000,113.7361111111111,0.003867609949846868,0.04834512437308585,0.002287034872465647,0.028587935905820587,0.02056225521818708,0.2570281902273385,0.07047474911830996,0.11906563602112552,0.02679217303240741,7.479203362077246e-06
862500,113.80208333333333,0.0038687043201146546,0.04835880400143318,0.002286090991729916,0.028576137396623947,0.020566215833351203,0.25707769791689,0.07018344750595419,0.12270690617557267,0.02668366608796296,7.483436558236896e-06
863000,113.86805555555556,0.0038737147132728053,0.04842143391591006,0.0022917410730455695,0.02864676341306962,0.020570162913213615,0.2571270364151702,0.07111146797295939,0.1111066503380076,0.026722849151234566,7.502832839913106e-06
863500,113.93402777777779,0.0038750039897153038,0.0484375498714413,0.0022908096555958805,0.028635120694948505,0.020572753990767776,0.2571594248845972,0.07002418588917123,0.12469767638535967,0.02669873649691358,7.507827960154761e-06
864000,114.0,0.0038770730161400875,0.04846341270175109,0.0022924983833283383,0.02865622979160423,0.02057608403568842,0.25720105044610525,0.07100609041970692,0.11242386975366359,0.026650511188271605,7.515847586240797e-06
864500,114.06597222222223,0.003877257039495435,0.048465712993692935,0.002290991911658424,0.0286373988957303,0.02057898765760792,0.257237345720099,0.06938325963628493,0.13270925454643834,0.026535976080246913,7.516561075158453e-06
865000,114.13194444444446,0.003878480789565111,0.048481009869563885,0.002293838324461924,0.028672979055774053,0.020580573281697732,0.2572571660212217,0.07003725883157652,0.12453426460529349,0.026765046296296297,7.521306617512803e-06
865500,114.19791666666669,0.0038820573627667996,0.048525717034585,0.0022951708759380565,0.028689635949225707,0.020584775222345503,0.25730969027931877,0.07061930487545304,0.117258689056837,0.027033299575617283,7.535184683905959e-06
866000,114.26388888888889,0.003881647013205719,0.04852058766507149,0.002292423903218497,0.028655298790231213,0.020587354347301016,0.2573419293412627,0.07017952669131752,0.122755916358531,0.026502821180555556,7.533591767564439e-06
866500,114.3298611111111,0.0038820940903887655,0.048526176129859565,0.0022918620336587095,0.02864827542073387,0.020589228833470523,0.25736536041838154,0.07064917861266666,0.11688526734166671,0.026867525077160493,7.5353272633156875e-06
867000,114.39583333333333,0.0038870691943293434,0.04858836492911679,0.002298210282592153,0.028727628532401912,0.02059245079224515,0.25740563490306434,0.06987429092682663,0.12657136341466713,0.02637622974537037,7.554653460752085e-06
867500,114.46180555555556,0.00388577720911269,0.04857221511390862,0.0022950626785040507,0.028688283481300633,0.020593400030213805,0.2574175003776726,0.07057364257484604,0.1178294678144245,0.026668595679012346,7.549632259429802e-06
868000,114.52777777777779,0.0038893491024160425,0.04861686378020053,0.0022984456549787627,0.028730570687234534,0.020596713393997188,0.25745891742496485,0.07086463887815601,0.11419201402304979,0.02685546875,7.563518220232237e-06
868500,114.59375,0.00388967795211735,0.04862097440146688,0.0022991365692119794,0.028739207115149743,0.0205983398559975,0.2574792481999687,0.07099791438129643,0.11252607023379457,0.026520905671296297,7.564797285593911e-06
869000,114.65972222222223,0.0038936697915438975,0.048670872394298716,0.0023022160330590288,0.02877770041323786,0.02060081360732935,0.25751017009161686,0.07108638874506952,0.11142014068663098,0.02677710262345679,7.58033222279075e-06
869500,114.72569444444446,0.003898194160934266,0.04872742701167833,0.0023077456570476658,0.02884682071309582,0.020602779388330987,0.2575347423541373,0.0704515161927517,0.11935604759060381,0.027000144675925927,7.597958858171003e-06
870000,114.79166666666669,0.0038909131321636908,0.048636414152046135,0.0022976549089224617,0.02872068636153077,0.020602777967655334,0.25753472459569166,0.07032982740795408,0.12087715740057392,0.02671682098765432,7.569602501021931e-06
870500,114.85763888888889,0.003894987503282996,0.048687343791037445,0.0023006191128139867,0.028757738910174833,0.020605921699744633,0.2575740212468079,0.070623954578062,0.11720056777422494,0.026798201195987654,7.585463825365353e-06
871000,114.9236111111111,0.003899698445962431,0.04874623057453039,0.0023092570505218206,0.028865713131522756,0.020608936979994878,0.25761171224993595,0.0705450617277994,0.11818672840250755,0.026659553433641976,7.603823984720899e-06
871500,114.98958333333333,0.00389452961846998,0.04868162023087475,0.002296513355106737,0.028706416938834214,0.020609861149486697,0.25762326436858374,0.07044496627424152,0.11943792157198108,0.026719835069444444,7.583680474569964e-06
872000,115.05555555555556,0.0038999200899885885,0.048749001124857354,0.002305917923418411,0.028823974042730138,0.020610405360814342,0.25763006701017926,0.06962724948776086,0.12965938140298927,0.026502821180555556,7.6046883541483e-06
872500,115.12152777777779,0.003900897888536528,0.0487612236067066,0.0023062945297268786,0.028828681621585982,0.02061164166035119,0.2576455207543899,0.07030886681899912,0.12113916476251108,0.027075496720679014,7.608502168394372e-06
873000,115.1875,0.00390308342250419,0.048788542781302374,0.0023047421446829785,0.028809276808537232,0.020613396817772297,0.2576674602221537,0.07078410859975057,0.11519864250311795,0.026852454668209878,7.617030101513511e-06
873500,115.25347222222223,0.003903428735483522,0.04879285919354403,0.0023068415088555224,0.02883551886069403,0.020615338815365338,0.25769173519206673,0.07078272066063686,0.11521599174203934,0.026668595679012346,7.618377946499244e-06
874000,115.31944444444446,0.0039024684831119546,0.04878085603889943,0.00230563615559862,0.028820451944982752,0.020615778516182674,0.2576972314522834,0.06972043885811195,0.1284945142736006,0.027078510802469136,7.61463013084106e-06
874500,115.38541666666669,0.003904213886516178,0.048802673581452224,0.002307670193856501,0.028845877423206264,0.02061672882706259,0.25770911033828237,0.07048229264300651,0.11897134196241865,0.02676806037808642,7.621443035832879e-06
875000,115.45138888888889,0.0039021547143194488,0.048776933928993106,0.0023058047724381883,0.028822559655477354,0.020617650011678798,0.257720625145985,0.07102499555929773,0.11218755550877846,0.027018229166666668,7.61340570724275e-06
875500,115.5173611111111,0.00390660483158279,0.04883256039478487,0.0023097851453918964,0.028872314317398704,0.020618829623579183,0.2577353702947398,0.07024730083404396,0.12190873957445059,0.026728877314814815,7.630780655072998e-06
876000,115.58333333333333,0.003906030731829464,0.04882538414786829,0.002308972466688401,0.028862155833605012,0.02061900354150584,0.257737544268823,0.0706584463598093,0.11676942050238381,0.02728346836419753,7.628538038998109e-06
876500,115.64930555555556,0.0039046356675200627,0.048807945844000784,0.0023088680710185846,0.028860850887732308,0.020620581713493666,0.25775727141867083,0.07038366266420283,0.12020421669746462,0.026834370177469136,7.6230898480349235e-06
877000,115.71527777777779,0.00391263766614251,0.048907970826781375,0.002317763393559424,0.028972042419492798,0.020621258741897838,0.25776573427372296,0.07007127537740959,0.12410905778238013,0.02716893325617284,7.654366753258554e-06
877500,115.78125,0.003907782776683649,0.048847284708545616,0.002313928141677907,0.028924101770973838,0.020621296910551628,0.2577662113818953,0.07003747858538903,0.12453151768263715,0.027072482638888888,7.635383114872684e-06
878000,115.84722222222223,0.00391017949913764,0.0488772437392205,0.002315195705740611,0.028939946321757636,0.020622912877342442,0.2577864109667805,0.07010856094613771,0.12364298817327868,0.026997130594135804,7.64475185773814e-06
878500,115.91319444444446,0.003913270863489005,0.048915885793612564,0.0023198303398367357,0.028997879247959196,0.020622888988409298,0.2577861123551162,0.07054985960960491,0.11812675487993862,0.026945891203703703,7.656844425515991e-06
879000,115.97916666666669,0.003911052345055395,0.04888815431319243,0.0023161938905148097,0.02895242363143512,0.0206221840529651,0.2577773006620637,0.07023429564194647,0.12207130447566916,0.027319637345679014,7.648165222881651e-06
879500,116.04513888888889,0.003909809039390109,0.048872612992376364,0.002314758128936338,0.028934476611704223,0.020622101797554842,0.2577762724694355,0.07033937963946689,0.12075775450666393,0.027153862847222224,7.643303362248305e-06
880000,116.1111111111111,0.003912846421496975,0.04891058026871218,0.002318587855683262,0.028982348196040775,0.020622963553899854,0.25778704442374817,0.07026274194453638,0.12171572569329525,0.026912736304012346,7.65518355911084e-06
880500,116.17708333333333,0.003914324031505968,0.0489290503938246,0.002322510059265514,0.02903137574081892,0.020622469766473743,0.25778087208092176,0.06995751047453527,0.12553111906830916,0.02708453896604938,7.660966311812567e-06
881000,116.24305555555556,0.003910294358773398,0.048878679484667474,0.00231811243710316,0.028976405463789497,0.020622509383748263,0.2577813672968533,0.0704676412484965,0.11915448439379384,0.026909722222222224,7.645200986127528e-06
881500,116.30902777777779,0.003914720376317797,0.04893400470397247,0.0023231103952490117,0.029038879940612647,0.020623305941754048,0.2577913242719256,0.07122480202983206,0.10968997462709928,0.02659625771604938,7.662517812378878e-06
882000,116.375,0.00391496162065248,0.048937020258155994,0.0023241502111360506,0.02905187763920063,0.020623954199616944,0.2577994274952118,0.07124290641802897,0.10946366977463795,0.026828342013888888,7.663462245590945e-06
882500,116.44097222222223,0.003916684563342353,0.04895855704177941,0.0023248310089786185,0.02906038761223273,0.020624731682987854,0.25780914603734817,0.0696103896110484,0.12987012986189506,0.027102623456790122,7.67020898436214e-06
883000,116.50694444444446,0.003915962111743269,0.048949526396790864,0.0023257087691094464,0.02907135961386808,0.020624384000146302,0.25780480000182876,0.07074154453102476,0.11573069336219055,0.027147834683641976,7.667379630304404e-06
883500,116.57291666666669,0.003915980507383551,0.04894975634229439,0.0023269281263753046,0.029086601579691305,0.020624091301570575,0.25780114126963216,0.0695993521508777,0.1300080981140287,0.027292510609567902,7.667451667103967e-06
884000,116.63888888888889,0.003916323107727814,0.04895403884659767,0.002326010674173891,0.029075133427173636,0.020623146867417338,0.25778933584271674,0.07062494309161677,0.1171882113547904,0.026945891203703703,7.66879334206142e-06
884500,116.7048611111111,0.003917071817174149,0.04896339771467686,0.0023313130850407863,0.029141413563009828,0.02062185073458728,0.257773134182341,0.06868237990584405,0.14147025117694934,0.027262369791666668,7.671725810449994e-06
885000,116.77083333333333,0.0039147128984438504,0.04893391123054813,0.002327977883459373,0.029099723543242164,0.020621988120868965,0.25777485151086205,0.07027350487973638,0.12158118900329529,0.027033299575617283,7.662488538621328e-06
885500,116.83680555555556,0.0039122105709563666,0.04890263213695458,0.00232505182224196,0.0290631477780245,0.020621772699866776,0.2577721587483347,0.07063480278459822,0.1170649651925223,0.027072482638888888,7.65269577575137e-06
886000,116.90277777777779,0.003917075759561445,0.04896344699451806,0.0023332037177452923,0.029165046471816152,0.02062250131745391,0.25778126646817384,0.07109479135495904,0.11131510806301204,0.027208116319444444,7.671741253071935e-06
886500,116.96875,0.00391870320000491,0.048983790000061374,0.0023349196073142956,0.029186495091428694,0.02062186461656075,0.2577733077070094,0.07056218572678057,0.11797267841524295,0.027467327353395063,7.678117384864363e-06
887000,117.03472222222223,0.0039160071313587095,0.048950089141983864,0.002331062955697528,0.029138286946219102,0.02062122117041591,0.25776526463019883,0.07020095913925381,0.12248801075932736,0.027370876736111112,7.667555926426134e-06
887500,117.10069444444446,0.003916674849896628,0.04895843562370785,0.002333999402080061,0.02917499252600076,0.02062069545184605,0.25775869314807565,0.07097004685518735,0.11287441431015821,0.027120707947530864,7.670170939906388e-06
888000,117.16666666666669,0.00391799265704204,0.0489749082130255,0.0023351435344987526,0.029189294181234407,0.020620774386398633,0.25775967982998294,0.07019241236817281,0.12259484539783994,0.027548707561728395,7.675333230317673e-06
888500,117.23263888888889,0.00391405763801396,0.048925720475174496,0.0023326281238527967,0.029157851548159957,0.02061931218618951,0.25774140232736886,0.07095468442310117,0.11306644471123539,0.02768434124228395,7.659923596847708e-06
889000,117.2986111111111,0.0039168637991012206,0.04896079748876526,0.002336949048705631,0.029211863108820388,0.020618645115260417,0.25773306394075524,0.06976816030480132,0.12789799618998354,0.027295524691358024,7.670911010354823e-06
889500,117.36458333333333,0.003917104604957922,0.04896380756197402,0.0023384472042447175,0.029230590053058968,0.020618038235001492,0.25772547793751865,0.07066169634877381,0.11672879564032734,0.02748239776234568,7.671854243091277e-06
890000,117.43055555555556,0.0039160046736244816,0.04895005842030602,0.0023393388847232836,0.029241736059041044,0.020616755782733025,0.2577094472841628,0.06984039894840378,0.12699501314495276,0.027394989390432098,7.667546301924392e-06
890500,117.49652777777779,0.003917292639682295,0.048966157996028686,0.0023427086315196393,0.029283857893995492,0.02061543161339895,0.2576928951674869,0.06987893105870159,0.12651336176623018,0.02767529899691358,7.672590812454543e-06
891000,117.5625,0.003915611099958485,0.04894513874948107,0.0023410261777270357,0.029262827221587948,0.020614294826682995,0.25767868533353744,0.07045104857762298,0.11936189277971276,0.027548707561728395,7.66600514305905e-06
891500,117.62847222222223,0.003914251261092387,0.048928140763654836,0.0023382683533810394,0.029228354417262993,0.020616140467853174,0.2577017558481647,0.06964535965213814,0.12943300434827332,0.027961636766975308,7.660681467481672e-06
892000,117.69444444444446,0.00391438816031458,0.048929852003932246,0.0023409958137886157,0.029262447672357694,0.020615366639534068,0.25769208299417584,0.07050303469325724,0.11871206633428455,0.027663242669753087,7.661217334805478e-06
892500,117.76041666666669,0.003914584115522381,0.04893230144402976,0.002342730158647303,0.02928412698309129,0.020613520167856874,0.2576690020982109,0.07036268839391521,0.12046639507605983,0.027991777584876542,7.661984398750072e-06
893000,117.82638888888889,0.003914268016449694,0.048928350205621175,0.002345302229382551,0.02931627786728189,0.020614630633431438,0.257682882917893,0.06983461744638766,0.12706728192015426,0.02760597511574074,7.660747052300513e-06
893500,117.8923611111111,0.003917072325649595,0.048963404070619936,0.0023495484522151043,0.029369355652688802,0.020614553944993105,0.2576819243124138,0.07002583422073981,0.12467707224075242,0.027711467978395063,7.671727802184964e-06
894000,117.95833333333333,0.003913368044206346,0.04891710055257932,0.0023456861521546648,0.02932107690193331,0.020613066770642598,0.2576633346330325,0.07070613236802589,0.11617334539967639,0.028278115354938273,7.6572247247077e-06
894500,118.02430555555556,0.003913067766911234,0.048913347086390425,0.002346708317671283,0.029333853970891034,0.02061343652537163,0.25766795656714536,0.07055608422182465,0.11804894722719195,0.027732566550925927,7.656049674219839e-06
895000,118.09027777777779,0.003913628595036973,0.048920357437962164,0.0023481514496693323,0.029351893120866654,0.020611008083783855,0.25763760104729816,0.0709445998584697,0.11319250176912887,0.028308256172839507,7.658244389945538e-06
895500,118.15625,0.003912893102288819,0.04891116377861023,0.002347989676291094,0.02934987095363867,0.020611595974069093,0.25764494967586365,0.07103649091758647,0.11204386353016915,0.02760296103395062,7.655366214969708e-06
896000,118.22222222222223,0.0039098435754563714,0.048873044693204644,0.002347079230461543,0.029338490380769286,0.02061158443320393,0.25764480541504914,0.0701267157678138,0.12341605290232749,0.027165919174382717,7.643438392268733e-06
896500,118.28819444444446,0.003912526103861438,0.04890657629826797,0.0023483974123091242,0.029354967653864052,0.02060977472220099,0.25762218402751236,0.07019697404733814,0.12253782440827321,0.027551721643518517,7.653930256698581e-06
897000,118.35416666666669,0.003911214066009664,0.048890175825120806,0.002350760545249606,0.029384506815620073,0.020608177058167147,0.2576022132270893,0.07028418053982667,0.12144774325216667,0.027690369405864196,7.648797735075924e-06
897500,118.42013888888889,0.003914242838848029,0.04892803548560037,0.002354821490839274,0.029435268635490928,0.02060994202087288,0.257624275260911,0.06916567664953643,0.13542904188079463,0.027819974922839507,7.66064850073654e-06
898000,118.4861111111111,0.00391284025182595,0.04891050314782437,0.0023543914745111126,0.029429893431388906,0.02060857932724321,0.2576072415905401,0.0700932592121812,0.1238342598477351,0.02817262249228395,7.655159418154681e-06
898500,118.55208333333333,0.0039114843034064005,0.04889355379258001,0.002356087565105235,0.029451094563815436,0.020610400065050157,0.257630000813127,0.07057672721299016,0.11779090983762308,0.028103298611111112,7.649854727897326e-06
899000,118.61805555555556,0.003908293799247348,0.04885367249059185,0.002353787717447179,0.029422346468089736,0.020607799875061728,0.25759749843827157,0.06883205076597254,0.13959936542534324,0.028055073302469136,7.637380210617635e-06
899500,118.68402777777779,0.003909776340309971,0.04887220425387464,0.0023549550838881735,0.029436938548602166,0.020609723895436277,0.25762154869295345,0.06993742228105926,0.12578222148675933,0.027690369405864196,7.643175515623817e-06
900000,118.75,0.003909633650287185,0.04887042062858982,0.0023553683719465903,0.02944210464933238,0.020609708430606565,0.2576213553825821,0.07037744086240012,0.12028198921999844,0.027976707175925927,7.642617639728952e-06
900500,118.81597222222223,0.003909350680835833,0.048866883510447906,0.0023568875445561114,0.02946109430695139,0.020609045144653795,0.25761306430817243,0.06938065413297612,0.1327418233377986,0.028567467206790122,7.641511372875795e-06
901000,118.88194444444446,0.0039120198191569065,0.048900247739461326,0.0023611462976860587,0.029514328721075733,0.020609028179857384,0.2576128522482173,0.0703238435376501,0.12095195577937379,0.02801589023919753,7.651949532738219e-06
901500,118.94791666666669,0.00390867357030081,0.04885841962876012,0.002359276419894106,0.029490955248676325,0.020608158776887264,0.2576019847110908,0.07063932073734461,0.11700849078319242,0.028073157793209878,7.63886453958404e-06
902000,119.01388888888889,0.0039092713190058545,0.04886589148757318,0.002360386640622305,0.029504833007778813,0.020608309975621606,0.2576038746952701,0.06937402479856283,0.1328246900179646,0.02806110146604938,7.641201122800887e-06
902500,119.0798611111111,0.003913217596147063,0.04891521995183829,0.002366477955340247,0.02958097444175309,0.020608781113378535,0.25760976391723167,0.07024112931698799,0.12198588353765016,0.028202763310185185,7.6566359773975e-06
903000,119.14583333333333,0.003909278272995409,0.04886597841244261,0.0023623561679716742,0.029529452099645928,0.020608980799165268,0.25761225998956583,0.06952206300174366,0.1309742124782043,0.028275101273148147,7.641228307856983e-06
903500,119.21180555555556,0.003908133237176268,0.04885166546470334,0.0023622870763461675,0.02952858845432709,0.02060885602129047,0.25761070026613087,0.0700397384071808,0.12450326991024008,0.02833538290895062,7.636752699760926e-06
904000,119.27777777777779,0.00390878028064231,0.048859753508028875,0.002364182810617553,0.029552285132719413,0.02060988612104395,0.25762357651304935,0.07011283370900784,0.12358957863740205,0.027783805941358024,7.639281641169089e-06
904500,119.34375,0.00390657727610999,0.04883221595137488,0.002361438849505047,0.029517985618813088,0.02060924010455327,0.25761550130691585,0.06940985784406625,0.13237677694917183,0.028278115354938273,7.630673007109477e-06
905000,119.40972222222223,0.003908005821085991,0.048850072763574885,0.0023638641034218733,0.029548301292773416,0.020610194779197042,0.257627434739963,0.06969269343049442,0.12884133211881976,0.028326340663580248,7.636254748820996e-06
905500,119.47569444444446,0.00391086239362599,0.04888577992032487,0.0023700720507742923,0.029625900634678654,0.020610025758266388,0.2576253219783298,0.06969441525721463,0.12881980928481707,0.028127411265432098,7.647422330939002e-06
906000,119.54166666666669,0.003906346690547524,0.04882933363184405,0.002365517645044799,0.029568970563059987,0.020611374943543502,0.2576421867942938,0.06803035841036241,0.14962051987046987,0.028519241898148147,7.6297722333758e-06
906500,119.60763888888889,0.00390842595099694,0.04885532438746175,0.002368632687942687,0.029607908599283587,0.020611999547700075,0.2576499943462509,0.07038326557675836,0.12020918029052052,0.02854636863425926,7.637896707213169e-06
907000,119.6736111111111,0.003906577115252918,0.04883221394066147,0.0023647230222182307,0.029559037777727882,0.020613800238096038,0.2576725029762005,0.07074970381147772,0.11562870235652856,0.028269073109567902,7.630672378708905e-06
907500,119.73958333333333,0.003908988938488051,0.04886236173110063,0.002371428633844072,0.029642857923050898,0.020611937452987145,0.2576492181623393,0.06850730127792459,0.14365873402594265,0.028100284529320986,7.640097260610969e-06
908000,119.80555555555556,0.00390981089857209,0.04887263623215112,0.002369928411511471,0.029624105143893388,0.020613459476028974,0.25766824345036216,0.07029896414493886,0.12126294818826433,0.02854938271604938,7.643310631296547e-06
908500,119.87152777777779,0.003908220116948833,0.04885275146186041,0.0023707041079512104,0.02963380134939013,0.02061473752610954,0.25768421907636924,0.07007098192323334,0.12411272595958323,0.02831127025462963,7.637092241261777e-06
909000,119.9375,0.003909149579174644,0.04886436973968305,0.0023708269364303225,0.02963533670537903,0.02061594378195921,0.25769929727449015,0.06973424275916074,0.1283219655104908,0.028401692708333332,7.640725216180646e-06
909500,120.00347222222223,0.003908200959947637,0.048852511999345455,0.0023720010614262533,0.029650013267828165,0.02061573619985178,0.25769670249814725,0.07113341447910762,0.11083231901115476,0.02816960841049383,7.637017371667815e-06
910000,120.06944444444446,0.00391057843038903,0.04888223037986287,0.002374550256260709,0.02968187820325886,0.02061750914213564,0.2577188642766955,0.06990226200407385,0.1262217249490769,0.028323326581790122,7.646311830111963e-06
910500,120.13541666666669,0.003908702462002694,0.048858780775033674,0.002371388488156457,0.029642356101955713,0.02061991999515696,0.257748999939462,0.07072729755828223,0.11590878052147213,0.028516227816358024,7.63897746823296e-06
911000,120.20138888888889,0.003906332552894646,0.04882915691118307,0.0023663486415691874,0.02957935801961484,0.020621442835813786,0.25776803544767235,0.0691840240164632,0.13519969979420998,0.027530623070987654,7.629717006902203e-06
911500,120.2673611111111,0.003910621749676356,0.04888277187095445,0.0023742697722838775,0.029678372153548467,0.020622511162901078,0.25778138953626345,0.07000733144246324,0.12490835696920954,0.02903766396604938,7.646481234520884e-06
912000,120.33333333333333,0.003909417986337875,0.04886772482922344,0.0023743724587313494,0.029679655734141868,0.02062421549654402,0.25780269370680026,0.06876969816562553,0.14037877292968093,0.028519241898148147,7.641774495951044e-06
912500,120.39930555555556,0.003909740132327438,0.04887175165409298,0.0023746409926034694,0.029683012407543365,0.02062597988157053,0.2578247485196316,0.06969015603646565,0.12887304954417933,0.02813946759259259,7.643033951165887e-06
913000,120.46527777777779,0.0039095515451236275,0.04886939431404534,0.002372193278642992,0.029652415983037396,0.02062799316487249,0.2578499145609061,0.0699450996122079,0.12568625484740115,0.02838963638117284,7.642296641989273e-06
913500,120.53125,0.003910667577953226,0.04888334472441532,0.002374923300511014,0.02968654125638768,0.020630390970570928,0.2578798871321366,0.07093420934965813,0.11332238312927334,0.02847101658950617,7.646660452627273e-06
914000,120.59722222222223,0.003912053498925572,0.048900668736569654,0.0023764028742666215,0.029705035928332766,0.020631207689828884,0.257890096122861,0.06995323508976214,0.12558456137797325,0.028272087191358024,7.652081289227905e-06
914500,120.66319444444446,0.003913960442264567,0.048924505528307086,0.0023795884242493828,0.029744855303117285,0.020633129173974817,0.2579141146746852,0.07064962055931824,0.116879743008522,0.028332368827160493,7.659543171805923e-06
915000,120.72916666666669,0.003914728149507463,0.04893410186884328,0.0023822926373454137,0.02977865796681767,0.020634929147881124,0.25793661434851406,0.06864099208668123,0.1419875989164846,0.02831127025462963,7.662548242273062e-06
915500,120.79513888888889,0.003915281847260842,0.048941023090760524,0.002381398072414714,0.029767475905183922,0.02063883210176866,0.25798540127210823,0.06826689592688744,0.14666380091390707,0.028347439236111112,7.664715971745134e-06
916000,120.8611111111111,0.003913663863029704,0.0489207982878713,0.0023774390224503917,0.029717987780629895,0.020639325954307453,0.25799157442884313,0.06947782225173153,0.13152722185335586,0.028208791473765434,7.658382416392293e-06
916500,120.92708333333333,0.0039158540677241,0.04894817584655124,0.002380527984697982,0.029756599808724773,0.02064196865914167,0.25802460823927087,0.06953554738100261,0.13080565773746744,0.028431833526234566,7.666956539855688e-06
917000,120.99305555555556,0.0039152969143192995,0.048941211428991244,0.002379035275708701,0.02973794094635876,0.020643593494270418,0.2580449186783802,0.06995791671285291,0.12552604108933862,0.02849211516203704,7.664774963639113e-06
917500,121.05902777777779,0.003917137402531075,0.04896421753163843,0.0023808629756946046,0.029760787196182557,0.020646830294656537,0.2580853786832067,0.0703118322403353,0.12110209699580876,0.02865788966049383,7.671982715153947e-06
918000,121.125,0.003916826632678397,0.04896033290847996,0.0023793314583041717,0.029741643228802146,0.02064908351339026,0.25811354391737823,0.07016311945838706,0.12296100677016175,0.028630762924382717,7.670765435229395e-06
918500,121.19097222222223,0.003920754584679177,0.04900943230848971,0.0023837989085883538,0.029797486357354422,0.020653538892968636,0.25816923616210796,0.07068334738902537,0.11645815763718281,0.028157552083333332,7.686158256641392e-06
919000,121.25694444444446,0.003925025641193182,0.04906282051491478,0.0023915421715664737,0.02989427714458092,0.020655290450929696,0.2581911306366212,0.06940556200849715,0.13243047489378568,0.028196735146604937,7.702913142011976e-06
919500,121.32291666666669,0.003923666399522941,0.04904582999403676,0.002388480351409253,0.02985600439261566,0.020656386267417864,0.2582048283427233,0.06957162209695912,0.13035472378801105,0.028443889853395063,7.69757900737266e-06
920000,121.38888888888889,0.003928841977572677,0.04911052471965846,0.002394725960910007,0.029934074511375086,0.020660611615650637,0.25825764519563293,0.06994853901505323,0.12564326231183465,0.02898943865740741,7.717899642368593e-06
920500,121.4548611111111,0.00392562488310224,0.04907031103877799,0.0023902231732693888,0.02987778966586736,0.02066326686344801,0.25829083579310014,0.07077064254515553,0.11536696818555592,0.02894724151234568,7.705265361415738e-06
921000,121.52083333333333,0.0039308474042045235,0.04913559255255654,0.00239462684533765,0.029932835566720627,0.020666660379501146,0.25833325474376434,0.06936698557804459,0.13291268027444259,0.028911072530864196,7.725780657570722e-06
921500,121.58680555555556,0.003930435439480523,0.04913044299350653,0.0023940451879984046,0.029925564849980057,0.02066799142211423,0.25834989277642784,0.07027629656711402,0.12154629291107466,0.02841374903549383,7.724161371962225e-06
922000,121.65277777777779,0.003932990900421382,0.049162386255267275,0.0023973407901115187,0.029966759876393984,0.020673862700063522,0.25842328375079404,0.06986168707641122,0.12672891154485977,0.028706114969135804,7.734208711398698e-06
922500,121.71875,0.00393531228656751,0.049191403582093875,0.0023990400064457977,0.02998800008057247,0.020675207023869248,0.2584400877983656,0.06982529308337836,0.12718383645777054,0.028597608024691357,7.743341396404602e-06
923000,121.78472222222223,0.003933905708244958,0.049173821353061975,0.00239613174052452,0.029951646756556496,0.020677243274996624,0.25846554093745777,0.06991632135659416,0.12604598304257297,0.02870310088734568,7.737807060681132e-06
923500,121.85069444444446,0.003937606333781209,0.04922007917226511,0.002400119958003531,0.03000149947504414,0.020680703617381356,0.25850879521726694,0.06964864792765298,0.12939190090433783,0.02920042438271605,7.752371819916947e-06
924000,121.91666666666669,0.003938206738812246,0.049227584235153075,0.0024007546748699435,0.030009433435874294,0.02068271329324195,0.25853391616552435,0.06937538334745323,0.13280770815683463,0.028434847608024692,7.754736158813093e-06
924500,121.98263888888889,0.003939024746036895,0.049237809325461186,0.0023989713582759325,0.029987141978449157,0.02068704756562354,0.25858809457029425,0.06979358169542314,0.12758022880721076,0.02873625578703704,7.75795797494551e-06
925000,122.0486111111111,0.003940139697600628,0.04925174622000785,0.0023983120025349845,0.029978900031687305,0.020689399406979565,0.25861749258724454,0.06843260542538364,0.14459243218270457,0.028431833526234566,7.762350418304182e-06
925500,122.11458333333333,0.003943773076835709,0.04929716346044636,0.002402991145556305,0.030037389319453812,0.020694846127915577,0.2586855765989447,0.06987624135315712,0.12654698308553602,0.028706114969135804,7.776673040787099e-06
926000,122.18055555555556,0.003943971241708768,0.04929964052135959,0.0024023623003971077,0.030029528754963845,0.020697665612407618,0.25872082015509523,0.06985958195382987,0.1267552255771267,0.02880859375,7.7774545777129e-06
926500,122.24652777777779,0.003945352697017359,0.04931690871271698,0.0024028638270651766,0.03003579783831471,0.020700301077331746,0.2587537634666468,0.06994978226025582,0.12562772174680226,0.028844762731481483,7.782903951931072e-06
927000,122.3125,0.003948837591899154,0.04936046989873943,0.002404356957429287,0.03005446196786609,0.020701895754177666,0.2587736969272208,0.06985421388824581,0.12682232639692737,0.028474030671296297,7.796659163597953e-06
927500,122.37847222222223,0.003950038948681674,0.04937548685852093,0.0024054003420859896,0.03006750427607487,0.020705663954974536,0.25882079943718167,0.06958983490483135,0.13012706368960814,0.028923128858024692,7.801403848051112e-06
928000,122.44444444444446,0.0039525882360319465,0.04940735295039933,0.0024086400918184197,0.030108001147730247,0.02071083814076652,0.25888547675958146,0.06972677568612379,0.12841530392345268,0.028609664351851853,7.811476881809066e-06
928500,122.51041666666669,0.003952329121371286,0.04940411401714108,0.0024056117610284137,0.03007014701285517,0.020712600464299753,0.2589075058037469,0.07115068723189093,0.11061640960136343,0.028296199845679014,7.81045274181976e-06
929000,122.57638888888889,0.003957331153616259,0.04946663942020324,0.002410276055206807,0.030128450690085084,0.02071780771750085,0.25897259646876064,0.07010555497267995,0.12368056284150064,0.02896532600308642,7.830234929690898e-06
929500,122.6423611111111,0.003958846545913489,0.049485581823918615,0.002410551555879449,0.030131894448493114,0.020720226401931267,0.2590028300241408,0.06957539457891981,0.13030756776350239,0.028784481095679014,7.836232987045581e-06
930000,122.70833333333333,0.003961250536564304,0.049515631707053795,0.0024131547823958532,0.030164434779948165,0.020724014249609193,0.25905017812011494,0.07037714098483819,0.12028573768952266,0.028953269675925927,7.84575290671549e-06
930500,122.77430555555556,0.003961882965336957,0.04952353706671196,0.0024116988840015363,0.030146236050019204,0.020726991262163912,0.2590873907770489,0.06962999341367035,0.12962508232912062,0.028772424768518517,7.848258315513578e-06
931000,122.84027777777779,0.003965406969322399,0.04956758711652998,0.002414983717849588,0.030187296473119848,0.02073183195149548,0.2591478993936935,0.07061167158134075,0.11735410523324064,0.02855541087962963,7.862226216175326e-06
931500,122.90625,0.003967853308899423,0.049598166361242785,0.002417040533115537,0.030213006663944213,0.02073452523698421,0.25918156546230264,0.07025879016284592,0.12176512296442599,0.028775438850308643,7.871929940472051e-06
932000,122.97222222222223,0.0039656805229632145,0.04957100653704018,0.002409240020446854,0.030115500255585674,0.020738275745659496,0.2592284468207437,0.0700148469684494,0.12481441289438255,0.028377580054012346,7.863311005104898e-06
932500,123.03819444444446,0.003972777430244389,0.049659717878054864,0.0024202414186408655,0.03025301773301082,0.02074008500874243,0.2592510626092804,0.07009393772210264,0.12382577847371701,0.028639805169753087,7.891480255129606e-06
933000,123.10416666666669,0.003973337280109766,0.04966671600137207,0.0024193982243192326,0.030242477803990406,0.020743945981597914,0.2592993247699739,0.06940344618891592,0.13245692263855102,0.028953269675925927,7.893704570755036e-06
933500,123.17013888888889,0.003972742502208749,0.04965928127760936,0.0024159407033549868,0.030199258791937335,0.02074756648650172,0.2593445810812715,0.07018580508528287,0.12267743643396412,0.028552396797839507,7.891341494427918e-06
934000,123.2361111111111,0.003974063478497984,0.0496757934812248,0.002414815919144662,0.030185198989308278,0.020750974735931706,0.2593871841991463,0.07041590042306241,0.11980124471171993,0.028682002314814815,7.896590265565748e-06
934500,123.30208333333333,0.0039751191358608695,0.04968898919826087,0.002415187454713309,0.030189843183916366,0.020753762305624694,0.2594220288203087,0.07017792180089294,0.12277597748883828,0.028507185570987654,7.900786072143633e-06
935000,123.36805555555556,0.0039809676983193825,0.04976209622899228,0.002420557482538974,0.030256968531737174,0.02075755940461811,0.2594694925577264,0.07043976784202506,0.11950290197468671,0.028962311921296297,7.924051907531163e-06
935500,123.43402777777779,0.00398223940571861,0.049777992571482625,0.002421003270802216,0.030262540885027698,0.0207597085983988,0.259496357479985,0.06975367840713119,0.12807901991086013,0.02899245273919753,7.929115342229055e-06
936000,123.5,0.00398258796216307,0.049782349527038375,0.002419110761568392,0.0302388845196049,0.020762387296004773,0.2595298412000597,0.0694281028634372,0.132148714207035,0.02887791763117284,7.930503438183098e-06
936500,123.56597222222223,0.003983503794546038,0.04979379743182547,0.0024209831712718112,0.03026228964089764,0.020765616852901646,0.25957021066127056,0.07047399845888391,0.11907501926395114,0.028600622106481483,7.93415124058134e-06
937000,123.63194444444446,0.0039882367552936384,0.04985295944117048,0.0024235129125052615,0.03029391140631577,0.02076682338169418,0.25958529227117727,0.06990503636824082,0.12618704539698977,0.02865788966049383,7.953016208137564e-06
937500,123.69791666666669,0.003988479463752618,0.04985599329690773,0.0024218706107231786,0.030273382634039732,0.020770868325383766,0.25963585406729706,0.06971111977369199,0.12861100282885018,0.028552396797839507,7.953984216388188e-06
938000,123.76388888888889,0.003994529034019382,0.04993161292524227,0.0024292387194199032,0.030365483992748788,0.02077518184712877,0.2596897730891096,0.06973084996511515,0.1283643754360606,0.028591579861111112,7.978131101811909e-06
938500,123.8298611111111,0.003993102965668721,0.049913787070859014,0.0024229024486592376,0.03028628060824047,0.020775617088097473,0.2596952136012184,0.06870740399415363,0.14115745007307956,0.028751326195987654,7.97243564721617e-06
939000,123.89583333333333,0.003996144261786162,0.049951803272327025,0.0024287323949044354,0.030359154936305442,0.02077900101572442,0.25973751269655526,0.06952596534638132,0.13092543317023353,0.02814850983796296,7.984584480503235e-06
939500,123.96180555555556,0.0039965476032679855,0.049956845040849816,0.0024240988396498847,0.03030123549562356,0.02078278126477823,0.25978476580972787,0.06929855791599003,0.1337680260501246,0.02849512924382716,7.98619637259354e-06
940000,124.02777777777779,0.004000273549155711,0.05000341936444638,0.002430473341810645,0.030380916772633063,0.02078500635036623,0.25981257937957786,0.06973966353153163,0.12825420585585467,0.02857349537037037,8.001094234037415e-06
940500,124.09375,0.003998492923736749,0.04998116154670936,0.0024255724406250703,0.03031965550781338,0.020787062709920267,0.2598382838740033,0.06854796463478108,0.14315044206523653,0.028841748649691357,7.993972830586425e-06
941000,124.15972222222223,0.004003496440829308,0.05004370551036634,0.0024318820989350444,0.030398526236688053,0.020788606904285963,0.25985758630357453,0.06911181107238923,0.13610236159513467,0.028347439236111112,8.013991875866467e-06
941500,124.22569444444446,0.004002111034073856,0.0500263879259232,0.002423799578360581,0.030297494729507265,0.020792674702080557,0.259908433776007,0.07037743748800185,0.12028203139997695,0.028513213734567902,8.008446364527854e-06
942000,124.29166666666669,0.004007508011437906,0.05009385014297382,0.00243000499746453,0.030375062468306627,0.02079522346782966,0.2599402933478707,0.06800195016863636,0.14997562289204547,0.02903766396604938,8.030060230869501e-06
942500,124.35763888888889,0.004007697545531652,0.05009621931914565,0.0024272748720869037,0.030340935901086295,0.020797274950224483,0.25996593687780606,0.069724599328248,0.12844250839690008,0.02823290412808642,8.030819808230214e-06
943000,124.4236111111111,0.0040133663488172286,0.050167079360215354,0.0024360229627732764,0.030450287034665954,0.020799197823957827,0.25998997279947283,0.06848183758916718,0.1439770301354103,0.028296199845679014,8.053554724909268e-06
943500,124.48958333333333,0.004012264155127996,0.05015330193909995,0.0024329061223034507,0.030411326528793133,0.020799860790224636,0.25999825987780795,0.07070961271027904,0.11612984112151203,0.028787495177469136,8.049131825262486e-06
944000,124.55555555555556,0.004015037791184929,0.05018797238981161,0.002433755911064337,0.030421948888304212,0.020802349622226015,0.2600293702778252,0.07008320166585677,0.12395997917679036,0.028805579668209878,8.060264232321577e-06
944500,124.62152777777779,0.004015912116190221,0.05019890145237776,0.0024353138283606177,0.03044142285450772,0.02080487204543521,0.2600609005679401,0.06973324534882348,0.1283344331397065,0.02873625578703704,8.06377506248171e-06
945000,124.6875,0.00401796592813759,0.05022457410171988,0.0024352243327849556,0.030440304159811943,0.020806680732204152,0.2600835091525519,0.06814738017574806,0.14815774780314928,0.028100284529320986,8.072025099837283e-06
945500,124.75347222222223,0.0040208451497256445,0.05026056437157055,0.002438619563262268,0.03048274454077835,0.020807945366330627,0.2600993170791328,0.07002628213627396,0.12467147329657557,0.02889600212191358,8.083597859036119e-06
946000,124.81944444444446,0.004020906832528267,0.05026133540660334,0.0024357967241202105,0.03044745905150263,0.020808884007512907,0.26011105009391133,0.06953630776776801,0.13079615290289992,0.02791039737654321,8.083845877936252e-06
946500,124.88541666666669,0.0040252797701105965,0.050315997126382454,0.0024421170912881963,0.030526463641102453,0.020810298948799943,0.26012873685999927,0.07022303633289896,0.122212045838763,0.028862847222222224,8.101438613830808e-06
947000,124.95138888888889,0.004023600516761476,0.05029500645951845,0.002438704765901256,0.0304838095737657,0.020812511655540916,0.2601563956942614,0.06854364207875152,0.143204474015606,0.02887188946759259,8.094680559241607e-06
947500,125.0173611111111,0.00402464057484674,0.05030800718558425,0.0024393161210482964,0.030491451513103705,0.020812974298386543,0.2601621787298318,0.06862873038736186,0.14214087015797672,0.02870310088734568,8.098865878351347e-06
948000,125.08333333333333,0.004028963395104464,0.0503620424388058,0.002442576675666751,0.030532208445834385,0.020815553575886703,0.2601944196985838,0.07024066611161603,0.12199167360479968,0.028317298418209878,8.116273019545844e-06
948500,125.14930555555556,0.004030123521966015,0.050376544024575184,0.0024441925676811564,0.030552407096014454,0.020816499699549792,0.2602062462443724,0.06842456231269704,0.14469297109128698,0.028663917824074073,8.120947801151877e-06
949000,125.21527777777779,0.004030542941652485,0.05038178677065606,0.002441751757008653,0.030521896962608163,0.020816967053541434,0.26021208816926794,0.07047773092891398,0.11902836338857536,0.028847776813271605,8.122638202252333e-06
949500,125.28125,0.004031527110247507,0.05039408887809384,0.0024435827203689057,0.03054478400461132,0.02081707240872771,0.26021340510909635,0.06890730260826254,0.1386587173967182,0.028760368441358024,8.12660542033031e-06
950000,125.34722222222223,0.004035544264275125,0.050444303303439054,0.0024476154516554233,0.03059519314569279,0.02081913847195485,0.2602392308994356,0.06991957639627483,0.12600529504656466,0.02846800250771605,8.142808754461929e-06
950500,125.41319444444446,0.004035546115451242,0.05044432644314053,0.002445111425424764,0.030563892817809548,0.020819869204602947,0.26024836505753685,0.06964255448797539,0.1294680689003076,0.02833839699074074,8.142816224966807e-06
951000,125.47916666666669,0.0040394537126820125,0.050493171408525155,0.0024483790957919647,0.030604738697399558,0.020821283820494463,0.2602660477561808,0.06946568211067428,0.13167897361657155,0.028856819058641976,8.158593148450248e-06
951500,125.54513888888889,0.004037193654634334,0.050464920682929175,0.0024472460186085038,0.030590575232606297,0.02082221774857241,0.2602777218571551,0.07029285919854486,0.12133926001818929,0.028591579861111112,8.149466302509868e-06
952000,125.6111111111111,0.004044717513996454,0.05055896892495567,0.002453862484947692,0.03067328106184615,0.020821903320526105,0.2602737915065763,0.07025539501090326,0.12180756236370927,0.029046706211419752,8.179869884014825e-06
952500,125.67708333333333,0.004040678725137848,0.0505084840642231,0.0024465622082813737,0.03058202760351717,0.020821092858674332,0.26026366073342916,0.06956637372510249,0.13042032843621887,0.028751326195987654,8.163542279890811e-06
953000,125.74305555555556,0.004040193606923725,0.05050242008654656,0.002448662140254604,0.030608276753182548,0.02081936210481203,0.26024202631015037,0.06939509215803802,0.1325613480245248,0.028552396797839507,8.161582190713668e-06
953500,125.80902777777779,0.004042047394916573,0.05052559243645716,0.0024524286217945594,0.03065535777243199,0.02082177282448879,0.26027216030610983,0.06948238650790048,0.13147016865124406,0.02847704475308642,8.16907357137593e-06
954000,125.875,0.004044488098496446,0.050556101231205575,0.002454753782372546,0.030684422279656825,0.020819898519079266,0.2602487314884908,0.07043932958750412,0.11950838015619847,0.02847101658950617,8.178941989439699e-06
954500,125.94097222222223,0.004049186377035628,0.05061482971294535,0.0024618246216261555,0.030772807770326944,0.02082275520010504,0.26028444000131296,0.06961174567102364,0.1298531791122045,0.02871214313271605,8.197955157985457e-06
955000,126.00694444444446,0.004047341608868681,0.050591770110858504,0.002457445535691436,0.03071806919614295,0.02082051501249561,0.2602564376561951,0.07026893253229743,0.1216383433462821,0.02882366415895062,8.190487049439861e-06
955500,126.07291666666669,0.004045810874291746,0.050572635928646824,0.002453451474469253,0.030668143430865664,0.020819091650160514,0.26023864562700644,0.06872676096055355,0.14091548799308062,0.028874903549382717,8.18429281526867e-06
956000,126.13888888888889,0.004048685806895917,0.05060857258619896,0.00245804191577437,0.030725523947179628,0.020819081323288177,0.2602385165411022,0.07085618806860972,0.11429764914237861,0.02897436824845679,8.195928381480221e-06
956500,126.2048611111111,0.004049089303029358,0.050613616287866973,0.002458957344576352,0.0307369668072044,0.020818562556487553,0.2602320319560944,0.06989215251932474,0.12634809350844078,0.028787495177469136,8.197562091953385e-06
957000,126.27083333333333,0.004049938913267837,0.050624236415847956,0.002457789144788803,0.03072236430986004,0.02081928120270529,0.2602410150338161,0.07066277921400621,0.11671525982492237,0.029019579475308643,8.201002600600535e-06
957500,126.33680555555556,0.004049389204071261,0.05061736505089076,0.0024573729985337247,0.030717162481671556,0.02081656662733303,0.2602070828416629,0.06983118865332388,0.12711014183345148,0.029290846836419752,8.198776463024441e-06
958000,126.40277777777779,0.004050750698091092,0.050634383726138654,0.002457485960232492,0.030718574502906153,0.020817240102234087,0.2602155012779261,0.06901456087495433,0.1373179890630708,0.028618706597222224,8.204290609042737e-06
958500,126.46875,0.004052232357194532,0.05065290446493165,0.0024604199428505547,0.030755249285631933,0.020817958737402217,0.2602244842175277,0.07039538419726675,0.12005769753416562,0.028968340084876542,8.210293538347176e-06
959000,126.53472222222223,0.004052757190516104,0.0506594648814513,0.002460825809103187,0.030760322613789838,0.020814581398468184,0.26018226748085227,0.07042248075076347,0.11971899061545654,0.028733241705246913,8.212420422639994e-06
959500,126.60069444444446,0.004053392678956215,0.05066740848695269,0.002463724383743798,0.030796554796797476,0.020813855582052034,0.26017319477565043,0.0700339846458612,0.12457519192673494,0.029242621527777776,8.214996104907923e-06
960000,126.66666666666669,0.0040537441609938794,0.050671802012423495,0.0024652562241549067,0.030815702801936334,0.020813798818403388,0.2601724852300423,0.06991413475578395,0.12607331555270063,0.029317973572530864,8.216420861395984e-06
960500,126.73263888888889,0.004058359635940928,0.05072949544926159,0.0024699580679765215,0.03087447584970652,0.0208117253170427,0.26014656646303375,0.06922220452305551,0.13472244346180617,0.029372227044753087,8.23514146731729e-06
961000,126.7986111111111,0.004056142835814927,0.05070178544768659,0.0024665676298691297,0.03083209537336412,0.020809220542789466,0.2601152567848683,0.0690362810224391,0.1370464872195113,0.029351128472222224,8.22614735226638e-06
961500,126.86458333333333,0.004055108469948415,0.05068885587435519,0.0024667552827537624,0.03083444103442203,0.020808489233995878,0.2601061154249485,0.06968189116046614,0.12897636049417327,0.029185353973765434,8.22195235152369e-06
962000,126.93055555555556,0.004058669739937387,0.05073337174921734,0.0024718562805572837,0.030898203506966045,0.020806940773579845,0.26008675966974804,0.06918572349507082,0.13517845631161474,0.02912205825617284,8.23640002894171e-06
962500,126.99652777777779,0.004056410933327116,0.05070513666658895,0.0024694934503325426,0.03086866812915678,0.020805912982484628,0.26007391228105786,0.07016003013041373,0.12299962336982839,0.028772424768518517,8.227234830007881e-06
963000,127.0625,0.0040573875750738175,0.05071734468842272,0.0024723306779785748,0.030904133474732184,0.02080333357626313,0.2600416697032891,0.0702919253582116,0.121350933022355,0.029254677854938273,8.231196967181697e-06
963500,127.12847222222223,0.004057152372109815,0.05071440465137268,0.0024698818021790516,0.030873522527238146,0.020803530329446866,0.26004412911808583,0.06860275931906279,0.14246550851171513,0.028678988233024692,8.230242685258148e-06
964000,127.19444444444446,0.004058510220162023,0.05073137775202528,0.002476030650835845,0.03095038313544806,0.020800499029247823,0.2600062378655978,0.06956679650671752,0.13041504366603107,0.028920114776234566,8.235752603579793e-06
964500,127.26041666666669,0.004058495346810785,0.0507311918351348,0.002475262525570244,0.030940781569628047,0.020799412247150408,0.2599926530893801,0.06855356386519576,0.143080451685053,0.02879050925925926,8.235692240042396e-06
965000,127.32638888888889,0.004057585263768646,0.05071981579710807,0.00247346791821374,0.030918348977671747,0.02079642051132117,0.2599552563915146,0.06909520159675547,0.1363099800405566,0.029492790316358024,8.231999086376236e-06
965500,127.3923611111111,0.004058430198147339,0.05073037747684173,0.002476612612033764,0.03095765765042205,0.02079498787906741,0.2599373484883426,0.06993252059763112,0.12584349252961102,0.028932171103395063,8.235427836617123e-06
966000,127.45833333333333,0.004058147405250144,0.0507268425656268,0.002479060043583927,0.03098825054479909,0.02079387135477202,0.25992339193465025,0.0673436173736636,0.15820478282920514,0.02947169174382716,8.23428018136924e-06
966500,127.52430555555556,0.004056479996483109,0.05070599995603886,0.0024756250474847973,0.030945313093559967,0.020790855407118596,0.2598856925889824,0.07013556740205858,0.12330540747426777,0.029495804398148147,8.227514980933801e-06
967000,127.59027777777779,0.004059479849183625,0.05074349811479531,0.002480059397145346,0.031000742464316822,0.020788833301623025,0.25986041627028783,0.06947921400303834,0.13150982496202068,0.029052734375,8.239688322963951e-06
967500,127.65625,0.004054423117403485,0.05068028896754356,0.0024748245388754686,0.030935306735943358,0.02078707237097306,0.2598384046371633,0.07018415136098406,0.1226981079876992,0.02964650848765432,8.219173407467898e-06
968000,127.72222222222223,0.004057871691851692,0.050723396148146145,0.002481024282298197,0.031012803528727463,0.020783791503108565,0.2597973937888571,0.069570657285546,0.13036678393067502,0.029568142361111112,8.233161333765656e-06
968500,127.78819444444446,0.004059629057924444,0.050745363224055554,0.002485123325935959,0.031064041574199487,0.020782990864221935,0.25978738580277416,0.06946847438155068,0.13164407023061653,0.029194396219135804,8.240294043972255e-06
969000,127.85416666666669,0.004059911406050169,0.05074889257562712,0.0024873815187859763,0.031092268984824704,0.020778519744395544,0.2597314968049443,0.0698189845457392,0.12726269317826,0.029474705825617283,8.241440312488132e-06
969500,127.92013888888889,0.004058871306694939,0.050735891333686736,0.0024859433532065166,0.031074291915081455,0.020776936033272984,0.2597117004159123,0.06969769061980403,0.12877886725244958,0.029565128279320986,8.23721814215574e-06
970000,127.9861111111111,0.004056513074882136,0.05070641343602671,0.0024859941932102816,0.03107492741512852,0.020775987371336322,0.259699842141704,0.0692302913058617,0.13462135867672886,0.029643494405864196,8.227649163344864e-06
970500,128.05208333333334,0.004057289417945655,0.050716117724320685,0.0024893314268720017,0.031116642835900023,0.020772223282822716,0.25965279103528394,0.07020487343308938,0.12243908208638266,0.029821325231481483,8.230798710486896e-06
971000,128.11805555555554,0.004055504213794415,0.050693802672430184,0.0024848961653326715,0.031061202066658394,0.020770431478525055,0.2596303934815632,0.07021518473046062,0.12231019086924222,0.02961938175154321,8.223557214052128e-06
971500,128.18402777777777,0.004052764805779073,0.050659560072238416,0.002482540717828645,0.031031758972858065,0.020768675067744664,0.2596084383468083,0.06944718426225138,0.13191019672185778,0.029595269097222224,8.212451285480743e-06
972000,128.25,0.004055240579152027,0.05069050723940033,0.0024891380335181315,0.031114225418976644,0.020764675742113638,0.2595584467764205,0.06639848263361321,0.17001896707983488,0.029239607445987654,8.22248807740063e-06
972500,128.31597222222223,0.004056873360940707,0.05071091701175884,0.0024943938460124976,0.03117992307515622,0.020763312153600166,0.2595414019200021,0.06854667457888426,0.14316656776394676,0.02984845196759259,8.229110733355172e-06
973000,128.38194444444446,0.0040566175702864285,0.05070771962858035,0.0024932434316891528,0.03116554289611441,0.020761342386462798,0.25951677983078497,0.06998012200191114,0.1252484749761107,0.029622395833333332,8.228073055778283e-06
973500,128.44791666666669,0.004054049558231184,0.0506756194778898,0.0024933943422858177,0.03116742927857272,0.020759334815361193,0.2594916851920149,0.07048875932690754,0.11889050841365578,0.030306592399691357,8.21765891029723e-06
974000,128.51388888888889,0.004051771678442874,0.05064714598053592,0.0024884909449210944,0.03110613681151368,0.020756111241065463,0.2594513905133183,0.06992509850490507,0.12593626868868668,0.029574170524691357,8.20842686711589e-06
974500,128.57986111111111,0.004050152086715827,0.05062690108394784,0.0024897358674581035,0.031121698343226294,0.0207538187815445,0.2594227347693062,0.06968320289848896,0.12895996376888796,0.029513888888888888,8.201865962764283e-06
975000,128.64583333333334,0.00405046793668808,0.050630849208600996,0.002492211301793912,0.0311526412724239,0.020750530761745684,0.25938163452182106,0.06859878282769578,0.14251521465380268,0.02978515625,8.203145253069095e-06
975500,128.71180555555554,0.004049253266485052,0.050615665831063146,0.0024941678324577284,0.031177097905721606,0.0207470472477182,0.2593380905964775,0.06943836304526563,0.1320204619341797,0.030053409529320986,8.19822600806993e-06
976000,128.77777777777777,0.004052426338655596,0.05065532923319495,0.0024990623358573053,0.031238279198216316,0.020746773321706373,0.25933466652132964,0.070046842296738,0.1244144712907751,0.02978515625,8.2110796151148e-06
976500,128.84375,0.004051601636111643,0.05064502045139553,0.0024986899679905424,0.03123362459988178,0.02074360298064597,0.2592950372580746,0.07017696307676947,0.12278796154038163,0.02980324074074074,8.207737908871271e-06
977000,128.90972222222223,0.004052365923740232,0.0506545740467529,0.0024998203730120694,0.031247754662650867,0.020741039063536523,0.2592629882942065,0.0682821072310277,0.14647365961215375,0.03036988811728395,8.210834789945512e-06
977500,128.97569444444446,0.004048563861216377,0.05060704826520471,0.002497518933753998,0.031218986671924975,0.020737157021669568,0.25921446277086957,0.06831982330694535,0.14600220866318314,0.02985448013117284,8.195434669173627e-06
978000,129.04166666666669,0.004045859748410505,0.050573246855131315,0.0024986462866584554,0.031233078583230694,0.020735891925443842,0.259198649068048,0.06982251114715932,0.12721861066050855,0.030074508101851853,8.18449055190416e-06
978500,129.10763888888889,0.004042974064392229,0.05053717580490286,0.00249523655913607,0.031190456989200876,0.020733938124626223,0.2591742265578278,0.06871616208499391,0.14104797393757607,0.03001422646604938,8.17281964267411e-06
979000,129.17361111111111,0.004043966901344224,0.050549586266802796,0.0025001583580453878,0.03125197947556735,0.020731395773730153,0.2591424471716269,0.06995120414242842,0.12560994821964477,0.03012273341049383,8.1768341495838e-06
979500,129.23958333333334,0.004043225811133832,0.0505403226391729,0.002501419609544793,0.031267745119309916,0.020729223703226923,0.2591152962903365,0.06966187829572723,0.1292265213034096,0.02987859278549383,8.173837479909417e-06
980000,129.30555555555554,0.004044321702718772,0.05055402128398465,0.0025033921594553644,0.031292401993192054,0.020725760178570696,0.25907200223213367,0.06924919754900513,0.1343850306374359,0.029836395640432098,8.178269017541034e-06
980500,129.37152777777777,0.004045676498246705,0.05057095622808381,0.002506321510267261,0.03132901887834076,0.020724461424914752,0.2590557678114344,0.06941621209128823,0.1322973488588971,0.029993127893518517,8.18374916423286e-06
981000,129.4375,0.004044716441270711,0.05055895551588389,0.0025072190814749797,0.031340238518437244,0.020723392294853434,0.2590424036856679,0.06910844374971228,0.13614445312859647,0.030511549961419752,8.179865545142802e-06
981500,129.50347222222223,0.004040126150798823,0.050501576884985286,0.0024992199876568244,0.031240249845710305,0.02072281613793555,0.25903520172419436,0.06965220570657528,0.12934742866780902,0.02977611400462963,8.161309657184255e-06
982000,129.56944444444446,0.004037802652840974,0.05047253316051217,0.00250077312373556,0.0312596640466945,0.0207184452937843,0.25898056617230375,0.07018410588988867,0.12269867637639165,0.030216169945987654,8.151925131644804e-06
982500,129.63541666666669,0.00403811510819207,0.05047643885240087,0.002502275021835984,0.0312784377729498,0.020716430538028963,0.25895538172536203,0.06935694070922911,0.13303824113463614,0.030381944444444444,8.153186813504525e-06
983000,129.70138888888889,0.004041155946433285,0.050514449330416065,0.0025087814345677493,0.03135976793209686,0.020715515345143595,0.2589439418142949,0.0700238958114066,0.1247013023574175,0.030261381172839507,8.16547069169655e-06
983500,129.76736111111111,0.004037053592415957,0.05046316990519946,0.002505534043460822,0.031319175543260275,0.020712454868334854,0.25890568585418566,0.06918512255243973,0.13518596809450334,0.029962987075617283,8.148900854019291e-06
984000,129.83333333333334,0.004040023006836719,0.050500287585458985,0.0025113830663823235,0.03139228832977904,0.020710145277116804,0.25887681596396006,0.06819746165285703,0.14753172933928715,0.030463324652777776,8.160892947885003e-06
984500,129.89930555555554,0.00403877528875904,0.05048469110948799,0.0025109864526412016,0.03138733065801502,0.020709480457351236,0.25886850571689046,0.06945253010437909,0.13184337369526145,0.030183015046296297,8.155852916545333e-06
985000,129.96527777777777,0.004033710265595403,0.050421378319942534,0.002507310567488767,0.031341382093609586,0.020706135211205543,0.25882669014006926,0.06954494156773075,0.13068823040336564,0.03086721161265432,8.135409253384866e-06
985500,130.03125,0.004037187549736007,0.05046484437170009,0.0025131602811345696,0.03141450351418212,0.020705122341839344,0.2588140292729918,0.06959824094781945,0.13002198815225685,0.030686366705246913,8.149441655871713e-06
986000,130.09722222222223,0.004035006072632837,0.05043757590791046,0.0025142332971143325,0.03142791621392916,0.02070267040014499,0.25878338000181234,0.06771697945285264,0.153537756839342,0.03045729648919753,8.140637003091937e-06
986500,130.16319444444446,0.004034491971626331,0.05043114964532913,0.0025142783828583305,0.03142847978572913,0.020701921511100847,0.25877401888876056,0.06896363921303028,0.13795450983712154,0.030815972222222224,8.138562734558659e-06
987000,130.22916666666669,0.004034333813032047,0.05042917266290059,0.0025154828820965164,0.031443536026206455,0.020700328985766694,0.2587541123220837,0.06949506301282753,0.13131171233965588,0.030677324459876542,8.13792465748685e-06
987500,130.29513888888889,0.004034159130356082,0.05042698912945102,0.0025179762883495572,0.031474703604369464,0.020699184218821703,0.25873980273527125,0.06984293347761855,0.12696333152976813,0.030975718557098766,8.137219944517669e-06
988000,130.36111111111111,0.00403651138776612,0.0504563923470765,0.0025218010466116617,0.031522513082645774,0.020698042052970905,0.2587255256621363,0.06918347047641801,0.13520661904477482,0.031117380401234566,8.146712091782783e-06
988500,130.42708333333334,0.004034818152211025,0.05043522690263781,0.0025208595292997636,0.03151074411624705,0.020697555010228887,0.2587194376278611,0.06945642892808096,0.13179463839898797,0.030608000578703703,8.139878760705795e-06
989000,130.49305555555554,0.004033644770041598,0.050420559625519966,0.0025206958952572944,0.03150869869071618,0.020695333379126414,0.25869166723908016,0.06719142970874914,0.1601071286406358,0.03061402874228395,8.135145065441966e-06
989500,130.55902777777777,0.004032406303922391,0.05040507879902989,0.002521668209824696,0.0315208526228087,0.020693924090743103,0.25867405113428876,0.06988391871811996,0.12645101602350062,0.03093653549382716,8.13015029995652e-06
990000,130.625,0.004033504926738033,0.05041881158422541,0.002523259216050499,0.03154074020063124,0.020694892668774632,0.2586861583596829,0.06942300747780325,0.13221240652745936,0.030963662229938273,8.134580997009992e-06
990500,130.69097222222223,0.004030057337544368,0.0503757167193046,0.0025208895357836333,0.03151111919729541,0.02069204461004262,0.25865055762553274,0.07045340511525622,0.11933243605929733,0.031246985918209878,8.120681071947602e-06
991000,130.75694444444446,0.004032088309355079,0.05040110386693849,0.0025270290750827426,0.03158786343853428,0.020690977270172915,0.25863721587716143,0.06819845980607564,0.1475192524240545,0.03090036651234568,8.128868067218953e-06
991500,130.82291666666669,0.004029945102684816,0.05037431378356019,0.00252376142807266,0.03154701785090825,0.020690023850327043,0.258625298129088,0.06943940530766848,0.13200743365414402,0.030601972415123458,8.120228765326664e-06
992000,130.88888888888889,0.004031838051260459,0.05039797564075573,0.002527911052567713,0.03159888815709641,0.020688421649149774,0.25860527061437216,0.07015315142563472,0.12308560717956607,0.031081211419753087,8.127859035795868e-06
992500,130.95486111111111,0.004029268100555299,0.05036585125694124,0.0025257526507184475,0.03157190813398059,0.0206884578595323,0.25860572324415376,0.06968251462663343,0.12896856716708216,0.03033371913580247,8.117500713076255e-06
993000,131.02083333333334,0.004032243149153146,0.05040303936441432,0.0025318255794436573,0.031647819743045716,0.020687155411512646,0.25858944264390804,0.07011852056409584,0.12351849294880202,0.03126808449074074,8.129492406946241e-06
993500,131.08680555555554,0.004026054630701635,0.05032568288377044,0.0025220719835963275,0.03152589979495409,0.020688547966725625,0.2586068495840703,0.06921736157409918,0.13478298032376035,0.030966676311728395,8.104557944697041e-06
994000,131.15277777777777,0.004032366595782457,0.050404582447280716,0.002533508524041395,0.03166885655051744,0.020687604600769474,0.2585950575096184,0.07012774471301765,0.12340319108727937,0.030837070794753087,8.1299901813911e-06
994500,131.21875,0.004029385649985683,0.05036732062482104,0.0025307041878732573,0.031633802348415715,0.020686417254022104,0.2585802156752763,0.06911211780291263,0.1360985274635922,0.03132836612654321,8.117974358155274e-06
995000,131.28472222222223,0.0040288335649317835,0.050360419561647295,0.002530511853517322,0.031631398168966526,0.02068712035712217,0.2585890044640271,0.069623419413047,0.12970725733691246,0.03077678915895062,8.115749946960473e-06
995500,131.35069444444446,0.004029906488463181,0.05037383110578976,0.0025329889952456935,0.03166236244057117,0.02068591312834936,0.258573914104367,0.06957988898267589,0.13025138771655143,0.030978732638888888,8.120073152878825e-06
996000,131.41666666666669,0.0040281117152987395,0.05035139644123424,0.0025311069023301576,0.03163883627912697,0.020685136062874938,0.2585642007859367,0.06864832139395542,0.14189598257555724,0.03093653549382716,8.112841995463477e-06
996500,131.48263888888889,0.0040308262403786,0.0503853280047325,0.002536297734393632,0.0317037216799204,0.0206864291075026,0.25858036384378247,0.06932155760707104,0.13348052991161208,0.03127712673611111,8.12378009006234e-06
997000,131.54861111111111,0.0040296120468683045,0.050370150585853805,0.0025349784711669802,0.031687230889587255,0.02068691729712286,0.25858646621403575,0.07001646057868495,0.12479424276643813,0.03169608410493827,8.118886624133084e-06
997500,131.61458333333334,0.004029639414730627,0.05037049268413284,0.002536202325785146,0.03170252907231432,0.020686202198223706,0.25857752747779633,0.07021951579934164,0.12225605250822946,0.030975718557098766,8.118996906375297e-06
998000,131.68055555555554,0.00403182069950626,0.05039775874382826,0.0025411911755705034,0.031764889694631294,0.02068545669330472,0.258568208666309,0.06948250837454173,0.13146864531822844,0.03098777488425926,8.127789076483574e-06
998500,131.74652777777777,0.004030686439483237,0.050383580493540456,0.0025390801776613956,0.03173850222076744,0.020684501390329228,0.25855626737911536,0.06859522517826525,0.1425596852716845,0.031123408564814815,8.123216586717026e-06
999000,131.8125,0.004032692410829278,0.05040865513536597,0.0025414652698954035,0.03176831587369254,0.020686705806768613,0.25858382258460766,0.06935886923964947,0.1330141345043816,0.03126808449074074,8.131304040180026e-06
999500,131.87847222222223,0.004032401968170409,0.05040502460213011,0.0025412984630379773,0.03176623078797471,0.020687856693552827,0.25859820866941036,0.06941244887635449,0.1323443890455689,0.03156346450617284,8.130132816452293e-06
1000000,131.94444444444446,0.004029802470068164,0.05037253087585205,0.0025400590303171896,0.03175073787896487,0.020683806258428115,0.2585475782303514,0.06940004034382463,0.1324994957021921,0.031096281828703703,8.119653973883738e-06
1000500,132.01041666666669,0.004028443850657654,0.05035554813322068,0.002535696252738468,0.03169620315923085,0.02068765197086373,0.2585956496357966,0.06826389411822135,0.14670132352223308,0.031470027970679014,8.114179928950734e-06
1001000,132.07638888888889,0.00403141341874428,0.050392667734303495,0.002539778065053444,0.03174722581316805,0.02068979919319775,0.2586224899149719,0.06794120688123757,0.15073491398453032,0.03169307002314815,8.126147076415723e-06
1001500,132.14236111111111,0.00403376955638655,0.050422119454831875,0.0025459383273356184,0.03182422909169523,0.0206897562546621,0.25862195318327624,0.06889334808085643,0.13883314898929466,0.03166895736882716,8.135648417015472e-06
1002000,132.20833333333334,0.004032467435843577,0.05040584294804471,0.0025437231247234762,0.03179653905904345,0.020688540007433868,0.25860675009292333,0.06902239114681842,0.1372201106647698,0.03124095775462963,8.130396810569438e-06
1002500,132.27430555555554,0.004036574210581151,0.050457177632264386,0.0025495789499003865,0.03186973687375483,0.020689377751510005,0.25861722189387504,0.06889159145134155,0.13885510685823066,0.03155442226080247,8.146965678764422e-06
1003000,132.34027777777777,0.004037836463003483,0.05047295578754354,0.002552580073549989,0.03190725091937486,0.02069132430802193,0.25864155385027415,0.06959893112844152,0.130013360894481,0.03146098572530864,8.152061650980239e-06
1003500,132.40625,0.004036735691584783,0.05045919614480979,0.0025505613237089054,0.031882016546361316,0.02069086340607761,0.25863579257597014,0.06909738620810937,0.1362826723986329,0.031045042438271605,8.147617521857237e-06
1004000,132.47222222222223,0.004036008149249264,0.0504501018656158,0.0025490436613672196,0.031863045767090245,0.02069175042450354,0.25864688030629424,0.06999391986163203,0.12507600172959965,0.031494140625,8.144680890403233e-06
1004500,132.53819444444446,0.004035577248959542,0.05044471561199427,0.002549482265597944,0.0318685283199743,0.020692601882308388,0.25865752352885485,0.0699232457493805,0.12595942813274386,0.030972704475308643,8.142941866159932e-06
1005000,132.60416666666669,0.004037941221858499,0.05047426527323124,0.0025528852989652427,0.031911066237065536,0.020693887447661468,0.2586735930957683,0.069413163007101,0.1323354624112375,0.03138563368055555,8.152484655592056e-06
1005500,132.67013888888889,0.004036273534065299,0.050453419175816236,0.0025483354243105677,0.031854192803882096,0.02069577829883353,0.2586972287354191,0.0689841761694881,0.1376977978813988,0.03151523919753087,8.14575202089799e-06
1006000,132.73611111111111,0.004038926214377944,0.0504865776797243,0.0025537015402005165,0.031921269252506455,0.020696431577015006,0.25870539471268755,0.06747816215652977,0.15652297304337792,0.031165605709876542,8.156462482594677e-06
1006500,132.80208333333334,0.00404402799015734,0.05055034987696675,0.002560896659858393,0.032011208248229915,0.02069789328972579,0.2587236661215724,0.06834747073656931,0.14565661579288358,0.031506196952160496,8.177081192588007e-06
1007000,132.86805555555554,0.004043080228912917,0.05053850286141147,0.002559275230255199,0.03199094037818999,0.02069874863129087,0.25873435789113586,0.06891461722409783,0.1385672846987771,0.03174732349537037,8.173248868713265e-06
1007500,132.93402777777777,0.004044103215554914,0.05055129019443642,0.002560487407976267,0.032006092599703335,0.02070033506915705,0.2587541883644631,0.06977809748048691,0.1277737814939136,0.03129219714506173,8.177385409030797e-06
1008000,133.0,0.0040408177133123375,0.05051022141640422,0.0025556172581972514,0.03194521572746564,0.020700550783555465,0.2587568847944433,0.06893554685094352,0.13830566436320602,0.031644844714506175,8.164103896109376e-06
1008500,133.06597222222223,0.004043893131963048,0.0505486641495381,0.0025576251550419693,0.031970314438024616,0.020703651419573754,0.2587956427446719,0.06859748122134005,0.1425314847332495,0.031430844907407406,8.176535831368956e-06
1009000,133.13194444444446,0.0040444960117567335,0.05055620014695917,0.002558958461809698,0.03198698077262123,0.020704880645890423,0.2588110080736303,0.06889395604367958,0.13882554945400527,0.031792534722222224,8.17897399455806e-06
1009500,133.19791666666669,0.004047634637512311,0.05059543296890388,0.0025640046728587604,0.0320500584107345,0.020706309251661614,0.2588288656457702,0.06897378643605581,0.13782766954930237,0.03170814043209876,8.191673079394706e-06
1010000,133.26388888888889,0.00404988915580433,0.050623614447554116,0.00256420628602282,0.03205257857528525,0.020707084291259694,0.25883855364074615,0.06879064254126988,0.14011696823412656,0.03169909818672839,8.200801087150753e-06
1010500,133.32986111111111,0.004046046142076201,0.05057557677595251,0.0025598823591422666,0.03199852948927833,0.020707675085626234,0.2588459385703279,0.06966613597086575,0.12917330036417807,0.03153332368827161,8.185244691904853e-06
1011000,133.39583333333334,0.004050073080365698,0.05062591350457123,0.002564782899303671,0.032059786241295886,0.020709258805664904,0.2588657350708113,0.06966230247694952,0.1292212190381311,0.03129521122685185,8.201545978151448e-06
1011500,133.46180555555554,0.00405286999091758,0.05066087488646975,0.0025691597007405993,0.03211449625925749,0.020711299409323744,0.2588912426165468,0.06833742741898538,0.14578215726268273,0.03218737943672839,8.212877581640133e-06
1012000,133.52777777777777,0.004053559525614624,0.0506694940701828,0.002568462067575232,0.0321057758446904,0.020713727472177375,0.25892159340221715,0.06887195641889665,0.13910054476379186,0.03193721064814815,8.215672413850527e-06
1012500,133.59375,0.004054967513551037,0.050687093919387964,0.002567830543034631,0.03209788178793289,0.02071610408010326,0.25895130100129077,0.06992367863590136,0.125954017051233,0.031849802276234566,8.22138076797714e-06
1013000,133.65972222222223,0.00405338054167532,0.05066725677094149,0.0025664114300648433,0.03208014287581054,0.020716166402359258,0.2589520800294907,0.06816654294758084,0.14791821315523945,0.031605661651234566,8.214946907816054e-06
1013500,133.72569444444446,0.0040569246114457716,0.05071155764307214,0.002569739567895104,0.0321217445986888,0.020718079048641123,0.25897598810801403,0.069569492337478,0.13038134578152505,0.031714168595679014,8.229318651477211e-06
1014000,133.79166666666669,0.004054322245924028,0.05067902807405034,0.002565352620481556,0.03206690775601945,0.02071801857070891,0.25897523213386137,0.06955853998059937,0.13051825024250796,0.031674985532407406,8.218764436897224e-06
1014500,133.85763888888889,0.004054067182364307,0.05067583977955384,0.002562641648212359,0.032033020602654484,0.02072126227911453,0.25901577848893165,0.06854204816422155,0.14322439794723063,0.031976393711419755,8.217730359561637e-06
1015000,133.92361111111111,0.0040571484649287145,0.05071435581160893,0.0025677203044799164,0.032096503805998954,0.020721372842172413,0.2590171605271552,0.07022063477812232,0.12224206527347103,0.03189501350308642,8.23022683323671e-06
1015500,133.98958333333334,0.00405965123074549,0.05074564038431862,0.002570502840913336,0.0321312855114167,0.020723316203463064,0.2590414525432883,0.06873787894931821,0.14077651313352235,0.031684027777777776,8.240384057646685e-06
1016000,134.05555555555554,0.004061852222244758,0.05077315277805947,0.0025715864998504985,0.03214483124813123,0.02072287188920199,0.25903589861502485,0.06796574324618308,0.1504282094227115,0.03170512635030864,8.249321737677338e-06
1016500,134.12152777777777,0.00406177694844236,0.0507722118555295,0.002571713503036257,0.03214641878795321,0.02072495816746163,0.2590619770932704,0.06968817966328655,0.12889775420891814,0.03123191550925926,8.249015989448865e-06
1017000,134.1875,0.004062275914573621,0.050778448932170255,0.0025718222276624914,0.03214777784578114,0.020726369283485,0.2590796160435625,0.06920183395719068,0.1349770755351165,0.03173828125,8.251042803062472e-06
1017500,134.25347222222223,0.0040638927625693535,0.050798659532116916,0.002572717235271903,0.03215896544089879,0.02072622818151467,0.2590778522689334,0.06894351842235384,0.138206019720577,0.03160867573302469,8.257612192831785e-06
1018000,134.31944444444446,0.0040668444472067985,0.05083555559008498,0.0025747637938042228,0.032184547422552785,0.020729571843219323,0.2591196480402415,0.06997703647055932,0.1252870441180085,0.03192214023919753,8.269611878888384e-06
1018500,134.38541666666669,0.004070826070697921,0.05088532588372401,0.0025774206816471484,0.032217758520589355,0.020731936700739223,0.2591492087592403,0.0684443291135742,0.1444458860803225,0.031596619405864196,8.28581244893694e-06
1019000,134.45138888888889,0.00407295368853851,0.05091192110673137,0.0025816351826320463,0.032270439782900576,0.020733940892750595,0.2591742611593824,0.06927240088807346,0.13409498889908178,0.03203064718364197,8.294475874489727e-06
1019500,134.51736111111111,0.0040768908800866725,0.05096113600108341,0.002586638934724434,0.032332986684055424,0.02073312821671895,0.2591641027089868,0.06914462210864672,0.13569222364191602,0.03204270351080247,8.310519624066943e-06
1020000,134.58333333333334,0.0040724767751105055,0.05090595968888132,0.00257810165046145,0.03222627063076813,0.020734674134608465,0.2591834266826058,0.06871393293062947,0.14107583836713167,0.03203968942901234,8.292533541907232e-06
1020500,134.64930555555554,0.0040777901918381985,0.050972377397977484,0.0025852846247933934,0.03231605780991742,0.02073657717624022,0.25920721470300273,0.0679246408210611,0.15094198973673623,0.03200352044753087,8.314186424325904e-06
1021000,134.71527777777777,0.0040759278299627765,0.05094909787453471,0.002580244027927786,0.032253050349097326,0.020736867248698877,0.25921084060873595,0.0685306806333876,0.14336649208265495,0.03184377411265432,8.306593837532533e-06
1021500,134.78125,0.004080369956965797,0.05100462446207246,0.002584251988436523,0.032303149855456535,0.02074015808178635,0.25925197602232936,0.0690108084545426,0.1373648943182174,0.031192732445987654,8.32470949285453e-06
1022000,134.84722222222223,0.004082493615665076,0.05103117019581344,0.0025857452365660137,0.03232181545707517,0.020741520667300953,0.25926900834126193,0.06837536175146265,0.14530797810671692,0.032232590663580245,8.333377060973051e-06
1022500,134.91319444444446,0.00408160823139914,0.05102010289248925,0.002581511226300386,0.03226889032875482,0.020742609545983358,0.25928261932479196,0.06810725787791802,0.14865927652602473,0.03151222511574074,8.329762877312607e-06
1023000,134.97916666666669,0.0040840498137854715,0.05105062267231839,0.0025849833780960453,0.032312292226200565,0.020744461847621368,0.2593057730952671,0.0696112658072826,0.12985917740896757,0.031656901041666664,8.33973144074057e-06
1023500,135.04513888888889,0.004087165098786338,0.05108956373482922,0.002589196378762625,0.03236495473453281,0.020747621958773454,0.25934527448466815,0.06835182794307809,0.14560215071152383,0.031982421875,8.352459272368568e-06
1024000,135.11111111111111,0.004088710408197052,0.05110888010246315,0.002591157473982602,0.032389468424782526,0.02074660023317559,0.2593325029146949,0.06916785312921724,0.1354018358847846,0.03166895736882716,8.358776401049455e-06
1024500,135.17708333333334,0.004085447164293087,0.051068089553663584,0.002581256125669439,0.032265701570867986,0.020748070060510396,0.25935087575637994,0.06924247695672128,0.13446903804098398,0.031304253472222224,8.34543926611521e-06
1025000,135.24305555555554,0.004089902672525187,0.051123783406564836,0.0025879065767964774,0.03234883220995596,0.02074965178680813,0.2593706473351016,0.06894724118361022,0.1381594852048723,0.031412760416666664,8.363651935364332e-06
1025500,135.30902777777777,0.004089642692235466,0.05112053365294333,0.0025857721299594625,0.032322151624493284,0.020749850583412763,0.2593731322926595,0.06991829102292897,0.1260213622133879,0.03140673225308642,8.362588675077477e-06
1026000,135.375,0.00409333320222509,0.051166665027813626,0.0025878872575597857,0.03234859071949732,0.020752576909240796,0.2594072113655099,0.06806001928468766,0.14924975894140424,0.031750337577160496,8.377688352219154e-06
1026500,135.44097222222223,0.004095363499132444,0.05119204373915555,0.0025911615232013948,0.03238951904001743,0.02075195781324412,0.25939947266555147,0.06916524925660963,0.13543438429237964,0.031831717785493825,8.386001095013166e-06
1027000,135.50694444444446,0.004098102265783755,0.05122627832229694,0.0025939649134188916,0.03242456141773614,0.020753583770847038,0.259419797135588,0.0679541689456211,0.15057288817973624,0.031879943094135804,8.397221090410974e-06
1027500,135.57291666666669,0.004098241238795652,0.051228015484945655,0.0025940522625828764,0.03242565328228595,0.020752662989471007,0.25940828736838756,0.06867429463293605,0.1415713170882994,0.031596619405864196,8.39779062568266e-06
1028000,135.63888888888889,0.004101403042612837,0.05126753803266046,0.002595354808362776,0.0324419351045347,0.020754392328937877,0.25942990411172345,0.06847883798282853,0.14401452521464342,0.03187391493055555,8.410753458976919e-06
1028500,135.70486111111111,0.004104607357117859,0.05130759196397324,0.002598389365988124,0.03247986707485155,0.020753122527367735,0.2594140315920967,0.06922092070970436,0.13473849112869551,0.032057773919753084,8.423900778053028e-06
1029000,135.77083333333334,0.004107002809907045,0.05133753512383807,0.0026008934154252194,0.03251116769281524,0.020756570030638914,0.25945712538298643,0.06897662141048812,0.1377922323688986,0.032289858217592594,8.433736040292182e-06
1029500,135.83680555555554,0.004108253494545224,0.0513531686818153,0.002602301992361778,0.032528774904522224,0.02075574312663317,0.25944678908291463,0.06924734730275424,0.134408158715572,0.031982421875,8.438873387721525e-06
1030000,135.90277777777777,0.004107159180074464,0.0513394897509308,0.002599993064781956,0.03249991330977445,0.020756550493630913,0.2594568811703864,0.068747430709719,0.1406571161285125,0.03192515432098766,8.434378265234972e-06
1030500,135.96875,0.004113038904048441,0.051412986300605514,0.0026061202794616057,0.03257650349327007,0.020756724819512802,0.25945906024391,0.06983311982018522,0.12708600224768474,0.03209997106481482,8.458544513108003e-06
1031000,136.03472222222223,0.004114754291694534,0.051434428646181675,0.002606501141356728,0.0325812642669591,0.020757758429877052,0.25947198037346314,0.06944805322424621,0.1318993346969224,0.031976393711419755,8.465601440509291e-06
1031500,136.10069444444446,0.004110493160820377,0.05138116451025471,0.0026008140910942757,0.032510176138678445,0.020758207890133842,0.259477598626673,0.0690171786409454,0.13728526698818244,0.031979407793209874,8.448077012575544e-06
1032000,136.16666666666669,0.004114197453222868,0.05142746816528585,0.002601667232392644,0.03252084040490805,0.020757962009041737,0.2594745251130217,0.06715754280986531,0.16053071487668358,0.031928168402777776,8.463310342052768e-06
1032500,136.23263888888889,0.004115736165663742,0.051446702070796775,0.0026036145190668687,0.03254518148833586,0.02075890958193908,0.2594863697742385,0.06814350637435998,0.14820617032050032,0.031819661458333336,8.46964209267624e-06
1033000,136.29861111111111,0.004116472063686783,0.05145590079608478,0.0026052435468384254,0.03256554433548032,0.020755958786893177,0.2594494848361647,0.06781593650509322,0.15230079368633476,0.03163278838734568,8.472671125556861e-06
1033500,136.36458333333334,0.004119583227819477,0.051494790347743465,0.0026070908715936764,0.032588635894920955,0.020758521649183733,0.2594815206147967,0.06966141431630368,0.12923232104620397,0.03200050636574074,8.48548298546577e-06
1034000,136.43055555555554,0.0041229804202111454,0.051537255252639316,0.0026147868185087326,0.032684835231359156,0.020757646153269055,0.25947057691586317,0.06950311876160674,0.13121101547991576,0.03191309799382716,8.499483772722236e-06
1034500,136.49652777777777,0.004124201840619454,0.05155252300774318,0.0026133537149579823,0.03266692143697478,0.020756038070472622,0.25945047588090775,0.0691921590105454,0.13509801236818253,0.03210599922839506,8.504520411084447e-06
1035000,136.5625,0.004123231016995387,0.051540387712442334,0.0026115423514646257,0.03264427939330782,0.020757535742992116,0.25946919678740143,0.06868115932352271,0.14148550845596608,0.032036675347222224,8.500517009756406e-06
1035500,136.62847222222223,0.004126792784400759,0.051584909805009495,0.0026153541250569044,0.03269192656321131,0.020756645572018978,0.2594580696502372,0.06908078313822019,0.13649021077224766,0.032202449845679014,8.515209342691086e-06
1036000,136.69444444444446,0.004128410980718604,0.05160513725898255,0.0026173305880318066,0.03271663235039758,0.020756869797479812,0.25946087246849764,0.0682283557129635,0.14714555358795633,0.03220546392746913,8.521888612858974e-06
1036500,136.76041666666669,0.004125308848384182,0.05156636060480227,0.0026096765779101915,0.032620957223877395,0.02075519881359057,0.2594399851698821,0.06931565821477938,0.13355427231525785,0.03209695698302469,8.50908654727841e-06
1037000,136.82638888888889,0.004130631168629628,0.051632889607870346,0.002617159075947756,0.03271448844934695,0.020755026474895914,0.25943783093619893,0.06860518904541418,0.14243513693232268,0.03185281635802469,8.531056925627281e-06
1037500,136.89236111111111,0.0041285300167967914,0.05160662520995989,0.002614284160037666,0.032678552000470824,0.020752633609166148,0.25940792011457686,0.0696232695356943,0.1297091308038213,0.0322778018904321,8.522380049796056e-06
1038000,136.95833333333334,0.004130802820280693,0.051635035253508654,0.002618421077325385,0.03273026346656731,0.020753196381497963,0.25941495476872456,0.06899436755797131,0.1375704055253587,0.03161771797839506,8.531765970019462e-06
1038500,137.02430555555554,0.004129599976092179,0.05161999970115223,0.0026189890344279526,0.03273736293034941,0.02075074656906247,0.2593843321132809,0.06805714868633216,0.1492856414208481,0.03225971739969136,8.52679798127026e-06
1039000,137.09027777777777,0.004128974798859093,0.05161218498573866,0.0026146440213846464,0.03268305026730808,0.02075077690076372,0.2593847112595465,0.06950367569664152,0.13120405379198097,0.03191611207561729,8.524216444806743e-06
1039500,137.15625,0.004134964217720083,0.05168705272150104,0.002620507979348066,0.03275634974185082,0.02075032002799688,0.259379000349961,0.0692180133181015,0.13477483352373132,0.031810619212962965,8.548964540912728e-06
1040000,137.22222222222223,0.004134904624762275,0.05168630780952844,0.0026214551712522645,0.032768189640653304,0.020747864735956342,0.2593483091994543,0.06915336239303929,0.13558297008700892,0.03190405574845679,8.548718127940225e-06
1040500,137.28819444444446,0.004135401036587946,0.05169251295734932,0.0026222003151128415,0.03277750393891052,0.020746834160418542,0.25933542700523177,0.06871131547182226,0.14110855660222177,0.032546055169753084,8.550770866706327e-06
1041000,137.35416666666669,0.004135448571740911,0.05169310714676138,0.0026230998442122932,0.032788748052653666,0.02074518942473067,0.2593148678091334,0.06941561811214701,0.1323047735981624,0.03249782986111111,8.550967444756968e-06
1041500,137.42013888888889,0.00413572283248424,0.051696535406053,0.002621111716952345,0.03276389646190431,0.020744837387322693,0.2593104673415337,0.06983046066206858,0.1271192417241428,0.03259428047839506,8.552101673565733e-06
1042000,137.48611111111111,0.00414075737766826,0.05175946722085324,0.002628990333779095,0.032862379172238686,0.0207432928888962,0.2592911611112025,0.06910231656044419,0.1362210429944477,0.032142168209876545,8.572935830357062e-06
1042500,137.55208333333334,0.004136552575434505,0.051706907192931306,0.0026241721424344845,0.032802151780431055,0.02073797725054738,0.25922471563184224,0.06995442574053608,0.125569678243299,0.03233205536265432,8.555533604666917e-06
1043000,137.61805555555554,0.004137654298171167,0.051720678727139584,0.0026237346984844382,0.03279668373105548,0.020737539387600083,0.25921924234500104,0.0692849453092321,0.13393818363459875,0.03201557677469136,8.560091545587164e-06
1043500,137.68402777777777,0.004137308030683077,0.05171635038353846,0.0026229740986973963,0.032787176233717456,0.02073596011937064,0.259199501492133,0.06910619491911958,0.13617256351100526,0.03191309799382716,8.55865887037734e-06
1044000,137.75,0.0041436587851775685,0.05179573481471961,0.0026312564586410303,0.03289070573301288,0.0207332118704443,0.25916514838055377,0.06865373248011364,0.14182834399857958,0.032211492091049385,8.584954063989622e-06
1044500,137.81597222222223,0.0041395488141343015,0.051744360176678765,0.0026256911655984927,0.03282113956998116,0.020732992302609263,0.2591624037826158,0.06967095252428789,0.12911309344640143,0.03191611207561729,8.567932192300352e-06
1045000,137.88194444444446,0.004141976458762939,0.05177470573453674,0.002631588192402002,0.03289485240502502,0.020730647523832513,0.2591330940479064,0.06904833744298995,0.13689578196262564,0.03191309799382716,8.57798449247319e-06
1045500,137.94791666666669,0.004143805014793787,0.05179756268492234,0.0026339706664602596,0.032924633330753246,0.020728259953648274,0.2591032494206034,0.06761556033433881,0.15480549582076486,0.03246166087962963,8.58556000031507e-06
1046000,138.01388888888889,0.004145071004182593,0.05181338755228241,0.0026343733391371886,0.03292966673921486,0.02072689312433759,0.25908616405421986,0.06783327263188198,0.15208409210147533,0.03271484375,8.590806814857644e-06
1046500,138.07986111111111,0.004147204123049399,0.05184005153811748,0.0026379667115082966,0.03297458389385371,0.02072351930920751,0.2590439913650939,0.0687540339153273,0.14057457605840873,0.03227177372685185,8.599651019118966e-06
1047000,138.14583333333334,0.0041425331361052585,0.05178166420131573,0.002633037143364395,0.03291296429205494,0.020720675707716296,0.2590084463464537,0.06806519155530295,0.14918510555871312,0.03234109760802469,8.580290391865035e-06
1047500,138.21180555555554,0.004144541260469971,0.05180676575587464,0.0026358952487098588,0.03294869060887323,0.020718511617214344,0.2589813952151793,0.06924577418526293,0.1344278226842135,0.032886646412037035,8.588611129869007e-06
1048000,138.27777777777777,0.004141535893474744,0.051769198668434296,0.002629151942348863,0.03286439927936079,0.02071740802844027,0.25896760035550337,0.06949229183416727,0.13134635207290912,0.03220847800925926,8.576159778469823e-06
1048500,138.34375,0.00414398479221983,0.05179980990274788,0.0026341376273737436,0.0329267203421718,0.02071390053671591,0.2589237567089489,0.0692099323441536,0.1348758456980801,0.032769097222222224,8.586304979074615e-06
1049000,138.40972222222223,0.00414863197364017,0.051857899670502125,0.002639386006168806,0.03299232507711007,0.02071370050607068,0.2589212563258835,0.06850167766089418,0.1437290292388227,0.032398365162037035,8.605573626354766e-06
1049500,138.47569444444446,0.004146797909356474,0.051834973866955916,0.002641997588444522,0.03302496985555652,0.020708712229582503,0.2588589028697813,0.06863439506922195,0.1420700616347257,0.03254002700617284,8.597966450521612e-06
1050000,138.54166666666669,0.004146387877387521,0.05182984846734401,0.0026400092821913844,0.03300011602739231,0.020706228366466545,0.2588278545808318,0.068013477501847,0.1498315312269125,0.032633463541666664,8.596266214873097e-06
1050500,138.60763888888889,0.0041452048942172935,0.05181506117771617,0.0026413684702080976,0.03301710587760122,0.020701711542206867,0.25877139427758583,0.06921266954452036,0.13484163069349542,0.03268470293209876,8.5913618075215e-06
1051000,138.67361111111111,0.004141936635926893,0.051774207949086166,0.0026368549005660142,0.03296068625707518,0.02069914170103234,0.25873927126290425,0.06827252294232966,0.1465934632208793,0.03266661844135803,8.577819548016695e-06
1051500,138.73958333333334,0.004141969806931205,0.051774622586640055,0.0026379893692715594,0.03297486711589449,0.02069648889761458,0.2587061112201822,0.0685170853061439,0.14353643367320135,0.032232590663580245,8.577956940764862e-06
1052000,138.80555555555554,0.0041441670269559885,0.05180208783694985,0.0026412499206531813,0.03301562400816477,0.020693377259625004,0.25866721574531254,0.06887343936799221,0.13908200790009728,0.03279320987654321,8.587060173654617e-06
1052500,138.87152777777777,0.004145311081782486,0.05181638852228107,0.0026432862068973832,0.03304107758621729,0.020690881741200675,0.25863602176500844,0.06795169826060096,0.15060377174248796,0.03305844907407408,8.59180198237434e-06
1053000,138.9375,0.004141885131104918,0.05177356413881148,0.0026401442721145,0.033001803401431246,0.020687006582822284,0.25858758228527856,0.07003144187166399,0.12460697660420017,0.03258523823302469,8.577606219634004e-06
1053500,139.00347222222223,0.004144004504830935,0.05180005631038668,0.0026448426494727712,0.03306053311840964,0.0206849578344593,0.25856197293074124,0.06950150281327448,0.13123121483406897,0.03259729456018518,8.586386668029539e-06
1054000,139.06944444444446,0.004143488621331869,0.051793607766648354,0.0026433149869124063,0.03304143733640508,0.020679774962038516,0.25849718702548147,0.06915702084677731,0.13553723941528362,0.03292281539351852,8.584248977553334e-06
1054500,139.13541666666669,0.004141592728734557,0.05176990910918196,0.002644364150216645,0.03305455187770806,0.020677739041788525,0.25847173802235657,0.06910851395532755,0.13614357555840562,0.0327660831404321,8.576395165353475e-06
1055000,139.20138888888889,0.004143724447655963,0.05179655559569954,0.0026458261717972296,0.03307282714746537,0.020674290283075648,0.2584286285384456,0.06852821053251712,0.143397368343536,0.032958984375,8.585226149050858e-06
1055500,139.26736111111111,0.004140968009637245,0.05176210012046556,0.0026461559240679535,0.033076949050849416,0.020671136001548362,0.2583892000193545,0.06898306222711009,0.13771172216112382,0.032895688657407406,8.573808028419525e-06
1056000,139.33333333333334,0.004141449030577508,0.051768112882218845,0.0026455493733939114,0.03306936716742389,0.020669072933896672,0.2583634116737084,0.06879784936845437,0.14002688289432041,0.03291075906635803,8.57580003643569e-06
1056500,139.39930555555554,0.004141292758953268,0.05176615948691585,0.0026493937329060196,0.033117421661325246,0.020665953005431035,0.2583244125678879,0.06923802753937529,0.13452465575780892,0.03315791377314815,8.575152857679385e-06
1057000,139.46527777777777,0.004141440099875002,0.05176800124843752,0.0026489970405820904,0.033112463007276126,0.020662076822832536,0.25827596028540667,0.06999940910789139,0.12500738615135765,0.032546055169753084,8.575763050426335e-06
1057500,139.53125,0.00414295644201396,0.0517869555251745,0.0026561195470775705,0.03320149433846963,0.020656787216730716,0.25820984020913396,0.06893891242358216,0.13826359470522298,0.033610026041666664,8.582044040212487e-06
1058000,139.59722222222223,0.004143694635187999,0.05179618293984999,0.0026552944710460636,0.033191180888075794,0.020653667423200697,0.25817084279000874,0.06980632189896502,0.12742097626293725,0.03309461805555555,8.585102614842904e-06
1058500,139.66319444444446,0.004139821344333091,0.05174776680416363,0.002650977069283924,0.03313721336604905,0.020650631884978832,0.2581328985622354,0.06909585328352588,0.13630183395592654,0.033296561535493825,8.56906038149792e-06
1059000,139.72916666666669,0.004139354668744051,0.051741933359300635,0.0026540923725378424,0.03317615465672303,0.020647050946801745,0.2580881368350218,0.06985572741983208,0.12680340725209904,0.03299816743827161,8.567128536826586e-06
1059500,139.79513888888889,0.004137012698910644,0.051712658736383046,0.0026559316230954093,0.03319914528869262,0.020642623522978368,0.2580327940372296,0.0679590648429004,0.15051168946374505,0.03350754726080247,8.557437035473965e-06
1060000,139.86111111111111,0.004142530186498703,0.05178162733123379,0.0026604131502189934,0.033255164377737415,0.020637988944198753,0.2579748618024844,0.0687956751807244,0.14005406024094513,0.033197096836419755,8.58027817302649e-06
1060500,139.92708333333334,0.004138125096307411,0.05172656370384264,0.0026588574336512227,0.033235717920640284,0.020635300378727697,0.25794125473409624,0.06948393923795355,0.1314507595255806,0.03324833622685185,8.562039656344611e-06
1061000,139.99305555555554,0.004136507228659543,0.051706340358244285,0.0026584473957526685,0.033230592446908354,0.02063087429862434,0.25788592873280425,0.06917209184414262,0.13534885194821722,0.03317599826388889,8.555346026376327e-06
1061500,140.05902777777777,0.004141224137653469,0.051765301720668365,0.002670926476136961,0.033386580951712014,0.02062851596716321,0.2578564495895401,0.06794992952150307,0.15062588098121166,0.033923490547839504,8.574868679141858e-06
1062000,140.125,0.004135701173221829,0.051696264665272856,0.002664085060306711,0.03330106325383389,0.020624073953022782,0.2578009244127848,0.06924497928246277,0.1344377589692154,0.033667293595679014,8.552012097094206e-06
1062500,140.19097222222223,0.004134001398648046,0.05167501748310058,0.002660845102671695,0.03326056378339619,0.02061827152999747,0.2577283941249684,0.06960458806678586,0.12994264916517673,0.03356481481481482,8.544983782012002e-06
1063000,140.25694444444446,0.004134026290868084,0.051675328635851045,0.00266616829299349,0.033327103662418624,0.020614589097949332,0.25768236372436665,0.06790200472696364,0.15122494091295446,0.03326943479938271,8.545086686794262e-06
1063500,140.32291666666669,0.004130210850720064,0.0516276356340008,0.0026619362970808007,0.03327420371351001,0.020609914624052046,0.25762393280065055,0.06879287111605341,0.14008911104933242,0.033619068287037035,8.52932083570288e-06
1064000,140.38888888888889,0.004134239296661833,0.051677991208272905,0.0026672309392795257,0.03334038674099407,0.020607889520111652,0.25759861900139563,0.06834560127354293,0.14567998408071337,0.034089265046296294,8.545967281031463e-06
1064500,140.45486111111111,0.004132210525373808,0.0516526315671726,0.002667367830143203,0.03334209787679004,0.020603277766012583,0.2575409720751573,0.0694254214603327,0.1321822317458412,0.03359194155092592,8.537581913005039e-06
1065000,140.52083333333334,0.004129178888635357,0.05161473610794196,0.0026634285895693346,0.03329285736961668,0.020599275111507283,0.257490938893841,0.06926847988424924,0.13414400144688454,0.033266420717592594,8.525059147175961e-06
1065500,140.58680555555554,0.004127642468211823,0.05159553085264779,0.0026663150160414393,0.03332893770051799,0.020595012176219746,0.25743765220274684,0.06857616945610417,0.1427978817986978,0.033637152777777776,8.518716172692897e-06
1066000,140.65277777777777,0.004128960317542832,0.051612003969285405,0.002671806614194745,0.03339758267743431,0.020591795954253193,0.2573974494281649,0.06787419572172526,0.15157255347843424,0.033950617283950615,8.524156651921703e-06
1066500,140.71875,0.004128975039597739,0.05161218799497174,0.0026718859655118234,0.03339857456889779,0.020588321098345068,0.2573540137293133,0.06843427712010501,0.14457153599868733,0.03389033564814815,8.524217438810577e-06
1067000,140.78472222222223,0.004127174392525346,0.05158967990656683,0.0026721532410385654,0.033401915512982064,0.02058388333808344,0.257298541726043,0.06934368600412244,0.13320392494846955,0.03421585648148148,8.516784233158481e-06
1067500,140.85069444444446,0.00412559048578874,0.05156988107235925,0.0026711264487907713,0.03338908060988464,0.02057945741330202,0.2572432176662752,0.06844021493808787,0.14449731327390158,0.03348946277006173,8.510248428215285e-06
1068000,140.91666666666669,0.004122159632027483,0.051526995400343535,0.00266976064753879,0.03337200809423488,0.02057712122475693,0.2572140153094616,0.06896951887130164,0.13788101410872955,0.03376977237654321,8.496100015958477e-06
1068500,140.98263888888889,0.0041189177684231824,0.05148647210528978,0.0026707335199402595,0.03338416899925324,0.020572150145688813,0.2571518768211101,0.06777179775854195,0.1528525280182257,0.03380895543981482,8.482741791516105e-06
1069000,141.04861111111111,0.004123958990600517,0.05154948738250646,0.002676973234438756,0.03346216543048445,0.020568390351876648,0.2571048793984581,0.0685735112349608,0.14283110956298994,0.034342447916666664,8.503518878077418e-06
1069500,141.11458333333334,0.0041225349924083506,0.05153168740510438,0.002678338630586094,0.033479232882326175,0.02056646867089656,0.25708085838620703,0.06775826594041329,0.15302167574483394,0.033929518711419755,8.497647381815661e-06
1070000,141.18055555555557,0.004118562695295226,0.051482033691190324,0.0026746182600054197,0.033432728250067746,0.020560904713715224,0.2570113089214403,0.06965448045134322,0.12931899435820982,0.03390540605709876,8.481279337538739e-06
1070500,141.24652777777777,0.004120801503742631,0.05151001879678289,0.0026782696762581173,0.03347837095322646,0.02055978654847299,0.25699733185591234,0.06915555270290095,0.13555559121373806,0.03395363136574074,8.490502516623765e-06
1071000,141.3125,0.0041160852483549315,0.051451065604436644,0.002672900114486373,0.03341125143107966,0.0205538399783398,0.2569229997292475,0.06949026171705064,0.13137172853686707,0.034595630787037035,8.47107888586254e-06
1071500,141.37847222222223,0.0041176158416090635,0.051470198020113295,0.002680322279980485,0.03350402849975606,0.020551023748811844,0.25688779686014807,0.06845790041200987,0.14427624484987656,0.034423828125,8.477380109534956e-06
1072000,141.44444444444446,0.0041153612051880875,0.05144201506485109,0.0026807888326450162,0.033509860408062704,0.0205467108846439,0.25683388605804874,0.0690011639653686,0.13748545043289262,0.03387526523919753,8.468098924583575e-06
1072500,141.51041666666669,0.004114936188486112,0.0514367023560764,0.0026816149119827056,0.03352018639978382,0.02054092776791181,0.2567615970988976,0.06918090808044441,0.13523864899444482,0.03481565875771605,8.466349917656306e-06
1073000,141.57638888888889,0.004115751822449723,0.05144689778062154,0.0026846710189549284,0.033558387736936604,0.020539374431701438,0.25674218039626795,0.06834949807259492,0.1456312740925635,0.034583574459876545,8.469706531999106e-06
1073500,141.64236111111111,0.0041094401671562,0.051368002089452504,0.002678621139516507,0.03348276424395633,0.02053606570023978,0.2567008212529972,0.06940726666027486,0.13240916674656433,0.03462577160493827,8.44374924371839e-06
1074000,141.70833333333334,0.004115008233531785,0.05143760291914731,0.002690601726520402,0.03363252158150502,0.02053397072887257,0.2566746341109071,0.0680065911474409,0.14991761065698883,0.034565489969135804,8.466646381017189e-06
1074500,141.77430555555557,0.004111565790691218,0.05139457238364023,0.002686808990011099,0.03358511237513873,0.02053130610535381,0.25664132631692266,0.06903620429083802,0.1370474463645247,0.03428518036265432,8.452486625591153e-06
1075000,141.84027777777777,0.0041145246464077264,0.05143155808009658,0.0026920441699612918,0.03365055212451615,0.020528257030026024,0.2566032128753253,0.06861873905927188,0.14226576175910155,0.03468605324074074,8.464656532948313e-06
1075500,141.90625,0.0041099924589206045,0.051374905736507555,0.00269072478268323,0.03363405978354037,0.0205251260539608,0.25656407567451,0.06929464556562542,0.13381693042968223,0.03461974344135803,8.44601900619212e-06
1076000,141.97222222222223,0.004111720379603465,0.051396504745043314,0.00269433043259354,0.033679130407419246,0.020521275974908607,0.2565159496863576,0.06911610861309443,0.13604864233631964,0.035023630401234566,8.453122240023232e-06
1076500,142.03819444444446,0.004107969928209667,0.05134962410262083,0.0026907161138707463,0.03363395142338433,0.020520696600042247,0.25650870750052807,0.0673038059214332,0.15870242598208495,0.034369574652777776,8.437708465537467e-06
1077000,142.10416666666669,0.004107869840036055,0.051348373000450684,0.0026919086364264877,0.033648857955331096,0.020517179843302785,0.25646474804128483,0.06895807376003063,0.13802407799961713,0.03471016589506173,8.437297311338921e-06
1077500,142.17013888888889,0.004103102964874819,0.05128878706093524,0.0026898646842195132,0.03362330855274392,0.020513840946227525,0.25642301182784405,0.06887792751568046,0.13902590605399423,0.03470413773148148,8.417726970182263e-06
1078000,142.23611111111111,0.0041017530164130615,0.05127191270516327,0.0026896440486351945,0.033620550607939934,0.020510665448192567,0.2563833181024071,0.06911137785054661,0.13610777686816744,0.034535349151234566,8.412188903826826e-06
1078500,142.30208333333334,0.004102122230146732,0.05127652787683415,0.0026919298893934153,0.03364912361741769,0.020508229594956632,0.2563528699369579,0.06790061468904285,0.1512423163869644,0.034447940779320986,8.413703395531998e-06
1079000,142.36805555555557,0.004098561680574041,0.05123202100717551,0.002687910128337914,0.03359887660422393,0.0205066939193331,0.25633367399166374,0.06961617007430315,0.12979787407121057,0.03464988425925926,8.399103924734954e-06
1079500,142.43402777777777,0.004104265937981806,0.05130332422477257,0.002698573396562896,0.0337321674570362,0.020504662426517058,0.2563082803314632,0.06942141680426231,0.1322322899467212,0.034643856095679014,8.422499444838837e-06
1080000,142.5,0.004101607381650703,0.05127009227063379,0.0026951465246393275,0.03368933155799159,0.020500050477958453,0.25625063097448064,0.06906105057994454,0.13673686775069327,0.03466796875,8.411591556605768e-06
1080500,142.56597222222223,0.004101666538062776,0.0512708317257847,0.00269859079609693,0.03373238495121162,0.020496936311965773,0.25621170389957215,0.06818365397479674,0.14770432531504074,0.034692081404320986,8.41183419473194e-06
1081000,142.63194444444446,0.004102670991569278,0.05128338739461598,0.0027027564240394465,0.03378445530049308,0.020496467403925415,0.2562058425490677,0.06886456658259117,0.13919291771761033,0.034743320794753084,8.415954632532022e-06
1081500,142.69791666666669,0.004101560942873439,0.05126951178591799,0.0027033903094260746,0.033792378867825934,0.02049350885409749,0.25616886067621863,0.06840507702225947,0.1449365372217567,0.035002531828703706,8.411401084052428e-06
1082000,142.76388888888889,0.004096534253530319,0.05120667816912899,0.0026985718979156185,0.03373214872394523,0.020489678548757672,0.2561209818594709,0.06914881050959731,0.13563986863003363,0.03500855999228395,8.390796445173604e-06
1082500,142.82986111111111,0.004097682613243911,0.05122103266554888,0.002699023739200742,0.03373779674000927,0.02049025082560799,0.25612813532009987,0.06879884338733389,0.14001445765832643,0.03489101080246913,8.395501399440721e-06
1083000,142.89583333333334,0.004095337530180225,0.051191719127252816,0.0026987580312335924,0.033734475390419905,0.020487856650195282,0.256098208127441,0.06857551137482472,0.14280610781469105,0.03497239101080247,8.385894743051334e-06
1083500,142.96180555555557,0.004095539899091309,0.05119424873864136,0.0027008003779337977,0.03376000472417247,0.020486152737493556,0.25607690921866944,0.06756907895552368,0.15538651305595408,0.03525571469907408,8.386723532524425e-06
1084000,143.02777777777777,0.0040933855280831976,0.05116731910103997,0.0026973008166976255,0.03371626020872032,0.020483649393836276,0.25604561742295345,0.06893811483677759,0.13827356454028017,0.035346137152777776,8.37790254076048e-06
1084500,143.09375,0.004093143455604124,0.05116429319505155,0.002702977210586116,0.03378721513232645,0.020482527719610812,0.2560315964951351,0.06883789528696484,0.1395263089129396,0.034857855902777776,8.376911674077437e-06
1085000,143.15972222222223,0.004101227862125405,0.051265348276567556,0.0027144872205323205,0.03393109025665401,0.020481943657587005,0.25602429571983754,0.06861261980309535,0.14234225246130805,0.03530092592592592,8.410034988536859e-06
1085500,143.22569444444446,0.004094838991855153,0.05118548739818941,0.002706306160861536,0.0338288270107692,0.020478260156763902,0.25597825195954876,0.06912902865232916,0.13588714184588557,0.03537024980709876,8.38385318460866e-06
1086000,143.29166666666669,0.004097603740090909,0.05122004675113636,0.002712562220839043,0.03390702776048804,0.02047752966017476,0.2559691207521845,0.06913940351996004,0.1357574560004996,0.03535819347993827,8.395178205403503e-06
1086500,143.35763888888889,0.004096737416592982,0.051209217707412276,0.002712154845441847,0.03390193556802309,0.020477251612778753,0.2559656451597344,0.0689948631174041,0.13756421103244876,0.03544861593364197,8.391628730256471e-06
1087000,143.42361111111111,0.004100578421560538,0.05125723026950672,0.0027175184794721577,0.03396898099340197,0.02047573017488765,0.2559466271860956,0.06867467203600844,0.1415665995498946,0.03550588348765432,8.407371695683958e-06
1087500,143.48958333333334,0.004096429438610034,0.05120536798262543,0.002713249852941084,0.03391562316176355,0.020475459976737324,0.25594324970921656,0.06790280965336835,0.15121487933289557,0.03504171489197531,8.390367072755458e-06
1088000,143.55555555555557,0.004097664206379999,0.05122080257974999,0.002717721909200198,0.033971523865002476,0.02047278842472285,0.2559098553090356,0.06719610852935573,0.16004864338305336,0.035415461033950615,8.395425974123915e-06
1088500,143.62152777777777,0.004096277747353461,0.05120347184191826,0.0027142627056089682,0.0339282838201121,0.020473079599497724,0.25591349499372157,0.0688134247387971,0.13983219076503617,0.03558726369598766,8.38974569173157e-06
1089000,143.6875,0.004098841403289673,0.05123551754112091,0.0027197096260739313,0.03399637032592414,0.0204722804020421,0.2559035050255262,0.0682063110283527,0.14742111214559128,0.03501760223765432,8.400250424660827e-06
1089500,143.75347222222223,0.004093208372055064,0.0511651046506883,0.0027135355339933834,0.03391919417491729,0.020470467624691156,0.2558808453086394,0.0699460033056587,0.12567495867926626,0.035647545331790126,8.377177388530834e-06
1090000,143.81944444444446,0.004099469898779713,0.051243373734746404,0.002723643204793991,0.03404554005992489,0.02046735480492948,0.2558419350616185,0.06789792443534876,0.15127594455814053,0.03561137635030864,8.402826725500475e-06
1090500,143.88541666666669,0.004099912645145439,0.051248908064317984,0.002724158855040466,0.034051985688005826,0.020467947691654435,0.25584934614568045,0.06880706146305862,0.1399117317117673,0.03543957368827161,8.404641848911734e-06
1091000,143.95138888888889,0.004099161987681977,0.0512395248460247,0.0027245430492098387,0.034056788115122985,0.02046969748136897,0.25587121851711214,0.0681555800374571,0.14805524953178628,0.03560534818672839,8.401564500628428e-06
1091500,144.01736111111111,0.004100431875384246,0.05125539844230307,0.0027258857184294465,0.03407357148036808,0.02046831621297881,0.2558539526622351,0.06900410721019204,0.13744865987259958,0.03610568576388889,8.406770782333581e-06
1092000,144.08333333333334,0.004096891205452517,0.05121114006815646,0.0027202044305935954,0.03400255538241994,0.020467112616767907,0.25583890770959883,0.0684606676785673,0.14424165401790878,0.03568371431327161,8.392258774657088e-06
1092500,144.14930555555557,0.0040953342572388396,0.051191678215485495,0.0027194411400144345,0.03399301425018043,0.02046594801816394,0.25582435022704925,0.06841918031069438,0.1447602461163202,0.03511706693672839,8.385881339257e-06
1093000,144.21527777777777,0.0041032196136941606,0.05129024517117701,0.002730531434983037,0.03413164293728796,0.020467552759219024,0.2558444094902378,0.06779763879704595,0.1525295150369257,0.03557520736882716,8.418205599102228e-06
1093500,144.28125,0.00410041001926698,0.05125512524083725,0.00272820816802534,0.03410260210031675,0.020468650874691238,0.2558581359336405,0.06871549885515457,0.14105626431056784,0.03568371431327161,8.40668116305252e-06
1094000,144.34722222222223,0.0040998330708504754,0.05124791338563094,0.002726933646905372,0.034086670586317154,0.020465287029028816,0.2558160878628602,0.06818805608009555,0.14764929899880563,0.03547875675154321,8.40431560441962e-06
1094500,144.41319444444446,0.004102513535775765,0.051281419197197066,0.0027316541415151564,0.034145676768939454,0.020465872006561962,0.25582340008202453,0.06799972687454826,0.15000341406814677,0.03602731963734568,8.415308655611684e-06
1095000,144.47916666666669,0.004100307469041179,0.05125384336301474,0.00272932256432587,0.034116532054073376,0.020466154847537946,0.2558269355942243,0.06924971857403404,0.13437851782457444,0.035807291666666664,8.40626067033744e-06
1095500,144.54513888888889,0.0041041537248020085,0.0513019215600251,0.002733345117113967,0.03416681396392458,0.020465278636407378,0.2558159829550922,0.06862883998724953,0.14213950015938093,0.03589771412037037,8.422038898403099e-06
1096000,144.61111111111111,0.004101881709748609,0.05127352137185761,0.0027335346607106426,0.03416918325888303,0.020464548939903883,0.2558068617487985,0.06744723209063765,0.1569095988670295,0.03575303819444445,8.412716780385085e-06
1096500,144.67708333333334,0.0041038840516381975,0.05129855064547747,0.0027341415577974665,0.03417676947246833,0.020465728539964492,0.2558216067495562,0.06915448109490001,0.13556898631374992,0.03603334780092592,8.420932154645175e-06
1097000,144.74305555555557,0.004102531772278864,0.05128164715348579,0.0027345847077107,0.03418230884638375,0.02046469516651397,0.2558086895814246,0.0669615619035111,0.16298047620611122,0.03571084104938271,8.415383471278779e-06
1097500,144.80902777777777,0.00410603574645118,0.05132544683063974,0.0027387460334070534,0.03423432541758817,0.0204649597920822,0.2558119974010275,0.06873552735201076,0.14080590809986548,0.035979094328703706,8.429764775567448e-06
1098000,144.875,0.00410612147821504,0.051326518477688,0.002737332972019703,0.03421666215024628,0.020466212150446868,0.2558276518805858,0.06794258089428012,0.15071773882149841,0.03594593942901234,8.430116796929435e-06
1098500,144.94097222222223,0.004110650411271602,0.051383130140895024,0.002744292962416993,0.034303662030212415,0.020465485157695196,0.25581856447118995,0.06548720081820217,0.1814099897724729,0.03591579861111111,8.448723401843696e-06
1099000,145.00694444444446,0.004110951428762032,0.0513868928595254,0.0027456769937089652,0.03432096242136207,0.020466011838247967,0.2558251479780996,0.06932027187305051,0.1334966015868686,0.03565357349537037,8.449960824820295e-06
1099500,145.07291666666669,0.004105095879720577,0.051313698496507215,0.0027364526615413407,0.034205658269266755,0.020466550797960434,0.25583188497450543,0.06826305337679445,0.14671183279006939,0.03594593942901234,8.42590609084943e-06
1100000,145.13888888888889,0.004109388214993076,0.051367352687413444,0.0027427109729390364,0.034283887161737955,0.020467090260928293,0.25583862826160364,0.06785211697515041,0.1518485378106199,0.03593086902006173,8.44353575076199e-06
1100500,145.20486111111111,0.004116011945409538,0.05145014931761922,0.002750955936544577,0.03438694920680721,0.020467079940702706,0.2558384992587838,0.06892321297966143,0.1384598377542321,0.03642517843364197,8.470777167377006e-06
1101000,145.27083333333334,0.004108639675662151,0.05135799594577689,0.002739984728718492,0.03424980910898115,0.020467068992444007,0.2558383624055501,0.0688467740049401,0.1394153249382487,0.035873601466049385,8.440459992212591e-06
1101500,145.33680555555557,0.004114269285454539,0.051428366068181734,0.0027486037559231284,0.03435754694903911,0.02046736839273489,0.25584210490918613,0.06913393996629776,0.1358257504212781,0.035912784529320986,8.463605876617301e-06
1102000,145.40277777777777,0.004117537114650593,0.05146921393313241,0.002753385142050636,0.03441731427563295,0.020469043583397753,0.2558630447924719,0.06886717283958821,0.1391603395051474,0.035876615547839504,8.477055945262564e-06
1102500,145.46875,0.004115745033877985,0.05144681292347481,0.0027506361914748346,0.03438295239343543,0.020467336480387437,0.25584170600484296,0.06936945943516341,0.13288175706045735,0.03593086902006173,8.469678591945649e-06
1103000,145.53472222222223,0.004115650137169134,0.051445626714614175,0.0027507217058203334,0.034384021322754164,0.020468099743387966,0.25585124679234955,0.06761632515087533,0.15479593561405836,0.03609362943672839,8.469288025790157e-06
1103500,145.60069444444446,0.004112210977960706,0.05140263722450883,0.0027448929318338745,0.03431116164792343,0.020466245701517085,0.25582807126896356,0.0678690806861434,0.15163649142320745,0.03619912229938271,8.455139563630275e-06
1104000,145.66666666666669,0.004112648139625627,0.05140810174532034,0.0027445850682507014,0.034307313353133764,0.020468325049284586,0.2558540631160573,0.06913496717727378,0.13581291028407771,0.036069516782407406,8.456937360183064e-06
1104500,145.73263888888889,0.004116678750507401,0.05145848438134252,0.002749264268862854,0.03436580336078567,0.0204680392556129,0.25585049069516125,0.06892256656790524,0.1384679179011845,0.035882643711419755,8.47352196743959e-06
1105000,145.79861111111111,0.0041198456207146164,0.0514980702589327,0.002752347303410808,0.034404341292635095,0.020470221444300243,0.255877768053753,0.0660851401579447,0.17393574802569123,0.03604540412808642,8.486563969260703e-06
1105500,145.86458333333334,0.0041209526716656595,0.05151190839582074,0.002753873398166491,0.034423417477081136,0.020470090873594943,0.2558761359199368,0.06820718499198938,0.1474101876001327,0.03631064332561729,8.491125461054168e-06
1106000,145.93055555555557,0.004116460783228822,0.051455759790360274,0.0027461101477585645,0.03432637684698205,0.02047157842013976,0.255894730251747,0.06829382408515079,0.14632719893561508,0.03585551697530864,8.472624689930423e-06
1106500,145.99652777777777,0.00412355688361651,0.05154446104520638,0.0027554186091732955,0.03444273261466619,0.020472325279007834,0.2559040659875979,0.06844490362549507,0.1444387046813116,0.03626241801697531,8.501860686210552e-06
1107000,146.0625,0.004124880241366089,0.051561003017076106,0.0027567968564786013,0.03445996070598251,0.020470460520049624,0.2558807565006203,0.0675138292050059,0.15607713493742625,0.036078559027777776,8.507318502806179e-06
1107500,146.12847222222223,0.004124218627712808,0.0515527328464101,0.002755673468712797,0.03444591835890996,0.020472711916677936,0.2559088989584742,0.067960311608188,0.15049610489765008,0.03593689718364197,8.504589644586657e-06
1108000,146.19444444444446,0.0041281555730811985,0.05160194466351498,0.002760020209949887,0.03450025262437359,0.020472325454509575,0.2559040681813697,0.06833303606341365,0.14583704920732943,0.036440248842592594,8.52083421778068e-06
1108500,146.26041666666669,0.004130979554323631,0.05163724442904539,0.002762674840979072,0.0345334355122384,0.020473921193153437,0.25592401491441796,0.06718971799953787,0.16012852500577668,0.03616898148148148,8.532496039119935e-06
1109000,146.32638888888889,0.004127029249040899,0.051587865613011236,0.0027551070438695865,0.03443883804836983,0.020472878482839064,0.2559109810354883,0.06900100938818439,0.1374873826476951,0.03566562982253087,8.516185211219543e-06
1109500,146.39236111111111,0.0041316566257887585,0.05164570782235948,0.0027619756351148035,0.03452469543893504,0.020473830094075694,0.25592287617594617,0.0679158563631844,0.1510517954601951,0.036401065779320986,8.535293236712073e-06
1110000,146.45833333333334,0.004133703068501377,0.05167128835626721,0.0027640115119129454,0.03455014389891182,0.020473406289638094,0.25591757862047615,0.06797837606660127,0.15027029916748413,0.036509572723765434,8.543750529268851e-06
1110500,146.52430555555557,0.004140488401457872,0.05175610501822339,0.0027694209198259544,0.03461776149782443,0.02047575114204604,0.25594688927557546,0.06874863001281162,0.14064212483985483,0.036566840277777776,8.57182210130358e-06
1111000,146.59027777777777,0.0041370626822348254,0.05171328352793532,0.0027676115769592904,0.03459514471199113,0.020473220004317935,0.2559152500539742,0.06794025109845035,0.15074686126937065,0.036156925154320986,8.557643818370005e-06
1111500,146.65625,0.004144566543127941,0.051807081789099256,0.002774086828411124,0.034676085355139045,0.020474115776769605,0.25592644720962004,0.06824286514618022,0.14696418567274727,0.03674768518518518,8.588715915207745e-06
1112000,146.72222222222223,0.004138679863264055,0.051733498290800685,0.0027658225168002,0.0345727814600025,0.02047440912788063,0.25593011409850785,0.06900978133362883,0.13737773332963965,0.036117742091049385,8.564335505293689e-06
1112500,146.78819444444446,0.004141324529468098,0.05176655661835122,0.002767471573842632,0.0345933946730329,0.02047397440546645,0.25592468006833063,0.06787346130984898,0.15158173362688787,0.03639503761574074,8.575284429187082e-06
1113000,146.85416666666669,0.004140167241374884,0.051752090517186045,0.0027692446552677365,0.034615558190846704,0.020473792218634736,0.2559224027329342,0.06759455042756274,0.15506811965546574,0.03601827739197531,8.570492393276857e-06
1113500,146.92013888888889,0.004144216590759334,0.05180270738449167,0.002774043963740837,0.03467554954676046,0.020476397373058786,0.2559549671632348,0.06769391174352131,0.15382610320598367,0.03643422067901234,8.587265575562456e-06
1114000,146.98611111111111,0.004145824630486688,0.0518228078810836,0.0027705950108321696,0.03463243763540212,0.020475972720430138,0.2559496590053767,0.06780536009665149,0.15243299879185646,0.035891685956790126,8.593930933375044e-06
1114500,147.05208333333334,0.00415081694944002,0.051885211868000256,0.002778107202221441,0.03472634002776801,0.020474773291451767,0.2559346661431471,0.0682103215978589,0.14737098002676374,0.03665424864969136,8.614640673879277e-06
1115000,147.11805555555557,0.004149111238316722,0.05186389047895902,0.002775493244910214,0.03469366556137767,0.020475203181115068,0.25594003976393837,0.06850485209522633,0.14368934880967088,0.03633174189814815,8.60756203396306e-06
1115500,147.18402777777777,0.004151176815268682,0.05188971019085852,0.002774499942869911,0.03468124928587389,0.020474269024163484,0.25592836280204356,0.06843646723025439,0.1445441596218202,0.03635585455246913,8.616134475812117e-06
1116000,147.25,0.004150382898326762,0.051879786229084526,0.0027743161827988236,0.03467895228498529,0.0204750493434036,0.25593811679254497,0.06830104743572019,0.14623690705349768,0.036244333526234566,8.612839101361626e-06
1116500,147.31597222222223,0.004152986214703427,0.051912327683792836,0.0027756532649973816,0.03469566581246727,0.020473075793469613,0.25591344741837013,0.0680533788832686,0.14933276395914263,0.03633475597993827,8.62364724975835e-06
1117000,147.38194444444446,0.004157611901135581,0.051970148764194764,0.0027838846156841334,0.03479855769605167,0.02047439020871443,0.2559298776089304,0.06826599334376277,0.1466750832029654,0.036286530671296294,8.64286836023211e-06
1117500,147.44791666666669,0.004155938447774706,0.05194923059718382,0.0027793514005307247,0.03474189250663406,0.0204736740727612,0.255920925909515,0.06809023610945714,0.14887204863178582,0.03638599537037037,8.635912190846014e-06
1118000,147.51388888888889,0.004162154863657017,0.05202693579571271,0.002784658174360524,0.03480822717950655,0.020472615050716597,0.2559076881339575,0.06837113896122729,0.14536076298465894,0.036530671296296294,8.66176655453188e-06
1118500,147.57986111111111,0.004159719593537862,0.05199649491922328,0.0027830065335258413,0.03478758166907302,0.020469997285890783,0.2558749660736348,0.06777758548169134,0.1527801814788583,0.03625337577160494,8.6516335484314e-06
1119000,147.64583333333334,0.004162289400888219,0.052028617511102736,0.0027829833096163275,0.034787291370204095,0.02047282786099642,0.25591034826245523,0.06933285118806001,0.13333936014924985,0.036283516589506175,8.662326528373206e-06
1119500,147.71180555555557,0.004160508571180538,0.05200635713975672,0.0027789727349681096,0.034737159187101366,0.020473484742302695,0.2559185592787837,0.06856085383107503,0.1429893271115621,0.03632872781635803,8.654915785433362e-06
1120000,147.77777777777777,0.004165217065266239,0.05206521331582799,0.0027868459768063195,0.03483557471007899,0.020470742125884237,0.25588427657355295,0.06873136306280897,0.14085796171488785,0.036509572723765434,8.67451660039255e-06
1120500,147.84375,0.0041649392807268995,0.05206174100908624,0.002784193368780962,0.03480241710976202,0.02047074411142215,0.25588430139277685,0.06808573266796338,0.14892834165045787,0.03584948881172839,8.673359606070951e-06
1121000,147.90972222222223,0.004171503448605151,0.05214379310756439,0.002791459169487168,0.034893239618589596,0.020470364680222005,0.25587955850277505,0.06693986009096274,0.16325174886296578,0.03656382619598766,8.700720510862336e-06
1121500,147.97569444444446,0.004166560380078449,0.05208200475098061,0.002787183690369409,0.034839796129617615,0.02046639089615748,0.2558298862019685,0.06811027244209801,0.14862159447377488,0.03665726273148148,8.680112700419736e-06
1122000,148.04166666666669,0.004174969812677135,0.05218712265846419,0.002795432425481656,0.0349429053185207,0.02046673044299179,0.2558341305373974,0.06650964420709395,0.16862944741132568,0.036566840277777776,8.715186468382676e-06
1122500,148.10763888888889,0.004173600968848193,0.05217001211060241,0.0027917383885772873,0.03489672985721609,0.02046598150901379,0.25582476886267236,0.06875417339151974,0.14057283260600328,0.036675347222222224,8.709472523585289e-06
1123000,148.17361111111111,0.004175880666133195,0.05219850832666494,0.0027970012047759604,0.0349625150596995,0.020464573129585613,0.25580716411982013,0.06785350085684176,0.15183123928947795,0.03659999517746913,8.71898966889251e-06
1123500,148.23958333333334,0.004173551708845823,0.052169396360572794,0.00278878774893513,0.03485984686168912,0.02046454513388158,0.25580681417351975,0.06702169699798637,0.16222878752517045,0.03651258680555555,8.709266933204945e-06
1124000,148.30555555555557,0.004176838497348055,0.05221048121685068,0.0027946464823392398,0.0349330810292405,0.02046088650984216,0.255761081373027,0.06847155896045841,0.14410551299426988,0.03688331886574074,8.722989916464376e-06
1124500,148.37152777777777,0.004170629705197592,0.052132871314969895,0.002785791139130755,0.03482238923913444,0.02045929447449732,0.2557411809312165,0.06851784562798317,0.1435269296502103,0.036226249035493825,8.697076068938276e-06
1125000,148.4375,0.004175742967366222,0.05219678709207778,0.0027920028575846995,0.03490003571980874,0.020457250239531224,0.2557156279941403,0.06810355178872242,0.14870560264096977,0.03688331886574074,8.718414664754233e-06
1125500,148.50347222222223,0.0041732460953433845,0.0521655761917923,0.002787544822135925,0.03484431027669906,0.020457785785899872,0.2557223223237484,0.0684216423319112,0.1447294708511101,0.036946614583333336,8.707991486149402e-06
1126000,148.56944444444446,0.004175453779029929,0.05219317223787411,0.002790768575570508,0.034884607194631344,0.020457543581273694,0.25571929476592115,0.06852866506941403,0.1433916866323246,0.036265432098765434,8.717207130407659e-06
1126500,148.63541666666669,0.004178056973680441,0.052225712171005516,0.002793289498990743,0.03491611873738428,0.020453113931599886,0.25566392414499856,0.0680686697822113,0.14914162772235884,0.036566840277777776,8.728080037659883e-06
1127000,148.70138888888889,0.004177726571753552,0.0522215821469194,0.0027911674445878095,0.034889593057347616,0.020452086724155428,0.25565108405194287,0.06821414925563679,0.14732313430454014,0.03615391107253087,8.726699654167843e-06
1127500,148.76736111111111,0.004179989352496765,0.05224986690620956,0.002796111692966489,0.03495139616208111,0.020450396807718645,0.25562996009648303,0.068299868995196,0.1462516375600501,0.036753713348765434,8.736155493493162e-06
1128000,148.83333333333334,0.004181162071766462,0.05226452589708078,0.0027969109983724807,0.034961387479656006,0.020446264944104037,0.2555783118013005,0.06924842452216988,0.13439469347287647,0.036850163966049385,8.741058135189206e-06
1128500,148.89930555555557,0.004181563300661984,0.0522695412582748,0.002797069500784944,0.0349633687598118,0.020445208001441714,0.2555651000180214,0.0687465916470702,0.14066760441162252,0.036566840277777776,8.742735818721573e-06
1129000,148.96527777777777,0.004187361013098904,0.052342012663736295,0.0028058667578223498,0.03507333447277937,0.020443678701858873,0.2555459837732359,0.06826020521744114,0.14674743478198582,0.03675672743055555,8.766996127010339e-06
1129500,149.03125,0.0041870914184623095,0.052338642730778866,0.0028027971501035716,0.03503496437629464,0.020442105359972373,0.25552631699965467,0.06893454626176204,0.13831817172797445,0.03666931905864197,8.765867273280357e-06
1130000,149.09722222222223,0.004189033351392664,0.0523629168924083,0.0028063790095315877,0.035079737619144846,0.02044069512035222,0.2555086890044027,0.06866717097897354,0.14166036276283078,0.036946614583333336,8.774000209540028e-06
1130500,149.16319444444446,0.004192712949623534,0.05240891187029417,0.0028115119422170774,0.03514389927771347,0.020436858204051687,0.2554607275506461,0.06891684494359002,0.13853943820512482,0.03722692418981482,8.789420938970438e-06
1131000,149.22916666666669,0.004191417309686238,0.05239271637107797,0.0028105174423711417,0.03513146802963927,0.020434809279995247,0.25543511599994057,0.06731033921493784,0.15862075981327695,0.03723898051697531,8.78398953196871e-06
1131500,149.29513888888889,0.004191706906049521,0.05239633632561901,0.0028133423859517614,0.03516677982439702,0.02043158454292727,0.2553948067865908,0.0678916729383907,0.15135408827011632,0.03706114969135803,8.785203393111625e-06
1132000,149.36111111111111,0.004199579527701217,0.052494744096265214,0.002819653976824254,0.035245674710303175,0.02042862808870275,0.2553578511087844,0.06668592773301572,0.16642590333730345,0.03748312114197531,8.818234104743587e-06
1132500,149.42708333333334,0.00419691188546839,0.05246139856835487,0.0028180760418666144,0.03522595052333268,0.020425994539656538,0.2553249317457067,0.06757031419582489,0.15537107255218885,0.03746805073302469,8.807034687192918e-06
1133000,149.49305555555557,0.004194485737783549,0.05243107172229436,0.00281692284186704,0.035211535523338,0.02042283188702051,0.2552853985877564,0.06902480354255448,0.13718995571806902,0.03755545910493827,8.796855302234802e-06
1133500,149.55902777777777,0.0042007158239676465,0.05250894779959558,0.0028216531870644836,0.03527066483830604,0.020420537442027504,0.2552567180253438,0.06750820870763846,0.15614739115451925,0.03731433256172839,8.82300671686609e-06
1134000,149.625,0.004197682177727061,0.05247102722158826,0.002818721283186928,0.0352340160398366,0.02041935468926083,0.25524193361576036,0.06773732148289834,0.1532834814637708,0.03724500868055555,8.810267832603701e-06
1134500,149.69097222222223,0.004195756036270791,0.05244695045338489,0.002816206641585693,0.03520258301982116,0.020414519576391833,0.2551814947048979,0.0671809224494242,0.16023846938219755,0.037446952160493825,8.802184357951392e-06
1135000,149.75694444444446,0.004200921025372389,0.05251151281715486,0.002823459466663801,0.03529324333329751,0.020410998040315615,0.25513747550394517,0.06826962020178091,0.1466297474777386,0.03723295235339506,8.823868730707903e-06
1135500,149.82291666666669,0.00420216287758957,0.05252703596986963,0.002826744932464018,0.03533431165580022,0.0204077814435124,0.255097268043905,0.0682669173169651,0.14666353353793626,0.03758861400462963,8.829086424895928e-06
1136000,149.88888888888889,0.0041968603169302635,0.05246075396162829,0.002820192160812136,0.0352524020101517,0.020400768707340294,0.25500960884175367,0.06822162848676547,0.1472296439154317,0.037356529706790126,8.806818259911995e-06
1136500,149.95486111111111,0.004198629672243565,0.052482870903044564,0.0028207431003993717,0.035259288754992145,0.020399543267554592,0.25499429084443237,0.06857638151742979,0.14279523103212766,0.037278163580246916,8.814245562322054e-06
1137000,150.02083333333334,0.004199684750134743,0.052496059376684286,0.0028222720772106288,0.03527840096513286,0.020397277433718754,0.2549659679214844,0.06909165613777798,0.13635429827777523,0.03715760030864197,8.81867600025716e-06
1137500,150.08680555555557,0.004197898765235912,0.052473734565448904,0.002822593366939218,0.03528241708674022,0.020392417082135038,0.254905213526688,0.06847410548815941,0.14407368139800736,0.03756148726851852,8.811177021584598e-06
1138000,150.15277777777777,0.0041942087744464025,0.05242760968058003,0.0028176933516804565,0.035221166896005705,0.020387045162320747,0.2548380645290093,0.06802997090087166,0.14962536373910418,0.0371606143904321,8.795693621821598e-06
1138500,150.21875,0.0042008152479267365,0.052510190599084204,0.0028274464638286694,0.03534308079785837,0.02038493585257662,0.2548116981572077,0.06801980516409485,0.14975243544881434,0.03767602237654321,8.823424373606883e-06
1139000,150.28472222222223,0.004196510463901795,0.05245638079877244,0.0028224759847560094,0.03528094980945012,0.02037857392773485,0.25473217409668564,0.06787092330842301,0.15161345864471243,0.03704306520061729,8.805350036818629e-06
1139500,150.35069444444446,0.0041998188446044395,0.05249773555755549,0.0028272628784474243,0.0353407859805928,0.020377389354060273,0.2547173669257534,0.06883901192715526,0.13951235091055925,0.03722993827160494,8.819239163747285e-06
1140000,150.41666666666669,0.004197977519282786,0.05247471899103483,0.00282731827871558,0.03534147848394475,0.02037048486638758,0.25463106082984477,0.06791724452384475,0.15103444345194073,0.03770616319444445,8.811507626201828e-06
1140500,150.48263888888889,0.0042015142851157886,0.052518928563947354,0.0028326490090876417,0.03540811261359552,0.020367458225771417,0.2545932278221427,0.06765993556851393,0.15425080539357583,0.037769458912037035,8.826361144016017e-06
1141000,150.54861111111111,0.004200318195355371,0.05250397744194214,0.002832138711231589,0.03540173389039486,0.020364021013007057,0.2545502626625882,0.06827204968096563,0.14659937898792963,0.037760416666666664,8.821336471116701e-06
1141500,150.61458333333334,0.004198758163403696,0.052484477042546204,0.002831531653043846,0.03539414566304808,0.020358455668606393,0.25448069585757993,0.06665294657799728,0.16683816777503402,0.03780864197530864,8.814785057374591e-06
1142000,150.68055555555557,0.0042030373368655526,0.05253796671081941,0.002835930967388066,0.03544913709235082,0.020355834966215312,0.2544479370776914,0.06830393661127604,0.14620079235904948,0.037486135223765434,8.832761427542939e-06
1142500,150.74652777777777,0.004197951515518873,0.05247439394398592,0.0028326681704722227,0.035408352130902786,0.020349234139185077,0.25436542673981344,0.0686300027465892,0.142124965667635,0.03762779706790124,8.811398463323603e-06
1143000,150.8125,0.004199840916744577,0.05249801145930721,0.0028367791044796057,0.035459738805995074,0.02034582680853848,0.254322835106731,0.06847696823135616,0.14403789710804804,0.038179374035493825,8.819331862980962e-06
1143500,150.87847222222223,0.004200447779323099,0.052505597241538735,0.0028409400710443025,0.03551175088805378,0.020341229189303166,0.2542653648662896,0.06665118596950129,0.166860175381234,0.037917148919753084,8.821880773410176e-06
1144000,150.94444444444446,0.004197811361455714,0.05247264201819643,0.0028369189797724293,0.035461487247155365,0.0203373630753659,0.2542170384420738,0.06858672028815986,0.1426659963980017,0.03820348668981482,8.81081011318334e-06
1144500,151.01041666666669,0.004198390473316951,0.05247988091646189,0.0028400503334974066,0.03550062916871758,0.020333774386174633,0.25417217982718293,0.0682926708516845,0.14634161435394377,0.03820348668981482,8.813241283219269e-06
1145000,151.07638888888889,0.004197646326004272,0.052470579075053404,0.0028391428424125774,0.03548928553015722,0.020328449368119013,0.25410561710148766,0.06859350843366575,0.14258114457917814,0.03854106385030864,8.810117339108582e-06
1145500,151.14236111111111,0.004198231568251568,0.0524778946031446,0.0028416591006427297,0.03552073875803412,0.020323534223398186,0.25404417779247734,0.06518544967530099,0.18518187905873762,0.037612726658950615,8.81257415033201e-06
1146000,151.20833333333334,0.0041954575063671996,0.052443218829589994,0.0028410755706679077,0.035513444633348844,0.020317356204797823,0.25396695255997276,0.0688024188017334,0.13996976497833247,0.037917148919753084,8.80093184386644e-06
1146500,151.27430555555557,0.004200664055258273,0.052508300690728406,0.0028474383028232694,0.035592978785290864,0.020314409354455474,0.2539301169306934,0.067822845052507,0.15221443684366243,0.03853804976851852,8.822789252569437e-06
1147000,151.34027777777777,0.004200530615401502,0.052506632692518776,0.0028505545456142902,0.035631931820178625,0.02030784051930062,0.25384800649125777,0.06877021137994964,0.1403723577506295,0.0381371768904321,8.822228725462662e-06
1147500,151.40625,0.0041982570220937,0.05247821277617124,0.0028499909356999678,0.035624886696249594,0.020301661462162928,0.2537707682770366,0.06709597055753833,0.16130036803077097,0.03804675443672839,8.81268101177953e-06
1148000,151.47222222222223,0.0041922943918110455,0.05240367989763807,0.0028438752714875734,0.035548440893594664,0.020295984871072602,0.25369981088840754,0.06897759743571097,0.1377800320536129,0.03835117669753087,8.787666133805172e-06
1148500,151.53819444444446,0.00419521458516836,0.0524401823146045,0.0028506897695835336,0.03563362211979417,0.02029257918267811,0.2536572397834764,0.06648164144310645,0.1689794819611694,0.038218557098765434,8.79991270780467e-06
1149000,151.60416666666669,0.004195399789677503,0.05244249737096879,0.002851160387311085,0.03563950484138856,0.0202891996867608,0.25361499608451,0.0680061331122446,0.14992333609694253,0.03823362750771605,8.800689697613019e-06
1149500,151.67013888888889,0.004193422813440968,0.0524177851680121,0.0028489614210846573,0.03561201776355821,0.02028410581653254,0.25355132270665676,0.06846382935047267,0.1442021331190917,0.03860435956790124,8.79239744614358e-06
1150000,151.73611111111111,0.004191271857373748,0.052390898217171855,0.0028491899858008175,0.03561487482251022,0.020278555631693843,0.253481945396173,0.0668739940882738,0.1640750738965776,0.03859531732253087,8.783379891206595e-06
1150500,151.80208333333334,0.0041893734093374595,0.052367167616718245,0.0028467399843831293,0.035584249804789116,0.020272355910307082,0.2534044488788385,0.06684638732877025,0.16442015839037183,0.03846571180555555,8.775424781431885e-06
1151000,151.86805555555557,0.00419461511730036,0.0524326889662545,0.0028569871518074005,0.0357123393975925,0.020268625243827085,0.25335781554783854,0.06768907809531577,0.15388652380855294,0.0386254581404321,8.797397991142357e-06
1151500,151.93402777777777,0.004185177708810017,0.05231472136012521,0.0028475411364390015,0.035594264205487516,0.020266082925636655,0.2533260365704582,0.06908287143127571,0.13646410710905355,0.03811909239969136,8.75785622716013e-06
1152000,152.0,0.004188694792837213,0.052358684910465164,0.002854289421795897,0.03567861777244871,0.020260674844623298,0.2532584355577912,0.06749194610564521,0.1563506736794349,0.03857421875,8.772582033770792e-06
1152500,152.06597222222223,0.0041822871594628065,0.05227858949328508,0.002844254319498466,0.035553178993730825,0.020253220404219858,0.25316525505274823,0.06792882758060041,0.15088965524249487,0.03873999324845679,8.745762942103735e-06
1153000,152.13194444444446,0.0041863811934641235,0.05232976491830154,0.002854954474543896,0.0356869309317987,0.020247135229569,0.25308919036961247,0.06853790030485321,0.14327624618933488,0.03863450038580247,8.762893748495048e-06
1153500,152.19791666666669,0.004187666052665103,0.052345825658313784,0.0028596911447555614,0.035746139309444515,0.020242151345474912,0.2530268918184364,0.06867814064038821,0.14152324199514732,0.03805579668209876,8.76827348432186e-06
1154000,152.26388888888889,0.004185841973038331,0.05232302466297914,0.0028579430984539645,0.035724288730674555,0.020239242516904864,0.2529905314613108,0.06652400034337008,0.168449995707874,0.03871889467592592,8.760636511624714e-06
1154500,152.32986111111111,0.004179868344287385,0.05224835430359231,0.0028518310173176985,0.03564788771647123,0.02023445133990555,0.25293064174881935,0.06768880498787405,0.15388993765157433,0.03826979648919753,8.735649687787882e-06
1155000,152.39583333333334,0.004186203744117881,0.052327546801473515,0.002863060848377351,0.03578826060471689,0.020231226634609,0.2528903329326125,0.06848343292397818,0.14395708845027277,0.038227599344135804,8.762150893633285e-06
1155500,152.46180555555557,0.00418183846155521,0.052272980769440126,0.002859332756137264,0.0357416594517158,0.020227222719347147,0.25284028399183933,0.06816895730471632,0.14788803369104597,0.03893892264660494,8.743886459271225e-06
1156000,152.52777777777777,0.004182895486016599,0.05228619357520749,0.0028621585156648477,0.035776981445810596,0.020220549405460947,0.2527568675682618,0.06787045757532179,0.1516192803084777,0.03892385223765432,8.748307323469023e-06
1156500,152.59375,0.0041756585253087,0.05219573156635875,0.002856983833203818,0.03571229791504772,0.020215114948845057,0.2526889368605632,0.06858588811336343,0.14267639858295722,0.03895399305555555,8.718062059991613e-06
1157000,152.65972222222223,0.004176534081165351,0.05220667601456689,0.002863280772172273,0.03579100965215341,0.020209887033353833,0.2526235879169229,0.06858720490287744,0.14265993871403204,0.03885151427469136,8.721718465567854e-06
1157500,152.72569444444446,0.004176342311835335,0.052204278897941686,0.0028610484584028215,0.035763105730035265,0.02020468502824609,0.2525585628530761,0.06832458816317721,0.1459426479602849,0.03905345775462963,8.720917552813054e-06
1158000,152.79166666666669,0.004178379784315056,0.0522297473039382,0.0028641697224483682,0.0358021215306046,0.02020096372506671,0.25251204656333387,0.06871838040059043,0.14102024499261967,0.03939404899691358,8.729428810986366e-06
1158500,152.85763888888889,0.004179438367410748,0.05224297959263435,0.0028663214090901786,0.03582901761362723,0.02019525813681183,0.2524407267101479,0.0680598627984793,0.1492517150190088,0.03976779513888889,8.733852533492509e-06
1159000,152.92361111111111,0.004174439296831324,0.05218049121039155,0.002867585315578116,0.035844816444726445,0.02019148739660036,0.25239359245750453,0.06637073733790716,0.17036578327616048,0.0388695987654321,8.712971721464799e-06
1159500,152.98958333333334,0.004174350464333942,0.05217938080417428,0.0028686949331290274,0.03585868666411284,0.020186906213236162,0.252336327665452,0.06588792185413242,0.17640097682334477,0.03935486593364197,8.7126008995425e-06
1160000,153.05555555555557,0.004171904005488075,0.05214880006860094,0.0028683748815590297,0.03585468601948787,0.020179875470178455,0.2522484433772307,0.06822755548971028,0.14715555637862154,0.03934582368827161,8.702391515503722e-06
1160500,153.12152777777777,0.004168692050330647,0.052108650629133085,0.0028650321205794757,0.03581290150724344,0.020175479156750047,0.2521934894593756,0.068305596696871,0.14618004128911255,0.03896303530092592,8.688996705244967e-06
1161000,153.1875,0.0041715949482673655,0.052144936853342067,0.0028720341262393192,0.03590042657799149,0.020173801483833045,0.25217251854791306,0.06813425185552904,0.14832185180588697,0.039074556327160496,8.701102206204902e-06
1161500,153.25347222222223,0.004171813261193104,0.0521476657649138,0.0028754378509500277,0.03594297313687535,0.02016827990608454,0.25210349882605676,0.06754519186998574,0.15568510162517823,0.03895700713734568,8.702012943133321e-06
1162000,153.31944444444446,0.004168416471769482,0.05210520589711853,0.0028712746962738867,0.03589093370342358,0.020164510128662383,0.2520563766082798,0.0689397303691667,0.1382533703854163,0.03902934510030864,8.687847941059571e-06
1162500,153.38541666666669,0.0041668355194866965,0.052085443993583704,0.0028747689163533237,0.035934611454416544,0.02015829648177171,0.25197870602214634,0.06733879067675065,0.15826511654061692,0.03952365451388889,8.681259123227983e-06
1163000,153.45138888888889,0.004164970028792815,0.052062125359910186,0.0028722437913597295,0.035903047391996616,0.02015429851595121,0.2519287314493901,0.06652223390099625,0.1684720762375469,0.03961709104938271,8.673487670371213e-06
1163500,153.51736111111111,0.004166557109366346,0.05208196386707933,0.002876589226640627,0.035957365333007835,0.020150428156107063,0.2518803519513383,0.06629541417068774,0.17130732286640327,0.03969545717592592,8.680099072805623e-06
1164000,153.58333333333334,0.004164971269420697,0.052062140867758705,0.0028792359870261496,0.03599044983782687,0.020148906879439266,0.2518613359929908,0.06689088601073767,0.16386392486577916,0.03980396412037037,8.673492837549926e-06
1164500,153.64930555555557,0.004165284630537578,0.052066057881719724,0.0028792176135541813,0.03599022016942727,0.02014308502220802,0.25178856277760026,0.06763746792783785,0.1545316509020268,0.03934883777006173,8.674798026696283e-06
1165000,153.71527777777777,0.004166409882482809,0.05208012353103512,0.002885878755623096,0.0360734844452887,0.020137478454243976,0.2517184806780497,0.06868318473330402,0.14146019083369976,0.04009934413580247,8.67948565442521e-06
1165500,153.78125,0.0041634585521346,0.0520432319016825,0.0028850567115004666,0.03606320889375583,0.020131543789309973,0.25164429736637467,0.06760973945988247,0.15487825675146916,0.04016866801697531,8.667193557671373e-06
1166000,153.84722222222223,0.004159760416638119,0.05199700520797649,0.002885455458873258,0.03606819323591572,0.020129297096147646,0.25161621370184556,0.06650284689750072,0.16871441378124108,0.03986123167438271,8.65180336191467e-06
1166500,153.91319444444446,0.0041613135632677135,0.05201641954084642,0.002886196979976466,0.03607746224970582,0.02012638473235463,0.25157980915443284,0.06786173802451116,0.1517282746936105,0.039885344328703706,8.658265285917919e-06
1167000,153.97916666666669,0.004157139754999643,0.05196424693749554,0.002883253045082463,0.036040663063530785,0.020119429386521066,0.2514928673315133,0.06662264692251817,0.16721691346852297,0.03952365451388889,8.640905471299246e-06
1167500,154.04513888888889,0.004159629060998385,0.05199536326247981,0.002889317710250841,0.03611647137813551,0.020116302420126877,0.25145378025158593,0.06748563452971874,0.15642956837851574,0.03983109085648148,8.651256962551154e-06
1168000,154.11111111111111,0.004159965045641493,0.05199956307051866,0.0028903139620444773,0.03612892452555597,0.02011311601129175,0.25141395014114687,0.06804322812319084,0.1494596484601145,0.04015359760802469,8.652654590479514e-06
1168500,154.17708333333334,0.004158518423199593,0.051981480289994914,0.0028918568565731093,0.03614821070716386,0.02011053575767909,0.2513816969709886,0.0666895774561962,0.1663802817975475,0.03984013310185185,8.646637738045217e-06
1169000,154.24305555555557,0.004154954097064477,0.05193692621330596,0.002889146359183427,0.03611432948979284,0.020107798090297863,0.25134747612872327,0.06759495418888978,0.15506307263887775,0.04041280864197531,8.631821774356441e-06
1169500,154.30902777777777,0.004156179009901062,0.051952237623763275,0.002894230825103827,0.036177885313797835,0.02010348101304486,0.2512935126630607,0.0666667120108626,0.16666609986421743,0.04058461130401234,8.636911981171086e-06
1170000,154.375,0.004155295022257706,0.05194118777822132,0.0028949132741405976,0.03618641592675747,0.020100039794259682,0.251250497428246,0.0683924563662669,0.14509429542166385,0.04016263985339506,8.633238360999834e-06
1170500,154.44097222222223,0.004158762285814544,0.05198452857268179,0.0028996593509109207,0.03624574188638651,0.02009740556565084,0.2512175695706355,0.06756042037710447,0.1554947452861941,0.04032540027006173,8.647651874956706e-06
1171000,154.50694444444446,0.004160230300836463,0.05200287876045579,0.002905893950952245,0.03632367438690306,0.020092794353096625,0.2511599294137078,0.06762705628211715,0.15466179647353562,0.04055748456790124,8.653758077998924e-06
1171500,154.57291666666669,0.004152438455219905,0.051905480690248806,0.002896168562416036,0.036202107030200444,0.0200892013105611,0.2511150163820137,0.06657229210682741,0.1678463486646573,0.04010838638117284,8.621372562194536e-06
1172000,154.63888888888889,0.004147135695342201,0.051839196191777515,0.002892535037105695,0.03615668796382119,0.020085709763621364,0.251071372045267,0.06691466504527599,0.1635666869340502,0.03999686535493827,8.599367237790721e-06
1172500,154.70486111111111,0.004155181183454756,0.05193976479318445,0.002904762426722787,0.036309530334034834,0.020080652919980898,0.25100816149976124,0.06738592966028671,0.15767587924641613,0.0407202449845679,8.632765333668232e-06
1173000,154.77083333333334,0.004146357306789697,0.05182946633487121,0.002899085036413186,0.036238562955164824,0.020078928896879327,0.2509866112109916,0.06815750578364015,0.14803117770449814,0.04058461130401234,8.596139457784153e-06
1173500,154.83680555555557,0.004150570423069762,0.05188213028837202,0.0029051501370251495,0.036314376712814365,0.020076673382998584,0.2509584172874823,0.06749109381681401,0.15636132728982488,0.041000554591049385,8.61361741843075e-06
1174000,154.90277777777777,0.004151025562518347,0.051887819531479334,0.002905723857610584,0.036321548220132296,0.02007324531386691,0.2509155664233364,0.06652857057651133,0.1683928677936083,0.04088903356481482,8.61550661034038e-06
1174500,154.96875,0.004152507254936022,0.05190634068670027,0.00290932721027564,0.0363665901284455,0.020074526352962366,0.2509315794120296,0.0664917697417453,0.16885287822818384,0.040608723958333336,8.621658251148148e-06
1175000,155.03472222222223,0.004150161171400299,0.05187701464250374,0.0029091736939141906,0.03636467117392738,0.020070506285642574,0.2508813285705322,0.06794745635756054,0.15065679553049327,0.04064489293981482,8.61191887429935e-06
1175500,155.10069444444446,0.004153384232163567,0.05191730290204459,0.00291524673270457,0.036440584158807125,0.02006784152033616,0.250848019004202,0.0675932130683256,0.1550848366459301,0.04058762538580247,8.625300289992473e-06
1176000,155.16666666666669,0.004149192313082295,0.05186490391352869,0.002912051403437516,0.03640064254296895,0.020063750007401,0.25079687509251253,0.06831143842549812,0.1461070196812735,0.04063585069444445,8.607898425470601e-06
1176500,155.23263888888889,0.004143671677012535,0.05179589596265669,0.0029033543682288896,0.036291929602861116,0.02006020844741567,0.25075260559269585,0.06681368725259519,0.16482890934256011,0.04090108989197531,8.585007483437936e-06
1177000,155.29861111111111,0.004143201485900639,0.051790018573757986,0.0029076522739644173,0.036345653424555216,0.020059236581638662,0.2507404572704833,0.067912585483781,0.15109268145273758,0.04039773823302469,8.583059276384632e-06
1177500,155.36458333333334,0.004146288702400475,0.05182860878000594,0.0029134477426970146,0.03641809678371268,0.020053590491369292,0.25066988114211614,0.06748656884145139,0.15641788948185764,0.04104576581790124,8.595855001826906e-06
1178000,155.43055555555557,0.004142153976977851,0.05177692471222314,0.0029072798639617954,0.03634099829952244,0.020055898308968707,0.2506987288621088,0.06699752525268476,0.1625309343414405,0.04073230131172839,8.578719784496715e-06
1178500,155.49652777777777,0.00414559161776965,0.051819895222120625,0.002915548460745823,0.03644435575932279,0.020049428587507155,0.25061785734383946,0.06795297969348307,0.1505877538314616,0.04093725887345679,8.592964930660993e-06
1179000,155.5625,0.0041468745718314945,0.05183593214789368,0.002919202423422602,0.03649003029278253,0.020047210168351925,0.25059012710439904,0.06665405550880528,0.16682430613993404,0.04096739969135803,8.598284357251319e-06
1179500,155.62847222222223,0.004139651681780191,0.05174564602225238,0.002912460168382015,0.03640575210477519,0.020044272830464848,0.2505534103808106,0.06528783843675837,0.18390201954052043,0.04099452642746913,8.568358023232781e-06
1180000,155.69444444444446,0.004147556287702096,0.051844453596276194,0.0029234725723424433,0.03654340715428054,0.020045984593292227,0.25057480741615284,0.0642140136383506,0.19732482952061758,0.041175371334876545,8.601111579828594e-06
1180500,155.76041666666669,0.004147251787332771,0.05184064734165964,0.002925739098354221,0.03657173872942776,0.02004102616495369,0.25051282706192113,0.06806793040146521,0.14915086998168492,0.04148582175925926,8.599848693767434e-06
1181000,155.82638888888889,0.0041451451164024045,0.051814313955030056,0.0029219184921205903,0.03652398115150738,0.020040930826134673,0.2505116353266834,0.06708538091505663,0.1614327385617922,0.04100658275462963,8.591114018017353e-06
1181500,155.89236111111111,0.004145326636447458,0.05181658295559322,0.0029229683956364847,0.036537104945456055,0.020038567093038473,0.2504820886629809,0.06658568763027596,0.16767890462155055,0.0412085262345679,8.591866461420397e-06
1182000,155.95833333333334,0.004143470832974726,0.051793385412184076,0.002922859748884175,0.03653574686105219,0.02003417770294862,0.25042722128685774,0.06657876802970858,0.1677653996286428,0.04146170910493827,8.584175271856137e-06
1182500,156.02430555555557,0.00414905336963015,0.05186316712037688,0.0029318862521876773,0.03664857815234596,0.02003372246399969,0.25042153079999613,0.06789932121502093,0.15125848481223836,0.041672694830246916,8.60732193201965e-06
1183000,156.09027777777777,0.0041475329014022,0.0518441612675275,0.002932461599305189,0.03665576999131486,0.020033473569535172,0.25041841961918965,0.06839543084089184,0.14505711448885206,0.041256751543209874,8.601014584106874e-06
1183500,156.15625,0.004145810101479954,0.05182262626849943,0.002930474159479945,0.03663092699349931,0.02003162178551997,0.25039527231899966,0.06765702005354503,0.15428724933068716,0.04135621624228395,8.593870698766617e-06
1184000,156.22222222222223,0.004146071334404724,0.05182589168005905,0.0029310102238248826,0.03663762779781103,0.020030733128917764,0.250384164111472,0.06850630600257616,0.1436711749677979,0.04153706114969136,8.594953754986285e-06
1184500,156.28819444444446,0.004139743711475744,0.0517467963934468,0.0029244951259141437,0.0365561890739268,0.020028267646024188,0.25035334557530237,0.06767194177671293,0.1541007277910884,0.04091616030092592,8.568738998351484e-06
1185000,156.35416666666669,0.004141132397845817,0.051764154973072705,0.0029255811342994596,0.03656976417874325,0.020027606800187794,0.2503450850023474,0.06886610405029087,0.13917369937136415,0.04145568094135803,8.574488768244122e-06
1185500,156.42013888888889,0.004142752082528149,0.05178440103160186,0.0029275867705571227,0.036594834631964036,0.020026123105688062,0.2503265388211008,0.06818606164609217,0.1476742294238479,0.041684751157407406,8.581197408645659e-06
1186000,156.48611111111111,0.004145282226719941,0.05181602783399926,0.0029349242794930626,0.03668655349366328,0.020023058012515846,0.25028822515644805,0.06824808432643455,0.1468989459195682,0.041585286458333336,8.591682369580114e-06
1186500,156.55208333333334,0.0041419264717097075,0.051774080896371345,0.002934000007019645,0.03667500008774556,0.02002146013295768,0.25026825166197103,0.06803134593454148,0.1496081758182315,0.041449652777777776,8.577777448524815e-06
1187000,156.61805555555557,0.00414512926985474,0.05181411587318425,0.0029363009967541967,0.036703762459427455,0.02002131604411832,0.250266450551479,0.06815425713788333,0.1480717857764584,0.04154007523148148,8.591048331903246e-06
1187500,156.68402777777777,0.0041378534140674664,0.051723167675843326,0.0029270655462426895,0.036588319328033615,0.02001596533498349,0.2501995666872936,0.06795847380587505,0.1505190774265619,0.04157323013117284,8.560915438154894e-06
1188000,156.75,0.004140618497488274,0.05175773121860343,0.0029338324123438747,0.036672905154298434,0.020015302978821006,0.25019128723526257,0.0678102557224193,0.15237180346975876,0.04153404706790124,8.572360770871026e-06
1188500,156.81597222222223,0.0041427517686357,0.05178439710794625,0.002936461446086125,0.03670576807607656,0.020014112508593,0.2501764063574125,0.06648346172410395,0.16895672844870058,0.04154007523148148,8.581196108267112e-06
1189000,156.88194444444446,0.0041431004043543836,0.05178875505442979,0.0029377148770264616,0.03672143596283077,0.020014308992349888,0.2501788624043736,0.0687600981911648,0.14049877261044008,0.04156117380401234,8.582640480280728e-06
1189500,156.94791666666669,0.004145168661811866,0.051814608272648326,0.0029412546424668683,0.036765683030835855,0.020012166107130972,0.25015207633913716,0.06796880647252643,0.1503899190934197,0.04170886381172839,8.59121161743359e-06
1190000,157.01388888888889,0.004144255359268009,0.05180319199085011,0.0029391915390879807,0.03673989423859976,0.020012981849477588,0.25016227311846984,0.06910632786491833,0.13617090168852097,0.041567201967592594,8.587426241410808e-06
1190500,157.07986111111111,0.004141165676082668,0.051764570951033345,0.0029343606460477353,0.03667950807559669,0.0200100911154251,0.25012613894281377,0.06856445205392216,0.1429443493259731,0.041256751543209874,8.57462657838261e-06
1191000,157.14583333333334,0.004145114275175258,0.05181392843969072,0.0029417263033155827,0.036771578791444784,0.020008187565085996,0.25010234456357494,0.06798828503367951,0.1501464370790061,0.04132908950617284,8.59098617713085e-06
1191500,157.21180555555557,0.004147048119140811,0.051838101489260144,0.0029455866098281806,0.03681983262285226,0.02000763356747705,0.2500954195934631,0.06594921672544866,0.17563479093189172,0.041597342785493825,8.599004051234671e-06
1192000,157.27777777777777,0.0041456976882919576,0.05182122110364947,0.00294107327681981,0.036763415960247625,0.02000627204961089,0.25007840062013614,0.06791044291498133,0.15111946356273342,0.041666666666666664,8.593404661354639e-06
1192500,157.34375,0.004143718950916178,0.05179648688645222,0.002939764833223725,0.03674706041529656,0.020003576556061976,0.2500447069507747,0.06586193281264266,0.17672583984196677,0.04170886381172839,8.585203372090935e-06
1193000,157.40972222222223,0.004149174867670276,0.05186468584587845,0.002947786293998955,0.03684732867498693,0.020000550462681854,0.2500068807835232,0.06798432227114463,0.1501959716106921,0.041916835455246916,8.607826041253325e-06
1193500,157.47569444444446,0.004142806846816631,0.05178508558520789,0.002939935364985281,0.03674919206231601,0.02000055558392019,0.2500069447990024,0.06716034118047284,0.16049573524408944,0.041413483796296294,8.581424285015378e-06
1194000,157.54166666666669,0.0041449177002043855,0.051811471252554815,0.002943872968696302,0.03679841210870378,0.02000279578206962,0.2500349472758703,0.06642805466261929,0.1696493167172588,0.04158227237654321,8.590171370733807e-06
1194500,157.60763888888889,0.0041464173238418955,0.051830216548023694,0.0029442217121543267,0.036802771401929085,0.020000623575879384,0.2500077946984923,0.06747978413069843,0.15650269836626973,0.04170283564814815,8.596388311728093e-06
1195000,157.67361111111111,0.00415184085434936,0.051898010679366995,0.0029528742651143323,0.03691092831392915,0.019997363413941618,0.24996704267427022,0.06792714075623804,0.15091074054702447,0.04210069444444445,8.618891239922213e-06
1195500,157.73958333333334,0.004147265382411834,0.05184081728014792,0.002947563376457994,0.036844542205724924,0.019994508784108935,0.2499313598013617,0.06776668183151191,0.15291647710610112,0.04133813175154321,8.599905076075787e-06
1196000,157.80555555555557,0.004155031150964187,0.05193788938705234,0.002954639633342156,0.03693299541677695,0.019997174530213456,0.2499646816276682,0.06730498839999251,0.1586876450000937,0.04195903260030864,8.63214193274139e-06
1196500,157.87152777777777,0.004152657405729644,0.05190821757162055,0.002955082146225499,0.036938526827818736,0.01999535389225024,0.24994192365312798,0.06768350882564009,0.15395613967949895,0.04188669463734568,8.62228176468063e-06
1197000,157.9375,0.0041518811051390065,0.05189851381423758,0.002951251212025772,0.03689064015032215,0.019993468211143846,0.24991835263929807,0.06801625488943619,0.14979681388204769,0.041606385030864196,8.619058355605148e-06
1197500,158.00347222222223,0.004150179323219203,0.05187724154024003,0.00294806080147966,0.03685076001849575,0.0199934066390445,0.24991758298805625,0.06770255858284349,0.15371801771445637,0.04194999035493827,8.611994207438098e-06
1198000,158.06944444444446,0.004156822306197837,0.051960278827472964,0.00295864511238974,0.03698306390487175,0.01999404003120947,0.24992550039011838,0.06829753680761297,0.14628078990483795,0.04216700424382716,8.639585842651954e-06
1198500,158.13541666666669,0.004154233926259983,0.05192792407824979,0.0029549428146472124,0.036936785183090154,0.01998919133048776,0.24986489163109699,0.06792701370699802,0.1509123286625247,0.04179024402006173,8.628829757044718e-06
1199000,158.20138888888889,0.004158014269964308,0.05197517837455384,0.002958341601953599,0.03697927002441999,0.019990164620016418,0.24987705775020522,0.06590265627944385,0.17621679650695188,0.04251060956790124,8.644541334613407e-06
1199500,158.26736111111111,0.004165601123583797,0.05207001404479747,0.0029682393124566176,0.03710299140570772,0.019991122398206836,0.24988902997758544,0.06785250685483026,0.15184366431462182,0.04202835648148148,8.676116360401298e-06
1200000,158.33333333333334,0.004162849172144492,0.05203561465180615,0.0029637451835435214,0.03704681479429402,0.019992198182748874,0.24990247728436094,0.06819269770939962,0.14759127863250476,0.04229359567901234,8.664656615012042e-06
