step,omega_ci_t,corr_A_deltaB,corr_A_Bmag,corr_A_Jdia,corr_A_rho_i
0,0.0,nan,nan,-0.0008782355213591292,0.0030274493586255253
500,0.06597222222222222,0.001880468443208199,0.0018804684432082003,-0.0015394905884470462,0.005766999662399993
1000,0.13194444444444445,0.0013187034796082373,0.0013187034796082373,-0.0008596810398433963,0.00480989959309038
1500,0.19791666666666669,0.001851614243843741,0.0018516142438437444,0.004132648122438743,0.008646970071422563
2000,0.2638888888888889,0.002436863038655782,0.0024368630386557835,-0.002141628697060797,0.00935412799878826
2500,0.3298611111111111,0.001971831565710818,0.001971831565710814,-0.0008501635994592276,0.006736756540475651
3000,0.39583333333333337,-0.0017016788643980081,-0.0017016788643980042,0.0007684449686251846,0.010923403587756533
3500,0.4618055555555556,9.240513513876366e-05,9.240513513876213e-05,-0.0017139436022700712,0.009890805436182086
4000,0.5277777777777778,0.0001362178653552774,0.00013621786535527604,-0.003579914675645778,0.005048001423820556
4500,0.59375,0.0016599866880409714,0.0016599866880409695,-0.0019679452554054525,0.008575134913428272
5000,0.6597222222222222,0.0030891772048044133,0.0030891772048044124,-0.0023546853190662,0.007601980185055451
5500,0.7256944444444444,0.00200186606805418,0.002001866068054179,0.0013062432885442646,0.007161383194204166
6000,0.7916666666666667,-0.0007495708559739813,-0.0007495708559739755,0.0016725569073594412,0.00813373519243701
6500,0.857638888888889,0.0034952283110995545,0.0034952283110995497,0.001995144148136036,0.009033942285895373
7000,0.9236111111111112,0.0027815934936802227,0.0027815934936802214,-0.002549267199757484,0.006084240927796702
7500,0.9895833333333335,0.0010655361137440213,0.0010655361137440183,0.004502444764065885,0.009732973473543361
8000,1.0555555555555556,0.002219260925701461,0.00221926092570146,-0.004790245222763954,0.008360831793470655
8500,1.121527777777778,0.002059215409655376,0.002059215409655375,0.0007330343059782415,0.009949349182356876
9000,1.1875,0.005773976244857793,0.005773976244857796,0.0021604710257199567,0.006304736457632658
9500,1.2534722222222223,0.0010528591515996549,0.0010528591515996633,-0.00021298780423428072,0.009459739837192834
10000,1.3194444444444444,0.00459627670454106,0.004596276704541064,-0.004692126932003879,0.0073434449148667294
10500,1.3854166666666667,0.00017728704723722697,0.00017728704723722597,-0.0037432866300015346,0.00851139168123607
11000,1.4513888888888888,0.004837771864485319,0.004837771864485324,0.002141653343834434,0.004883669191122973
11500,1.5173611111111112,0.0048508628575752374,0.004850862857575234,0.0060337184993496445,0.005176642103034438
12000,1.5833333333333335,0.002647981241058292,0.0026479812410582933,-0.004478935651294511,0.0045373499976708925
12500,1.6493055555555556,0.001961585442459836,0.001961585442459842,-0.0017142798667781948,0.007332788904915154
13000,1.715277777777778,0.0003762087816508651,0.00037620878165086914,-0.0006545627217183604,0.010331537285087261
13500,1.78125,0.002536595561994282,0.0025365955619942775,0.0016811317287008,0.007175293569856847
14000,1.8472222222222223,0.0004024111630330359,0.000402411163033034,0.0014537907736461733,0.006718275001821008
14500,1.9131944444444446,0.003582998567135858,0.0035829985671358565,-0.0006361471688335953,0.009584261124598916
15000,1.979166666666667,0.0017320442620399573,0.0017320442620399593,1.2058382959834084e-05,0.006304370256068873
15500,2.045138888888889,0.0018348243048904485,0.001834824304890447,-0.002245132458886125,0.008821341911653352
16000,2.111111111111111,0.0013988142696167913,0.0013988142696167898,0.0017590445346758357,0.00601542881639082
16500,2.1770833333333335,-0.0007368734349735936,-0.0007368734349735982,-0.00470922630440925,0.010863077221117543
17000,2.243055555555556,-0.0001118367819381002,-0.00011183678193810082,0.0003219219732627863,0.011639656991369547
17500,2.3090277777777777,-0.0011899851125754771,-0.0011899851125754797,-0.003076068146737042,0.0075359419662919735
18000,2.375,0.0036760446941627284,0.0036760446941627284,-0.00257306163623889,0.0071594840534062254
18500,2.4409722222222223,9.110739956881836e-05,9.110739956881332e-05,0.0008038604226960412,0.008583132704601055
19000,2.5069444444444446,0.003663406881673323,0.0036634068816733226,-0.0036136072315532076,0.005708909334916589
19500,2.572916666666667,0.0019540183392996575,0.001954018339299661,-0.003232840824510517,0.008269354646741727
20000,2.638888888888889,0.00361166423427274,0.0036116642342727437,-0.002886703063449724,0.00796099960271397
20500,2.704861111111111,-0.00018197956690556573,-0.0001819795669055646,-0.0042249878854436675,0.006702849160165698
21000,2.7708333333333335,0.0046826300797533065,0.004682630079753294,0.0028464291768860424,0.0066214388598077505
21500,2.836805555555556,0.0009837083495090263,0.0009837083495090248,0.000585856229666099,0.009327519304766881
22000,2.9027777777777777,0.0004612804354254514,0.0004612804354254516,-0.00433213355118429,0.007944461073171703
22500,2.96875,0.00234149941026701,0.00234149941026701,-0.0013325849821990627,0.00973319110524558
23000,3.0347222222222223,0.003076408965553691,0.0030764089655536957,0.00136131205768362,0.009046978761212276
23500,3.1006944444444446,-0.0003739952996942291,-0.0003739952996942277,-0.0009182620969904755,0.00838480975628706
24000,3.166666666666667,0.0013339137015931503,0.0013339137015931464,0.001638375997512129,0.00880467703593444
24500,3.232638888888889,-0.0007874598303401211,-0.0007874598303401226,-0.0011713499980175641,0.010921242313289206
25000,3.298611111111111,-0.002766420572432598,-0.002766420572432598,0.0004862513556244854,0.009704621216316912
25500,3.364583333333334,-0.0016452560698733505,-0.0016452560698733477,-0.0020551410364727835,0.007264907101926561
26000,3.430555555555556,0.0021532704623113447,0.002153270462311345,0.003202438371125364,0.012057900980077144
26500,3.4965277777777777,-0.0028079225914453684,-0.002807922591445371,0.0005605944068635078,0.011898297466273014
27000,3.5625,-0.001743748046458673,-0.0017437480464586725,-0.00302946062765286,0.010984895217979853
27500,3.628472222222222,0.0018441349062595837,0.0018441349062595853,0.004487555319272528,0.007800579587339053
28000,3.6944444444444446,-0.001347408778910429,-0.0013474087789104295,-0.00029278422222494464,0.0074951895262138305
28500,3.7604166666666665,-0.0007034703264520147,-0.0007034703264520123,0.0024356209401436672,0.006428971177599324
29000,3.8263888888888893,0.004568225451024809,0.0045682254510248125,5.026838669901335e-05,0.007814093187769931
29500,3.892361111111111,-0.0007973167224166745,-0.0007973167224166739,0.0006004814806827958,0.006601883886914591
30000,3.958333333333334,0.002776667489180789,0.0027766674891807905,-0.0013319842331310143,0.008862337991313075
30500,4.024305555555555,0.00110854384019624,0.0011085438401962412,-5.638908914344655e-05,0.003825880919235838
31000,4.090277777777778,0.00025100460154484327,0.00025100460154484197,0.002216741800287613,0.008197553308135968
31500,4.15625,-0.00114246035922195,-0.0011424603592219498,0.0021849340369899262,0.008692199491014178
32000,4.222222222222222,0.0005928457272833995,0.0005928457272833991,-0.004396824749425371,0.005429001678381957
32500,4.288194444444445,-0.002388845667280141,-0.0023888456672801375,0.005673786501164353,0.007442195813694941
33000,4.354166666666667,-0.0006145074383236384,-0.0006145074383236388,0.001889919954637852,0.008834688540768144
33500,4.420138888888889,0.00225388561577206,0.002253885615772059,0.004244158807609941,0.008015553045823838
34000,4.486111111111112,0.0035123025272437583,0.003512302527243762,-0.002499890189539619,0.009096486324119914
34500,4.552083333333334,0.001785492646290524,0.0017854926462905233,-0.0012852671199612914,0.008415092437170561
35000,4.618055555555555,0.0029956914934715466,0.0029956914934715444,0.0019719803829037325,0.005571064211143829
35500,4.684027777777778,4.425994580420867e-05,4.425994580420896e-05,0.0015881494129911771,0.009766285886046179
36000,4.75,0.0015785840712180831,0.001578584071218087,0.0001700917027106959,0.00683586779591833
36500,4.815972222222222,0.0055838793617942655,0.0055838793617942716,0.006758799612290692,0.0066500102625547544
37000,4.881944444444445,0.004096077317820009,0.004096077317820008,0.0003094058307081255,0.0059358167772112025
37500,4.947916666666667,-0.002314058964799537,-0.0023140589647995414,0.00021828009805180203,0.010591831889144497
38000,5.013888888888889,0.0012055764910914558,0.0012055764910914536,-0.0018441367138049755,0.010077129657147311
38500,5.079861111111112,0.00229904786012244,0.002299047860122441,-0.0016593980649662503,0.009422678629357674
39000,5.145833333333334,-0.00017100303250412927,-0.0001710030325041315,0.0009095382494117484,0.0076473715016672685
39500,5.211805555555555,0.00032298791720233714,0.00032298791720233817,-0.004049817545848656,0.007075404869889391
40000,5.277777777777778,0.0019216592009523596,0.001921659200952358,-0.0016354030755737978,0.00999284333228693
40500,5.34375,-0.002239482807626528,-0.0022394828076265252,-0.0004921257689898384,0.008103880738695982
41000,5.409722222222222,0.0001231245054159245,0.00012312450541592204,-0.004952015530733971,0.005867632621402875
41500,5.475694444444445,0.006090167986137649,0.006090167986137647,-0.004847217030936969,0.009590944647697707
42000,5.541666666666667,0.002129776200758893,0.0021297762007588938,0.002551977297266584,0.010009817206802295
42500,5.607638888888889,-0.001775330937601062,-0.0017753309376010618,-0.0012828609207422076,0.006096811653093656
43000,5.673611111111112,0.0003114943537264092,0.0003114943537264119,-0.000615483154294748,0.00786735739996854
43500,5.739583333333334,-0.0007130666016992918,-0.00071306660169929,-1.6202926788719562e-05,0.0068177901319181385
44000,5.805555555555555,0.0004799344819308152,0.0004799344819308154,0.0015835087771002116,0.012925328777633735
44500,5.871527777777778,0.0021350515069620676,0.002135051506962067,-0.0019194858615833473,0.0077846536444361614
45000,5.9375,0.0027264699744701765,0.002726469974470177,0.00010648114756112604,0.011075238709144928
45500,6.003472222222222,-0.0011777954224610335,-0.0011777954224610322,-0.002888392134703527,0.006014899388375501
46000,6.069444444444445,0.002819591627674611,0.002819591627674614,0.0007836293456875295,0.009082665206126281
46500,6.135416666666667,0.0022510437197232336,0.0022510437197232345,-0.0012816103676591003,0.008965400493162651
47000,6.201388888888889,0.0031293482884740087,0.003129348288474008,0.0007480382819811984,0.01161395316288387
47500,6.267361111111112,0.001778514289183897,0.001778514289183892,0.003961773368214865,0.01047809743342366
48000,6.333333333333334,0.0014022081040171266,0.0014022081040171277,-0.0030008839135795664,0.008845665243714688
48500,6.399305555555555,0.000363053078093048,0.0003630530780930455,0.004026998107831522,0.012026774327837206
49000,6.465277777777778,-0.001085900522743445,-0.0010859005227434413,-0.0016215110114854187,0.00946625990660606
49500,6.53125,-0.00035075732519614236,-0.0003507573251961441,-0.0025141550318123515,0.0073524265743790925
50000,6.597222222222222,-6.614013790631128e-05,-6.614013790631267e-05,0.00041512514612087264,0.010798918131981784
50500,6.663194444444444,0.0037646271653793057,0.00376462716537931,-0.0008722217406406855,0.007901541046801271
51000,6.729166666666668,0.0033642418733006896,0.00336424187330069,0.0030059375879209313,0.010150929145537854
51500,6.795138888888889,-0.0019402308978673888,-0.001940230897867387,0.00018677789115456245,0.008753496801898727
52000,6.861111111111112,0.0022025700400968365,0.002202570040096835,0.000957337048057266,0.011304683206045251
52500,6.927083333333333,0.0030506025036228053,0.003050602503622809,-0.0006239304146724007,0.007574550872883382
53000,6.993055555555555,0.001783260655575737,0.0017832606555757435,0.0015034579551173044,0.00435311037002319
53500,7.059027777777779,-0.002159204019794475,-0.0021592040197944747,0.0015060628795514168,0.007955743945387433
54000,7.125,-0.0017253655868397942,-0.001725365586839797,0.004515474428049876,0.008059848625539726
54500,7.190972222222222,-0.0007742611059248016,-0.000774261105924801,2.657165577305415e-05,0.009509610737087396
55000,7.256944444444444,-0.003525828673676236,-0.0035258286736762315,-0.0004762709569319701,0.009272585938759074
55500,7.322916666666668,-0.0011900104817274325,-0.0011900104817274357,0.0008546652108288372,0.009596561664700874
56000,7.388888888888889,0.002315695393831885,0.0023156953938318807,-0.0013254178596794717,0.00882592171273115
56500,7.454861111111112,-0.00044187788355366336,-0.0004418778835536639,-0.0032148832799836695,0.0067290748643628545
57000,7.520833333333333,-0.0015467456240789307,-0.0015467456240789317,-0.002347856826869382,0.008701534845654736
57500,7.586805555555555,0.0009339265316776319,0.0009339265316776337,-0.002434857656555513,0.0078522575310983
58000,7.652777777777779,0.004540180484141268,0.0045401804841412674,0.0005655720074801151,0.009408728964809621
58500,7.71875,0.0008297710187708639,0.0008297710187708629,0.002843794560115595,0.005607121079557848
59000,7.784722222222222,0.00020758604534550489,0.00020758604534550592,0.003142196985463678,0.008915788393158678
59500,7.850694444444444,0.001235640969110965,0.0012356409691109613,-1.8990822994989452e-05,0.008428860144469969
60000,7.916666666666668,8.843166241196846e-06,8.843166241203745e-06,0.0006724843305685001,0.008103549928432641
60500,7.982638888888889,0.0008506335077739393,0.0008506335077739415,0.0014776755152342816,0.008841261752194128
61000,8.04861111111111,0.00423465407098835,0.004234654070988346,-0.0004979963244099487,0.008765415689098313
61500,8.114583333333334,0.0010837682550307436,0.0010837682550307428,0.0018134986969669576,0.0075137275191588465
62000,8.180555555555555,0.0006340773627870509,0.0006340773627870498,-0.0014594344170452166,0.009093817639145976
62500,8.246527777777779,-0.0005044284911772054,-0.0005044284911772069,0.00037474771021562045,0.007311698648954774
63000,8.3125,-0.003180097401558314,-0.003180097401558308,-0.0030296904070953932,0.010689970412883946
63500,8.378472222222221,-0.001007586103147738,-0.001007586103147738,-0.0028859063535250336,0.010354806973143001
64000,8.444444444444445,0.0039051765144871753,0.003905176514487169,0.0004262269070920532,0.012119579286663644
64500,8.510416666666668,0.0009244833080891199,0.0009244833080891191,-0.00023534182182614028,0.010655048788284696
65000,8.57638888888889,-0.0019996885778777755,-0.00199968857787777,-0.0016965879546396404,0.008612271485823898
65500,8.64236111111111,-0.0004563213135473477,-0.0004563213135473484,0.0008965495628854671,0.005750031811034001
66000,8.708333333333334,0.003179757783999608,0.0031797577839996045,-0.0030395847482045774,0.005475475772549243
66500,8.774305555555555,-8.5504226195441e-05,-8.550422619544118e-05,0.0012834071849833369,0.007225152303167074
67000,8.840277777777779,-0.001481565271016723,-0.00148156527101672,-0.002655046241784219,0.011431661552766821
67500,8.90625,0.0023435743509275376,0.002343574350927541,0.005754481746596723,0.013501862268627391
68000,8.972222222222223,0.0007389177105033713,0.0007389177105033724,-0.00041752752607695766,0.011415881937660612
68500,9.038194444444445,-0.002146655458205661,-0.0021466554582056587,-0.0020994308544185956,0.009305679986019418
69000,9.104166666666668,0.0033142666268214395,0.0033142666268214417,-0.003502252062776425,0.009023287234193432
69500,9.17013888888889,0.0005654903415779243,0.0005654903415779236,-0.0004752615289131224,0.009323988533823472
70000,9.23611111111111,0.0018747083649400696,0.0018747083649400679,-0.0011255673615510047,0.007383460082009178
70500,9.302083333333334,0.0013320787789992065,0.0013320787789992048,-0.004161351683297577,0.009997606652429903
71000,9.368055555555555,0.0012182115517300881,0.0012182115517300849,-0.0023376301815016967,0.010135665518311302
71500,9.434027777777779,0.003571330182661005,0.0035713301826609998,-0.0017890785628104707,0.010766235464491531
72000,9.5,0.003952639322877255,0.003952639322877256,-0.0029867882373308583,0.01307445887147375
72500,9.565972222222223,0.003692498191020289,0.0036924981910202897,-0.0005278013202444574,0.01117647198323389
73000,9.631944444444445,0.0005911601136457872,0.0005911601136457887,-0.00011153386122134552,0.010382774030305306
73500,9.697916666666668,-0.0022054211558593423,-0.002205421155859344,0.0021564245020464887,0.008351310587895155
74000,9.76388888888889,0.0006124354273959753,0.0006124354273959725,0.0016827838001256242,0.007690525300739811
74500,9.82986111111111,0.002388189660518871,0.0023881896605188703,0.0009502078800226584,0.009608592186663064
75000,9.895833333333334,0.0002445455758717674,0.00024454557587176714,0.0006005010339583917,0.008752980916099037
75500,9.961805555555555,-0.0009150303311674291,-0.0009150303311674268,0.00022692340867569135,0.010805945379065882
76000,10.027777777777779,0.0022826702076665247,0.002282670207666527,0.00400824532932467,0.008169898492338618
76500,10.09375,0.0020986205525992093,0.002098620552599206,-0.00064876583733677,0.007932208453828807
77000,10.159722222222223,0.000980351475907337,0.000980351475907334,0.0008002246977652874,0.00717243167189807
77500,10.225694444444445,0.00031429064401070485,0.0003142906440107039,0.0003685004847273452,0.009490997157591538
78000,10.291666666666668,0.0003364713216045682,0.00033647132160456803,-0.0023230072472262527,0.00976494039259374
78500,10.35763888888889,0.0019578771814806545,0.0019578771814806576,0.0017225265227355188,0.009459139214552265
79000,10.42361111111111,0.0004758626944609575,0.000475862694460956,0.0030914410478293875,0.00974628001017819
79500,10.489583333333334,0.0034139599468618193,0.003413959946861813,0.00048823053450375206,0.011543935359764947
80000,10.555555555555555,0.0022134213459992025,0.0022134213459992047,-0.00024522152136358447,0.011865351601636074
80500,10.621527777777779,0.0005713499690049843,0.0005713499690049836,-0.0008986391207991213,0.008907246338535383
81000,10.6875,0.001820145310548653,0.0018201453105486534,0.0004857880043100361,0.009870737876096589
81500,10.753472222222223,0.003834446494292203,0.0038344464942922053,0.0009271198066982055,0.006580248965052373
82000,10.819444444444445,0.00219305485628725,0.0021930548562872454,-0.0034158970685832374,0.009019836637711689
82500,10.885416666666668,0.0017181872350411822,0.0017181872350411822,0.002398902691985956,0.010924531277297532
83000,10.95138888888889,0.0033043740786055896,0.0033043740786055874,0.0008568317178248724,0.012305310682075021
83500,11.01736111111111,-0.0006680112309905338,-0.0006680112309905323,0.003615821673441376,0.011198731679201433
84000,11.083333333333334,0.0005258520212478362,0.000525852021247837,0.0017599969024139019,0.009020623414788341
84500,11.149305555555555,-0.0006494473777929404,-0.0006494473777929403,-0.002362135280811579,0.010207153715003595
85000,11.215277777777779,-0.0032774832289910547,-0.0032774832289910547,0.0001849703771970106,0.01071470922004632
85500,11.28125,-0.003360036905333705,-0.0033600369053337097,-0.0031844824422660356,0.006596255187341546
86000,11.347222222222223,0.0006937167525840199,0.0006937167525840206,-0.0012888338060347427,0.005888873752873024
86500,11.413194444444445,-0.0009224675365292598,-0.000922467536529263,1.5270771782406807e-05,0.009483942110612474
87000,11.479166666666668,0.0011487299593221272,0.001148729959322126,-0.0005981677813772259,0.0072707405133190925
87500,11.54513888888889,-0.0014696898018042668,-0.0014696898018042687,-0.004067112162819638,0.010059803938682537
88000,11.61111111111111,0.0020066830950333115,0.002006683095033312,-0.0032134982621362567,0.010338766991555467
88500,11.677083333333334,-0.0005036984718593754,-0.0005036984718593766,0.0006963926517471592,0.010709659894433584
89000,11.743055555555555,-0.0004418881581586664,-0.0004418881581586647,-0.003983146476939464,0.008215887887188618
89500,11.809027777777779,0.0010834060691072096,0.0010834060691072103,0.002205854110840736,0.006927954392546575
90000,11.875,-0.0008095901145243813,-0.00080959011452438,-0.00036035466429849605,0.01301300947998578
90500,11.940972222222223,-0.000842709987841084,-0.0008427099878410862,-0.0012157664266915027,0.012018178998274275
91000,12.006944444444445,0.0016933195161797606,0.0016933195161797537,-0.0014168140414203784,0.011671255715689088
91500,12.072916666666668,0.003933714658608298,0.003933714658608296,0.0010435535603857172,0.011302858473516303
92000,12.13888888888889,0.0011395836216737947,0.0011395836216737945,-0.0024449280942663567,0.008883948110748134
92500,12.20486111111111,0.0021059885053528247,0.002105988505352829,-0.0017837595660004338,0.009067480668504553
93000,12.270833333333334,0.002446303379335653,0.002446303379335657,-0.0024879801227256524,0.010589409564789244
93500,12.336805555555555,0.003091852229086095,0.0030918522290860925,-0.00033225551311295533,0.005917738869336612
94000,12.402777777777779,0.0009378420981689833,0.0009378420981689849,-0.0012643865006508948,0.008181675436556799
94500,12.46875,-0.0005414425349706156,-0.0005414425349706181,0.0034578472728138653,0.006002288299273988
95000,12.534722222222223,-0.0003646120139417445,-0.00036461201394174316,0.0017335312202454254,0.008800693783865539
95500,12.600694444444445,0.0018645088970982928,0.0018645088970982943,0.0008252765251927297,0.010628569262967489
96000,12.666666666666668,-0.0012660216237751318,-0.001266021623775137,0.00122620223054209,0.007285846547556567
96500,12.73263888888889,0.0007458245055250017,0.0007458245055250029,0.0007356592269161253,0.009155028391700858
97000,12.79861111111111,-0.0017119188179552365,-0.001711918817955237,-0.0006503159144569964,0.009213753782340316
97500,12.864583333333334,-0.002745175973806872,-0.0027451759738068688,9.640966833372356e-05,0.003111411155933779
98000,12.930555555555555,0.000659599570597526,0.0006595995705975262,-0.003998889166888813,0.01236182500216746
98500,12.996527777777779,-0.0011701961747210717,-0.0011701961747210734,0.0024258739950040607,0.009679710715369405
99000,13.0625,-0.00019039964513692606,-0.00019039964513692717,0.002555730416641298,0.008970716741399747
99500,13.128472222222223,-0.0014545827169189947,-0.001454582716918997,0.005060128651184237,0.010883389946046491
100000,13.194444444444445,0.0001352185552125236,0.0001352185552125255,-0.0025957425165765344,0.015578504981695093
100500,13.260416666666666,0.0014624171878222438,0.001462417187822246,-0.0013740649439935792,0.007480109875648843
101000,13.326388888888888,0.0014640614170711543,0.0014640614170711563,0.00013565395048218147,0.007163419694387794
101500,13.39236111111111,-0.0013415961997581436,-0.0013415961997581447,-0.0024464339333122886,0.008372498401726929
102000,13.458333333333336,0.003116349619339427,0.0031163496193394244,0.002267770010319183,0.009416522362532103
102500,13.524305555555557,0.0012923532790906607,0.0012923532790906596,0.0028206595554710542,0.009901838900155936
103000,13.590277777777779,0.00018191574940448443,0.0001819157494044818,-0.005368292584981797,0.01007208988174755
103500,13.65625,-0.004500106979484783,-0.004500106979484786,-0.0014013156125406933,0.010113558606111534
104000,13.722222222222223,-0.0032254402050048763,-0.003225440205004874,-0.0009558589244714153,0.009206038050382738
104500,13.788194444444445,0.0013667149316829576,0.0013667149316829571,-0.0004073261582412805,0.00924100474267154
105000,13.854166666666666,-0.006269216283663106,-0.006269216283663096,0.001902918588092891,0.009377883557071491
105500,13.920138888888888,-0.00246272028780486,-0.002462720287804858,0.0006805883028108993,0.009943415675132362
106000,13.98611111111111,0.005005838340532913,0.00500583834053292,4.880652685538783e-05,0.012610576170330907
106500,14.052083333333336,-0.0014587934387421866,-0.0014587934387421883,0.0001721719810487633,0.010338528198093975
107000,14.118055555555557,0.0016360255925881315,0.0016360255925881282,-0.0004146034357556935,0.008380478991921087
107500,14.184027777777779,-0.0018940327164317984,-0.0018940327164318016,-0.0009180161286335836,0.007919376086895524
108000,14.25,0.0023786540543081214,0.0023786540543081235,-0.002797735899242113,0.009742920343008716
108500,14.315972222222223,-0.0019427655627673348,-0.0019427655627673305,0.0027055501141139524,0.010547132792691758
109000,14.381944444444445,0.0026884177669566837,0.0026884177669566885,-0.0003919218629928384,0.011750859529217934
109500,14.447916666666666,0.0031621166046839964,0.0031621166046839977,0.0010337435654549356,0.007789700396949066
110000,14.513888888888888,-0.004678453735622431,-0.004678453735622435,0.00038917604746785433,0.008178735320533197
110500,14.57986111111111,-0.0016552036476579742,-0.0016552036476579785,0.004060523002380922,0.010426847044570373
111000,14.645833333333336,0.000801353955634409,0.0008013539556344111,0.0026734375973596304,0.008423459182107929
111500,14.711805555555557,-0.0054629420985553775,-0.00546294209855539,-0.0023948556349530094,0.008342485061006023
112000,14.777777777777779,0.0014120685031704945,0.0014120685031704945,0.0015725644109265348,0.013344597443415521
112500,14.84375,-0.00260576088340664,-0.0026057608834066446,-0.0004572668354014504,0.011256379986806706
113000,14.909722222222223,0.0005774431210772777,0.0005774431210772783,0.001094325148467246,0.007636643883959825
113500,14.975694444444445,-0.0006238198076357811,-0.0006238198076357804,0.0021841662776320918,0.009919060136132153
114000,15.041666666666666,0.002259921650959133,0.0022599216509591367,-7.468439099777653e-05,0.009427846357730175
114500,15.107638888888888,-0.002164698492014092,-0.002164698492014094,0.0013482189549762328,0.012612496952068095
115000,15.17361111111111,0.001582653801677383,0.001582653801677383,-0.0007502399597013116,0.010198256563333372
115500,15.239583333333336,0.001337084210843109,0.0013370842108431024,-0.0004134425707308701,0.009769092300728878
116000,15.305555555555557,0.0020870044371803227,0.0020870044371803227,0.0021275301380972262,0.009798474515862039
116500,15.371527777777779,0.004462525557720351,0.004462525557720354,0.0005213284293719595,0.010088082563123614
117000,15.4375,-0.0012673985168633682,-0.0012673985168633675,-0.0037524879522407976,0.008374111212749547
117500,15.503472222222223,-0.00010715412346896639,-0.00010715412346896633,0.00047776261348216466,0.010608111045721952
118000,15.569444444444445,0.0027503085264937105,0.0027503085264937114,0.0020070109142667865,0.010693451948602441
118500,15.635416666666666,0.00016117797070615126,0.00016117797070615335,-0.0001031290857943427,0.009626120774268948
119000,15.701388888888888,0.003930036008858561,0.003930036008858564,0.003535970497739437,0.010456688425833522
119500,15.76736111111111,0.005046261049410751,0.005046261049410754,0.0012833825732802772,0.012289298729589048
120000,15.833333333333336,0.002761033007821077,0.0027610330078210806,-0.0029948710242859717,0.009904410983788909
120500,15.899305555555557,0.002241380466255903,0.0022413804662559014,-0.0021670670046320473,0.009976247096547895
121000,15.965277777777779,0.00043193684023369583,0.0004319368402336952,0.0022021606813352594,0.009067645578695159
121500,16.03125,-0.0010060002022699902,-0.001006000202269989,-0.0031930560688182416,0.008894737847067546
122000,16.09722222222222,-0.00026945729265785603,-0.0002694572926578589,-0.00024615140428708505,0.007670874632431216
122500,16.163194444444443,0.0008101763955012606,0.0008101763955012632,0.000291725501117696,0.011596080798728946
123000,16.229166666666668,0.0006609447032969558,0.0006609447032969571,-0.0018927254031767446,0.0058883695218276254
123500,16.29513888888889,-0.002453343099182313,-0.00245334309918231,-0.004208817222361753,0.01001995487460216
124000,16.36111111111111,0.0008069762867801576,0.0008069762867801604,0.00024087343790459324,0.009833920336102413
124500,16.427083333333336,-0.0005309215838634363,-0.0005309215838634377,0.0016253047595982096,0.011295409979403275
125000,16.493055555555557,0.0011872809721773588,0.00118728097217736,-0.00014797634595078608,0.009887376856533322
125500,16.55902777777778,0.00027644915270682603,0.00027644915270682506,-6.0742676671324634e-05,0.012813353204638424
126000,16.625,0.0014905767402210825,0.0014905767402210795,0.0016498124558802984,0.009649720262247183
126500,16.69097222222222,-0.002498658682058563,-0.002498658682058566,0.00506777520890481,0.00505386243602317
127000,16.756944444444443,-0.0024159163257382564,-0.0024159163257382547,-0.0013179029829253632,0.010473655846497273
127500,16.822916666666668,-0.0013353196373526548,-0.0013353196373526556,-0.0015217742532936326,0.009771959562244522
128000,16.88888888888889,2.6634853025128255e-05,2.6634853025125307e-05,0.00011170609837321207,0.007008659602353979
128500,16.95486111111111,0.0026097258555696067,0.002609725855569603,-0.0015051133475297313,0.009074014649073482
129000,17.020833333333336,0.0027210488725523106,0.00272104887255231,0.004854235636761661,0.008871325394268761
129500,17.086805555555557,0.001595436642570142,0.0015954366425701407,-0.0009962533226024238,0.012133611305753947
130000,17.15277777777778,0.00141237861939603,0.0014123786193960294,-0.002613814634040043,0.011132407090866653
130500,17.21875,0.0035764845853282086,0.003576484585328202,-0.0017918555826164334,0.009301901615875541
131000,17.28472222222222,0.00040657234402936544,0.0004065723440293653,7.610590925623712e-05,0.010572911852349196
131500,17.350694444444443,0.003311892852161369,0.0033118928521613674,0.0023097697546619585,0.013058234209298615
132000,17.416666666666668,-0.003145517329933559,-0.0031455173299335584,0.0006442530904539019,0.010550379769781591
132500,17.48263888888889,0.0032355118349222762,0.00323551183492228,0.00039995692723322307,0.010115000298403627
133000,17.54861111111111,0.00444829410474964,0.00444829410474964,-0.0020654124112234364,0.010393901566692553
133500,17.614583333333336,0.004701968430051848,0.004701968430051852,0.001574591868270631,0.01100321411840375
134000,17.680555555555557,0.0013391753967617694,0.00133917539676177,-0.0009138631991330379,0.006885165450883615
134500,17.74652777777778,9.134906718343866e-05,9.134906718343905e-05,0.0015199056881477404,0.010493257240616494
135000,17.8125,0.0023702471123732472,0.0023702471123732472,0.001938049567324218,0.010806033868985073
135500,17.87847222222222,-0.00018742043836458342,-0.00018742043836458347,-0.0007103264488433003,0.012830076151771279
136000,17.944444444444446,-0.0005644451585361536,-0.0005644451585361551,-0.004499740371562942,0.011240135369602363
136500,18.010416666666668,0.0004623965537800922,0.0004623965537800948,0.002535434999940734,0.01154633406029925
137000,18.07638888888889,0.00116033281954582,0.0011603328195458253,-0.0005408171530133916,0.009179834731044965
137500,18.14236111111111,0.0017545873526533964,0.0017545873526533962,0.0025116626794532922,0.009857211912206044
138000,18.208333333333336,0.0038828456927232032,0.0038828456927232,-0.003679892662183475,0.01254036814690109
138500,18.274305555555557,0.0013501740803012177,0.0013501740803012149,-0.004389680251176227,0.011427415950038475
139000,18.34027777777778,-0.002000651876209383,-0.002000651876209386,0.0017392128370048489,0.012272335604195292
139500,18.40625,-0.001183121553174712,-0.0011831215531747101,-0.0007694080868111377,0.007597344337341898
140000,18.47222222222222,0.002459593735478108,0.0024595937354781046,-0.0009632122885217083,0.011586517621836944
140500,18.538194444444446,-0.0006250982186059955,-0.0006250982186059936,-8.887932793157907e-05,0.008742399251464555
141000,18.604166666666668,-0.0028241259806912325,-0.0028241259806912286,-0.001328027038561626,0.011680105732894634
141500,18.67013888888889,0.003214835537894731,0.00321483553789474,0.00014366111620495455,0.010557412470539165
142000,18.73611111111111,0.002074522163142803,0.00207452216314281,0.00029413121732950795,0.010307287289071458
142500,18.802083333333336,-0.0036076317230472996,-0.0036076317230472957,0.0019008521234549986,0.007368027388223616
143000,18.868055555555557,0.0029190669655930284,0.0029190669655930284,0.0007240167485171834,0.009879921402267278
143500,18.93402777777778,0.0014265460221460022,0.0014265460221460048,-0.0031810573994577327,0.0070097952892604195
144000,19.0,0.0005046690799222125,0.0005046690799222134,-0.003626795533338168,0.008300131982040248
144500,19.06597222222222,0.003757528543924474,0.003757528543924473,0.004055253398903098,0.012986806127314
145000,19.131944444444446,2.194415190747336e-05,2.1944151907471626e-05,-0.0012222304017150542,0.013533394806800454
145500,19.197916666666668,0.00030571948374159374,0.00030571948374159114,0.0032963551549809135,0.008288605681278967
146000,19.26388888888889,-0.0022989503769511813,-0.002298950376951186,-0.0009138834389965908,0.0082560165804057
146500,19.32986111111111,0.0019269485927836396,0.0019269485927836407,0.00045299950923127097,0.008701551725981927
147000,19.395833333333336,-0.0010267184997475184,-0.0010267184997475199,-0.00024249803989842772,0.00886966500627005
147500,19.461805555555557,0.0021424071368144073,0.002142407136814405,0.0019355834553371203,0.01153590819294031
148000,19.52777777777778,-0.0009341289704053259,-0.0009341289704053201,-0.00211560683661061,0.012062883711917674
148500,19.59375,0.004711184862962275,0.004711184862962275,0.0013671112925205864,0.008742741932973076
149000,19.65972222222222,0.0029300848321818372,0.0029300848321818372,0.0014215298270152201,0.007161845684305139
149500,19.725694444444446,-0.0035257948015004607,-0.0035257948015004576,-0.0030191239161916406,0.010740128886686653
150000,19.791666666666668,0.0012930907856455048,0.001293090785645505,0.0012800730135844097,0.01058365400650302
150500,19.85763888888889,0.0036212239565486777,0.0036212239565486773,0.002601138853112859,0.009761012408939465
151000,19.92361111111111,0.0006591089633549172,0.0006591089633549173,0.00031400687800885635,0.011961588662226253
151500,19.989583333333336,0.0020556081423756286,0.002055608142375631,-0.0014784576488012374,0.010815597498056412
152000,20.055555555555557,-5.89053342305827e-05,-5.8905334230584994e-05,-0.0008405555516221337,0.008878867955333837
152500,20.12152777777778,2.3582817216058156e-05,2.3582817216057943e-05,-8.185082865680818e-05,0.009484628793834042
153000,20.1875,-0.0009010191345190579,-0.0009010191345190558,0.000387523634557011,0.005795604413059547
153500,20.25347222222222,0.002077872662486971,0.002077872662486969,0.003386302060304596,0.011250596996561434
154000,20.319444444444446,0.0010331581000368702,0.0010331581000368707,-0.0023011397144637063,0.011544324524996834
154500,20.385416666666668,2.7115585779483063e-05,2.7115585779484923e-05,0.0014315222011301884,0.009268012106730046
155000,20.45138888888889,0.002749592966083955,0.002749592966083951,-0.002253406022833024,0.010107759090969662
155500,20.51736111111111,-0.0002527351285924054,-0.0002527351285924071,-0.0007279247660603129,0.00978741742991008
156000,20.583333333333336,0.00010228214634242583,0.00010228214634242405,-0.001585359549105449,0.010833649587544401
156500,20.649305555555557,-0.0005544509054538549,-0.0005544509054538572,0.006227487790250466,0.011538837107505358
157000,20.71527777777778,0.0004061108258295126,0.0004061108258295125,0.004800199874924959,0.010016770235043146
157500,20.78125,-0.001599590259006878,-0.0015995902590068773,-0.0007404772194845657,0.011694868706968167
158000,20.84722222222222,0.0017401124225708386,0.001740112422570831,-0.0002033682852566291,0.006775785964092484
158500,20.913194444444446,-0.0029010681870301823,-0.0029010681870301914,-0.0021248683751152585,0.010212655717080223
159000,20.979166666666668,0.0017843121818232807,0.0017843121818232812,0.00396534887269095,0.010202057844055569
159500,21.04513888888889,0.00017227273073900596,0.0001722727307390094,0.0014721206128603989,0.012543728966823792
160000,21.11111111111111,0.0015545116515140172,0.0015545116515140209,-0.002079365630318029,0.012329817923708904
160500,21.177083333333336,0.0016475183075102943,0.0016475183075102962,0.0018656632947815484,0.009661350314231097
161000,21.243055555555557,0.0005341860781210495,0.0005341860781210514,-0.0011442711709321392,0.008042679357106687
161500,21.30902777777778,-0.0005573824737906106,-0.0005573824737906127,-0.0006421834498185148,0.012248517168504834
162000,21.375,-0.0035618104422425714,-0.0035618104422425723,-0.002712915442628946,0.010506842644027943
162500,21.44097222222222,-0.00028390494856783964,-0.00028390494856784035,-0.002593564016039903,0.009489178079643572
163000,21.506944444444446,0.0019916308091146033,0.0019916308091145985,0.0009481057042810858,0.009801429036143689
163500,21.572916666666668,0.0005708969822830115,0.0005708969822830107,0.004789255545409261,0.008517194941190437
164000,21.63888888888889,-0.00016158432367162313,-0.00016158432367162066,-0.0025365812056986855,0.010013099292027764
164500,21.70486111111111,-0.0008709228776170402,-0.000870922877617042,-0.0006011975533531084,0.009859167008282628
165000,21.770833333333336,0.004228852318033374,0.004228852318033375,0.0007432736455290361,0.010785396272346428
165500,21.836805555555557,-0.001500289584010801,-0.0015002895840107988,-0.0026817793366438365,0.010869605407138288
166000,21.90277777777778,0.001732007495143121,0.0017320074951431258,-0.0013948314293998098,0.008056206528679485
166500,21.96875,0.0032140337613098782,0.003214033761309877,-0.0007212934391696374,0.008671518563510783
167000,22.03472222222222,0.002279019118429283,0.0022790191184292857,-0.0006177934613202485,0.01250254032969128
167500,22.100694444444446,0.0016370404735526413,0.0016370404735526409,0.0025933382795582656,0.00662452697637345
168000,22.166666666666668,-4.839874778519079e-05,-4.839874778518839e-05,0.00233126549422489,0.01172409997355442
168500,22.23263888888889,0.0001743029912174001,0.00017430299121740206,0.00210073978608975,0.01107955106313291
169000,22.29861111111111,0.0021841419467178206,0.0021841419467178193,0.0007962537635437373,0.009517945349190888
169500,22.364583333333336,0.0015230049471646415,0.0015230049471646415,0.001787494516964913,0.011361901849204964
170000,22.430555555555557,-0.0013498566044413427,-0.0013498566044413427,-0.00108023333949103,0.00844506570486743
170500,22.49652777777778,-0.001629871821317224,-0.0016298718213172267,-0.0006680127431763314,0.012303774013573104
171000,22.5625,0.0024623021483635744,0.002462302148363572,-0.001209313549961727,0.011857159529985565
171500,22.62847222222222,-0.00035480045848704743,-0.00035480045848704917,-0.002474822916771287,0.012810239424320084
172000,22.694444444444446,-0.002163235623348632,-0.0021632356233486304,0.0016526710645722162,0.012541313974851845
172500,22.760416666666668,-0.0006453384511578799,-0.0006453384511578813,-0.000784748290303035,0.012022685540973058
173000,22.82638888888889,-0.00034105635364360486,-0.00034105635364360454,-0.0015866854054889514,0.01445241884532381
173500,22.89236111111111,8.70580825672016e-05,8.705808256719645e-05,-7.484978862925755e-05,0.010729164470879002
174000,22.958333333333336,-0.00023713403422080014,-0.00023713403422079662,0.001601029020166141,0.009436145812087932
174500,23.024305555555557,0.00532452000252214,0.00532452000252215,-0.0027281846926821202,0.016127258244336702
175000,23.09027777777778,0.002666453534748992,0.0026664535347489925,0.000385880471191111,0.00894945626759022
175500,23.15625,-0.00018577083220370542,-0.0001857708322037041,0.0023878777882244467,0.009583751030880586
176000,23.22222222222222,-0.0010261980118996777,-0.0010261980118996777,0.002124961528658356,0.010107933985822305
176500,23.288194444444446,4.08985530928035e-05,4.089855309279866e-05,6.934925040946815e-05,0.00981749798456975
177000,23.354166666666668,-0.0005308656830305431,-0.0005308656830305408,-0.003055993075868591,0.012037575292058445
177500,23.42013888888889,0.0012117435017545823,0.0012117435017545823,0.0013878265815445785,0.010268793038978772
178000,23.48611111111111,0.00285639138079714,0.00285639138079714,-0.0013604206614232397,0.012235389586472353
178500,23.552083333333336,0.0038994807263912673,0.0038994807263912695,-0.0003166536932007668,0.01138542651279834
179000,23.618055555555557,-0.0005466780078284176,-0.0005466780078284193,0.002111107038748628,0.010298866715169795
179500,23.68402777777778,0.0016741698314762439,0.0016741698314762443,-0.0010408860177165992,0.012978027746123836
180000,23.75,0.0015846507426585572,0.0015846507426585596,-0.002634565637853262,0.009843527688952003
180500,23.81597222222222,0.001618455429715794,0.0016184554297157961,-0.00038698901304212935,0.011914257035676515
181000,23.881944444444446,0.004466543392700884,0.004466543392700886,-0.00015166821724560647,0.010451071302168881
181500,23.947916666666668,0.00203612992963619,0.0020361299296361955,-3.655933125144495e-05,0.012326491604240793
182000,24.01388888888889,0.0003202783145231819,0.00032027831452317976,0.0023392882154092283,0.011348360255679922
182500,24.07986111111111,0.002536793649366875,0.0025367936493668744,-0.0023891736653815763,0.011505218311233668
183000,24.145833333333336,0.00015895977870913945,0.00015895977870914162,-0.001759595479974131,0.010262044910310067
183500,24.211805555555557,0.0017763518345761892,0.0017763518345761886,0.0022164792122712513,0.011213315993241024
184000,24.27777777777778,0.0001080179527680792,0.00010801795276808141,-0.0009240969386138591,0.010778786863683377
184500,24.34375,0.0004117949254177915,0.00041179492541779523,8.695721848609952e-05,0.011538427885412464
185000,24.40972222222222,0.004967368746073092,0.004967368746073093,-0.0010862758551845935,0.012911795811049523
185500,24.475694444444446,-0.0018971925269007745,-0.0018971925269007735,-0.0010035291926431158,0.011560694340695668
186000,24.541666666666668,-0.0003514574675886907,-0.0003514574675886897,-0.0004566426293173052,0.014846761720889034
186500,24.60763888888889,-0.000765774376483122,-0.0007657743764831233,-0.000987533735487044,0.011263921930500746
187000,24.67361111111111,0.0009347546063557089,0.0009347546063557091,0.0002791754311464297,0.012569514322650471
187500,24.739583333333336,0.005336302391548773,0.005336302391548773,0.003486661196980858,0.010508085890357639
188000,24.805555555555557,0.0019063849115874506,0.0019063849115874523,0.0007512427334467301,0.01546492334676614
188500,24.87152777777778,0.0022435766934881503,0.0022435766934881516,-0.0022227250630945574,0.010698888411762397
189000,24.9375,-0.001617324677414476,-0.0016173246774144748,-0.0008806087220578079,0.009707451879205114
189500,25.00347222222222,0.0015285966362306328,0.0015285966362306302,-0.0002674678844805768,0.015601218887273154
190000,25.069444444444446,-0.001047211119365206,-0.0010472111193652062,-0.004365969149761369,0.011862068954405924
190500,25.135416666666668,0.00021865465089458564,0.000218654650894587,-0.004259708730513963,0.01229218972513215
191000,25.20138888888889,-0.003154506076261317,-0.003154506076261314,-0.0015697822670656721,0.010183824819302611
191500,25.26736111111111,-0.0025360005322769084,-0.0025360005322769058,-0.00301364599691646,0.007775188647795935
192000,25.333333333333336,0.0025827381397598545,0.002582738139759857,0.0011012918393213053,0.013902007256227306
192500,25.399305555555557,-0.0012417588852308985,-0.0012417588852309017,0.0021978039628923547,0.01181644453622172
193000,25.46527777777778,0.0017680490564646798,0.00176804905646468,0.005764876101024351,0.01142261594908812
193500,25.53125,-0.0004882922806727479,-0.0004882922806727549,-0.0001910219538796052,0.011935468434868896
194000,25.59722222222222,0.0011275263710021966,0.0011275263710021956,0.0014712412253517692,0.00675881674853428
194500,25.663194444444446,0.00296396227958967,0.0029639622795896697,-0.0014927678044923693,0.010905487354032798
195000,25.729166666666668,0.0008066564059997232,0.0008066564059997232,0.001019895740357429,0.012084576255562769
195500,25.79513888888889,0.0016951389571849974,0.0016951389571849972,0.001018150396166468,0.01389590408554633
196000,25.86111111111111,0.0020088717472089533,0.002008871747208955,1.4312768975118686e-05,0.013802356469010376
196500,25.927083333333336,0.0006429011560320727,0.0006429011560320704,0.0011906225614562727,0.011769334169410712
197000,25.993055555555557,-0.0008888525386212835,-0.0008888525386212845,-0.002009628313944138,0.01001215716038965
197500,26.05902777777778,0.0008012297954303211,0.000801229795430319,-0.0024973042676921047,0.012922934618401005
198000,26.125,-0.002259934363709801,-0.0022599343637097966,0.0036770011013082097,0.008378032866814957
198500,26.19097222222222,0.002369184183188548,0.002369184183188548,-0.003816776109637328,0.01113351965541033
199000,26.256944444444446,0.0030385928363502834,0.003038592836350286,0.000791289593724857,0.010222313443031497
199500,26.32291666666667,-0.001207092241560624,-0.0012070922415606217,-0.00020570725325250343,0.009407463497686954
200000,26.38888888888889,7.755891874583293e-05,7.755891874583494e-05,-0.0035613369904558987,0.011516402047656716
200500,26.454861111111114,-0.001167848529024588,-0.0011678485290245904,-0.0007167480944682401,0.011658402233006815
201000,26.520833333333332,0.0008606715487643576,0.0008606715487643527,-0.002500609627489521,0.012815338147500396
201500,26.586805555555557,0.0026123205614146153,0.0026123205614146136,-0.002806894926464666,0.012256707845623237
202000,26.652777777777775,-0.0011931257764413099,-0.0011931257764413105,-0.004081992477312548,0.005295902311575634
202500,26.71875,0.0002301407292198785,0.00023014072921988209,0.0010071233454241471,0.011533273554441724
203000,26.78472222222222,0.002320360589504335,0.002320360589504338,-0.0027393498018514714,0.015271599695140392
203500,26.850694444444446,0.0009640874446316587,0.0009640874446316609,-0.0022474195415985334,0.014172905935539363
204000,26.91666666666667,0.0009411158557225341,0.0009411158557225383,0.0007892560963504727,0.010045441651591477
204500,26.98263888888889,0.001473368151695684,0.001473368151695684,-0.002090620751805066,0.014131958747853342
205000,27.048611111111114,0.0006214006223569872,0.0006214006223569866,0.004369480995372152,0.017587589475700296
205500,27.114583333333332,0.0019828732344643026,0.0019828732344643026,-4.141008113550291e-05,0.013268737945031103
206000,27.180555555555557,0.0014472957360364056,0.0014472957360364123,0.0019442362127527776,0.010001384741299727
206500,27.246527777777775,0.0014111526567873861,0.0014111526567873879,-0.0015540050413587522,0.00978731887521162
207000,27.3125,0.0007627083313033627,0.0007627083313033617,-0.0026108549443237695,0.011852998519730287
207500,27.37847222222222,0.0023864614991705732,0.0023864614991705724,-0.0006168036911124915,0.010992420818338773
208000,27.444444444444446,-0.0006378336236759425,-0.0006378336236759438,0.004750668615272235,0.012055670752949202
208500,27.51041666666667,0.0018658800565414801,0.001865880056541479,-0.0006697945294942306,0.010787975415068903
209000,27.57638888888889,0.0006493401048340724,0.000649340104834072,0.0012009692861120799,0.010367831836412598
209500,27.642361111111114,-0.0005466776320154997,-0.0005466776320155023,-0.0008589235610067295,0.014055446301771754
210000,27.708333333333332,0.0020182960484514774,0.002018296048451475,0.0015223116359051475,0.011361419934156604
210500,27.774305555555557,6.457254533907558e-05,6.457254533907478e-05,-0.003957158646168464,0.008302631417772911
211000,27.840277777777775,-0.0026693328838584027,-0.002669332883858402,0.005572691965869319,0.011255833997812664
211500,27.90625,0.001801379683785567,0.0018013796837855654,0.0006585000784602658,0.011825157340532917
212000,27.97222222222222,-0.0004438303534849983,-0.0004438303534850028,0.0037500341739528354,0.013376267541647188
212500,28.038194444444446,0.0019887930105784114,0.0019887930105784136,0.00036554772771441637,0.010560346154802194
213000,28.10416666666667,-0.0008835408248118307,-0.0008835408248118338,-0.0019131633112615739,0.009918128686189898
213500,28.17013888888889,0.0022817566449023527,0.0022817566449023496,-0.0011084480305800573,0.0074952862066120654
214000,28.236111111111114,0.0021626018267946927,0.002162601826794693,0.0012920971356449147,0.013683975245391495
214500,28.302083333333332,0.0029850632523959627,0.0029850632523959627,-0.001084314715845753,0.009965974047579368
215000,28.368055555555557,0.0004294215674302231,0.0004294215674302204,0.005284208531325388,0.008149554429957951
215500,28.434027777777775,-0.00023621594943813693,-0.00023621594943813715,0.00018753785871138313,0.008468810115621554
216000,28.5,0.0003753572427735256,0.00037535724277352686,-0.002411645356283985,0.01271133032083211
216500,28.56597222222222,0.004658861059181337,0.004658861059181336,-0.0008340901516160475,0.011892415955825622
217000,28.631944444444446,-0.00015758938456690255,-0.00015758938456690032,-0.0004817922855589952,0.010493307247260013
217500,28.69791666666667,-0.0009564030437738412,-0.0009564030437738416,0.0017853921910561956,0.012638835043450718
218000,28.76388888888889,0.0005974623711271945,0.0005974623711271921,0.0011982027498752704,0.01109259856937748
218500,28.829861111111114,0.001973729269932909,0.0019737292699329037,-0.002397840813761753,0.01221437069837521
219000,28.895833333333332,-0.0025193475416578166,-0.0025193475416578196,-0.003577475320288617,0.010633840664245161
219500,28.961805555555557,0.001133460856318207,0.0011334608563182084,0.0017724260771400785,0.011404078621985185
220000,29.027777777777775,0.00017948789023247683,0.00017948789023247916,0.0012688539235309344,0.010099217318864165
220500,29.09375,-0.0007228276131928694,-0.0007228276131928716,-0.00039082261260252397,0.012447123108405428
221000,29.15972222222222,-0.0028064317438981482,-0.002806431743898142,0.0005724294103306722,0.011738144243245362
221500,29.225694444444446,-0.00014619921943244044,-0.00014619921943244163,-7.16447652777706e-05,0.013224954841711243
222000,29.29166666666667,0.00038594571863821383,0.0003859457186382111,-0.004843007963816302,0.00872872289798563
222500,29.35763888888889,0.0009074900189339329,0.0009074900189339311,-4.676163940664091e-05,0.011330687714293328
223000,29.423611111111114,-0.00033001845552159897,-0.0003300184555215962,0.006267789807804632,0.012683493383885225
223500,29.489583333333332,0.0033775247647278572,0.0033775247647278607,0.0013539328501763655,0.0111197340640194
224000,29.555555555555557,0.002591415841491668,0.002591415841491668,-3.105357100130176e-05,0.01157217321177787
224500,29.621527777777775,-0.0021171076269568354,-0.002117107626956835,-0.0017167304459970213,0.010438908182669874
225000,29.6875,0.0007435336716090039,0.0007435336716090072,-0.0019058382324510681,0.01330198981839676
225500,29.75347222222222,0.002579116973611962,0.0025791169736119595,-0.0010408441904227704,0.010489224469973166
226000,29.819444444444446,-0.001276941271885804,-0.001276941271885805,0.002017102165156591,0.012950182224667723
226500,29.88541666666667,-0.001684483422873151,-0.0016844834228731528,-0.002326522741679748,0.013344725251963114
227000,29.95138888888889,-0.0020769357457036623,-0.0020769357457036636,-0.004897443410029093,0.00904246652404663
227500,30.017361111111114,-0.0019152516672034194,-0.0019152516672034186,-0.001093953136722452,0.010460029486366266
228000,30.083333333333332,-0.0012587766930896513,-0.0012587766930896522,-0.0020267601658520776,0.011265421814375034
228500,30.149305555555557,0.0012570319568871362,0.0012570319568871364,-0.0012910619024602333,0.01374468874752979
229000,30.215277777777775,-0.0004972644909409343,-0.0004972644909409323,0.0028514153529031684,0.01099112470106672
229500,30.28125,1.7500120062018838e-05,1.7500120062019973e-05,0.0014352483990661279,0.00814306629096682
230000,30.34722222222222,0.00025504863735134413,0.00025504863735134164,0.0039029427067062816,0.010880959870788687
230500,30.413194444444446,-0.0019038478340518347,-0.0019038478340518336,-0.001941309533149825,0.010967085375036554
231000,30.47916666666667,0.0010805341770451383,0.0010805341770451383,0.00036131161619065765,0.00930030759924029
231500,30.54513888888889,0.0031362782803727174,0.003136278280372717,-0.001624948351993551,0.013400551273959307
232000,30.611111111111114,0.0008166273678920733,0.0008166273678920729,-4.2778525955308314e-05,0.010197210240870927
232500,30.677083333333332,0.0015980014903529145,0.0015980014903529151,0.0027368082712808895,0.010903130850359275
233000,30.743055555555557,-0.001336127829589864,-0.0013361278295898644,-0.0011277361112228958,0.013982457796171986
233500,30.809027777777775,0.00127948551675593,0.001279485516755933,0.002560392458131932,0.013493916269069105
234000,30.875,-0.0014982105446722546,-0.0014982105446722583,0.0006634243793420349,0.009926278162678853
234500,30.94097222222222,-0.001520637213095225,-0.0015206372130952242,-0.004078622965064928,0.013460328707028398
235000,31.006944444444446,0.000889107975896373,0.0008891079758963688,0.00023115397723929472,0.014839877090424112
235500,31.07291666666667,0.002024375006967494,0.002024375006967498,-0.0002321611557728694,0.012715794513659501
236000,31.13888888888889,0.0023179691145475685,0.0023179691145475685,-0.0004953911987368796,0.013157865519367816
236500,31.204861111111114,0.0027758708407215013,0.002775870840721499,0.0038441097191627845,0.013628286758293712
237000,31.270833333333332,-0.0016036645766213684,-0.0016036645766213666,0.002099724696603702,0.009719133972960847
237500,31.336805555555557,-0.0018923610841233233,-0.0018923610841233207,-0.0030221092684561413,0.011656671283735603
238000,31.402777777777775,0.0010854940577976228,0.0010854940577976258,-0.0032627601112947204,0.011520801087907909
238500,31.46875,-0.0003216899687552975,-0.0003216899687552971,-6.525339669393908e-05,0.01321919767899065
239000,31.53472222222222,0.0006133259492924355,0.0006133259492924344,-0.0015320321567094844,0.010582902413227544
239500,31.600694444444446,0.0015443971667956006,0.0015443971667956006,0.00018404774864592892,0.009910403186733805
240000,31.66666666666667,0.00040822870701653566,0.0004082287070165342,-0.0011080790161811808,0.011887558206321184
240500,31.73263888888889,0.00013515565432322438,0.00013515565432322305,0.0018616068011872901,0.01346144487830445
241000,31.798611111111114,-0.0037937017178040085,-0.0037937017178040137,-0.002360651476448448,0.01228930431256803
241500,31.864583333333332,0.0010028991636246416,0.0010028991636246449,0.0021073993558800483,0.009286036239560296
242000,31.930555555555557,-0.0010380633390323487,-0.0010380633390323496,9.332108388037923e-05,0.013208315806797894
242500,31.996527777777775,0.001365102422808198,0.0013651024228081966,0.0030427603295000937,0.010264585393217288
243000,32.0625,0.0026901153341402327,0.0026901153341402305,0.00034107494071005995,0.011894337594769712
243500,32.12847222222222,0.0006336147866858655,0.0006336147866858722,0.0002472211530406007,0.013453080269409248
244000,32.19444444444444,-0.00038739033299888583,-0.0003873903329988868,-0.002514027983861495,0.010332513271529044
244500,32.26041666666667,0.0019016101831944416,0.0019016101831944392,-0.0020429337076543225,0.012494378251774766
245000,32.326388888888886,0.0009487082372493372,0.0009487082372493404,-0.0006339693102150607,0.014279768684179054
245500,32.392361111111114,-0.002325611439024355,-0.002325611439024358,-0.005424236969671438,0.012319027631307447
246000,32.458333333333336,0.00038816621901139,0.0003881662190113911,0.0015002641255160464,0.01229955593281615
246500,32.52430555555556,-7.864172203589856e-06,-7.864172203587217e-06,-0.00426054454261015,0.009830012613193505
247000,32.59027777777778,0.00028825424166671246,0.000288254241666717,-0.003888232825095687,0.011914278079737025
247500,32.65625,-0.0005659491210291184,-0.000565949121029118,-0.0038554648854733768,0.010382215563946676
248000,32.72222222222222,-0.0028769974018964064,-0.0028769974018964103,0.0030923239782903985,0.008663627632591687
248500,32.78819444444444,-0.0005614962391941928,-0.0005614962391941951,-0.001352372210773434,0.008690074417204851
249000,32.85416666666667,0.0025085068600091817,0.0025085068600091786,-0.0037936701301839646,0.012546353549975164
249500,32.920138888888886,0.0026893246304932656,0.0026893246304932695,-0.002818680887433511,0.01431637997239467
250000,32.986111111111114,0.004643300799402117,0.0046433007994021265,0.0023986229451008717,0.010187979688319285
250500,33.052083333333336,-0.0009398168819369154,-0.0009398168819369152,0.0030217162416454136,0.011473612350675044
251000,33.11805555555556,0.0015601716371239087,0.0015601716371239068,0.0008741542696400547,0.011724206853452513
251500,33.18402777777778,0.0012007391374529942,0.0012007391374529914,-0.002387812193884005,0.011059682884726274
252000,33.25,0.001304305360815674,0.001304305360815678,-0.0031677379304703565,0.00543625513339555
252500,33.31597222222222,0.0010896771204151562,0.0010896771204151536,0.0019509916643506335,0.012587373190554321
253000,33.38194444444444,0.000647516853089775,0.0006475168530897721,-0.0010376693014537094,0.01221440353543993
253500,33.44791666666667,-0.00043674056732975823,-0.0004367405673297586,0.0019918325224600212,0.012237183151057372
254000,33.513888888888886,0.0015871719977666211,0.001587171997766622,0.00017554648240471153,0.012918935525013798
254500,33.579861111111114,-0.002177166786487519,-0.0021771667864875196,0.004140537939545104,0.008272809515340582
255000,33.645833333333336,-0.0002281947119100978,-0.00022819471191009815,-0.0014727461775333771,0.017084529198526932
255500,33.71180555555556,0.00040001372460448303,0.0004000137246044828,-0.0032190985667597525,0.010801018757979492
256000,33.77777777777778,-0.0013758866767261603,-0.0013758866767261632,0.0008698677743055475,0.012209898595337741
256500,33.84375,0.0017360807343126418,0.0017360807343126399,0.001339999160403964,0.017901926368747323
257000,33.90972222222222,0.0018527941029757113,0.00185279410297572,0.002433955901687289,0.014726900650502908
257500,33.97569444444444,0.0007447364620352102,0.0007447364620352083,-0.0013050951229498114,0.013842810955897412
258000,34.04166666666667,0.00046598631225498244,0.00046598631225498293,-0.001460490898551236,0.01348741899154116
258500,34.107638888888886,0.0029385584032711907,0.0029385584032711946,0.0016793773781198433,0.010359626487028189
259000,34.173611111111114,0.0011059677866856207,0.0011059677866856155,0.0018716880625802728,0.010418571107376687
259500,34.239583333333336,-0.0007753140159181321,-0.0007753140159181293,-0.0033276302349219225,0.013693246562632487
260000,34.30555555555556,-0.002074111307463179,-0.002074111307463174,0.004805442785712215,0.01077789010558141
260500,34.37152777777778,-0.0008151633407548506,-0.0008151633407548541,-0.0009153379262046838,0.011005640514778049
261000,34.4375,-0.0006378425017219183,-0.0006378425017219191,9.375809246969907e-06,0.013299442759403363
261500,34.50347222222222,0.0049559363524952224,0.004955936352495224,0.0038972856394521097,0.012394934140008248
262000,34.56944444444444,0.0013231924551644183,0.0013231924551644124,-0.0010992884232229614,0.0160062785708051
262500,34.63541666666667,0.0013016394626666084,0.0013016394626666071,-0.00034539786966222375,0.009695430557810285
263000,34.701388888888886,-0.0009837688808201181,-0.000983768880820114,0.003649554780945831,0.011993196831548371
263500,34.767361111111114,0.0018740767996258565,0.0018740767996258576,-0.003061745786507763,0.013383115726195917
264000,34.833333333333336,0.0008735367241645292,0.0008735367241645303,0.0006256771279102432,0.011104810997187797
264500,34.89930555555556,0.002041322141914703,0.002041322141914705,0.002320034419809093,0.007837645377613797
265000,34.96527777777778,0.0036438401431088804,0.003643840143108879,0.002622325380100659,0.012302910453793097
265500,35.03125,0.00023643073137689813,0.0002364307313768954,0.0010396447366836552,0.01405087356876527
266000,35.09722222222222,-0.0034474003170376372,-0.003447400317037634,-0.0002504538242263982,0.011695275693608422
266500,35.16319444444444,9.719410115672076e-06,9.719410115673008e-06,0.004980760226509404,0.01311916830409958
267000,35.22916666666667,-0.001237565949848851,-0.0012375659498488516,0.002752084521690759,0.01271319021127031
267500,35.29513888888889,-2.9994429814017817e-05,-2.9994429814018762e-05,0.0007937401265617052,0.014120957613318302
268000,35.361111111111114,0.00018978347038429045,0.00018978347038429,0.001680802962804088,0.01345224967038097
268500,35.427083333333336,0.001253518486306681,0.0012535184863066804,-0.0020244706354994504,0.012199826051257428
269000,35.49305555555556,-0.0034371174903809905,-0.003437117490380995,0.0011213459955756529,0.010345814501039968
269500,35.55902777777778,-0.0013085946317365142,-0.001308594631736515,0.0008064491592425871,0.012198755558984668
270000,35.625,0.004228121825212427,0.004228121825212427,0.004539608520639104,0.009773601199751259
270500,35.69097222222222,0.0009066194408308206,0.0009066194408308197,0.0012293744796210055,0.010308791911838183
271000,35.75694444444444,0.0018668491790694568,0.0018668491790694599,-0.00307561470752285,0.01233837275375573
271500,35.82291666666667,0.0014285443863451136,0.0014285443863451147,-0.0018143271024473832,0.013352638969755611
272000,35.88888888888889,5.260487880636759e-05,5.260487880636584e-05,-0.00036356835461026047,0.01120898449398878
272500,35.954861111111114,0.0008539411954774903,0.0008539411954774902,-0.0032634273428088878,0.009647634923258592
273000,36.020833333333336,0.0014492734303255842,0.001449273430325583,-0.005718765854137606,0.011683435395571007
273500,36.08680555555556,-0.0018949891940405665,-0.0018949891940405624,-0.0020263503735034705,0.013146555138016141
274000,36.15277777777778,0.001376116627490372,0.0013761166274903732,-0.0006699815979342485,0.011963261190902862
274500,36.21875,-0.0007474680424441471,-0.000747468042444147,-0.00010257633175581449,0.01228883519730158
275000,36.28472222222222,-0.0014135228505856117,-0.0014135228505856097,-0.0006405163958422485,0.014849437433615345
275500,36.35069444444444,0.00044822820547889855,0.0004482282054788981,-0.0022832293045440427,0.012344505456605086
276000,36.41666666666667,-0.001753224310132188,-0.0017532243101321826,0.0003966367178722064,0.011255965630975726
276500,36.48263888888889,-0.0002447675689366666,-0.0002447675689366674,-0.0036951027938311866,0.012207907984041047
277000,36.548611111111114,-0.0007173126382009737,-0.0007173126382009746,-0.0007441743469277119,0.013418457789186412
277500,36.614583333333336,0.0012486583594244868,0.0012486583594244845,0.0009344287367087646,0.012834235223763596
278000,36.68055555555556,0.001265519250429969,0.001265519250429968,0.0011460247694884188,0.010645898489148143
278500,36.74652777777778,0.0017007614971573308,0.0017007614971573286,0.0016714501297463366,0.012807318577605156
279000,36.8125,-0.0010503531965974776,-0.0010503531965974794,-0.00194105899909333,0.01067729869960558
279500,36.87847222222222,0.0012218001366538144,0.0012218001366538162,-0.003352893461837189,0.014237993431286221
280000,36.94444444444444,0.002535573775631394,0.00253557377563139,-0.0009589770498095039,0.013842728710299356
280500,37.01041666666667,0.0003487570771694331,0.00034875707716943344,0.0037191841752893216,0.014827658538825053
281000,37.07638888888889,-0.0012029916278213709,-0.0012029916278213676,0.0040517193332269994,0.012274343729823904
281500,37.142361111111114,-0.00044335690631788793,-0.0004433569063178844,-0.001732843401406821,0.01233677350170927
282000,37.208333333333336,-0.0024757812895423044,-0.0024757812895423057,-0.002127930153150012,0.008165036616843115
282500,37.27430555555556,-0.00064128014563289,-0.0006412801456328901,-0.0007287554463274126,0.010030751548123076
283000,37.34027777777778,0.0004365407075872006,0.00043654070758719827,-0.0006981506005289676,0.015452310556967509
283500,37.40625,0.0015354559923983404,0.0015354559923983404,-0.0020742684069751504,0.01572288345767893
284000,37.47222222222222,-0.000985585115279448,-0.0009855851152794479,-0.0018584994075097766,0.013026288328785546
284500,37.53819444444444,0.0008450961146276682,0.000845096114627668,0.0007589864919475865,0.011477279657169276
285000,37.60416666666667,-0.001516365697810272,-0.0015163656978102714,0.0029034886988218425,0.012139890758891969
285500,37.67013888888889,0.0019590030689837765,0.0019590030689837765,0.0007857149731347035,0.013412315801142487
286000,37.736111111111114,0.0012242303538953117,0.001224230353895312,-0.0034720160606674768,0.013366221658637814
286500,37.802083333333336,-0.0022895780101887136,-0.0022895780101887093,-0.001273860854147309,0.01324746885886334
287000,37.86805555555556,0.002927633700034086,0.002927633700034092,-0.00029583802448192114,0.010502214168049612
287500,37.93402777777778,0.002813136482653237,0.002813136482653231,0.00445614771114287,0.013681634205889378
288000,38.0,0.0037393013588435213,0.00373930135884352,0.004853703941270528,0.013945584222203784
288500,38.06597222222222,0.002626928245798911,0.002626928245798917,0.0016409592935333903,0.0104051288561613
289000,38.13194444444444,0.004952404131122912,0.004952404131122909,0.0009120414354640249,0.011137218933355683
289500,38.19791666666667,5.365088587790853e-05,5.365088587790801e-05,-0.004029217803815509,0.013303542014614375
290000,38.26388888888889,-0.0001926639663711468,-0.00019266396637114346,-0.003760448349041143,0.009810018325536383
290500,38.329861111111114,-0.0006649891479719984,-0.0006649891479719967,-0.00187697744539334,0.014078189707104003
291000,38.395833333333336,-0.0008893602483229564,-0.0008893602483229567,0.001110315068158992,0.013211903716435571
291500,38.46180555555556,0.004180634023775963,0.0041806340237759585,-0.0021652816383851714,0.010928125984009461
292000,38.52777777777778,0.002886986977892932,0.002886986977892929,0.0029192786175443993,0.012446468145429731
292500,38.59375,0.0035504943980501557,0.003550494398050157,-1.2483658946761784e-05,0.01531604248321983
293000,38.65972222222222,0.001103123663513415,0.0011031236635134151,0.00011160892218894742,0.013298248909772747
293500,38.72569444444444,0.0029587627019386675,0.0029587627019386736,-0.00107007152006617,0.0112392668495105
294000,38.79166666666667,0.0023708897511068075,0.002370889751106806,0.0005001614971032077,0.015367838061880712
294500,38.85763888888889,-0.002268992191473374,-0.002268992191473373,-0.001841727594291647,0.014412754279759979
295000,38.923611111111114,0.002934541728562879,0.0029345417285628725,-0.0021248409282013173,0.010055764773794326
295500,38.989583333333336,0.0016557819774316459,0.0016557819774316387,-0.0008664745691167893,0.012291716081253084
296000,39.05555555555556,0.002496255293284281,0.002496255293284286,0.0018754686760908137,0.011752423298461667
296500,39.12152777777778,-0.0022267703160232947,-0.0022267703160232907,0.0016462485332783131,0.012555763833908148
297000,39.1875,-0.0009428683012880731,-0.0009428683012880739,-0.0019324306203772396,0.013400113788414674
297500,39.25347222222222,0.0023935816030356783,0.002393581603035677,0.0005949294974444134,0.01165169816701502
298000,39.31944444444444,0.0016832483251255654,0.0016832483251255654,-0.0003936360648428967,0.011592465557048537
298500,39.38541666666667,0.0020558065076811847,0.0020558065076811912,-0.0014212594306281768,0.009650459006953388
299000,39.45138888888889,0.0009256538512873368,0.000925653851287338,-0.001508154520729333,0.013805510390154417
299500,39.517361111111114,-0.001503475942515589,-0.0015034759425155899,0.002281928728040914,0.012311434144362202
300000,39.583333333333336,0.0014848290457767693,0.0014848290457767698,-0.0005610533615802362,0.0151693927720173
300500,39.64930555555556,-0.0011091378631838012,-0.0011091378631838018,-0.0013663542964437957,0.011272916298757442
301000,39.71527777777778,-0.0012889287645656475,-0.0012889287645656488,-0.0012957925878904805,0.012873390990684283
301500,39.78125,0.00017190333173414105,0.0001719033317341391,0.0011241767108887725,0.013087386122146326
302000,39.84722222222222,0.003061269654799698,0.0030612696547996994,-0.0008393985773584177,0.01278888199111674
302500,39.91319444444444,0.0011948668155134991,0.0011948668155135002,0.0013790402886460073,0.013546674042493602
303000,39.97916666666667,0.00024336971361921074,0.0002433697136192125,-0.0017311257631116568,0.013310078093421107
303500,40.04513888888889,-0.0021092742688176777,-0.0021092742688176786,-0.0004650655250792668,0.013946306574486996
304000,40.111111111111114,-0.0005820945086727345,-0.0005820945086727357,0.002623533398725931,0.012808602113244617
304500,40.177083333333336,0.00020224883459573657,0.00020224883459573316,-0.0028484184829584208,0.014282134083438735
305000,40.24305555555556,-0.0007050419596063394,-0.0007050419596063418,-0.0015482026144103833,0.01689072320843677
305500,40.30902777777778,0.0010731871931759721,0.0010731871931759708,-0.0008437808217549732,0.013842475574177922
306000,40.375,-0.002509559487709324,-0.002509559487709326,0.0005981322974190656,0.013775019054877082
306500,40.44097222222222,0.0022579411642797286,0.0022579411642797286,0.006999706196815227,0.014737677669715671
307000,40.50694444444444,-0.0006200421958534263,-0.0006200421958534289,0.0028569957543538678,0.009579954263251967
307500,40.57291666666667,0.001401948456363084,0.0014019484563630854,-0.0011499179587615986,0.011352480136030315
308000,40.63888888888889,0.0005331342172655552,0.0005331342172655549,0.0017777587002625467,0.010151178208763876
308500,40.704861111111114,-0.001574083467503664,-0.0015740834675036627,0.0022310009948147257,0.01484732284090516
309000,40.770833333333336,-0.0015834878206876634,-0.0015834878206876656,0.0010687171478774545,0.010817815986908837
309500,40.83680555555556,0.0007615623241520927,0.0007615623241520913,0.0012512670412352354,0.014186524356522751
310000,40.90277777777778,0.0012615525213933048,0.001261552521393307,0.001764966908210729,0.01304225625345484
310500,40.96875,-0.0013365754738684748,-0.001336575473868477,0.001322237631469583,0.012780069220021287
311000,41.03472222222222,-0.0012721149564430508,-0.0012721149564430482,-0.001066951942124431,0.014074132918311858
311500,41.10069444444444,0.0022378346237040326,0.0022378346237040296,-0.0021007507979047576,0.015042783430370275
312000,41.16666666666667,0.004241401970476702,0.004241401970476696,0.001568779670739137,0.015437065386872185
312500,41.23263888888889,-0.0004914894145866713,-0.0004914894145866708,-0.0005959124609318988,0.013981671267533835
313000,41.298611111111114,-0.0014716809071874855,-0.0014716809071874883,0.0007834979669089765,0.016688352545948804
313500,41.364583333333336,-0.0033307972035778502,-0.003330797203577848,-0.000547968802305538,0.012137386028799362
314000,41.43055555555556,0.0001894880796719915,0.00018948807967199212,0.0035012305029697567,0.01657154296050211
314500,41.49652777777778,-0.0012361680536353916,-0.0012361680536353873,-0.00046805910104220504,0.010297931663492575
315000,41.5625,0.0012329890284187317,0.0012329890284187319,-0.0034664742076893633,0.010391080630996908
315500,41.62847222222222,0.0005897684692263903,0.0005897684692263883,-0.0006197910330550516,0.010753420343626934
316000,41.69444444444444,0.0016702022211172109,0.0016702022211172126,-0.0022460792878522527,0.012238408245363699
316500,41.76041666666667,0.001452079436848829,0.0014520794368488277,-0.0005707462148107624,0.011178478674085373
317000,41.82638888888889,-0.000871570251405227,-0.000871570251405227,0.0026611521916376788,0.007894330486907295
317500,41.892361111111114,0.0005303171929361283,0.0005303171929361286,0.0013156315583278588,0.012908304182071685
318000,41.958333333333336,0.0011562613438794815,0.0011562613438794792,0.0004430448920533329,0.012524510113831315
318500,42.02430555555556,-0.0008757550364838369,-0.0008757550364838369,-0.0026493244740705595,0.01533169931607665
319000,42.09027777777778,0.0005603489469195312,0.000560348946919527,0.00047517350996411414,0.010847114206972597
319500,42.15625,0.003388627824257496,0.0033886278242574955,0.001402148404852385,0.01642295688625699
320000,42.22222222222222,0.0021454667100080675,0.002145466710008069,0.001292121062766026,0.012464107649002167
320500,42.28819444444444,-0.0028463980319888924,-0.0028463980319888955,-0.0017068319802590866,0.014080760605005462
321000,42.35416666666667,0.0016365661353251763,0.0016365661353251757,-0.0025441974259591406,0.015050047904433015
321500,42.42013888888889,0.001607425933974239,0.00160742593397424,0.0035334139426211413,0.011349543604070205
322000,42.486111111111114,0.0006544716026472583,0.000654471602647254,-0.005631590935477927,0.012325840547302382
322500,42.552083333333336,-0.00116451977990862,-0.001164519779908621,-0.0008304807024801269,0.007578557908583499
323000,42.61805555555556,-0.000571986034428946,-0.0005719860344289408,0.002954280334626012,0.011636688739762212
323500,42.68402777777778,0.0011630706950637166,0.0011630706950637156,0.0007825769700948802,0.013784918264123255
324000,42.75,0.0001380640793249992,0.00013806407932500097,0.002219501804156493,0.01581492784201739
324500,42.81597222222222,0.0006351867109730163,0.0006351867109730149,0.0026416906330835287,0.010537100079284238
325000,42.88194444444444,7.110638197708144e-05,7.110638197708147e-05,0.0028079126782661504,0.011009240109382359
325500,42.94791666666667,-0.00011735099376968058,-0.0001173509937696784,0.001705127679836273,0.011590446248835703
326000,43.01388888888889,0.0018192645879806406,0.00181926458798064,0.002411685088787259,0.01398149081290878
326500,43.079861111111114,0.0014320057997601662,0.0014320057997601681,0.0030851387488600585,0.012761825549476564
327000,43.145833333333336,-0.0008930120613837431,-0.0008930120613837422,0.001824318441959708,0.01190893192079961
327500,43.21180555555556,-0.0016538424025615388,-0.0016538424025615405,0.003927625557280244,0.013102324365540582
328000,43.27777777777778,-0.002810113053705295,-0.002810113053705292,-0.00030650368878236346,0.013991115528828604
328500,43.34375,0.003091639267502505,0.0030916392675025086,-0.0009300662586201019,0.013928150955571917
329000,43.40972222222222,0.0044776358341230135,0.004477635834123003,0.0018378806087710738,0.011940715015951895
329500,43.47569444444444,0.0030977293220693625,0.0030977293220693617,0.0031171617163417422,0.01669245721241024
330000,43.54166666666667,-0.00042442324475931714,-0.00042442324475931573,0.002236748040924977,0.01392157346901829
330500,43.60763888888889,0.0010815020737689467,0.0010815020737689445,0.0005337065376089046,0.013706923754592721
331000,43.673611111111114,-0.0013606821927787131,-0.001360682192778709,-0.00040610105472778336,0.015307840652634672
331500,43.739583333333336,-0.0007780196483772737,-0.0007780196483772705,4.183609548547603e-05,0.010458710827637784
332000,43.80555555555556,0.001565766438252409,0.0015657664382524082,0.0004427182259652173,0.018868130855626785
332500,43.87152777777778,-0.002783568233490019,-0.002783568233490018,0.0023323867784973617,0.010554155276493112
333000,43.9375,0.00044680185002310267,0.00044680185002310223,0.003051728307319033,0.01029899941844557
333500,44.00347222222222,-0.0009959388613477243,-0.0009959388613477245,0.002105652539862199,0.01113079930182765
334000,44.06944444444444,0.0006387789155112182,0.0006387789155112165,0.001492719401915705,0.015194649884637994
334500,44.13541666666667,0.0030967911704405,0.003096791170440494,-0.004031061372021034,0.014583902109993907
335000,44.20138888888889,0.0020679382206800394,0.002067938220680037,0.0029434628929760364,0.014863307715670694
335500,44.267361111111114,0.00031252070474473685,0.0003125207047447357,0.0014910194016537685,0.009361005161465274
336000,44.333333333333336,-0.0006471230929989746,-0.0006471230929989754,-0.0001024932080194397,0.012539254059242808
336500,44.39930555555556,0.0009957045820145338,0.0009957045820145254,-0.0008190138802221003,0.013993916530841692
337000,44.46527777777778,0.005092306371427936,0.0050923063714279375,0.002942816332563079,0.014759543483974048
337500,44.53125,6.494493156181687e-06,6.4944931561805065e-06,0.003805904126475815,0.01094536912152702
338000,44.59722222222222,-0.0023433189376986093,-0.002343318937698606,0.0013753861613721152,0.014919586654067243
338500,44.66319444444444,0.0007643631105565848,0.0007643631105565845,0.004771632811081324,0.013744072030749326
339000,44.72916666666667,0.00033021767052539367,0.00033021767052539524,-0.00018348083244698797,0.012834053849320626
339500,44.79513888888889,0.0003241449391543139,0.0003241449391543155,-0.001443157100523704,0.011332017351822748
340000,44.861111111111114,9.903505291625747e-05,9.903505291625672e-05,8.322655188487227e-05,0.013963638932015852
340500,44.927083333333336,0.0004697406323009591,0.0004697406323009587,0.0001567640089139,0.016377742721027877
341000,44.99305555555556,0.0010548613223762154,0.0010548613223762143,0.002288431510311946,0.010806282011103643
341500,45.05902777777778,0.0008275507348417505,0.0008275507348417497,0.0010283135543294921,0.014219408864917417
342000,45.125,-0.0011082406162145908,-0.0011082406162145914,0.0033046688164878185,0.013421610954675861
342500,45.19097222222222,-0.0018027912808922658,-0.0018027912808922636,-0.0007939425308734644,0.012651866803388742
343000,45.25694444444444,-0.00148724811248888,-0.0014872481124888783,0.0002562433585833474,0.016353918894780373
343500,45.32291666666667,-4.5372600560308507e-05,-4.5372600560308866e-05,0.002427668829774839,0.013709774850954197
344000,45.38888888888889,-0.0002587121078870578,-0.0002587121078870586,0.0035574092034589065,0.012479112798303476
344500,45.454861111111114,-0.0012624317882451617,-0.0012624317882451632,0.00027259748067983043,0.01284633921118732
345000,45.520833333333336,-0.0003524379759086198,-0.00035243797590861937,7.463850761590493e-05,0.01131441062915448
345500,45.58680555555556,0.003141812440845064,0.003141812440845066,0.00055637448002909,0.011709132047696977
346000,45.65277777777778,0.002595671887363497,0.002595671887363495,-0.0020345768205221157,0.010507563407735185
346500,45.71875,0.0035776182635129704,0.003577618263512971,-0.002973919453061445,0.012790372923237476
347000,45.78472222222222,0.0016147072874090275,0.0016147072874090262,-0.0009460318785711229,0.01797533225299142
347500,45.85069444444444,0.001766733577469136,0.0017667335774691308,0.005825525091560663,0.014738108880144653
348000,45.91666666666667,0.000283373869060736,0.0002833738690607403,-0.0010991904095537881,0.014741595466098847
348500,45.98263888888889,-0.0004560895013520451,-0.00045608950135205,0.0018988159055463288,0.0130645070492661
349000,46.048611111111114,0.001424898116757986,0.001424898116757981,0.000858399120782756,0.01619984179571842
349500,46.114583333333336,-0.0015845219284739258,-0.0015845219284739346,0.00026017012768727053,0.01653806617658744
350000,46.18055555555556,-0.001151092807771716,-0.0011510928077717137,0.0018890562116108298,0.01363603648606324
350500,46.24652777777778,0.0007585860698437823,0.0007585860698437828,-0.0017189498127683476,0.011918801313415465
351000,46.3125,6.725528119809205e-05,6.725528119809421e-05,0.0018988268743384018,0.011951533508672795
351500,46.37847222222222,0.00236215020356538,0.0023621502035653767,-0.0035185489381593317,0.014634677545191089
352000,46.44444444444444,-0.0002465648363667183,-0.0002465648363667184,-0.0027312216965817344,0.016265283915948576
352500,46.51041666666667,0.0001972105619851062,0.00019721056198510495,-0.001298428949667669,0.01508848945996619
353000,46.57638888888889,-0.002808220577084353,-0.0028082205770843544,0.0020155063972936986,0.013121178303058352
353500,46.642361111111114,0.002585012415739803,0.002585012415739807,2.906372496978161e-05,0.01456691330816529
354000,46.708333333333336,0.0001604439814265699,0.00016044398142657458,-0.003220019902625773,0.01351381145097067
354500,46.77430555555556,-0.00028761059639931176,-0.0002876105963993114,-0.0007962676302831565,0.010912926873647312
355000,46.84027777777778,0.0014705081614039132,0.0014705081614039136,-0.00012108450362852341,0.013818758095751718
355500,46.90625,0.001285762178847837,0.0012857621788478358,-0.0004002813233460285,0.014933125611057035
356000,46.97222222222222,0.0035229279040879784,0.0035229279040879845,0.0003543759798894251,0.012858344637965929
356500,47.03819444444444,-0.0008362790071542265,-0.000836279007154225,-0.0010312969609884493,0.013292106123912895
357000,47.10416666666667,0.0017003664570679308,0.0017003664570679293,0.0011723908339802721,0.015306146848452572
357500,47.17013888888889,0.0018128345746830402,0.0018128345746830407,-0.004045778933877647,0.011979522814921354
358000,47.236111111111114,0.00012414192530387684,0.00012414192530387435,0.004022985804024234,0.013254367802117663
358500,47.302083333333336,-0.0015038806869500743,-0.0015038806869500665,-0.0012081336640428488,0.014673698709848446
359000,47.36805555555556,2.2686323805893966e-05,2.268632380589702e-05,-0.00042426667875157385,0.015339202014607197
359500,47.43402777777778,0.002923523890362762,0.0029235238903627617,-0.0036317051922032093,0.017317894284763918
360000,47.5,-0.0015123553811582327,-0.0015123553811582334,-0.0002828151488276083,0.012370277643164009
360500,47.56597222222222,0.0032519910643580966,0.0032519910643581,0.0027070764714137545,0.01773889696511764
361000,47.63194444444444,-0.0002401346501668206,-0.00024013465016682042,0.001130542471927852,0.010061000094972856
361500,47.69791666666667,-0.0011527264659199263,-0.0011527264659199278,-0.0003137313013870297,0.014528530767470451
362000,47.76388888888889,0.0012631332148137656,0.0012631332148137647,-0.0028070265499673904,0.013028845515173028
362500,47.829861111111114,0.0028211711609683306,0.002821171160968324,-0.0032208040052902824,0.014286204728750798
363000,47.895833333333336,0.00044380923504591603,0.00044380923504591815,0.00022457613703271266,0.01438699831689091
363500,47.96180555555556,-0.0017459562498307747,-0.0017459562498307758,0.002148483355398838,0.013017941308338905
364000,48.02777777777778,0.0015017569052606127,0.0015017569052606136,-0.0007285997150286802,0.015966363756476396
364500,48.09375,-0.0028788495172387,-0.0028788495172387004,-0.0027397156493348977,0.014981620278917009
365000,48.15972222222222,7.481617396888683e-06,7.481617396889055e-06,0.0010987000357134443,0.015025810673101178
365500,48.22569444444444,-0.00028326832530091374,-0.00028326832530091477,0.0034144941141873984,0.015488901688872847
366000,48.29166666666667,-0.0009528810930206028,-0.0009528810930206023,0.002689520112939207,0.011262654980657517
366500,48.35763888888889,0.0016461624419018754,0.0016461624419018773,0.0052025659743382005,0.015191444371694214
367000,48.423611111111114,7.981351214303869e-05,7.981351214303533e-05,0.000964900799155261,0.013226939255501877
367500,48.489583333333336,0.00014325157136633792,0.00014325157136633828,-0.00044760270777700775,0.01604357618369965
368000,48.55555555555556,0.0005114730845328599,0.0005114730845328597,-4.2920203937813145e-05,0.014352380726256688
368500,48.62152777777778,0.00139583977230568,0.0013958397723056785,0.0015859925813328025,0.013332450003119448
369000,48.6875,0.001648437932600424,0.0016484379326004246,0.0009676481343317833,0.009964182581018234
369500,48.75347222222222,0.0022578954314455054,0.0022578954314455136,0.00031253667674996697,0.012821519405181392
370000,48.81944444444444,-0.0005067719280511527,-0.0005067719280511496,0.002513490041237392,0.012262787063271453
370500,48.88541666666667,-0.002926507998102678,-0.0029265079981026765,0.0009896603922680386,0.011157657596532759
371000,48.95138888888889,-0.0005300641505195547,-0.0005300641505195559,0.00166226059756409,0.015312596280696509
371500,49.017361111111114,0.0019215203206004827,0.0019215203206004849,-0.0012412164883198358,0.013132307686933714
372000,49.083333333333336,-0.0015473692301660729,-0.0015473692301660737,0.0029109760288566653,0.014656901644829232
372500,49.14930555555556,0.0016681481335636726,0.0016681481335636744,0.0019176224381691608,0.00954030257384694
373000,49.21527777777778,0.00010828946471105321,0.0001082894647110577,0.0009974052635446464,0.013529878160273527
373500,49.28125,0.0006666328267137693,0.0006666328267137739,0.0015261142978412038,0.012947862101178475
374000,49.34722222222222,0.0010873457179808275,0.0010873457179808278,-7.519988690448399e-05,0.016898608172079055
374500,49.41319444444444,-0.00021901331692621034,-0.00021901331692620696,7.165690750952694e-06,0.01478886563367204
375000,49.47916666666667,-0.0015809380706169112,-0.0015809380706169132,0.003890606100526501,0.014071498143642495
375500,49.54513888888889,0.0016316863580721325,0.001631686358072129,0.0027448503325741684,0.011800752153217017
376000,49.611111111111114,0.004024593473262132,0.0040245934732621325,0.0022785174599600825,0.015422389798727737
376500,49.677083333333336,0.00097276782055031,0.00097276782055031,-0.0007104983600023869,0.015473467874084367
377000,49.74305555555556,-5.871019366994096e-05,-5.871019366993916e-05,0.0016752249284182467,0.013600181933802032
377500,49.80902777777778,0.002113005056532584,0.0021130050565325814,-0.004177086978561306,0.014196137270499383
378000,49.875,-0.0008855437325809648,-0.0008855437325809648,-0.0019083965181502848,0.01576647053159514
378500,49.94097222222222,-0.00046599744179499805,-0.00046599744179500114,0.0028204936278084783,0.015721308812548747
379000,50.00694444444444,0.003358271933004932,0.003358271933004932,0.0009056116936889288,0.015893734702804984
379500,50.07291666666667,0.0026620318482578997,0.0026620318482579028,-0.0003260134231897871,0.018615471591087722
380000,50.13888888888889,0.0006751757528374609,0.0006751757528374627,-0.0025478628541290545,0.0139519078027044
380500,50.204861111111114,-0.001243076217582802,-0.001243076217582802,0.0015336444460165356,0.01280204705137856
381000,50.270833333333336,-0.0011502929068651483,-0.001150292906865149,0.0011294903143921977,0.015340756268048225
381500,50.33680555555556,0.0005539995676844802,0.0005539995676844819,-0.0008243619505280655,0.016145304737814923
382000,50.40277777777778,-0.004871754048491975,-0.004871754048491974,0.0017796720974940124,0.012796437424903913
382500,50.46875,-0.0007227231196661889,-0.0007227231196661885,-0.00177234126702311,0.013105169135372659
383000,50.53472222222222,0.00025456010178922855,0.0002545601017892253,0.002876695830023576,0.01775092129659601
383500,50.60069444444444,-0.00019457118983210077,-0.0001945711898321004,0.0017232439892227811,0.015656944740453052
384000,50.66666666666667,0.00042925646045620147,0.0004292564604562018,-0.0024454247918840586,0.013665583729379187
384500,50.73263888888889,-0.000532060645570196,-0.0005320606455701937,0.004064545331007729,0.014169495705765846
385000,50.798611111111114,-0.0022341084661380967,-0.0022341084661380937,0.0006404862724515536,0.013617912873368632
385500,50.864583333333336,-0.0005600258172363489,-0.0005600258172363482,-0.00046053805546193087,0.014139579017610997
386000,50.93055555555556,0.00248181972453445,0.0024818197245344517,-0.003715379444035646,0.01335866867274791
386500,50.99652777777778,0.0008739287780703347,0.0008739287780703317,0.0025034854365347426,0.012472741526112949
387000,51.0625,-0.0001936245772945541,-0.00019362457729455132,0.002961788328701728,0.012553504966408413
387500,51.12847222222222,0.0003236620389725862,0.0003236620389725858,-0.0008270926730635303,0.011245311689763346
388000,51.19444444444444,0.000992620066021843,0.000992620066021846,-0.0035942505495692697,0.011755242531605248
388500,51.26041666666667,0.0021621501730405904,0.0021621501730405895,-0.005370666810997045,0.013788982100929941
389000,51.32638888888889,-0.0009347819414274462,-0.0009347819414274481,-0.0005321891532972257,0.01383949299995298
389500,51.392361111111114,0.0023664468639719685,0.002366446863971964,-0.0004008222964493971,0.013214240405969043
390000,51.458333333333336,-0.0005194328617244675,-0.0005194328617244654,0.0016535576319030893,0.014350745809428423
390500,51.52430555555556,0.002902158579058305,0.0029021585790583054,-0.0004550360570030675,0.011446233073513522
391000,51.59027777777778,-0.0008754139906682121,-0.0008754139906682169,0.0012340225567475083,0.012737911088906415
391500,51.65625,-0.0022725240035357088,-0.002272524003535703,-0.00467304510156275,0.012225975633664489
392000,51.72222222222222,0.0008871477784651851,0.000887147778465185,0.0006121963578407483,0.01706237931612262
392500,51.78819444444444,-0.0032943148933557956,-0.0032943148933558004,0.004330188613315012,0.015524292470161967
393000,51.85416666666667,-0.0014166680180811603,-0.0014166680180811573,-0.001670613154743084,0.014145023548903526
393500,51.92013888888889,-0.001072764279974722,-0.0010727642799747267,-0.004192528491984696,0.014049317393707912
394000,51.986111111111114,-0.0015159810356347515,-0.0015159810356347523,0.0017985797782279192,0.01579045689279522
394500,52.052083333333336,0.00021444209410548755,0.00021444209410548804,0.001074422597242472,0.01749263138870309
395000,52.11805555555556,-0.0014628033500524297,-0.0014628033500524288,0.0013879830863509277,0.016911656735981228
395500,52.18402777777778,-0.0007967547456608615,-0.0007967547456608615,-0.001010523704492565,0.012596087142005835
396000,52.25,0.0024609589621717933,0.002460958962171792,0.004119829862145703,0.014712298954216184
396500,52.31597222222222,-0.0017897878789777085,-0.0017897878789777054,0.0030900416332308397,0.011663787047607309
397000,52.38194444444444,-0.0007697423565684346,-0.0007697423565684329,-0.0017129928652775633,0.011745792281288664
397500,52.447916666666664,-0.0018376342830545252,-0.0018376342830545228,-0.0032704453620230867,0.012063125306223247
398000,52.51388888888889,0.0015036921534717141,0.001503692153471711,0.0006931900030439111,0.014306441448616479
398500,52.579861111111114,0.0020603910000885233,0.0020603910000885177,0.0016280091495154013,0.01606515556068432
399000,52.64583333333334,-0.00423394112042012,-0.004233941120420113,0.0007207770318241092,0.01233683930685806
399500,52.71180555555555,0.0004889332391552082,0.0004889332391552071,0.004297437054269783,0.016413446925728128
400000,52.77777777777778,-8.877500165937792e-05,-8.877500165938002e-05,-0.0002504893433868292,0.014915647055866108
400500,52.84375,0.0008728909906011231,0.0008728909906011241,0.00037396407467865466,0.015633799649139746
401000,52.90972222222223,-0.0026584578874355056,-0.002658457887435506,0.0014095272037489383,0.016953454410742967
401500,52.97569444444444,-0.0032043237998715985,-0.0032043237998716,4.127392881996823e-05,0.011962788746278557
402000,53.041666666666664,-0.0027875870068635195,-0.0027875870068635174,3.163316066315512e-05,0.012240749038775015
402500,53.10763888888889,0.0008633006022343595,0.0008633006022343595,-0.0010722606128889783,0.01809542869447715
403000,53.173611111111114,-0.00031460976960400155,-0.0003146097696040014,-0.00017392299522179893,0.014180909959792952
403500,53.23958333333334,0.0030361083920986943,0.0030361083920986947,0.0024340520004836174,0.013499861927712915
404000,53.30555555555555,-0.003219127095241326,-0.0032191270952413283,0.004354810886806735,0.014510597196167863
404500,53.37152777777778,-0.006688868405595337,-0.006688868405595342,0.005152659190858835,0.01589507019599135
405000,53.4375,-0.003247316035587274,-0.0032473160355872754,0.0014797796614335458,0.016724842485580038
405500,53.50347222222223,-0.0037573662018258037,-0.0037573662018257933,0.0009053212905259292,0.017986816245862836
406000,53.56944444444444,-0.0038868002152186655,-0.0038868002152186586,0.005375069900961188,0.015386183109560298
406500,53.635416666666664,0.0005655316741193929,0.0005655316741193931,-8.291782068320395e-05,0.016210879348853943
407000,53.70138888888889,-0.0013790625920100915,-0.001379062592010092,0.0037804476893340557,0.016390172283074638
407500,53.767361111111114,-0.0023890734601493585,-0.0023890734601493603,-0.004181588725387691,0.014208828288102947
408000,53.83333333333334,0.0014197152182035815,0.0014197152182035809,0.0031049443607804603,0.01609402444171451
408500,53.89930555555555,-0.00272939311164149,-0.0027293931116414874,0.0012378819841507452,0.014419529874405618
409000,53.96527777777778,-0.0010460183624305566,-0.001046018362430561,-0.0005197479193292554,0.017064914774157718
409500,54.03125,-0.004568523606346175,-0.004568523606346175,0.0018861501661024112,0.017908792353763185
410000,54.09722222222223,-0.0022427171192195188,-0.002242717119219522,0.004648642365940302,0.01625568860050333
410500,54.16319444444444,-0.004670518285525931,-0.004670518285525933,-0.0011468756316925207,0.012245030424271067
411000,54.229166666666664,-0.0034011134010308998,-0.0034011134010309,0.0019350554243862462,0.018054911927932148
411500,54.29513888888889,-0.0035750257521332675,-0.003575025752133271,-0.0007164850679713292,0.017865421466949777
412000,54.361111111111114,-0.002965484683939923,-0.0029654846839399177,0.003388598894474772,0.019137405532459652
412500,54.42708333333334,-0.0013289127119316608,-0.0013289127119316603,0.00011696688717979366,0.018143432938508425
413000,54.49305555555555,-0.004218177095529762,-0.004218177095529758,-0.002847595118532701,0.016893482025046508
413500,54.55902777777778,-0.004925033585038049,-0.004925033585038055,0.004335076663450443,0.013824039372601904
414000,54.625,-0.002469833846524819,-0.0024698338465248136,0.0009247781903993419,0.016967833343300723
414500,54.69097222222223,-0.0024673462657717267,-0.0024673462657717232,-0.004604371390659149,0.015245434722630498
415000,54.75694444444444,-0.003387021197747367,-0.0033870211977473654,-0.0008029405326403183,0.013669235814860625
415500,54.822916666666664,0.00012204024176541515,0.00012204024176541661,-5.536325801699956e-05,0.018542525161014206
416000,54.88888888888889,-0.0010993659637288026,-0.0010993659637288016,0.00022722694115394424,0.014579494147356991
416500,54.954861111111114,-0.0005871378586303093,-0.0005871378586303095,0.0009963926861023254,0.01680580034040595
417000,55.02083333333334,-0.003601897074798877,-0.0036018970747988778,0.000838560658203169,0.019832255731170072
417500,55.08680555555555,-0.003296611352149993,-0.0032966113521499894,0.003259038382236985,0.01456638636414555
418000,55.15277777777778,-0.005002399947202181,-0.005002399947202181,-0.0013270453023971607,0.016698298960852342
418500,55.21875,-0.0016020017438197283,-0.001602001743819726,-0.002135284695033175,0.015875737403731143
419000,55.28472222222223,-0.006509609606381672,-0.006509609606381666,-0.0009459091359590688,0.015103273751601684
419500,55.35069444444444,-0.004165529653117068,-0.004165529653117072,-0.0014472642877821351,0.0182353099293707
420000,55.416666666666664,-0.0038352373979660404,-0.0038352373979660417,0.0001192038269227878,0.017016655357090307
420500,55.48263888888889,-0.002000248567975242,-0.002000248567975237,-0.0025519426983132082,0.018928341232041887
421000,55.548611111111114,-0.0057717394272603405,-0.005771739427260346,0.002363563686210867,0.015381048711212673
421500,55.61458333333334,-0.007089564171696555,-0.007089564171696555,0.004517726503237331,0.016201370158855585
422000,55.68055555555555,-0.004746074538594197,-0.004746074538594196,0.0033672260134363797,0.020126489660367917
422500,55.74652777777778,-0.005278136792596684,-0.005278136792596683,0.002070888374421519,0.01664372088324587
423000,55.8125,-0.005160131279469777,-0.0051601312794697755,-0.0013534910512166037,0.015758435830950594
423500,55.87847222222223,-0.004268695375234083,-0.004268695375234086,0.003321925960069172,0.01639403344699572
424000,55.94444444444444,-0.004031802739011402,-0.0040318027390114025,-0.0002509881970854364,0.019440263165963784
424500,56.010416666666664,-0.004616214134139401,-0.004616214134139398,-0.0010268757891808695,0.017199954158957625
425000,56.07638888888889,-0.0049137530594296945,-0.004913753059429698,-0.002096446056132627,0.01704901936887286
425500,56.142361111111114,-0.0020614453614304965,-0.0020614453614304956,-0.006377160918188398,0.022091171050279117
426000,56.20833333333334,-0.0003455752688930782,-0.0003455752688930769,0.0028221723128010376,0.019552548416181346
426500,56.27430555555555,-0.005069435230422497,-0.0050694352304225,0.002522287346307515,0.01677401545557439
427000,56.34027777777778,-0.006559757934139654,-0.006559757934139653,0.00048260348348621836,0.017435179747648466
427500,56.40625,-0.004303839433248704,-0.004303839433248709,0.0013347465165146127,0.022878106395706126
428000,56.47222222222223,-0.004295687655495025,-0.004295687655495025,-0.0032244075538336494,0.019858836545524956
428500,56.53819444444444,-0.007512689188755946,-0.0075126891887559435,0.0008151608427486898,0.016691874915201327
429000,56.604166666666664,-0.0104321304784382,-0.01043213047843818,-0.002085869825683532,0.018224419310786867
429500,56.67013888888889,-0.004534177608151848,-0.004534177608151842,-4.520080071377943e-05,0.02074975601611375
430000,56.736111111111114,-0.00671817531690732,-0.006718175316907317,0.000902657400129302,0.015845457733387015
430500,56.80208333333334,-0.002576063797700792,-0.0025760637977007917,0.0012862829061741907,0.01986332577145433
431000,56.86805555555555,-0.007757399355266011,-0.007757399355266003,-5.75467759251069e-05,0.02126276120213238
431500,56.93402777777778,-0.007044277971980143,-0.007044277971980151,-0.0010379215286605873,0.021965535475154185
432000,57.0,-0.007979397713953092,-0.007979397713953089,0.0003560832147109037,0.020769356648343094
432500,57.06597222222223,-0.0077431834522834276,-0.0077431834522834146,0.00205201880096159,0.022876930853336305
433000,57.13194444444444,-0.009153670014251495,-0.009153670014251488,-6.152248374038946e-05,0.023811811295335644
433500,57.197916666666664,-0.008828375989627942,-0.008828375989627924,0.0013179233386903513,0.020904904416685084
434000,57.26388888888889,-0.009938154416434933,-0.009938154416434938,-0.0036581271433295116,0.02387725533997241
434500,57.329861111111114,-0.006295242325313252,-0.006295242325313252,-0.0026745190788510327,0.021263618849511622
435000,57.39583333333334,-0.009573840095384258,-0.00957384009538426,-0.002637413319826952,0.019647958764853146
435500,57.46180555555555,-0.006365986736632846,-0.006365986736632842,-0.0033222298929025326,0.024765326786916352
436000,57.52777777777778,-0.01063748996885259,-0.010637489968852595,0.003058736401898831,0.02451466826304122
436500,57.59375,-0.009478908216754543,-0.009478908216754546,0.001703202172596804,0.022884729095543028
437000,57.65972222222223,-0.007960466478856997,-0.007960466478856988,0.003411852240406065,0.02265582424095872
437500,57.72569444444444,-0.010755094767039869,-0.010755094767039857,0.0004109235220557403,0.020064569302678584
438000,57.791666666666664,-0.013937023563553159,-0.013937023563553164,-0.00015037914423981228,0.025467274641886067
438500,57.85763888888889,-0.006955575297481813,-0.0069555752974818,0.003293255367327384,0.023477296719115207
439000,57.923611111111114,-0.016020770191202998,-0.016020770191202988,0.0034722031202716304,0.022482280785133167
439500,57.98958333333334,-0.011359458290020776,-0.011359458290020776,0.0004659864818992504,0.02635351483526743
440000,58.05555555555555,-0.013395371779462449,-0.01339537177946245,-0.0027985348744987964,0.025473466670700422
440500,58.12152777777778,-0.01217116973667001,-0.012171169736670017,-0.0029302494226886903,0.02618635322939156
441000,58.1875,-0.013756510778000197,-0.013756510778000195,0.0036994545429344466,0.02513301306151897
441500,58.25347222222223,-0.014148576323770076,-0.01414857632377009,-0.001119310550247348,0.025909953394401743
442000,58.31944444444444,-0.014344339772012459,-0.014344339772012469,0.0011471534586786102,0.03205024291606138
442500,58.385416666666664,-0.014391959572263946,-0.014391959572263949,0.0001872598989395376,0.02472583260131104
443000,58.45138888888889,-0.01202851801221251,-0.01202851801221253,0.0006742589989917695,0.03044852152456288
443500,58.517361111111114,-0.013676326989800862,-0.013676326989800869,0.007303727851250952,0.03137097433123198
444000,58.58333333333334,-0.014650713939866644,-0.014650713939866656,0.0006805397949957298,0.028584831987115113
444500,58.64930555555555,-0.014379428293885317,-0.014379428293885322,-0.0005770520041939686,0.03001740923984973
445000,58.71527777777778,-0.016660500657060165,-0.016660500657060182,0.00046660435100485937,0.031259338006109055
445500,58.78125,-0.016285701289974794,-0.0162857012899748,-0.0011699217132596336,0.03160548043510103
446000,58.84722222222223,-0.01844217362261551,-0.01844217362261551,0.002924577413000052,0.03216300425619454
446500,58.91319444444444,-0.018061650252154154,-0.01806165025215415,0.00015660084942303211,0.035651421342056455
447000,58.979166666666664,-0.01458659911902844,-0.014586599119028468,-0.0031308901699575427,0.033882153806796794
447500,59.04513888888889,-0.01876102318325121,-0.01876102318325124,-0.0001092083923909088,0.0319946899654759
448000,59.111111111111114,-0.018461675057150215,-0.018461675057150215,-0.005867229342046375,0.035596145818625406
448500,59.17708333333334,-0.016521447365106034,-0.016521447365106034,-0.004381485552261541,0.032559457153910405
449000,59.24305555555555,-0.0160403087999229,-0.01604030879992291,0.0007041927573859623,0.032416915152315234
449500,59.30902777777778,-0.019057046678292566,-0.019057046678292562,0.002797321499163282,0.03627746461398445
450000,59.375,-0.020473024330456082,-0.020473024330456092,-0.0013228506997014927,0.03791632530299331
450500,59.44097222222223,-0.017379209109124532,-0.01737920910912456,0.0015546857477892302,0.040937813173471026
451000,59.50694444444444,-0.01932932828804905,-0.019329328288048994,0.0022878200798145923,0.037250395245603744
451500,59.572916666666664,-0.0186408847192445,-0.018640884719244483,0.002516739338210392,0.03796788830317692
452000,59.63888888888889,-0.02309010483126884,-0.023090104831268877,0.0015431836339448383,0.040061635385159625
452500,59.704861111111114,-0.021467503071887013,-0.021467503071887023,-0.0003682269435873688,0.03873146623237116
453000,59.77083333333334,-0.02257637682355006,-0.022576376823550025,-0.00046426601049796493,0.04353802563054608
453500,59.83680555555555,-0.02547962450889086,-0.025479624508890835,0.00033610457242369974,0.042509182433656256
454000,59.90277777777778,-0.02573732695555318,-0.025737326955553183,-0.0031806397060369467,0.043954117001975976
454500,59.96875,-0.02956126361733335,-0.02956126361733339,-0.002740239542538726,0.04337731049303622
455000,60.03472222222223,-0.026514682068029042,-0.026514682068029066,0.002524112159665294,0.04200415231128588
455500,60.10069444444444,-0.02802173341237224,-0.028021733412372202,-0.0059171208518390426,0.04609013235902714
456000,60.166666666666664,-0.026267858262984313,-0.026267858262984348,0.00045430212770108366,0.045683611853044245
456500,60.23263888888889,-0.025873854964685004,-0.025873854964684986,-0.0013417742797668859,0.04581748783319391
457000,60.298611111111114,-0.02776557824129594,-0.02776557824129593,-0.004284435628882845,0.047042980987555154
457500,60.36458333333334,-0.03171172570337166,-0.031711725703371635,0.002835580658022126,0.04911882858028962
458000,60.43055555555555,-0.028147399405556803,-0.028147399405556803,-0.004774506880598787,0.04973837522922656
458500,60.49652777777778,-0.03489468265476357,-0.034894682654763594,-0.0010964466972937905,0.04779778679974588
459000,60.5625,-0.03342248008956435,-0.03342248008956434,0.0013748996721401798,0.049708779951242565
459500,60.62847222222223,-0.03292908045309844,-0.03292908045309838,-0.002545088530088624,0.05248641443225329
460000,60.69444444444444,-0.03398533113043204,-0.03398533113043213,0.0018262773385282558,0.05366433181462407
460500,60.760416666666664,-0.03364075488728788,-0.033640754887287856,0.003288762877196205,0.05334247703147653
461000,60.82638888888889,-0.0356186137076848,-0.035618613707684814,-0.002918654191780576,0.05071044477428354
461500,60.892361111111114,-0.03291059609931348,-0.03291059609931344,0.0031863843386366153,0.05440253761384714
462000,60.95833333333334,-0.03510895801609367,-0.03510895801609369,-0.0010527739775013786,0.05129802441735946
462500,61.02430555555555,-0.037756243128911536,-0.03775624312891155,0.0026175167387901903,0.05720853350215335
463000,61.09027777777778,-0.034131144322793204,-0.03413114432279324,0.0011292242193929325,0.056228383761163375
463500,61.15625,-0.03455784324795129,-0.03455784324795132,-9.38626598407394e-07,0.05622027214336571
464000,61.22222222222223,-0.0362105035087341,-0.036210503508734136,0.0016319705225595726,0.05905377095992262
464500,61.28819444444444,-0.041513399628978744,-0.04151339962897879,-0.00012369607040347877,0.058470576243110826
465000,61.354166666666664,-0.0417448264269993,-0.04174482642699929,0.0002836545029917042,0.060308611147996995
465500,61.42013888888889,-0.04104081319748866,-0.04104081319748865,-0.002827998730652728,0.05991234642236491
466000,61.486111111111114,-0.03813631232011253,-0.0381363123201125,0.001328965079478411,0.060435395916468945
466500,61.55208333333334,-0.044211728450078404,-0.044211728450078425,0.000847084908747483,0.06331652731537375
467000,61.61805555555555,-0.03778072752372561,-0.037780727523725716,-0.005723493451429394,0.0639414777887924
467500,61.68402777777778,-0.042308189027281985,-0.04230818902728197,-0.0030065813882184447,0.06550254921778327
468000,61.75,-0.04574346285161799,-0.04574346285161794,0.002526697738823259,0.0648805175797993
468500,61.81597222222223,-0.046813601393850574,-0.04681360139385057,-0.002870670037444307,0.06907468673971282
469000,61.88194444444444,-0.04947261343353443,-0.04947261343353446,0.001838994575030028,0.06759555673753471
469500,61.947916666666664,-0.04435555654876677,-0.044355556548766835,0.0001441829918572354,0.06948685299259455
470000,62.01388888888889,-0.045873554161621255,-0.045873554161621255,0.0007291630754478803,0.06891257840931224
470500,62.079861111111114,-0.04606466092434163,-0.04606466092434164,-0.0031819107623702295,0.0693333456073777
471000,62.14583333333334,-0.044517642407194954,-0.04451764240719492,-0.0018769936648931156,0.07113013745964598
471500,62.21180555555555,-0.048499404076086924,-0.048499404076086966,-0.0030140186371466105,0.07288358574631713
472000,62.27777777777778,-0.05139648314829506,-0.05139648314829508,0.00017552378336969208,0.07333457734121257
472500,62.34375,-0.04653521194583612,-0.04653521194583614,-0.006455136099477014,0.07294096629530285
473000,62.40972222222223,-0.049316398247489325,-0.0493163982474894,0.0007421876138116741,0.07538034044939387
473500,62.47569444444444,-0.053757725380175335,-0.05375772538017529,0.0005417018018741045,0.07555268453901684
474000,62.541666666666664,-0.05240795171917951,-0.05240795171917951,-0.0001656395907953166,0.0779782436987443
474500,62.60763888888889,-0.050584717892146136,-0.05058471789214616,0.00042955528040419653,0.07732681010367075
475000,62.673611111111114,-0.05463661366707554,-0.054636613667075576,-0.00028230357169784463,0.08005619401961978
475500,62.73958333333334,-0.05393081805520616,-0.05393081805520615,0.0003555273500130768,0.07955678940970617
476000,62.80555555555555,-0.05418939849313402,-0.05418939849313404,0.0014335310002215318,0.0812189411891903
476500,62.87152777777778,-0.05595774657851053,-0.055957746578510534,-0.001446687553661248,0.08338816431166304
477000,62.9375,-0.0588211807194705,-0.0588211807194705,0.00027568406940314913,0.08267132139886657
477500,63.00347222222223,-0.057174855823806055,-0.057174855823806096,-0.002289939406388583,0.08298913756993602
478000,63.06944444444444,-0.06058025448233568,-0.060580254482335685,0.00362619050111958,0.08602716460784199
478500,63.135416666666664,-0.057129727526097046,-0.057129727526096984,-0.00016497518211562478,0.0853503640821991
479000,63.20138888888889,-0.061587932031990957,-0.06158793203199098,-0.00033905839191655996,0.08775204760270255
479500,63.267361111111114,-0.06296250060728435,-0.06296250060728434,-0.0024679961212952634,0.09161063151941139
480000,63.33333333333334,-0.0645339045970781,-0.06453390459707802,0.0005185916786892078,0.08656050538907034
480500,63.39930555555555,-0.06581976468353581,-0.0658197646835358,-0.0010812092535924984,0.0929213339781894
481000,63.46527777777778,-0.06607758258467678,-0.06607758258467684,-0.00544559835142019,0.09395812862826879
481500,63.53125,-0.06504885841326614,-0.06504885841326623,-0.001184312907751688,0.09416104631533082
482000,63.59722222222223,-0.07024533305250891,-0.07024533305250891,-0.0009315802978149843,0.09456168582307642
482500,63.66319444444444,-0.06472773696616871,-0.0647277369661687,0.002365680708307513,0.09815003149573015
483000,63.729166666666664,-0.07383612430745036,-0.07383612430745053,-0.0008756406980867861,0.0972016716643329
483500,63.79513888888889,-0.07100953683149558,-0.07100953683149562,-0.0006098636147643165,0.09954716965232638
484000,63.861111111111114,-0.07132806775678054,-0.07132806775678054,-0.00023428988901681803,0.10034104023977553
484500,63.92708333333334,-0.07439181618164876,-0.07439181618164879,0.0010509049178888843,0.10393914592213212
485000,63.99305555555555,-0.07458231668246974,-0.07458231668246976,-0.0007104451811470111,0.10219716150666312
485500,64.05902777777777,-0.07783245369333516,-0.07783245369333502,0.0010075131033311629,0.10532245036703886
486000,64.125,-0.07236203391565675,-0.07236203391565675,-0.0010039253484287983,0.10626340784453486
486500,64.19097222222223,-0.07552745331337672,-0.07552745331337674,0.003046736448474189,0.10874663309697817
487000,64.25694444444444,-0.07813349168630666,-0.07813349168630669,-0.0011926483748096696,0.1080627996930664
487500,64.32291666666667,-0.07967908985102316,-0.07967908985102311,0.0013826940428485596,0.11125571295145881
488000,64.38888888888889,-0.07991979305805733,-0.07991979305805728,-0.0009893724048729566,0.10984240930399308
488500,64.45486111111111,-0.08052957533334075,-0.08052957533334074,-0.0017834100193598005,0.1120812483814612
489000,64.52083333333334,-0.08154678003286735,-0.0815467800328674,-0.0009803838605889582,0.11173826823367643
489500,64.58680555555556,-0.08316367419710638,-0.08316367419710635,0.0018311103482827917,0.11201642669063246
490000,64.65277777777777,-0.08569667767113935,-0.08569667767113942,0.0008453073690087663,0.1142551930758717
490500,64.71875,-0.08668988474042852,-0.08668988474042853,-0.007619880060812798,0.11027697861835403
491000,64.78472222222223,-0.0854380675245287,-0.08543806752452869,0.000366795900556685,0.11674642396369765
491500,64.85069444444444,-0.0870362139395165,-0.08703621393951642,0.0021020320711553327,0.11768058154987715
492000,64.91666666666667,-0.089330908205733,-0.08933090820573317,-0.003004247111961206,0.11768989945340617
492500,64.98263888888889,-0.08981033060407165,-0.0898103306040716,0.0038045253870765618,0.12144142977639266
493000,65.04861111111111,-0.0859008871796109,-0.08590088717961096,-0.0010885439275118008,0.12283505992409366
493500,65.11458333333334,-0.08909138241492677,-0.0890913824149267,0.0002621516797921432,0.11937562397029836
494000,65.18055555555556,-0.09060945241392634,-0.0906094524139264,0.00021298723321931705,0.12432076834621716
494500,65.24652777777777,-0.09004514488626546,-0.09004514488626554,-0.0030901855769089625,0.1246818284611261
495000,65.3125,-0.09286392296802075,-0.09286392296802079,-0.002374065665103415,0.12765664989720094
495500,65.37847222222223,-0.09321484763745713,-0.09321484763745719,-0.00026042830317659016,0.12428635418257176
496000,65.44444444444444,-0.09498268966983384,-0.0949826896698338,-0.0008467948856286626,0.12396385398975979
496500,65.51041666666667,-0.09497640895704995,-0.09497640895705003,0.00019441098824256545,0.1312354169718758
497000,65.57638888888889,-0.09597747512408666,-0.09597747512408662,0.0024438173024638747,0.1319308969826999
497500,65.64236111111111,-0.1009607316579748,-0.1009607316579748,-0.001775902110506244,0.13192270884538218
498000,65.70833333333334,-0.09696862069629847,-0.09696862069629839,-0.0009577835305068363,0.13263027111651307
498500,65.77430555555556,-0.1007762640639742,-0.10077626406397419,0.0054962315110345245,0.1334182671802466
499000,65.84027777777777,-0.10198988732325288,-0.10198988732325288,0.0001671376014757802,0.13543210021034385
499500,65.90625,-0.10375829545073262,-0.10375829545073254,0.004343070384960123,0.13696334045766084
500000,65.97222222222223,-0.10315121753770626,-0.10315121753770626,0.002865602327220707,0.13801521664218105
500500,66.03819444444444,-0.1022248638203733,-0.10222486382037348,0.0005734639567394791,0.13596757172841922
501000,66.10416666666667,-0.10743755324111874,-0.10743755324111863,-0.0013318790329397295,0.13552789760512424
501500,66.17013888888889,-0.10884017390075859,-0.10884017390075848,0.0014227494150848737,0.14237426701671843
502000,66.23611111111111,-0.10584566199799131,-0.10584566199799121,-0.00045309435795742696,0.141108516848878
502500,66.30208333333334,-0.10721013262873921,-0.10721013262873914,6.085586787213178e-05,0.14199464295145714
503000,66.36805555555556,-0.11001683983356703,-0.11001683983356694,-0.0007119414117822613,0.1451709500062977
503500,66.43402777777777,-0.11198340375578597,-0.11198340375578597,-0.0004630106798394307,0.14546978217596981
504000,66.5,-0.11179060248516674,-0.11179060248516677,-0.0012624086337202974,0.14570929505063537
504500,66.56597222222223,-0.11087450722743483,-0.11087450722743487,0.00168073831689652,0.1446865797679232
505000,66.63194444444444,-0.11272073276998361,-0.11272073276998357,-0.00027012713944081566,0.1457378453841396
505500,66.69791666666667,-0.11340008196618269,-0.11340008196618263,0.0020622695018890805,0.14270667062423378
506000,66.76388888888889,-0.11560328667701948,-0.1156032866770195,-0.004234863399092413,0.14902856306376247
506500,66.82986111111111,-0.11254295767597487,-0.11254295767597507,-0.0006511859286129543,0.14768980638435517
507000,66.89583333333334,-0.11477265230669473,-0.11477265230669484,-0.0045074567488380575,0.15077764300202987
507500,66.96180555555556,-0.11496661355367349,-0.11496661355367355,0.003577376137621408,0.1478574800358787
508000,67.02777777777777,-0.11786990115115889,-0.11786990115115902,0.001161257526871721,0.15190431983063798
508500,67.09375,-0.11849573021425087,-0.11849573021425092,0.003050399975943273,0.15396398998017083
509000,67.15972222222223,-0.121317943929705,-0.12131794392970494,0.0015175563208613657,0.15069444617540778
509500,67.22569444444444,-0.12095342179476792,-0.12095342179476783,-0.0009449182613967059,0.1534178467203419
510000,67.29166666666667,-0.12194948503904453,-0.1219494850390445,0.00330784972079413,0.1537393247375927
510500,67.35763888888889,-0.1254981156572932,-0.12549811565729316,0.0021752087666044723,0.1577382106734181
511000,67.42361111111111,-0.1233721757096943,-0.12337217570969447,0.003167183595077921,0.15788007672573476
511500,67.48958333333334,-0.1289037019850409,-0.1289037019850409,-0.0009146214746666591,0.15737863588211168
512000,67.55555555555556,-0.12674684198432418,-0.12674684198432432,0.0009678465204161793,0.15816485320370108
512500,67.62152777777777,-0.1283012394582182,-0.12830123945821817,0.0015579338167953237,0.16044970467919703
513000,67.6875,-0.1275143301038028,-0.1275143301038029,-0.0006068106588478573,0.16100329293596746
513500,67.75347222222223,-0.1294186085843168,-0.12941860858431709,0.0038495022728182128,0.15913345494380673
514000,67.81944444444444,-0.1324896322679846,-0.13248963226798458,-0.0008866659600075308,0.16260885289899238
514500,67.88541666666667,-0.1325584678959623,-0.13255846789596223,-0.0017360752034360492,0.16374639499984864
515000,67.95138888888889,-0.13309865796875797,-0.13309865796875806,0.0017755970923176165,0.1624959997438263
515500,68.01736111111111,-0.1340777027487844,-0.13407770274878442,0.0009965096539410014,0.1633486445951066
516000,68.08333333333334,-0.1326245312498336,-0.13262453124983362,0.0037560079773657647,0.1638665470481122
516500,68.14930555555556,-0.1333667169378788,-0.13336671693787883,-0.006225996696350141,0.16631455193049716
517000,68.21527777777777,-0.13379614732426437,-0.13379614732426431,0.0006641581071955138,0.166735060548542
517500,68.28125,-0.1364452443210616,-0.13644524432106156,0.001246963514296333,0.16138554914586578
518000,68.34722222222223,-0.1366952980613146,-0.1366952980613144,0.0011735887439088123,0.16507549699773266
518500,68.41319444444444,-0.13584601983204816,-0.13584601983204805,0.00024534223541469106,0.1679999446087157
519000,68.47916666666667,-0.13536460525231,-0.13536460525230992,-0.0014166168749346875,0.16860154364938973
519500,68.54513888888889,-0.13836235218919932,-0.13836235218919898,-0.0027001406811347378,0.16614183541793978
520000,68.61111111111111,-0.13859110163899158,-0.1385911016389917,-0.0030892485074179615,0.16676282860908087
520500,68.67708333333334,-0.1401708812959321,-0.140170881295932,6.634015458107475e-05,0.167082222336444
521000,68.74305555555556,-0.14261945184756608,-0.14261945184756608,0.0013716610375975966,0.1704200011152685
521500,68.80902777777777,-0.14370402284332884,-0.14370402284332887,-0.0025213998735112565,0.17015216481750942
522000,68.875,-0.14111475940310553,-0.14111475940310558,-1.900077142335011e-05,0.17192408413438978
522500,68.94097222222223,-0.14539051436773998,-0.14539051436773992,-0.00035437441490229765,0.1715097335103697
523000,69.00694444444444,-0.1424193854569443,-0.1424193854569444,-0.0015216288475775788,0.17288897345674792
523500,69.07291666666667,-0.14566359639814552,-0.14566359639814544,0.0013087823005975678,0.17172488289197427
524000,69.13888888888889,-0.14521624312256418,-0.1452162431225641,0.0033854529666031375,0.17393322638849118
524500,69.20486111111111,-0.14582833934625028,-0.14582833934625006,0.002160665777150861,0.17319193625685156
525000,69.27083333333334,-0.1478673752644822,-0.1478673752644824,0.0007706446328530471,0.17352924397114236
525500,69.33680555555556,-0.15080643835562424,-0.15080643835562424,0.002141807923217558,0.1763075102271063
526000,69.40277777777777,-0.14811331018907528,-0.14811331018907525,-0.001760824864206513,0.1756598834880162
526500,69.46875,-0.14889199355728533,-0.14889199355728536,-0.0012876613631588438,0.17880694788434964
527000,69.53472222222223,-0.15091055740906073,-0.1509105574090607,0.0017463972653260283,0.17439500367062202
527500,69.60069444444444,-0.14760708023158967,-0.14760708023158958,-0.00034482097749067496,0.17966356233826733
528000,69.66666666666667,-0.14907873839212768,-0.14907873839212765,0.0027452520016317357,0.17657160681066286
528500,69.73263888888889,-0.15457807277797325,-0.1545780727779731,-0.0013648811531417706,0.17731294966939257
529000,69.79861111111111,-0.15239927361313713,-0.152399273613137,-0.0033290992709557573,0.17612105767689032
529500,69.86458333333334,-0.15350034083483796,-0.15350034083483788,-0.00028704165913103044,0.18070514175459187
530000,69.93055555555556,-0.15412296452525473,-0.15412296452525473,0.003919091275255521,0.18085706253121564
530500,69.99652777777777,-0.1552333865184335,-0.15523338651843352,-0.004124604965819097,0.17806580510933404
531000,70.0625,-0.1557854244883998,-0.1557854244883998,0.0011199818150664646,0.17812101412026343
531500,70.12847222222223,-0.15489696649366982,-0.15489696649366996,0.0033868068212760953,0.17958486331797496
532000,70.19444444444444,-0.157401859873123,-0.1574018598731229,-5.5839395796425316e-05,0.17819927671591304
532500,70.26041666666667,-0.1572184977161512,-0.15721849771615118,-0.0021519429333445696,0.1813703115613248
533000,70.32638888888889,-0.15872206932339206,-0.1587220693233923,0.0027747581267142775,0.18257849438214221
533500,70.39236111111111,-0.16098907491327172,-0.1609890749132717,0.004020280080973679,0.1808979054238909
534000,70.45833333333334,-0.1593666092280454,-0.15936660922804535,0.0005547911416002996,0.182681579962093
534500,70.52430555555556,-0.1587760472727228,-0.15877604727272265,0.0038989502144353098,0.1855791696988984
535000,70.59027777777779,-0.15784355953684673,-0.15784355953684664,-0.0014007437414090401,0.1830854519778414
535500,70.65625,-0.15825898546746328,-0.15825898546746336,0.0013367027720859353,0.18049773100672936
536000,70.72222222222223,-0.1614413108605297,-0.16144131086052957,-0.0003729324893826417,0.18401246641109195
536500,70.78819444444444,-0.16004574929851323,-0.16004574929851323,-9.193079562856606e-05,0.18267920056625347
537000,70.85416666666667,-0.15990993515851235,-0.15990993515851223,0.0013447581061334212,0.1818522396731574
537500,70.92013888888889,-0.1608977422426444,-0.16089774224264436,0.0058625189723143095,0.18518277407871783
538000,70.98611111111111,-0.16680363040533716,-0.16680363040533672,0.002327228411463075,0.18459001661418845
538500,71.05208333333334,-0.16296496346778802,-0.1629649634677879,-0.003339219364409969,0.18493439997249683
539000,71.11805555555556,-0.16760252077953475,-0.16760252077953483,-0.0032921595747539122,0.18682666663184344
539500,71.18402777777779,-0.1623272030712272,-0.1623272030712275,-0.005856104327956651,0.18676842939489183
540000,71.25,-0.1672256908168846,-0.16722569081688451,0.0006644522309143454,0.18768459036045979
540500,71.31597222222223,-0.16695831966049643,-0.16695831966049646,-0.0003182368208974779,0.18618725473534292
541000,71.38194444444444,-0.16768411621549112,-0.16768411621549115,-0.001747071440710995,0.18634276806844344
541500,71.44791666666667,-0.1678619779830976,-0.1678619779830977,9.263917267694086e-06,0.18923287306261052
542000,71.51388888888889,-0.16886461555371166,-0.1688646155537115,0.0024025029015479742,0.18950667338507785
542500,71.57986111111111,-0.16840814833795076,-0.1684081483379508,-0.0009819011553707003,0.18616006097382534
543000,71.64583333333334,-0.1718622250718965,-0.1718622250718965,0.005628572019503999,0.1869790682615239
543500,71.71180555555556,-0.16801559901770322,-0.1680155990177029,0.0030942721912230868,0.18806768279641514
544000,71.77777777777779,-0.16864248044740157,-0.16864248044740165,0.0012358935711739684,0.1877275273395252
544500,71.84375,-0.1673242926360363,-0.1673242926360362,0.0002489157351000745,0.1885715125662655
545000,71.90972222222223,-0.1702032592799323,-0.17020325927993232,-0.0008778190840611631,0.18946438980002794
545500,71.97569444444444,-0.17164547140070247,-0.17164547140070247,0.004996652259846417,0.18862853171753857
546000,72.04166666666667,-0.17105119305494212,-0.1710511930549422,-0.0030403698471376706,0.18525626806991574
546500,72.10763888888889,-0.1713856234743797,-0.17138562347437986,0.0015982222541176354,0.19274884487414642
547000,72.17361111111111,-0.17197619983970497,-0.17197619983970497,0.0009401950606530758,0.1865773333410016
547500,72.23958333333334,-0.17645905437397144,-0.17645905437397133,-0.003719293375309913,0.1903614602243284
548000,72.30555555555556,-0.1762948388251952,-0.17629483882519512,-0.005374798202257066,0.18910370300132853
548500,72.37152777777779,-0.1737262019198568,-0.17372620191985683,0.0013855066813202221,0.1892658842198556
549000,72.4375,-0.1755239866208395,-0.1755239866208392,0.002553059573662407,0.19191827528424774
549500,72.50347222222223,-0.17380449290080835,-0.1738044929008084,-9.51048247531242e-05,0.1892965985131865
550000,72.56944444444444,-0.17475030495105026,-0.17475030495105048,0.0002358379836600283,0.189745034053252
550500,72.63541666666667,-0.17383622658409217,-0.17383622658409217,0.00259562234835775,0.18798258825597722
551000,72.70138888888889,-0.17474784738822663,-0.1747478473882268,0.0009389448864211925,0.1908307715482811
551500,72.76736111111111,-0.1765186341125897,-0.1765186341125896,-0.002700891875640982,0.19483650628717167
552000,72.83333333333334,-0.17549642618166503,-0.17549642618166506,-0.0005469641395367575,0.19155406874478456
552500,72.89930555555556,-0.17716419999586544,-0.1771641999958653,0.005822321784222464,0.18854089188418421
553000,72.96527777777779,-0.17693768406073807,-0.17693768406073818,0.0024967901484911057,0.19181700726323284
553500,73.03125,-0.1751593444007342,-0.17515934440073427,0.003685515475274307,0.18865702177810156
554000,73.09722222222223,-0.17718266456527443,-0.17718266456527448,-0.0027482915857761953,0.19124939951471168
554500,73.16319444444444,-0.17968525080335085,-0.1796852508033507,-0.0022744356668980207,0.19148087857495835
555000,73.22916666666667,-0.1795497145927621,-0.1795497145927621,0.0021415288603018443,0.19270411662264322
555500,73.29513888888889,-0.1789852560673359,-0.17898525606733598,-0.002052303775908087,0.19118589746766232
556000,73.36111111111111,-0.1791380815512558,-0.17913808155125588,-0.0005316453929063343,0.19191319936124118
556500,73.42708333333334,-0.17886674786257703,-0.17886674786257678,0.003438912873083784,0.19412346357766902
557000,73.49305555555556,-0.1788427768745874,-0.17884277687458747,0.001379198393209267,0.19715511731302165
557500,73.55902777777779,-0.18231170819497416,-0.18231170819497408,0.0016765692210157015,0.19068147053877607
558000,73.625,-0.17837390316294746,-0.17837390316294718,0.0032823557702978882,0.19350511412257218
558500,73.69097222222223,-0.18101412906837885,-0.1810141290683788,0.000563923919077915,0.19297189773167311
559000,73.75694444444444,-0.18547032131666108,-0.18547032131666125,-0.0028762808531094647,0.19449678123064765
559500,73.82291666666667,-0.1810961470732186,-0.18109614707321847,0.0013888808172583679,0.1942152037028624
560000,73.88888888888889,-0.18321304135324193,-0.1832130413532417,0.0002757636053939704,0.19733486390742
560500,73.95486111111111,-0.18172350181010474,-0.1817235018101046,-0.0018692152768669406,0.1965471064006849
561000,74.02083333333334,-0.18508006446045275,-0.18508006446045286,0.0006499622096503893,0.19926688013148205
561500,74.08680555555556,-0.18404073970855978,-0.1840407397085597,0.0006042230056488425,0.2002367373794083
562000,74.15277777777779,-0.18295555579295025,-0.1829555557929503,-1.7340203810077573e-05,0.1969739094599783
562500,74.21875,-0.18369370349308387,-0.1836937034930837,0.003538282339742156,0.19918768660181316
563000,74.28472222222223,-0.1879420203260664,-0.18794202032606674,-0.002104877307536377,0.20079008027050368
563500,74.35069444444444,-0.18759707879187454,-0.18759707879187454,-0.0005508606854352314,0.20143616883663437
564000,74.41666666666667,-0.18695280634265413,-0.18695280634265402,-0.0024188110464094855,0.20155070372004685
564500,74.48263888888889,-0.1899812719199598,-0.18998127191995987,0.0006510857685658664,0.20169005259664138
565000,74.54861111111111,-0.1867188794643699,-0.18671887946436957,0.000678615999553485,0.20275942748504452
565500,74.61458333333334,-0.18687587646320436,-0.1868758764632044,0.0004620972288299058,0.20281979969679703
566000,74.68055555555556,-0.18652701273052813,-0.18652701273052819,0.005628357170029669,0.2051706368576411
566500,74.74652777777779,-0.19228346935133125,-0.19228346935133114,-0.002145997566374793,0.20605623273520865
567000,74.8125,-0.18926121287994802,-0.18926121287994813,-0.0017052915081280338,0.20316251146000344
567500,74.87847222222223,-0.19215453903875482,-0.19215453903875482,0.0006813011081045034,0.20347301958356606
568000,74.94444444444444,-0.1907821984960557,-0.19078219849605565,-7.136161599471766e-05,0.2022578284603549
568500,75.01041666666667,-0.19026169651165561,-0.1902616965116557,0.004015037835943047,0.2049137464884753
569000,75.07638888888889,-0.19320956220523397,-0.19320956220523394,0.004411876793159452,0.20642548674315797
569500,75.14236111111111,-0.1941270079013532,-0.1941270079013532,-0.0020052209978772295,0.2065424090111501
570000,75.20833333333334,-0.1930171014707517,-0.19301710147075182,-6.577038263909443e-05,0.20880146325885152
570500,75.27430555555556,-0.1906726789695908,-0.19067267896959075,-0.0035206765356805402,0.2056881887020478
571000,75.34027777777779,-0.1960868173647813,-0.1960868173647814,0.002438309344741186,0.21066741490738253
571500,75.40625,-0.1965833370874992,-0.1965833370874993,0.00028733911213550597,0.2098214210466454
572000,75.47222222222223,-0.19640607165931837,-0.19640607165931834,-0.00020847407272084364,0.20548471104073332
572500,75.53819444444444,-0.19535266011106878,-0.1953526601110688,-0.002160767936652731,0.20795725868829318
573000,75.60416666666667,-0.19699122015062726,-0.19699122015062737,0.0019299175889723175,0.21100985546160209
573500,75.67013888888889,-0.19931131906294072,-0.1993113190629407,0.00012509923130418792,0.21122240614283141
574000,75.73611111111111,-0.1969704429548651,-0.19697044295486515,-0.002098967791143222,0.20938884001753005
574500,75.80208333333334,-0.19889904027070276,-0.19889904027070268,0.0010227962810442817,0.20972890691513002
575000,75.86805555555556,-0.20067213769642372,-0.2006721376964238,-0.004447261005409664,0.21013315191334814
575500,75.93402777777779,-0.196374026720607,-0.19637402672060708,0.0026690705839971223,0.21256714057432646
576000,76.0,-0.19692052611038544,-0.19692052611038527,-0.003161326106992186,0.21223887561703553
576500,76.06597222222223,-0.19975628340753795,-0.199756283407538,-0.0023638659411974934,0.21203332990852927
577000,76.13194444444444,-0.19806242590614243,-0.1980624259061423,-0.0024917340589650917,0.21146579699845708
577500,76.19791666666667,-0.19988401161454608,-0.19988401161454608,-0.0020794654075074076,0.21055537440836977
578000,76.26388888888889,-0.19756972549094906,-0.19756972549094906,-0.0030760007501401234,0.21206483107240262
578500,76.32986111111111,-0.19975824619634078,-0.19975824619634075,-0.0029212963241620473,0.21293284390623732
579000,76.39583333333334,-0.20120430058394576,-0.20120430058394595,-0.0004733468583020184,0.21473117227901328
579500,76.46180555555556,-0.19967202846288298,-0.19967202846288298,-0.002491499531465966,0.21313855736874557
580000,76.52777777777779,-0.20098775777294536,-0.20098775777294545,-0.00123146847776009,0.21136880408889513
580500,76.59375,-0.20271928834900993,-0.20271928834900999,-0.0005211692707136145,0.2127530195257874
581000,76.65972222222223,-0.2005532975130856,-0.20055329751308557,-0.0029163846504526394,0.21437691055494631
581500,76.72569444444444,-0.20165754172341357,-0.20165754172341344,-0.0016639685279325883,0.21394222836588708
582000,76.79166666666667,-0.20266820203594615,-0.20266820203594627,0.0006468973721441419,0.21487724862461172
582500,76.85763888888889,-0.20436138488384495,-0.20436138488384512,-0.0029713074746693605,0.21394609030684802
583000,76.92361111111111,-0.2066187669619915,-0.20661876696199147,-0.004541388520438453,0.21481489188205885
583500,76.98958333333334,-0.20528219727942168,-0.2052821972794218,0.0006772382741930913,0.2146021140475783
584000,77.05555555555556,-0.20432118694319906,-0.20432118694319892,0.003299760322961333,0.21683169683343326
584500,77.12152777777779,-0.20129982450433437,-0.2012998245043345,0.00029297610891412893,0.2130320796470234
585000,77.1875,-0.2048537588668509,-0.2048537588668509,0.0006241330240266038,0.2174843777658661
585500,77.25347222222223,-0.2024192281709183,-0.20241922817091834,-0.00139974725001475,0.2164245015859683
586000,77.31944444444444,-0.20634426052539426,-0.20634426052539434,-0.005382297326734731,0.21521893720976124
586500,77.38541666666667,-0.20575894635366426,-0.20575894635366457,-0.005142070857554962,0.21352940565144776
587000,77.45138888888889,-0.20681066445228197,-0.2068106644522822,-0.0019354576519091985,0.2158364750974092
587500,77.51736111111111,-0.20723730941395294,-0.2072373094139529,0.001818375406899738,0.21573027355622013
588000,77.58333333333334,-0.20506860308379105,-0.20506860308379102,-0.0003881912065773406,0.2168503001382558
588500,77.64930555555556,-0.20910237906580662,-0.2091023790658063,-0.0031372734643218096,0.21669337406545314
589000,77.71527777777779,-0.20588042046672825,-0.20588042046672825,-0.0008170719382978138,0.2178788789034385
589500,77.78125,-0.20854566138729957,-0.20854566138729944,0.001443242769687931,0.2176682059132654
590000,77.84722222222223,-0.20815003792873918,-0.20815003792873904,0.0003467242865695881,0.2190242801970062
590500,77.91319444444444,-0.20992098424153455,-0.2099209842415347,-0.002739059154590641,0.21651887870032546
591000,77.97916666666667,-0.21043522614656243,-0.21043522614656243,0.00015306731361988568,0.21695918333058803
591500,78.04513888888889,-0.21145508542846034,-0.21145508542846025,0.00165902629630322,0.21762420607463664
592000,78.11111111111111,-0.2089092249073942,-0.20890922490739428,-0.005270564908966172,0.2140351014778669
592500,78.17708333333334,-0.2087548516549501,-0.2087548516549505,0.0010286277906558618,0.21956255843628655
593000,78.24305555555556,-0.20992393727351352,-0.2099239372735135,0.0035746224784237784,0.21709925912702904
593500,78.30902777777779,-0.21046738937979168,-0.21046738937979154,-0.001997357770313295,0.2163051601090944
594000,78.375,-0.21315779715607017,-0.2131577971560702,-0.0031856579133140933,0.2163963031812269
594500,78.44097222222223,-0.2132161073775863,-0.21321610737758634,-0.0008767793841177866,0.21638126681012246
595000,78.50694444444444,-0.2118014853266825,-0.21180148532668241,-0.0025624819738253543,0.215310954959514
595500,78.57291666666667,-0.21290219678194275,-0.21290219678194275,-0.0003364476333088429,0.21825489924363561
596000,78.63888888888889,-0.21390033440296002,-0.21390033440296002,-0.0023258987187120233,0.21255413048104888
596500,78.70486111111111,-0.21471715157037266,-0.21471715157037266,-0.00020535482957515866,0.21740962709304604
597000,78.77083333333334,-0.2136412654637368,-0.21364126546373682,-0.003013142794551224,0.2174121674803368
597500,78.83680555555556,-0.21696673744739134,-0.21696673744739134,-0.002725719487124035,0.21630321062261704
598000,78.90277777777779,-0.2120106282446505,-0.21201062824465042,-0.004913783827075329,0.21633852614440646
598500,78.96875,-0.217199434894558,-0.21719943489455812,0.0006901442214585648,0.21609392766239915
599000,79.03472222222223,-0.21594216185530898,-0.21594216185530887,-0.004216825938257731,0.21781968174001737
599500,79.10069444444444,-0.2181654319257518,-0.21816543192575183,-0.002040675904485208,0.21946529549991856
600000,79.16666666666667,-0.2157951764226497,-0.21579517642264973,0.0026393181965790186,0.21653034502959517
600500,79.23263888888889,-0.21530695520625134,-0.21530695520625115,-0.0031987252725279107,0.21726720824754114
601000,79.29861111111111,-0.21438973622497356,-0.21438973622497362,0.0033980532158187516,0.22032436388572715
601500,79.36458333333334,-0.2184949047432421,-0.2184949047432421,-0.0030165506009652457,0.21998885489798875
602000,79.43055555555556,-0.21821598817320623,-0.21821598817320634,0.002818104139202118,0.2196121769024017
602500,79.49652777777779,-0.22103772447232173,-0.22103772447232178,-0.002685159090351128,0.22060270767879406
603000,79.5625,-0.21641275394204346,-0.21641275394204348,-0.006838492054456323,0.21860228786238328
603500,79.62847222222223,-0.21862324730398155,-0.21862324730398155,4.363844691913974e-05,0.21931850433029154
604000,79.69444444444444,-0.21890160961662938,-0.21890160961662938,-0.0026140555496723845,0.2208673753375187
604500,79.76041666666667,-0.22173080497884848,-0.22173080497884853,0.0017878877036576265,0.21998770369897203
605000,79.82638888888889,-0.22090277065832384,-0.22090277065832412,-0.005532134572991708,0.21982333496819423
605500,79.89236111111111,-0.22076406548552047,-0.22076406548552036,-0.0008934070378135039,0.2221001353816037
606000,79.95833333333334,-0.22121784378100676,-0.2212178437810069,-0.002664329906809665,0.22193587625213734
606500,80.02430555555556,-0.22317461871904912,-0.2231746187190493,-0.001459096809861805,0.21966965548273115
607000,80.09027777777779,-0.22028533612680545,-0.22028533612680554,-0.005411446571303961,0.219599092030237
607500,80.15625,-0.22221073862195845,-0.2222107386219585,-0.002218272559597987,0.22237999504860886
608000,80.22222222222223,-0.22075389155127717,-0.22075389155127734,-0.002938496516003526,0.2208961121590479
608500,80.28819444444444,-0.2212983434215051,-0.22129834342150514,-0.001056471750855994,0.21943825921328694
609000,80.35416666666667,-0.22232348993635975,-0.2223234899363599,-0.002327726977165861,0.22053577352811937
609500,80.42013888888889,-0.22151206531995382,-0.2215120653199537,-0.003647419843494256,0.21934147150392272
610000,80.48611111111111,-0.22135875103521152,-0.22135875103521133,0.0018442759186238554,0.22063611770901215
610500,80.55208333333334,-0.2207636918031962,-0.22076369180319624,-0.0018383602127911734,0.21897618022258997
611000,80.61805555555556,-0.22265046846216938,-0.22265046846216938,-0.0028053017091487988,0.22142592072441852
611500,80.68402777777779,-0.22229272954886203,-0.22229272954886226,0.0007624708820020943,0.21929878975944497
612000,80.75,-0.22291513243012673,-0.22291513243012662,0.004320911858302005,0.21971066532669986
612500,80.81597222222223,-0.22485573793891378,-0.22485573793891384,-0.0023979183473048318,0.2219133531839564
613000,80.88194444444444,-0.22634944809630914,-0.226349448096309,0.001685250354867564,0.2201655193013771
613500,80.94791666666667,-0.22392218487319315,-0.22392218487319296,-0.0011847065985035566,0.2206263193927746
614000,81.01388888888889,-0.2236437963709846,-0.22364379637098433,0.0023545819937701024,0.2196327048597392
614500,81.07986111111111,-0.22729916100006362,-0.22729916100006356,-0.0032735098836088254,0.2189027837773532
615000,81.14583333333334,-0.22465708108162305,-0.2246570810816233,-0.0002340020977906764,0.22003120743952406
615500,81.21180555555556,-0.22640647778583248,-0.22640647778583203,0.0013341953730463495,0.21900433814506778
616000,81.27777777777779,-0.22711826971163046,-0.22711826971163046,-0.0038574846763190333,0.21975130504375232
616500,81.34375,-0.22728996817380678,-0.22728996817380684,-0.002500870109238166,0.22139619137654248
617000,81.40972222222223,-0.2288875508216297,-0.2288875508216297,9.552864441913491e-05,0.22000254212227593
617500,81.47569444444444,-0.2274126862938942,-0.22741268629389413,-0.0013497585658832313,0.21997210200615133
618000,81.54166666666667,-0.22779316676856398,-0.2277931667685643,-0.003034260913977893,0.21979878362689692
618500,81.60763888888889,-0.22839094138336966,-0.2283909413833697,-0.0025608017890024898,0.21906076121028115
619000,81.67361111111111,-0.2305331947138984,-0.2305331947138984,-0.0019163722605041321,0.22270206835547796
619500,81.73958333333334,-0.22866058663600136,-0.22866058663600136,-0.0006842053469797857,0.22292936875926717
620000,81.80555555555556,-0.229807730714714,-0.22980773071471405,-0.006826980879955689,0.22397228345557935
620500,81.87152777777779,-0.22653885765006135,-0.2265388576500613,-0.001199773067941771,0.22208259545632353
621000,81.9375,-0.22980590245476565,-0.2298059024547656,0.001920848150128843,0.22073523983071103
621500,82.00347222222223,-0.22834885998104373,-0.2283488599810435,-0.0018301967536271811,0.22008963321936625
622000,82.06944444444444,-0.2277141830314868,-0.22771418303148655,0.00017133035385487246,0.22304105103420505
622500,82.13541666666667,-0.2289381139518493,-0.22893811395184924,-0.003659835467415977,0.2206214543073672
623000,82.20138888888889,-0.23134675985141032,-0.23134675985141018,0.0018141446823867738,0.22397420776683255
623500,82.26736111111111,-0.2275148367440616,-0.22751483674406178,-0.0014582503031662045,0.221781092025235
624000,82.33333333333334,-0.22863035258650644,-0.22863035258650619,-0.0001024932488371576,0.22367174189334305
624500,82.39930555555556,-0.22827925310317657,-0.22827925310317665,0.0002733912116749868,0.22265180480051086
625000,82.46527777777779,-0.23096787215196043,-0.23096787215196063,0.0030135470182311927,0.22356972278733095
625500,82.53125,-0.22521943069541842,-0.22521943069541833,0.0017772265614832564,0.22212481402375547
626000,82.59722222222223,-0.23099103746216593,-0.23099103746216582,-0.0029747167356818536,0.22105214528385428
626500,82.66319444444444,-0.22851951634616974,-0.2285195163461695,-0.0009540659897853188,0.2238537857083541
627000,82.72916666666667,-0.22931003901622327,-0.22931003901622332,0.0005694360094726935,0.22316600902330935
627500,82.79513888888889,-0.23045447850194148,-0.2304544785019412,0.0018012880312796137,0.22252309998231423
628000,82.86111111111111,-0.2295642586226189,-0.2295642586226189,-0.0013927677193881192,0.22339217655785681
628500,82.92708333333334,-0.2309858687393495,-0.23098586873934956,-0.0029327602413571825,0.2239175267100916
629000,82.99305555555556,-0.2297428784010982,-0.22974287840109828,0.0027422809308660584,0.22039805831945208
629500,83.05902777777779,-0.2311491164734027,-0.2311491164734027,-0.0026401388204601783,0.22371735528246048
630000,83.125,-0.23025496625938507,-0.23025496625938496,0.0013235571902746337,0.2215647382739559
630500,83.19097222222223,-0.23121683366088192,-0.23121683366088186,-0.0032241737022503155,0.2195770258709957
631000,83.25694444444444,-0.23098563266574365,-0.23098563266574362,-0.0007908873887831871,0.22293536765341357
631500,83.32291666666667,-0.23066460037582184,-0.23066460037582165,0.0030834964513640284,0.2230301722487576
632000,83.38888888888889,-0.23139379892148826,-0.23139379892148826,-0.002103149546501724,0.22202077659745345
632500,83.45486111111111,-0.2271953919107811,-0.22719539191078103,0.004957941494357795,0.22457181596089973
633000,83.52083333333334,-0.23430115436864388,-0.23430115436864388,-0.001557500147939314,0.22351475050618372
633500,83.58680555555556,-0.23500116688644965,-0.23500116688644992,0.0025078699811576254,0.22295863555947953
634000,83.65277777777779,-0.23177997001593,-0.23177997001593015,-7.260224335899995e-05,0.22110427414002745
634500,83.71875,-0.23273725601835268,-0.23273725601835274,0.0036695023552712415,0.22318062041027395
635000,83.78472222222223,-0.22929547355990587,-0.22929547355990582,-0.002771163658708015,0.22662528320078146
635500,83.85069444444444,-0.23333916906572968,-0.23333916906572968,0.00033925637420239717,0.22284386946424983
636000,83.91666666666667,-0.23218647669419584,-0.2321864766941958,0.0013263734675421765,0.22096906471562994
636500,83.98263888888889,-0.23177404892805825,-0.23177404892805809,0.0010084800708406014,0.22559848729664608
637000,84.04861111111111,-0.2317251287732386,-0.23172512877323845,-0.0025212599408870858,0.22252924485048284
637500,84.11458333333334,-0.2320817464399647,-0.23208174643996457,-0.0006075227359959964,0.22497350519470335
638000,84.18055555555556,-0.23235664595686747,-0.23235664595686706,-0.002912587846443493,0.22298098875350367
638500,84.24652777777779,-0.23047062426121126,-0.23047062426121126,-0.0010482096646855983,0.22202246477415719
639000,84.3125,-0.23068186216056108,-0.23068186216056116,0.003533500859962294,0.22286789191426412
639500,84.37847222222223,-0.23491184816097485,-0.234911848160975,-0.004111356837913804,0.2257910469347143
640000,84.44444444444444,-0.23401330279077331,-0.23401330279077326,0.0007714068866378729,0.2212542027833637
640500,84.51041666666667,-0.23199272594741743,-0.2319927259474174,0.0021718360433093434,0.22020977492172836
641000,84.57638888888889,-0.23383612324025738,-0.23383612324025696,-0.0018381292203056131,0.2244934358696993
641500,84.64236111111111,-0.23465503538193272,-0.2346550353819328,-0.0033706897141578124,0.22511584171902024
642000,84.70833333333334,-0.23481732063045793,-0.23481732063045785,-0.0008917007951530844,0.22143866998214365
642500,84.77430555555556,-0.2345654240103729,-0.23456542401037295,0.0031090475344637968,0.22164179541611131
643000,84.84027777777779,-0.23399895268673374,-0.23399895268673374,-0.0011056583513716222,0.22488056370049855
643500,84.90625,-0.23716698431377642,-0.23716698431377656,3.916837118563365e-05,0.22051512949524435
644000,84.97222222222223,-0.2351118819298247,-0.2351118819298247,-0.006836252684449803,0.22413754099367464
644500,85.03819444444444,-0.2335814413490147,-0.23358144134901512,-0.000808293737030456,0.22146638902419963
645000,85.10416666666667,-0.2362282219644513,-0.23622822196445117,-0.0008904375544077886,0.2217023369862546
645500,85.17013888888889,-0.23565924352399065,-0.23565924352399065,-0.0010142274266519116,0.22270263399374576
646000,85.23611111111111,-0.23457065739636032,-0.23457065739636038,0.003263626562664134,0.22279846167691197
646500,85.30208333333334,-0.23413971406009124,-0.23413971406009126,-0.002344031633162135,0.22132682478245583
647000,85.36805555555556,-0.23870417322698873,-0.23870417322698853,0.0023391659596203912,0.2224833029971579
647500,85.43402777777779,-0.23862050436121518,-0.23862050436121524,-0.0027716627642004874,0.22252090162238386
648000,85.5,-0.23484951511159752,-0.2348495151115976,-0.004972199961142401,0.22045119951266023
648500,85.56597222222223,-0.23581513141035151,-0.23581513141035138,-0.0011173869037616841,0.22130796468120306
649000,85.63194444444444,-0.23442371443548976,-0.23442371443548976,0.003598107303859521,0.221717814015835
649500,85.69791666666667,-0.23553571153600433,-0.2355357115360044,0.0006427156210684304,0.221697133804698
650000,85.76388888888889,-0.23536359354346253,-0.23536359354346256,0.0006899990784773887,0.22131098963705287
650500,85.82986111111111,-0.2338719024174061,-0.2338719024174062,0.0011959519697713108,0.2220356132852772
651000,85.89583333333334,-0.23530794271243552,-0.23530794271243563,-0.0007976930770571305,0.22126464129893228
651500,85.96180555555556,-0.23720061006741533,-0.23720061006741527,-0.005003219546465233,0.21807695077585704
652000,86.02777777777779,-0.23537516610122566,-0.23537516610122572,0.004320309076759283,0.2199734708443213
652500,86.09375,-0.23841218771649259,-0.23841218771649245,0.001681456060776041,0.22007184987378609
653000,86.15972222222223,-0.23752940897060681,-0.23752940897060681,0.001298870695171296,0.22147546680469005
653500,86.22569444444444,-0.23809172829867295,-0.23809172829867317,0.00022892297674046412,0.2202339628015963
654000,86.29166666666667,-0.2375303014538876,-0.2375303014538878,0.0001570590597795267,0.21933221887442725
654500,86.35763888888889,-0.23890171389827747,-0.23890171389827747,0.005899557162237646,0.2198181567040602
655000,86.42361111111111,-0.23845055198816822,-0.2384505519881683,0.005021579661919654,0.21976198225552038
655500,86.48958333333334,-0.23716308865723443,-0.23716308865723465,0.000531698385312238,0.21785578562270821
656000,86.55555555555556,-0.23642380410582137,-0.23642380410582142,-0.0011249558905971526,0.21797261611278126
656500,86.62152777777779,-0.23684600526813532,-0.23684600526813526,-0.004800536597984716,0.21705982077080657
657000,86.6875,-0.23804372344961106,-0.2380437234496111,6.530038739478651e-05,0.21785535655083033
657500,86.75347222222223,-0.24160651093381372,-0.24160651093381352,0.0008505650961371608,0.22001151267804037
658000,86.81944444444444,-0.23748486992717519,-0.23748486992717513,0.001084466766994275,0.21855975214174297
658500,86.88541666666667,-0.24080716611385786,-0.24080716611385788,0.0003212362897260886,0.21668917514674857
659000,86.95138888888889,-0.2407374792538717,-0.2407374792538717,-0.0016573315849683441,0.21577848583304998
659500,87.01736111111111,-0.23979926642330152,-0.23979926642330152,-0.0005358233268886989,0.2189452772308983
660000,87.08333333333334,-0.24082316387643568,-0.24082316387643568,0.0007358365359806795,0.2189257833522094
660500,87.14930555555556,-0.2385521432827483,-0.23855214328274846,0.003954941738775114,0.21606150511848216
661000,87.21527777777779,-0.24283677866581102,-0.24283677866581094,-0.002663263872997175,0.21627389392181876
661500,87.28125,-0.24079621879600566,-0.24079621879600574,-0.0003988742741448172,0.21585400707194013
662000,87.34722222222223,-0.2419787094199899,-0.24197870941998964,0.0015462844535852676,0.21616971552443934
662500,87.41319444444444,-0.24124990129180582,-0.24124990129180582,-0.0014302997397542749,0.21535012405306186
663000,87.47916666666667,-0.2422219656931798,-0.2422219656931798,-0.005294054190087114,0.21593164587378136
663500,87.54513888888889,-0.2429068824669761,-0.24290688246697595,0.0008751589422597563,0.21349285041051186
664000,87.61111111111111,-0.2364815410885572,-0.2364815410885572,-0.0009406201938149539,0.21166432377802818
664500,87.67708333333334,-0.23855958206503322,-0.23855958206503322,0.0007907127146851517,0.2151744314234236
665000,87.74305555555556,-0.24098961632819743,-0.24098961632819754,0.0006201736255888759,0.2113411535474454
665500,87.80902777777779,-0.2393165816470078,-0.23931658164700786,-0.0002939478524248385,0.215664831440849
666000,87.875,-0.24056269021416227,-0.2405626902141622,0.0002855393747094896,0.21617942682224392
666500,87.94097222222223,-0.2395662271423302,-0.2395662271423302,-0.0033947719466930187,0.2123103838774029
667000,88.00694444444444,-0.23986618758225822,-0.23986618758225828,-6.0579043446562487e-05,0.21229164777336235
667500,88.07291666666667,-0.2386055569333455,-0.23860555693334576,-0.00437757164250172,0.21361261655664182
668000,88.13888888888889,-0.2381469728151306,-0.2381469728151306,0.002997314110299303,0.21012748838809595
668500,88.20486111111111,-0.2398345845449369,-0.23983458454493675,-0.002341156046231378,0.2109944798498588
669000,88.27083333333334,-0.2382490191516577,-0.2382490191516575,0.0047558353161497825,0.2125330793633437
669500,88.33680555555556,-0.24047137450768288,-0.24047137450768255,0.0012666330515711793,0.2123929887625711
670000,88.40277777777779,-0.23818039294578203,-0.23818039294578203,0.004738687826660771,0.21073333620805737
670500,88.46875,-0.23895872757689757,-0.23895872757689748,0.0017693561068358595,0.21283085352486156
671000,88.53472222222223,-0.23509954534707078,-0.23509954534707075,-0.00013029572749977272,0.21420567983105104
671500,88.60069444444444,-0.2387537798917104,-0.23875377989171054,-0.005154472250131306,0.20922773435553915
672000,88.66666666666667,-0.23806770118964313,-0.23806770118964304,-0.0016840910294151487,0.2107258447230892
672500,88.73263888888889,-0.2397835149936581,-0.2397835149936581,-0.0008250714456589546,0.2107835946409067
673000,88.79861111111111,-0.24221641124551452,-0.24221641124551482,0.0015691668905144884,0.213033489038538
673500,88.86458333333334,-0.23769855922000516,-0.23769855922000507,-0.002987806504164981,0.21091702616785865
674000,88.93055555555556,-0.2377037667692348,-0.23770376676923466,-0.003717806137672028,0.21085624805430322
674500,88.99652777777779,-0.2380324714055743,-0.2380324714055742,-0.0005155110176321422,0.20728212457071984
675000,89.0625,-0.2388507083606772,-0.23885070836067712,-8.428452858127038e-05,0.21095898259129556
675500,89.12847222222223,-0.23604586961152385,-0.23604586961152357,-0.0017577195259878193,0.2099084211083374
676000,89.19444444444444,-0.23642128798247655,-0.23642128798247633,-0.003768833168536661,0.2082050175447635
676500,89.26041666666667,-0.23906451151947153,-0.23906451151947147,0.0035847110483097563,0.20596688210743747
677000,89.32638888888889,-0.23775259931528142,-0.23775259931528156,0.003050814803847355,0.20648099965377617
677500,89.39236111111111,-0.23795471724325612,-0.237954717243256,0.006098920948878257,0.20543347574433057
678000,89.45833333333334,-0.2364225005559358,-0.2364225005559357,-0.0041415679610602675,0.20681528349191627
678500,89.52430555555556,-0.2359540935195526,-0.23595409351955265,-0.0022633341525462635,0.20266352786515457
679000,89.59027777777779,-0.23622978976845818,-0.23622978976845824,-0.0015260606369742107,0.20510642517969552
679500,89.65625,-0.23760384897095796,-0.23760384897095788,0.004404421639615452,0.20676980866662587
680000,89.72222222222223,-0.23641454724706576,-0.23641454724706581,0.0002479342193809899,0.20374067469740487
680500,89.78819444444444,-0.23865359520555848,-0.23865359520555848,0.0007597956446222359,0.20507206239801867
681000,89.85416666666667,-0.23839359329946627,-0.23839359329946627,0.001337426537923628,0.20567192479376975
681500,89.92013888888889,-0.23686194752794848,-0.2368619475279484,-0.004658346758999554,0.2037630392554637
682000,89.98611111111111,-0.2365440482940446,-0.23654404829404466,-0.002334611062907305,0.20436875756686132
682500,90.05208333333334,-0.23658599759332777,-0.23658599759332777,0.0008142112451902441,0.2050320625274224
683000,90.11805555555556,-0.23668218446652925,-0.23668218446652933,-0.0017410148518572535,0.2050913914486165
683500,90.18402777777779,-0.23766245548672735,-0.23766245548672726,-0.002675503450515949,0.2034103859320201
684000,90.25,-0.23610682470695837,-0.2361068247069585,-0.0015498029145256877,0.20200544903728213
684500,90.31597222222223,-0.23667409061784864,-0.23667409061784847,-0.003419552449722055,0.20131088068441677
685000,90.38194444444444,-0.23656635628759215,-0.23656635628759207,0.0013179341440819508,0.20487258464691244
685500,90.44791666666667,-0.2326482772153552,-0.23264827721535528,0.002990204848847903,0.2030528819371778
686000,90.51388888888889,-0.23773402195954008,-0.23773402195954008,-0.0022698687974315496,0.20310696856541186
686500,90.57986111111111,-0.2369021124201853,-0.23690211242018516,0.0036489148264741244,0.2031310088351802
687000,90.64583333333334,-0.2349135198739545,-0.23491351987395442,-0.006379052476084087,0.20243781943413658
687500,90.71180555555556,-0.23744874500105465,-0.23744874500105465,0.0043827595778823504,0.20041551516604356
688000,90.77777777777779,-0.2343504634769383,-0.23435046347693841,-0.00022499527060842745,0.19873664767344149
688500,90.84375,-0.23523869800845856,-0.23523869800845887,-0.0003631280191738247,0.19935679239129056
689000,90.90972222222223,-0.23737883494445972,-0.23737883494445963,0.002302814300752144,0.1992469353774026
689500,90.97569444444444,-0.23390767065111817,-0.23390767065111834,0.0007154280537656492,0.20027798496248128
690000,91.04166666666667,-0.2346460008932751,-0.23464600089327486,0.0014830487581112015,0.19872114850221562
690500,91.10763888888889,-0.23200890479015318,-0.23200890479015313,0.0023023277904257997,0.2020167712467186
691000,91.17361111111111,-0.232553905420555,-0.23255390542055504,-0.003072713243106341,0.20013556077445616
691500,91.23958333333334,-0.23391315411247035,-0.23391315411247035,0.000375632598480491,0.19916631751635025
692000,91.30555555555556,-0.23273119332693662,-0.23273119332693656,-0.0010219597317470603,0.1985349762272274
692500,91.37152777777779,-0.23376640432018264,-0.23376640432018264,-0.00047534023628470864,0.20228993450645258
693000,91.4375,-0.23488279023727107,-0.23488279023727107,-0.000873854653757831,0.19866024269700602
693500,91.50347222222223,-0.2312506249916199,-0.23125062499161994,-0.00025666737558787875,0.19897708227341396
694000,91.56944444444444,-0.23239018538675385,-0.23239018538675377,-0.00326938129363847,0.19495465555290895
694500,91.63541666666667,-0.23033785875968368,-0.23033785875968357,0.0032442830184067372,0.1966578894842715
695000,91.70138888888889,-0.23252164556382646,-0.23252164556382657,-0.002846120481196136,0.19651063009257314
695500,91.76736111111111,-0.23210879564537457,-0.2321087956453748,-0.00207731394755708,0.19855301705567552
696000,91.83333333333334,-0.23220124411141163,-0.23220124411141155,0.0040603132096648275,0.1954591622763128
696500,91.89930555555556,-0.23226560411551772,-0.2322656041155178,0.003124585295330425,0.19890894337255477
697000,91.96527777777779,-0.23031926760192128,-0.23031926760192137,0.002517847308852175,0.1977042255686216
697500,92.03125,-0.2298256594864272,-0.2298256594864273,-0.003849311141085054,0.1962799656286597
698000,92.09722222222223,-0.23159359293177048,-0.23159359293177037,0.0004085979615346722,0.19526715844266476
698500,92.16319444444444,-0.23090467717850335,-0.23090467717850316,0.0033425109104781117,0.19417526735677093
699000,92.22916666666667,-0.2297000676244003,-0.22970006762440007,-6.356033687139403e-05,0.19405384773897366
699500,92.29513888888889,-0.22827357821765265,-0.2282735782176526,-0.0014281725686983429,0.19507275305998492
700000,92.36111111111111,-0.22984650818433888,-0.2298465081843389,-0.002948635768440852,0.19214160381543383
700500,92.42708333333334,-0.22992648659128126,-0.22992648659128131,-0.00025892000027145066,0.19546490899910493
701000,92.49305555555556,-0.22904915631286316,-0.2290491563128631,0.0012218911761856916,0.19194857550472408
701500,92.55902777777779,-0.22807162786647656,-0.2280716278664764,-0.0008047675486590893,0.19331747998165044
702000,92.625,-0.22663143578067219,-0.22663143578067219,0.003248751180878835,0.19520251464221716
702500,92.69097222222223,-0.23065639988485437,-0.23065639988485429,0.0017482301277862865,0.1922979275639494
703000,92.75694444444444,-0.2285641186575877,-0.22856411865758766,0.0007753036962916993,0.1929585098030759
703500,92.82291666666667,-0.22750563249944275,-0.2275056324994428,-0.002237113917443777,0.19362001246340468
704000,92.88888888888889,-0.22957998113336672,-0.22957998113336675,-0.0021594872451521922,0.1956476110558122
704500,92.95486111111111,-0.22842501457559994,-0.2284250145755999,0.0006786576047129687,0.19236431025545098
705000,93.02083333333334,-0.23095530964726818,-0.23095530964726818,0.002747436293100555,0.1932345498458348
705500,93.08680555555556,-0.2291972356108724,-0.22919723561087238,-0.0019290520884229453,0.19200339576355763
706000,93.15277777777779,-0.22692853806172447,-0.2269285380617244,0.0016323631115609063,0.19450176193675706
706500,93.21875,-0.22940921261045988,-0.22940921261045988,0.0015054470157851083,0.19357682846167362
707000,93.28472222222223,-0.22578412691299807,-0.22578412691299804,0.0013676413255131947,0.1952789193221036
707500,93.35069444444444,-0.23081136671189378,-0.2308113667118939,0.0027622816462824318,0.19233766676729191
708000,93.41666666666667,-0.22869193204252225,-0.22869193204252217,0.003002315267521625,0.1915415101274408
708500,93.48263888888889,-0.22968242593862764,-0.22968242593862773,-0.00021762915787962688,0.19300983584632284
709000,93.54861111111111,-0.22873251635840083,-0.22873251635840078,-0.003154541273465231,0.19428272719439965
709500,93.61458333333334,-0.22758715068782032,-0.2275871506878204,0.003220737604894587,0.1931916646175571
710000,93.68055555555556,-0.2300723879228496,-0.23007238792284973,0.0009060833868886863,0.19621217104708932
710500,93.74652777777779,-0.2268509155478127,-0.22685091554781256,-0.0020778761928995594,0.19060560627092987
711000,93.8125,-0.22717909615083537,-0.22717909615083548,-0.002661883872939852,0.19087726813779013
711500,93.87847222222223,-0.22924568407968438,-0.22924568407968426,-0.0009844660514780421,0.19209685814561606
712000,93.94444444444444,-0.22632637137501957,-0.22632637137501957,-0.0007270089299667405,0.19318297962628714
712500,94.01041666666667,-0.22503418146001145,-0.2250341814600113,0.0004904526638006498,0.18920326159352788
713000,94.07638888888889,-0.2264763976109564,-0.22647639761095642,-0.0004583439660614458,0.1914812565116665
713500,94.14236111111111,-0.2265654257188364,-0.2265654257188368,9.772264264774601e-05,0.19019651734881188
714000,94.20833333333334,-0.22418971213388333,-0.22418971213388333,0.001214548274263754,0.1926505755032818
714500,94.27430555555556,-0.23021726543237508,-0.23021726543237517,-0.0007841546699033799,0.18900088277937313
715000,94.34027777777779,-0.2272933519417597,-0.22729335194175965,0.0013703849978293362,0.18833135888082178
715500,94.40625,-0.22383152751169064,-0.22383152751169091,-0.00039975341106285555,0.18798491578428916
716000,94.47222222222223,-0.22725382498031893,-0.22725382498031899,-0.0035905497041290673,0.19012944123435446
716500,94.53819444444444,-0.22454018380795493,-0.2245401838079549,0.005956418770701259,0.18825761193079332
717000,94.60416666666667,-0.22370892051248611,-0.22370892051248592,0.0025668459316875295,0.1869746431609974
717500,94.67013888888889,-0.22622921894486667,-0.2262292189448666,-0.002060903313450634,0.1893137283598827
718000,94.73611111111111,-0.2250901095734826,-0.2250901095734826,0.00010953296103468916,0.18514826203467943
718500,94.80208333333334,-0.22544561954530964,-0.22544561954530973,-0.0017565081680351459,0.18663341249529253
719000,94.86805555555556,-0.22431874005458907,-0.22431874005458907,0.002549403867647591,0.1868975642292899
719500,94.93402777777779,-0.22381697710590115,-0.2238169771059011,-0.0006948308257261269,0.18891287097450218
720000,95.0,-0.22509588281472867,-0.22509588281472867,0.0025646053917866697,0.1858382223768817
720500,95.06597222222223,-0.22365571151635158,-0.22365571151635164,0.0015571942486470912,0.1878704806965678
721000,95.13194444444444,-0.2280906867808752,-0.22809068678087502,-0.0033157142257803853,0.18775550160465615
721500,95.19791666666667,-0.2243367877577915,-0.2243367877577916,-0.00044708752441903997,0.18570640083112497
722000,95.26388888888889,-0.2264922971709442,-0.22649229717094435,0.0007002664983651608,0.18623581678803258
722500,95.32986111111111,-0.22403245320978302,-0.22403245320978304,-0.0019309116169704198,0.18680979791251234
723000,95.39583333333334,-0.22732954869975866,-0.22732954869975866,0.003399160886397714,0.18733334324911866
723500,95.46180555555556,-0.2266576787124943,-0.22665767871249418,0.0008972711416076878,0.18328277878824265
724000,95.52777777777779,-0.2250080121861668,-0.22500801218616684,-0.0014667681295084285,0.18576915810689962
724500,95.59375,-0.2243093464771557,-0.2243093464771558,0.003421939966911905,0.18561804336359114
725000,95.65972222222223,-0.22723717101731575,-0.22723717101731583,0.002795189263353388,0.18513898396019834
725500,95.72569444444444,-0.2262051010394154,-0.22620510103941552,-0.0026197130236696106,0.18446616785224149
726000,95.79166666666667,-0.22355501166371516,-0.22355501166371522,-0.002557064870170674,0.18414194797484404
726500,95.85763888888889,-0.22325421625533395,-0.22325421625533387,-0.0004952555525246196,0.1863782734084022
727000,95.92361111111111,-0.22445126647884772,-0.2244512664788478,-0.001262546496627159,0.18417672565643503
727500,95.98958333333334,-0.22312947219713256,-0.22312947219713264,0.002426194089710734,0.18583469320385795
728000,96.05555555555556,-0.2231713189877571,-0.22317131898775713,-0.0019199024796758386,0.183358236714274
728500,96.12152777777779,-0.22282221887087086,-0.22282221887087075,-0.0005672704191047576,0.18377491026343848
729000,96.1875,-0.22343798818263985,-0.22343798818263996,-0.0031871714431748756,0.1834721492625038
729500,96.25347222222223,-0.22375816413058805,-0.22375816413058788,-0.0032458659100874226,0.18452213446239096
730000,96.31944444444444,-0.2243097309006938,-0.22430973090069387,0.0024418713008666887,0.1834738644819778
730500,96.38541666666667,-0.22214205232724266,-0.22214205232724243,0.0038582554685347983,0.1869763076701131
731000,96.45138888888889,-0.22536368683499686,-0.2253636868349969,-0.00037025695404522104,0.18181270057245988
731500,96.51736111111111,-0.22152307652459802,-0.22152307652459796,0.0032530724481722524,0.18246392983356363
732000,96.58333333333334,-0.22477069205068023,-0.22477069205068023,-0.0025962159721124797,0.17978934320681397
732500,96.64930555555556,-0.2238571840001529,-0.22385718400015292,0.0010230604106271628,0.18365691912236254
733000,96.71527777777779,-0.22305727402169104,-0.2230572740216911,-0.005247046240409622,0.18127239935893508
733500,96.78125,-0.22015653646998198,-0.2201565364699819,0.0038652316878582775,0.1809693128139571
734000,96.84722222222223,-0.22315307274408558,-0.2231530727440854,-0.0016382948981670312,0.1795629271133107
734500,96.91319444444444,-0.22232193532328692,-0.22232193532328712,0.0015921423465081993,0.18095061648155614
735000,96.97916666666667,-0.21890695472607175,-0.2189069547260717,0.0027141343086860273,0.1774772623868131
735500,97.04513888888889,-0.2219882343788874,-0.22198823437888732,0.0013298061941598564,0.17644969809515898
736000,97.11111111111111,-0.22067019701415863,-0.22067019701415855,0.0014341477320894314,0.17759043420849355
736500,97.17708333333334,-0.2204426691001158,-0.22044266910011573,0.0008964851917570483,0.17519804591379126
737000,97.24305555555556,-0.22129279363019327,-0.22129279363019316,-0.001978937608489538,0.17864930965279488
737500,97.30902777777779,-0.21790533496938283,-0.21790533496938277,0.0013357489133803428,0.1756423716697183
738000,97.375,-0.22226871865204614,-0.2222687186520459,0.0016961456103883443,0.17276853854444046
738500,97.44097222222223,-0.22036504941869312,-0.2203650494186932,0.001373896681889865,0.17640000843563572
739000,97.50694444444444,-0.21952570356616236,-0.21952570356616244,0.0029371197523874347,0.17488696931603584
739500,97.57291666666667,-0.220681875835669,-0.22068187583566906,0.002331818568372412,0.17476939699285157
740000,97.63888888888889,-0.2188743878436879,-0.21887438784368793,0.002462680106257875,0.17637206251379095
740500,97.70486111111111,-0.2183374801805482,-0.21833748018054852,-0.0050150411296720696,0.17505303163853356
741000,97.77083333333334,-0.2201905597280329,-0.22019055972803292,0.006648705795191856,0.17316566703439085
741500,97.83680555555556,-0.219504316448702,-0.2195043164487019,-0.000647788869343781,0.17184057713437903
742000,97.90277777777779,-0.21843762229196684,-0.21843762229196675,0.0002878136077439559,0.17457928756701474
742500,97.96875,-0.21702295929320986,-0.21702295929320983,0.002818932959395346,0.17061310048037165
743000,98.03472222222223,-0.21847719693027348,-0.21847719693027345,0.0032377960704583777,0.17225995154008134
743500,98.10069444444444,-0.21683035980054916,-0.21683035980054916,-0.0029291688938371525,0.17129874957023675
744000,98.16666666666667,-0.21377625462688993,-0.21377625462688993,0.0017406633737490742,0.16800460788112404
744500,98.23263888888889,-0.21396708002584308,-0.21396708002584308,0.0018995231748661062,0.16960972629911383
745000,98.29861111111111,-0.2143630796086699,-0.2143630796086699,-0.0014630805651785637,0.1718519348784018
745500,98.36458333333334,-0.21342189410674492,-0.2134218941067449,0.001001838361775025,0.16731217462349948
746000,98.43055555555556,-0.21450786211146888,-0.214507862111469,0.004400506127596848,0.16871538549759338
746500,98.49652777777779,-0.21243066729425622,-0.21243066729425616,-0.0019683552212908266,0.1642548713501087
747000,98.5625,-0.21376157962223877,-0.2137615796222388,0.000485206423604938,0.16578860667737239
747500,98.62847222222223,-0.21282850754965282,-0.21282850754965285,0.00026940741630149126,0.16400153808128706
748000,98.69444444444444,-0.21159216690499852,-0.21159216690499838,0.0023578101738486964,0.1667675355578571
748500,98.76041666666667,-0.2107708608351642,-0.2107708608351642,-0.00015234778466877863,0.16492788288068688
749000,98.82638888888889,-0.21159806077854437,-0.21159806077854437,-0.003688513431217684,0.16538339445879902
749500,98.89236111111111,-0.20861628464254087,-0.20861628464254103,-0.001437323057930712,0.1621323861426501
750000,98.95833333333334,-0.20892473418348548,-0.2089247341834855,0.000509327056877374,0.16146730030738718
750500,99.02430555555556,-0.2091947395748725,-0.20919473957487253,0.0004392978107109254,0.1633564817057395
751000,99.09027777777779,-0.20733782201055137,-0.20733782201055131,-0.0010628496053508513,0.16201706142429861
751500,99.15625,-0.2100327722635596,-0.2100327722635598,0.0025450850520781685,0.15965506442861396
752000,99.22222222222223,-0.2084165234924479,-0.2084165234924479,0.001103719182619116,0.1606330168012727
752500,99.28819444444444,-0.20901681700193217,-0.20901681700193225,-0.001751865957098316,0.15837671310494225
753000,99.35416666666667,-0.2077278306237265,-0.20772783062372663,0.0033340581110048546,0.159543185416082
753500,99.42013888888889,-0.20576379462883634,-0.20576379462883648,-0.0018442546519790105,0.15693459967868742
754000,99.48611111111111,-0.20565614962056336,-0.20565614962056353,-0.004314387747004648,0.15748817993785
754500,99.55208333333334,-0.20542870240983482,-0.20542870240983482,0.0029258205429516745,0.16116175520252712
755000,99.61805555555556,-0.20626945327976934,-0.20626945327976934,-0.00031738485596592453,0.15939286567801786
755500,99.68402777777779,-0.2053433308883982,-0.20534333088839818,0.0057849642724414375,0.1599832890956656
756000,99.75,-0.20502166016656886,-0.20502166016656906,0.0023322958738396567,0.1577366010856705
756500,99.81597222222223,-0.20637136745712184,-0.20637136745712173,0.001715987040459573,0.15686158726896654
757000,99.88194444444444,-0.20629969451966698,-0.20629969451966682,-0.00013599356863986544,0.15665676188834157
757500,99.94791666666667,-0.2059646306576029,-0.20596463065760268,-0.0012090305226212014,0.15903794789719178
758000,100.01388888888889,-0.20805664869635715,-0.2080566486963573,-0.002633347393930654,0.158799388901165
758500,100.07986111111111,-0.2050500534343056,-0.20505005343430557,-0.006162872182681421,0.1568588142602985
759000,100.14583333333334,-0.20431498489853178,-0.20431498489853156,-0.00022174062213837836,0.15670491504285508
759500,100.21180555555556,-0.2054263540289209,-0.20542635402892087,-0.002764724520094429,0.15783332566224104
760000,100.27777777777779,-0.20416183785182299,-0.20416183785182296,0.00198365893106039,0.15481751897177157
760500,100.34375,-0.206737036159352,-0.20673703615935193,0.004505207255061912,0.1568019121405534
761000,100.40972222222223,-0.20501927705052225,-0.2050192770505221,-0.001383996396379683,0.1567976107003839
761500,100.47569444444444,-0.205386987743756,-0.20538698774375586,0.00026157950775277376,0.15524340775850423
762000,100.54166666666667,-0.20588901748980937,-0.20588901748980937,0.003534012910158976,0.15436656756842762
762500,100.60763888888889,-0.20405662927362056,-0.20405662927362056,-0.0038356932573253145,0.15604623435170736
763000,100.67361111111111,-0.2033953939347413,-0.20339539393474126,-0.0008181346651917579,0.15129607673352838
763500,100.73958333333334,-0.20378111981963895,-0.20378111981963903,-0.0013254332022792138,0.15708280714572911
764000,100.80555555555556,-0.20327586146719662,-0.20327586146719662,0.0026343081789739244,0.155944660036987
764500,100.87152777777779,-0.20331084577396907,-0.20331084577396907,-0.00041013817248492976,0.1531014225803293
765000,100.9375,-0.20175463505820435,-0.20175463505820435,-0.0018365161207068174,0.1527989195622848
765500,101.00347222222223,-0.20175957525793303,-0.20175957525793312,0.0066614542082603185,0.14988033252348376
766000,101.06944444444444,-0.19785777415743647,-0.19785777415743636,0.0016553666509361695,0.15420110214504779
766500,101.13541666666667,-0.20095067634189062,-0.2009506763418908,-0.0014102317381591127,0.15208386438043764
767000,101.20138888888889,-0.2000243314541605,-0.2000243314541605,0.0008320283032447335,0.15360751369887743
767500,101.26736111111111,-0.19544935195711222,-0.19544935195711222,-0.0005301730478612649,0.1505998919357438
768000,101.33333333333334,-0.19812689717533247,-0.19812689717533258,-0.002411309871387929,0.15164436714805168
768500,101.39930555555556,-0.19869995819494846,-0.19869995819494835,-0.0030700234350229294,0.15261818080768894
769000,101.46527777777779,-0.19690135969004352,-0.19690135969004344,-0.0007235369056592056,0.1495170959753104
769500,101.53125,-0.19925737802513016,-0.19925737802513016,0.002940849354338782,0.15171551041853656
770000,101.59722222222223,-0.19662102228587625,-0.19662102228587625,0.00040438375301898464,0.15265579727542558
770500,101.66319444444444,-0.19795090112137262,-0.19795090112137254,1.6610971074591635e-06,0.15017707362347785
771000,101.72916666666667,-0.19698173935172011,-0.19698173935172006,-0.000633898766134276,0.14979292143208547
771500,101.79513888888889,-0.19857366801873036,-0.19857366801873047,0.001093135686205192,0.1485232529391551
772000,101.86111111111111,-0.19604480301126664,-0.19604480301126678,-0.001542054280403857,0.1489782096790913
772500,101.92708333333334,-0.19777060253645154,-0.19777060253645162,-0.0005983867958644778,0.14808570429136114
773000,101.99305555555556,-0.19778842720437687,-0.1977884272043769,0.005619487303979465,0.14780428282990066
773500,102.05902777777779,-0.19485735898840673,-0.19485735898840656,-0.0010567573592889612,0.14893400499832887
774000,102.125,-0.19655268809274298,-0.19655268809274307,-0.0069275448336510595,0.1498667230138636
774500,102.19097222222223,-0.19723086314290547,-0.1972308631429055,0.0009049145677975277,0.15112139382411294
775000,102.25694444444444,-0.1954853619451734,-0.1954853619451735,-0.0011117515211486128,0.14983735500127082
775500,102.32291666666667,-0.1944703513943421,-0.19447035139434202,0.0013202063968173168,0.1456402958864931
776000,102.38888888888889,-0.19607798916746835,-0.19607798916746835,-0.0006031367900824066,0.14991069093798104
776500,102.45486111111111,-0.196774089635411,-0.19677408963541093,-0.002291207953346708,0.14837675799234773
777000,102.52083333333334,-0.19619661536721733,-0.19619661536721728,-0.0013587742758214031,0.14706759339521
777500,102.58680555555556,-0.19579500334034625,-0.1957950033403463,0.0003639378193754107,0.14721369366161166
778000,102.65277777777779,-0.19285677835052636,-0.19285677835052636,0.002550975762645325,0.14792428567940252
778500,102.71875,-0.19349334341522526,-0.19349334341522548,0.0009170084455562795,0.145850530472754
779000,102.78472222222223,-0.19685939697945967,-0.19685939697945964,-0.003945569168341797,0.1515039407910078
779500,102.85069444444444,-0.1976327151319354,-0.19763271513193545,0.0023857350216321053,0.14811833759237428
780000,102.91666666666667,-0.19602554647102047,-0.19602554647102044,0.0008111243397855253,0.14544305221970724
780500,102.98263888888889,-0.19559259663117282,-0.19559259663117276,-0.0006851489274215471,0.15081891745326123
781000,103.04861111111111,-0.1960554464177345,-0.19605544641773437,-0.0017382171418566176,0.14883953160887278
781500,103.11458333333334,-0.19576926474633424,-0.1957692647463342,-0.0019064527553772903,0.14494424149240584
782000,103.18055555555556,-0.19403632164685836,-0.1940363216468585,0.0033906213981603015,0.14707642369507853
782500,103.24652777777779,-0.1960742637133543,-0.1960742637133544,-0.004321361822867772,0.14817542849947501
783000,103.3125,-0.19448148117147776,-0.19448148117147773,0.0014283992942959358,0.14539523413384947
783500,103.37847222222223,-0.19401687942521306,-0.1940168794252131,-0.0026421797092565256,0.14762883989733133
784000,103.44444444444444,-0.1952046397278163,-0.19520463972781638,-0.0012583222932940452,0.14270031054136187
784500,103.51041666666667,-0.19371805135067963,-0.19371805135067957,0.004136220598352393,0.1488317285939313
785000,103.57638888888889,-0.19443461041204757,-0.1944346104120474,-7.449504285199163e-05,0.14731084053996618
785500,103.64236111111111,-0.19487548458835907,-0.19487548458835904,0.0032673718346813933,0.14531804783693814
786000,103.70833333333334,-0.19407993871968532,-0.19407993871968535,0.0019139192069535277,0.14507225086789974
786500,103.77430555555556,-0.19255875419322216,-0.1925587541932223,-0.001506659028720764,0.1456858088511551
787000,103.84027777777779,-0.1935788704745109,-0.1935788704745108,-0.0020114912954958936,0.14344143407994359
787500,103.90625,-0.19444715496396694,-0.19444715496396686,0.0012057139225460133,0.14263476756812268
788000,103.97222222222223,-0.19268008653486537,-0.19268008653486524,-0.0008877417170888069,0.14201484149872184
788500,104.03819444444444,-0.18879256723453908,-0.1887925672345391,0.001591195930217831,0.1466200887773694
789000,104.10416666666667,-0.1900560915053821,-0.1900560915053822,-0.0020658829045846296,0.1449838711263744
789500,104.17013888888889,-0.19152486539223074,-0.19152486539223074,-0.001957747531987455,0.13998696061914162
790000,104.23611111111111,-0.1897342332083369,-0.18973423320833696,0.0012818570273721145,0.14438080330204178
790500,104.30208333333333,-0.188669604490703,-0.18866960449070297,0.002729009992469474,0.14215847207790627
791000,104.36805555555556,-0.18784388053301812,-0.18784388053301804,-0.002140614107382055,0.1429207209386048
791500,104.43402777777779,-0.18617838292470695,-0.18617838292470693,-0.0033349055380121825,0.14168220059544734
792000,104.5,-0.1867372931739261,-0.1867372931739263,0.0013828388163084552,0.1419978335215028
792500,104.56597222222223,-0.18724878779145138,-0.1872487877914513,-0.0005099443576732269,0.1407522913151611
793000,104.63194444444444,-0.18438981813872266,-0.18438981813872266,-0.003059777161676809,0.1423917340033459
793500,104.69791666666667,-0.18534854575998522,-0.18534854575998505,-0.0033775890330250617,0.1388521010747941
794000,104.76388888888889,-0.187004092380218,-0.18700409238021798,-0.0016682402290280943,0.13947263822714448
794500,104.82986111111111,-0.18733148155035853,-0.1873314815503585,-0.0005032287361502618,0.14200838227913548
795000,104.89583333333333,-0.18735297116987423,-0.18735297116987426,0.001309225023801871,0.14018968498318443
795500,104.96180555555556,-0.18351719490642862,-0.18351719490642865,-0.000773111640760706,0.1390858275401496
796000,105.02777777777779,-0.18286741309156665,-0.1828674130915667,-0.0014149872549338994,0.13507560541059266
796500,105.09375,-0.1853479900953095,-0.18534799009530978,0.003992770727374233,0.13691542452665556
797000,105.15972222222223,-0.1828659109700932,-0.18286591097009322,0.003065211342098603,0.13511617225123715
797500,105.22569444444446,-0.18616562056964886,-0.18616562056964883,0.00035780500593667096,0.13650788983990245
798000,105.29166666666669,-0.18318720859753823,-0.18318720859753815,-0.0003895443478542116,0.13808578728333817
798500,105.35763888888889,-0.1854660484519432,-0.1854660484519432,-0.0014244572826454108,0.13932238136048708
799000,105.4236111111111,-0.18424368244836334,-0.18424368244836342,0.0028720206175939524,0.14003200501926502
799500,105.48958333333333,-0.18581077494974435,-0.18581077494974443,0.003963479300554421,0.13642528597575163
800000,105.55555555555556,-0.18334849827053473,-0.18334849827053473,0.003134181900272825,0.13700011189871814
800500,105.62152777777779,-0.18427089612038436,-0.18427089612038444,-0.0018288573282050516,0.13708753429946866
801000,105.6875,-0.18576026478090493,-0.18576026478090496,-0.0005784843026218565,0.1359077688370896
801500,105.75347222222223,-0.18515820993053506,-0.18515820993053514,-0.0030156863491659813,0.13409391416805955
802000,105.81944444444446,-0.1865974853317099,-0.18659748533171008,-0.0007266636634147911,0.13640273482916002
802500,105.88541666666669,-0.18368777623269783,-0.18368777623269764,-0.00017081221969261054,0.132721495189058
803000,105.95138888888889,-0.18477095404885557,-0.18477095404885566,0.0028652533609484195,0.13465672573239942
803500,106.0173611111111,-0.1830922947442951,-0.1830922947442949,-7.665068329233112e-05,0.1316192753424008
804000,106.08333333333333,-0.18212717234596645,-0.18212717234596656,-0.0009518329717324863,0.1322701718646258
804500,106.14930555555556,-0.1798913741767466,-0.1798913741767467,-0.0021092823578960887,0.13004253515176628
805000,106.21527777777779,-0.18090726774918886,-0.18090726774918875,0.002429702126891984,0.13465101476300748
805500,106.28125,-0.18041026903819204,-0.180410269038192,-0.0008547436379846168,0.1342023688769932
806000,106.34722222222223,-0.17900926915934243,-0.17900926915934245,-0.001643680687527796,0.1321632743564346
806500,106.41319444444446,-0.17649135628761187,-0.17649135628761184,-0.0004868592465828175,0.1320036885831766
807000,106.47916666666669,-0.17680514938754477,-0.17680514938754477,-0.00014834302024135205,0.13019922049461022
807500,106.54513888888889,-0.17479452599262674,-0.17479452599262657,-0.0008388831647499141,0.12596674520117424
808000,106.6111111111111,-0.17561465230889903,-0.1756146523088989,0.000905733184907093,0.12845826465157428
808500,106.67708333333333,-0.17611775538503108,-0.17611775538503105,0.0011973237135752411,0.12929108202574685
809000,106.74305555555556,-0.1732227905795963,-0.1732227905795963,-0.006735693711165894,0.12465204225564035
809500,106.80902777777779,-0.1715845206840359,-0.17158452068403582,0.001418030605841604,0.1214970877524048
810000,106.875,-0.1724120638184855,-0.17241206381848528,0.00346781740484146,0.12342493728143031
810500,106.94097222222223,-0.17272149557227323,-0.17272149557227326,-0.005918588955179884,0.12452617866091341
811000,107.00694444444446,-0.17270626341465892,-0.17270626341465894,-1.3688631013599698e-05,0.1235821979131002
811500,107.07291666666669,-0.17326404877829407,-0.17326404877829393,0.00030798383250966245,0.12371805508543121
812000,107.13888888888889,-0.17096551276584007,-0.17096551276584002,-0.0019869826752106756,0.12219557809616614
812500,107.2048611111111,-0.17107659521327107,-0.17107659521327115,0.000938925288717382,0.1258223384141234
813000,107.27083333333333,-0.17390499167355739,-0.17390499167355733,-0.0061582910254868225,0.12550356680192346
813500,107.33680555555556,-0.1702069413747997,-0.1702069413747997,-0.004067327103015131,0.11969239905814678
814000,107.40277777777779,-0.1690259681509045,-0.16902596815090443,2.4264184103443073e-06,0.12295414618406682
814500,107.46875,-0.16902774153418018,-0.1690277415341802,0.002562035232239541,0.12172567539649899
815000,107.53472222222223,-0.16969233372559464,-0.1696923337255946,0.001715740285092008,0.1231847186414499
815500,107.60069444444446,-0.17019436768705115,-0.17019436768705118,0.0029584493826261887,0.12061858964057529
816000,107.66666666666669,-0.17071047495567224,-0.1707104749556722,0.0005006541714861627,0.11770204361776633
816500,107.73263888888889,-0.16688978921240125,-0.1668897892124012,0.0006319879517425493,0.11820353334012695
817000,107.7986111111111,-0.16883059793461688,-0.168830597934617,0.0014819796703095002,0.11682934263451776
817500,107.86458333333333,-0.16812994612521526,-0.16812994612521542,0.0038726648751467984,0.11701111611164794
818000,107.93055555555556,-0.16753182175849654,-0.16753182175849654,0.0004899489812378135,0.11588779114815675
818500,107.99652777777779,-0.16557013322734354,-0.16557013322734346,-0.0020694353979611424,0.11811114251470285
819000,108.0625,-0.16670074505499366,-0.16670074505499366,-0.0010870949764412703,0.11428024452024672
819500,108.12847222222223,-0.16916028421167498,-0.16916028421167492,-0.0010103146165939573,0.1173247351199797
820000,108.19444444444446,-0.1679710936347256,-0.1679710936347256,-0.003854359683084973,0.11395773692291472
820500,108.26041666666669,-0.1663630475085021,-0.16636304750850214,0.001561219540369536,0.11393753626517546
821000,108.32638888888889,-0.16529643166327607,-0.1652964316632761,-0.00284954452673626,0.11632954513427288
821500,108.3923611111111,-0.16627108061980417,-0.16627108061980436,0.0043250098506174995,0.11491485196505599
822000,108.45833333333333,-0.16457131518714987,-0.1645713151871499,0.0018011523148008227,0.11375065752138039
822500,108.52430555555556,-0.16284619922510113,-0.16284619922510113,-0.001013674879996604,0.10920263570477301
823000,108.59027777777779,-0.16486314405755348,-0.16486314405755337,-0.0034546532343138615,0.11261014289397692
823500,108.65625,-0.16468156754755336,-0.16468156754755336,-0.0033037914512601433,0.1115100693470716
824000,108.72222222222223,-0.16462751065849493,-0.16462751065849487,-3.906457221093248e-06,0.1129476888216571
824500,108.78819444444446,-0.16170857167603256,-0.16170857167603267,-7.274985652949775e-05,0.1090927079628742
825000,108.85416666666669,-0.16123947229441465,-0.16123947229441465,-2.7450242301108017e-05,0.11150252905943822
825500,108.92013888888889,-0.16199617148735382,-0.1619961714873538,-0.0039712560172488615,0.10831818949481442
826000,108.9861111111111,-0.16348322883607627,-0.16348322883607613,-0.0012480384899985636,0.10870663136390893
826500,109.05208333333333,-0.16017533578853468,-0.16017533578853452,-0.0016413405057630532,0.11331637910312956
827000,109.11805555555556,-0.15956782451541687,-0.15956782451541682,-0.00033175270938805377,0.1101958866575449
827500,109.18402777777779,-0.15881402695661684,-0.1588140269566168,-0.0021656857788840693,0.10725549343439715
828000,109.25,-0.15846794549001747,-0.15846794549001753,-0.00029081062839215804,0.1079134112850441
828500,109.31597222222223,-0.15956622703790507,-0.15956622703790505,0.003486874447846661,0.10827406803128549
829000,109.38194444444446,-0.15528032995767188,-0.1552803299576718,0.0008617344596947281,0.10676747650866213
829500,109.44791666666669,-0.15737347421504194,-0.15737347421504194,-7.650406373884424e-06,0.10687344674082516
830000,109.51388888888889,-0.1580623764899606,-0.15806237648996066,-0.002137879070964439,0.10717827654903327
830500,109.5798611111111,-0.15400084784638363,-0.15400084784638363,0.0012391627953481335,0.1049300475565531
831000,109.64583333333333,-0.15487029279045747,-0.15487029279045728,0.0008570691181820302,0.10601130446722438
831500,109.71180555555556,-0.15407585467600304,-0.154075854676003,-0.0012352503169261314,0.10671738578455688
832000,109.77777777777779,-0.1542787113313375,-0.1542787113313375,-0.00437974449486405,0.10482793681707912
832500,109.84375,-0.15447671323316617,-0.15447671323316614,0.002464374721231465,0.10524941961623129
833000,109.90972222222223,-0.15347955371727412,-0.1534795537172741,0.005256600635483684,0.1034254974773695
833500,109.97569444444446,-0.15273504367596333,-0.15273504367596344,-0.0029214491421519087,0.10622537888932572
834000,110.04166666666669,-0.15218672908635533,-0.15218672908635533,-0.00031794861160011086,0.1074807604702799
834500,110.10763888888889,-0.15301327956733415,-0.15301327956733402,-0.002884544132484646,0.10340048037218712
835000,110.1736111111111,-0.1546960193861848,-0.15469601938618477,0.0022639337250295825,0.10386481564868094
835500,110.23958333333333,-0.15558980302847109,-0.15558980302847097,0.001088071304716275,0.10452991782596814
836000,110.30555555555556,-0.15309438740998968,-0.15309438740998965,0.0037836971428178118,0.10189044308605255
836500,110.37152777777779,-0.15034539177116427,-0.15034539177116435,0.0019295645143863214,0.10417255410667056
837000,110.4375,-0.15378924103435787,-0.1537892410343579,-0.0013300702669109237,0.10191127229576984
837500,110.50347222222223,-0.15614755017489695,-0.1561475501748969,-0.0003055344574366413,0.10084941270092367
838000,110.56944444444446,-0.15247097143195962,-0.15247097143195948,0.0005950612327757417,0.1042872788397379
838500,110.63541666666669,-0.15157637351625197,-0.15157637351625203,0.000617077397216649,0.10476370963654061
839000,110.70138888888889,-0.14985627315326147,-0.14985627315326133,0.0031399913258716846,0.1004516075809327
839500,110.7673611111111,-0.15061130632421074,-0.15061130632421071,-0.0005953441208279903,0.10118277789137492
840000,110.83333333333333,-0.15091386723819591,-0.15091386723819605,0.0003004614494427044,0.10602897727925979
840500,110.89930555555556,-0.15144256118982852,-0.15144256118982852,0.0028913252589627242,0.1015331824442706
841000,110.96527777777779,-0.15187933947002424,-0.15187933947002413,0.0015518695859710267,0.10331159863093577
841500,111.03125,-0.14993520345462774,-0.14993520345462788,-0.005186401028401802,0.10243822115499221
842000,111.09722222222223,-0.14920648917689353,-0.14920648917689347,0.003456239908706247,0.10051043330786266
842500,111.16319444444446,-0.14861625220710095,-0.14861625220710098,6.31216280059551e-06,0.10096835089108765
843000,111.22916666666669,-0.14837160523191079,-0.14837160523191076,-0.002515165593770262,0.10254573753959532
843500,111.29513888888889,-0.1482515811197751,-0.1482515811197751,0.0013947843610320543,0.10178580999839638
844000,111.3611111111111,-0.14871770375042756,-0.14871770375042745,-0.0015522070689054884,0.10166097490459702
844500,111.42708333333333,-0.1457287820681469,-0.1457287820681468,0.0004606352385502125,0.10177192026337374
845000,111.49305555555556,-0.14769938593009987,-0.14769938593009987,0.0036071306646401334,0.09612220635399218
845500,111.55902777777779,-0.14872330055918034,-0.14872330055918026,0.00021007473916670469,0.09771231692502653
846000,111.625,-0.14410874619538303,-0.14410874619538314,-0.00045583791981338427,0.09794836365345314
846500,111.69097222222223,-0.14608297924236424,-0.1460829792423642,-0.0007448394453583502,0.09943155021312111
847000,111.75694444444446,-0.1457335940056726,-0.14573359400567248,0.001611627102484523,0.0994396392519463
847500,111.82291666666669,-0.14482504216597436,-0.1448250421659744,0.0017187593510744003,0.09636059722338168
848000,111.88888888888889,-0.14410040391311754,-0.14410040391311738,-0.0011592394900094127,0.0981522428607798
848500,111.9548611111111,-0.14364985708977326,-0.14364985708977338,-0.0011485300077952577,0.09744131358292417
849000,112.02083333333333,-0.14318720474615496,-0.143187204746155,0.0005940381634893469,0.09770949468785453
849500,112.08680555555556,-0.1421525242731607,-0.14215252427316072,0.0032865328776796503,0.09994838221040626
850000,112.15277777777779,-0.14101814988604194,-0.14101814988604186,-0.0009529280298189327,0.09675541727825863
850500,112.21875,-0.13995182561809075,-0.13995182561809077,-0.002174604013629587,0.09399688102349224
851000,112.28472222222223,-0.14129799773915006,-0.14129799773915008,0.0016833351170330063,0.09753392921932753
851500,112.35069444444446,-0.14347140445622478,-0.14347140445622478,-0.0047689401830318745,0.09369724751316288
852000,112.41666666666669,-0.14434348357095272,-0.1443434835709528,0.0025633732443957223,0.09460236477406594
852500,112.48263888888889,-0.14185732362924955,-0.14185732362924963,-0.0004939291293031142,0.09700551044362146
853000,112.5486111111111,-0.13804914483194936,-0.1380491448319493,0.0015897337406767659,0.09240705222354817
853500,112.61458333333333,-0.14188224031229713,-0.14188224031229713,0.0023228506673406697,0.09645357909032921
854000,112.68055555555556,-0.1415170263700445,-0.1415170263700446,0.001221436515564065,0.0963990055325776
854500,112.74652777777779,-0.14384568301437006,-0.14384568301437006,-0.0010884572440892871,0.09504928400034908
855000,112.8125,-0.1411676436185278,-0.14116764361852785,-0.0005808353697245991,0.09609146751826118
855500,112.87847222222223,-0.13967061392672953,-0.13967061392672941,-0.0004938466257023196,0.09399141951067391
856000,112.94444444444446,-0.14258767425511876,-0.14258767425511876,-0.0006761026672773057,0.09501467733238296
856500,113.01041666666669,-0.14066147647888877,-0.14066147647888882,0.0024711527798701016,0.095063539659977
857000,113.07638888888889,-0.14047801248473768,-0.1404780124847376,-0.00018661274515901626,0.09521978098309497
857500,113.1423611111111,-0.14055038757838084,-0.14055038757838084,0.0018037295310545192,0.09321984227679969
858000,113.20833333333333,-0.140122227368473,-0.14012222736847296,0.0055333159651764375,0.09300083507020082
858500,113.27430555555556,-0.13779878775211157,-0.13779878775211157,0.0023220795472271853,0.09395822733928187
859000,113.34027777777779,-0.1424870455491402,-0.14248704554914024,-0.0021673062945519223,0.0942966012224727
859500,113.40625,-0.1397406753091032,-0.13974067530910309,-0.001097147455052907,0.0924765557954067
860000,113.47222222222223,-0.13952711861755987,-0.13952711861755995,0.0008805078928655076,0.09172635176646823
860500,113.53819444444446,-0.13874242668438747,-0.13874242668438738,0.003167280316837834,0.09128853193038312
861000,113.60416666666669,-0.14065974363790582,-0.14065974363790582,-0.0035825205779787856,0.09575953185667015
861500,113.67013888888889,-0.13882545511823596,-0.13882545511823594,0.001063921875851726,0.09329873144681584
862000,113.7361111111111,-0.13849363161333259,-0.13849363161333256,0.001436210352099012,0.09263222251900992
862500,113.80208333333333,-0.13852348540828258,-0.13852348540828255,0.0027575867461091513,0.09206698268974693
863000,113.86805555555556,-0.13562110117843823,-0.13562110117843829,0.00019664994042000288,0.09330482305864876
863500,113.93402777777779,-0.13467584780691524,-0.13467584780691527,-0.0015653388800742117,0.09404690257321392
864000,114.0,-0.13588291472479958,-0.13588291472479958,-0.0005997724600741199,0.09148841432591151
864500,114.06597222222223,-0.1329944418552022,-0.13299444185520223,-0.0004168200902276121,0.09223256003834311
865000,114.13194444444446,-0.13368001357571438,-0.13368001357571432,-4.020695637353638e-05,0.09320387525421221
865500,114.19791666666669,-0.13398317980446592,-0.13398317980446586,-0.003093047266066019,0.09073686483883485
866000,114.26388888888889,-0.13555564880141746,-0.13555564880141743,0.005563851876117614,0.09087773359358467
866500,114.3298611111111,-0.1348167793412396,-0.13481677934123956,-0.002538132201523407,0.0887581604148793
867000,114.39583333333333,-0.1340024496332908,-0.13400244963329083,-0.0029040069749204853,0.08657448530651086
867500,114.46180555555556,-0.1357775980471045,-0.13577759804710476,0.0022955613302486277,0.09057008649841879
868000,114.52777777777779,-0.13455625613508368,-0.1345562561350836,-0.003462850951138931,0.08831754234299001
868500,114.59375,-0.1310307906213947,-0.1310307906213947,0.000804942156079866,0.08961194758689309
869000,114.65972222222223,-0.13331954130929347,-0.13331954130929347,-0.0002942459429512274,0.08953246844329625
869500,114.72569444444446,-0.129969969996957,-0.12996996999695687,-0.0012489449515402287,0.08741039735743875
870000,114.79166666666669,-0.13145810611447398,-0.13145810611447398,0.0006794780443655863,0.08645904326584551
870500,114.85763888888889,-0.1318863450341613,-0.13188634503416144,0.0024815695276817133,0.08975499422231092
871000,114.9236111111111,-0.13217545757140003,-0.13217545757139998,0.0017066607848872475,0.08492911843389248
871500,114.98958333333333,-0.1323950806634191,-0.1323950806634189,-0.006561462609761383,0.08936828228829087
872000,115.05555555555556,-0.1302862140605265,-0.13028621406052657,0.0010101937423145394,0.08913405471578427
872500,115.12152777777779,-0.1295591334798335,-0.12955913347983353,-0.0006333694733695354,0.08775005135556009
873000,115.1875,-0.12964893692126753,-0.12964893692126747,-0.0013480966002822968,0.08615435944936595
873500,115.25347222222223,-0.13320642654904913,-0.1332064265490491,0.0036795965432033116,0.09041353560825843
874000,115.31944444444446,-0.12959340382214773,-0.12959340382214762,-0.0004471160841548446,0.08554016536481307
874500,115.38541666666669,-0.13144114865362855,-0.13144114865362852,-0.0021381908515246077,0.08653946010929452
875000,115.45138888888889,-0.1275033518701138,-0.12750335187011377,0.0016713668357040356,0.08863899367074382
875500,115.5173611111111,-0.1277964688100451,-0.12779646881004517,0.003312069645402632,0.08617623809384554
876000,115.58333333333333,-0.12975613598461674,-0.1297561359846166,0.002105607773257326,0.08412758338968676
876500,115.64930555555556,-0.12811383136943233,-0.12811383136943233,-0.001340570485205692,0.08605028640623666
877000,115.71527777777779,-0.12943327333284882,-0.12943327333284876,-0.0018921921389087688,0.0843745969544347
877500,115.78125,-0.12864179836094095,-0.12864179836094097,-0.0020448910213431604,0.08606238457534002
878000,115.84722222222223,-0.1265711886456995,-0.1265711886456995,-0.003405152401940127,0.08277322347129934
878500,115.91319444444446,-0.12646623964671752,-0.12646623964671747,-0.0018114406273266423,0.08482288808108428
879000,115.97916666666669,-0.1247745700569068,-0.12477457005690679,-0.0031677543905536355,0.08254052741140783
879500,116.04513888888889,-0.12833948260963432,-0.12833948260963418,-0.005394071465021031,0.08203784837376568
880000,116.1111111111111,-0.12840699692900626,-0.12840699692900637,-0.0027483425827578537,0.08411710150324413
880500,116.17708333333333,-0.12519709242516536,-0.12519709242516536,-0.0036153714806804694,0.08224673744329063
881000,116.24305555555556,-0.12857246762124536,-0.12857246762124544,0.002879789873675918,0.08288923489356563
881500,116.30902777777779,-0.12675589069859491,-0.12675589069859497,0.0027817969935436428,0.0809204042765352
882000,116.375,-0.1245593350299276,-0.12455933502992764,-0.0015774325852463066,0.082868344683852
882500,116.44097222222223,-0.12343711893164165,-0.12343711893164158,0.001661155963225513,0.08121488042077947
883000,116.50694444444446,-0.12504694490355314,-0.12504694490355306,0.002208498821880671,0.08355618007907807
883500,116.57291666666669,-0.12407028176413622,-0.12407028176413631,0.00429484771070722,0.08115313298784055
884000,116.63888888888889,-0.1248764128462113,-0.12487641284621125,0.003332427816823023,0.07985323691810352
884500,116.7048611111111,-0.12113233622737204,-0.12113233622737196,-0.00028833465038044276,0.08037405265071133
885000,116.77083333333333,-0.12405231092629093,-0.12405231092629097,-0.00016472079782773805,0.07891329963172705
885500,116.83680555555556,-0.12240327004674958,-0.12240327004674958,-0.0008127549761704508,0.07743428995082019
886000,116.90277777777779,-0.12268660236531728,-0.12268660236531728,-0.004634292655074028,0.07998216425691229
886500,116.96875,-0.12041273490802382,-0.12041273490802384,0.0008191514011661055,0.07960460531272243
887000,117.03472222222223,-0.122482080027896,-0.12248208002789598,-0.00010842986169222506,0.07769014348204142
887500,117.10069444444446,-0.12229638191122906,-0.12229638191122905,0.00041944817415221674,0.07671039539502413
888000,117.16666666666669,-0.11977342677913451,-0.11977342677913452,-0.002942499606158467,0.07966629839449323
888500,117.23263888888889,-0.11999962911756018,-0.11999962911756007,0.0016738359738992905,0.07658961806263453
889000,117.2986111111111,-0.11799675766819433,-0.11799675766819433,-4.0828046036619325e-06,0.07778690983932827
889500,117.36458333333333,-0.11708610533708687,-0.11708610533708683,0.001136462521559307,0.08021564983194775
890000,117.43055555555556,-0.1171295468849926,-0.1171295468849927,0.0012961957448693546,0.0780821088140106
890500,117.49652777777779,-0.11589888719539315,-0.11589888719539307,0.0016168180753983717,0.07531880799172108
891000,117.5625,-0.11415630270965066,-0.11415630270965059,0.0011216299366972253,0.07708187184728746
891500,117.62847222222223,-0.1153277159942166,-0.11532771599421664,0.0012689048882106534,0.07716906338783913
892000,117.69444444444446,-0.11262681574715329,-0.11262681574715329,-0.00011120145347003487,0.07546785086205895
892500,117.76041666666669,-0.11132683397606101,-0.11132683397606094,-0.004252324684958913,0.07490338141604758
893000,117.82638888888889,-0.11360689082027807,-0.11360689082027814,-0.0035794042448547155,0.07685019830112132
893500,117.8923611111111,-0.11206021070194716,-0.11206021070194713,0.0003232775700097373,0.06991298638395838
894000,117.95833333333333,-0.11300041110869324,-0.11300041110869324,0.0008287709323165589,0.07062860219783294
894500,118.02430555555556,-0.1116938648693011,-0.11169386486930113,3.1351374717123384e-05,0.07169343118201851
895000,118.09027777777779,-0.11048930571499509,-0.11048930571499509,-0.0040574692561951495,0.07263590381772492
895500,118.15625,-0.1102072770726738,-0.11020727707267394,0.0005604780606093858,0.07513750379589756
896000,118.22222222222223,-0.1086968147676294,-0.10869681476762937,-0.0005294940986131251,0.07273437935303383
896500,118.28819444444446,-0.10827851190619507,-0.10827851190619511,-0.001052368303643818,0.07199089780739944
897000,118.35416666666669,-0.1095079702127398,-0.10950797021273984,0.0011965647623947068,0.07287287215657332
897500,118.42013888888889,-0.10726533888836513,-0.10726533888836509,-0.004126545768514815,0.06984760398303724
898000,118.4861111111111,-0.10907759313890568,-0.10907759313890561,0.0004243783798409016,0.07084900170422344
898500,118.55208333333333,-0.10932395135162407,-0.10932395135162407,-0.0008834936078840294,0.06614884980853597
899000,118.61805555555556,-0.10781116124162292,-0.1078111612416229,-0.00249397447587589,0.06986309897176442
899500,118.68402777777779,-0.10818370928904383,-0.10818370928904376,0.0023785599032463594,0.06614390887322798
900000,118.75,-0.1079255251766793,-0.1079255251766793,-0.006085272728367732,0.07089181173930424
900500,118.81597222222223,-0.10794158648268984,-0.10794158648268982,0.00424713658768015,0.0691911842338246
901000,118.88194444444446,-0.10790242395101525,-0.10790242395101525,-0.003880172388968602,0.06905991533079538
901500,118.94791666666669,-0.10712625235205794,-0.10712625235205805,3.5776497274265925e-05,0.06826302813637729
902000,119.01388888888889,-0.10747569367814454,-0.10747569367814447,-0.0026172157033272016,0.06851395820731554
902500,119.0798611111111,-0.10734585755897047,-0.10734585755897047,-0.0003059570803572521,0.06457507424699084
903000,119.14583333333333,-0.10761328660924462,-0.10761328660924463,0.0038429641384435534,0.06961190591149587
903500,119.21180555555556,-0.1099627714307242,-0.1099627714307241,-0.000873212361501905,0.06822442270554574
904000,119.27777777777779,-0.10856912073145693,-0.10856912073145693,-0.005933384792818315,0.06721101270765201
904500,119.34375,-0.1055700730392892,-0.10557007303928921,-0.00018445647933843922,0.06536372233410184
905000,119.40972222222223,-0.1048174691010038,-0.10481746910100385,-0.0038917052760022736,0.06637277953181368
905500,119.47569444444446,-0.10607849009800016,-0.10607849009800012,0.003378821679074896,0.06703537751998138
906000,119.54166666666669,-0.10277818295800804,-0.10277818295800802,-0.00014432966838257073,0.06503662053868825
906500,119.60763888888889,-0.10704103545315444,-0.10704103545315445,0.0004159489798984588,0.0665690778764549
907000,119.6736111111111,-0.10256271913390103,-0.10256271913390104,-0.005566399832196072,0.06473517976318315
907500,119.73958333333333,-0.10352215799145391,-0.10352215799145392,-0.0002698598780489919,0.06319842381493332
908000,119.80555555555556,-0.10327026220645247,-0.10327026220645248,-0.0027317749069945877,0.06727747700224916
908500,119.87152777777779,-0.10305711661167,-0.10305711661167,-0.0016823189251817601,0.06404938313247088
909000,119.9375,-0.10343043670905014,-0.10343043670905015,0.003220934291103916,0.06581789835670336
909500,120.00347222222223,-0.10354515569452193,-0.10354515569452181,-0.00279406144968805,0.06401421003623273
910000,120.06944444444446,-0.10038499650798707,-0.10038499650798703,-0.0011542051383693316,0.062342047275586315
910500,120.13541666666669,-0.1028203217594357,-0.10282032175943567,0.0002083181886077017,0.06005197866225545
911000,120.20138888888889,-0.10325098881460153,-0.10325098881460155,-0.0012979222651252652,0.05943273935454885
911500,120.2673611111111,-0.100799192087176,-0.1007991920871761,-0.0005367657870289468,0.06234781490554434
912000,120.33333333333333,-0.10143318278605783,-0.10143318278605785,-0.003069742824648227,0.06126012767713779
912500,120.39930555555556,-0.09993440642580288,-0.0999344064258029,0.00011296436278784244,0.06018895470373705
913000,120.46527777777779,-0.09938679706174801,-0.099386797061748,-0.0031980933279207847,0.06083773664758933
913500,120.53125,-0.09986646700910883,-0.09986646700910884,0.0003693629305438242,0.06201523966945792
914000,120.59722222222223,-0.09854768742424652,-0.09854768742424651,-0.0023992001580750173,0.06405276762950922
914500,120.66319444444446,-0.10018203127615913,-0.10018203127615903,0.001202662341936468,0.061404717135142915
915000,120.72916666666669,-0.0973780585578894,-0.09737805855788949,-0.0035024126883826633,0.062430238448244905
915500,120.79513888888889,-0.09618502958393765,-0.0961850295839375,-0.002404882803076469,0.05847488136031817
916000,120.8611111111111,-0.09672390950007552,-0.09672390950007541,-0.0021408279243788813,0.06142984258311047
916500,120.92708333333333,-0.0984084258350956,-0.09840842583509542,-0.002619889023856863,0.06021098845360183
917000,120.99305555555556,-0.09641253815799417,-0.09641253815799418,-0.0017060021041460872,0.05890251818728175
917500,121.05902777777779,-0.09548153824901452,-0.0954815382490145,-0.0015929493464468276,0.05653668493963237
918000,121.125,-0.09523937583331837,-0.09523937583331837,-0.0025443966903690666,0.0587007753971078
918500,121.19097222222223,-0.09501303460768852,-0.09501303460768852,-0.003399122009224278,0.05824734678730521
919000,121.25694444444446,-0.09743063710289784,-0.09743063710289789,-8.406080423422593e-05,0.05809975600869898
919500,121.32291666666669,-0.09392553522720123,-0.09392553522720125,-0.0016072592757884413,0.0601752487812574
920000,121.38888888888889,-0.09069000949513711,-0.09069000949513709,-0.0006853021437035758,0.05585989205371122
920500,121.4548611111111,-0.09483717707912476,-0.09483717707912476,0.00047112094772281955,0.05326866978088765
921000,121.52083333333333,-0.09233619316571973,-0.09233619316571982,-0.0036412463758511704,0.056631529870409744
921500,121.58680555555556,-0.09025176003117134,-0.09025176003117137,-0.0028626617127373356,0.0555241472141389
922000,121.65277777777779,-0.09136372586021918,-0.09136372586021912,-0.004229551523912399,0.05898451311721204
922500,121.71875,-0.09308266994960805,-0.09308266994960811,0.0014635338140572488,0.05734186204225671
923000,121.78472222222223,-0.09237155348515097,-0.09237155348515107,-0.0029411764011159592,0.05610049813240209
923500,121.85069444444446,-0.0911685636005359,-0.09116856360053589,0.0031973437950266826,0.05764513933607987
924000,121.91666666666669,-0.09298761723399945,-0.09298761723399945,-0.0011401435228819042,0.053525925249980844
924500,121.98263888888889,-0.09155931950056952,-0.09155931950056952,0.002413703035913676,0.05555127916784223
925000,122.0486111111111,-0.08961824724813346,-0.08961824724813339,-0.002290719994560114,0.05606014552150841
925500,122.11458333333333,-0.09022143490768195,-0.09022143490768192,0.002007812490188011,0.05388746851804058
926000,122.18055555555556,-0.09202035396331405,-0.092020353963314,-0.0007445698782294954,0.05563948386973272
926500,122.24652777777779,-0.09073433317224401,-0.09073433317224398,-0.0004363305741729816,0.054373394868233275
927000,122.3125,-0.0895258045899526,-0.0895258045899526,-0.003812750313133024,0.05279243579240251
927500,122.37847222222223,-0.09035456616130998,-0.09035456616130995,0.0008267364400595438,0.052279811089943014
928000,122.44444444444446,-0.08916795546193389,-0.08916795546193387,0.0013934507173188775,0.05492527498037394
928500,122.51041666666669,-0.08930573415401184,-0.0893057341540118,-0.0028035589384897584,0.05336736069765013
929000,122.57638888888889,-0.0894816259889618,-0.0894816259889619,-0.004481773878405295,0.053450631010267306
929500,122.6423611111111,-0.08814405061060203,-0.0881440506106021,0.0003030637926907529,0.05267349909791794
930000,122.70833333333333,-0.08909093302676982,-0.08909093302676982,0.001151127110976464,0.05441526116901386
930500,122.77430555555556,-0.08615541412973425,-0.08615541412973422,-0.0019948435283741457,0.053771624569722516
931000,122.84027777777779,-0.08915197010419457,-0.08915197010419457,-0.0027908650185448115,0.05045863474466721
931500,122.90625,-0.08587384203253043,-0.08587384203253041,-2.2096663303744287e-05,0.05354954282574623
932000,122.97222222222223,-0.08818595525902517,-0.08818595525902514,-0.001205809091105345,0.05230127978741948
932500,123.03819444444446,-0.08754538781222067,-0.0875453878122206,-0.0014582692829167997,0.05486316611694875
933000,123.10416666666669,-0.0900381759568449,-0.09003817595684492,-0.004518397688881209,0.05413676979898714
933500,123.17013888888889,-0.08613087305842426,-0.08613087305842428,-0.0007461945290869026,0.05281480735135557
934000,123.2361111111111,-0.08695737268477877,-0.0869573726847787,-0.0028215775157577694,0.05318528002611064
934500,123.30208333333333,-0.08639539871228062,-0.08639539871228064,-0.0012187368960515114,0.051733394854421154
935000,123.36805555555556,-0.08662905227921056,-0.08662905227921054,0.0012629353777168075,0.051097955480185996
935500,123.43402777777779,-0.08648437904093806,-0.08648437904093807,0.0040923845111896055,0.05209968587410014
936000,123.5,-0.08941394111343474,-0.08941394111343468,-0.0020009935108065728,0.053429465114287256
936500,123.56597222222223,-0.08797387736001068,-0.08797387736001067,-0.0014430195028434598,0.05162966437895869
937000,123.63194444444446,-0.08490855490908523,-0.08490855490908523,0.00016646597552311216,0.05513034228999846
937500,123.69791666666669,-0.08660513918493816,-0.08660513918493812,-0.0029331806332533804,0.050276924641238695
938000,123.76388888888889,-0.08738903904460657,-0.08738903904460664,-0.0008183245668886022,0.050682423425089836
938500,123.8298611111111,-0.0831081003934499,-0.0831081003934499,0.0008541340381816785,0.048429332336845876
939000,123.89583333333333,-0.08447331362783951,-0.08447331362783951,0.0023262355889615946,0.05370992624769881
939500,123.96180555555556,-0.0846973105270885,-0.08469731052708843,-1.615158172664452e-05,0.05242791305329764
940000,124.02777777777779,-0.08422150481433989,-0.08422150481433988,0.0011627749028748475,0.0504850673529571
940500,124.09375,-0.08266106100801701,-0.08266106100801701,0.001866965016817579,0.051755649191345815
941000,124.15972222222223,-0.08245113259521586,-0.08245113259521589,-0.002415244549738304,0.050038170904670505
941500,124.22569444444446,-0.08363066204462946,-0.08363066204462939,0.004923401914787996,0.051492319127261314
942000,124.29166666666669,-0.08444315801853058,-0.08444315801853065,0.0004276300701019056,0.05111063136901089
942500,124.35763888888889,-0.08416472220640378,-0.0841647222064038,0.0006952841998002446,0.050637439830697885
943000,124.4236111111111,-0.08164333378421429,-0.08164333378421433,-0.0015600888017393208,0.05001131557383446
943500,124.48958333333333,-0.08215135302077463,-0.08215135302077474,-0.0008669510985113332,0.04932027563237865
944000,124.55555555555556,-0.08239417623003623,-0.08239417623003631,-0.008064013478647691,0.0524718822840831
944500,124.62152777777779,-0.08011387471309428,-0.0801138747130943,0.0008862015305589269,0.05130514973942993
945000,124.6875,-0.08083048093520938,-0.08083048093520942,-0.00013117812223680677,0.05233660573750629
945500,124.75347222222223,-0.08197400587893298,-0.08197400587893298,-0.0010076280539268961,0.05046875672424934
946000,124.81944444444446,-0.0840374235641077,-0.08403742356410768,0.004710775513305448,0.04745849101196447
946500,124.88541666666669,-0.08309185950441568,-0.08309185950441565,0.0016748191424572879,0.049787122634425335
947000,124.95138888888889,-0.08226406212487519,-0.0822640621248752,0.0033761823643703535,0.056590965342308834
947500,125.0173611111111,-0.08669993266943249,-0.0866999326694325,-0.0005200328622766364,0.05046619085230441
948000,125.08333333333333,-0.08081572766312159,-0.08081572766312156,0.0011621025953021625,0.052155146588166265
948500,125.14930555555556,-0.08224230293265929,-0.0822423029326593,0.0008583560383540833,0.051142521505729455
949000,125.21527777777779,-0.08265673331505022,-0.08265673331505025,-0.0001839471987699731,0.05104821487266295
949500,125.28125,-0.07906471273612363,-0.07906471273612356,0.0008729209136331418,0.05393852007289525
950000,125.34722222222223,-0.08262813169496186,-0.08262813169496191,-0.0004815546366469411,0.05369782799253844
950500,125.41319444444446,-0.0841004917646334,-0.08410049176463337,-0.002620013825205504,0.050439120043932605
951000,125.47916666666669,-0.08125049376832298,-0.081250493768323,-0.0021096560500548653,0.05055061610169748
951500,125.54513888888889,-0.07920185667294137,-0.07920185667294136,0.00040369020737569816,0.05195585666463461
952000,125.6111111111111,-0.07678286562008271,-0.07678286562008271,-0.001439722400956128,0.05067740334161214
952500,125.67708333333333,-0.07931824587868133,-0.07931824587868135,-0.0019031503941161032,0.051347085273538665
953000,125.74305555555556,-0.0815090724444394,-0.0815090724444394,0.0007203967617092164,0.05063847762197757
953500,125.80902777777779,-0.07999357480679117,-0.0799935748067912,-0.00020557274804827702,0.048192431557715854
954000,125.875,-0.07904088960677942,-0.0790408896067794,0.00501899763168602,0.050929295477924505
954500,125.94097222222223,-0.07994976241003979,-0.07994976241003977,-0.0033556110923455033,0.04764349581202854
955000,126.00694444444446,-0.0787133540387897,-0.07871335403878969,0.00022226018945435878,0.048700622777780235
955500,126.07291666666669,-0.07698581449714577,-0.07698581449714577,-0.0009804740923784103,0.04728781112800159
956000,126.13888888888889,-0.07751279203026207,-0.0775127920302621,-0.001317855984119242,0.04784246360719986
956500,126.2048611111111,-0.07935919415303551,-0.07935919415303547,0.0013894375571450808,0.05085819629676696
957000,126.27083333333333,-0.07393177598555273,-0.07393177598555273,0.0006797312127313098,0.045962905154932523
957500,126.33680555555556,-0.07805444866703248,-0.07805444866703251,-0.001738617207395578,0.04628982584550668
958000,126.40277777777779,-0.07687280018343214,-0.07687280018343211,0.0028173281311360196,0.049249287710353376
958500,126.46875,-0.07805532455539113,-0.07805532455539121,0.001903113229350008,0.046012658889558536
959000,126.53472222222223,-0.07737185143057103,-0.07737185143057101,-0.0011926275046988365,0.04873573720039122
959500,126.60069444444446,-0.07568350155180652,-0.07568350155180649,-0.002225793189525447,0.04615168169853585
960000,126.66666666666669,-0.07760011196743616,-0.07760011196743609,-0.002590093870668573,0.04971508126230407
960500,126.73263888888889,-0.0774557760527359,-0.07745577605273586,0.001953035416855185,0.04690025852059991
961000,126.7986111111111,-0.07429686134340163,-0.07429686134340162,0.0018825513722940965,0.04464221266858645
961500,126.86458333333333,-0.07697808190240818,-0.07697808190240822,0.000362162732247411,0.04394261789737649
962000,126.93055555555556,-0.07435595991438708,-0.0743559599143871,-0.0018043586049417883,0.045628461641969424
962500,126.99652777777779,-0.07264746562962647,-0.07264746562962646,0.0003763946167709879,0.04205620366852164
963000,127.0625,-0.07239912140329387,-0.07239912140329394,-0.004143708929067823,0.0456256509823432
963500,127.12847222222223,-0.0730688899103053,-0.07306888991030534,-0.004367551039050764,0.04420587455201436
964000,127.19444444444446,-0.07212838178422389,-0.07212838178422379,-0.00168930977428897,0.04450636766860297
964500,127.26041666666669,-0.07274994575270939,-0.07274994575270945,-0.002419198586285638,0.04656242024777768
965000,127.32638888888889,-0.07312245998899532,-0.07312245998899539,-0.0016676013563795065,0.04477699640240076
965500,127.3923611111111,-0.0719303882613207,-0.07193038826132067,-0.0036424515581258503,0.04379257778331801
966000,127.45833333333333,-0.07207148299087429,-0.07207148299087429,0.003416767099513074,0.043853640288522636
966500,127.52430555555556,-0.07196911733440432,-0.0719691173344043,0.0011578037127642517,0.04173026193867576
967000,127.59027777777779,-0.06998404874485807,-0.06998404874485807,0.0005000760078541451,0.04142378837022368
967500,127.65625,-0.07093937068987359,-0.07093937068987366,-0.004671230868831692,0.04339609263451796
968000,127.72222222222223,-0.07089954955944412,-0.07089954955944412,0.0009099839204093441,0.040922341220628385
968500,127.78819444444446,-0.07202215817263181,-0.07202215817263181,-0.0008027132886540136,0.043397425187521155
969000,127.85416666666669,-0.06983250518363437,-0.06983250518363444,-0.002346969715490808,0.04031221932462564
969500,127.92013888888889,-0.07022618562384392,-0.07022618562384397,-0.0027439468465156793,0.043261818679841205
970000,127.9861111111111,-0.07044106710233387,-0.07044106710233386,0.001431609779302708,0.04104739307118588
970500,128.05208333333334,-0.07210533924980157,-0.07210533924980161,-0.0011548295278498593,0.04328616980457133
971000,128.11805555555554,-0.07106147985778707,-0.07106147985778706,-0.002909739679192179,0.04271319767171265
971500,128.18402777777777,-0.06878662457610372,-0.06878662457610378,0.0005020818975881125,0.04391549323968806
972000,128.25,-0.06955265430735727,-0.06955265430735727,-0.001120730952661976,0.0421158497857054
972500,128.31597222222223,-0.06979833978115504,-0.06979833978115492,0.0030564697215638994,0.04114915934281842
973000,128.38194444444446,-0.06924040563646237,-0.0692404056364624,0.0042280940142309315,0.04014575433812103
973500,128.44791666666669,-0.06976254322904474,-0.06976254322904474,0.001137715380865344,0.045862259161779786
974000,128.51388888888889,-0.0695283170408963,-0.06952831704089636,0.0010285807471775612,0.04331436326750001
974500,128.57986111111111,-0.06870240249697344,-0.06870240249697342,-0.000155939620979825,0.039337756529259575
975000,128.64583333333334,-0.07117336549406213,-0.07117336549406215,0.0008937801745913124,0.04243867954886872
975500,128.71180555555554,-0.07060502909622048,-0.07060502909622048,0.0027265604602668956,0.041062153179132
976000,128.77777777777777,-0.06684152624103322,-0.06684152624103323,0.0013822398344191871,0.04198335662991442
976500,128.84375,-0.0669383835822722,-0.06693838358227217,-0.0013786123684804616,0.042513283050204936
977000,128.90972222222223,-0.06679222388090249,-0.06679222388090254,0.004039458530316331,0.0376141403885218
977500,128.97569444444446,-0.06631783731817092,-0.06631783731817105,0.0003887815746753752,0.04013596782697715
978000,129.04166666666669,-0.06594766254520727,-0.06594766254520727,0.003992706264535054,0.04188598140401241
978500,129.10763888888889,-0.06693324745423815,-0.06693324745423815,0.0018877388754189965,0.03746623698909708
979000,129.17361111111111,-0.06689263824301214,-0.06689263824301214,0.0020926052923497564,0.040637827878602525
979500,129.23958333333334,-0.06635879106820666,-0.06635879106820658,-0.0006088545432185026,0.039338602584914284
980000,129.30555555555554,-0.06609401937879358,-0.06609401937879358,0.0019737801008781974,0.03865381775999068
980500,129.37152777777777,-0.06325124087854242,-0.06325124087854239,-0.001585584061493825,0.03765474489544498
981000,129.4375,-0.06237463560018167,-0.06237463560018168,0.0013735229063476337,0.04023994619653561
981500,129.50347222222223,-0.06319047638434196,-0.06319047638434189,0.0007037571758273909,0.037518740929903954
982000,129.56944444444446,-0.06009594018834225,-0.06009594018834226,0.0020469873068698257,0.03618910949892964
982500,129.63541666666669,-0.06185986825341595,-0.06185986825341598,0.003590612806246611,0.03594485795338868
983000,129.70138888888889,-0.060893809964716196,-0.06089380996471617,0.0030277424045414784,0.036317638459818426
983500,129.76736111111111,-0.06128550260526501,-0.061285502605264976,-0.0013170597133562848,0.039357622588657014
984000,129.83333333333334,-0.06050838736717853,-0.060508387367178514,-0.002440942921560115,0.03644631256885696
984500,129.89930555555554,-0.058398057153885685,-0.05839805715388575,0.0001176024939211424,0.03477003307847299
985000,129.96527777777777,-0.05643422823875086,-0.05643422823875088,-0.0006522804815390057,0.036141967086618834
985500,130.03125,-0.05573221314562478,-0.055732213145624786,0.0031407081121632074,0.03757369956011444
986000,130.09722222222223,-0.05462843237361642,-0.05462843237361644,-0.0008275672502529317,0.03546199281800473
986500,130.16319444444446,-0.05760820578634247,-0.05760820578634245,0.003958151707262791,0.03515135949721498
987000,130.22916666666669,-0.05745358729568657,-0.05745358729568657,-0.001841941328197188,0.03656056878313816
987500,130.29513888888889,-0.05468829179097702,-0.05468829179097704,-0.0001569608570521864,0.0355934062099038
988000,130.36111111111111,-0.05555173385208458,-0.05555173385208458,-0.0011951160722928477,0.034758263594515816
988500,130.42708333333334,-0.054534888755764774,-0.05453488875576477,-0.0042622988064441505,0.030454389057949994
989000,130.49305555555554,-0.05841101458267169,-0.05841101458267171,-0.0025351324467629208,0.033353674632637546
989500,130.55902777777777,-0.0556020906798149,-0.05560209067981492,-0.00205917148370978,0.03330884562806954
990000,130.625,-0.056348328126060124,-0.05634832812606015,0.00018328360969508114,0.03199040497246546
990500,130.69097222222223,-0.05632022827534408,-0.056320228275344095,-0.0027637266048992047,0.03187741528642776
991000,130.75694444444446,-0.057819859151880044,-0.05781985915188009,0.003176510146992353,0.03412804101257662
991500,130.82291666666669,-0.054120748043397164,-0.054120748043397164,0.0013422666461676217,0.032993958751969775
992000,130.88888888888889,-0.056452951589127436,-0.056452951589127436,0.0029728479836978,0.03497315275327802
992500,130.95486111111111,-0.05471846014933336,-0.05471846014933336,-0.0015453551348141262,0.032317948338920564
993000,131.02083333333334,-0.05247542130798881,-0.05247542130798881,-0.0019422733388539408,0.03401748969880253
993500,131.08680555555554,-0.053092356843058026,-0.053092356843057985,0.0014303671659101653,0.03357335780410767
994000,131.15277777777777,-0.054591281316656644,-0.05459128131665663,-0.001138774533736185,0.03160555152059928
994500,131.21875,-0.05558332094827353,-0.055583320948273514,-0.0005016463750330913,0.0348959214706915
995000,131.28472222222223,-0.055137015841802056,-0.05513701584180205,0.002049228050709221,0.03140753398333256
995500,131.35069444444446,-0.054857449781123835,-0.05485744978112385,-0.0011198536191180952,0.03221982415546508
996000,131.41666666666669,-0.054207722612087166,-0.054207722612087166,-0.00021077483676498805,0.03171413900096731
996500,131.48263888888889,-0.0521658785549651,-0.052165878554965094,-0.0005204073792505243,0.02899509041700825
997000,131.54861111111111,-0.0518640632851397,-0.05186406328513969,-0.003861494593529356,0.029258930514505798
997500,131.61458333333334,-0.048409786682315985,-0.048409786682315964,0.0029964139454839917,0.031050214547339108
998000,131.68055555555554,-0.05335863786909296,-0.053358637869092986,0.0012823801567005526,0.03158439889668308
998500,131.74652777777777,-0.0470347036746369,-0.047034703674636934,0.0017501609640673663,0.028685896902992745
999000,131.8125,-0.049656646523800155,-0.04965664652380018,0.0031672470829700087,0.03350278015300144
999500,131.87847222222223,-0.050562612206633266,-0.05056261220663325,-8.349755028966826e-05,0.02768152058806687
1000000,131.94444444444446,-0.04606023217785537,-0.046060232177855376,0.0028619723590236727,0.02766534591420484
1000500,132.01041666666669,-0.04529900109710709,-0.0452990010971071,0.001763066218490844,0.029804302151949392
1001000,132.07638888888889,-0.04995155072877435,-0.04995155072877435,-0.0011817627323620226,0.02560215714972485
1001500,132.14236111111111,-0.04598683505299225,-0.04598683505299225,0.0003993018076200619,0.026652919023915728
1002000,132.20833333333334,-0.04325665455151487,-0.04325665455151486,-0.0012163721217226741,0.02868445043011247
1002500,132.27430555555554,-0.04447441884953677,-0.04447441884953674,0.0005455291084041882,0.026619904746015374
1003000,132.34027777777777,-0.04730693439059304,-0.047306934390593046,0.0022692121759491295,0.02620704250760022
1003500,132.40625,-0.04772447112095547,-0.04772447112095547,-0.00022303860613327492,0.026398856318416382
1004000,132.47222222222223,-0.04665024464015188,-0.046650244640151876,-0.00023756698031289757,0.025435444826176126
1004500,132.53819444444446,-0.0457822431553211,-0.045782243155321097,-0.0036351155258064526,0.02714902623555163
1005000,132.60416666666669,-0.044557967526748496,-0.04455796752674851,-0.00010461803945721434,0.027656350774258962
1005500,132.67013888888889,-0.044383115038699204,-0.04438311503869919,-0.0013679495836490473,0.02823948877691765
1006000,132.73611111111111,-0.047775334528733615,-0.04777533452873363,0.0012180041543913525,0.02446722463144701
1006500,132.80208333333334,-0.046649800463914044,-0.046649800463914044,0.0001306188264126996,0.027703340712098366
1007000,132.86805555555554,-0.04504989972446363,-0.04504989972446361,0.0034986014827721344,0.026188953204381086
1007500,132.93402777777777,-0.04314928208706454,-0.043149282087064575,-0.0003768032061768117,0.028579767269675118
1008000,133.0,-0.04541692979895629,-0.0454169297989563,0.0017875473498529348,0.029106361637386738
1008500,133.06597222222223,-0.04485121949575222,-0.044851219495752236,0.0008819345986933959,0.02460801620776171
1009000,133.13194444444446,-0.04406260549998631,-0.04406260549998629,-0.0018702302908944282,0.02652814949048112
1009500,133.19791666666669,-0.041534846198503256,-0.041534846198503235,0.0010857750816845777,0.02376106447129249
1010000,133.26388888888889,-0.04320659544138135,-0.043206595441381355,-0.000729827401498164,0.030287001197966495
1010500,133.32986111111111,-0.0432943983516581,-0.04329439835165808,0.0008823549371636581,0.02705107052697579
1011000,133.39583333333334,-0.041526664570388144,-0.04152666457038815,0.0005265580155534012,0.025301171886511452
1011500,133.46180555555554,-0.04269792912140847,-0.042697929121408455,0.002570965849718171,0.02327381881042427
1012000,133.52777777777777,-0.042730262032921046,-0.042730262032921004,0.001455503434893068,0.025661555873025595
1012500,133.59375,-0.04263496910069293,-0.042634969100692914,-0.0028786390069538976,0.025002315173845942
1013000,133.65972222222223,-0.04002649200007936,-0.04002649200007936,-0.0068075013436798525,0.02583280065948118
1013500,133.72569444444446,-0.03799531702708182,-0.037995317027081844,-0.00029985327242613703,0.025239536143060855
1014000,133.79166666666669,-0.041134730755602894,-0.041134730755602915,0.001540937719244661,0.025358735486991704
1014500,133.85763888888889,-0.04084771386012458,-0.04084771386012459,0.002445042009428771,0.02880707708776309
1015000,133.92361111111111,-0.0396185344917548,-0.03961853449175478,0.00280432846256839,0.025037770009587245
1015500,133.98958333333334,-0.040879665864694305,-0.04087966586469429,0.0018778469643055558,0.02452606325228507
1016000,134.05555555555554,-0.038879819567215555,-0.03887981956721555,0.004388085083189225,0.027227538407628354
1016500,134.12152777777777,-0.037269028654583466,-0.037269028654583466,0.0009244632500117516,0.02464873012068877
1017000,134.1875,-0.04056478469815201,-0.040564784698152,-0.0025181082284361413,0.02326591612022747
1017500,134.25347222222223,-0.03713684518683658,-0.03713684518683658,-0.0021099269230721307,0.02280367364443653
1018000,134.31944444444446,-0.03919648654823312,-0.0391964865482331,-0.0001848470759462754,0.02451060869059905
1018500,134.38541666666669,-0.03707696022700001,-0.037076960226999994,-0.0010647150199503633,0.023916569331227516
1019000,134.45138888888889,-0.03888460288815306,-0.03888460288815309,-0.0002484136020401858,0.019058173036480507
1019500,134.51736111111111,-0.03837022299421396,-0.03837022299421399,0.0006463344034831804,0.023210526141752976
1020000,134.58333333333334,-0.03812528708954236,-0.03812528708954235,0.0015486444688548459,0.024439571226399566
1020500,134.64930555555554,-0.03437359090977145,-0.034373590909771455,-0.005120118586910769,0.022683124830264873
1021000,134.71527777777777,-0.03601724751551336,-0.03601724751551338,0.0003537431347424527,0.025333757731377637
1021500,134.78125,-0.037149449692815924,-0.037149449692815896,-0.005230280516579722,0.024848456483885475
1022000,134.84722222222223,-0.034566302713627595,-0.034566302713627595,-0.0026236212305943735,0.024411732852108053
1022500,134.91319444444446,-0.0363500098625383,-0.03635000986253831,0.001799336480842759,0.021839317769579866
1023000,134.97916666666669,-0.035442885483508886,-0.03544288548350886,-0.0015064667863037803,0.02160612698154425
1023500,135.04513888888889,-0.03531110117335449,-0.03531110117335446,-0.0012043568458313199,0.020874858492264066
1024000,135.11111111111111,-0.033876143769903555,-0.03387614376990357,-0.0018993257359393501,0.02152520438271473
1024500,135.17708333333334,-0.03474993677436254,-0.03474993677436253,0.001134315129563645,0.02147165198891033
1025000,135.24305555555554,-0.03339862122667136,-0.033398621226671345,0.0022333380518994683,0.026290332755409675
1025500,135.30902777777777,-0.03362583745418023,-0.033625837454180234,-0.000542843438866104,0.024871338729769685
1026000,135.375,-0.0339979202510026,-0.03399792025100259,-0.0018517609650284404,0.019035259984250798
1026500,135.44097222222223,-0.03533107668112636,-0.03533107668112639,0.0008122179788046258,0.019553557466041586
1027000,135.50694444444446,-0.03636280534312641,-0.036362805343126414,-0.003921458955081932,0.022637111976972747
1027500,135.57291666666669,-0.03368450531865648,-0.033684505318656494,-0.004263975742158852,0.02573196498886039
1028000,135.63888888888889,-0.03611278328731735,-0.03611278328731735,9.499262602209526e-05,0.018736578050466312
1028500,135.70486111111111,-0.03524756403669641,-0.03524756403669642,0.001829357562726617,0.020786768278816734
1029000,135.77083333333334,-0.03438142624588797,-0.034381426245888004,0.0013331839398439853,0.023647819043107744
1029500,135.83680555555554,-0.03056614283547586,-0.03056614283547586,0.0007466130833097424,0.01892793452240027
1030000,135.90277777777777,-0.03607025638769638,-0.03607025638769637,0.00014756891550478352,0.023691350733052854
1030500,135.96875,-0.03417625996128185,-0.03417625996128185,0.0007622878724146634,0.021854135156939566
1031000,136.03472222222223,-0.03501272297454526,-0.03501272297454526,0.0008831912029882992,0.022810307938343197
1031500,136.10069444444446,-0.03410443337339895,-0.03410443337339895,0.0022896007693661833,0.02168538775418997
1032000,136.16666666666669,-0.03206165317303807,-0.03206165317303807,-0.005401758457535894,0.022227738267931983
1032500,136.23263888888889,-0.03515637284052171,-0.03515637284052167,-0.00013414992695776428,0.02337998377819357
1033000,136.29861111111111,-0.03350069702763724,-0.033500697027637256,-0.0033424698120199724,0.022649808212049462
1033500,136.36458333333334,-0.03332347690237343,-0.033323476902373424,0.0024368051590393396,0.020898820714703326
1034000,136.43055555555554,-0.033051763600992844,-0.03305176360099287,-0.001990833916274987,0.02178851883933768
1034500,136.49652777777777,-0.032125239570237524,-0.032125239570237524,-0.0003041301442758713,0.023377701886716163
1035000,136.5625,-0.03417108621882171,-0.034171086218821735,0.0031038042252068587,0.022196826702218814
1035500,136.62847222222223,-0.03368580672120601,-0.03368580672120601,-0.0031880357604267334,0.01854156178304692
1036000,136.69444444444446,-0.034628883386623635,-0.034628883386623635,-0.0010526314238592455,0.022192428146610495
1036500,136.76041666666669,-0.03190660365588805,-0.03190660365588806,-0.002818920111322625,0.02040108643648087
1037000,136.82638888888889,-0.032896634939127464,-0.032896634939127464,-0.0068079675276999,0.01913532298678625
1037500,136.89236111111111,-0.034251324163030755,-0.03425132416303077,0.0017640917107027173,0.023292754066182118
1038000,136.95833333333334,-0.03232453600214281,-0.03232453600214281,0.0007835042115516229,0.020351468509274842
1038500,137.02430555555554,-0.03170241145106166,-0.031702411451061674,-8.384896412305071e-05,0.019788826810718054
1039000,137.09027777777777,-0.030811936219735592,-0.03081193621973561,0.0018547199966764598,0.022081466948342354
1039500,137.15625,-0.0326743067957834,-0.03267430679578339,-0.0018898640664846199,0.017726152416841296
1040000,137.22222222222223,-0.03292298401982004,-0.032922984019820016,-0.0016092858234355216,0.02136655194375097
1040500,137.28819444444446,-0.032099855962524536,-0.032099855962524536,-0.0017182887382777845,0.0199024934972539
1041000,137.35416666666669,-0.03189349045398648,-0.031893490453986456,-0.0014746302318568362,0.019882552616429162
1041500,137.42013888888889,-0.031068991835526583,-0.031068991835526583,8.762672851817747e-05,0.01704611292434648
1042000,137.48611111111111,-0.029037063114233135,-0.029037063114233142,0.0030891841828473137,0.023990443175507886
1042500,137.55208333333334,-0.030318892540997122,-0.03031889254099712,-0.0031003324664566367,0.020582696350788257
1043000,137.61805555555554,-0.02980790293045585,-0.029807902930455855,0.0007792638599474304,0.02154282719616205
1043500,137.68402777777777,-0.029440734613767415,-0.02944073461376743,-0.0011362783914802962,0.020305062036569253
1044000,137.75,-0.03020265925779575,-0.03020265925779575,0.002731831733987343,0.01854915422702833
1044500,137.81597222222223,-0.029945259171423294,-0.02994525917142326,-0.0027996733820777023,0.02315889936639153
1045000,137.88194444444446,-0.02954333064777494,-0.029543330647774944,0.0019198870438674335,0.018495795735709024
1045500,137.94791666666669,-0.03054652539924602,-0.030546525399246054,-0.0030976540067915764,0.020270078114750754
1046000,138.01388888888889,-0.029294415925614208,-0.029294415925614204,-0.004470877594058561,0.019299615448092843
1046500,138.07986111111111,-0.025925971953254728,-0.02592597195325473,-0.0023382609845706333,0.01819859741132601
1047000,138.14583333333334,-0.025442027646887477,-0.025442027646887494,-0.0014519919816255492,0.014946962898388034
1047500,138.21180555555554,-0.02778260284382576,-0.02778260284382578,-0.0042342143485116284,0.017959530575381615
1048000,138.27777777777777,-0.023886862944813434,-0.02388686294481343,0.002912342790981847,0.017914750756054303
1048500,138.34375,-0.026745471175998663,-0.026745471175998667,0.0005653125950575618,0.016621948092353546
1049000,138.40972222222223,-0.028268492752413155,-0.028268492752413155,-0.0030372542837246532,0.017774728389090735
1049500,138.47569444444446,-0.024477099167863104,-0.024477099167863108,-0.0009519675353111458,0.02071305532279468
1050000,138.54166666666669,-0.026770086989950252,-0.026770086989950252,0.0017859862039335652,0.019806585337957795
1050500,138.60763888888889,-0.02613025065199543,-0.02613025065199544,-0.0013157893987803945,0.022729229573998436
1051000,138.67361111111111,-0.02654950704543693,-0.026549507045436908,0.0010762815091459909,0.02011673540314438
1051500,138.73958333333334,-0.022624914464951015,-0.022624914464951018,0.0021105291361596563,0.017913962598664186
1052000,138.80555555555554,-0.027227775919297852,-0.027227775919297873,-0.00144253348666726,0.017009881901669983
1052500,138.87152777777777,-0.024308071126459378,-0.024308071126459396,-0.0019207744270861294,0.016616278929097724
1053000,138.9375,-0.02689943770235156,-0.026899437702351557,0.000975732223224271,0.015896295806547223
1053500,139.00347222222223,-0.028064691497746663,-0.028064691497746673,-0.0010054082756720468,0.015652279769258842
1054000,139.06944444444446,-0.025711890577585002,-0.025711890577585012,-0.0015401162644326667,0.016073744655522006
1054500,139.13541666666669,-0.026263529691782153,-0.026263529691782146,-0.001035627745564567,0.017169186734887775
1055000,139.20138888888889,-0.02221048441923749,-0.022210484419237505,-0.0017736973057094817,0.018919680447564317
1055500,139.26736111111111,-0.025322665020396345,-0.0253226650203963,-0.00038794090669903294,0.014879194929803458
1056000,139.33333333333334,-0.02359571807022362,-0.023595718070223624,-0.0013253566893580272,0.014957258996909584
1056500,139.39930555555554,-0.021042384700359507,-0.02104238470035955,0.003652768037193406,0.0165714543166901
1057000,139.46527777777777,-0.023979479052955582,-0.023979479052955575,-0.0023388775533512056,0.018662188942250735
1057500,139.53125,-0.02166934655872003,-0.02166934655872003,0.0020196040762163418,0.016053044813353286
1058000,139.59722222222223,-0.019102034505826024,-0.019102034505826,0.0010548048175579962,0.01801125706682841
1058500,139.66319444444446,-0.020250931525181558,-0.020250931525181565,0.0023444439979164802,0.016185390745433396
1059000,139.72916666666669,-0.01901236937244081,-0.01901236937244084,0.0015965816248864825,0.01827651417797164
1059500,139.79513888888889,-0.019570139174389767,-0.01957013917438975,-0.002489812716896982,0.015284427381337864
1060000,139.86111111111111,-0.021815616120184636,-0.021815616120184643,0.0005396459355277983,0.014787332466592543
1060500,139.92708333333334,-0.02065386921089443,-0.02065386921089439,-0.0014451045412633991,0.013172228854356436
1061000,139.99305555555554,-0.020935132736026197,-0.020935132736026204,0.0013662727466872925,0.012237934421486013
1061500,140.05902777777777,-0.020067824343849735,-0.02006782434384974,-0.001673141567902147,0.016018294809289294
1062000,140.125,-0.01933050636782154,-0.01933050636782154,-0.0013225198917113988,0.014922811556888495
1062500,140.19097222222223,-0.020515573624174083,-0.020515573624174107,0.0004053245842698776,0.01491781966991028
1063000,140.25694444444446,-0.018508555854342284,-0.01850855585434228,-0.0007659992809582224,0.012887932382354528
1063500,140.32291666666669,-0.01638016932155535,-0.016380169321555345,-0.003864339796162825,0.015582793654355808
1064000,140.38888888888889,-0.01610018382579417,-0.016100183825794166,-0.0008890725862427542,0.013917170693288764
1064500,140.45486111111111,-0.017511597664213112,-0.01751159766421313,-0.00036879827069481844,0.017056160811233508
1065000,140.52083333333334,-0.014961615429141895,-0.01496161542914193,-0.004112099974654374,0.012986836971153421
1065500,140.58680555555554,-0.01551770680105274,-0.015517706801052737,-0.0021742539327129795,0.0151011873361028
1066000,140.65277777777777,-0.014202733539795346,-0.014202733539795334,0.0011572783622712253,0.016257897127371954
1066500,140.71875,-0.018329110769307523,-0.018329110769307527,-0.0001503146272956234,0.013980751674247859
1067000,140.78472222222223,-0.016223596724173405,-0.01622359672417341,0.0014814544545270712,0.010784942167552394
1067500,140.85069444444446,-0.017457029793480724,-0.01745702979348073,-0.004243172887541206,0.015104929061650512
1068000,140.91666666666669,-0.0177378286469971,-0.0177378286469971,-0.0014467053323972462,0.01323046860611675
1068500,140.98263888888889,-0.012896338623690239,-0.012896338623690235,0.0014017908449106167,0.017970264977215607
1069000,141.04861111111111,-0.015531270897462762,-0.015531270897462762,0.0006137727555469878,0.014096643370106835
1069500,141.11458333333334,-0.015128911040865679,-0.015128911040865679,0.0034172011250041393,0.012683205232126805
1070000,141.18055555555557,-0.014662338552938303,-0.014662338552938302,0.0002751942564455341,0.015742515416776164
1070500,141.24652777777777,-0.013138209581678696,-0.01313820958167868,0.0019165766322324232,0.013537880185215186
1071000,141.3125,-0.01785808192231999,-0.01785808192231998,0.0026339928538749165,0.013079488742671704
1071500,141.37847222222223,-0.013493810484702598,-0.013493810484702613,-0.0027957477466304093,0.014150034242896037
1072000,141.44444444444446,-0.012263221411087512,-0.01226322141108751,-0.0031130105926109215,0.01147145535537353
1072500,141.51041666666669,-0.017380918648553678,-0.017380918648553664,-0.0008154580650442401,0.01179957825566181
1073000,141.57638888888889,-0.011245840851484995,-0.011245840851484978,-0.0034198629994009765,0.012236911663173653
1073500,141.64236111111111,-0.013794815476685974,-0.013794815476685972,0.002120722078762746,0.013452050407083626
1074000,141.70833333333334,-0.011747110843949048,-0.011747110843949042,-9.935973738134679e-05,0.011313635545870686
1074500,141.77430555555557,-0.015390074274813747,-0.015390074274813755,0.0020840376056339457,0.012520789109239414
1075000,141.84027777777777,-0.011460533924965089,-0.011460533924965103,-0.005175324064955495,0.014467081291727177
1075500,141.90625,-0.01092401797331142,-0.010924017973311412,-0.00010580243996900982,0.01133086360813759
1076000,141.97222222222223,-0.008491456502350074,-0.008491456502350073,-0.0013404125548619364,0.012767472057026703
1076500,142.03819444444446,-0.01238223806561205,-0.012382238065612025,-0.002070758130934424,0.012611025840554634
1077000,142.10416666666669,-0.008418171576672044,-0.008418171576672047,-0.00016105183868320353,0.008397023923096537
1077500,142.17013888888889,-0.006676834819436117,-0.0066768348194361105,0.0016964204323243295,0.013261544978970365
1078000,142.23611111111111,-0.007530733054571335,-0.007530733054571341,-0.005286915288168235,0.009729495185091171
1078500,142.30208333333334,-0.009616559872514733,-0.009616559872514733,0.0017749356855550028,0.011251435233309683
1079000,142.36805555555557,-0.011464942469909718,-0.011464942469909718,-0.0013038543370217847,0.010409859761263766
1079500,142.43402777777777,-0.010096989194196921,-0.010096989194196928,-0.0036070532553285355,0.009586163655706963
1080000,142.5,-0.010614926334331466,-0.010614926334331466,-0.003112812779804545,0.011206281969518379
1080500,142.56597222222223,-0.011627389488064256,-0.011627389488064237,-0.0025511236190695476,0.010086865480718816
1081000,142.63194444444446,-0.00716656927684739,-0.007166569276847387,-0.0007465440855866446,0.010655615453040071
1081500,142.69791666666669,-0.013436328338498666,-0.01343632833849868,0.0034089362471069963,0.009902676883963162
1082000,142.76388888888889,-0.009254303987076575,-0.009254303987076582,0.00112527921091373,0.008704995788640505
1082500,142.82986111111111,-0.010545434598094039,-0.010545434598094035,-0.0022062442358265384,0.011773107944827058
1083000,142.89583333333334,-0.008561570402374962,-0.008561570402374975,-0.005878725365170973,0.01014562255574314
1083500,142.96180555555557,-0.011948716237005965,-0.011948716237005955,0.000984801282880959,0.009888868078444938
1084000,143.02777777777777,-0.011877538526095712,-0.011877538526095709,-0.0027823123197344177,0.011504391211171687
1084500,143.09375,-0.009112074763597773,-0.009112074763597775,-0.003292789912017531,0.007996238237441857
1085000,143.15972222222223,-0.006233639991166005,-0.006233639991165985,0.000789463139012866,0.01266763396909367
1085500,143.22569444444446,-0.007507635740525739,-0.007507635740525739,0.00032426217169314193,0.01119633400284893
1086000,143.29166666666669,-0.006892475772050914,-0.006892475772050922,-0.0022646415104404676,0.008623108491707962
1086500,143.35763888888889,-0.007036307092303573,-0.007036307092303572,-0.0001494840216311615,0.010925818755554007
1087000,143.42361111111111,-0.010872745752132488,-0.010872745752132486,-0.00352314696056905,0.011197183264764961
1087500,143.48958333333334,-0.005514542459781052,-0.005514542459781053,0.00193079783718571,0.010953645093863732
1088000,143.55555555555557,-0.00603199572010852,-0.0060319957201085215,-0.0031852572936263823,0.010827990737885086
1088500,143.62152777777777,-0.0035531562768283814,-0.003553156276828379,-0.0026777631447245285,0.006143313136019384
1089000,143.6875,-0.004429734398766736,-0.004429734398766736,0.0024032530681379173,0.0070976990586420164
1089500,143.75347222222223,-0.006626645573606176,-0.006626645573606182,-0.0005321993730107699,0.011295604910040877
1090000,143.81944444444446,-0.0035549624565419644,-0.003554962456541968,0.0003759695430145284,0.011319523625388598
1090500,143.88541666666669,-0.004334350410160012,-0.004334350410160012,0.001961341808616437,0.010148661617986532
1091000,143.95138888888889,-0.006033768392275306,-0.006033768392275306,-0.0021608768918225264,0.008759354397680167
1091500,144.01736111111111,-0.0007777793749402371,-0.0007777793749402369,0.0014790204784477382,0.005919605399140669
1092000,144.08333333333334,-0.005214653272249205,-0.0052146532722491985,0.0058341390846968055,0.007767873519948552
1092500,144.14930555555557,-0.003189036091913417,-0.003189036091913424,-0.003452575315299048,0.010182017847944017
1093000,144.21527777777777,-0.003967633101986591,-0.003967633101986586,0.002828218246749174,0.009065589908235154
1093500,144.28125,-0.004165084895843708,-0.004165084895843711,0.0016737097546284812,0.005465750538771347
1094000,144.34722222222223,-0.000895705868363245,-0.0008957058683632439,-0.0028497212183756326,0.008950947003517071
1094500,144.41319444444446,-0.001697348853061921,-0.001697348853061918,-0.003539818403295708,0.0056605036894751565
1095000,144.47916666666669,0.0002826717525516499,0.0002826717525516504,-0.00031663521773532294,0.008113693543288072
1095500,144.54513888888889,0.0010691792052367898,0.0010691792052367917,0.0017288523336000672,0.0072420190697836
1096000,144.61111111111111,-0.0020237091956427145,-0.0020237091956427137,0.0022351522489099593,0.006960555611013894
1096500,144.67708333333334,-0.005515534243397646,-0.005515534243397649,-0.0036174502057684634,0.008324941970838242
1097000,144.74305555555557,-0.001977573360269041,-0.0019775733602690406,-0.005149764942060283,0.0077699891835337825
1097500,144.80902777777777,0.00200617379002464,0.00200617379002464,0.0013256156350541506,0.0046799898776521106
1098000,144.875,-0.0016832253416906924,-0.0016832253416906905,-3.721083487026764e-05,0.004975247645056979
1098500,144.94097222222223,-0.0006049556287578918,-0.000604955628757893,0.001900487334878773,0.003716763561861871
1099000,145.00694444444446,0.0012529058352917992,0.0012529058352918,0.00299504509953487,0.005375609511778415
1099500,145.07291666666669,-0.0005522116914523866,-0.0005522116914523836,0.004157792559733814,0.00926322083735005
1100000,145.13888888888889,-0.0031910234064370453,-0.0031910234064370427,-0.0027402204003713986,0.005765100500131808
1100500,145.20486111111111,-0.00011872949129240973,-0.00011872949129241304,0.0024347628607995497,0.007699656311606107
1101000,145.27083333333334,-0.00012405638905505824,-0.0001240563890550563,0.0007444519529462085,0.0047028237470377165
1101500,145.33680555555557,-0.0007583434350024754,-0.0007583434350024807,0.002560946787769187,0.0119878703313501
1102000,145.40277777777777,-0.002089031709213678,-0.002089031709213674,-0.00252191994775372,0.008877453512475751
1102500,145.46875,0.00038794600867465443,0.0003879460086746548,-0.0003768664478431976,0.010176588859937302
1103000,145.53472222222223,-0.0011427227885496293,-0.0011427227885496267,-0.004087837629894819,0.004785659447362841
1103500,145.60069444444446,5.376578306564503e-05,5.376578306564781e-05,-0.0007210919255193867,0.006194784649003517
1104000,145.66666666666669,-0.0030824270052982015,-0.003082427005298201,0.003718782902356161,0.007011295579671866
1104500,145.73263888888889,0.0032558500118601975,0.003255850011860201,-0.0016861007171281497,0.007397135770053694
1105000,145.79861111111111,-0.005624700484551648,-0.005624700484551648,0.0015834322495039614,0.00926535133332904
1105500,145.86458333333334,-9.164706119536888e-05,-9.164706119536792e-05,-0.0039252146974037725,0.0060123160116738435
1106000,145.93055555555557,0.0011066321867449847,0.001106632186744984,-0.0011707030216710525,0.007187079395966339
1106500,145.99652777777777,-0.0010810824429222311,-0.0010810824429222311,-0.0008200882851760652,0.009807163936176823
1107000,146.0625,-7.75999107321779e-05,-7.759991073217594e-05,-0.0036449893029953137,0.006089862031572287
1107500,146.12847222222223,0.0030972134411749236,0.0030972134411749275,-0.0005143504448834282,0.006250246314474277
1108000,146.19444444444446,0.003373296417601962,0.003373296417601959,-0.0012740980617880193,0.009398927105130853
1108500,146.26041666666669,0.0035299158196175602,0.0035299158196175576,-0.0007917753176125294,0.006299787942305938
1109000,146.32638888888889,0.004444650793768585,0.004444650793768584,-0.0003678203079073823,0.0026495638799801835
1109500,146.39236111111111,0.001157626254534536,0.001157626254534535,-0.0016857483084863406,0.008832575918990193
1110000,146.45833333333334,0.0024108407692322886,0.002410840769232287,-0.002077306198601669,0.0064961788605250705
1110500,146.52430555555557,0.0033382652598244887,0.0033382652598244883,0.0008818587193071108,0.005233296427031913
1111000,146.59027777777777,0.00237910358670879,0.002379103586708789,0.000985380990596121,0.0067151715961031935
1111500,146.65625,0.002363136981048956,0.00236313698104896,0.00025594850626565904,0.0014744947822031246
1112000,146.72222222222223,0.00860525102344603,0.008605251023446038,-0.0012711222098204108,0.006159168947380238
1112500,146.78819444444446,0.003844550582235149,0.003844550582235148,0.001123917415371975,0.005854041540678042
1113000,146.85416666666669,0.005919991405698244,0.005919991405698245,-0.0011026514904364222,0.004792749440492519
1113500,146.92013888888889,0.006379952128202004,0.006379952128202005,-0.004584697978708657,0.0034105879665645854
1114000,146.98611111111111,0.00610303754301608,0.0061030375430160795,-0.00039679605350430677,0.004643008103184853
1114500,147.05208333333334,0.003479867434189204,0.0034798674341892017,0.0020923687409595245,0.004163669399805264
1115000,147.11805555555557,0.0035321267899705465,0.0035321267899705543,-0.0012532066007208398,0.00213991533331182
1115500,147.18402777777777,0.002800040034887494,0.002800040034887495,0.0029408488820150485,0.008201584888889677
1116000,147.25,0.005140026765171979,0.005140026765171977,0.001933052888015525,0.0060611255843116005
1116500,147.31597222222223,0.003035160152753283,0.0030351601527532856,-0.001621288646433857,0.011369562710161055
1117000,147.38194444444446,0.005770949592252915,0.005770949592252903,0.0034876284794949897,0.004318422756735462
1117500,147.44791666666669,0.004082236563324481,0.004082236563324474,0.002583233908271734,0.006593424249014846
1118000,147.51388888888889,0.004322597160681136,0.004322597160681133,-0.0006076424649734522,0.005782408527760926
1118500,147.57986111111111,0.006152467687620319,0.006152467687620324,-0.0003997591472283327,0.006854182119339886
1119000,147.64583333333334,0.003329694264571236,0.0033296942645712354,0.003085964170169777,0.005675134310977281
1119500,147.71180555555557,0.005407826569459559,0.005407826569459555,0.0014415704047909682,0.005677624962164768
1120000,147.77777777777777,0.006457053382122756,0.006457053382122755,-0.0002236589523110921,0.008100251758447306
1120500,147.84375,0.007692655256247314,0.007692655256247316,-0.003104875413468867,0.004243551889139117
1121000,147.90972222222223,0.00619595623686092,0.006195956236860931,0.0022297370716526164,0.0055063740932113255
1121500,147.97569444444446,0.0066059665375765965,0.006605966537576592,-0.0030030399550940922,0.005278180445951955
1122000,148.04166666666669,0.005375796001768647,0.005375796001768649,-0.006449262226183077,0.0027479287944006028
1122500,148.10763888888889,0.004658563262161606,0.004658563262161604,-0.0018882321989574674,0.0060627954337713974
1123000,148.17361111111111,0.006086298133261124,0.006086298133261124,0.0010759431254870394,0.004375154051034055
1123500,148.23958333333334,0.006106284195792237,0.006106284195792236,0.0016391627646351547,0.0055690837928150634
1124000,148.30555555555557,0.006539789547742769,0.0065397895477427625,0.001951780736043452,0.003772315976337793
1124500,148.37152777777777,0.004179024462542565,0.00417902446254257,-7.201294070653124e-05,0.009361113733727083
1125000,148.4375,0.008297566685024012,0.00829756668502401,-0.002118724315466425,0.006060411711365077
1125500,148.50347222222223,0.007709319104190889,0.007709319104190887,0.0016610089392129184,0.00748103033860709
1126000,148.56944444444446,0.006658771669073647,0.006658771669073644,0.0014242464743206,0.0019589810950669724
1126500,148.63541666666669,0.006653491150944431,0.0066534911509444315,-0.0006707238842203221,0.0049819350604143565
1127000,148.70138888888889,0.009066072731321644,0.009066072731321645,0.0003309296835111245,0.006155431953637308
1127500,148.76736111111111,0.005788623206410402,0.005788623206410401,-0.00012372299785111626,0.0032400628066195
1128000,148.83333333333334,0.004726462220667131,0.004726462220667131,0.0022174531596111853,0.004327322507950488
1128500,148.89930555555557,0.007246462703203348,0.00724646270320335,0.002074340823209599,0.003855482180909692
1129000,148.96527777777777,0.0065950095305119475,0.006595009530511963,-0.00016396395642883838,0.004414625282744606
1129500,149.03125,0.005183306373703457,0.005183306373703457,-0.003067835577987146,0.005299278350813861
1130000,149.09722222222223,0.005198576400175031,0.005198576400175031,0.004845968561517019,0.004974096288748865
1130500,149.16319444444446,0.0064528788693590956,0.0064528788693590895,0.0005133080510458616,0.006083029894756013
1131000,149.22916666666669,0.004483795469989984,0.004483795469989982,0.0017900782837160258,0.0041669855328567195
1131500,149.29513888888889,0.0029925574848892037,0.0029925574848892068,-0.002287898644943148,0.004073143486419164
1132000,149.36111111111111,0.006321723288993351,0.006321723288993357,0.0030442588151555275,0.006418153782259082
1132500,149.42708333333334,0.004999492507539124,0.0049994925075391335,0.0032424634076202393,0.006760791701127897
1133000,149.49305555555557,0.0074772871849995235,0.0074772871849995304,0.0010895192692949836,0.007688661912730763
1133500,149.55902777777777,0.007964779426075388,0.007964779426075397,-0.0019638730038597633,0.0032467102100862894
1134000,149.625,0.005965160111211505,0.005965160111211505,0.001457633674412776,0.007749489730821636
1134500,149.69097222222223,0.008818058485563508,0.008818058485563515,-0.001847282337579977,0.00400306466549895
1135000,149.75694444444446,0.005094284126519653,0.0050942841265196525,0.0022551903998974418,0.006996381824091481
1135500,149.82291666666669,0.010063316663891255,0.010063316663891255,-0.0025301349461262657,0.005967644133418688
1136000,149.88888888888889,0.009259717527637679,0.009259717527637679,0.002165087352865345,0.005478618621577433
1136500,149.95486111111111,0.007962953395018969,0.007962953395018969,0.0015226134679525347,0.007598784066777258
1137000,150.02083333333334,0.0072318858568780585,0.0072318858568780455,-4.758882847054285e-05,0.000999999496902034
1137500,150.08680555555557,0.009047002774841396,0.009047002774841396,0.002400282900870088,0.004475919391387866
1138000,150.15277777777777,0.00936909813954519,0.00936909813954519,-0.0034148467744063975,0.0027681385939916803
1138500,150.21875,0.008983878813256527,0.00898387881325653,-0.0006331840654329016,0.003129139125820703
1139000,150.28472222222223,0.005557680845855956,0.005557680845855947,-0.00024882077484620724,0.0020395620433286484
1139500,150.35069444444446,0.007739680882324084,0.007739680882324079,0.0009997114551160318,0.004350525761933202
1140000,150.41666666666669,0.0074720796659806625,0.00747207966598065,-0.0015570584748699245,0.0024821497579050424
1140500,150.48263888888889,0.005715245384818653,0.005715245384818652,-4.6728755403712e-05,0.0007499836649490409
1141000,150.54861111111111,0.009032992662568778,0.009032992662568778,0.0019446813070842952,0.0023077393380562783
1141500,150.61458333333334,0.008889737765757761,0.00888973776575778,0.0007926663109629326,0.003748173632422275
1142000,150.68055555555557,0.002432595524567958,0.002432595524567959,0.0031526215900675217,0.003115236667547497
1142500,150.74652777777777,0.009774419662765158,0.009774419662765146,0.004930201407762627,0.002039292724705966
1143000,150.8125,0.0058968444533378855,0.005896844453337888,0.0005574642390809505,0.0018701459171245728
1143500,150.87847222222223,0.005628338151752426,0.005628338151752431,0.0029925575995496854,0.004432176398809821
1144000,150.94444444444446,0.002520594189280093,0.002520594189280093,-0.0036445655038670937,0.0042029539357379365
1144500,151.01041666666669,0.005326532573311482,0.0053265325733114766,0.0029175342573767456,0.005648320084827434
1145000,151.07638888888889,0.004157591028505334,0.004157591028505338,-0.002177807536068763,0.008423350441664156
1145500,151.14236111111111,0.005227997188728361,0.005227997188728363,-0.0006812672728494304,0.0010786883481955312
1146000,151.20833333333334,0.006880201003886764,0.006880201003886759,0.00189068489659544,0.003564467847826984
1146500,151.27430555555557,0.008542385718615939,0.008542385718615937,-0.003066621632743289,0.004588731004719324
1147000,151.34027777777777,0.006466088621815773,0.006466088621815775,-0.001987555714805982,0.0004921765755412
1147500,151.40625,0.005357012702502951,0.005357012702502951,-0.0006106704233729101,0.0038861494256350777
1148000,151.47222222222223,0.010554202128684666,0.010554202128684671,-0.0031248957779917525,0.005841596879311273
1148500,151.53819444444446,0.010499231617782339,0.010499231617782333,0.002088794024450294,0.0026486042003736948
1149000,151.60416666666669,0.010964913307040056,0.010964913307040055,-0.0009649652206395192,0.0026582541929480066
1149500,151.67013888888889,0.010295367478471974,0.01029536747847196,0.001925629932222526,-0.0019999210311366575
1150000,151.73611111111111,0.011471133754370257,0.011471133754370262,0.002838924427259658,0.002607654510673235
1150500,151.80208333333334,0.013712777800691757,0.013712777800691764,0.0018712733889866484,0.0024563439435682072
1151000,151.86805555555557,0.012762800740740066,0.012762800740740056,-0.00111490902277129,0.003330348720074245
1151500,151.93402777777777,0.010076597632108424,0.010076597632108428,-0.0006965105061681062,0.0017598252041883915
1152000,152.0,0.013801208556457726,0.013801208556457728,-9.554269618224145e-05,0.0045915708404442954
1152500,152.06597222222223,0.011080597043459015,0.01108059704345901,0.0033407628818421767,0.0003319765198229983
1153000,152.13194444444446,0.014463421338780636,0.014463421338780627,0.0026455060109968386,0.004174650598782944
1153500,152.19791666666669,0.016707590038589664,0.01670759003858966,0.0008217003059182155,0.0024419581398078477
1154000,152.26388888888889,0.012940038310273752,0.012940038310273756,0.00046179689452551914,0.005924376940017887
1154500,152.32986111111111,0.014967662502438006,0.01496766250243798,3.758284485927937e-05,0.003771754622838196
1155000,152.39583333333334,0.013838791097830781,0.013838791097830776,0.0025547218451184503,0.00470982285209192
1155500,152.46180555555557,0.013364357754579578,0.013364357754579592,0.000961619014793216,0.0006724937418777889
1156000,152.52777777777777,0.01265452411712392,0.012654524117123927,0.0005720999031774604,0.0026225547422297152
1156500,152.59375,0.01470199293747818,0.01470199293747817,0.004330413327306836,0.0014075882673747697
1157000,152.65972222222223,0.015008788079144648,0.015008788079144639,0.00033196516783062894,0.001603209638464922
1157500,152.72569444444446,0.012361651680710246,0.012361651680710262,0.0024877339651693513,0.004869387393766101
1158000,152.79166666666669,0.013969101105416068,0.013969101105416057,9.36299671394177e-05,0.0027249361277224033
1158500,152.85763888888889,0.010076714065659185,0.010076714065659197,0.003087852188241372,0.0006773291455097106
1159000,152.92361111111111,0.013391082369838311,0.01339108236983831,-0.00028001444459720566,0.005520671189871546
1159500,152.98958333333334,0.01390384681499023,0.013903846814990208,0.002598256251284015,0.0035068474266476603
1160000,153.05555555555557,0.011333313552174437,0.011333313552174434,0.0015638495775400923,0.0021324538983471305
1160500,153.12152777777777,0.01296341837404135,0.012963418374041358,-0.0005492747226334018,0.0027779018541919144
1161000,153.1875,0.011580581103577169,0.011580581103577181,0.0002591101322823008,0.0014537185715507188
1161500,153.25347222222223,0.011662358328921547,0.011662358328921553,0.0013624073352380256,0.0019908164820823747
1162000,153.31944444444446,0.012688249357233597,0.012688249357233592,-0.0005563723416384945,-0.0008814847304600414
1162500,153.38541666666669,0.013803065920849285,0.013803065920849298,0.00018637606893080681,0.0034815806469387345
1163000,153.45138888888889,0.015378004229616046,0.015378004229616027,3.178460239771528e-05,0.002908698161535052
1163500,153.51736111111111,0.014023245753048575,0.014023245753048587,-0.00037530137395956506,0.0040131691059769456
1164000,153.58333333333334,0.0153892097924466,0.0153892097924466,-0.0008788692577730288,0.004257491120368115
1164500,153.64930555555557,0.017915499826210008,0.01791549982620999,0.0017787669163679006,0.005391668770335248
1165000,153.71527777777777,0.015695243887191988,0.01569524388719199,-0.0006330819973326235,0.0016583741273325722
1165500,153.78125,0.019501966270057517,0.019501966270057534,-0.0010676178928359491,0.004400170012354687
1166000,153.84722222222223,0.015403077994033256,0.015403077994033268,-0.0006547116060832096,0.003825486979313189
1166500,153.91319444444446,0.0185122769505251,0.01851227695052512,0.002609007184591771,-0.00015280998858347553
1167000,153.97916666666669,0.018175196725918597,0.018175196725918608,-0.0008304016484705147,-0.000887868490093452
1167500,154.04513888888889,0.018580877210086475,0.01858087721008647,-0.004536605413269342,-0.0019790458082793983
1168000,154.11111111111111,0.01760781538394298,0.017607815383942994,-0.00025151681169356633,0.0021530477858712396
1168500,154.17708333333334,0.01813783675245041,0.0181378367524504,-0.004431098374967534,-0.0010189656644998281
1169000,154.24305555555557,0.021254540020207727,0.021254540020207723,-0.0017703713486817746,0.000585366198543579
1169500,154.30902777777777,0.018396469971336975,0.01839646997133697,-0.0016623981945885129,0.00015887623813222104
1170000,154.375,0.01808765192428117,0.018087651924281186,0.002082953211472989,0.0024214370550219183
1170500,154.44097222222223,0.022868598832238282,0.022868598832238286,-0.004332186857784992,0.004555359415430423
1171000,154.50694444444446,0.01796116496148846,0.017961164961488457,-0.0022642430385971493,0.002936701032512846
1171500,154.57291666666669,0.020290764908449332,0.020290764908449322,0.000950992710396612,0.0006825976937420246
1172000,154.63888888888889,0.018719997046939378,0.018719997046939368,0.0001243181943731385,0.0004983058150032818
1172500,154.70486111111111,0.02074982414994569,0.020749824149945705,-0.0006719879003872056,0.0006908252290374957
1173000,154.77083333333334,0.01965928510334258,0.01965928510334256,-0.0004805529459745959,0.003677379415245876
1173500,154.83680555555557,0.018831093012375733,0.018831093012375743,0.0006192724095324946,0.0017905005207093357
1174000,154.90277777777777,0.018087057937001157,0.018087057937001157,0.00016356178605631824,0.0008320531110822426
1174500,154.96875,0.016582955470217785,0.016582955470217788,0.0031161554413216713,0.005113889150859162
1175000,155.03472222222223,0.022019298586216658,0.022019298586216665,-0.0024802478463358947,-0.0005487247454046781
1175500,155.10069444444446,0.01607644840344386,0.01607644840344386,-0.0017047012315244046,0.0009668647540887503
1176000,155.16666666666669,0.019145032605447677,0.019145032605447674,-0.0010043703443947344,-0.00012300236814964154
1176500,155.23263888888889,0.018897567881141518,0.018897567881141518,-0.0006872470983091068,0.003343761729636677
1177000,155.29861111111111,0.018410036737052632,0.018410036737052632,-0.0006479944300643401,0.0010091121446249417
1177500,155.36458333333334,0.019741757806248768,0.0197417578062488,0.002910047164912818,-0.0019821731083666536
1178000,155.43055555555557,0.019719710531755613,0.019719710531755613,-0.0004772828089501037,-0.0001391040136935507
1178500,155.49652777777777,0.021221924906729875,0.021221924906729868,-0.00032324992206401803,-0.000913634596722159
1179000,155.5625,0.01573874660622822,0.01573874660622822,0.003449658276404891,0.001354966559985946
1179500,155.62847222222223,0.01942356277728535,0.01942356277728535,0.0011683669978856859,-0.002647487802582646
1180000,155.69444444444446,0.019187506886221825,0.019187506886221815,0.0023178093842094456,0.0012966542623261863
1180500,155.76041666666669,0.017567037908958683,0.0175670379089587,-0.0008813223826913954,-0.0002911170032571433
1181000,155.82638888888889,0.018448721776076808,0.018448721776076826,-0.0008764885873617361,0.0004122046852499906
1181500,155.89236111111111,0.016153412808050882,0.016153412808050882,0.00015850426174347806,-0.00047737322459286515
1182000,155.95833333333334,0.02008588788988674,0.02008588788988672,0.0008885650546176279,0.001198397467039371
1182500,156.02430555555557,0.020596245564554586,0.02059624556455458,0.0004514161253277565,0.0012440125007555532
1183000,156.09027777777777,0.02287280314467836,0.022872803144678353,-0.0005585474598770565,0.0012417691688983482
1183500,156.15625,0.021634652276992714,0.02163465227699272,-0.0016414853793415727,0.0009913295344175536
1184000,156.22222222222223,0.019759711169664882,0.01975971116966486,-0.0027987160599428637,0.0034055276772163
1184500,156.28819444444446,0.02242644902191835,0.022426449021918333,0.0013247068631529976,0.0004164224892751434
1185000,156.35416666666669,0.019711138404195652,0.01971113840419566,0.003693835044891731,-7.373314009138712e-05
1185500,156.42013888888889,0.022878318463317518,0.022878318463317532,-0.0006043457440442693,0.0015383244450774673
1186000,156.48611111111111,0.023982249423628064,0.02398224942362804,-0.002521951463676329,0.0010215421810781738
1186500,156.55208333333334,0.019773463423791642,0.019773463423791656,-0.00504223353814476,0.0008951118727759696
1187000,156.61805555555557,0.02465149119160747,0.02465149119160747,-0.0021844672343833984,-0.000499470417362394
1187500,156.68402777777777,0.023979842066708393,0.023979842066708393,-0.0024811003689365037,-0.00010575208224358587
1188000,156.75,0.022718274261397747,0.02271827426139773,0.0018422139152979764,0.0010052732510192795
1188500,156.81597222222223,0.024189352866979576,0.024189352866979565,0.001953259483630111,-0.0016132906211815316
1189000,156.88194444444446,0.02626443076668837,0.026264430766688378,-0.0008004324785402259,0.0002069652752996381
1189500,156.94791666666669,0.027274463287691206,0.027274463287691196,0.007104641084536072,0.0030867430354872437
1190000,157.01388888888889,0.025477518455903216,0.025477518455903226,-0.0014042569371774938,-0.0015349723564539067
1190500,157.07986111111111,0.025598412743937343,0.02559841274393735,-0.002102688456701546,-0.0025135973455764527
1191000,157.14583333333334,0.023928326231336623,0.023928326231336616,0.0039261365976110425,-0.0036459438454629644
1191500,157.21180555555557,0.024117780990425993,0.024117780990425983,0.0036727654036626104,-0.001238709904110595
1192000,157.27777777777777,0.024037937625355568,0.02403793762535554,0.0025088517992380662,0.000363811929203618
1192500,157.34375,0.027353338202524374,0.027353338202524363,-0.004940184382116332,-0.00257852544306708
1193000,157.40972222222223,0.025080710239413256,0.02508071023941325,-0.0037134778005447327,0.0008171211725779808
1193500,157.47569444444446,0.027544707277109587,0.02754470727710958,0.0007575614478960807,-0.00341870498533862
1194000,157.54166666666669,0.029321346867511377,0.02932134686751136,-0.00020622475903128265,-0.0005408158855813211
1194500,157.60763888888889,0.02530570935661625,0.025305709356616243,0.0016997215199208446,-0.00174855967455587
1195000,157.67361111111111,0.024372964250985313,0.024372964250985313,0.0008074972569449213,-0.0007482141605566321
1195500,157.73958333333334,0.023106369364707235,0.023106369364707238,-0.0022104651986515973,-0.004157329718496657
1196000,157.80555555555557,0.026632515694255014,0.026632515694255048,-0.001052237202686137,0.00025786662355377024
1196500,157.87152777777777,0.025142638227215075,0.025142638227215065,0.00017970890552492075,0.0006264892553257136
1197000,157.9375,0.02612158758902111,0.026121587589021108,-0.0035147643050226704,0.0003839931956629844
1197500,158.00347222222223,0.026198651734045026,0.026198651734045023,0.0002417123975587334,-0.0007762320908065036
1198000,158.06944444444446,0.0238810624388824,0.0238810624388824,0.005154783262927027,0.0013003958115663295
1198500,158.13541666666669,0.025381179597986157,0.025381179597986157,-0.0008305900370079071,-0.0016615259364828243
1199000,158.20138888888889,0.02345305706646893,0.02345305706646891,0.0005742557601342732,-0.0002461344112957257
1199500,158.26736111111111,0.02605358171402316,0.02605358171402317,-0.00019231191384209623,-0.0002575641278280498
1200000,158.33333333333334,0.027263134249414546,0.027263134249414542,-0.0015320623771690124,-0.0007344888327877491
