case,species,step,omega_ci_t,anisotropy_global,parallel_over_perpendicular_global,anisotropy_median,anisotropy_p25,anisotropy_p75,beta_parallel_global,beta_parallel_median,beta_parallel_p25,beta_parallel_p75,marginal_threshold,instability_drive,valid_cells
Mirror Moderate Bi-Kappa 3,ion,0,0.0,1.9988209009170532,0.5002949486575825,2.0033957958221436,1.8928864002227783,2.11934494972229,4.992727756500244,4.953452110290527,4.708492279052734,5.226751804351807,1.200291313440445,0.7985295874766083,331776
Mirror Moderate Bi-Kappa 3,ion,500,0.06597222222222222,1.9984080791473389,0.5003982972420078,2.0010809898376465,1.925998568534851,2.078613042831421,4.994244575500488,4.971916675567627,4.788707733154297,5.171658992767334,1.2002304822846581,0.7981775968626807,331776
Mirror Moderate Bi-Kappa 3,ion,1000,0.13194444444444445,1.9983850717544556,0.5004040583239863,2.001176357269287,1.9256757497787476,2.078526020050049,4.993159770965576,4.971541404724121,4.787461280822754,5.17133903503418,1.2002739839840175,0.798111087770438,331776
Mirror Moderate Bi-Kappa 3,ion,1500,0.19791666666666669,1.9984307289123535,0.5003926258401011,2.0009765625,1.9258795976638794,2.0787835121154785,4.992143154144287,4.97066068649292,4.785655498504639,5.171121597290039,1.2003147684516695,0.798115960460684,331776
Mirror Moderate Bi-Kappa 3,ion,2000,0.2638888888888889,1.998553991317749,0.500361763727308,2.0015335083007812,1.9258662462234497,2.0790178775787354,4.991065502166748,4.969429016113281,4.783544540405273,5.170831680297852,1.2003580196585026,0.7981959716592464,331776
Mirror Moderate Bi-Kappa 3,ion,2500,0.3298611111111111,1.9987051486968994,0.5003239225415377,2.001384735107422,1.9259475469589233,2.0788004398345947,4.989981651306152,4.968423843383789,4.782957077026367,5.170421600341797,1.200401538498292,0.7983036101986074,331776
Mirror Moderate Bi-Kappa 3,ion,3000,0.39583333333333337,1.9988051652908325,0.5002988872377148,2.001645088195801,1.926356554031372,2.0790889263153076,4.989037036895752,4.967926979064941,4.781371116638184,5.169849395751953,1.200439482129444,0.7983656831613886,331776
Mirror Moderate Bi-Kappa 3,ion,3500,0.4618055555555556,1.9989877939224243,0.5002531796543863,2.001807689666748,1.9267127513885498,2.079070568084717,4.9879631996154785,4.966339111328125,4.7808637619018555,5.168818473815918,1.200482633888937,0.7985051600334874,331776
Mirror Moderate Bi-Kappa 3,ion,4000,0.5277777777777778,1.9991425275802612,0.5002144600517244,2.0019943714141846,1.9267603158950806,2.079038143157959,4.986938953399658,4.965895652770996,4.77924108505249,5.168503761291504,1.2005238101658107,0.7986187174144506,331776
Mirror Moderate Bi-Kappa 3,ion,4500,0.59375,1.999319076538086,0.5001702888423125,2.00211238861084,1.9262570142745972,2.079641103744507,4.985887050628662,4.964394569396973,4.777665615081787,5.167928218841553,1.2005661158878262,0.7987529606502597,331776
Mirror Moderate Bi-Kappa 3,ion,5000,0.6597222222222222,1.9994593858718872,0.5001351900748604,2.0022926330566406,1.9267278909683228,2.0797839164733887,4.98492431640625,4.96330451965332,4.777102470397949,5.166361331939697,1.2006048510523675,0.7988545348195197,331776
Mirror Moderate Bi-Kappa 3,ion,5500,0.7256944444444444,1.9996134042739868,0.5000966676171471,2.002448081970215,1.9268327951431274,2.0802009105682373,4.98392915725708,4.963959217071533,4.775369167327881,5.166935920715332,1.2006449065480604,0.7989684977259264,331776
Mirror Moderate Bi-Kappa 3,ion,6000,0.7916666666666667,1.999766230583191,0.5000584491860184,2.0023651123046875,1.9272994995117188,2.0802440643310547,4.982956886291504,4.961772441864014,4.774105072021484,5.16592264175415,1.2006840562379892,0.7990821743452017,331776
Mirror Moderate Bi-Kappa 3,ion,6500,0.857638888888889,1.9999308586120605,0.500017285944572,2.002506971359253,1.927487850189209,2.080099105834961,4.981950283050537,4.961179733276367,4.773125648498535,5.164172172546387,1.2007246044590558,0.7992062541530047,331776
Mirror Moderate Bi-Kappa 3,ion,7000,0.9236111111111112,2.000048875808716,0.49998778134641936,2.0031566619873047,1.9277520179748535,2.0803093910217285,4.9810662269592285,4.959825038909912,4.772151947021484,5.163218021392822,1.2007602297250455,0.7992886460836703,331776
Mirror Moderate Bi-Kappa 3,ion,7500,0.9895833333333335,2.000227928161621,0.4999430244527606,2.002997875213623,1.9278732538223267,2.0802180767059326,4.980030059814453,4.959211826324463,4.77094841003418,5.1633687019348145,1.2008020007889788,0.7994259273726423,331776
Mirror Moderate Bi-Kappa 3,ion,8000,1.0555555555555556,2.000375509262085,0.49990614030707076,2.0034360885620117,1.9276307821273804,2.080287456512451,4.979086875915527,4.957887649536133,4.770570278167725,5.162281036376953,1.2008400385293792,0.7995354707327058,331776
Mirror Moderate Bi-Kappa 3,ion,8500,1.121527777777778,2.000494956970215,0.49987629137267,2.0031914710998535,1.927703619003296,2.0808792114257812,4.97819185256958,4.957330703735352,4.769186019897461,5.161439418792725,1.2008761473272334,0.7996188096429815,331776
Mirror Moderate Bi-Kappa 3,ion,9000,1.1875,2.0006422996520996,0.49983947663902456,2.0036885738372803,1.9284121990203857,2.0807266235351562,4.977240562438965,4.9564971923828125,4.768132209777832,5.160534858703613,1.2009145403874102,0.7997277592646894,331776
Mirror Moderate Bi-Kappa 3,ion,9500,1.2534722222222223,2.0008044242858887,0.49979897478331103,2.003692388534546,1.9281967878341675,2.0812180042266846,4.976272106170654,4.955876350402832,4.767348289489746,5.160111904144287,1.2009536413332351,0.7998507829526535,331776
Mirror Moderate Bi-Kappa 3,ion,10000,1.3194444444444444,2.000934362411499,0.49976651847530545,2.0038671493530273,1.928133249282837,2.081085681915283,4.975347995758057,4.954254150390625,4.765654563903809,5.159877300262451,1.20099096602943,0.799943396382069,331776
Mirror Moderate Bi-Kappa 3,ion,10500,1.3854166666666667,2.0010690689086914,0.4997328755600439,2.0037131309509277,1.9285165071487427,2.0812363624572754,4.974428653717041,4.953575134277344,4.764158248901367,5.159248352050781,1.2010281118923618,0.8000409570163296,331776
Mirror Moderate Bi-Kappa 3,ion,11000,1.4513888888888888,2.001207113265991,0.49969840371394114,2.004088878631592,1.928480625152588,2.0813751220703125,4.97351598739624,4.95262336730957,4.762783050537109,5.159402370452881,1.2010650016073487,0.8001421116586425,331776
Mirror Moderate Bi-Kappa 3,ion,11500,1.5173611111111112,2.0013363361358643,0.49966613904126567,2.0039587020874023,1.9286586046218872,2.0813965797424316,4.972628593444824,4.952635288238525,4.7626237869262695,5.157607555389404,1.2011008828043686,0.8002354533314957,331776
Mirror Moderate Bi-Kappa 3,ion,12000,1.5833333333333335,2.0014588832855225,0.49963554502725344,2.0041003227233887,1.9288537502288818,2.081557512283325,4.971733570098877,4.951085090637207,4.761290550231934,5.155754089355469,1.2011370854653647,0.8003217978201578,331776
Mirror Moderate Bi-Kappa 3,ion,12500,1.6493055555555556,2.00158953666687,0.49960293141082335,2.004190444946289,1.9289731979370117,2.081665515899658,4.9708404541015625,4.949774265289307,4.7605366706848145,5.156075477600098,1.2011732239715873,0.8004163126952828,331776
Mirror Moderate Bi-Kappa 3,ion,13000,1.715277777777778,2.0017223358154297,0.49956978653217454,2.004563570022583,1.9288780689239502,2.0815987586975098,4.969939231872559,4.949483871459961,4.759514331817627,5.155181884765625,1.2012097036492784,0.8005126321661513,331776
Mirror Moderate Bi-Kappa 3,ion,13500,1.78125,2.0018537044525146,0.4995370030166561,2.004430055618286,1.9291634559631348,2.0818514823913574,4.969034671783447,4.948038101196289,4.759029388427734,5.154029369354248,1.2012463317429596,0.8006073727095551,331776
Mirror Moderate Bi-Kappa 3,ion,14000,1.8472222222222223,2.0019876956939697,0.49950356945293795,2.004863739013672,1.929634928703308,2.0822434425354004,4.968135833740234,4.94708251953125,4.758461952209473,5.153059482574463,1.201282741347101,0.8007049543468687,331776
Mirror Moderate Bi-Kappa 3,ion,14500,1.9131944444444446,2.00211763381958,0.49947115149884075,2.005077362060547,1.9296566247940063,2.0824685096740723,4.967251777648926,4.946958541870117,4.755692481994629,5.152632236480713,1.2013185650261753,0.8007990687934048,331776
Mirror Moderate Bi-Kappa 3,ion,15000,1.979166666666667,2.0022401809692383,0.49944058135718916,2.0049147605895996,1.929344654083252,2.08223032951355,4.966379165649414,4.946030616760254,4.756719589233398,5.151070594787598,1.2013539374755406,0.8008862434936976,331776
Mirror Moderate Bi-Kappa 3,ion,15500,2.045138888888889,2.0023715496063232,0.49940781479671204,2.005239725112915,1.9298601150512695,2.0823330879211426,4.965487480163574,4.945066452026367,4.755285739898682,5.151566028594971,1.2013900959361714,0.8009814536701518,331776
Mirror Moderate Bi-Kappa 3,ion,16000,2.111111111111111,2.0024867057800293,0.49937909555832466,2.005136489868164,1.9295084476470947,2.082919120788574,4.964632034301758,4.945006370544434,4.7539472579956055,5.151023864746094,1.2014247970626575,0.8010619087173718,331776
Mirror Moderate Bi-Kappa 3,ion,16500,2.1770833333333335,2.0025925636291504,0.4993526981782924,2.0054612159729004,1.929699420928955,2.083057403564453,4.963785171508789,4.943694591522217,4.751882553100586,5.150796413421631,1.201459161798503,0.8011334018306473,331776
Mirror Moderate Bi-Kappa 3,ion,17000,2.243055555555556,2.00274395942688,0.49931495001795806,2.0056560039520264,1.9304120540618896,2.0823514461517334,4.962864875793457,4.942275047302246,4.752306938171387,5.149001598358154,1.2014965196569292,0.8012474397699507,331776
Mirror Moderate Bi-Kappa 3,ion,17500,2.3090277777777777,2.002849578857422,0.4992886188539812,2.0057168006896973,1.9300289154052734,2.0828206539154053,4.96203088760376,4.942279815673828,4.752687454223633,5.147644519805908,1.2015303859752706,0.8013191928821513,331776
Mirror Moderate Bi-Kappa 3,ion,18000,2.375,2.002962112426758,0.4992605670350976,2.0057272911071777,1.9304633140563965,2.0831382274627686,4.961180686950684,4.941112041473389,4.750979423522949,5.146832466125488,1.2015649223642035,0.8013971900625543,331776
Mirror Moderate Bi-Kappa 3,ion,18500,2.4409722222222223,2.003114938735962,0.4992224762853779,2.005875587463379,1.9307096004486084,2.082888126373291,4.960251808166504,4.939777374267578,4.749727725982666,5.146474838256836,1.2016026683068006,0.8015122704291613,331776
Mirror Moderate Bi-Kappa 3,ion,19000,2.5069444444444446,2.0032060146331787,0.49919977910166025,2.006147861480713,1.9307458400726318,2.0830838680267334,4.9594526290893555,4.939375877380371,4.748952865600586,5.145328044891357,1.2016351550843662,0.8015708595488125,331776
Mirror Moderate Bi-Kappa 3,ion,19500,2.572916666666667,2.00331974029541,0.499171440227779,2.006098747253418,1.9303380250930786,2.0838053226470947,4.958601474761963,4.938302993774414,4.747995376586914,5.145628929138184,1.2016697661809985,0.8016499741144116,331776
Mirror Moderate Bi-Kappa 3,ion,20000,2.638888888888889,2.0034263134002686,0.4991448865931951,2.0060715675354004,1.930521011352539,2.0836830139160156,4.957766056060791,4.93798303604126,4.747414588928223,5.143627166748047,1.2017037489652251,0.8017225644350434,331776
Mirror Moderate Bi-Kappa 3,ion,20500,2.704861111111111,2.0035312175750732,0.49911875154624563,2.0062217712402344,1.930891513824463,2.083684206008911,4.956944465637207,4.936732292175293,4.7459917068481445,5.143672466278076,1.201737180420772,0.8017940371543013,331776
Mirror Moderate Bi-Kappa 3,ion,21000,2.7708333333333335,2.003669023513794,0.49908442375693374,2.006523609161377,1.9307841062545776,2.08400297164917,4.956052780151367,4.935873985290527,4.745151042938232,5.142504692077637,1.2017734766677481,0.8018955468460458,331776
Mirror Moderate Bi-Kappa 3,ion,21500,2.836805555555556,2.0037708282470703,0.49905906698662517,2.006305694580078,1.9309240579605103,2.0839853286743164,4.955231189727783,4.9351043701171875,4.744463920593262,5.142686367034912,1.2018069312432897,0.8019638970037806,331776
Mirror Moderate Bi-Kappa 3,ion,22000,2.9027777777777777,2.0038671493530273,0.499035078409695,2.0067763328552246,1.9310168027877808,2.0841424465179443,4.954426288604736,4.934753894805908,4.743342399597168,5.14241886138916,1.2018397170021515,0.8020274323508758,331776
Mirror Moderate Bi-Kappa 3,ion,22500,2.96875,2.0039916038513184,0.4990040866828865,2.0064806938171387,1.9313102960586548,2.084279775619507,4.953546047210693,4.934930801391602,4.743093490600586,5.139511585235596,1.2018755837675301,0.8021160200837882,331776
Mirror Moderate Bi-Kappa 3,ion,23000,3.0347222222222223,2.0040879249572754,0.4989801033910819,2.0069968700408936,1.9315012693405151,2.0844838619232178,4.952759742736816,4.932982444763184,4.741774082183838,5.140784740447998,1.201907633711991,0.8021802912452844,331776
Mirror Moderate Bi-Kappa 3,ion,23500,3.1006944444444446,2.0041937828063965,0.4989537481748586,2.0069642066955566,1.9316707849502563,2.0842275619506836,4.95192813873291,4.9318952560424805,4.740256309509277,5.139059543609619,1.2019415411500454,0.8022522416563511,331776
Mirror Moderate Bi-Kappa 3,ion,24000,3.166666666666667,2.0042903423309326,0.49892971037171613,2.0073370933532715,1.9315319061279297,2.084751605987549,4.9511260986328125,4.931002616882324,4.739658832550049,5.138250350952148,1.201974253953285,0.8023160883776477,331776
Mirror Moderate Bi-Kappa 3,ion,24500,3.232638888888889,2.0043859481811523,0.49890591226077685,2.0070433616638184,1.931946039199829,2.084235191345215,4.950320243835449,4.930694580078125,4.739174842834473,5.138132095336914,1.2020071330224107,0.8023788151587417,331776
Mirror Moderate Bi-Kappa 3,ion,25000,3.298611111111111,2.0045111179351807,0.4988747585646151,2.0074331760406494,1.9318279027938843,2.0843842029571533,4.949462413787842,4.92974853515625,4.738643646240234,5.136521339416504,1.2020421444588154,0.8024689734763653,331776
Mirror Moderate Bi-Kappa 3,ion,25500,3.364583333333334,2.004622220993042,0.4988471092097462,2.007479667663574,1.9318574666976929,2.084684133529663,4.948622703552246,4.9285993576049805,4.737397193908691,5.135265827178955,1.2020764281104266,0.8025457928826154,331776
Mirror Moderate Bi-Kappa 3,ion,26000,3.430555555555556,2.0047037601470947,0.4988268191439044,2.0078248977661133,1.9319261312484741,2.0848147869110107,4.947850227355957,4.927886009216309,4.736687183380127,5.135285377502441,1.202107977010125,0.8025957831369697,331776
Mirror Moderate Bi-Kappa 3,ion,26500,3.4965277777777777,2.0048232078552246,0.4987970989570735,2.007493257522583,1.932145595550537,2.084817409515381,4.946993350982666,4.9279327392578125,4.737663269042969,5.134677886962891,1.2021429844455644,0.8026802234096602,331776
Mirror Moderate Bi-Kappa 3,ion,27000,3.5625,2.004929780960083,0.498770585132981,2.0078377723693848,1.9321119785308838,2.085038185119629,4.946195125579834,4.925680160522461,4.734123706817627,5.133597373962402,1.2021756066250564,0.8027541743350266,331776
Mirror Moderate Bi-Kappa 3,ion,27500,3.628472222222222,2.0050289630889893,0.4987459126073567,2.0079517364501953,1.932167410850525,2.085280418395996,4.945387363433838,4.925775527954102,4.73399543762207,5.133274078369141,1.202208629276241,0.8028203338127482,331776
Mirror Moderate Bi-Kappa 3,ion,28000,3.6944444444444446,2.0051472187042236,0.49871649855526573,2.00793194770813,1.9323440790176392,2.0855789184570312,4.944543838500977,4.9251275062561035,4.73423957824707,5.131194591522217,1.2022431254858015,0.8029040932184222,331776
Mirror Moderate Bi-Kappa 3,ion,28500,3.7604166666666665,2.0052454471588135,0.49869206855294307,2.0081706047058105,1.932235836982727,2.0855917930603027,4.943727493286133,4.923733711242676,4.733112335205078,5.131533145904541,1.2022765213814997,0.8029689257773138,331776
Mirror Moderate Bi-Kappa 3,ion,29000,3.8263888888888893,2.0053648948669434,0.4986623644203916,2.0083634853363037,1.9327600002288818,2.0856642723083496,4.94288969039917,4.9228515625,4.732420921325684,5.1303019523620605,1.202310806559643,0.8030540883073003,331776
Mirror Moderate Bi-Kappa 3,ion,29500,3.892361111111111,2.005443811416626,0.4986427414755688,2.008141040802002,1.9328346252441406,2.085548162460327,4.9421210289001465,4.922297477722168,4.731174945831299,5.129079818725586,1.2023422725085604,0.8031015389080656,331776
Mirror Moderate Bi-Kappa 3,ion,30000,3.958333333333334,2.0055408477783203,0.49861861507721017,2.0080199241638184,1.932895302772522,2.0857439041137695,4.941325664520264,4.922263145446777,4.730705738067627,5.128640651702881,1.2023748418729423,0.803166005905378,331776
Mirror Moderate Bi-Kappa 3,ion,30500,4.024305555555555,2.005659818649292,0.49858903823154227,2.008455753326416,1.932785153388977,2.085998058319092,4.940501689910889,4.920550346374512,4.7302470207214355,5.127256393432617,1.2024085938563938,0.8032512247928982,331776
Mirror Moderate Bi-Kappa 3,ion,31000,4.090277777777778,2.0057482719421387,0.49856705050615036,2.0085854530334473,1.9328179359436035,2.0859076976776123,4.939708232879639,4.9199018478393555,4.728778839111328,5.126863479614258,1.2024411064086356,0.8033071655335031,331776
Mirror Moderate Bi-Kappa 3,ion,31500,4.15625,2.0058541297912598,0.4985407389041124,2.008312225341797,1.9329601526260376,2.0862057209014893,4.938894748687744,4.9198760986328125,4.727959156036377,5.1267595291137695,1.2024744504356362,0.8033796793556236,331776
Mirror Moderate Bi-Kappa 3,ion,32000,4.222222222222222,2.005943536758423,0.49851851843047695,2.0086612701416016,1.9333877563476562,2.0860395431518555,4.93812370300293,4.918667793273926,4.726714134216309,5.1247878074646,1.2025060650853863,0.8034374716730366,331776
Mirror Moderate Bi-Kappa 3,ion,32500,4.288194444444445,2.006044864654541,0.498493337621444,2.008694887161255,1.9332854747772217,2.086449384689331,4.937314033508301,4.917758941650391,4.726673603057861,5.125067710876465,1.202539274029007,0.803505590625534,331776
Mirror Moderate Bi-Kappa 3,ion,33000,4.354166666666667,2.0061514377593994,0.49846685607985064,2.009044885635376,1.933486819267273,2.0862395763397217,4.936507225036621,4.9177045822143555,4.725025653839111,5.124519348144531,1.202572376462506,0.8035790612968934,331776
Mirror Moderate Bi-Kappa 3,ion,33500,4.420138888888889,2.006237745285034,0.49844541223997657,2.008859157562256,1.9336531162261963,2.0862345695495605,4.935731410980225,4.915925979614258,4.7244768142700195,5.123691558837891,1.202604217436824,0.8036335278482101,331776
Mirror Moderate Bi-Kappa 3,ion,34000,4.486111111111112,2.0063421726226807,0.49841946884503996,2.0091311931610107,1.9339840412139893,2.086452007293701,4.934922695159912,4.914703369140625,4.723405361175537,5.123002529144287,1.202637419423162,0.8037047531995187,331776
Mirror Moderate Bi-Kappa 3,ion,34500,4.552083333333334,2.0064280033111572,0.4983981475287054,2.0092313289642334,1.9337249994277954,2.086670398712158,4.934141635894775,4.914109230041504,4.723221778869629,5.121859073638916,1.2026694962960172,0.8037585070151401,331776
Mirror Moderate Bi-Kappa 3,ion,35000,4.618055555555555,2.0065412521362305,0.4983700180274723,2.009194850921631,1.9339309930801392,2.0863640308380127,4.933318138122559,4.914395332336426,4.7218918800354,5.121506690979004,1.2027033270513066,0.8038379250849239,331776
Mirror Moderate Bi-Kappa 3,ion,35500,4.684027777777778,2.0066261291503906,0.49834893778812794,2.0090954303741455,1.9338529109954834,2.086665630340576,4.932539463043213,4.913358688354492,4.722697734832764,5.1207990646362305,1.202735326801224,0.8038908023491667,331776
Mirror Moderate Bi-Kappa 3,ion,36000,4.75,2.0067389011383057,0.4983209322512054,2.009387969970703,1.934018850326538,2.0867395401000977,4.93172025680542,4.911694526672363,4.720322608947754,5.119186878204346,1.2027690030917857,0.80396989804652,331776
Mirror Moderate Bi-Kappa 3,ion,36500,4.815972222222222,2.006824016571045,0.4982997969640844,2.0096707344055176,1.933974027633667,2.086880922317505,4.93095588684082,4.910767555236816,4.7196478843688965,5.118852615356445,1.2028004352398867,0.8040235813311583,331776
Mirror Moderate Bi-Kappa 3,ion,37000,4.881944444444445,2.006924629211426,0.49827481582750155,2.0097618103027344,1.9340627193450928,2.0874180793762207,4.9301557540893555,4.910514831542969,4.719146728515625,5.118859767913818,1.2028333484536553,0.8040912807577705,331776
Mirror Moderate Bi-Kappa 3,ion,37500,4.947916666666667,2.0070395469665527,0.4982462859346264,2.009829521179199,1.9342745542526245,2.0868325233459473,4.929327011108398,4.909551620483398,4.71827507019043,5.11734676361084,1.2028674498053116,0.8041720971612412,331776
Mirror Moderate Bi-Kappa 3,ion,38000,5.013888888888889,2.007108688354492,0.49822912222050114,2.009880542755127,1.9342949390411377,2.087139129638672,4.928585052490234,4.909003734588623,4.718035697937012,5.117047309875488,1.2028979898591252,0.804210698495367,331776
Mirror Moderate Bi-Kappa 3,ion,38500,5.079861111111112,2.0072021484375,0.4982059234932798,2.009974956512451,1.934535264968872,2.08707857131958,4.927787780761719,4.908167839050293,4.716402530670166,5.115512847900391,1.202930816928448,0.804271331509052,331776
Mirror Moderate Bi-Kappa 3,ion,39000,5.145833333333334,2.0073137283325195,0.49817822988273114,2.0099802017211914,1.9343341588974,2.0875658988952637,4.926977157592773,4.907739162445068,4.716022491455078,5.115189552307129,1.2029642046257387,0.8043495237067808,331776
Mirror Moderate Bi-Kappa 3,ion,39500,5.211805555555555,2.0073914527893066,0.498158940853555,2.010312080383301,1.9350532293319702,2.0871777534484863,4.926229000091553,4.906869888305664,4.715640544891357,5.114470481872559,1.2029950292569458,0.8043964235323608,331776
Mirror Moderate Bi-Kappa 3,ion,40000,5.277777777777778,2.0074806213378906,0.49813681356164097,2.0103819370269775,1.934889793395996,2.0873544216156006,4.925450325012207,4.906196117401123,4.71452522277832,5.113629341125488,1.2030271211795283,0.8044535001583624,331776
Mirror Moderate Bi-Kappa 3,ion,40500,5.34375,2.007584810256958,0.49811096143530115,2.0102829933166504,1.9348945617675781,2.087533950805664,4.924647808074951,4.905262470245361,4.714172840118408,5.112440586090088,1.203060206327912,0.8045246039290459,331776
Mirror Moderate Bi-Kappa 3,ion,41000,5.409722222222222,2.007685899734497,0.49808588093000167,2.0106053352355957,1.9351186752319336,2.087703227996826,4.923854351043701,4.904628276824951,4.713386535644531,5.111138343811035,1.2030929285688623,0.8045929711656348,331776
Mirror Moderate Bi-Kappa 3,ion,41500,5.475694444444445,2.0077569484710693,0.4980682551050374,2.010560989379883,1.9348688125610352,2.088071823120117,4.923099994659424,4.903627395629883,4.712625026702881,5.111560821533203,1.2031240480763745,0.8046329003946948,331776
Mirror Moderate Bi-Kappa 3,ion,42000,5.541666666666667,2.0078582763671875,0.49804311976107063,2.010500907897949,1.9349265098571777,2.0882411003112793,4.922297477722168,4.903356552124023,4.711167335510254,5.11024808883667,1.2031571648251453,0.8047011115420422,331776
Mirror Moderate Bi-Kappa 3,ion,42500,5.607638888888889,2.007960319519043,0.4980178095548846,2.010864734649658,1.9352459907531738,2.088085412979126,4.92151403427124,4.90257453918457,4.711874961853027,5.110093116760254,1.2031895049036625,0.8047708146153805,331776
Mirror Moderate Bi-Kappa 3,ion,43000,5.673611111111112,2.008042812347412,0.4979973503806898,2.010775089263916,1.935498595237732,2.0879833698272705,4.920747756958008,4.901872158050537,4.710381507873535,5.108545303344727,1.2032211463361409,0.8048216660112713,331776
Mirror Moderate Bi-Kappa 3,ion,43500,5.739583333333334,2.0081405639648438,0.4979731090265984,2.0107789039611816,1.935595989227295,2.0880470275878906,4.91995096206665,4.900876998901367,4.70926570892334,5.108348369598389,1.2032540583656437,0.8048865055992,331776
Mirror Moderate Bi-Kappa 3,ion,44000,5.805555555555555,2.008232593536377,0.49795028883534853,2.01088809967041,1.9358700513839722,2.087998628616333,4.919188022613525,4.899637222290039,4.709319114685059,5.106976509094238,1.2032855819706416,0.8049470115657353,331776
Mirror Moderate Bi-Kappa 3,ion,44500,5.871527777777778,2.0083296298980713,0.4979262293962934,2.0111846923828125,1.9359995126724243,2.0883259773254395,4.918392658233643,4.8992204666137695,4.707490921020508,5.1073408126831055,1.203318455741013,0.8050111741570583,331776
Mirror Moderate Bi-Kappa 3,ion,45000,5.9375,2.0084095001220703,0.49790642791682693,2.0110485553741455,1.9355146884918213,2.088690996170044,4.917633533477783,4.898550987243652,4.7060956954956055,5.106671333312988,1.2033498415838224,0.8050596585382479,331776
Mirror Moderate Bi-Kappa 3,ion,45500,6.003472222222222,2.0085256099700928,0.49787764469425416,2.011216163635254,1.9355010986328125,2.088944911956787,4.916820526123047,4.897884845733643,4.706461429595947,5.104801177978516,1.2033834659384055,0.8051421440316873,331776
Mirror Moderate Bi-Kappa 3,ion,46000,6.069444444444445,2.008610248565674,0.4978566651813555,2.0114779472351074,1.9356731176376343,2.0890705585479736,4.916053295135498,4.896074295043945,4.705519199371338,5.104357719421387,1.2034152072739963,0.8051950412916775,331776
Mirror Moderate Bi-Kappa 3,ion,46500,6.135416666666667,2.0086915493011475,0.4978365146943115,2.011378526687622,1.9363622665405273,2.088758707046509,4.915302753448486,4.896222114562988,4.705290794372559,5.103371620178223,1.2034462677397477,0.8052452815613997,331776
Mirror Moderate Bi-Kappa 3,ion,47000,6.201388888888889,2.0087761878967285,0.49781553864745937,2.011845588684082,1.9359415769577026,2.0889875888824463,4.91452693939209,4.8947954177856445,4.703489780426025,5.103341102600098,1.203478384050469,0.8052978038462595,331776
Mirror Moderate Bi-Kappa 3,ion,47500,6.267361111111112,2.0088682174682617,0.49779273289528214,2.011552095413208,1.935833215713501,2.089010238647461,4.913747787475586,4.894674301147461,4.703552722930908,5.102824687957764,1.2035106487453124,0.8053575687229493,331776
Mirror Moderate Bi-Kappa 3,ion,48000,6.333333333333334,2.0089471340179443,0.4977731783314651,2.01174259185791,1.936403751373291,2.088611125946045,4.9130072593688965,4.894505500793457,4.70242166519165,5.100390434265137,1.2035413235128123,0.805405810505132,331776
Mirror Moderate Bi-Kappa 3,ion,48500,6.399305555555555,2.009049892425537,0.49774771834695175,2.0115818977355957,1.9363012313842773,2.0890963077545166,4.912209510803223,4.893579959869385,4.701550483703613,5.101091384887695,1.2035743788616386,0.8054755135638985,331776
Mirror Moderate Bi-Kappa 3,ion,49000,6.465277777777778,2.0091257095336914,0.4977289351556281,2.011767625808716,1.9362696409225464,2.089186668395996,4.911455154418945,4.892424583435059,4.701822757720947,5.0994181632995605,1.203605646098647,0.8055200634350443,331776
Mirror Moderate Bi-Kappa 3,ion,49500,6.53125,2.00921368598938,0.49770714134249916,2.0116448402404785,1.936686396598816,2.0892159938812256,4.910708427429199,4.892982482910156,4.700191974639893,5.098465919494629,1.2036366065666637,0.8055770794227162,331776
Mirror Moderate Bi-Kappa 3,ion,50000,6.597222222222222,2.0093116760253906,0.49768286917940724,2.0116701126098633,1.9365267753601074,2.089618682861328,4.909922122955322,4.89043664932251,4.699779510498047,5.098494052886963,1.203669218158208,0.8056424578671826,331776
Mirror Moderate Bi-Kappa 3,ion,50500,6.663194444444444,2.009409189224243,0.49765871747907264,2.012087345123291,1.936760425567627,2.089487075805664,4.909128189086914,4.89088773727417,4.698581218719482,5.097172737121582,1.2037021567746018,0.8057070324496414,331776
Mirror Moderate Bi-Kappa 3,ion,51000,6.729166666666668,2.00947904586792,0.4976414170908098,2.0123791694641113,1.936502456665039,2.089615821838379,4.908406734466553,4.889187812805176,4.6978278160095215,5.097161769866943,1.203732097623055,0.8057469482448649,331776
Mirror Moderate Bi-Kappa 3,ion,51500,6.795138888888889,2.0095810890197754,0.49761614769562523,2.0124666690826416,1.936753273010254,2.0898478031158447,4.907610893249512,4.889123916625977,4.6966447830200195,5.096275806427002,1.203765135776252,0.8058159532435234,331776
Mirror Moderate Bi-Kappa 3,ion,52000,6.861111111111112,2.0096676349639893,0.49759471795340865,2.0124306678771973,1.9370489120483398,2.089599370956421,4.906838417053223,4.887460708618164,4.696226119995117,5.095376968383789,1.203797214215288,0.8058704207487013,331776
Mirror Moderate Bi-Kappa 3,ion,52500,6.927083333333333,2.0097315311431885,0.49757889773027225,2.012482166290283,1.9368561506271362,2.0898895263671875,4.9061102867126465,4.887019634246826,4.695773601531982,5.093442916870117,1.2038274603627088,0.8059040707804797,331776
Mirror Moderate Bi-Kappa 3,ion,53000,6.993055555555555,2.0098376274108887,0.49755263129799154,2.012528896331787,1.9374405145645142,2.089665651321411,4.905331134796143,4.886384010314941,4.695210933685303,5.093050956726074,1.2038598358643853,0.8059777915465034,331776
Mirror Moderate Bi-Kappa 3,ion,53500,7.059027777777779,2.0099165439605713,0.49753309559285713,2.012744903564453,1.937066912651062,2.089935779571533,4.90457010269165,4.886284828186035,4.694241523742676,5.09366512298584,1.2038914683778699,0.8060250755827014,331776
Mirror Moderate Bi-Kappa 3,ion,54000,7.125,2.0099868774414062,0.4975156859098207,2.012674570083618,1.9370393753051758,2.0901687145233154,4.903840065002441,4.884768009185791,4.693726539611816,5.091896057128906,1.2039218218262797,0.8060650556151265,331776
Mirror Moderate Bi-Kappa 3,ion,54500,7.190972222222222,2.01011323928833,0.49748441055691206,2.0127365589141846,1.9373879432678223,2.0900137424468994,4.902996063232422,4.884453773498535,4.692444801330566,5.091007232666016,1.2039569249298407,0.8061563143584893,331776
Mirror Moderate Bi-Kappa 3,ion,55000,7.256944444444444,2.01017427444458,0.4974693053796564,2.012753963470459,1.9376027584075928,2.0902464389801025,4.902297019958496,4.8833184242248535,4.691985130310059,5.091284275054932,1.2039860081771354,0.8061882662674447,331776
Mirror Moderate Bi-Kappa 3,ion,55500,7.322916666666668,2.0102577209472656,0.4974486552544039,2.012877941131592,1.9372870922088623,2.0902976989746094,4.901548385620117,4.882284164428711,4.690783977508545,5.090467929840088,1.2040171638280146,0.806240557119251,331776
Mirror Moderate Bi-Kappa 3,ion,56000,7.388888888888889,2.0103728771209717,0.49742016089676194,2.0130577087402344,1.9376152753829956,2.0903658866882324,4.9007344245910645,4.882651329040527,4.6904120445251465,5.089153289794922,1.204051048957513,0.8063218281634588,331776
Mirror Moderate Bi-Kappa 3,ion,56500,7.454861111111112,2.0104289054870605,0.4974062983628526,2.013335943222046,1.9376184940338135,2.0903096199035645,4.900020122528076,4.881443023681641,4.689537048339844,5.0886077880859375,1.204080794567037,0.8063481109200235,331776
Mirror Moderate Bi-Kappa 3,ion,57000,7.520833333333333,2.0105252265930176,0.4973824684083041,2.0132265090942383,1.9378628730773926,2.0907843112945557,4.899231433868408,4.880557537078857,4.688727378845215,5.087344646453857,1.2041136479258758,0.8064115786671417,331776
Mirror Moderate Bi-Kappa 3,ion,57500,7.586805555555555,2.0106070041656494,0.49736223833308213,2.0131683349609375,1.9379520416259766,2.090888738632202,4.898488521575928,4.8795623779296875,4.6877360343933105,5.087159156799316,1.2041446041152062,0.8064624000504432,331776
Mirror Moderate Bi-Kappa 3,ion,58000,7.652777777777779,2.0107064247131348,0.49733764596821683,2.013388156890869,1.9378280639648438,2.090665578842163,4.897706031799316,4.878664970397949,4.687688827514648,5.086325168609619,1.2041772196018512,0.8065292051112836,331776
Mirror Moderate Bi-Kappa 3,ion,58500,7.71875,2.0107979774475098,0.49731500191252015,2.013813018798828,1.9381520748138428,2.0909881591796875,4.896939277648926,4.877660751342773,4.686028957366943,5.085619926452637,1.2042091893122495,0.8065887881352602,331776
Mirror Moderate Bi-Kappa 3,ion,59000,7.784722222222222,2.0108563899993896,0.4973005556106886,2.013676881790161,1.938321590423584,2.090691566467285,4.896223545074463,4.876903057098389,4.685628890991211,5.085042953491211,1.204239040720677,0.8066173492787128,331776
Mirror Moderate Bi-Kappa 3,ion,59500,7.850694444444444,2.0109665393829346,0.49727331629637667,2.0138378143310547,1.938196063041687,2.0908217430114746,4.8954243659973145,4.876446723937988,4.6858930587768555,5.083662986755371,1.2042723827878559,0.8066941565950787,331776
Mirror Moderate Bi-Kappa 3,ion,60000,7.916666666666668,2.0110526084899902,0.497252033973818,2.0140082836151123,1.9384351968765259,2.0912797451019287,4.89467191696167,4.875856399536133,4.683732986450195,5.083856582641602,1.2043037852107445,0.8067488232792457,331776
Mirror Moderate Bi-Kappa 3,ion,60500,7.982638888888889,2.0111336708068848,0.4972319913468462,2.0139973163604736,1.938295841217041,2.0913755893707275,4.893921852111816,4.875662803649902,4.682292461395264,5.082645893096924,1.2043350977434348,0.8067985730634499,331776
Mirror Moderate Bi-Kappa 3,ion,61000,8.04861111111111,2.011209487915039,0.4972132470579533,2.0139806270599365,1.9382960796356201,2.091407060623169,4.893166542053223,4.874080657958984,4.682191371917725,5.082208156585693,1.2043666389455017,0.8068428489695374,331776
Mirror Moderate Bi-Kappa 3,ion,61500,8.114583333333334,2.0112674236297607,0.49719892454444814,2.0141773223876953,1.938385248184204,2.0913033485412598,4.8924880027771,4.874615669250488,4.68254280090332,5.081523418426514,1.2043949825594615,0.8068724410702992,331776
Mirror Moderate Bi-Kappa 3,ion,62000,8.180555555555555,2.011357545852661,0.4971766467190083,2.014036178588867,1.9388465881347656,2.091244697570801,4.891720294952393,4.873044490814209,4.6809282302856445,5.080556392669678,1.2044270603599039,0.8069304854927573,331776
Mirror Moderate Bi-Kappa 3,ion,62500,8.246527777777779,2.0114517211914062,0.4971533691137704,2.0144221782684326,1.9389269351959229,2.0913808345794678,4.89094352722168,4.871665000915527,4.680574417114258,5.07965612411499,1.2044595269673977,0.8069921942240086,331776
Mirror Moderate Bi-Kappa 3,ion,63000,8.3125,2.01151704788208,0.4971372233970857,2.0141689777374268,1.938805341720581,2.091383934020996,4.8902106285095215,4.871610164642334,4.679877758026123,5.079370498657227,1.2044901694356647,0.8070268784464154,331776
Mirror Moderate Bi-Kappa 3,ion,63500,8.378472222222221,2.01159930229187,0.49711689542776866,2.014385223388672,1.939022421836853,2.0915071964263916,4.889469623565674,4.870638847351074,4.67922306060791,5.077788829803467,1.2045211601643502,0.8070781421275199,331776
Mirror Moderate Bi-Kappa 3,ion,64000,8.444444444444445,2.0116734504699707,0.4970985722192527,2.0144991874694824,1.9391838312149048,2.0912227630615234,4.888739585876465,4.870630264282227,4.678539752960205,5.077290058135986,1.2045517014015215,0.8071217490684492,331776
Mirror Moderate Bi-Kappa 3,ion,64500,8.510416666666668,2.0117478370666504,0.4970801914508878,2.0143020153045654,1.9385985136032104,2.091686725616455,4.887995719909668,4.869227409362793,4.678124904632568,5.0768513679504395,1.2045828305304818,0.8071650065361686,331776
Mirror Moderate Bi-Kappa 3,ion,65000,8.57638888888889,2.011847734451294,0.49705550915996005,2.014237642288208,1.9388937950134277,2.0922765731811523,4.887206077575684,4.869020462036133,4.676380157470703,5.076777458190918,1.20461588566694,0.807231848784354,331776
Mirror Moderate Bi-Kappa 3,ion,65500,8.64236111111111,2.01192569732666,0.497036248072554,2.014540910720825,1.9394266605377197,2.091935157775879,4.886462688446045,4.868125915527344,4.675491809844971,5.075760841369629,1.2046470143657255,0.8072786829609346,331776
Mirror Moderate Bi-Kappa 3,ion,66000,8.708333333333334,2.0119974613189697,0.49701851976714106,2.0149147510528564,1.9395129680633545,2.0919225215911865,4.8857316970825195,4.867035388946533,4.674890518188477,5.074652194976807,1.2046776331572082,0.8073198281617615,331776
Mirror Moderate Bi-Kappa 3,ion,66500,8.774305555555555,2.012075662612915,0.49699920265492564,2.014770984649658,1.93960440158844,2.091921091079712,4.88499641418457,4.865856170654297,4.673996925354004,5.07388162612915,1.2047084409512152,0.8073672216616998,331776
Mirror Moderate Bi-Kappa 3,ion,67000,8.840277777777779,2.0121538639068604,0.4969798870442089,2.0147929191589355,1.9393291473388672,2.0922112464904785,4.8842597007751465,4.865435600280762,4.673245429992676,5.073250770568848,1.2047393179853432,0.8074145459215172,331776
Mirror Moderate Bi-Kappa 3,ion,67500,8.90625,2.012235641479492,0.49695968970351406,2.014951229095459,1.9395296573638916,2.0920722484588623,4.883510589599609,4.865407943725586,4.673398971557617,5.072344779968262,1.2047707241855266,0.8074649172939656,331776
Mirror Moderate Bi-Kappa 3,ion,68000,8.972222222222223,2.0123283863067627,0.4969367856681212,2.0151684284210205,1.939366340637207,2.092592239379883,4.882744789123535,4.864528656005859,4.671625137329102,5.072271347045898,1.2048028400393833,0.8075255462673794,331776
Mirror Moderate Bi-Kappa 3,ion,68500,9.038194444444445,2.0123939514160156,0.4969205951430895,2.0149080753326416,1.9395694732666016,2.092538356781006,4.882036209106445,4.864780426025391,4.671990871429443,5.070435523986816,1.2048325651773544,0.8075613862386612,331776
Mirror Moderate Bi-Kappa 3,ion,69000,9.104166666666668,2.0124857425689697,0.4968979301803571,2.015198230743408,1.9400990009307861,2.0928049087524414,4.881254196166992,4.863101005554199,4.6709136962890625,5.0707502365112305,1.2048653808656904,0.8076203617032793,331776
Mirror Moderate Bi-Kappa 3,ion,69500,9.17013888888889,2.012538433074951,0.49688492083706604,2.015256881713867,1.939928650856018,2.092362880706787,4.880573272705078,4.8624467849731445,4.670882701873779,5.068394660949707,1.2048939630908861,0.807644469984065,331776
Mirror Moderate Bi-Kappa 3,ion,70000,9.23611111111111,2.0126092433929443,0.49686743876528977,2.0156679153442383,1.9400863647460938,2.092496871948242,4.879860877990723,4.860688209533691,4.669929504394531,5.068297863006592,1.204923874881398,0.8076853685115464,331776
Mirror Moderate Bi-Kappa 3,ion,70500,9.302083333333334,2.012723445892334,0.49683924636583815,2.0153236389160156,1.940421223640442,2.0923657417297363,4.87905216217041,4.861473083496094,4.669445514678955,5.068685054779053,1.2049578415564954,0.8077656043358385,331776
Mirror Moderate Bi-Kappa 3,ion,71000,9.368055555555555,2.0127639770507812,0.4968292414817847,2.0150885581970215,1.9401921033859253,2.0927786827087402,4.878376483917236,4.859564781188965,4.668637275695801,5.066712379455566,1.2049862291884903,0.807777747862291,331776
Mirror Moderate Bi-Kappa 3,ion,71500,9.434027777777779,2.0128417015075684,0.49681005677248485,2.0153756141662598,1.939953327178955,2.0928049087524414,4.877647399902344,4.859470367431641,4.668389320373535,5.065360069274902,1.2050168694071697,0.8078248321003987,331776
Mirror Moderate Bi-Kappa 3,ion,72000,9.5,2.0128910541534424,0.49679787583961815,2.015559196472168,1.9403388500213623,2.092693567276001,4.876953601837158,4.858671188354492,4.666045665740967,5.065906524658203,1.205046035218235,0.8078450189352073,331776
Mirror Moderate Bi-Kappa 3,ion,72500,9.565972222222223,2.012988567352295,0.49677380995526993,2.0157265663146973,1.9401319026947021,2.0927493572235107,4.87618350982666,4.857835292816162,4.66600227355957,5.064888954162598,1.2050784179850418,0.8079101493672531,331776
Mirror Moderate Bi-Kappa 3,ion,73000,9.631944444444445,2.0130701065063477,0.49675368819394206,2.0155909061431885,1.9403749704360962,2.093207836151123,4.875425815582275,4.857121467590332,4.664981842041016,5.064645767211914,1.205110289403628,0.8079598171027196,331776
Mirror Moderate Bi-Kappa 3,ion,73500,9.697916666666668,2.013120174407959,0.49674133353419464,2.0158960819244385,1.9405195713043213,2.0932302474975586,4.874738693237305,4.856472015380859,4.66513204574585,5.064464569091797,1.205139200873945,0.807980973534014,331776
Mirror Moderate Bi-Kappa 3,ion,74000,9.76388888888889,2.0132274627685547,0.4967148613325678,2.0159835815429688,1.9406002759933472,2.093205213546753,4.873945713043213,4.854585647583008,4.664087295532227,5.062614440917969,1.2051725765684855,0.8080548862000692,331776
Mirror Moderate Bi-Kappa 3,ion,74500,9.82986111111111,2.0132884979248047,0.49669980285028653,2.0158472061157227,1.9405241012573242,2.0930771827697754,4.873244762420654,4.854814529418945,4.663469314575195,5.062576770782471,1.2052020878802066,0.8080864100445981,331776
Mirror Moderate Bi-Kappa 3,ion,75000,9.895833333333334,2.0133514404296875,0.4966842747466786,2.0158348083496094,1.9407227039337158,2.0930206775665283,4.872547149658203,4.854841232299805,4.662668228149414,5.0620436668396,1.2052314670921445,0.808119973337543,331776
Mirror Moderate Bi-Kappa 3,ion,75500,9.961805555555555,2.013420820236206,0.4966671596664448,2.016148090362549,1.9409074783325195,2.0929460525512695,4.871828556060791,4.854315757751465,4.661223411560059,5.060522556304932,1.2052617386865865,0.8081590815496196,331776
Mirror Moderate Bi-Kappa 3,ion,76000,10.027777777777779,2.013519763946533,0.49664275360276716,2.016206741333008,1.9409595727920532,2.0932600498199463,4.871062278747559,4.853402137756348,4.661569118499756,5.060405254364014,1.2052940288534186,0.8082257350931146,331776
Mirror Moderate Bi-Kappa 3,ion,76500,10.09375,2.013580322265625,0.4966278170988618,2.0164027214050293,1.9408036470413208,2.0936689376831055,4.870344161987305,4.852400302886963,4.660460948944092,5.05911922454834,1.2053242988051913,0.8082560234604337,331776
Mirror Moderate Bi-Kappa 3,ion,77000,10.159722222222223,2.0136539936065674,0.49660964752387465,2.0160763263702393,1.940779447555542,2.093736171722412,4.86963415145874,4.851958274841309,4.659418106079102,5.058346748352051,1.2053542358414013,0.808299757765166,331776
Mirror Moderate Bi-Kappa 3,ion,77500,10.225694444444445,2.013735771179199,0.49658948026454436,2.0163586139678955,1.9410755634307861,2.0935206413269043,4.8688859939575195,4.850197792053223,4.659848690032959,5.057591915130615,1.2053857907622072,0.808349980416992,331776
Mirror Moderate Bi-Kappa 3,ion,78000,10.291666666666668,2.0138211250305176,0.49656843280201757,2.0165369510650635,1.9414880275726318,2.0934529304504395,4.868125915527344,4.849823951721191,4.657785892486572,5.057103633880615,1.2054178584022255,0.8084032666282921,331776
Mirror Moderate Bi-Kappa 3,ion,78500,10.35763888888889,2.0138893127441406,0.49655161963067,2.016599178314209,1.940755844116211,2.0937886238098145,4.867405414581299,4.84880256652832,4.656519889831543,5.056722164154053,1.2054482655182774,0.8084410472258632,331776
Mirror Moderate Bi-Kappa 3,ion,79000,10.42361111111111,2.013962507247925,0.4965335731927293,2.0166244506835938,1.941204309463501,2.0938241481781006,4.86669921875,4.848394393920898,4.6563873291015625,5.05703592300415,1.2054780776562657,0.8084844295916591,331776
Mirror Moderate Bi-Kappa 3,ion,79500,10.489583333333334,2.0140340328216553,0.4965159395042611,2.016622304916382,1.9416744709014893,2.093832492828369,4.865967273712158,4.848306179046631,4.655729293823242,5.05587100982666,1.2055089859322292,0.8085250468894261,331776
Mirror Moderate Bi-Kappa 3,ion,80000,10.555555555555555,2.01411509513855,0.49649595617136794,2.0164589881896973,1.9415168762207031,2.0938854217529297,4.86525297164917,4.847566604614258,4.656237602233887,5.0540361404418945,1.205539158154202,0.8085759369843477,331776
Mirror Moderate Bi-Kappa 3,ion,80500,10.621527777777779,2.01416015625,0.4964848484848485,2.0167489051818848,1.9414551258087158,2.0940308570861816,4.86457633972168,4.846356391906738,4.654804706573486,5.0532121658325195,1.2055677473564355,0.8085924088935645,331776
Mirror Moderate Bi-Kappa 3,ion,81000,10.6875,2.014232635498047,0.49646698319568044,2.0168404579162598,1.941455602645874,2.0942931175231934,4.86385440826416,4.845229625701904,4.653970241546631,5.053046703338623,1.2055982593354158,0.8086343761626311,331776
Mirror Moderate Bi-Kappa 3,ion,81500,10.753472222222223,2.014305353164673,0.49644906043113135,2.0168914794921875,1.9419535398483276,2.0938024520874023,4.863122940063477,4.844882965087891,4.653470993041992,5.052370071411133,1.2056291836181603,0.8086761695465126,331776
Mirror Moderate Bi-Kappa 3,ion,82000,10.819444444444445,2.014404058456421,0.4964247345521488,2.0169174671173096,1.9419798851013184,2.0939748287200928,4.862355709075928,4.844500541687012,4.653237819671631,5.050875663757324,1.2056616298419776,0.8087424286144433,331776
Mirror Moderate Bi-Kappa 3,ion,82500,10.885416666666668,2.0144457817077637,0.49641445259064826,2.0169572830200195,1.941577672958374,2.0943286418914795,4.861704349517822,4.844964981079102,4.651830196380615,5.050695896148682,1.2056891838968322,0.8087565978109315,331776
Mirror Moderate Bi-Kappa 3,ion,83000,10.95138888888889,2.014526844024658,0.49639447742586634,2.0170655250549316,1.9418654441833496,2.094351291656494,4.860960006713867,4.843743324279785,4.65117073059082,5.049430847167969,1.2057206804044507,0.8088061636202075,331776
Mirror Moderate Bi-Kappa 3,ion,83500,11.01736111111111,2.0145983695983887,0.49637685361541845,2.0172958374023438,1.9419848918914795,2.094221591949463,4.860246181488037,4.842092037200928,4.650562763214111,5.048999786376953,1.2057508946375706,0.8088474749608181,331776
Mirror Moderate Bi-Kappa 3,ion,84000,11.083333333333334,2.0146634578704834,0.4963608170354212,2.0175275802612305,1.9420791864395142,2.094383955001831,4.85953950881958,4.840897560119629,4.649664402008057,5.049110412597656,1.2057808148663263,0.8088826430041571,331776
Mirror Moderate Bi-Kappa 3,ion,84500,11.149305555555555,2.014744281768799,0.4963409049222231,2.0171170234680176,1.942116141319275,2.0946812629699707,4.858792304992676,4.841121673583984,4.648797035217285,5.048733234405518,1.205812460633982,0.8089318211348169,331776
Mirror Moderate Bi-Kappa 3,ion,85000,11.215277777777779,2.0147950649261475,0.49632839458868494,2.01755690574646,1.942018985748291,2.094907522201538,4.858116149902344,4.8396100997924805,4.6482343673706055,5.046894550323486,1.2058411057175118,0.8089539592086357,331776
Mirror Moderate Bi-Kappa 3,ion,85500,11.28125,2.0148630142211914,0.4963116563964185,2.0175392627716064,1.941856861114502,2.094845771789551,4.857398509979248,4.839861869812012,4.64792013168335,5.047103404998779,1.2058715170158587,0.8089914972053327,331776
Mirror Moderate Bi-Kappa 3,ion,86000,11.347222222222223,2.0149552822113037,0.4962889295004872,2.0177512168884277,1.9421714544296265,2.095144271850586,4.8566484451293945,4.838081359863281,4.647591590881348,5.046093940734863,1.2059033119852176,0.8090519702260861,331776
Mirror Moderate Bi-Kappa 3,ion,86500,11.413194444444445,2.0150158405303955,0.4962740142711625,2.0173888206481934,1.9420634508132935,2.0947885513305664,4.855964183807373,4.837916374206543,4.647284030914307,5.04517936706543,1.205932326135062,0.8090835143953334,331776
Mirror Moderate Bi-Kappa 3,ion,87000,11.479166666666668,2.0150694847106934,0.4962608027105187,2.017763614654541,1.9420721530914307,2.095075845718384,4.855257987976074,4.837833404541016,4.645380020141602,5.044527053833008,1.2059622789306923,0.8091072057800011,331776
Mirror Moderate Bi-Kappa 3,ion,87500,11.54513888888889,2.015133857727051,0.4962449497662352,2.0180203914642334,1.9424054622650146,2.095228433609009,4.854548931121826,4.836668014526367,4.6442694664001465,5.044445514678955,1.2059923618421355,0.8091414958849152,331776
Mirror Moderate Bi-Kappa 3,ion,88000,11.61111111111111,2.0152082443237305,0.4962266320697705,2.0177512168884277,1.9423354864120483,2.0951807498931885,4.853824615478516,4.836289882659912,4.644432544708252,5.0421342849731445,1.206023101207874,0.8091851431158565,331776
Mirror Moderate Bi-Kappa 3,ion,88500,11.677083333333334,2.015285015106201,0.4962077286856133,2.0179831981658936,1.9423367977142334,2.095141887664795,4.853100776672363,4.83504056930542,4.6440110206604,5.041356563568115,1.2060538295035514,0.8092311856026497,331776
Mirror Moderate Bi-Kappa 3,ion,89000,11.743055555555555,2.015331268310547,0.4961963403854198,2.0181326866149902,1.9428142309188843,2.095027446746826,4.852438926696777,4.834098815917969,4.643436431884766,5.04130744934082,1.2060819342822175,0.8092493340283293,331776
Mirror Moderate Bi-Kappa 3,ion,89500,11.809027777777779,2.015402317047119,0.4961788480352434,2.018134117126465,1.9423940181732178,2.095414876937866,4.851710319519043,4.833349227905273,4.642254829406738,5.0402398109436035,1.206112882703832,0.809289434343287,331776
Mirror Moderate Bi-Kappa 3,ion,90000,11.875,2.015500545501709,0.4961546660117994,2.0181078910827637,1.943060040473938,2.0951902866363525,4.8509416580200195,4.833400726318359,4.641363143920898,5.0393524169921875,1.206145542555992,0.809355002945717,331776
Mirror Moderate Bi-Kappa 3,ion,90500,11.940972222222223,2.0155537128448486,0.4961415781812891,2.0180444717407227,1.942520022392273,2.0951175689697266,4.850257873535156,4.832754135131836,4.641071319580078,5.03902530670166,1.2061746047475905,0.8093791080972581,331776
Mirror Moderate Bi-Kappa 3,ion,91000,12.006944444444445,2.0156450271606445,0.49611910159035216,2.0182573795318604,1.9427980184555054,2.095336437225342,4.849509239196777,4.831531524658203,4.639891147613525,5.039470672607422,1.20620643258443,0.8094385945762146,331776
Mirror Moderate Bi-Kappa 3,ion,91500,12.072916666666668,2.015683889389038,0.49610953645271433,2.0182719230651855,1.943006992340088,2.0952978134155273,4.848837375640869,4.831606864929199,4.639054298400879,5.038797378540039,1.2062350049155506,0.8094488844734875,331776
Mirror Moderate Bi-Kappa 3,ion,92000,12.13888888888889,2.0157406330108643,0.4960955708405419,2.018186569213867,1.9430267810821533,2.095460891723633,4.848160266876221,4.830844402313232,4.639392375946045,5.036970138549805,1.2062638083217332,0.8094768246891311,331776
Mirror Moderate Bi-Kappa 3,ion,92500,12.20486111111111,2.0158162117004395,0.49607697080501756,2.018260955810547,1.9433740377426147,2.0955536365509033,4.847440242767334,4.829138278961182,4.638227939605713,5.038413047790527,1.2062944461238194,0.80952176557662,331776
Mirror Moderate Bi-Kappa 3,ion,93000,12.270833333333334,2.015881299972534,0.4960609535956431,2.018643856048584,1.9433116912841797,2.0957512855529785,4.846724987030029,4.8282670974731445,4.637178421020508,5.035698413848877,1.2063248900393622,0.809556409933172,331776
Mirror Moderate Bi-Kappa 3,ion,93500,12.336805555555555,2.0159566402435303,0.4960424148205879,2.0188069343566895,1.9434067010879517,2.095628261566162,4.84601354598999,4.827522277832031,4.635882377624512,5.03538703918457,1.206355180502433,0.8096014597410972,331776
Mirror Moderate Bi-Kappa 3,ion,94000,12.402777777777779,2.0159964561462402,0.49603261798961223,2.018404483795166,1.9436357021331787,2.095777750015259,4.8453521728515625,4.827239990234375,4.636432647705078,5.034281253814697,1.2063833472421233,0.809613108904117,331776
Mirror Moderate Bi-Kappa 3,ion,94500,12.46875,2.016063928604126,0.49601601705774073,2.0187108516693115,1.9435068368911743,2.0958008766174316,4.844643592834473,4.826819896697998,4.635307312011719,5.033537864685059,1.2064135329746573,0.8096503956294687,331776
Mirror Moderate Bi-Kappa 3,ion,95000,12.534722222222223,2.0161235332489014,0.4960013528479282,2.0186944007873535,1.943238615989685,2.095907688140869,4.843951225280762,4.8258771896362305,4.634471893310547,5.033269882202148,1.2064430365815748,0.8096804966673266,331776
Mirror Moderate Bi-Kappa 3,ion,95500,12.600694444444445,2.016202449798584,0.49598193876805313,2.018629312515259,1.9437284469604492,2.095818042755127,4.843225002288818,4.825194835662842,4.634503364562988,5.031189441680908,1.2064739919222045,0.8097284578763795,331776
Mirror Moderate Bi-Kappa 3,ion,96000,12.666666666666668,2.0162644386291504,0.49596669010335553,2.018998861312866,1.943596363067627,2.095627546310425,4.842530727386475,4.824545860290527,4.63355016708374,5.03124475479126,1.2065035941526596,0.8097608444764908,331776
Mirror Moderate Bi-Kappa 3,ion,96500,12.73263888888889,2.0163137912750244,0.4959545504906981,2.0188794136047363,1.9437296390533447,2.0958304405212402,4.841845989227295,4.823893070220947,4.632291793823242,5.030880928039551,1.2065327980743124,0.8097809932007121,331776
Mirror Moderate Bi-Kappa 3,ion,97000,12.79861111111111,2.0163917541503906,0.49593537463227294,2.0188724994659424,1.9436378479003906,2.0958611965179443,4.841135501861572,4.823662757873535,4.632818698883057,5.030405044555664,1.206563108926711,0.8098286452236796,331776
Mirror Moderate Bi-Kappa 3,ion,97500,12.864583333333334,2.0164473056793213,0.49592171200482216,2.0191521644592285,1.9439518451690674,2.0961782932281494,4.840451717376709,4.821800231933594,4.631417751312256,5.0297770500183105,1.2065922889820604,0.8098550166972609,331776
Mirror Moderate Bi-Kappa 3,ion,98000,12.930555555555555,2.0165257453918457,0.49590242142218854,2.0190916061401367,1.944015622138977,2.0963966846466064,4.839727878570557,4.821847438812256,4.630530834197998,5.0290846824646,1.2066231873134479,0.8099025580783978,331776
Mirror Moderate Bi-Kappa 3,ion,98500,12.996527777777779,2.0165719985961914,0.49589104713153614,2.0189461708068848,1.943896770477295,2.096069574356079,4.839058876037598,4.821327209472656,4.629680156707764,5.027735233306885,1.2066517530819625,0.8099202455142289,331776
Mirror Moderate Bi-Kappa 3,ion,99000,13.0625,2.0166232585906982,0.4958784422127722,2.0192010402679443,1.9438807964324951,2.096357822418213,4.838376045227051,4.820732116699219,4.6297407150268555,5.027597427368164,1.2066809174509032,0.809942341139795,331776
Mirror Moderate Bi-Kappa 3,ion,99500,13.128472222222223,2.0166821479797363,0.49586396200401534,2.0192668437957764,1.9437897205352783,2.0962576866149902,4.837690830230713,4.818783760070801,4.628719806671143,5.02625846862793,1.206710191926901,0.8099719560528353,331776
Mirror Moderate Bi-Kappa 3,ion,100000,13.194444444444445,2.0167436599731445,0.49584883783064243,2.0196533203125,1.9437381029129028,2.09664249420166,4.836991786956787,4.819447040557861,4.627540588378906,5.026372909545898,1.2067400657360128,0.8100035942371318,331776
Mirror Moderate Bi-Kappa 3,ion,100500,13.260416666666666,2.016814947128296,0.49583131135748515,2.019270181655884,1.9441955089569092,2.096548080444336,4.836280822753906,4.818733215332031,4.6276164054870605,5.024701118469238,1.2067704578475187,0.8100444892807772,331776
Mirror Moderate Bi-Kappa 3,ion,101000,13.326388888888888,2.016907215118408,0.49580862843077894,2.019101142883301,1.9443644285202026,2.096508026123047,4.835543155670166,4.817917823791504,4.6263580322265625,5.025639533996582,1.2068020008936118,0.8101052142247964,331776
Mirror Moderate Bi-Kappa 3,ion,101500,13.39236111111111,2.016923427581787,0.4958046430146142,2.0196375846862793,1.9446806907653809,2.096552848815918,4.8349456787109375,4.816524505615234,4.625861167907715,5.024179935455322,1.2068275563887232,0.8100958711930639,331776
Mirror Moderate Bi-Kappa 3,ion,102000,13.458333333333336,2.0169942378997803,0.49578723687444054,2.0196938514709473,1.9445078372955322,2.096630334854126,4.834227085113525,4.816434860229492,4.624870777130127,5.022979259490967,1.2068583006949323,0.810135937204848,331776
Mirror Moderate Bi-Kappa 3,ion,102500,13.524305555555557,2.017058849334717,0.4957713555704279,2.0194969177246094,1.9444082975387573,2.0968565940856934,4.833521366119385,4.815951347351074,4.62522554397583,5.022629261016846,1.206888503071386,0.8101703462633307,331776
Mirror Moderate Bi-Kappa 3,ion,103000,13.590277777777779,2.0171008110046387,0.4957610420581504,2.019857406616211,1.9442294836044312,2.097196578979492,4.832869529724121,4.815408706665039,4.623808860778809,5.021845817565918,1.2069164072916911,0.8101844037129475,331776
Mirror Moderate Bi-Kappa 3,ion,103500,13.65625,2.0171635150909424,0.4957456311889102,2.0198111534118652,1.9440890550613403,2.0970804691314697,4.832176208496094,4.8144073486328125,4.622339248657227,5.022133827209473,1.2069460956828864,0.810217419408056,331776
Mirror Moderate Bi-Kappa 3,ion,104000,13.722222222222223,2.017240524291992,0.49572670584286344,2.01999568939209,1.9445457458496094,2.096841335296631,4.8314528465271,4.81362771987915,4.622368812561035,5.020944118499756,1.2069770795173569,0.8102634447746353,331776
Mirror Moderate Bi-Kappa 3,ion,104500,13.788194444444445,2.0172972679138184,0.495712761775634,2.0197649002075195,1.944793462753296,2.0967416763305664,4.83077335357666,4.813363075256348,4.621808052062988,5.019874095916748,1.207006192757855,0.8102910751559633,331776
Mirror Moderate Bi-Kappa 3,ion,105000,13.854166666666666,2.0173745155334473,0.4956937803566798,2.019773006439209,1.9447362422943115,2.0972847938537598,4.83004093170166,4.813165664672852,4.621842861175537,5.019298553466797,1.207037582939839,0.8103369325936083,331776
Mirror Moderate Bi-Kappa 3,ion,105500,13.920138888888888,2.0174291133880615,0.49568036535400467,2.0197315216064453,1.9447909593582153,2.097381114959717,4.829367637634277,4.812187194824219,4.619875907897949,5.020012855529785,1.2070664474179194,0.8103626659701422,331776
Mirror Moderate Bi-Kappa 3,ion,106000,13.98611111111111,2.0174968242645264,0.4956637294160538,2.019925355911255,1.9447059631347656,2.0971148014068604,4.828665256500244,4.810589790344238,4.620190143585205,5.017289161682129,1.2070965674528424,0.8104002568116839,331776
Mirror Moderate Bi-Kappa 3,ion,106500,14.052083333333336,2.0175399780273438,0.49565312751708307,2.0199942588806152,1.9445827007293701,2.097360849380493,4.827999591827393,4.809668064117432,4.618817329406738,5.0168938636779785,1.2071251210734881,0.8104148569538556,331776
Mirror Moderate Bi-Kappa 3,ion,107000,14.118055555555557,2.0176143646240234,0.4956348534851689,2.0201354026794434,1.9451875686645508,2.0971786975860596,4.827295780181885,4.809779167175293,4.618227958679199,5.017717361450195,1.207155319569484,0.8104590450545395,331776
Mirror Moderate Bi-Kappa 3,ion,107500,14.184027777777779,2.0176703929901123,0.4956210902802798,2.0204639434814453,1.945055365562439,2.0974254608154297,4.826599597930908,4.8086347579956055,4.617426872253418,5.016440391540527,1.2071851993748737,0.8104851936152386,331776
Mirror Moderate Bi-Kappa 3,ion,108000,14.25,2.017709493637085,0.49561148577311737,2.020359754562378,1.9449602365493774,2.097355604171753,4.8259735107421875,4.807900428771973,4.616477966308594,5.015853404998779,1.2072120780965931,0.8104974155404918,331776
Mirror Moderate Bi-Kappa 3,ion,108500,14.315972222222223,2.0177741050720215,0.4955956157264227,2.0201828479766846,1.945247769355774,2.097222328186035,4.82526969909668,4.807924270629883,4.61596155166626,5.014627933502197,1.2072423019561387,0.8105318031158828,331776
Mirror Moderate Bi-Kappa 3,ion,109000,14.381944444444445,2.0178329944610596,0.495581152030418,2.020601749420166,1.9453928470611572,2.096937656402588,4.824597358703613,4.80740213394165,4.61634635925293,5.013288974761963,1.2072711825777527,0.8105618118833069,331776
Mirror Moderate Bi-Kappa 3,ion,109500,14.447916666666666,2.0179123878479004,0.49556165372793914,2.0205154418945312,1.945231556892395,2.0975558757781982,4.823864459991455,4.80716609954834,4.6155242919921875,5.012999534606934,1.2073026736745773,0.8106097141733231,331776
Mirror Moderate Bi-Kappa 3,ion,110000,14.513888888888888,2.0179810523986816,0.4955447915684569,2.0203943252563477,1.9451172351837158,2.0977845191955566,4.823153972625732,4.8058085441589355,4.614389419555664,5.011834144592285,1.2073332109394797,0.810647841459202,331776
Mirror Moderate Bi-Kappa 3,ion,110500,14.57986111111111,2.0180065631866455,0.4955385271001767,2.020279884338379,1.9453554153442383,2.0976881980895996,4.822534084320068,4.805035591125488,4.614048004150391,5.011573791503906,1.2073598615407175,0.810646701645928,331776
Mirror Moderate Bi-Kappa 3,ion,111000,14.645833333333336,2.0180540084838867,0.49552687678129825,2.0205979347229004,1.945146083831787,2.0976943969726562,4.821887493133545,4.804986953735352,4.612577438354492,5.012053489685059,1.207387667469226,0.8106663410146606,331776
Mirror Moderate Bi-Kappa 3,ion,111500,14.711805555555557,2.0181057453155518,0.49551417328909075,2.0206661224365234,1.945601224899292,2.0976366996765137,4.821211814880371,4.804221153259277,4.613096237182617,5.010953426361084,1.207416732223538,0.8106890130920137,331776
Mirror Moderate Bi-Kappa 3,ion,112000,14.777777777777779,2.018188238143921,0.49549391929846737,2.0206422805786133,1.945789098739624,2.097459554672241,4.820470809936523,4.803678035736084,4.611660957336426,5.010237216949463,1.2074486164170275,0.8107396217268934,331776
Mirror Moderate Bi-Kappa 3,ion,112500,14.84375,2.0182273387908936,0.4954843197194491,2.020799160003662,1.9454426765441895,2.097651243209839,4.819830894470215,4.802456855773926,4.610756874084473,5.009279251098633,1.2074761587895746,0.810751180001319,331776
Mirror Moderate Bi-Kappa 3,ion,113000,14.909722222222223,2.0182697772979736,0.4954739010851084,2.0209920406341553,1.945860505104065,2.0982210636138916,4.819183349609375,4.802001476287842,4.609583377838135,5.0092010498046875,1.2075040369819208,0.8107657403160529,331776
Mirror Moderate Bi-Kappa 3,ion,113500,14.975694444444445,2.0183305740356445,0.49545897627686614,2.020721435546875,1.9456719160079956,2.0975093841552734,4.818496227264404,4.800911903381348,4.609491348266602,5.007901191711426,1.2075336272635682,0.8107969467720764,331776
Mirror Moderate Bi-Kappa 3,ion,114000,15.041666666666666,2.018390417098999,0.4954442864613301,2.0208139419555664,1.945594072341919,2.097728729248047,4.817790985107422,4.800600528717041,4.6090569496154785,5.007737159729004,1.2075640066352324,0.8108264104637666,331776
Mirror Moderate Bi-Kappa 3,ion,114500,15.107638888888888,2.018448829650879,0.49542994863682777,2.020904541015625,1.9459949731826782,2.098060369491577,4.817113399505615,4.800300598144531,4.608865737915039,5.006707191467285,1.207593203037867,0.8108556266130118,331776
Mirror Moderate Bi-Kappa 3,ion,115000,15.17361111111111,2.0184786319732666,0.49542263373994655,2.020883083343506,1.945717215538025,2.098203420639038,4.8164873123168945,4.799530029296875,4.607336521148682,5.007330417633057,1.2076201877336548,0.8108584442396118,331776
Mirror Moderate Bi-Kappa 3,ion,115500,15.239583333333336,2.0185515880584717,0.49540472778396627,2.021099805831909,1.9459891319274902,2.098388671875,4.815785884857178,4.798203468322754,4.6077656745910645,5.005127429962158,1.2076504279694855,0.8109011600889862,331776
Mirror Moderate Bi-Kappa 3,ion,116000,15.305555555555557,2.0186009407043457,0.49539261566531934,2.0212714672088623,1.9458670616149902,2.0981216430664062,4.815114498138428,4.79783821105957,4.606943130493164,5.004181861877441,1.2076793813286497,0.810921559375696,331776
Mirror Moderate Bi-Kappa 3,ion,116500,15.371527777777779,2.0186378955841064,0.4953835465922645,2.020963430404663,1.9458926916122437,2.0981626510620117,4.81447696685791,4.79742956161499,4.605799674987793,5.0035624504089355,1.2077068821564294,0.810931013427677,331776
Mirror Moderate Bi-Kappa 3,ion,117000,15.4375,2.0186965465545654,0.495369153777353,2.0211448669433594,1.945713758468628,2.0983948707580566,4.813799858093262,4.797102451324463,4.604628562927246,5.004133701324463,1.2077360981925198,0.8109604483620456,331776
Mirror Moderate Bi-Kappa 3,ion,117500,15.503472222222223,2.0187222957611084,0.49536283524474334,2.0212597846984863,1.9460035562515259,2.098752021789551,4.81317663192749,4.795912265777588,4.6046929359436035,5.002520561218262,1.207762996555466,0.8109592992056425,331776
Mirror Moderate Bi-Kappa 3,ion,118000,15.569444444444445,2.018789291381836,0.49534639611423364,2.021573543548584,1.946032166481018,2.098658561706543,4.8124918937683105,4.794698715209961,4.604361534118652,5.001431941986084,1.2077925578004398,0.8109967335813961,331776
Mirror Moderate Bi-Kappa 3,ion,118500,15.635416666666666,2.018826484680176,0.49533727023519847,2.021458148956299,1.9463787078857422,2.0981950759887695,4.811844825744629,4.794718265533447,4.602387428283691,5.001431465148926,1.207820500496969,0.8110059841832067,331776
Mirror Moderate Bi-Kappa 3,ion,119000,15.701388888888888,2.018864870071411,0.4953278522126288,2.021299362182617,1.9463099241256714,2.098241090774536,4.811190128326416,4.793783187866211,4.603377819061279,5.0008416175842285,1.207848780307473,0.8110160897639382,331776
Mirror Moderate Bi-Kappa 3,ion,119500,15.76736111111111,2.0189337730407715,0.49531094746801557,2.021676778793335,1.946209192276001,2.0985360145568848,4.810506820678711,4.793163299560547,4.6020708084106445,5.00034236907959,1.2078783041531809,0.8110554688875906,331776
Mirror Moderate Bi-Kappa 3,ion,120000,15.833333333333336,2.018998146057129,0.49529515515053096,2.0213277339935303,1.9461948871612549,2.0988190174102783,4.809821605682373,4.792173385620117,4.600801467895508,4.999971389770508,1.207907918833952,0.8110902272231768,331776
Mirror Moderate Bi-Kappa 3,ion,120500,15.899305555555557,2.019026041030884,0.49528831212568974,2.021393060684204,1.9464517831802368,2.09852933883667,4.809192180633545,4.792729377746582,4.601624488830566,4.998380661010742,1.2079351297348786,0.8110909112960052,331776
Mirror Moderate Bi-Kappa 3,ion,121000,15.965277777777779,2.0190963745117188,0.4952710591844986,2.021782398223877,1.9464945793151855,2.0986955165863037,4.808506488800049,4.790919780731201,4.59974479675293,4.99849796295166,1.2079647812328413,0.8111315932788774,331776
Mirror Moderate Bi-Kappa 3,ion,121500,16.03125,2.0191640853881836,0.49525445070886864,2.0214433670043945,1.9468048810958862,2.0987584590911865,4.807815074920654,4.790265083312988,4.599821090698242,4.996307373046875,1.2079946887342592,0.8111693966539244,331776
Mirror Moderate Bi-Kappa 3,ion,122000,16.09722222222222,2.01918625831604,0.4952490122600079,2.0218148231506348,1.946628451347351,2.098947048187256,4.807187557220459,4.789979934692383,4.598132133483887,4.9972076416015625,1.208021839817335,0.811164418498705,331776
Mirror Moderate Bi-Kappa 3,ion,122500,16.163194444444443,2.0192441940307617,0.49523480268318937,2.021493434906006,1.9464964866638184,2.0989761352539062,4.806515216827393,4.789332866668701,4.598341941833496,4.995741367340088,1.2080509381306117,0.81119325590015,331776
Mirror Moderate Bi-Kappa 3,ion,123000,16.229166666666668,2.0192949771881104,0.4952223480457078,2.021657705307007,1.9465333223342896,2.099158763885498,4.805857181549072,4.7887725830078125,4.597412109375,4.995885848999023,1.2080794252145608,0.8112155519735496,331776
Mirror Moderate Bi-Kappa 3,ion,123500,16.29513888888889,2.019334077835083,0.4952127589864152,2.021695613861084,1.9463379383087158,2.0993599891662598,4.8052167892456055,4.788221836090088,4.596597671508789,4.9957380294799805,1.2081071560055452,0.8112269218295378,331776
Mirror Moderate Bi-Kappa 3,ion,124000,16.36111111111111,2.01936411857605,0.49520539203457165,2.0216164588928223,1.9463601112365723,2.099060535430908,4.804590225219727,4.788539409637451,4.596352577209473,4.994811058044434,1.2081342951477756,0.8112298234282742,331776
Mirror Moderate Bi-Kappa 3,ion,124500,16.427083333333336,2.019434928894043,0.4951880279438648,2.0220561027526855,1.9469554424285889,2.09891676902771,4.803890705108643,4.786899566650391,4.595409393310547,4.993748188018799,1.2081646026910149,0.8112703262030281,331776
Mirror Moderate Bi-Kappa 3,ion,125000,16.493055555555557,2.019486665725708,0.4951753418191782,2.0218000411987305,1.9467527866363525,2.0989465713500977,4.803229808807373,4.786084175109863,4.594712257385254,4.99259614944458,1.2081932449216493,0.8112934208040588,331776
Mirror Moderate Bi-Kappa 3,ion,125500,16.55902777777778,2.0195181369781494,0.4951676252317905,2.0221962928771973,1.9470294713974,2.0987625122070312,4.8025970458984375,4.7865681648254395,4.594574928283691,4.9925217628479,1.2082206752811024,0.811297461697047,331776
Mirror Moderate Bi-Kappa 3,ion,126000,16.625,2.0195820331573486,0.49515195896085124,2.0220608711242676,1.947394847869873,2.0990428924560547,4.801920413970947,4.784460544586182,4.593737602233887,4.991451263427734,1.2082500153668831,0.8113320177904655,331776
Mirror Moderate Bi-Kappa 3,ion,126500,16.69097222222222,2.019634246826172,0.4951391577814085,2.022357702255249,1.9467707872390747,2.0992379188537598,4.801249027252197,4.784414291381836,4.5939483642578125,4.990680694580078,1.2082791361839256,0.8113551106422463,331776
Mirror Moderate Bi-Kappa 3,ion,127000,16.756944444444443,2.019670009613037,0.4951303902322128,2.022221088409424,1.9474025964736938,2.0991172790527344,4.800631999969482,4.7830810546875,4.591973304748535,4.989424705505371,1.2083059063903163,0.8113641032227208,331776
Mirror Moderate Bi-Kappa 3,ion,127500,16.822916666666668,2.0197064876556396,0.4951214476519027,2.022125720977783,1.9472867250442505,2.0990700721740723,4.799984455108643,4.78348970413208,4.592379570007324,4.988852024078369,1.2083340080269835,0.8113724796286561,331776
Mirror Moderate Bi-Kappa 3,ion,128000,16.88888888888889,2.019749164581299,0.49511098582744234,2.0220510959625244,1.9472897052764893,2.09928297996521,4.799330711364746,4.782681465148926,4.591263771057129,4.987581729888916,1.2083623863702524,0.8113867782110464,331776
Mirror Moderate Bi-Kappa 3,ion,128500,16.95486111111111,2.019818067550659,0.4950940958819396,2.0221469402313232,1.9470233917236328,2.099464178085327,4.798643589019775,4.781702518463135,4.590579032897949,4.987783432006836,1.2083922219787677,0.8114258455718915,331776
Mirror Moderate Bi-Kappa 3,ion,129000,17.020833333333336,2.019848346710205,0.49508667402121237,2.022437572479248,1.947519063949585,2.0988729000091553,4.798008441925049,4.780505180358887,4.588587284088135,4.9887309074401855,1.2084198083650686,0.8114285383451365,331776
Mirror Moderate Bi-Kappa 3,ion,129500,17.086805555555557,2.0198919773101807,0.49507597992030494,2.0222601890563965,1.947192668914795,2.0992085933685303,4.797360897064209,4.780245304107666,4.589452266693115,4.987101078033447,1.2084479407442454,0.8114440365659352,331776
Mirror Moderate Bi-Kappa 3,ion,130000,17.15277777777778,2.0199434757232666,0.4950633579694289,2.022461175918579,1.947595477104187,2.0989794731140137,4.7967095375061035,4.779918670654297,4.5881123542785645,4.986051082611084,1.2084762465145884,0.8114672292086782,331776
Mirror Moderate Bi-Kappa 3,ion,130500,17.21875,2.0199697017669678,0.49505693037140625,2.0224790573120117,1.9473536014556885,2.0993518829345703,4.796097755432129,4.778870582580566,4.588357448577881,4.98627233505249,1.2085028393900825,0.8114668623768853,331776
Mirror Moderate Bi-Kappa 3,ion,131000,17.28472222222222,2.0200130939483643,0.4950462959848329,2.0224266052246094,1.9476029872894287,2.0992095470428467,4.795440196990967,4.778885364532471,4.588095664978027,4.9848222732543945,1.2085314296334,0.8114816643149643,331776
Mirror Moderate Bi-Kappa 3,ion,131500,17.350694444444443,2.020073652267456,0.49503145535190657,2.022470474243164,1.9478769302368164,2.0990357398986816,4.794754981994629,4.778386116027832,4.58689022064209,4.9844136238098145,1.208561230710479,0.8115124215569771,331776
Mirror Moderate Bi-Kappa 3,ion,132000,17.416666666666668,2.020123243331909,0.49501930305531294,2.0225741863250732,1.9475624561309814,2.099551200866699,4.794111251831055,4.777342796325684,4.586143970489502,4.983316421508789,1.2085892353078085,0.8115340080241007,331776
Mirror Moderate Bi-Kappa 3,ion,132500,17.48263888888889,2.020179271697998,0.49500557401496426,2.0225963592529297,1.947607159614563,2.099257707595825,4.7934393882751465,4.776669979095459,4.5857930183410645,4.982840538024902,1.2086184718317334,0.8115607998662646,331776
Mirror Moderate Bi-Kappa 3,ion,133000,17.54861111111111,2.0202009677886963,0.495000257867709,2.022879123687744,1.9477648735046387,2.0997257232666016,4.79283332824707,4.776023864746094,4.584017753601074,4.981528282165527,1.2086448519097033,0.811556115878993,331776
Mirror Moderate Bi-Kappa 3,ion,133500,17.614583333333336,2.0202574729919434,0.494986413053099,2.0227036476135254,1.947994589805603,2.099689245223999,4.7921528816223145,4.775612831115723,4.584600448608398,4.981934547424316,1.208674477776983,0.8115829952149605,331776
Mirror Moderate Bi-Kappa 3,ion,134000,17.680555555555557,2.020303726196289,0.494975080743301,2.0227856636047363,1.9475148916244507,2.0998873710632324,4.791506767272949,4.775051116943359,4.5830512046813965,4.982428550720215,1.208702616644564,0.811601109551725,331776
Mirror Moderate Bi-Kappa 3,ion,134500,17.74652777777778,2.02034330368042,0.4949653844365557,2.0228822231292725,1.9477962255477905,2.099806785583496,4.790876865386963,4.773323059082031,4.58262825012207,4.981004238128662,1.2087300567511516,0.8116132469292683,331776
Mirror Moderate Bi-Kappa 3,ion,135000,17.8125,2.0203909873962402,0.4949537026438336,2.0228261947631836,1.9482324123382568,2.0996406078338623,4.790233135223389,4.773448944091797,4.582683086395264,4.980005264282227,1.208758106708175,0.8116328806880653,331776
Mirror Moderate Bi-Kappa 3,ion,135500,17.87847222222222,2.020449638366699,0.49493933479499386,2.022793769836426,1.948080062866211,2.099595069885254,4.789538860321045,4.772344589233398,4.582155704498291,4.978786468505859,1.2087883675575752,0.811661270809124,331776
Mirror Moderate Bi-Kappa 3,ion,136000,17.944444444444446,2.020467758178711,0.4949348961160457,2.0229196548461914,1.9482028484344482,2.0995707511901855,4.788947582244873,4.772702693939209,4.5814948081970215,4.978513240814209,1.2088141460782578,0.8116536121004532,331776
Mirror Moderate Bi-Kappa 3,ion,136500,18.010416666666668,2.020496368408203,0.4949278878376924,2.0232605934143066,1.9475719928741455,2.100332021713257,4.788337230682373,4.771268844604492,4.5805206298828125,4.977517127990723,1.2088407628419047,0.8116556055662985,331776
Mirror Moderate Bi-Kappa 3,ion,137000,18.07638888888889,2.0205681324005127,0.49491030961275306,2.022646903991699,1.9476263523101807,2.100104331970215,4.787628650665283,4.770873069763184,4.580760955810547,4.976935863494873,1.208871671753623,0.8116964606468897,331776
Mirror Moderate Bi-Kappa 3,ion,137500,18.14236111111111,2.0205867290496826,0.4949057546618242,2.0231757164001465,1.948153018951416,2.099905490875244,4.787044048309326,4.770188331604004,4.5782060623168945,4.976681709289551,1.2088971795346601,0.8116895495150225,331776
Mirror Moderate Bi-Kappa 3,ion,138000,18.208333333333336,2.020627737045288,0.49489571070734395,2.023015022277832,1.9483674764633179,2.099641799926758,4.786408424377441,4.769677639007568,4.579250335693359,4.9751973152160645,1.208924920595356,0.811702816449932,331776
Mirror Moderate Bi-Kappa 3,ion,138500,18.274305555555557,2.0206849575042725,0.49488169656841996,2.023153305053711,1.947925090789795,2.100226402282715,4.785740375518799,4.769440650939941,4.577239990234375,4.975776672363281,1.2089540847463116,0.8117308727579609,331776
Mirror Moderate Bi-Kappa 3,ion,139000,18.34027777777778,2.020686388015747,0.494881346225116,2.0230088233947754,1.9482194185256958,2.099905014038086,4.785172462463379,4.768611907958984,4.5777740478515625,4.975163459777832,1.2089788838008162,0.8117075042149309,331776
Mirror Moderate Bi-Kappa 3,ion,139500,18.40625,2.0207464694976807,0.49486663225425853,2.023035764694214,1.9484320878982544,2.1000773906707764,4.784484386444092,4.768357276916504,4.576897621154785,4.973883628845215,1.209008937897949,0.8117375315997317,331776
Mirror Moderate Bi-Kappa 3,ion,140000,18.47222222222222,2.020770788192749,0.4948606768481335,2.023012638092041,1.9485397338867188,2.1002209186553955,4.7838850021362305,4.7673444747924805,4.577054023742676,4.972839832305908,1.2090351251239218,0.8117356630688273,331776
Mirror Moderate Bi-Kappa 3,ion,140500,18.538194444444446,2.0208096504211426,0.49485116017314995,2.023103713989258,1.948568344116211,2.100430488586426,4.783250331878662,4.76619291305542,4.575706481933594,4.973127841949463,1.2090628611543401,0.8117467892668024,331776
Mirror Moderate Bi-Kappa 3,ion,141000,18.604166666666668,2.0208590030670166,0.4948390751073283,2.023193359375,1.9482499361038208,2.1003313064575195,4.782600402832031,4.766698837280273,4.574284553527832,4.9730658531188965,1.20909127164541,0.8117677314216065,331776
Mirror Moderate Bi-Kappa 3,ion,141500,18.67013888888889,2.020876884460449,0.4948346966059679,2.0233750343322754,1.9480886459350586,2.1004347801208496,4.7819929122924805,4.765525817871094,4.574802398681641,4.9718217849731445,1.2091178339954087,0.8117590504650405,331776
Mirror Moderate Bi-Kappa 3,ion,142000,18.73611111111111,2.020934820175171,0.4948205107937731,2.0233983993530273,1.9482088088989258,2.100395679473877,4.781345367431641,4.764859199523926,4.573766708374023,4.970982551574707,1.209146155141092,0.8117886650340789,331776
Mirror Moderate Bi-Kappa 3,ion,142500,18.802083333333336,2.020965099334717,0.49481309713324134,2.0234427452087402,1.9487066268920898,2.099912643432617,4.780730247497559,4.7641520500183105,4.573001384735107,4.970878601074219,1.2091730652494863,0.8117920340852305,331776
Mirror Moderate Bi-Kappa 3,ion,143000,18.868055555555557,2.0210137367248535,0.49480118904117215,2.0233044624328613,1.9479705095291138,2.1005899906158447,4.780084133148193,4.7637834548950195,4.572498798370361,4.9701738357543945,1.2092013387516243,0.8118123979732292,331776
Mirror Moderate Bi-Kappa 3,ion,143500,18.93402777777778,2.021056890487671,0.4947906240079689,2.0235595703125,1.9484496116638184,2.10062837600708,4.779437065124512,4.762311935424805,4.57194709777832,4.969289302825928,1.2092296616471816,0.8118272288404893,331776
Mirror Moderate Bi-Kappa 3,ion,144000,19.0,2.021104335784912,0.4947790088291716,2.02351450920105,1.948250412940979,2.1005990505218506,4.778796195983887,4.762073993682861,4.570960521697998,4.968928813934326,1.2092577207708508,0.8118466150140613,331776
Mirror Moderate Bi-Kappa 3,ion,144500,19.06597222222222,2.0211150646209717,0.49477638235680277,2.0233657360076904,1.9486315250396729,2.100569248199463,4.77820348739624,4.762121200561523,4.571136474609375,4.967131614685059,1.209283677984364,0.8118313866366076,331776
Mirror Moderate Bi-Kappa 3,ion,145000,19.131944444444446,2.0211734771728516,0.49476208316307707,2.0234475135803223,1.948881983757019,2.1002838611602783,4.7775492668151855,4.760793685913086,4.570105075836182,4.967617988586426,1.2093123365458502,0.8118611406270013,331776
Mirror Moderate Bi-Kappa 3,ion,145500,19.197916666666668,2.0212161540985107,0.4947516365195554,2.0235259532928467,1.9484704732894897,2.1007444858551025,4.7769083976745605,4.761247634887695,4.569854736328125,4.965675354003906,1.2093404178499232,0.8118757362485876,331776
Mirror Moderate Bi-Kappa 3,ion,146000,19.26388888888889,2.0212409496307373,0.4947455671639203,2.023432970046997,1.9490015506744385,2.1002347469329834,4.776288986206055,4.759824752807617,4.568782806396484,4.966403007507324,1.2093675660932588,0.8118733835374785,331776
Mirror Moderate Bi-Kappa 3,ion,146500,19.32986111111111,2.0212650299072266,0.49473967302838,2.023831844329834,1.948642611503601,2.1005635261535645,4.775697708129883,4.759134769439697,4.567607402801514,4.966364860534668,1.2093934878452746,0.811871542061952,331776
Mirror Moderate Bi-Kappa 3,ion,147000,19.395833333333336,2.0213327407836914,0.49472310017216153,2.0237314701080322,1.94892418384552,2.1005003452301025,4.775013446807861,4.758731842041016,4.56805944442749,4.964884281158447,1.2094234940151862,0.8119092467685052,331776
Mirror Moderate Bi-Kappa 3,ion,147500,19.461805555555557,2.021346092224121,0.49471983241607237,2.024033546447754,1.9486666917800903,2.1010406017303467,4.774418354034424,4.757668495178223,4.566471099853516,4.965083122253418,1.2094495969660872,0.8118964952580339,331776
Mirror Moderate Bi-Kappa 3,ion,148000,19.52777777777778,2.021392822265625,0.49470839560970453,2.0235519409179688,1.948927402496338,2.1005983352661133,4.773794651031494,4.757466793060303,4.566492080688477,4.963526725769043,1.2094769618512866,0.8119158604143384,331776
Mirror Moderate Bi-Kappa 3,ion,148500,19.59375,2.021404266357422,0.49470559483977133,2.0240368843078613,1.9489030838012695,2.1006429195404053,4.773202896118164,4.756595611572266,4.565328598022461,4.963520050048828,1.2095029316296728,0.8119013347277491,331776
Mirror Moderate Bi-Kappa 3,ion,149000,19.65972222222222,2.0214641094207764,0.49469094966347765,2.023865222930908,1.9490448236465454,2.1007237434387207,4.772523880004883,4.755948066711426,4.564159870147705,4.962498664855957,1.2095327388909738,0.8119313705298026,331776
Mirror Moderate Bi-Kappa 3,ion,149500,19.725694444444446,2.0214884281158447,0.4946849984850338,2.0238537788391113,1.9492101669311523,2.1008920669555664,4.771940231323242,4.755594253540039,4.564286231994629,4.9623565673828125,1.2095583665184975,0.8119300615973473,331776
Mirror Moderate Bi-Kappa 3,ion,150000,19.791666666666668,2.0215225219726562,0.4946766554073179,2.0238494873046875,1.9491722583770752,2.1008126735687256,4.771307468414307,4.754724502563477,4.564153671264648,4.961259841918945,1.209586157802641,0.8119363641700152,331776
Mirror Moderate Bi-Kappa 3,ion,150500,19.85763888888889,2.0215516090393066,0.49466953775927874,2.0239787101745605,1.949181079864502,2.100745677947998,4.770694255828857,4.7542338371276855,4.563124656677246,4.960954666137695,1.209613097460227,0.8119385115790796,331776
Mirror Moderate Bi-Kappa 3,ion,151000,19.92361111111111,2.0215632915496826,0.49466667908944056,2.023867130279541,1.9486812353134155,2.1012156009674072,4.7701239585876465,4.754133701324463,4.563175201416016,4.959493160247803,1.2096381579769435,0.8119251335727391,331776
Mirror Moderate Bi-Kappa 3,ion,151500,19.989583333333336,2.02160382270813,0.4946567615114643,2.023805618286133,1.9489147663116455,2.1009652614593506,4.769490718841553,4.7531046867370605,4.562250137329102,4.959599494934082,1.2096659913918204,0.8119378313163095,331776
Mirror Moderate Bi-Kappa 3,ion,152000,20.055555555555557,2.0216734409332275,0.49463972754095664,2.0240492820739746,1.9493656158447266,2.1008033752441406,4.768814563751221,4.752703666687012,4.560894966125488,4.95928430557251,1.20969571926768,0.8119777216655475,331776
Mirror Moderate Bi-Kappa 3,ion,152500,20.12152777777778,2.0216734409332275,0.49463972754095664,2.023930072784424,1.9495446681976318,2.10068941116333,4.76826286315918,4.751964569091797,4.560904502868652,4.957773685455322,1.2097199816155808,0.8119534593176467,331776
Mirror Moderate Bi-Kappa 3,ion,153000,20.1875,2.0216946601867676,0.4946345359133601,2.0239670276641846,1.9490408897399902,2.100994110107422,4.767651081085205,4.751054763793945,4.5608673095703125,4.956645965576172,1.2097468927554953,0.8119477674312723,331776
Mirror Moderate Bi-Kappa 3,ion,153500,20.25347222222222,2.0217220783233643,0.49462782779189446,2.024062156677246,1.9491689205169678,2.1008102893829346,4.767053127288818,4.750702381134033,4.560055732727051,4.956874847412109,1.2097732022904333,0.811948876032931,331776
Mirror Moderate Bi-Kappa 3,ion,154000,20.319444444444446,2.021772623062134,0.49461546199266526,2.024005889892578,1.94926917552948,2.100856304168701,4.766410827636719,4.749814987182617,4.558611869812012,4.956480979919434,1.209801470364614,0.8119711526975197,331776
Mirror Moderate Bi-Kappa 3,ion,154500,20.385416666666668,2.021786689758301,0.49461202067738774,2.024008274078369,1.9492771625518799,2.1009597778320312,4.765830993652344,4.748991012573242,4.557991027832031,4.955752849578857,1.2098269958233747,0.8119596939349261,331776
Mirror Moderate Bi-Kappa 3,ion,155000,20.45138888888889,2.0217995643615723,0.4946088710409689,2.024129867553711,1.949570894241333,2.10062313079834,4.7652587890625,4.748744964599609,4.557831764221191,4.954874038696289,1.2098521915106182,0.8119473728509541,331776
Mirror Moderate Bi-Kappa 3,ion,155500,20.51736111111111,2.0218520164489746,0.4945960396034934,2.024247884750366,1.949632167816162,2.1007933616638184,4.764590740203857,4.7485456466674805,4.557839393615723,4.954410552978516,1.2098816151326386,0.811970401316336,331776
Mirror Moderate Bi-Kappa 3,ion,156000,20.583333333333336,2.02187442779541,0.4945905572832084,2.023991107940674,1.949588418006897,2.100999355316162,4.763997554779053,4.747235298156738,4.556839942932129,4.953917503356934,1.2099077483775869,0.8119666794178233,331776
Mirror Moderate Bi-Kappa 3,ion,156500,20.649305555555557,2.0219180583953857,0.49457988460403285,2.0243091583251953,1.949467420578003,2.1013360023498535,4.763374328613281,4.7475175857543945,4.556280136108398,4.952713966369629,1.2099352121022833,0.8119828462931025,331776
Mirror Moderate Bi-Kappa 3,ion,157000,20.71527777777778,2.0219500064849854,0.4945720699288842,2.024533271789551,1.9492146968841553,2.1014063358306885,4.762749671936035,4.746201515197754,4.555731296539307,4.951902389526367,1.2099627460776254,0.8119872604073599,331776
Mirror Moderate Bi-Kappa 3,ion,157500,20.78125,2.021989345550537,0.49456244772037855,2.0242552757263184,1.9494550228118896,2.1012041568756104,4.7621307373046875,4.745426177978516,4.553592205047607,4.952773571014404,1.2099900349577526,0.8119993105927845,331776
Mirror Moderate Bi-Kappa 3,ion,158000,20.84722222222222,2.0220022201538086,0.49455929871527665,2.024137496948242,1.9496643543243408,2.101119041442871,4.761542797088623,4.74484920501709,4.554319858551025,4.952136993408203,1.2100159638618466,0.811986256291962,331776
Mirror Moderate Bi-Kappa 3,ion,158500,20.913194444444446,2.022028684616089,0.49455282588627786,2.0245509147644043,1.9494342803955078,2.1013870239257812,4.760931015014648,4.744598865509033,4.552233695983887,4.951110363006592,1.2100429510207729,0.811985733595316,331776
Mirror Moderate Bi-Kappa 3,ion,159000,20.979166666666668,2.02207612991333,0.49454122186925864,2.024383068084717,1.9499571323394775,2.101085662841797,4.760302543640137,4.743898391723633,4.552635192871094,4.950191020965576,1.210070681607416,0.812005448305914,331776
Mirror Moderate Bi-Kappa 3,ion,159500,21.04513888888889,2.0220863819122314,0.4945387145401412,2.0242438316345215,1.9495524168014526,2.1012582778930664,4.759708881378174,4.7432966232299805,4.55269718170166,4.949249267578125,1.2100968830073595,0.8119894989048719,331776
Mirror Moderate Bi-Kappa 3,ion,160000,21.11111111111111,2.022113561630249,0.4945320673255312,2.0245537757873535,1.9494810104370117,2.101268768310547,4.759130954742432,4.742644786834717,4.551719665527344,4.948916435241699,1.2101223961915797,0.8119911654386693,331776
Mirror Moderate Bi-Kappa 3,ion,160500,21.177083333333336,2.0221517086029053,0.49452273820290915,2.02463436126709,1.9497911930084229,2.1012487411499023,4.758509635925293,4.74220085144043,4.550848007202148,4.948931694030762,1.210149831882299,0.8120018767206063,331776
Mirror Moderate Bi-Kappa 3,ion,161000,21.243055555555557,2.022155523300171,0.4945218053100058,2.0244078636169434,1.9493733644485474,2.1010730266571045,4.75794792175293,4.741869926452637,4.550983428955078,4.948172569274902,1.2101746417669024,0.8119808815332685,331776
Mirror Moderate Bi-Kappa 3,ion,161500,21.30902777777778,2.0222320556640625,0.49450308988976,2.0246262550354004,1.9495633840560913,2.101724863052368,4.757266044616699,4.74160099029541,4.54915714263916,4.947806358337402,1.210204766902115,0.8120272887619475,331776
Mirror Moderate Bi-Kappa 3,ion,162000,21.375,2.02217698097229,0.49451655785300574,2.024667263031006,1.9499167203903198,2.1012990474700928,4.756810188293457,4.740760326385498,4.549903869628906,4.946396827697754,1.2102249113199863,0.8119520696523037,331776
Mirror Moderate Bi-Kappa 3,ion,162500,21.44097222222222,2.0222280025482178,0.4945040810135632,2.024653911590576,1.949661135673523,2.1014277935028076,4.756162643432617,4.7397260665893555,4.549022674560547,4.946587085723877,1.2102535331462678,0.81197446940195,331776
Mirror Moderate Bi-Kappa 3,ion,163000,21.506944444444446,2.02228045463562,0.49449125501249164,2.0246167182922363,1.9499869346618652,2.1011948585510254,4.755524158477783,4.739060401916504,4.548655986785889,4.94544792175293,1.2102817621517654,0.8119986924838547,331776
Mirror Moderate Bi-Kappa 3,ion,163500,21.572916666666668,2.022315263748169,0.4944827435790576,2.024440288543701,1.9498549699783325,2.1015267372131348,4.754883766174316,4.738442420959473,4.547982692718506,4.945488929748535,1.2103100831010596,0.8120051806471094,331776
Mirror Moderate Bi-Kappa 3,ion,164000,21.63888888888889,2.0222887992858887,0.4944892145736654,2.0242741107940674,1.9499458074569702,2.1014959812164307,4.754388809204102,4.738319396972656,4.546998500823975,4.943333148956299,1.210331977490794,0.8119568217950948,331776
Mirror Moderate Bi-Kappa 3,ion,164500,21.70486111111111,2.0223474502563477,0.49447487367872545,2.02443265914917,1.9501208066940308,2.101395845413208,4.753748893737793,4.738506317138672,4.546565532684326,4.943221092224121,1.2103602908679758,0.8119871593883718,331776
Mirror Moderate Bi-Kappa 3,ion,165000,21.770833333333336,2.022382974624634,0.4944661879313961,2.0246310234069824,1.949889898300171,2.101583242416382,4.753103256225586,4.737079620361328,4.5459675788879395,4.943649768829346,1.210388865146198,0.8119941094784358,331776
Mirror Moderate Bi-Kappa 3,ion,165500,21.836805555555557,2.02242112159729,0.49445686129415467,2.0247578620910645,1.9501558542251587,2.1013381481170654,4.752493858337402,4.736649990081787,4.546429634094238,4.941102027893066,1.2104158426729323,0.8120052789243577,331776
Mirror Moderate Bi-Kappa 3,ion,166000,21.90277777777778,2.0224311351776123,0.4944544131101793,2.02475905418396,1.9498467445373535,2.101593494415283,4.751920700073242,4.735821723937988,4.544224262237549,4.943075180053711,1.2104412222166474,0.8119899129609649,331776
Mirror Moderate Bi-Kappa 3,ion,166500,21.96875,2.0224356651306152,0.49445330560634515,2.0248055458068848,1.9496893882751465,2.1017134189605713,4.751360893249512,4.736020565032959,4.543871879577637,4.942177772521973,1.2104660164671448,0.8119696486634704,331776
Mirror Moderate Bi-Kappa 3,ion,167000,22.03472222222222,2.02247953414917,0.49444258056271834,2.0247039794921875,1.9502133131027222,2.1012959480285645,4.750736236572266,4.734395503997803,4.543060779571533,4.940887451171875,1.2104936898625878,0.8119858442865822,331776
Mirror Moderate Bi-Kappa 3,ion,167500,22.100694444444446,2.022486448287964,0.4944408902450252,2.0248422622680664,1.9498584270477295,2.101801633834839,4.750163555145264,4.735063552856445,4.542761325836182,4.940614700317383,1.2105190670575592,0.8119673812304047,331776
Mirror Moderate Bi-Kappa 3,ion,168000,22.166666666666668,2.0224952697753906,0.49443873364957514,2.024711847305298,1.9499974250793457,2.1017141342163086,4.749597072601318,4.732963562011719,4.542328357696533,4.939110279083252,1.210544175582521,0.8119510941928696,331776
Mirror Moderate Bi-Kappa 3,ion,168500,22.23263888888889,2.022533416748047,0.49442940804798235,2.024806022644043,1.9498655796051025,2.1019439697265625,4.7489914894104,4.733114719390869,4.543100833892822,4.9395833015441895,1.2105710238120795,0.8119623929359674,331776
Mirror Moderate Bi-Kappa 3,ion,169000,22.29861111111111,2.0225508213043213,0.49442515335911846,2.0249152183532715,1.9503058195114136,2.1016197204589844,4.748396873474121,4.732778549194336,4.5414814949035645,4.9378509521484375,1.2105973924770865,0.8119534288272348,331776
Mirror Moderate Bi-Kappa 3,ion,169500,22.364583333333336,2.022573471069336,0.4944196165449057,2.024639844894409,1.9502650499343872,2.101571798324585,4.7478108406066895,4.731441974639893,4.540500640869141,4.9386091232299805,1.210623386982329,0.8119500840870069,331776
Mirror Moderate Bi-Kappa 3,ion,170000,22.430555555555557,2.0226054191589355,0.49441180693356995,2.0249478816986084,1.9505207538604736,2.1014552116394043,4.747194766998291,4.730096817016602,4.539398193359375,4.937506198883057,1.210650720916663,0.8119546982422725,331776
Mirror Moderate Bi-Kappa 3,ion,170500,22.49652777777778,2.022618532180786,0.4944086015674941,2.0250532627105713,1.9502971172332764,2.1019625663757324,4.746623992919922,4.730147361755371,4.539214611053467,4.9358344078063965,1.2106760513349284,0.8119424808458577,331776
Mirror Moderate Bi-Kappa 3,ion,171000,22.5625,2.022639036178589,0.49440358962384084,2.0248403549194336,1.950377345085144,2.1015069484710693,4.746041297912598,4.730301856994629,4.53912353515625,4.936073303222656,1.2107019170776747,0.8119371191009142,331776
Mirror Moderate Bi-Kappa 3,ion,171500,22.62847222222222,2.0226376056671143,0.4944039392910309,2.024888515472412,1.9503014087677002,2.1014578342437744,4.745494842529297,4.7296295166015625,4.538267135620117,4.935390472412109,1.210726179920788,0.8119114257463262,331776
Mirror Moderate Bi-Kappa 3,ion,172000,22.694444444444446,2.022676706314087,0.494394381899169,2.0249462127685547,1.950351357460022,2.101654529571533,4.744890213012695,4.728934288024902,4.5384650230407715,4.9345269203186035,1.2107530322319229,0.811923674082164,331776
Mirror Moderate Bi-Kappa 3,ion,172500,22.760416666666668,2.022704601287842,0.4943875637417876,2.024850845336914,1.9505462646484375,2.101450204849243,4.744286060333252,4.7289886474609375,4.537877559661865,4.934377193450928,1.2107798702023793,0.8119247310854625,331776
Mirror Moderate Bi-Kappa 3,ion,173000,22.82638888888889,2.0227229595184326,0.49438307668098985,2.025111675262451,1.9504380226135254,2.101180076599121,4.743703365325928,4.728111743927002,4.537620544433594,4.9333271980285645,1.210805761445687,0.8119171980727455,331776
Mirror Moderate Bi-Kappa 3,ion,173500,22.89236111111111,2.0227136611938477,0.4943853493379677,2.024940013885498,1.9501692056655884,2.1018922328948975,4.743173599243164,4.727818965911865,4.536221504211426,4.93356990814209,1.2108293063866697,0.8118843548071779,331776
Mirror Moderate Bi-Kappa 3,ion,174000,22.958333333333336,2.0227396488189697,0.4943789976054885,2.0246970653533936,1.9500972032546997,2.101562023162842,4.742574214935303,4.727160453796387,4.536055564880371,4.932645320892334,1.2108559517847506,0.8118836970342191,331776
Mirror Moderate Bi-Kappa 3,ion,174500,23.024305555555557,2.022787570953369,0.4943672852056756,2.025103807449341,1.9504457712173462,2.1017279624938965,4.741950988769531,4.726250648498535,4.534987926483154,4.93168830871582,1.210883664206636,0.8119039067467331,331776
Mirror Moderate Bi-Kappa 3,ion,175000,23.09027777777778,2.0227859020233154,0.4943676930908695,2.0249886512756348,1.9501361846923828,2.101763963699341,4.741391181945801,4.7260942459106445,4.534535884857178,4.930850982666016,1.2109085628302059,0.8118773391931096,331776
Mirror Moderate Bi-Kappa 3,ion,175500,23.15625,2.0228309631347656,0.4943566804268745,2.025193691253662,1.9504371881484985,2.101536750793457,4.7407755851745605,4.724226951599121,4.534366607666016,4.931025981903076,1.210935949621243,0.8118950135135226,331776
Mirror Moderate Bi-Kappa 3,ion,176000,23.22222222222222,2.0228347778320312,0.494355748160385,2.024894952774048,1.9506627321243286,2.10141658782959,4.740218639373779,4.723898410797119,4.533860206604004,4.930548667907715,1.2109607332652714,0.8118740445667598,331776
Mirror Moderate Bi-Kappa 3,ion,176500,23.288194444444446,2.0228281021118164,0.494357379629049,2.025165319442749,1.9506375789642334,2.1015543937683105,4.739686489105225,4.724092483520508,4.532132148742676,4.93042516708374,1.210984418969193,0.8118436831426235,331776
Mirror Moderate Bi-Kappa 3,ion,177000,23.354166666666668,2.0228540897369385,0.4943510286152397,2.025029182434082,1.950339913368225,2.1019392013549805,4.739104747772217,4.723645210266113,4.532014846801758,4.9297566413879395,1.2110103180289664,0.8118437717079721,331776
Mirror Moderate Bi-Kappa 3,ion,177500,23.42013888888889,2.0228867530822754,0.49434304637978305,2.025097608566284,1.9506440162658691,2.1019511222839355,4.738491535186768,4.722879409790039,4.530914783477783,4.928487777709961,1.211037625069976,0.8118491280122995,331776
Mirror Moderate Bi-Kappa 3,ion,178000,23.48611111111111,2.0228805541992188,0.49434456123676657,2.025092601776123,1.950409173965454,2.101569890975952,4.737973690032959,4.722456932067871,4.531484127044678,4.928590774536133,1.2110606907977668,0.811819863401452,331776
Mirror Moderate Bi-Kappa 3,ion,178500,23.552083333333336,2.0229015350341797,0.4943394340659807,2.0252490043640137,1.9506442546844482,2.101616621017456,4.7373833656311035,4.721719264984131,4.530876159667969,4.927921295166016,1.2110869910285975,0.8118145440055822,331776
Mirror Moderate Bi-Kappa 3,ion,179000,23.618055555555557,2.022954225540161,0.49432655834463285,2.0253124237060547,1.950194001197815,2.1023716926574707,4.736745357513428,4.720831871032715,4.530218601226807,4.925643444061279,1.211115423043335,0.8118388024968262,331776
Mirror Moderate Bi-Kappa 3,ion,179500,23.68402777777778,2.022935390472412,0.4943311609010271,2.0251851081848145,1.9506241083145142,2.101693630218506,4.73621129989624,4.720345973968506,4.530548572540283,4.926118850708008,1.211139228526799,0.8117961619456131,331776
Mirror Moderate Bi-Kappa 3,ion,180000,23.75,2.0229668617248535,0.49432347060167087,2.025186061859131,1.9506046772003174,2.1017906665802,4.7356343269348145,4.719582557678223,4.529072284698486,4.92551326751709,1.2111649529847166,0.8118019087401369,331776
Mirror Moderate Bi-Kappa 3,ion,180500,23.81597222222222,2.02300763130188,0.4943135085241686,2.0251119136810303,1.9505536556243896,2.10203218460083,4.734992980957031,4.719449520111084,4.52869987487793,4.924130439758301,1.2111935548841894,0.8118140764176904,331776
Mirror Moderate Bi-Kappa 3,ion,181000,23.881944444444446,2.023010492324829,0.494312809446088,2.025351047515869,1.9502331018447876,2.1020445823669434,4.734451770782471,4.718109130859375,4.527810573577881,4.924862861633301,1.2112176970882371,0.811792795236592,331776
Mirror Moderate Bi-Kappa 3,ion,181500,23.947916666666668,2.023010492324829,0.494312809446088,2.02540922164917,1.9507901668548584,2.1021440029144287,4.733907222747803,4.7179341316223145,4.526618957519531,4.924071311950684,1.2112419937582868,0.8117684985665423,331776
Mirror Moderate Bi-Kappa 3,ion,182000,24.01388888888889,2.0230023860931396,0.494314790172452,2.0252394676208496,1.9509048461914062,2.101701021194458,4.733386039733887,4.717496871948242,4.52679443359375,4.923166751861572,1.2112652531624528,0.8117371329306868,331776
Mirror Moderate Bi-Kappa 3,ion,182500,24.07986111111111,2.023017168045044,0.49431117827158955,2.0252223014831543,1.9507534503936768,2.101771354675293,4.732812881469727,4.71729040145874,4.525291442871094,4.923521041870117,1.2112908380374126,0.8117263300076314,331776
Mirror Moderate Bi-Kappa 3,ion,183000,24.145833333333336,2.023037910461426,0.4943061100480882,2.025461196899414,1.9506504535675049,2.101874828338623,4.732229232788086,4.716581344604492,4.525996208190918,4.921663284301758,1.211316897556721,0.8117210129047048,331776
Mirror Moderate Bi-Kappa 3,ion,183500,24.211805555555557,2.0230634212493896,0.4942998768582484,2.025207996368408,1.9507293701171875,2.1021997928619385,4.73164176940918,4.715543746948242,4.5251545906066895,4.922281742095947,1.2113431338917413,0.8117202873576483,331776
Mirror Moderate Bi-Kappa 3,ion,184000,24.27777777777778,2.023064374923706,0.494299643844854,2.0254111289978027,1.950676679611206,2.102006196975708,4.731113433837891,4.715299606323242,4.525091171264648,4.920858383178711,1.2113667351215458,0.8116976398021603,331776
Mirror Moderate Bi-Kappa 3,ion,184500,24.34375,2.0230820178985596,0.49429533313668234,2.0252676010131836,1.950988531112671,2.102024793624878,4.730521202087402,4.714380741119385,4.523987293243408,4.92061710357666,1.2113931969184997,0.8116888209800599,331776
Mirror Moderate Bi-Kappa 3,ion,185000,24.40972222222222,2.0230872631073,0.4942940515892924,2.02531099319458,1.9505261182785034,2.102226972579956,4.72998046875,4.714387893676758,4.523617744445801,4.919914245605469,1.2114173634768246,0.8116698996304752,331776
Mirror Moderate Bi-Kappa 3,ion,185500,24.475694444444446,2.0230867862701416,0.494294168093326,2.025198459625244,1.9504648447036743,2.1016478538513184,4.729430675506592,4.714046478271484,4.5236053466796875,4.919610023498535,1.211441940607975,0.8116448456621665,331776
Mirror Moderate Bi-Kappa 3,ion,186000,24.541666666666668,2.0230824947357178,0.4942952166320995,2.02539324760437,1.9510856866836548,2.101881742477417,4.728902816772461,4.712617874145508,4.522964000701904,4.919095993041992,1.2114655425891185,0.8116169521465992,331776
Mirror Moderate Bi-Kappa 3,ion,186500,24.60763888888889,2.023130416870117,0.4942835082016361,2.025218963623047,1.9507358074188232,2.1018242835998535,4.728288173675537,4.712859153747559,4.522076606750488,4.918505668640137,1.2114930315727033,0.8116373852974139,331776
Mirror Moderate Bi-Kappa 3,ion,187000,24.67361111111111,2.0231151580810547,0.4942872361989073,2.025585651397705,1.9508250951766968,2.1017117500305176,4.727762222290039,4.711751937866211,4.520653247833252,4.917481422424316,1.2115165596284194,0.8115985984526353,331776
Mirror Moderate Bi-Kappa 3,ion,187500,24.739583333333336,2.0231549739837646,0.4942775085741033,2.02553653717041,1.9508882761001587,2.101918935775757,4.7271504402160645,4.7111992835998535,4.520322799682617,4.917978286743164,1.211543933844909,0.8116110401388557,331776
Mirror Moderate Bi-Kappa 3,ion,188000,24.805555555555557,2.023171901702881,0.4942733729933237,2.025273323059082,1.9507161378860474,2.101868152618408,4.726572036743164,4.710780143737793,4.5205559730529785,4.915782928466797,1.211569821051336,0.8116020806515449,331776
Mirror Moderate Bi-Kappa 3,ion,188500,24.87152777777778,2.0231728553771973,0.49427314000491646,2.025695323944092,1.9507579803466797,2.1022114753723145,4.726040363311768,4.710284233093262,4.518881320953369,4.9166951179504395,1.2115936223827024,0.8115792329944949,331776
Mirror Moderate Bi-Kappa 3,ion,189000,24.9375,2.02316951751709,0.4942739554653027,2.0254101753234863,1.9509638547897339,2.1020312309265137,4.725483417510986,4.710323333740234,4.518863677978516,4.915260314941406,1.2116185608215977,0.8115509566954922,331776
Mirror Moderate Bi-Kappa 3,ion,189500,25.00347222222222,2.023164749145508,0.4942751204133792,2.025571346282959,1.9509910345077515,2.1017720699310303,4.724963665008545,4.7094879150390625,4.519686698913574,4.915139675140381,1.211641839154374,0.8115229099911339,331776
Mirror Moderate Bi-Kappa 3,ion,190000,25.069444444444446,2.0231821537017822,0.49427086837945705,2.025364398956299,1.9512014389038086,2.101705551147461,4.724391460418701,4.708818435668945,4.518771171569824,4.914467811584473,1.2116674726000318,0.8115146811017504,331776
Mirror Moderate Bi-Kappa 3,ion,190500,25.135416666666668,2.023181438446045,0.49427104311913567,2.0252842903137207,1.9510765075683594,2.101996660232544,4.72384786605835,4.7078537940979,4.517121315002441,4.914331436157227,1.2116918301254302,0.8114896083206147,331776
Mirror Moderate Bi-Kappa 3,ion,191000,25.20138888888889,2.02319598197937,0.4942674901032878,2.025373935699463,1.9506921768188477,2.1017303466796875,4.723282337188721,4.70770263671875,4.5177178382873535,4.913029193878174,1.211717176448782,0.8114788055305882,331776
Mirror Moderate Bi-Kappa 3,ion,191500,25.26736111111111,2.0232272148132324,0.4942598600287767,2.025439977645874,1.9510023593902588,2.101954936981201,4.722691059112549,4.707289695739746,4.516104698181152,4.9135894775390625,1.2117436833117583,0.8114835315014741,331776
Mirror Moderate Bi-Kappa 3,ion,192000,25.333333333333336,2.0232126712799072,0.49426341293492826,2.025282382965088,1.950861930847168,2.1014320850372314,4.722181797027588,4.706867694854736,4.51640510559082,4.912657260894775,1.21176651873705,0.8114461525428571,331776
Mirror Moderate Bi-Kappa 3,ion,192500,25.399305555555557,2.0232372283935547,0.4942574137952164,2.0255985260009766,1.9507325887680054,2.1021811962127686,4.721587181091309,4.705113410949707,4.515959739685059,4.91165828704834,1.2117931876816195,0.8114440407119352,331776
Mirror Moderate Bi-Kappa 3,ion,193000,25.46527777777778,2.023226737976074,0.49425997651669307,2.0255908966064453,1.9511576890945435,2.1017837524414062,4.7210798263549805,4.705121994018555,4.515095233917236,4.910655975341797,1.2118159482111688,0.8114107897649054,331776
Mirror Moderate Bi-Kappa 3,ion,193500,25.53125,2.0232436656951904,0.4942558412292857,2.025587320327759,1.9506391286849976,2.1018738746643066,4.720502853393555,4.705255508422852,4.514115333557129,4.910634517669678,1.2118418378417255,0.8114018278534649,331776
Mirror Moderate Bi-Kappa 3,ion,194000,25.59722222222222,2.0232560634613037,0.49425281261198395,2.025385618209839,1.9507626295089722,2.102041244506836,4.719951629638672,4.704277038574219,4.513394355773926,4.910261631011963,1.2118665779794344,0.8113894854818693,331776
Mirror Moderate Bi-Kappa 3,ion,194500,25.663194444444446,2.0232505798339844,0.49425415218813573,2.025604486465454,1.9511897563934326,2.101545572280884,4.719425678253174,4.704401969909668,4.5130486488342285,4.9091386795043945,1.2118901892253413,0.8113603906086431,331776
Mirror Moderate Bi-Kappa 3,ion,195000,25.729166666666668,2.023275375366211,0.4942480950320472,2.025372266769409,1.9513260126113892,2.101958751678467,4.718852996826172,4.703825950622559,4.512698650360107,4.909167766571045,1.211915904282796,0.8113594710834149,331776
Mirror Moderate Bi-Kappa 3,ion,195500,25.79513888888889,2.0232839584350586,0.4942459983587603,2.0253655910491943,1.9514143466949463,2.101773500442505,4.718292713165283,4.703689098358154,4.511844158172607,4.908708572387695,1.2119410686856573,0.8113428897494013,331776
Mirror Moderate Bi-Kappa 3,ion,196000,25.86111111111111,2.023285150527954,0.494245707155544,2.0253639221191406,1.9510201215744019,2.101541042327881,4.717771530151367,4.703042507171631,4.511695384979248,4.906836986541748,1.2119644823003788,0.8113206682275753,331776
Mirror Moderate Bi-Kappa 3,ion,196500,25.927083333333336,2.023292064666748,0.49424401818365643,2.0253286361694336,1.9509423971176147,2.1018664836883545,4.7172136306762695,4.702642440795898,4.510987281799316,4.906754016876221,1.211989551097909,0.811302513568839,331776
Mirror Moderate Bi-Kappa 3,ion,197000,25.993055555555557,2.0233068466186523,0.49424040731696167,2.025635004043579,1.9511585235595703,2.10194730758667,4.716651916503906,4.701328277587891,4.510400772094727,4.906681537628174,1.2120147972974067,0.8112920493212457,331776
Mirror Moderate Bi-Kappa 3,ion,197500,26.05902777777778,2.0232937335968018,0.4942436105025165,2.025484561920166,1.9511263370513916,2.101583242416382,4.716127395629883,4.700989723205566,4.509718894958496,4.906132698059082,1.2120383772767955,0.8112553563200062,331776
Mirror Moderate Bi-Kappa 3,ion,198000,26.125,2.0233190059661865,0.49423743712745605,2.0253024101257324,1.9510103464126587,2.1021511554718018,4.71557092666626,4.700448989868164,4.510354995727539,4.905287742614746,1.212063399225969,0.8112556067402175,331776
Mirror Moderate Bi-Kappa 3,ion,198500,26.19097222222222,2.0232861042022705,0.49424547419321807,2.025111198425293,1.9508212804794312,2.102050542831421,4.715087413787842,4.6996917724609375,4.50969123840332,4.90532112121582,1.2120851454579196,0.8112009587443509,331776
Mirror Moderate Bi-Kappa 3,ion,199000,26.256944444444446,2.0233383178710938,0.49423271984102746,2.0253446102142334,1.9510606527328491,2.1015729904174805,4.714447975158691,4.698757171630859,4.509086608886719,4.904305934906006,1.2121139113782116,0.8112244064928822,331776
Mirror Moderate Bi-Kappa 3,ion,199500,26.32291666666667,2.0233113765716553,0.49423930077160083,2.0255374908447266,1.9510340690612793,2.1015050411224365,4.7139787673950195,4.699187755584717,4.5081305503845215,4.9031500816345215,1.2121350242212923,0.811176352350363,331776
Mirror Moderate Bi-Kappa 3,ion,200000,26.38888888888889,2.023317337036133,0.49423784479841176,2.025468349456787,1.9511723518371582,2.1022019386291504,4.7134270668029785,4.699422836303711,4.5071306228637695,4.904092311859131,1.2121598543537622,0.8111574826823706,331776
Mirror Moderate Bi-Kappa 3,ion,200500,26.454861111111114,2.023358106613159,0.49422788617180136,2.0255379676818848,1.9507633447647095,2.10211181640625,4.7128190994262695,4.697504043579102,4.506665229797363,4.903814315795898,1.212187223592295,0.8111708830208642,331776
Mirror Moderate Bi-Kappa 3,ion,201000,26.520833333333332,2.0233521461486816,0.4942293420863168,2.025493621826172,1.9509608745574951,2.1018552780151367,4.712300777435303,4.697490692138672,4.506058216094971,4.903628349304199,1.2122105627867532,0.8111415833619284,331776
Mirror Moderate Bi-Kappa 3,ion,201500,26.586805555555557,2.023320436477661,0.4942370876957436,2.0251386165618896,1.9513523578643799,2.1018028259277344,4.711801052093506,4.696681976318359,4.506399154663086,4.901760101318359,1.2122330694662264,0.8110873670114347,331776
Mirror Moderate Bi-Kappa 3,ion,202000,26.652777777777775,2.0233283042907715,0.4942351658301571,2.0253238677978516,1.9513962268829346,2.1015465259552,4.7112627029418945,4.696133613586426,4.506311893463135,4.900783061981201,1.2122573210310605,0.8110709832597109,331776
Mirror Moderate Bi-Kappa 3,ion,202500,26.71875,2.023320436477661,0.4942370876957436,2.025467872619629,1.951366901397705,2.101856231689453,4.710752964019775,4.694728851318359,4.50474214553833,4.901183128356934,1.2122802888705675,0.8110401476070936,331776
Mirror Moderate Bi-Kappa 3,ion,203000,26.78472222222222,2.023312568664551,0.49423900957627676,2.0256459712982178,1.9511337280273438,2.1019203662872314,4.710216045379639,4.694585800170898,4.504661560058594,4.899754047393799,1.212304486750862,0.8110080819136887,331776
Mirror Moderate Bi-Kappa 3,ion,203500,26.850694444444446,2.0233240127563477,0.4942362141186241,2.0255846977233887,1.9512063264846802,2.102036714553833,4.709672927856445,4.695099830627441,4.503593444824219,4.90050745010376,1.2123289696159727,0.810995043140375,331776
Mirror Moderate Bi-Kappa 3,ion,204000,26.91666666666667,2.023322820663452,0.49423650531065416,2.0254223346710205,1.9513137340545654,2.101797342300415,4.709129810333252,4.693796157836914,4.503204822540283,4.899369239807129,1.2123534581284419,0.8109693625350103,331776
Mirror Moderate Bi-Kappa 3,ion,204500,26.98263888888889,2.023322105407715,0.4942366800260369,2.0255632400512695,1.9509962797164917,2.101841449737549,4.708614349365234,4.693663597106934,4.50350284576416,4.898555278778076,1.2123767048653729,0.810945400542342,331776
Mirror Moderate Bi-Kappa 3,ion,205000,27.048611111111114,2.023324489593506,0.4942360976419082,2.025522232055664,1.9514473676681519,2.101745367050171,4.708076000213623,4.693082809448242,4.501567363739014,4.899293899536133,1.2124009892692102,0.8109235003242956,331776
Mirror Moderate Bi-Kappa 3,ion,205500,27.114583333333332,2.0233216285705566,0.4942367965030273,2.025420904159546,1.9512476921081543,2.102193832397461,4.70756196975708,4.692695617675781,4.501717567443848,4.897571086883545,1.2124241818640578,0.8108974467064989,331776
Mirror Moderate Bi-Kappa 3,ion,206000,27.180555555555557,2.0233194828033447,0.4942373206501637,2.0254271030426025,1.9508838653564453,2.1021151542663574,4.707027435302734,4.691411018371582,4.501628398895264,4.896777153015137,1.2124483049535666,0.8108711778497781,331776
Mirror Moderate Bi-Kappa 3,ion,206500,27.246527777777775,2.0233242511749268,0.49423615588025926,2.025552988052368,1.950852870941162,2.101879596710205,4.706486225128174,4.691851615905762,4.500667095184326,4.896857261657715,1.2124727348952915,0.8108515162796353,331776
Mirror Moderate Bi-Kappa 3,ion,207000,27.3125,2.0233354568481445,0.494233418692594,2.0254099369049072,1.9510581493377686,2.1018311977386475,4.705944538116455,4.691077709197998,4.5012526512146,4.895251274108887,1.212497191987785,0.8108382648603596,331776
Mirror Moderate Bi-Kappa 3,ion,207500,27.37847222222222,2.0233070850372314,0.4942403490776086,2.0252840518951416,1.9512102603912354,2.1017212867736816,4.705446243286133,4.689515113830566,4.500223636627197,4.89495849609375,1.2125196949018022,0.8107873901354292,331776
Mirror Moderate Bi-Kappa 3,ion,208000,27.444444444444446,2.023343563079834,0.49423143861828844,2.025386333465576,1.9512004852294922,2.1017262935638428,4.7048492431640625,4.690213680267334,4.499220848083496,4.894870281219482,1.2125466616072673,0.8107969014725667,331776
Mirror Moderate Bi-Kappa 3,ion,208500,27.51041666666667,2.023277521133423,0.4942475708620578,2.0254428386688232,1.9512250423431396,2.102114677429199,4.704438209533691,4.689068794250488,4.499265193939209,4.894301891326904,1.212565232119208,0.8107122890142149,331776
Mirror Moderate Bi-Kappa 3,ion,209000,27.57638888888889,2.0232818126678467,0.49424652252541434,2.0255589485168457,1.9511276483535767,2.102036476135254,4.703897476196289,4.688762187957764,4.499098777770996,4.893469333648682,1.2125896674109975,0.8106921452568492,331776
Mirror Moderate Bi-Kappa 3,ion,209500,27.642361111111114,2.023285388946533,0.49424564891494194,2.0254955291748047,1.9509494304656982,2.1017603874206543,4.703373908996582,4.68834114074707,4.497640609741211,4.893502712249756,1.2126133323330315,0.8106720566135017,331776
Mirror Moderate Bi-Kappa 3,ion,210000,27.708333333333332,2.023296356201172,0.49424296986208394,2.025338649749756,1.9512156248092651,2.1015257835388184,4.70281982421875,4.687961578369141,4.497091293334961,4.892615795135498,1.2126383823701186,0.8106579738310533,331776
Mirror Moderate Bi-Kappa 3,ion,210500,27.774305555555557,2.023275375366211,0.4942480950320472,2.0253794193267822,1.9513365030288696,2.101595878601074,4.702328681945801,4.687256813049316,4.496914863586426,4.892825126647949,1.2126605917275448,0.8106147836386661,331776
Mirror Moderate Bi-Kappa 3,ion,211000,27.840277777777775,2.0232815742492676,0.4942465807662223,2.0252885818481445,1.9512397050857544,2.101532220840454,4.701783180236816,4.6864728927612305,4.496964454650879,4.892024993896484,1.212685264646685,0.8105963096025826,331776
Mirror Moderate Bi-Kappa 3,ion,211500,27.90625,2.023291826248169,0.4942440764238742,2.025631904602051,1.9509259462356567,2.101544141769409,4.701243877410889,4.6860551834106445,4.496259689331055,4.891237258911133,1.2127096628202851,0.8105821634278838,331776
Mirror Moderate Bi-Kappa 3,ion,212000,27.97222222222222,2.0232436656951904,0.4942558412292857,2.0250704288482666,1.9513318538665771,2.1013550758361816,4.70080041885376,4.685656547546387,4.495342254638672,4.8913774490356445,1.2127297291731947,0.8105139365219958,331776
Mirror Moderate Bi-Kappa 3,ion,212500,28.038194444444446,2.0232601165771484,0.4942518224951474,2.0254836082458496,1.9510209560394287,2.10166072845459,4.700249671936035,4.6851654052734375,4.494919300079346,4.891003608703613,1.212754655560265,0.8105054610168834,331776
Mirror Moderate Bi-Kappa 3,ion,213000,28.10416666666667,2.0232582092285156,0.4942522884319881,2.025393486022949,1.9508837461471558,2.101802349090576,4.699707508087158,4.684547424316406,4.493463039398193,4.888918399810791,1.2127791991904222,0.8104790100380934,331776
Mirror Moderate Bi-Kappa 3,ion,213500,28.17013888888889,2.0232529640197754,0.4942535697628297,2.02543568611145,1.950942873954773,2.1016976833343506,4.699193000793457,4.684174537658691,4.493610858917236,4.889965057373047,1.2128024960522266,0.8104504679675488,331776
Mirror Moderate Bi-Kappa 3,ion,214000,28.236111111111114,2.023219585418701,0.49426172384202777,2.025501251220703,1.951094150543213,2.1014537811279297,4.698720455169678,4.683365821838379,4.492722511291504,4.888954162597656,1.2128238973867385,0.8103956880319627,331776
Mirror Moderate Bi-Kappa 3,ion,214500,28.302083333333332,2.0232629776000977,0.4942511235915335,2.0254433155059814,1.9508990049362183,2.1019608974456787,4.698125839233398,4.683636665344238,4.492770195007324,4.8886566162109375,1.212850833336378,0.8104121442637195,331776
Mirror Moderate Bi-Kappa 3,ion,215000,28.368055555555557,2.0232348442077637,0.4942579962295821,2.0253090858459473,1.9509865045547485,2.1014766693115234,4.697638988494873,4.682539463043213,4.492252349853516,4.888039588928223,1.2128728926273666,0.810361951580397,331776
Mirror Moderate Bi-Kappa 3,ion,215500,28.434027777777775,2.023205041885376,0.4942652767749749,2.0250802040100098,1.9514061212539673,2.101395606994629,4.697172164916992,4.68195915222168,4.491714000701904,4.888402938842773,1.2128940487787447,0.8103109931066312,331776
Mirror Moderate Bi-Kappa 3,ion,216000,28.5,2.0232179164886475,0.4942621315530502,2.0254359245300293,1.951110601425171,2.1016740798950195,4.696609020233154,4.681304931640625,4.490108966827393,4.886873722076416,1.2129195757389992,0.8102983407496482,331776
Mirror Moderate Bi-Kappa 3,ion,216500,28.56597222222222,2.02321195602417,0.4942635876693355,2.025394916534424,1.9510679244995117,2.1012532711029053,4.696094036102295,4.681493759155273,4.490957260131836,4.885948181152344,1.2129429249738766,0.8102690310502934,331776
Mirror Moderate Bi-Kappa 3,ion,217000,28.631944444444446,2.0231757164001465,0.4942724410410127,2.025305986404419,1.9509563446044922,2.101668119430542,4.695636749267578,4.68098258972168,4.490276336669922,4.886402606964111,1.2129636625226556,0.8102120538774908,331776
Mirror Moderate Bi-Kappa 3,ion,217500,28.69791666666667,2.0231876373291016,0.4942695287126921,2.025477886199951,1.9509875774383545,2.1016483306884766,4.695104122161865,4.680131435394287,4.4892802238464355,4.885398864746094,1.212987821777965,0.8101998155511365,331776
Mirror Moderate Bi-Kappa 3,ion,218000,28.76388888888889,2.0231618881225586,0.4942758193848609,2.025264263153076,1.9508469104766846,2.10166597366333,4.694613933563232,4.680163383483887,4.488973617553711,4.88488245010376,1.2130100609233687,0.8101518271991899,331776
Mirror Moderate Bi-Kappa 3,ion,218500,28.829861111111114,2.023165464401245,0.49427494567081764,2.025343894958496,1.9510866403579712,2.1016201972961426,4.6940598487854,4.679438591003418,4.488154411315918,4.884803295135498,1.2130352045380828,0.8101302598631623,331776
Mirror Moderate Bi-Kappa 3,ion,219000,28.895833333333332,2.023157835006714,0.4942768095978441,2.025420665740967,1.950900912284851,2.1018459796905518,4.693567752838135,4.678856372833252,4.487936496734619,4.884632110595703,1.2130575401612802,0.8101002948454337,331776
Mirror Moderate Bi-Kappa 3,ion,219500,28.961805555555557,2.023137092590332,0.4942818772205129,2.0252208709716797,1.9511470794677734,2.1011579036712646,4.693068981170654,4.678345680236816,4.487880229949951,4.8834943771362305,1.213080183566907,0.8100569090234251,331776
Mirror Moderate Bi-Kappa 3,ion,220000,29.027777777777775,2.023137331008911,0.4942818189713862,2.025157928466797,1.9509553909301758,2.101421594619751,4.69254207611084,4.678223609924316,4.486722946166992,4.882818698883057,1.2131041094103083,0.8100332215986028,331776
Mirror Moderate Bi-Kappa 3,ion,220500,29.09375,2.0231573581695557,0.49427692609375,2.0250556468963623,1.95127272605896,2.1016578674316406,4.69198751449585,4.677518844604492,4.486374378204346,4.882322311401367,1.2131292968940155,0.8100280612755402,331776
Mirror Moderate Bi-Kappa 3,ion,221000,29.15972222222222,2.023137331008911,0.4942818189713862,2.0251221656799316,1.951167345046997,2.101198673248291,4.691488742828369,4.676360130310059,4.486338138580322,4.881350517272949,1.2131519555553973,0.8099853754535138,331776
Mirror Moderate Bi-Kappa 3,ion,221500,29.225694444444446,2.023130416870117,0.4942835082016361,2.0252885818481445,1.95097017288208,2.1017134189605713,4.69097375869751,4.676312446594238,4.484323024749756,4.882586479187012,1.2131753557874643,0.8099550610826529,331776
Mirror Moderate Bi-Kappa 3,ion,222000,29.29166666666667,2.0231266021728516,0.4942844401956819,2.0250511169433594,1.9510024785995483,2.101835012435913,4.6904616355896,4.6749773025512695,4.484431266784668,4.880935192108154,1.2131986311139071,0.8099279710589444,331776
Mirror Moderate Bi-Kappa 3,ion,222500,29.35763888888889,2.0231130123138428,0.49428776045303363,2.024980068206787,1.9511232376098633,2.1011362075805664,4.689977169036865,4.675372123718262,4.484080791473389,4.881160736083984,1.2132206541647963,0.8098923581490465,331776
Mirror Moderate Bi-Kappa 3,ion,223000,29.423611111111114,2.0230700969696045,0.49429824576910075,2.0250906944274902,1.9510642290115356,2.101382255554199,4.689526557922363,4.674005508422852,4.484081745147705,4.880245208740234,1.2132411422877276,0.8098289546818769,331776
Mirror Moderate Bi-Kappa 3,ion,223500,29.489583333333332,2.0230767726898193,0.49429661469071756,2.025209426879883,1.9511058330535889,2.1012723445892334,4.688991069793701,4.674494743347168,4.483453750610352,4.878808975219727,1.2132654946694101,0.8098112780204092,331776
Mirror Moderate Bi-Kappa 3,ion,224000,29.555555555555557,2.0230727195739746,0.4942976049870236,2.025195837020874,1.9509131908416748,2.1013128757476807,4.6884870529174805,4.673172950744629,4.482635498046875,4.879716873168945,1.213288420915599,0.8097842986583756,331776
Mirror Moderate Bi-Kappa 3,ion,224500,29.621527777777775,2.0230774879455566,0.4942964399329578,2.024991512298584,1.9510059356689453,2.101270914077759,4.687930107116699,4.673125743865967,4.482063293457031,4.878558158874512,1.2133137604764863,0.8097637274690703,331776
Mirror Moderate Bi-Kappa 3,ion,225000,29.6875,2.0230796337127686,0.49429591566041997,2.0250163078308105,1.950968623161316,2.1011831760406494,4.687413692474365,4.671909809112549,4.481799125671387,4.8782196044921875,1.2133372613570461,0.8097423723557224,331776
Mirror Moderate Bi-Kappa 3,ion,225500,29.75347222222222,2.02301287651062,0.49431222688253135,2.025264263153076,1.950991153717041,2.1013805866241455,4.687017440795898,4.672784805297852,4.481290817260742,4.877219200134277,1.2133552974000008,0.8096575791106193,331776
Mirror Moderate Bi-Kappa 3,ion,226000,29.819444444444446,2.022991895675659,0.494317353488957,2.025141716003418,1.9510809183120728,2.1010541915893555,4.686528205871582,4.671207427978516,4.4812822341918945,4.8770856857299805,1.2133775699348477,0.8096143257408115,331776
Mirror Moderate Bi-Kappa 3,ion,226500,29.88541666666667,2.0229809284210205,0.4943200333482734,2.024815559387207,1.9509856700897217,2.1010427474975586,4.686039447784424,4.67117977142334,4.481015205383301,4.876161575317383,1.2133998254053973,0.8095811030156232,331776
Mirror Moderate Bi-Kappa 3,ion,227000,29.95138888888889,2.0229899883270264,0.49431781954935955,2.0252223014831543,1.9507886171340942,2.1013450622558594,4.685482501983643,4.671042442321777,4.480181694030762,4.876006126403809,1.2134251914454148,0.8095647968816115,331776
Mirror Moderate Bi-Kappa 3,ion,227500,30.017361111111114,2.0229740142822266,0.4943217228397326,2.024906873703003,1.9505550861358643,2.1014533042907715,4.685000896453857,4.670137405395508,4.479361057281494,4.875820636749268,1.2134471309828168,0.8095268832994098,331776
Mirror Moderate Bi-Kappa 3,ion,228000,30.083333333333332,2.022935628890991,0.49433110264028396,2.024799346923828,1.9512513875961304,2.101170063018799,4.684548854827881,4.670229434967041,4.479380130767822,4.874114990234375,1.2134677278409431,0.8094679010500481,331776
Mirror Moderate Bi-Kappa 3,ion,228500,30.149305555555557,2.0229387283325195,0.49433034525187336,2.024982452392578,1.9512027502059937,2.1010124683380127,4.684023857116699,4.669227600097656,4.478742599487305,4.874975204467773,1.2134916538652218,0.8094470744672977,331776
Mirror Moderate Bi-Kappa 3,ion,229000,30.215277777777775,2.022914409637451,0.4943362879001989,2.024937391281128,1.9508330821990967,2.101344585418701,4.683559894561768,4.6689839363098145,4.478930950164795,4.874777317047119,1.2135128027637978,0.8094016068736534,331776
Mirror Moderate Bi-Kappa 3,ion,229500,30.28125,2.0228912830352783,0.4943419393747817,2.0251221656799316,1.9512252807617188,2.101022481918335,4.683071136474609,4.668759346008301,4.47768497467041,4.873899459838867,1.2135350864545684,0.8093561965807099,331776
Mirror Moderate Bi-Kappa 3,ion,230000,30.34722222222222,2.022861957550049,0.4943491058634229,2.0247230529785156,1.950788974761963,2.1009716987609863,4.6826043128967285,4.668059349060059,4.477226257324219,4.873268127441406,1.2135563744401425,0.8093055831099063,331776
Mirror Moderate Bi-Kappa 3,ion,230500,30.413194444444446,2.022844076156616,0.4943534757755477,2.024975061416626,1.9509047269821167,2.1011736392974854,4.682095527648926,4.667572975158691,4.477014541625977,4.873208522796631,1.2135795807870118,0.8092644953696044,331776
Mirror Moderate Bi-Kappa 3,ion,231000,30.47916666666667,2.0228471755981445,0.4943527183185777,2.0248942375183105,1.9509856700897217,2.1009364128112793,4.681591033935547,4.666995048522949,4.476377487182617,4.872076511383057,1.2136025963718913,0.8092445792262533,331776
Mirror Moderate Bi-Kappa 3,ion,231500,30.54513888888889,2.0228188037872314,0.49435965204977605,2.024954080581665,1.9508535861968994,2.1010100841522217,4.681116580963135,4.666746139526367,4.476498603820801,4.871074676513672,1.213624245990099,0.8091945577971325,331776
Mirror Moderate Bi-Kappa 3,ion,232000,30.611111111111114,2.022791862487793,0.49436623636112476,2.024801015853882,1.9507708549499512,2.1009721755981445,4.680649280548096,4.666420936584473,4.475682258605957,4.872337818145752,1.2136455735224199,0.8091462889653731,331776
Mirror Moderate Bi-Kappa 3,ion,232500,30.677083333333332,2.0228075981140137,0.4943623906358473,2.0250353813171387,1.950850486755371,2.1010448932647705,4.680095672607422,4.666051864624023,4.474416732788086,4.871136665344238,1.2136708456309975,0.8091367524830162,331776
Mirror Moderate Bi-Kappa 3,ion,233000,30.743055555555557,2.022789239883423,0.49436687732115475,2.024726390838623,1.9509978294372559,2.10089373588562,4.679599285125732,4.664951324462891,4.474572658538818,4.870459079742432,1.213693510719718,0.8090957291637049,331776
Mirror Moderate Bi-Kappa 3,ion,233500,30.809027777777775,2.0227298736572266,0.4943813867701154,2.024709463119507,1.9507416486740112,2.1009225845336914,4.679174423217773,4.664431095123291,4.473803997039795,4.870112895965576,1.2137129137648859,0.8090169598923407,331776
Mirror Moderate Bi-Kappa 3,ion,234000,30.875,2.022737979888916,0.4943794055100096,2.024838447570801,1.9506639242172241,2.100903034210205,4.678656101226807,4.663968086242676,4.473617076873779,4.869190216064453,1.213736589816419,0.809001390072497,331776
Mirror Moderate Bi-Kappa 3,ion,234500,30.94097222222222,2.0226871967315674,0.49439181778373165,2.0248584747314453,1.9507883787155151,2.100883722305298,4.678221702575684,4.66402530670166,4.472551345825195,4.869102478027344,1.2137564364359712,0.8089307602955962,331776
Mirror Moderate Bi-Kappa 3,ion,235000,31.006944444444446,2.022688865661621,0.4943914098587279,2.024630546569824,1.9507169723510742,2.100755214691162,4.6777143478393555,4.662664413452148,4.472567558288574,4.868419170379639,1.2137796209086393,0.8089092447529818,331776
Mirror Moderate Bi-Kappa 3,ion,235500,31.07291666666667,2.0226738452911377,0.49439508120799525,2.02475643157959,1.9510152339935303,2.1007983684539795,4.677224636077881,4.663479328155518,4.472817420959473,4.867012977600098,1.2138020039248225,0.8088718413663152,331776
Mirror Moderate Bi-Kappa 3,ion,236000,31.13888888888889,2.022670030593872,0.4943960136228409,2.024585723876953,1.950669288635254,2.100803852081299,4.67670202255249,4.662331581115723,4.47190523147583,4.866889953613281,1.2138258959364299,0.8088441346574422,331776
Mirror Moderate Bi-Kappa 3,ion,236500,31.204861111111114,2.0226223468780518,0.4944076691051669,2.0248138904571533,1.9504491090774536,2.100865364074707,4.676270008087158,4.662146091461182,4.472079277038574,4.867074489593506,1.2138456501165664,0.8087766967614853,331776
Mirror Moderate Bi-Kappa 3,ion,237000,31.270833333333332,2.022597074508667,0.4944138467336218,2.0248334407806396,1.9509520530700684,2.1007566452026367,4.675795555114746,4.661433219909668,4.4706268310546875,4.866550445556641,1.2138673490345666,0.8087297254741004,331776
Mirror Moderate Bi-Kappa 3,ion,237500,31.336805555555557,2.022557497024536,0.4944235214430934,2.0245437622070312,1.950856328010559,2.1006550788879395,4.675352096557617,4.660656929016113,4.4704813957214355,4.866189002990723,1.213887634417156,0.80866986260738,331776
Mirror Moderate Bi-Kappa 3,ion,238000,31.402777777777775,2.0225727558135986,0.4944197913897741,2.0246896743774414,1.9509902000427246,2.1003172397613525,4.6748046875,4.6609344482421875,4.469948768615723,4.865860462188721,1.2139126801754752,0.8086600756381235,331776
Mirror Moderate Bi-Kappa 3,ion,238500,31.46875,2.0225086212158203,0.4944354696490022,2.0246829986572266,1.950832724571228,2.100576877593994,4.674411773681641,4.659761428833008,4.469732284545898,4.865301132202148,1.2139306608866391,0.8085779603291812,331776
Mirror Moderate Bi-Kappa 3,ion,239000,31.53472222222222,2.022517442703247,0.49443331310083766,2.024444103240967,1.950808048248291,2.1006968021392822,4.6738739013671875,4.659499168395996,4.4688262939453125,4.865036964416504,1.2139552801601008,0.8085621625431463,331776
Mirror Moderate Bi-Kappa 3,ion,239500,31.600694444444446,2.0224926471710205,0.4944393747976087,2.0243353843688965,1.95052969455719,2.1004419326782227,4.673410892486572,4.659172058105469,4.468291282653809,4.86444616317749,1.2139764773535529,0.8085161698174677,331776
Mirror Moderate Bi-Kappa 3,ion,240000,31.66666666666667,2.0224454402923584,0.49445091574655436,2.0241775512695312,1.9503973722457886,2.1006288528442383,4.672979354858398,4.6593828201293945,4.467507362365723,4.864231109619141,1.2139962375310562,0.8084492027613022,331776
Mirror Moderate Bi-Kappa 3,ion,240500,31.73263888888889,2.022402048110962,0.49446152456879516,2.0243475437164307,1.9507906436920166,2.1000592708587646,4.672518253326416,4.658176422119141,4.467289924621582,4.863318920135498,1.2140173554780849,0.808384692632877,331776
Mirror Moderate Bi-Kappa 3,ion,241000,31.798611111111114,2.022402286529541,0.49446146627731924,2.024271011352539,1.9503059387207031,2.100325107574463,4.671999931335449,4.657644271850586,4.466641902923584,4.8635969161987305,1.2140410990361805,0.8083611874933605,331776
Mirror Moderate Bi-Kappa 3,ion,241500,31.864583333333332,2.0223817825317383,0.49446647939447924,2.0241594314575195,1.9506621360778809,2.1002535820007324,4.67152214050293,4.656891822814941,4.466588973999023,4.861871242523193,1.2140629905892604,0.8083187919424779,331776
Mirror Moderate Bi-Kappa 3,ion,242000,31.930555555555557,2.0223472118377686,0.49447493197336256,2.024345874786377,1.9505538940429688,2.100368022918701,4.671072959899902,4.657073020935059,4.466198921203613,4.861728668212891,1.2140835753551213,0.8082636364826472,331776
Mirror Moderate Bi-Kappa 3,ion,242500,31.996527777777775,2.0223183631896973,0.4944819857259033,2.0241312980651855,1.950532078742981,2.1001734733581543,4.670623779296875,4.656001091003418,4.466032981872559,4.8616132736206055,1.2141041640803152,0.8082141991093821,331776
Mirror Moderate Bi-Kappa 3,ion,243000,32.0625,2.0223236083984375,0.4944807032104727,2.0243215560913086,1.9505653381347656,2.100513219833374,4.670095443725586,4.655913829803467,4.4649200439453125,4.861433029174805,1.2141283860362062,0.8081952223622313,331776
Mirror Moderate Bi-Kappa 3,ion,243500,32.12847222222222,2.022305965423584,0.49448501715245846,2.024564266204834,1.9504504203796387,2.1004891395568848,4.6696085929870605,4.655093669891357,4.4639997482299805,4.8606414794921875,1.2141507109400616,0.8081552544835224,331776
Mirror Moderate Bi-Kappa 3,ion,244000,32.19444444444444,2.022254228591919,0.49449766792985905,2.0242819786071777,1.9504761695861816,2.100008487701416,4.669181823730469,4.655373573303223,4.465569496154785,4.858941555023193,1.2141702845919684,0.8080839439999505,331776
Mirror Moderate Bi-Kappa 3,ion,244500,32.26041666666667,2.022233724594116,0.4945026817811134,2.024317741394043,1.9503791332244873,2.100360631942749,4.668707847595215,4.654575824737549,4.464148998260498,4.859438419342041,1.214192027568203,0.8080416970259132,331776
Mirror Moderate Bi-Kappa 3,ion,245000,32.326388888888886,2.0221807956695557,0.49451562498342005,2.024101734161377,1.9505658149719238,2.1003761291503906,4.668270111083984,4.654711723327637,4.463252067565918,4.859479904174805,1.2142121120253253,0.8079686836442304,331776
Mirror Moderate Bi-Kappa 3,ion,245500,32.392361111111114,2.02215838432312,0.49452110564263807,2.0240769386291504,1.9502172470092773,2.0995254516601562,4.667823314666748,4.653948783874512,4.463237762451172,4.858668327331543,1.214232616058518,0.8079257682646022,331776
Mirror Moderate Bi-Kappa 3,ion,246000,32.458333333333336,2.0221354961395264,0.49452670303701574,2.024327278137207,1.9505698680877686,2.100066900253296,4.667343616485596,4.652917861938477,4.46265172958374,4.858051776885986,1.2142546343637277,0.8078808617757987,331776
Mirror Moderate Bi-Kappa 3,ion,246500,32.52430555555556,2.022123336791992,0.4945296767043177,2.0243377685546875,1.950515627861023,2.099994421005249,4.666877269744873,4.652276992797852,4.461578845977783,4.858982086181641,1.2142760441726095,0.8078472926193827,331776
Mirror Moderate Bi-Kappa 3,ion,247000,32.59027777777778,2.0220961570739746,0.49453632385466073,2.023967742919922,1.9505022764205933,2.0998356342315674,4.666398048400879,4.6519551277160645,4.4619598388671875,4.857051849365234,1.2142980495079472,0.8077981075660274,331776
Mirror Moderate Bi-Kappa 3,ion,247500,32.65625,2.022024393081665,0.49455387552271346,2.0241923332214355,1.9500776529312134,2.0999915599823,4.666004657745361,4.651714324951172,4.46104097366333,4.857372283935547,1.2143161169674455,0.8077082761142196,331776
Mirror Moderate Bi-Kappa 3,ion,248000,32.72222222222222,2.022012233734131,0.4945568495168103,2.0239720344543457,1.9501181840896606,2.100160598754883,4.665538311004639,4.650851726531982,4.461258888244629,4.856670379638672,1.2143375390662408,0.8076746946678901,331776
Mirror Moderate Bi-Kappa 3,ion,248500,32.78819444444444,2.0219852924346924,0.494563439082136,2.0240230560302734,1.9499332904815674,2.100037097930908,4.665060997009277,4.651062488555908,4.459718227386475,4.855924606323242,1.2143594693919522,0.8076258230427402,331776
Mirror Moderate Bi-Kappa 3,ion,249000,32.85416666666667,2.021956205368042,0.4945705536772382,2.0239577293395996,1.9501346349716187,2.0998051166534424,4.664605617523193,4.650443077087402,4.460020065307617,4.855361461639404,1.2143803961139545,0.8075758092540875,331776
Mirror Moderate Bi-Kappa 3,ion,249500,32.920138888888886,2.021953582763672,0.49457119516718456,2.023815155029297,1.950189232826233,2.099649429321289,4.6641035079956055,4.650146484375,4.459805965423584,4.855923652648926,1.214403475027026,0.8075501077366458,331776
Mirror Moderate Bi-Kappa 3,ion,250000,32.986111111111114,2.0218985080718994,0.4945846668404781,2.023928165435791,1.950299859046936,2.0999033451080322,4.663689613342285,4.6492743492126465,4.458969593048096,4.853734016418457,1.214422502976852,0.8074760050950474,331776
Mirror Moderate Bi-Kappa 3,ion,250500,33.052083333333336,2.0218758583068848,0.4945902073519975,2.023878574371338,1.949988842010498,2.0996429920196533,4.6632080078125,4.648927688598633,4.457942962646484,4.854407787322998,1.2144446480458626,0.8074312102610222,331776
Mirror Moderate Bi-Kappa 3,ion,251000,33.11805555555556,2.0218582153320312,0.4945945232048723,2.024111270904541,1.9499719142913818,2.0996108055114746,4.6627421379089355,4.648415565490723,4.45849084854126,4.852982044219971,1.2144660739159945,0.8073921414160368,331776
Mirror Moderate Bi-Kappa 3,ion,251500,33.18402777777778,2.0218372344970703,0.4945996556684984,2.023625135421753,1.9501826763153076,2.0994718074798584,4.662256717681885,4.647334575653076,4.457268238067627,4.8533220291137695,1.2144884034822536,0.8073488310148167,331776
Mirror Moderate Bi-Kappa 3,ion,252000,33.25,2.0217626094818115,0.49461791177170167,2.0239081382751465,1.9500254392623901,2.0994045734405518,4.661881923675537,4.648004055023193,4.456433296203613,4.853675365447998,1.214505647369888,0.8072569621119234,331776
Mirror Moderate Bi-Kappa 3,ion,252500,33.31597222222222,2.021749258041382,0.49462117818149914,2.0236289501190186,1.949944257736206,2.0995259284973145,4.661405563354492,4.647170066833496,4.455946922302246,4.853387355804443,1.214527568221369,0.8072216898200129,331776
Mirror Moderate Bi-Kappa 3,ion,253000,33.38194444444444,2.0217068195343018,0.49463156098486577,2.023540496826172,1.9500877857208252,2.0994467735290527,4.660969257354736,4.646490573883057,4.455986976623535,4.8517351150512695,1.2145476498095453,0.8071591697247564,331776
Mirror Moderate Bi-Kappa 3,ion,253500,33.44791666666667,2.0216925144195557,0.49463506090445614,2.0235443115234375,1.9499534368515015,2.0992648601531982,4.660470485687256,4.646108627319336,4.456060409545898,4.851415634155273,1.2145706110726575,0.8071219033468982,331776
Mirror Moderate Bi-Kappa 3,ion,254000,33.513888888888886,2.0216124057769775,0.4946546613695044,2.023573875427246,1.9500761032104492,2.0995116233825684,4.660107135772705,4.646430015563965,4.455715656280518,4.850710868835449,1.2145873412058772,0.8070250645711003,331776
Mirror Moderate Bi-Kappa 3,ion,254500,33.579861111111114,2.021624803543091,0.4946516278626006,2.023482322692871,1.9498565196990967,2.099497079849243,4.659604549407959,4.645208835601807,4.455150604248047,4.851324081420898,1.2146104866618044,0.8070143168812864,331776
Mirror Moderate Bi-Kappa 3,ion,255000,33.645833333333336,2.0215766429901123,0.49466341207865405,2.0233025550842285,1.9499056339263916,2.0996036529541016,4.659158229827881,4.64473819732666,4.454320430755615,4.850854396820068,1.2146310450668987,0.8069455979232136,331776
Mirror Moderate Bi-Kappa 3,ion,255500,33.71180555555556,2.0215394496917725,0.4946725131446095,2.0233311653137207,1.9496960639953613,2.0993025302886963,4.6587114334106445,4.644771575927734,4.453680992126465,4.8506927490234375,1.214651629381539,0.8068878203102334,331776
Mirror Moderate Bi-Kappa 3,ion,256000,33.77777777777778,2.021470308303833,0.4946894326828257,2.023751974105835,1.94939124584198,2.0992696285247803,4.658328533172607,4.644031524658203,4.453662395477295,4.849353790283203,1.2146692730834376,0.8068010352203954,331776
Mirror Moderate Bi-Kappa 3,ion,256500,33.84375,2.021479606628418,0.49468715722929224,2.023693323135376,1.9498685598373413,2.0991439819335938,4.657803058624268,4.644037246704102,4.452475547790527,4.849131107330322,1.2146934912047056,0.8067861154237124,331776
Mirror Moderate Bi-Kappa 3,ion,257000,33.90972222222222,2.0214316844940186,0.49469888479081026,2.0232949256896973,1.9495532512664795,2.0995755195617676,4.657378673553467,4.643208026885986,4.452235698699951,4.848515510559082,1.214713054293484,0.8067186302005345,331776
Mirror Moderate Bi-Kappa 3,ion,257500,33.97569444444444,2.021397829055786,0.4947071702689566,2.023496389389038,1.9498918056488037,2.0990216732025146,4.656933307647705,4.642453193664551,4.452259063720703,4.847879886627197,1.2147335883805295,0.8066642406752567,331776
Mirror Moderate Bi-Kappa 3,ion,258000,34.04166666666667,2.021355152130127,0.49471761503473977,2.0234549045562744,1.9494516849517822,2.0992884635925293,4.656513690948486,4.6422529220581055,4.4516425132751465,4.847099304199219,1.2147529388657956,0.8066022132643313,331776
Mirror Moderate Bi-Kappa 3,ion,258500,34.107638888888886,2.02132248878479,0.4947256093713159,2.023308277130127,1.9493110179901123,2.099425792694092,4.656049728393555,4.642124176025391,4.450544357299805,4.84798526763916,1.2147743384057506,0.8065481503790395,331776
Mirror Moderate Bi-Kappa 3,ion,259000,34.173611111111114,2.021261215209961,0.4947406067434603,2.0231943130493164,1.9497568607330322,2.098970890045166,4.655644416809082,4.641778945922852,4.451182842254639,4.84721565246582,1.2147930362528387,0.8064681789571222,331776
Mirror Moderate Bi-Kappa 3,ion,259500,34.239583333333336,2.0212366580963135,0.49474661761866245,2.023479461669922,1.949251413345337,2.0991320610046387,4.655174255371094,4.641149520874023,4.450312614440918,4.846528053283691,1.214814729834487,0.8064219282618266,331776
Mirror Moderate Bi-Kappa 3,ion,260000,34.30555555555556,2.021193742752075,0.4947571224114276,2.0228452682495117,1.9495437145233154,2.099043369293213,4.654753684997559,4.640847206115723,4.450012683868408,4.845324516296387,1.2148341389627204,0.8063596037893548,331776
Mirror Moderate Bi-Kappa 3,ion,260500,34.37152777777778,2.021186590194702,0.4947588732535918,2.0232460498809814,1.949418306350708,2.0991268157958984,4.6542649269104,4.640261650085449,4.449316024780273,4.84574031829834,1.2148566993292798,0.8063298908654224,331776
Mirror Moderate Bi-Kappa 3,ion,261000,34.4375,2.021137237548828,0.4947709544022694,2.0233359336853027,1.949494481086731,2.0986804962158203,4.653833389282227,4.6402716636657715,4.449143409729004,4.845630645751953,1.2148766224212064,0.8062606151276217,331776
Mirror Moderate Bi-Kappa 3,ion,261500,34.50347222222222,2.0210883617401123,0.4947829194063649,2.0232551097869873,1.9494028091430664,2.0987839698791504,4.653436183929443,4.639262676239014,4.449084758758545,4.844468593597412,1.214894963737438,0.8061933980026743,331776
Mirror Moderate Bi-Kappa 3,ion,262000,34.56944444444444,2.021047353744507,0.4947929587831004,2.0229058265686035,1.9492114782333374,2.0988430976867676,4.652988910675049,4.638732433319092,4.448728561401367,4.843921661376953,1.214915620732679,0.8061317330118278,331776
Mirror Moderate Bi-Kappa 3,ion,262500,34.63541666666667,2.02101731300354,0.4948003134687884,2.0228800773620605,1.949497938156128,2.098546028137207,4.652547836303711,4.638615608215332,4.44807767868042,4.843035697937012,1.2149359953264802,0.8060813176770598,331776
Mirror Moderate Bi-Kappa 3,ion,263000,34.701388888888886,2.0209481716156006,0.49481724175072384,2.023041248321533,1.9491771459579468,2.098569393157959,4.652149677276611,4.638239860534668,4.446550369262695,4.8441338539123535,1.2149543908452671,0.8059937807703335,331776
Mirror Moderate Bi-Kappa 3,ion,263500,34.767361111111114,2.020946979522705,0.4948175336278114,2.0229601860046387,1.9495576620101929,2.0983378887176514,4.651679515838623,4.637805938720703,4.448225975036621,4.842179298400879,1.2149761170336595,0.8059708624890456,331776
Mirror Moderate Bi-Kappa 3,ion,264000,34.833333333333336,2.0209038257598877,0.4948280998102353,2.022779703140259,1.9493664503097534,2.09867525100708,4.651219844818115,4.637868404388428,4.446742057800293,4.842165946960449,1.2149973627056334,0.8059064630542543,331776
Mirror Moderate Bi-Kappa 3,ion,264500,34.89930555555556,2.0208840370178223,0.4948329452271194,2.0227911472320557,1.9493467807769775,2.0985608100891113,4.650769233703613,4.63707160949707,4.446227073669434,4.842274188995361,1.215018193711507,0.8058658433063153,331776
Mirror Moderate Bi-Kappa 3,ion,265000,34.96527777777778,2.020796537399292,0.49485437128023374,2.02268123626709,1.948961853981018,2.098505735397339,4.650422096252441,4.636543273925781,4.445654392242432,4.8418073654174805,1.2150342440540727,0.8057622933452193,331776
Mirror Moderate Bi-Kappa 3,ion,265500,35.03125,2.0207772254943848,0.4948591004410935,2.0226211547851562,1.949256181716919,2.098539113998413,4.6499409675598145,4.635415077209473,4.445979118347168,4.84100341796875,1.2150564936149668,0.805720731879418,331776
Mirror Moderate Bi-Kappa 3,ion,266000,35.09722222222222,2.020726442337036,0.49487153681399215,2.022706985473633,1.9491652250289917,2.0985145568847656,4.649526119232178,4.635612964630127,4.444965362548828,4.840179920196533,1.2150756817697241,0.805650760567312,331776
Mirror Moderate Bi-Kappa 3,ion,266500,35.16319444444444,2.0206668376922607,0.494886134293206,2.022684097290039,1.9493460655212402,2.0979413986206055,4.649140357971191,4.635349273681641,4.444995880126953,4.840991973876953,1.2150935276207457,0.805573310071515,331776
Mirror Moderate Bi-Kappa 3,ion,267000,35.22916666666667,2.020632266998291,0.4948946012257488,2.0223660469055176,1.9491746425628662,2.0980420112609863,4.648705959320068,4.63505744934082,4.4441938400268555,4.840104103088379,1.215113627050368,0.805518639947923,331776
Mirror Moderate Bi-Kappa 3,ion,267500,35.29513888888889,2.0206241607666016,0.4948965866173804,2.022285223007202,1.9489794969558716,2.0978569984436035,4.648219585418701,4.634453296661377,4.444867134094238,4.838307857513428,1.2151361358092816,0.80548802495732,331776
Mirror Moderate Bi-Kappa 3,ion,268000,35.361111111111114,2.0205254554748535,0.49492076295816084,2.0226478576660156,1.9490442276000977,2.0981788635253906,4.647879600524902,4.634388446807861,4.44308614730835,4.83930778503418,1.215151872670511,0.8053735828043425,331776
Mirror Moderate Bi-Kappa 3,ion,268500,35.427083333333336,2.0205397605895996,0.4949172589942981,2.022376537322998,1.9487855434417725,2.0979197025299072,4.6473565101623535,4.633327007293701,4.443690299987793,4.838773727416992,1.215176089420578,0.8053636711690215,331776
Mirror Moderate Bi-Kappa 3,ion,269000,35.49305555555556,2.0204670429229736,0.4949350713255475,2.0223684310913086,1.9491207599639893,2.097616672515869,4.646980285644531,4.633612632751465,4.441959381103516,4.8376359939575195,1.2151935103080174,0.8052735326149563,331776
Mirror Moderate Bi-Kappa 3,ion,269500,35.55902777777778,2.020411729812622,0.49494862123609945,2.022341251373291,1.9486833810806274,2.097808837890625,4.6465744972229,4.632516860961914,4.442715167999268,4.837175369262695,1.215212303299488,0.8051994265131341,331776
Mirror Moderate Bi-Kappa 3,ion,270000,35.625,2.020378589630127,0.4949567398568954,2.0224602222442627,1.9486501216888428,2.098167896270752,4.6461358070373535,4.63181209564209,4.441481113433838,4.837395668029785,1.2152326237397821,0.8051459658903448,331776
Mirror Moderate Bi-Kappa 3,ion,270500,35.69097222222222,2.020305633544922,0.4949746134426966,2.021867275238037,1.9489374160766602,2.0974879264831543,4.645774841308594,4.631709098815918,4.4417572021484375,4.836524486541748,1.2152493468061243,0.8050562867387976,331776
Mirror Moderate Bi-Kappa 3,ion,271000,35.75694444444444,2.020256519317627,0.4949866467144309,2.022000789642334,1.9481048583984375,2.098217487335205,4.645369052886963,4.632199764251709,4.441150188446045,4.836430549621582,1.2152681495517625,0.8049883697658644,331776
Mirror Moderate Bi-Kappa 3,ion,271500,35.82291666666667,2.020212411880493,0.49499745379207954,2.0222010612487793,1.9486496448516846,2.09749698638916,4.644923210144043,4.63068151473999,4.440647602081299,4.836566925048828,1.2152888120552996,0.8049235998251936,331776
Mirror Moderate Bi-Kappa 3,ion,272000,35.88888888888889,2.020195960998535,0.49500148466078686,2.022270679473877,1.9484450817108154,2.097931146621704,4.644441604614258,4.630522727966309,4.4397969245910645,4.836569786071777,1.2153111364359708,0.8048848245625644,331776
Mirror Moderate Bi-Kappa 3,ion,272500,35.954861111111114,2.0201361179351807,0.4950161482297138,2.021932601928711,1.948432445526123,2.097578763961792,4.644057750701904,4.629448890686035,4.4396653175354,4.835112571716309,1.2153289329463786,0.8048071849888021,331776
Mirror Moderate Bi-Kappa 3,ion,273000,36.020833333333336,2.0201010704040527,0.4950247364603316,2.0218896865844727,1.9482471942901611,2.097729206085205,4.643609046936035,4.629641532897949,4.4395599365234375,4.83463191986084,1.215349739802024,0.8047513306020286,331776
Mirror Moderate Bi-Kappa 3,ion,273500,36.08680555555556,2.020052194595337,0.4950367137421036,2.022179126739502,1.9484567642211914,2.0975341796875,4.6432037353515625,4.629964828491211,4.438600540161133,4.834307670593262,1.2153685379744132,0.8046836566209237,331776
Mirror Moderate Bi-Kappa 3,ion,274000,36.15277777777778,2.019998788833618,0.4950498017760778,2.0217418670654297,1.948596477508545,2.0974206924438477,4.642816543579102,4.629336357116699,4.438628196716309,4.833545207977295,1.2153864988232144,0.8046122900104038,331776
Mirror Moderate Bi-Kappa 3,ion,274500,36.21875,2.019963026046753,0.4950585664714313,2.022040843963623,1.94840407371521,2.097471237182617,4.642373085021973,4.628561973571777,4.438283920288086,4.833675384521484,1.2154070734268154,0.8045559526199375,331776
Mirror Moderate Bi-Kappa 3,ion,275000,36.28472222222222,2.0199058055877686,0.49507259062954767,2.0215036869049072,1.948347806930542,2.0975136756896973,4.641982078552246,4.628582954406738,4.43848180770874,4.832457542419434,1.215425217736274,0.8044805878514945,331776
Mirror Moderate Bi-Kappa 3,ion,275500,36.35069444444444,2.0198237895965576,0.49509269330852934,2.0219740867614746,1.9484548568725586,2.0969395637512207,4.641606330871582,4.6282453536987305,4.437717437744141,4.8324127197265625,1.215442656855439,0.8043811327411186,331776
Mirror Moderate Bi-Kappa 3,ion,276000,36.41666666666667,2.019813060760498,0.4950953231401925,2.021634578704834,1.9482295513153076,2.0975005626678467,4.641147613525391,4.62765645980835,4.436487674713135,4.8328351974487305,1.215463950572433,0.8043491101880651,331776
Mirror Moderate Bi-Kappa 3,ion,276500,36.48263888888889,2.019744396209717,0.49511215472443704,2.0213522911071777,1.9484291076660156,2.097024440765381,4.6407575607299805,4.627702713012695,4.436533451080322,4.831958770751953,1.215482060183877,0.8042623360258399,331776
Mirror Moderate Bi-Kappa 3,ion,277000,36.548611111111114,2.0197043418884277,0.4951219736770967,2.021841049194336,1.9481765031814575,2.097348213195801,4.640341758728027,4.626860618591309,4.435546875,4.833148002624512,1.215501368647923,0.8042029732405047,331776
Mirror Moderate Bi-Kappa 3,ion,277500,36.614583333333336,2.0196354389190674,0.49513886552476605,2.0216498374938965,1.9480738639831543,2.0970382690429688,4.639960765838623,4.626415252685547,4.4361748695373535,4.830869197845459,1.2155190637305444,0.804116375188523,331776
Mirror Moderate Bi-Kappa 3,ion,278000,36.68055555555556,2.0195987224578857,0.4951478671876872,2.0212879180908203,1.9479161500930786,2.096898317337036,4.639548301696777,4.626089096069336,4.434826850891113,4.832013130187988,1.2155382237607655,0.8040604986971203,331776
Mirror Moderate Bi-Kappa 3,ion,278500,36.74652777777778,2.019510507583618,0.49516949589755715,2.021587371826172,1.9478182792663574,2.0970194339752197,4.63920783996582,4.624612331390381,4.43553352355957,4.83027458190918,1.215554041658838,0.8039564659247802,331776
Mirror Moderate Bi-Kappa 3,ion,279000,36.8125,2.0194973945617676,0.49517271113736727,2.021265745162964,1.9477641582489014,2.0967185497283936,4.638710975646973,4.625323295593262,4.435018539428711,4.829800128936768,1.215577130209223,0.8039202643525445,331776
Mirror Moderate Bi-Kappa 3,ion,279500,36.87847222222222,2.019439458847046,0.49518691715122165,2.0211119651794434,1.9481042623519897,2.0967679023742676,4.638296604156494,4.625098705291748,4.434983730316162,4.8293046951293945,1.2155963892226889,0.803843069624357,331776
Mirror Moderate Bi-Kappa 3,ion,280000,36.94444444444444,2.0193979740142822,0.4951970898594788,2.021225929260254,1.9480170011520386,2.0966856479644775,4.637901306152344,4.624629020690918,4.433043003082275,4.829906940460205,1.2156147649527307,0.8037832090615515,331776
Mirror Moderate Bi-Kappa 3,ion,280500,37.01041666666667,2.0193331241607666,0.49521299286149195,2.0211400985717773,1.9475188255310059,2.0968775749206543,4.637514114379883,4.623893737792969,4.433876991271973,4.8296966552734375,1.215632766895356,0.8037003572654107,331776
Mirror Moderate Bi-Kappa 3,ion,281000,37.07638888888889,2.0192883014678955,0.495223985239286,2.02131986618042,1.9478574991226196,2.096524715423584,4.637081146240234,4.623703479766846,4.4325337409973145,4.829153060913086,1.2156529007069037,0.8036354007609918,331776
Mirror Moderate Bi-Kappa 3,ion,281500,37.142361111111114,2.019260883331299,0.49523070954072984,2.021022319793701,1.9481029510498047,2.096301317214966,4.636637210845947,4.622995853424072,4.432095050811768,4.827848434448242,1.2156735484201386,0.8035873349111602,331776
Mirror Moderate Bi-Kappa 3,ion,282000,37.208333333333336,2.0191917419433594,0.4952476672857011,2.021207809448242,1.9478833675384521,2.0967061519622803,4.636247634887695,4.622976303100586,4.43219518661499,4.828363418579102,1.2156916710994932,0.8035000708438662,331776
Mirror Moderate Bi-Kappa 3,ion,282500,37.27430555555556,2.019167184829712,0.4952536904884059,2.02117657661438,1.9476484060287476,2.0966808795928955,4.635818958282471,4.621743202209473,4.431185245513916,4.827849388122559,1.2157116162212018,0.8034555686085101,331776
Mirror Moderate Bi-Kappa 3,ion,283000,37.34027777777778,2.019087553024292,0.49527322304679117,2.020963668823242,1.9477235078811646,2.0964486598968506,4.635449409484863,4.622174263000488,4.431795120239258,4.826727867126465,1.215728813252463,0.8033587397718289,331776
Mirror Moderate Bi-Kappa 3,ion,283500,37.40625,2.0190417766571045,0.4952844520412471,2.0209970474243164,1.9471124410629272,2.0962963104248047,4.635042190551758,4.6216278076171875,4.430055141448975,4.826353073120117,1.215747766447183,0.8032940102099215,331776
Mirror Moderate Bi-Kappa 3,ion,284000,37.47222222222222,2.0189528465270996,0.49530626815784695,2.0205912590026855,1.947753667831421,2.096010446548462,4.634713649749756,4.620988845825195,4.4312052726745605,4.826122283935547,1.2157630601523772,0.8031897863747224,331776
Mirror Moderate Bi-Kappa 3,ion,284500,37.53819444444444,2.018923044204712,0.4953135796188393,2.0206756591796875,1.9475661516189575,2.0961811542510986,4.634262561798096,4.6209716796875,4.429293155670166,4.825496196746826,1.2157840620087783,0.8031389821959336,331776
Mirror Moderate Bi-Kappa 3,ion,285000,37.60416666666667,2.0188889503479004,0.49532194419493814,2.020824432373047,1.9475657939910889,2.096087694168091,4.633829116821289,4.620128631591797,4.429683685302734,4.825723648071289,1.2158042462916672,0.8030847040562332,331776
Mirror Moderate Bi-Kappa 3,ion,285500,37.67013888888889,2.0188255310058594,0.49533750422789635,2.0207180976867676,1.9474294185638428,2.0958824157714844,4.633441925048828,4.620274543762207,4.429684638977051,4.825279712677002,1.2158222798895795,0.8030032511162799,331776
Mirror Moderate Bi-Kappa 3,ion,286000,37.736111111111114,2.018730878829956,0.49536072910302625,2.0206542015075684,1.9475079774856567,2.0957257747650146,4.633107662200928,4.619278430938721,4.429443836212158,4.823749542236328,1.2158378507278107,0.8028930281021454,331776
Mirror Moderate Bi-Kappa 3,ion,286500,37.802083333333336,2.0186898708343506,0.4953707919417494,2.020355224609375,1.9472036361694336,2.095843553543091,4.632692337036133,4.6195268630981445,4.42864990234375,4.824560642242432,1.2158572007913162,0.8028326700430344,331776
Mirror Moderate Bi-Kappa 3,ion,287000,37.86805555555556,2.01863956451416,0.4953831370290599,2.0204572677612305,1.9473447799682617,2.0957324504852295,4.632275581359863,4.6193084716796875,4.428481101989746,4.823514461517334,1.2158766209903336,0.8027629435238266,331776
Mirror Moderate Bi-Kappa 3,ion,287500,37.93402777777778,2.0186023712158203,0.49539226459824875,2.020390510559082,1.9473164081573486,2.0956172943115234,4.631856441497803,4.619076728820801,4.427920341491699,4.823513507843018,1.2158961558136352,0.8027062154021851,331776
Mirror Moderate Bi-Kappa 3,ion,288000,38.0,2.0185329914093018,0.49540929192433897,2.0205585956573486,1.9472242593765259,2.095925807952881,4.631470680236816,4.618210792541504,4.428192138671875,4.822235584259033,1.2159141380873144,0.8026188533219873,331776
Mirror Moderate Bi-Kappa 3,ion,288500,38.06597222222222,2.0184578895568848,0.495427724885324,2.0203022956848145,1.947140097618103,2.0956192016601562,4.6311421394348145,4.617879867553711,4.427123069763184,4.8227643966674805,1.215929455389603,0.8025284341672818,331776
Mirror Moderate Bi-Kappa 3,ion,289000,38.13194444444444,2.0184166431427,0.4954378489680839,2.0202226638793945,1.9471583366394043,2.0953598022460938,4.630711078643799,4.6171770095825195,4.427395820617676,4.8224639892578125,1.21594955569823,0.8024670874444702,331776
Mirror Moderate Bi-Kappa 3,ion,289500,38.19791666666667,2.018350839614868,0.495454001540592,2.020277976989746,1.9472336769104004,2.095176935195923,4.630324840545654,4.617378234863281,4.426401138305664,4.822745323181152,1.2159675691095047,0.8023832705053635,331776
Mirror Moderate Bi-Kappa 3,ion,290000,38.26388888888889,2.0182907581329346,0.49546875046144123,2.0201377868652344,1.9467663764953613,2.095231294631958,4.629941940307617,4.616369724273682,4.42575216293335,4.820971965789795,1.2159854298158994,0.8023053283170352,331776
Mirror Moderate Bi-Kappa 3,ion,290500,38.329861111111114,2.0182454586029053,0.49547987126017484,2.0199296474456787,1.946942925453186,2.095475196838379,4.6295390129089355,4.616373062133789,4.425667762756348,4.821244716644287,1.2160042278964742,0.802241230706431,331776
Mirror Moderate Bi-Kappa 3,ion,291000,38.395833333333336,2.0181632041931152,0.49550006556571397,2.020087718963623,1.9465157985687256,2.0958375930786133,4.62916898727417,4.616032600402832,4.424829006195068,4.82072639465332,1.2160214938683493,0.8021417103247659,331776
Mirror Moderate Bi-Kappa 3,ion,291500,38.46180555555556,2.0181198120117188,0.4955107194568254,2.0199737548828125,1.9467660188674927,2.0950167179107666,4.6287522315979,4.616041660308838,4.4247941970825195,4.820850372314453,1.2160409436421245,0.8020788683695943,331776
Mirror Moderate Bi-Kappa 3,ion,292000,38.52777777777778,2.018028736114502,0.49553308241060673,2.019843578338623,1.9465222358703613,2.0954208374023438,4.628439903259277,4.615273475646973,4.424947261810303,4.819412708282471,1.216055522141665,0.801973213972837,331776
Mirror Moderate Bi-Kappa 3,ion,292500,38.59375,2.0179519653320312,0.49555193442647744,2.0197696685791016,1.9469554424285889,2.09480619430542,4.628075122833252,4.6146769523620605,4.424022197723389,4.8199968338012695,1.216072551429937,0.8018794139020942,331776
Mirror Moderate Bi-Kappa 3,ion,293000,38.65972222222222,2.0179057121276855,0.49556329316576303,2.019552230834961,1.9466421604156494,2.0949599742889404,4.627678871154785,4.614421844482422,4.424591064453125,4.819072723388672,1.2160910529538238,0.8018146591738617,331776
Mirror Moderate Bi-Kappa 3,ion,293500,38.72569444444444,2.0178654193878174,0.4955731885743804,2.0194270610809326,1.9466723203659058,2.0948872566223145,4.627260208129883,4.6136322021484375,4.423412322998047,4.819272041320801,1.2161106043362433,0.8017548150515741,331776
Mirror Moderate Bi-Kappa 3,ion,294000,38.79166666666667,2.0178122520446777,0.4955862464343181,2.01973295211792,1.9463709592819214,2.0946457386016846,4.626865863800049,4.614057540893555,4.423446178436279,4.818632125854492,1.2161290232820148,0.801683228762663,331776
Mirror Moderate Bi-Kappa 3,ion,294500,38.85763888888889,2.0177531242370605,0.49560076898808586,2.019537925720215,1.9463411569595337,2.0947608947753906,4.6264848709106445,4.613486289978027,4.421530246734619,4.818011283874512,1.2161468215939863,0.8016063026430742,331776
Mirror Moderate Bi-Kappa 3,ion,295000,38.923611111111114,2.017655372619629,0.49562477991553483,2.019282817840576,1.946598768234253,2.0943901538848877,4.6261701583862305,4.612821102142334,4.422567367553711,4.817795753479004,1.2161615257897982,0.8014938468298307,331776
Mirror Moderate Bi-Kappa 3,ion,295500,38.989583333333336,2.017620801925659,0.49563327214191055,2.0191397666931152,1.9459457397460938,2.0944623947143555,4.6257476806640625,4.612421035766602,4.422161102294922,4.817517280578613,1.2161812682045041,0.8014395337211551,331776
Mirror Moderate Bi-Kappa 3,ion,296000,39.05555555555556,2.01753568649292,0.4956541818292686,2.0192930698394775,1.94620680809021,2.094998359680176,4.625378131866455,4.612029552459717,4.421627044677734,4.817102909088135,1.216198540203777,0.801337146289143,331776
Mirror Moderate Bi-Kappa 3,ion,296500,39.12152777777778,2.0174851417541504,0.49566659962141096,2.019348382949829,1.9462523460388184,2.0944836139678955,4.625000953674316,4.612344741821289,4.421290874481201,4.816111087799072,1.2162161716324735,0.8012689701216769,331776
Mirror Moderate Bi-Kappa 3,ion,297000,39.1875,2.0173823833465576,0.4956918471455762,2.0191774368286133,1.9463638067245483,2.094179630279541,4.624687194824219,4.61118221282959,4.420419216156006,4.816356658935547,1.2162308406759195,0.8011515426706382,331776
Mirror Moderate Bi-Kappa 3,ion,297500,39.25347222222222,2.017324924468994,0.4957059657919127,2.018860101699829,1.9461647272109985,2.0941543579101562,4.624281406402588,4.611351013183594,4.420985698699951,4.8169074058532715,1.2162498152935592,0.8010751091754349,331776
Mirror Moderate Bi-Kappa 3,ion,298000,39.31944444444444,2.0172338485717773,0.4957283463729356,2.0190887451171875,1.9462649822235107,2.093869686126709,4.623971462249756,4.610979080200195,4.419759750366211,4.816267490386963,1.2162643104880795,0.8009695380836979,331776
Mirror Moderate Bi-Kappa 3,ion,298500,39.38541666666667,2.017152786254883,0.4957482679617122,2.0189595222473145,1.9456939697265625,2.0939993858337402,4.623623371124268,4.609997272491455,4.41978120803833,4.81443452835083,1.2162805920234032,0.8008721942314796,331776
Mirror Moderate Bi-Kappa 3,ion,299000,39.45138888888889,2.0171446800231934,0.49575026020865387,2.0189740657806396,1.9460097551345825,2.09407377243042,4.623140335083008,4.60993766784668,4.419199466705322,4.815003395080566,1.2163031895033412,0.8008414905198522,331776
Mirror Moderate Bi-Kappa 3,ion,299500,39.517361111111114,2.0170443058013916,0.49577493024016156,2.0188186168670654,1.9461005926132202,2.0934042930603027,4.622834205627441,4.609692573547363,4.419130325317383,4.814306735992432,1.2163175133520223,0.8007267924493693,331776
Mirror Moderate Bi-Kappa 3,ion,300000,39.583333333333336,2.0169949531555176,0.4957870610610776,2.0188539028167725,1.945521354675293,2.093923568725586,4.622419834136963,4.6091108322143555,4.418907165527344,4.814878940582275,1.2163369048858166,0.800658048269701,331776
Mirror Moderate Bi-Kappa 3,ion,300500,39.64930555555556,2.01693058013916,0.4958028847631454,2.018402099609375,1.9457812309265137,2.093647003173828,4.622057914733887,4.608874320983887,4.418546676635742,4.813992500305176,1.2163538446396933,0.8005767354994668,331776
Mirror Moderate Bi-Kappa 3,ion,301000,39.71527777777778,2.0168514251708984,0.49582234344072457,2.0185387134552,1.945766806602478,2.0933799743652344,4.6217041015625,4.608365058898926,4.417835235595703,4.813629150390625,1.2163704075433823,0.8004810176275161,331776
Mirror Moderate Bi-Kappa 3,ion,301500,39.78125,2.016834020614624,0.4958266222102169,2.018545627593994,1.9456729888916016,2.0938546657562256,4.621251583099365,4.608555793762207,4.417570114135742,4.812916278839111,1.216391594791583,0.8004424258230409,331776
Mirror Moderate Bi-Kappa 3,ion,302000,39.84722222222222,2.0167136192321777,0.4958562239395842,2.018557071685791,1.945756435394287,2.0935873985290527,4.620976448059082,4.6074628829956055,4.417751312255859,4.812979698181152,1.2164044788455963,0.8003091403865814,331776
Mirror Moderate Bi-Kappa 3,ion,302500,39.91319444444444,2.0166268348693848,0.4958775628237483,2.0183677673339844,1.9454565048217773,2.0932512283325195,4.620617866516113,4.607303142547607,4.417144775390625,4.812379360198975,1.216421272844618,0.8002055620247668,331776
Mirror Moderate Bi-Kappa 3,ion,303000,39.97916666666667,2.0165555477142334,0.4958950925668774,2.018282413482666,1.9453729391098022,2.0933053493499756,4.6202497482299805,4.60703182220459,4.416235446929932,4.812668800354004,1.2164385162042595,0.8001170315099739,331776
Mirror Moderate Bi-Kappa 3,ion,303500,40.04513888888889,2.016502857208252,0.49590805013013983,2.018205165863037,1.9452298879623413,2.093458414077759,4.619873046875,4.607277870178223,4.415731430053711,4.811582565307617,1.216456164455953,0.8000466927522989,331776
Mirror Moderate Bi-Kappa 3,ion,304000,40.111111111111114,2.016425371170044,0.49592710660040124,2.018352508544922,1.9452707767486572,2.093489170074463,4.619502067565918,4.60589599609375,4.4154253005981445,4.811278343200684,1.2164735474459727,0.7999518237240713,331776
Mirror Moderate Bi-Kappa 3,ion,304500,40.177083333333336,2.0163981914520264,0.49593379137078625,2.018488645553589,1.9449429512023926,2.0933122634887695,4.619080543518066,4.605509281158447,4.414552211761475,4.811952590942383,1.2164933022012996,0.7999048892507268,331776
Mirror Moderate Bi-Kappa 3,ion,305000,40.24305555555556,2.0162711143493652,0.4959650479953893,2.0181045532226562,1.944953441619873,2.093200922012329,4.618815898895264,4.605461120605469,4.414848804473877,4.811384201049805,1.2165057066334213,0.799765407715944,331776
Mirror Moderate Bi-Kappa 3,ion,305500,40.30902777777778,2.0162274837493896,0.4959757805405933,2.017913341522217,1.9448211193084717,2.0930042266845703,4.618393898010254,4.604915142059326,4.414243698120117,4.810756683349609,1.2165254896146538,0.7997019941347359,331776
Mirror Moderate Bi-Kappa 3,ion,306000,40.375,2.0161285400390625,0.49600012109377956,2.017836093902588,1.9448835849761963,2.0929911136627197,4.618093967437744,4.604979515075684,4.414824485778809,4.810397624969482,1.2165395522592257,0.7995889877798368,331776
Mirror Moderate Bi-Kappa 3,ion,306500,40.44097222222222,2.01605486869812,0.4960182460935481,2.0176916122436523,1.9447057247161865,2.093143939971924,4.617735862731934,4.604522705078125,4.413702487945557,4.809959411621094,1.216556344868193,0.799498523829927,331776
Mirror Moderate Bi-Kappa 3,ion,307000,40.50694444444444,2.0159640312194824,0.4960405962179232,2.017775774002075,1.9449679851531982,2.092435359954834,4.617400646209717,4.604498863220215,4.4139485359191895,4.808915615081787,1.2165720665415658,0.7993919646779166,331776
Mirror Moderate Bi-Kappa 3,ion,307500,40.57291666666667,2.0159242153167725,0.4960503933640506,2.0175416469573975,1.944922924041748,2.0927162170410156,4.616996765136719,4.604336738586426,4.413214683532715,4.809202194213867,1.2165910116184342,0.7993332036983383,331776
Mirror Moderate Bi-Kappa 3,ion,308000,40.63888888888889,2.015819549560547,0.4960761493845033,2.017676830291748,1.944715976715088,2.0922861099243164,4.61668586730957,4.603513717651367,4.4132490158081055,4.8083648681640625,1.2166055973357273,0.7992139522248196,331776
Mirror Moderate Bi-Kappa 3,ion,308500,40.704861111111114,2.0157454013824463,0.4960943972954998,2.017578125,1.944554090499878,2.0925588607788086,4.616344451904297,4.603302955627441,4.412396430969238,4.8085856437683105,1.2166216170432187,0.7991237843392276,331776
Mirror Moderate Bi-Kappa 3,ion,309000,40.770833333333336,2.015674591064453,0.49611182501036155,2.0174059867858887,1.9445613622665405,2.092141628265381,4.6159892082214355,4.602683067321777,4.411868095397949,4.807609558105469,1.2166382881092794,0.7990363029551737,331776
Mirror Moderate Bi-Kappa 3,ion,309500,40.83680555555556,2.0156006813049316,0.4961300168605739,2.017225742340088,1.9448341131210327,2.09224009513855,4.615614891052246,4.601808547973633,4.412409782409668,4.8068623542785645,1.216655857042706,0.7989448242622257,331776
Mirror Moderate Bi-Kappa 3,ion,310000,40.90277777777778,2.015536069869995,0.4961459211516375,2.0173563957214355,1.9446051120758057,2.092400074005127,4.615243911743164,4.602458953857422,4.412705421447754,4.806744575500488,1.2166732721223183,0.7988627977476768,331776
Mirror Moderate Bi-Kappa 3,ion,310500,40.96875,2.0154385566711426,0.49616992623763184,2.017230987548828,1.9446314573287964,2.0919830799102783,4.6149396896362305,4.601143836975098,4.411792755126953,4.807242393493652,1.2166875554724366,0.798751001198706,331776
Mirror Moderate Bi-Kappa 3,ion,311000,41.03472222222222,2.0153419971466064,0.496193698844085,2.016909122467041,1.9443328380584717,2.092046022415161,4.614612579345703,4.601269721984863,4.411313056945801,4.806553363800049,1.2167029155331146,0.7986390816134918,331776
Mirror Moderate Bi-Kappa 3,ion,311500,41.10069444444444,2.015294075012207,0.49620549794646857,2.0168862342834473,1.9442732334136963,2.091958522796631,4.614241600036621,4.601412773132324,4.412019729614258,4.805312633514404,1.2167203381790983,0.7985737368331087,331776
Mirror Moderate Bi-Kappa 3,ion,312000,41.16666666666667,2.015193223953247,0.4962303307264397,2.0168347358703613,1.9441890716552734,2.0917084217071533,4.613913536071777,4.600866317749023,4.410245418548584,4.804906845092773,1.2167357476862009,0.7984574762670462,331776
Mirror Moderate Bi-Kappa 3,ion,312500,41.23263888888889,2.0151381492614746,0.4962438929392949,2.0168344974517822,1.9438488483428955,2.091571569442749,4.613525867462158,4.600434303283691,4.41018009185791,4.8060455322265625,1.2167539597106642,0.7983841895508104,331776
Mirror Moderate Bi-Kappa 3,ion,313000,41.298611111111114,2.0150394439697266,0.4962682010978162,2.0167489051818848,1.9441428184509277,2.0918805599212646,4.61322546005249,4.600275039672852,4.409360885620117,4.8057708740234375,1.2167680744544884,0.7982713695152381,331776
Mirror Moderate Bi-Kappa 3,ion,313500,41.364583333333336,2.0149567127227783,0.49628857716189656,2.0165786743164062,1.9440224170684814,2.0914201736450195,4.612874984741211,4.599737167358398,4.409876346588135,4.8054986000061035,1.2167845439791605,0.7981721687436178,331776
Mirror Moderate Bi-Kappa 3,ion,314000,41.43055555555556,2.0148837566375732,0.4963065470679035,2.0162713527679443,1.9437576532363892,2.0914855003356934,4.612524032592773,4.60001802444458,4.408963203430176,4.804692268371582,1.2168010384192804,0.7980827182182928,331776
Mirror Moderate Bi-Kappa 3,ion,314500,41.49652777777778,2.0147955417633057,0.496328277123753,2.0164895057678223,1.9440603256225586,2.0911648273468018,4.612189292907715,4.59944486618042,4.409651756286621,4.80338191986084,1.21681677322692,0.7979787685363857,331776
Mirror Moderate Bi-Kappa 3,ion,315000,41.5625,2.014707326889038,0.49635000908252314,2.0163652896881104,1.9441678524017334,2.0910136699676514,4.611871242523193,4.59931755065918,4.407763481140137,4.803976058959961,1.2168317256517533,0.7978756012372847,331776
Mirror Moderate Bi-Kappa 3,ion,315500,41.62847222222222,2.0146167278289795,0.496372330372554,2.0163583755493164,1.9436609745025635,2.090925931930542,4.611541271209717,4.598077297210693,4.4080400466918945,4.803400039672852,1.216847240692194,0.7977694871367855,331776
Mirror Moderate Bi-Kappa 3,ion,316000,41.69444444444444,2.014561414718628,0.4963859590945601,2.0162720680236816,1.9436286687850952,2.090818405151367,4.611171722412109,4.598725318908691,4.407984733581543,4.802452564239502,1.216864619276616,0.797696795442012,331776
Mirror Moderate Bi-Kappa 3,ion,316500,41.76041666666667,2.014449119567871,0.49641363005212796,2.0163204669952393,1.9435491561889648,2.090834379196167,4.610891342163086,4.5981597900390625,4.407049655914307,4.803709983825684,1.2168778064353334,0.7975713131325377,331776
Mirror Moderate Bi-Kappa 3,ion,317000,41.82638888888889,2.014385461807251,0.49642931750650526,2.016205310821533,1.94353449344635,2.091003656387329,4.610506057739258,4.5974016189575195,4.406569957733154,4.803060531616211,1.2168959301813271,0.7974895316259238,331776
Mirror Moderate Bi-Kappa 3,ion,317500,41.892361111111114,2.0143017768859863,0.49644994184831226,2.015873908996582,1.9432677030563354,2.0908050537109375,4.610177040100098,4.597418308258057,4.406403541564941,4.802277088165283,1.2169114095406384,0.797390367345348,331776
Mirror Moderate Bi-Kappa 3,ion,318000,41.958333333333336,2.0142130851745605,0.49647180199573354,2.016038417816162,1.9431641101837158,2.090801239013672,4.609835624694824,4.597233772277832,4.405855178833008,4.802651405334473,1.2169274745162308,0.7972856106583297,331776
Mirror Moderate Bi-Kappa 3,ion,318500,42.02430555555556,2.014131546020508,0.496491900926623,2.0159153938293457,1.9429383277893066,2.0906622409820557,4.609518527984619,4.596600532531738,4.405839443206787,4.802112102508545,1.216942397330426,0.7971891486900817,331776
Mirror Moderate Bi-Kappa 3,ion,319000,42.09027777777778,2.014023542404175,0.4965185257001925,2.0156912803649902,1.9429032802581787,2.0906434059143066,4.6092209815979,4.596645355224609,4.40577507019043,4.801480293273926,1.216956401958694,0.7970671404454808,331776
Mirror Moderate Bi-Kappa 3,ion,319500,42.15625,2.0139453411102295,0.4965378054643375,2.0156288146972656,1.9428768157958984,2.0905368328094482,4.608885288238525,4.595437049865723,4.405254364013672,4.8020477294921875,1.216972204222985,0.7969731368872446,331776
Mirror Moderate Bi-Kappa 3,ion,320000,42.22222222222222,2.0139005184173584,0.4965488567359121,2.015303134918213,1.9427238702774048,2.0903706550598145,4.608483791351318,4.596138000488281,4.4048051834106445,4.80154275894165,1.2169911071135124,0.796909411303846,331776
Mirror Moderate Bi-Kappa 3,ion,320500,42.28819444444444,2.0137672424316406,0.49658171953998603,2.0155091285705566,1.9429104328155518,2.0904247760772705,4.608243942260742,4.59517765045166,4.405218124389648,4.801023483276367,1.2170024010294502,0.7967648414021904,331776
Mirror Moderate Bi-Kappa 3,ion,321000,42.35416666666667,2.0136654376983643,0.49660682518492644,2.015188217163086,1.94269859790802,2.090238571166992,4.607924461364746,4.5955328941345215,4.404473304748535,4.800382137298584,1.2170174464413477,0.7966479912570166,331776
Mirror Moderate Bi-Kappa 3,ion,321500,42.42013888888889,2.013568162918091,0.49663081608858284,2.0152978897094727,1.9426149129867554,2.0898683071136475,4.607599258422852,4.594691753387451,4.404557704925537,4.8001203536987305,1.2170327634661293,0.7965353994519615,331776
Mirror Moderate Bi-Kappa 3,ion,322000,42.486111111111114,2.013495445251465,0.496648751979228,2.0152084827423096,1.9427098035812378,2.090013265609741,4.6072611808776855,4.594500541687012,4.404272079467773,4.799274444580078,1.2170486891757892,0.7964467560756756,331776
Mirror Moderate Bi-Kappa 3,ion,322500,42.552083333333336,2.0134470462799072,0.4966606903556882,2.0151844024658203,1.9425793886184692,2.090176582336426,4.606870174407959,4.594182014465332,4.404318332672119,4.798743724822998,1.2170671111061888,0.7963799351737184,331776
Mirror Moderate Bi-Kappa 3,ion,323000,42.61805555555556,2.0133159160614014,0.496693038594894,2.014737129211426,1.9424866437911987,2.0896105766296387,4.606610298156738,4.5943145751953125,4.403620719909668,4.798295497894287,1.2170793566801459,0.7962365593812555,331776
Mirror Moderate Bi-Kappa 3,ion,323500,42.68402777777778,2.0132229328155518,0.49671597899069747,2.014901876449585,1.94222891330719,2.089999198913574,4.606288433074951,4.594023704528809,4.402955055236816,4.798652648925781,1.2170945251321235,0.7961284076834283,331776
Mirror Moderate Bi-Kappa 3,ion,324000,42.75,2.013139247894287,0.49673662715879424,2.0150017738342285,1.9421093463897705,2.0893654823303223,4.605968952178955,4.5929718017578125,4.402263641357422,4.798955917358398,1.2171095833216437,0.7960296645726435,331776
Mirror Moderate Bi-Kappa 3,ion,324500,42.81597222222222,2.013014554977417,0.4967673967023147,2.014415740966797,1.9420021772384644,2.0894150733947754,4.605721950531006,4.59321403503418,4.402210235595703,4.797635078430176,1.217121226756797,0.79589332822062,331776
Mirror Moderate Bi-Kappa 3,ion,325000,42.88194444444444,2.0129551887512207,0.49678204740383275,2.014634847640991,1.9421573877334595,2.0895841121673584,4.60533332824707,4.593202590942383,4.401665210723877,4.798233985900879,1.2171395485895546,0.7958156401616661,331776
Mirror Moderate Bi-Kappa 3,ion,325500,42.94791666666667,2.0128660202026367,0.4968040544990318,2.0143046379089355,1.9418561458587646,2.0894553661346436,4.604997634887695,4.592623710632324,4.401146411895752,4.798104286193848,1.2171553775454627,0.7957106426571741,331776
Mirror Moderate Bi-Kappa 3,ion,326000,43.01388888888889,2.012765407562256,0.4968288883755915,2.0144267082214355,1.9419443607330322,2.088963031768799,4.604724407196045,4.591954231262207,4.402012348175049,4.797205924987793,1.2171682627601443,0.7955971448021115,331776
Mirror Moderate Bi-Kappa 3,ion,326500,43.079861111111114,2.0126731395721436,0.4968516647529669,2.014388084411621,1.9416600465774536,2.0889549255371094,4.604398250579834,4.591238021850586,4.399937152862549,4.7979631423950195,1.2171836460658176,0.7954894935063259,331776
Mirror Moderate Bi-Kappa 3,ion,327000,43.145833333333336,2.012596607208252,0.4968705583714252,2.0142712593078613,1.941530466079712,2.0892982482910156,4.604036808013916,4.591710090637207,4.400322437286377,4.7960944175720215,1.2172006961932562,0.7953959110149957,331776
Mirror Moderate Bi-Kappa 3,ion,327500,43.21180555555556,2.0125010013580322,0.49689416269865294,2.0140247344970703,1.941779613494873,2.0887069702148438,4.603732109069824,4.591714859008789,4.400822639465332,4.796138763427734,1.2172150716654206,0.7952859296926116,331776
Mirror Moderate Bi-Kappa 3,ion,328000,43.27777777777778,2.0123744010925293,0.49692542275289053,2.014038562774658,1.9415290355682373,2.088747501373291,4.603488922119141,4.590600490570068,4.39979887008667,4.795289516448975,1.217226546412469,0.7951478546800603,331776
Mirror Moderate Bi-Kappa 3,ion,328500,43.34375,2.012277126312256,0.49694944444984196,2.0137948989868164,1.9413883686065674,2.088472604751587,4.603199005126953,4.590587615966797,4.399140357971191,4.796249866485596,1.2172402276951788,0.795036898617077,331776
Mirror Moderate Bi-Kappa 3,ion,329000,43.40972222222222,2.0121617317199707,0.4969779437884511,2.0139827728271484,1.9410674571990967,2.0884952545166016,4.602910041809082,4.590953826904297,4.399531364440918,4.795043468475342,1.217253865688622,0.7949078660313487,331776
Mirror Moderate Bi-Kappa 3,ion,329500,43.47569444444444,2.012071132659912,0.4970003215930159,2.0134084224700928,1.9412007331848145,2.0882561206817627,4.602592468261719,4.590060710906982,4.400017738342285,4.794070720672607,1.2172688559536262,0.7948022767062859,331776
Mirror Moderate Bi-Kappa 3,ion,330000,43.54166666666667,2.011974573135376,0.49702417384015063,2.013503313064575,1.9412224292755127,2.088209390640259,4.602273464202881,4.589331150054932,4.399323463439941,4.794514179229736,1.2172839158251108,0.7946906573102652,331776
Mirror Moderate Bi-Kappa 3,ion,330500,43.60763888888889,2.01187801361084,0.49704802837684936,2.013339042663574,1.9410271644592285,2.0880136489868164,4.602000713348389,4.589731216430664,4.3984599113464355,4.794856548309326,1.2172967937835033,0.7945812198273365,331776
Mirror Moderate Bi-Kappa 3,ion,331000,43.673611111111114,2.011793851852417,0.4970688219765764,2.013481616973877,1.9409209489822388,2.0880274772644043,4.601648330688477,4.5892534255981445,4.397814750671387,4.795268535614014,1.2173134338256537,0.7944804180267633,331776
Mirror Moderate Bi-Kappa 3,ion,331500,43.739583333333336,2.011636972427368,0.4971075863620347,2.0132524967193604,1.9409600496292114,2.0875539779663086,4.601439952850342,4.588310241699219,4.398057460784912,4.794249534606934,1.2173232749414789,0.7943136974858893,331776
Mirror Moderate Bi-Kappa 3,ion,332000,43.80555555555556,2.0115339756011963,0.4971330398240604,2.0132431983947754,1.9405392408370972,2.0878257751464844,4.601132392883301,4.588308334350586,4.397185802459717,4.7938079833984375,1.2173378017869532,0.7941961738142431,331776
Mirror Moderate Bi-Kappa 3,ion,332500,43.87152777777778,2.0114738941192627,0.497147888880684,2.013075113296509,1.9407888650894165,2.087648391723633,4.600786209106445,4.588204383850098,4.397878646850586,4.793112754821777,1.2173541552573506,0.7941197388619121,331776
Mirror Moderate Bi-Kappa 3,ion,333000,43.9375,2.011348247528076,0.4971789451324446,2.0129377841949463,1.9403955936431885,2.087453842163086,4.6005144119262695,4.587749004364014,4.397292137145996,4.793203353881836,1.2173669964836156,0.7939812510444606,331776
Mirror Moderate Bi-Kappa 3,ion,333500,44.00347222222222,2.011308193206787,0.4971888462332673,2.013016939163208,1.9404138326644897,2.0873782634735107,4.600119590759277,4.587802886962891,4.397432327270508,4.792043209075928,1.2173856527575502,0.7939225404492369,331776
Mirror Moderate Bi-Kappa 3,ion,334000,44.06944444444444,2.011162757873535,0.4972247999745834,2.012669563293457,1.9404114484786987,2.087503433227539,4.599908351898193,4.586615562438965,4.396909236907959,4.792572021484375,1.2173956356298579,0.7937671222436773,331776
Mirror Moderate Bi-Kappa 3,ion,334500,44.13541666666667,2.0110690593719482,0.4972479663688414,2.0124893188476562,1.9400783777236938,2.087190628051758,4.599596977233887,4.586833953857422,4.396347999572754,4.793085098266602,1.217410352461224,0.7936587069107242,331776
Mirror Moderate Bi-Kappa 3,ion,335000,44.20138888888889,2.010948657989502,0.49727773806009345,2.0122742652893066,1.9399256706237793,2.0871500968933105,4.5993218421936035,4.5871124267578125,4.395665168762207,4.7917938232421875,1.217423358119044,0.7935252998704581,331776
Mirror Moderate Bi-Kappa 3,ion,335500,44.267361111111114,2.010878324508667,0.4972951310936914,2.0123777389526367,1.939990520477295,2.087085723876953,4.5989766120910645,4.586392879486084,4.395666122436523,4.791260719299316,1.2174396793779996,0.7934386451306674,331776
Mirror Moderate Bi-Kappa 3,ion,336000,44.333333333333336,2.010756731033325,0.49732520327613244,2.0121288299560547,1.9400640726089478,2.0867373943328857,4.598708152770996,4.586308002471924,4.395090103149414,4.791383743286133,1.2174523728794227,0.7933043581539025,331776
Mirror Moderate Bi-Kappa 3,ion,336500,44.39930555555556,2.0106453895568848,0.49735274315098627,2.012460470199585,1.9401345252990723,2.086437463760376,4.59841775894165,4.586328506469727,4.394923686981201,4.791219711303711,1.2174661051740012,0.7931792843828835,331776
Mirror Moderate Bi-Kappa 3,ion,337000,44.46527777777778,2.010514497756958,0.49738512262192375,2.012342929840088,1.9397870302200317,2.0864410400390625,4.598175048828125,4.584928035736084,4.39548397064209,4.790233612060547,1.2174775839068712,0.7930369138500868,331776
Mirror Moderate Bi-Kappa 3,ion,337500,44.53125,2.010463237762451,0.49739780425577534,2.0121588706970215,1.939679503440857,2.0864148139953613,4.597789287567139,4.58566427230835,4.394024848937988,4.791550636291504,1.2174958305949548,0.7929674071674964,331776
Mirror Moderate Bi-Kappa 3,ion,338000,44.59722222222222,2.0103182792663574,0.49743367023700275,2.011788845062256,1.9396905899047852,2.0862812995910645,4.597590446472168,4.585737705230713,4.394223690032959,4.790612697601318,1.2175052370676736,0.7928130421986839,331776
Mirror Moderate Bi-Kappa 3,ion,338500,44.66319444444444,2.0102274417877197,0.49745614810167343,2.0118885040283203,1.9397286176681519,2.086097240447998,4.597247123718262,4.5840229988098145,4.394238471984863,4.789904594421387,1.2175214803748027,0.792705961412917,331776
Mirror Moderate Bi-Kappa 3,ion,339000,44.72916666666667,2.010122776031494,0.49748205031249904,2.0115864276885986,1.9394009113311768,2.086068630218506,4.596993446350098,4.583971977233887,4.394399166107178,4.788500785827637,1.217533483932629,0.7925892920988651,331776
Mirror Moderate Bi-Kappa 3,ion,339500,44.79513888888889,2.0099737644195557,0.49751893169052486,2.0116987228393555,1.9395098686218262,2.0857582092285156,4.596766471862793,4.583252906799316,4.39352560043335,4.789662837982178,1.2175442250810622,0.7924295393384935,331776
Mirror Moderate Bi-Kappa 3,ion,340000,44.861111111111114,2.0099010467529297,0.4975369317885263,2.0113155841827393,1.9393959045410156,2.0857036113739014,4.596402168273926,4.5844292640686035,4.393255233764648,4.789370536804199,1.2175614672933477,0.792339579459582,331776
Mirror Moderate Bi-Kappa 3,ion,340500,44.927083333333336,2.0097556114196777,0.49757293589224355,2.0110793113708496,1.9388282299041748,2.0855600833892822,4.596182823181152,4.583654403686523,4.393368244171143,4.787861347198486,1.217571850048356,0.7921837613713216,331776
Mirror Moderate Bi-Kappa 3,ion,341000,44.99305555555556,2.009633779525757,0.4976031007181741,2.0110998153686523,1.9387941360473633,2.0857741832733154,4.5959062576293945,4.5836944580078125,4.392038345336914,4.789343357086182,1.217584942760736,0.7920488367650209,331776
Mirror Moderate Bi-Kappa 3,ion,341500,45.05902777777778,2.0095412731170654,0.49762600717768146,2.0109753608703613,1.938936710357666,2.085599899291992,4.595594882965088,4.582993984222412,4.392183303833008,4.788106441497803,1.2175996852348303,0.7919415878822351,331776
Mirror Moderate Bi-Kappa 3,ion,342000,45.125,2.0094003677368164,0.49766090225528226,2.0110933780670166,1.9388327598571777,2.0851309299468994,4.595382213592529,4.583072662353516,4.392212867736816,4.788143634796143,1.217609755515468,0.7917906122213485,331776
Mirror Moderate Bi-Kappa 3,ion,342500,45.19097222222222,2.0093278884887695,0.4976788535753154,2.010622978210449,1.938667893409729,2.0850462913513184,4.595025539398193,4.582703590393066,4.391818523406982,4.788456916809082,1.2176266467783265,0.791701241710443,331776
Mirror Moderate Bi-Kappa 3,ion,343000,45.25694444444444,2.009214401245117,0.49770696416484794,2.0107200145721436,1.9384658336639404,2.085508108139038,4.594769477844238,4.582740783691406,4.3909783363342285,4.788045883178711,1.2176387748769448,0.7915756263681724,331776
Mirror Moderate Bi-Kappa 3,ion,343500,45.32291666666667,2.0090606212615967,0.4977450602620674,2.0104551315307617,1.9384503364562988,2.0849194526672363,4.594558238983154,4.581975936889648,4.391544342041016,4.787130355834961,1.2176487810112764,0.7914118402503203,331776
Mirror Moderate Bi-Kappa 3,ion,344000,45.38888888888889,2.0089242458343506,0.4977788495875701,2.0105724334716797,1.9384087324142456,2.084744930267334,4.594322681427002,4.582475185394287,4.390854358673096,4.7876386642456055,1.2176599401784725,0.7912643056558781,331776
Mirror Moderate Bi-Kappa 3,ion,344500,45.454861111111114,2.0088391304016113,0.49779994070509664,2.010500907897949,1.9384613037109375,2.0845518112182617,4.593989372253418,4.581795692443848,4.39029598236084,4.787109851837158,1.2176757321294118,0.7911633982721995,331776
Mirror Moderate Bi-Kappa 3,ion,345000,45.520833333333336,2.008739948272705,0.4978245197243624,2.0100936889648438,1.937947154045105,2.0846238136291504,4.593693256378174,4.581138610839844,4.390081405639648,4.786973476409912,1.21768976381075,0.7910501844619551,331776
Mirror Moderate Bi-Kappa 3,ion,345500,45.58680555555556,2.0085959434509277,0.49786021089035976,2.010488748550415,1.9384005069732666,2.0843570232391357,4.593473434448242,4.581193923950195,4.390173435211182,4.786399841308594,1.2177001814140496,0.7908957620368782,331776
Mirror Moderate Bi-Kappa 3,ion,346000,45.65277777777778,2.0084662437438965,0.49789236095695716,2.0101537704467773,1.937744140625,2.0845212936401367,4.59321403503418,4.581355094909668,4.390420436859131,4.785943031311035,1.2177124759204823,0.7907537678234142,331776
Mirror Moderate Bi-Kappa 3,ion,346500,45.71875,2.008383274078369,0.4979129297214905,2.010145664215088,1.93787682056427,2.0843772888183594,4.5928955078125,4.580562591552734,4.390631675720215,4.785521984100342,1.2177275747508305,0.7906556993275387,331776
Mirror Moderate Bi-Kappa 3,ion,347000,45.78472222222222,2.0082285404205322,0.4979512938256497,2.0098085403442383,1.937778115272522,2.084134101867676,4.59268856048584,4.580314636230469,4.389521598815918,4.785594940185547,1.2177373855923326,0.7904911548281996,331776
Mirror Moderate Bi-Kappa 3,ion,347500,45.85069444444444,2.008119821548462,0.49797825272642326,2.0094363689422607,1.9373810291290283,2.0839385986328125,4.592394828796387,4.5803542137146,4.389915466308594,4.785157203674316,1.2177513121758496,0.7903685093726123,331776
Mirror Moderate Bi-Kappa 3,ion,348000,45.91666666666667,2.008004903793335,0.4980067519311798,2.0094287395477295,1.937446117401123,2.083491086959839,4.592133522033691,4.57959508895874,4.388619899749756,4.784875869750977,1.2177637029066908,0.7902412008866442,331776
Mirror Moderate Bi-Kappa 3,ion,348500,45.98263888888889,2.0078811645507812,0.4980374424816758,2.00941801071167,1.9375495910644531,2.083284378051758,4.591891765594482,4.579928874969482,4.388641834259033,4.78448486328125,1.2177751678497013,0.79010599670108,331776
Mirror Moderate Bi-Kappa 3,ion,349000,46.048611111111114,2.0077595710754395,0.4980676045112107,2.0095629692077637,1.9371886253356934,2.083324909210205,4.591622352600098,4.578770160675049,4.388106822967529,4.785326957702637,1.2177879457864669,0.7899716252889726,331776
Mirror Moderate Bi-Kappa 3,ion,349500,46.114583333333336,2.0076582431793213,0.49809274232670353,2.0091300010681152,1.9370851516723633,2.083498001098633,4.591331958770752,4.578723907470703,4.387612819671631,4.784276485443115,1.217801720498496,0.7898565226808252,331776
Mirror Moderate Bi-Kappa 3,ion,350000,46.18055555555556,2.007516384124756,0.49812793953160367,2.009202003479004,1.9369370937347412,2.0833005905151367,4.591098308563232,4.578987121582031,4.388014793395996,4.785316467285156,1.2178128048651928,0.789703579259563,331776
Mirror Moderate Bi-Kappa 3,ion,350500,46.24652777777778,2.007390022277832,0.4981592958528691,2.00860595703125,1.9369969367980957,2.083306074142456,4.590844631195068,4.578734397888184,4.387300491333008,4.784773349761963,1.2178248405979455,0.7895651816798865,331776
Mirror Moderate Bi-Kappa 3,ion,351000,46.3125,2.007230758666992,0.49819882227397855,2.0085220336914062,1.9367384910583496,2.0829696655273438,4.590630531311035,4.578046798706055,4.387635231018066,4.783588409423828,1.2178349996104807,0.7893957590565115,331776
Mirror Moderate Bi-Kappa 3,ion,351500,46.37847222222222,2.007134437561035,0.49822273051881255,2.008632183074951,1.9366064071655273,2.083000421524048,4.5903401374816895,4.578047752380371,4.3876824378967285,4.78362512588501,1.2178487802754876,0.7892856572855476,331776
Mirror Moderate Bi-Kappa 3,ion,352000,46.44444444444444,2.0069661140441895,0.4982645162777183,2.0083932876586914,1.9364973306655884,2.0824873447418213,4.59015417098999,4.577988147735596,4.387094497680664,4.78382682800293,1.217857606247749,0.7891085077964404,331776
Mirror Moderate Bi-Kappa 3,ion,352500,46.51041666666667,2.0068342685699463,0.49829725137820763,2.0081729888916016,1.9364805221557617,2.082359790802002,4.589917182922363,4.577730655670166,4.386386394500732,4.783754348754883,1.2178688547411456,0.7889654138288007,331776
Mirror Moderate Bi-Kappa 3,ion,353000,46.57638888888889,2.0067026615142822,0.498329931573115,2.0080769062042236,1.9361212253570557,2.08258318901062,4.589664459228516,4.578076362609863,4.385522365570068,4.783349990844727,1.2178808513962895,0.7888218101179927,331776
Mirror Moderate Bi-Kappa 3,ion,353500,46.642361111111114,2.0065653324127197,0.49836403721656414,2.008026361465454,1.9362287521362305,2.0823211669921875,4.589431285858154,4.577412128448486,4.386277198791504,4.783113479614258,1.2178919211801675,0.7886734112325522,331776
Mirror Moderate Bi-Kappa 3,ion,354000,46.708333333333336,2.006437301635742,0.4983958378289483,2.0079283714294434,1.9361546039581299,2.08184814453125,4.58921480178833,4.57730770111084,4.386109352111816,4.782329082489014,1.2179021996552262,0.788535101980516,331776
Mirror Moderate Bi-Kappa 3,ion,354500,46.77430555555556,2.006283760070801,0.49843398022855473,2.0079421997070312,1.9357635974884033,2.081942319869995,4.58899450302124,4.576810836791992,4.385653495788574,4.782007217407227,1.2179126602443375,0.7883710998264633,331776
Mirror Moderate Bi-Kappa 3,ion,355000,46.84027777777778,2.00618314743042,0.4984589773275836,2.007636547088623,1.9356244802474976,2.0817558765411377,4.588687419891357,4.576272964477539,4.385317325592041,4.782685279846191,1.21792724334744,0.78825590408298,331776
Mirror Moderate Bi-Kappa 3,ion,355500,46.90625,2.0060629844665527,0.4984888349684183,2.0077085494995117,1.9356822967529297,2.0814504623413086,4.588433265686035,4.577033042907715,4.385197162628174,4.781195163726807,1.2179393143795645,0.7881236700869882,331776
Mirror Moderate Bi-Kappa 3,ion,356000,46.97222222222222,2.005882978439331,0.4985335688814937,2.0070714950561523,1.9355449676513672,2.0814096927642822,4.5882744789123535,4.576387405395508,4.384527206420898,4.781660556793213,1.2179468566224594,0.7879361218168717,331776
Mirror Moderate Bi-Kappa 3,ion,356500,47.03819444444444,2.0057475566864014,0.49856722829669137,2.007380962371826,1.9355159997940063,2.081386089324951,4.588054180145264,4.575821399688721,4.384346961975098,4.781883239746094,1.217957321499708,0.7877902351866934,331776
Mirror Moderate Bi-Kappa 3,ion,357000,47.10416666666667,2.005629539489746,0.4985965654726101,2.007169723510742,1.9352580308914185,2.0812430381774902,4.587780952453613,4.57597541809082,4.385003089904785,4.780956268310547,1.2179703020618684,0.7876592374278777,331776
Mirror Moderate Bi-Kappa 3,ion,357500,47.17013888888889,2.0055086612701416,0.4986266174321449,2.0070018768310547,1.9353564977645874,2.0808935165405273,4.587501049041748,4.575640678405762,4.383822441101074,4.781275749206543,1.2179836013789869,0.7875250598911547,331776
Mirror Moderate Bi-Kappa 3,ion,358000,47.236111111111114,2.00537109375,0.4986608229851473,2.0069711208343506,1.9352104663848877,2.0808756351470947,4.587277889251709,4.575516700744629,4.383956432342529,4.780704021453857,1.2179942057452122,0.7873768880047878,331776
Mirror Moderate Bi-Kappa 3,ion,358500,47.302083333333336,2.005218267440796,0.49869882807135607,2.0067179203033447,1.9347022771835327,2.0805459022521973,4.58706521987915,4.575258731842041,4.383820533752441,4.7808685302734375,1.218004312575775,0.787213954865021,331776
Mirror Moderate Bi-Kappa 3,ion,359000,47.36805555555556,2.0050766468048096,0.4987340516850317,2.0063424110412598,1.9347360134124756,2.0807318687438965,4.586830139160156,4.57491397857666,4.3821539878845215,4.780390739440918,1.2180154855664873,0.7870611612383223,331776
Mirror Moderate Bi-Kappa 3,ion,359500,47.43402777777778,2.0049386024475098,0.49876839060271444,2.0063748359680176,1.9345273971557617,2.0805370807647705,4.586603164672852,4.574404239654541,4.383050918579102,4.779356002807617,1.2180262743684143,0.7869123280790955,331776
Mirror Moderate Bi-Kappa 3,ion,360000,47.5,2.0048372745513916,0.49879359920807687,2.0063822269439697,1.93425452709198,2.079911708831787,4.586323261260986,4.574167251586914,4.3825483322143555,4.780569076538086,1.2180395805168462,0.7867976940345454,331776
Mirror Moderate Bi-Kappa 3,ion,360500,47.56597222222222,2.00465726852417,0.4988383878388353,2.0062263011932373,1.9343667030334473,2.0798285007476807,4.586147308349609,4.57427978515625,4.383091449737549,4.7797651290893555,1.2180479458606541,0.7866093226635158,331776
Mirror Moderate Bi-Kappa 3,ion,361000,47.63194444444444,2.0045487880706787,0.49886538354722293,2.0058891773223877,1.9341835975646973,2.080144166946411,4.585874080657959,4.573335647583008,4.382941246032715,4.77886962890625,1.2180609372197426,0.7864878508509361,331776
Mirror Moderate Bi-Kappa 3,ion,361500,47.69791666666667,2.0043559074401855,0.49891338972684035,2.005730628967285,1.9339710474014282,2.0798730850219727,4.585733890533447,4.572915077209473,4.382757186889648,4.77946662902832,1.2180676035441893,0.7862883038959962,331776
Mirror Moderate Bi-Kappa 3,ion,362000,47.76388888888889,2.0042150020599365,0.4989484655948577,2.0057716369628906,1.9339792728424072,2.0794148445129395,4.585508823394775,4.57358455657959,4.381978988647461,4.779289245605469,1.2180783067951166,0.7861366952648199,331776
Mirror Moderate Bi-Kappa 3,ion,362500,47.829861111111114,2.004051685333252,0.49898912653727834,2.0053439140319824,1.933739423751831,2.079202651977539,4.585324764251709,4.573797225952148,4.38315486907959,4.778253555297852,1.218087060658438,0.785964624674814,331776
Mirror Moderate Bi-Kappa 3,ion,363000,47.895833333333336,2.0039546489715576,0.49901328880531626,2.005523204803467,1.9336774349212646,2.079131603240967,4.585023403167725,4.573236465454102,4.3820343017578125,4.7778191566467285,1.2181013949261665,0.7858532540453911,331776
Mirror Moderate Bi-Kappa 3,ion,363500,47.96180555555556,2.003755807876587,0.49906280798742464,2.005232810974121,1.9331610202789307,2.079232692718506,4.584898948669434,4.5724263191223145,4.38146448135376,4.779236793518066,1.2181073151656279,0.785648492710959,331776
Mirror Moderate Bi-Kappa 3,ion,364000,48.02777777777778,2.003638505935669,0.4990920253516565,2.0052268505096436,1.933663249015808,2.078746795654297,4.584625244140625,4.5731201171875,4.381823539733887,4.777304649353027,1.2181203362866024,0.7855181696490665,331776
Mirror Moderate Bi-Kappa 3,ion,364500,48.09375,2.003469228744507,0.49913419465227304,2.0048232078552246,1.9329628944396973,2.0789191722869873,4.584453105926514,4.572461128234863,4.3815531730651855,4.7790069580078125,1.2181285263246031,0.7853407024199037,331776
Mirror Moderate Bi-Kappa 3,ion,365000,48.15972222222222,2.003349542617798,0.4991640144301975,2.004761219024658,1.9332494735717773,2.0783703327178955,4.584198951721191,4.571986675262451,4.381422996520996,4.777120590209961,1.2181406196658497,0.7852089229519481,331776
Mirror Moderate Bi-Kappa 3,ion,365500,48.22569444444444,2.0031862258911133,0.4992047105131986,2.004732608795166,1.9329118728637695,2.0785255432128906,4.584019184112549,4.571871757507324,4.380877494812012,4.777516841888428,1.2181491743022879,0.7850370515888254,331776
Mirror Moderate Bi-Kappa 3,ion,366000,48.29166666666667,2.0029895305633545,0.499253732853383,2.0043721199035645,1.9327412843704224,2.078212261199951,4.583881855010986,4.571669101715088,4.38123083114624,4.77793025970459,1.2181557098612446,0.7848338207021099,331776
Mirror Moderate Bi-Kappa 3,ion,366500,48.35763888888889,2.0028700828552246,0.49928350748263883,2.0043249130249023,1.9325757026672363,2.0783677101135254,4.583613395690918,4.572338104248047,4.380163192749023,4.777493476867676,1.2181684871023604,0.7847015957528642,331776
Mirror Moderate Bi-Kappa 3,ion,367000,48.423611111111114,2.002730131149292,0.49931839764458796,2.0039567947387695,1.9324098825454712,2.078098773956299,4.583404541015625,4.572082042694092,4.380326271057129,4.77766227722168,1.2181784285134065,0.7845517026358855,331776
Mirror Moderate Bi-Kappa 3,ion,367500,48.489583333333336,2.002528190612793,0.4993687503065764,2.0039632320404053,1.9320666790008545,2.0778250694274902,4.5832743644714355,4.571175575256348,4.38055419921875,4.776784420013428,1.2181846253306996,0.7843435652820934,331776
Mirror Moderate Bi-Kappa 3,ion,368000,48.55555555555556,2.0023882389068604,0.4994036523835747,2.0036516189575195,1.9323397874832153,2.077707290649414,4.5830488204956055,4.5709228515625,4.379735946655273,4.777254581451416,1.2181953627742201,0.7841928761326402,331776
Mirror Moderate Bi-Kappa 3,ion,368500,48.62152777777778,2.0022523403167725,0.4994375483370852,2.0036134719848633,1.9323234558105469,2.0771265029907227,4.582827568054199,4.571507453918457,4.379311561584473,4.7769904136657715,1.2182058969381178,0.7840464433786547,331776
Mirror Moderate Bi-Kappa 3,ion,369000,48.6875,2.0020689964294434,0.4994832854329363,2.003363847732544,1.931662917137146,2.0775322914123535,4.58266019821167,4.570888519287109,4.379807472229004,4.776988506317139,1.2182138663456301,0.7838551300838132,331776
Mirror Moderate Bi-Kappa 3,ion,369500,48.75347222222222,2.0019149780273438,0.4995217134472837,2.0032410621643066,1.9316062927246094,2.077362060546875,4.582467555999756,4.570531368255615,4.379633903503418,4.776126384735107,1.218223039831611,0.7836919381957328,331776
Mirror Moderate Bi-Kappa 3,ion,370000,48.81944444444444,2.001730442047119,0.4995677634683545,2.003194808959961,1.9316034317016602,2.076937198638916,4.582294940948486,4.570505142211914,4.379651069641113,4.775331497192383,1.2182312602935617,0.7834991817535575,331776
Mirror Moderate Bi-Kappa 3,ion,370500,48.88541666666667,2.0015532970428467,0.49961197709670246,2.0028300285339355,1.9315011501312256,2.0764806270599365,4.582151412963867,4.570560455322266,4.3793044090271,4.775827884674072,1.2182380960111423,0.7833152010317044,331776
Mirror Moderate Bi-Kappa 3,ion,371000,48.95138888888889,2.0013768672943115,0.4996560199838392,2.0029044151306152,1.9309488534927368,2.0770201683044434,4.581986904144287,4.570199012756348,4.37921142578125,4.776249885559082,1.2182459314965581,0.7831309357977534,331776
Mirror Moderate Bi-Kappa 3,ion,371500,49.017361111111114,2.0012388229370117,0.49969048598227933,2.002804756164551,1.9312188625335693,2.0760371685028076,4.58174467086792,4.570085525512695,4.37879753112793,4.775096416473389,1.218257469989171,0.7829813529478407,331776
Mirror Moderate Bi-Kappa 3,ion,372000,49.083333333333336,2.0010879039764404,0.4997281718673431,2.0025010108947754,1.9310622215270996,2.0763750076293945,4.58152961730957,4.569736480712891,4.378235816955566,4.776035785675049,1.2182677148308458,0.7828201891455946,331776
Mirror Moderate Bi-Kappa 3,ion,372500,49.14930555555556,2.0009591579437256,0.49976032545693955,2.00248384475708,1.9310945272445679,2.0757577419281006,4.5812883377075195,4.569064617156982,4.377469062805176,4.775555610656738,1.2182792101883726,0.782679947755353,331776
Mirror Moderate Bi-Kappa 3,ion,373000,49.21527777777778,2.0007410049438477,0.49981481737465855,2.0022716522216797,1.9305036067962646,2.0755972862243652,4.581179618835449,4.570408821105957,4.377895355224609,4.774822235107422,1.218284390310416,0.7824566146334317,331776
Mirror Moderate Bi-Kappa 3,ion,373500,49.28125,2.000579833984375,0.49985508351765695,2.0018274784088135,1.9303556680679321,2.0754780769348145,4.581022262573242,4.570125579833984,4.378469467163086,4.774667739868164,1.2182918882909515,0.7822879456934235,331776
Mirror Moderate Bi-Kappa 3,ion,374000,49.34722222222222,2.000436305999756,0.4998909472902368,2.001591682434082,1.930260181427002,2.075413227081299,4.580792427062988,4.568308353424072,4.377215385437012,4.774843692779541,1.2183028408124483,0.7821334651873075,331776
Mirror Moderate Bi-Kappa 3,ion,374500,49.41319444444444,2.0002312660217285,0.4999421901792915,2.0017752647399902,1.9302937984466553,2.075270414352417,4.580657005310059,4.569314002990723,4.3781609535217285,4.774420261383057,1.2183092946799476,0.7819219713417809,331776
Mirror Moderate Bi-Kappa 3,ion,375000,49.47916666666667,2.0000269412994385,0.49999326476586836,2.0013961791992188,1.9297468662261963,2.075075149536133,4.580547332763672,4.5693678855896,4.3776140213012695,4.774211406707764,1.2183145216832965,0.781712419616142,331776
Mirror Moderate Bi-Kappa 3,ion,375500,49.54513888888889,1.9998786449432373,0.5000303406051836,2.001267194747925,1.9298267364501953,2.0751419067382812,4.580325603485107,4.569412708282471,4.376429080963135,4.775122165679932,1.2183250900851053,0.781553554858132,331776
Mirror Moderate Bi-Kappa 3,ion,376000,49.611111111111114,1.9997246265411377,0.5000688528448386,2.0010974407196045,1.929797887802124,2.0747971534729004,4.580127716064453,4.5685648918151855,4.376827239990234,4.7741379737854,1.2183345229637539,0.7813901035773838,331776
Mirror Moderate Bi-Kappa 3,ion,376500,49.677083333333336,1.9995197057724,0.5001201023991445,2.000943183898926,1.9294073581695557,2.0743579864501953,4.579999923706055,4.568343162536621,4.3771281242370605,4.7735700607299805,1.2183406149908442,0.7811790907815557,331776
Mirror Moderate Bi-Kappa 3,ion,377000,49.74305555555556,1.9992926120758057,0.5001769095528893,2.0005741119384766,1.9294803142547607,2.0743846893310547,4.579931735992432,4.568624496459961,4.376504421234131,4.774735450744629,1.2183438657264853,0.7809487463493203,331776
Mirror Moderate Bi-Kappa 3,ion,377500,49.80902777777778,1.999129295349121,0.5002177709698179,2.0005507469177246,1.9291456937789917,2.0740580558776855,4.5797438621521,4.567931175231934,4.376118183135986,4.7744340896606445,1.2183528227995883,0.7807764725495328,331776
Mirror Moderate Bi-Kappa 3,ion,378000,49.875,1.9989830255508423,0.5002543729576887,2.000286817550659,1.9292035102844238,2.073683500289917,4.5795392990112305,4.568455696105957,4.37690544128418,4.773366928100586,1.2183625763875223,0.78062044916332,331776
Mirror Moderate Bi-Kappa 3,ion,378500,49.94097222222222,1.9987711906433105,0.5003073912017648,2.0001416206359863,1.9287890195846558,2.073704719543457,4.579412460327148,4.567513465881348,4.375633716583252,4.77435827255249,1.218368624504411,0.7804025661388996,331776
Mirror Moderate Bi-Kappa 3,ion,379000,50.00694444444444,1.9986135959625244,0.5003468414405556,2.0001347064971924,1.928601622581482,2.073497772216797,4.579207897186279,4.567385196685791,4.376310348510742,4.772898197174072,1.218378379504118,0.7802352164584063,331776
Mirror Moderate Bi-Kappa 3,ion,379500,50.07291666666667,1.9984019994735718,0.5003998195875627,1.9998600482940674,1.9281744956970215,2.0731759071350098,4.579126834869385,4.56719970703125,4.376121997833252,4.7736711502075195,1.2183822453628377,0.7800197541107341,331776
Mirror Moderate Bi-Kappa 3,ion,380000,50.13888888888889,1.9982306957244873,0.5004427177200557,1.9995980262756348,1.928173542022705,2.073223114013672,4.578929901123047,4.5670976638793945,4.374929428100586,4.773841381072998,1.2183916376956843,0.779839058028803,331776
Mirror Moderate Bi-Kappa 3,ion,380500,50.204861111111114,1.998042106628418,0.5004899529807422,1.9995276927947998,1.9281227588653564,2.072974920272827,4.578780174255371,4.5673089027404785,4.376225471496582,4.772828102111816,1.2183987791382944,0.7796433274901235,331776
Mirror Moderate Bi-Kappa 3,ion,381000,50.270833333333336,1.997804045677185,0.50054959202019,1.9991939067840576,1.9280803203582764,2.0726585388183594,4.578734874725342,4.567171096801758,4.3750457763671875,4.773210525512695,1.2184009398578652,0.7794031058193198,331776
Mirror Moderate Bi-Kappa 3,ion,381500,50.33680555555556,1.9976760149002075,0.5005816721736804,1.9992034435272217,1.9277334213256836,2.0724382400512695,4.578469753265381,4.5669450759887695,4.374691009521484,4.773227691650391,1.2184135866108532,0.7792624282893543,331776
Mirror Moderate Bi-Kappa 3,ion,382000,50.40277777777778,1.997451901435852,0.500637837277162,1.9989845752716064,1.9277801513671875,2.072201728820801,4.578372955322266,4.567048072814941,4.3753204345703125,4.772917747497559,1.2184182044054581,0.7790336970303939,331776
Mirror Moderate Bi-Kappa 3,ion,382500,50.46875,1.9972368478775024,0.5006917437271984,1.9986846446990967,1.9272243976593018,2.072144031524658,4.578275680541992,4.566519737243652,4.374423027038574,4.772570610046387,1.218422845144532,0.7788140027329704,331776
Mirror Moderate Bi-Kappa 3,ion,383000,50.53472222222222,1.9970567226409912,0.5007369037958813,1.9982123374938965,1.9275448322296143,2.071453809738159,4.578143119812012,4.5672101974487305,4.375194072723389,4.771833419799805,1.2184291696064455,0.7786275530345457,331776
Mirror Moderate Bi-Kappa 3,ion,383500,50.60069444444444,1.9968852996826172,0.5007798896406013,1.9979968070983887,1.9271482229232788,2.0716943740844727,4.577934265136719,4.566743850708008,4.374800205230713,4.772851467132568,1.218439134789572,0.7784461648930452,331776
Mirror Moderate Bi-Kappa 3,ion,384000,50.66666666666667,1.9966672658920288,0.5008345742340005,1.9978116750717163,1.9267961978912354,2.0716309547424316,4.577840805053711,4.566275596618652,4.374290466308594,4.771459102630615,1.21844359438975,0.7782236715022788,331776
Mirror Moderate Bi-Kappa 3,ion,384500,50.73263888888889,1.9964652061462402,0.5008852630746776,1.997598648071289,1.926997423171997,2.0706233978271484,4.577724456787109,4.565887928009033,4.375758647918701,4.771675109863281,1.218449146391361,0.7780160597548793,331776
Mirror Moderate Bi-Kappa 3,ion,385000,50.798611111111114,1.9962668418884277,0.50093503484435,1.997738003730774,1.92603600025177,2.071230888366699,4.5776190757751465,4.565864562988281,4.37498140335083,4.772315502166748,1.2184541752921338,0.7778126665962939,331776
Mirror Moderate Bi-Kappa 3,ion,385500,50.864583333333336,1.996105432510376,0.5009755415285669,1.9976431131362915,1.9264755249023438,2.070664644241333,4.577413558959961,4.5668511390686035,4.374919891357422,4.771239757537842,1.2184639834525266,0.7776414490578494,331776
Mirror Moderate Bi-Kappa 3,ion,386000,50.93055555555556,1.9958887100219727,0.501029939684859,1.9971818923950195,1.9261301755905151,2.0704896450042725,4.5772881507873535,4.565801620483398,4.374368190765381,4.771318435668945,1.2184699689111744,0.7774187411107982,331776
Mirror Moderate Bi-Kappa 3,ion,386500,50.99652777777778,1.995679497718811,0.5010824639643108,1.9969209432601929,1.9259614944458008,2.070507526397705,4.577203273773193,4.565765380859375,4.374782562255859,4.771017551422119,1.2184740200921107,0.7772054776267003,331776
Mirror Moderate Bi-Kappa 3,ion,387000,51.0625,1.9954668283462524,0.5011358674545104,1.996672511100769,1.9259061813354492,2.069927453994751,4.5771002769470215,4.566191673278809,4.374577522277832,4.770662307739258,1.218478936333685,0.7769878920125675,331776
Mirror Moderate Bi-Kappa 3,ion,387500,51.12847222222222,1.995255708694458,0.5011888930538748,1.9966185092926025,1.9259507656097412,2.069840669631958,4.576974391937256,4.5656843185424805,4.37369441986084,4.771749019622803,1.218484945373867,0.7767707633205909,331776
Mirror Moderate Bi-Kappa 3,ion,388000,51.19444444444444,1.995050072669983,0.50124055215401,1.996191143989563,1.9253780841827393,2.0696558952331543,4.576841354370117,4.565180778503418,4.373396873474121,4.771217346191406,1.2184912961960475,0.7765587764739355,331776
Mirror Moderate Bi-Kappa 3,ion,388500,51.26041666666667,1.9948360919952393,0.5012943188729846,1.9962565898895264,1.925345540046692,2.069179058074951,4.576735496520996,4.565393924713135,4.373116970062256,4.771230220794678,1.2184963498022006,0.7763397421930387,331776
Mirror Moderate Bi-Kappa 3,ion,389000,51.32638888888889,1.9946575164794922,0.5013391982022901,1.995941162109375,1.9251344203948975,2.069279670715332,4.5765838623046875,4.565559387207031,4.373149871826172,4.770474433898926,1.2185035891588398,0.7761539273206524,331776
Mirror Moderate Bi-Kappa 3,ion,389500,51.392361111111114,1.994428277015686,0.5013968220989754,1.995602011680603,1.9246430397033691,2.068688154220581,4.5764899253845215,4.565062999725342,4.373271942138672,4.771788597106934,1.2185080741581615,0.7759202028575245,331776
Mirror Moderate Bi-Kappa 3,ion,390000,51.458333333333336,1.9942214488983154,0.5014488238266811,1.9954578876495361,1.9245389699935913,2.068885087966919,4.576377868652344,4.56550407409668,4.373480319976807,4.771610260009766,1.2185134245250777,0.7757080243732377,331776
Mirror Moderate Bi-Kappa 3,ion,390500,51.52430555555556,1.9940099716186523,0.5015020056234938,1.9953241348266602,1.9238743782043457,2.0689783096313477,4.576268672943115,4.565556526184082,4.372445106506348,4.770917892456055,1.218518638538955,0.7754913330796973,331776
Mirror Moderate Bi-Kappa 3,ion,391000,51.59027777777778,1.9938087463378906,0.5015526197468742,1.995180368423462,1.9241132736206055,2.0684056282043457,4.576141357421875,4.564095973968506,4.372612953186035,4.770884037017822,1.218524718074571,0.7752840282633195,331776
Mirror Moderate Bi-Kappa 3,ion,391500,51.65625,1.993599534034729,0.5016052536770806,1.995042085647583,1.9239583015441895,2.0679678916931152,4.576056957244873,4.564239978790283,4.372600555419922,4.770844459533691,1.2185287485149823,0.7750707855197467,331776
Mirror Moderate Bi-Kappa 3,ion,392000,51.72222222222222,1.9933719635009766,0.5016625187422077,1.994645118713379,1.923568606376648,2.067765474319458,4.575952529907227,4.56424617767334,4.373175621032715,4.77077054977417,1.2185337355368664,0.7748382279641102,331776
Mirror Moderate Bi-Kappa 3,ion,392500,51.78819444444444,1.993143081665039,0.5017201269688157,1.9944417476654053,1.9234635829925537,2.067850112915039,4.575869560241699,4.564072608947754,4.372607707977295,4.7710161209106445,1.2185376979904952,0.7746053836745439,331776
Mirror Moderate Bi-Kappa 3,ion,393000,51.85416666666667,1.992921233177185,0.5017759775712585,1.9941043853759766,1.9232268333435059,2.0674664974212646,4.575762748718262,4.564657688140869,4.3730268478393555,4.770434379577637,1.2185427992917934,0.7743784338853916,331776
Mirror Moderate Bi-Kappa 3,ion,393500,51.92013888888889,1.9927177429199219,0.5018272174034561,1.9938982725143433,1.9231910705566406,2.0671639442443848,4.575655460357666,4.564695358276367,4.372403144836426,4.770825386047363,1.2185479236065193,0.7741698193134026,331776
Mirror Moderate Bi-Kappa 3,ion,394000,51.986111111111114,1.9924923181533813,0.5018839926704401,1.993506669998169,1.922778606414795,2.0670862197875977,4.575561046600342,4.56422758102417,4.372365951538086,4.769866943359375,1.2185524332022635,0.7739398849511179,331776
Mirror Moderate Bi-Kappa 3,ion,394500,52.052083333333336,1.9922477006912231,0.5019456163272487,1.9934698343276978,1.9229061603546143,2.0666873455047607,4.575507640838623,4.5640082359313965,4.371676921844482,4.770513534545898,1.2185549841671153,0.7736927165241079,331776
Mirror Moderate Bi-Kappa 3,ion,395000,52.11805555555556,1.9920316934585571,0.5020000451216738,1.9931867122650146,1.9226083755493164,2.066324234008789,4.575411319732666,4.56469202041626,4.372340679168701,4.769357204437256,1.2185595851649964,0.7734721082935607,331776
Mirror Moderate Bi-Kappa 3,ion,395500,52.18402777777778,1.991790771484375,0.5020607657774986,1.9929959774017334,1.9221394062042236,2.0660929679870605,4.575325965881348,4.5647687911987305,4.372432708740234,4.770573616027832,1.2185636624487737,0.7732271090356013,331776
Mirror Moderate Bi-Kappa 3,ion,396000,52.25,1.9915968179702759,0.5021096594335515,1.9925510883331299,1.9218721389770508,2.065962553024292,4.5752058029174805,4.563764572143555,4.371809959411621,4.7701921463012695,1.218569402793275,0.7730274151770009,331776
Mirror Moderate Bi-Kappa 3,ion,396500,52.31597222222222,1.9913420677185059,0.5021738937829535,1.9926559925079346,1.9218610525131226,2.0656399726867676,4.575134754180908,4.563714981079102,4.371949195861816,4.770385265350342,1.2185727970277087,0.7727692706907971,331776
Mirror Moderate Bi-Kappa 3,ion,397000,52.38194444444444,1.9911118745803833,0.5022319502819222,1.992401123046875,1.921605110168457,2.0651650428771973,4.575055122375488,4.564355850219727,4.371490478515625,4.770016670227051,1.218576601429181,0.7725352731512023,331776
Mirror Moderate Bi-Kappa 3,ion,397500,52.447916666666664,1.99091637134552,0.5022812682604898,1.9919496774673462,1.921700358390808,2.0649237632751465,4.574900150299072,4.563529968261719,4.371495723724365,4.770079135894775,1.2185840055841717,0.7723323657613483,331776
Mirror Moderate Bi-Kappa 3,ion,398000,52.51388888888889,1.9906504154205322,0.5023483743069705,1.9918640851974487,1.9211087226867676,2.065272808074951,4.574887752532959,4.5627241134643555,4.371585369110107,4.769965648651123,1.218584597938241,0.7720658174822912,331776
Mirror Moderate Bi-Kappa 3,ion,398500,52.579861111111114,1.9903953075408936,0.5024127600237797,1.9917911291122437,1.9209599494934082,2.064812660217285,4.574864864349365,4.563760280609131,4.372086048126221,4.769082546234131,1.2185856915234194,0.7718096160174741,331776
Mirror Moderate Bi-Kappa 3,ion,399000,52.64583333333334,1.9901231527328491,0.5024814663488508,1.9912614822387695,1.920747995376587,2.0641024112701416,4.574849605560303,4.563875675201416,4.371544361114502,4.769442558288574,1.218586420586284,0.7715367321465652,331776
Mirror Moderate Bi-Kappa 3,ion,399500,52.71180555555555,1.9899144172668457,0.5025341749990954,1.991175651550293,1.9207217693328857,2.0638885498046875,4.57471227645874,4.563528060913086,4.371285915374756,4.769466400146484,1.2185929823709252,0.7713214348959205,331776
Mirror Moderate Bi-Kappa 3,ion,400000,52.77777777777778,1.9896577596664429,0.5025989998237915,1.9910902976989746,1.920129418373108,2.0637247562408447,4.574671745300293,4.563602924346924,4.371803283691406,4.769670486450195,1.2185949190840484,0.7710628405823945,331776
Mirror Moderate Bi-Kappa 3,ion,400500,52.84375,1.9894100427627563,0.5026615823308445,1.9906947612762451,1.919870376586914,2.0638012886047363,4.574626922607422,4.563756465911865,4.371213912963867,4.769378185272217,1.2185970609008756,0.7708129818618807,331776
Mirror Moderate Bi-Kappa 3,ion,401000,52.90972222222223,1.9891434907913208,0.5027289406870191,1.9904804229736328,1.9197076559066772,2.0633158683776855,4.574599742889404,4.564003944396973,4.372003555297852,4.768784523010254,1.2185983596825853,0.7705451311087355,331776
Mirror Moderate Bi-Kappa 3,ion,401500,52.97569444444444,1.9888817071914673,0.5027951116369392,1.9904017448425293,1.9191734790802002,2.0632431507110596,4.5745744705200195,4.563445091247559,4.371251106262207,4.7695465087890625,1.2185995673355654,0.7702821398559019,331776
Mirror Moderate Bi-Kappa 3,ion,402000,53.041666666666664,1.9886540174484253,0.5028526788601801,1.9899206161499023,1.9189777374267578,2.063023567199707,4.574479579925537,4.562885284423828,4.371695518493652,4.769659996032715,1.218604101849828,0.7700499155985974,331776
Mirror Moderate Bi-Kappa 3,ion,402500,53.10763888888889,1.9883583784103394,0.502927445503805,1.989656925201416,1.9189679622650146,2.062403917312622,4.574495315551758,4.563549041748047,4.372561454772949,4.768619537353516,1.21860334988219,0.7697550285281494,331776
Mirror Moderate Bi-Kappa 3,ion,403000,53.173611111111114,1.988141655921936,0.5029822684019376,1.9893789291381836,1.9188735485076904,2.0621464252471924,4.574370861053467,4.563628196716309,4.3708109855651855,4.769899368286133,1.21860929740395,0.7695323585179861,331776
Mirror Moderate Bi-Kappa 3,ion,403500,53.23958333333334,1.987849235534668,0.5030562590583143,1.9891417026519775,1.918365240097046,2.061816453933716,4.574399948120117,4.56296443939209,4.371686935424805,4.769532203674316,1.218607907341149,0.7692413281935189,331776
Mirror Moderate Bi-Kappa 3,ion,404000,53.30555555555555,1.9876121282577515,0.5031162699115515,1.988668441772461,1.9182889461517334,2.0615200996398926,4.5743513107299805,4.56356143951416,4.370427131652832,4.769796848297119,1.2186102317183896,0.7690018965393619,331776
Mirror Moderate Bi-Kappa 3,ion,404500,53.37152777777778,1.9873429536819458,0.5031844142186441,1.9887136220932007,1.9179670810699463,2.0616092681884766,4.574304103851318,4.563292026519775,4.371947288513184,4.7685089111328125,1.218612487778863,0.7687304659030827,331776
Mirror Moderate Bi-Kappa 3,ion,405000,53.4375,1.9870706796646118,0.5032533619633426,1.9882782697677612,1.9174243211746216,2.0610742568969727,4.574308395385742,4.563536643981934,4.370957374572754,4.768893241882324,1.2186122826805323,0.7684583969840795,331776
Mirror Moderate Bi-Kappa 3,ion,405500,53.50347222222223,1.986808180809021,0.50331985224301,1.9879283905029297,1.917346477508545,2.06072735786438,4.57427453994751,4.56312370300293,4.371852397918701,4.768682956695557,1.2186139006889332,0.7681942801200878,331776
Mirror Moderate Bi-Kappa 3,ion,406000,53.56944444444444,1.9865376949310303,0.5033883839967701,1.9877965450286865,1.9173526763916016,2.0602433681488037,4.574224472045898,4.563604354858398,4.371347427368164,4.769834518432617,1.2186162935621594,0.7679214013688709,331776
Mirror Moderate Bi-Kappa 3,ion,406500,53.635416666666664,1.986290454864502,0.5034510423946112,1.987487554550171,1.9172124862670898,2.059947967529297,4.574179172515869,4.56412410736084,4.372011661529541,4.769024848937988,1.2186184585878355,0.7676719962766665,331776
Mirror Moderate Bi-Kappa 3,ion,407000,53.70138888888889,1.9860023260116577,0.5035240829794124,1.987375259399414,1.9170866012573242,2.0597760677337646,4.57417631149292,4.563129425048828,4.371450424194336,4.768751621246338,1.2186185953277389,0.7673837306839189,331776
Mirror Moderate Bi-Kappa 3,ion,407500,53.767361111111114,1.985705018043518,0.5035994726876821,1.9868297576904297,1.9163990020751953,2.0595593452453613,4.57421350479126,4.563486576080322,4.369874954223633,4.769936561584473,1.2186168177223364,0.7670882003211816,331776
Mirror Moderate Bi-Kappa 3,ion,408000,53.83333333333334,1.9854155778884888,0.5036728890097211,1.9869272708892822,1.9161922931671143,2.059739589691162,4.574223041534424,4.5629987716674805,4.370077610015869,4.769838809967041,1.2186163619307355,0.7667992159577532,331776
Mirror Moderate Bi-Kappa 3,ion,408500,53.89930555555555,1.985129714012146,0.5037454192244696,1.9865150451660156,1.9158459901809692,2.0590715408325195,4.574213981628418,4.562527656555176,4.370720386505127,4.769707202911377,1.2186167949327111,0.7665129190794349,331776
Mirror Moderate Bi-Kappa 3,ion,409000,53.96527777777778,1.9848319292068481,0.5038209962692441,1.9860329627990723,1.915709137916565,2.058485507965088,4.5742340087890625,4.562774658203125,4.3717265129089355,4.7691802978515625,1.2186158377727443,0.7662160914341039,331776
Mirror Moderate Bi-Kappa 3,ion,409500,54.03125,1.9845846891403198,0.5038837624174047,1.9856061935424805,1.91546630859375,2.0578415393829346,4.574172496795654,4.563353538513184,4.371795654296875,4.769437789916992,1.2186187776478763,0.7659659114924435,331776
Mirror Moderate Bi-Kappa 3,ion,410000,54.09722222222223,1.9842705726623535,0.5039635288539662,1.985429048538208,1.9150142669677734,2.0583860874176025,4.574233531951904,4.562542915344238,4.370436668395996,4.77023983001709,1.21861586056217,0.7656547121001835,331776
Mirror Moderate Bi-Kappa 3,ion,410500,54.16319444444444,1.983964204788208,0.504041351949065,1.9850022792816162,1.9149127006530762,2.0580501556396484,4.574292182922363,4.563028812408447,4.37111234664917,4.769942283630371,1.2186130574984682,0.7653511472897399,331776
Mirror Moderate Bi-Kappa 3,ion,411000,54.229166666666664,1.983717679977417,0.5041039912551388,1.9850587844848633,1.9147546291351318,2.057410955429077,4.57421350479126,4.564037322998047,4.37088680267334,4.7705607414245605,1.2186168177223364,0.7651008622550806,331776
Mirror Moderate Bi-Kappa 3,ion,411500,54.29513888888889,1.9834486246109009,0.5041723731040288,1.984785556793213,1.9139623641967773,2.0573086738586426,4.574182510375977,4.563019275665283,4.370876312255859,4.769783973693848,1.2186182990581642,0.7648303255527367,331776
Mirror Moderate Bi-Kappa 3,ion,412000,54.361111111111114,1.983107566833496,0.5042590814157087,1.9843193292617798,1.9139477014541626,2.056766986846924,4.574279308319092,4.563845157623291,4.370871067047119,4.7699761390686035,1.218613672798977,0.7644938940345192,331776
Mirror Moderate Bi-Kappa 3,ion,412500,54.42708333333334,1.9828263521194458,0.5043305980531773,1.9840328693389893,1.9139113426208496,2.0564286708831787,4.574272155761719,4.563645362854004,4.371786117553711,4.768572807312012,1.2186140146340894,0.7642123374853564,331776
Mirror Moderate Bi-Kappa 3,ion,413000,54.49305555555555,1.9825090169906616,0.5044113249572728,1.9839622974395752,1.91324782371521,2.056123733520508,4.57433557510376,4.562963008880615,4.370813846588135,4.769541263580322,1.2186109837333736,0.763898033257288,331776
Mirror Moderate Bi-Kappa 3,ion,413500,54.55902777777778,1.9822137355804443,0.5044864648297747,1.9834480285644531,1.912954330444336,2.055850028991699,4.574342250823975,4.563303470611572,4.371126174926758,4.769067287445068,1.2186106646960817,0.7636030708843626,331776
Mirror Moderate Bi-Kappa 3,ion,414000,54.625,1.9819365739822388,0.5045570141484061,1.9830610752105713,1.9125938415527344,2.055748224258423,4.574336528778076,4.5632476806640625,4.370946884155273,4.77019739151001,1.2186109381565606,0.7633256358256781,331776
Mirror Moderate Bi-Kappa 3,ion,414500,54.69097222222223,1.981598973274231,0.5046429744297265,1.9827075004577637,1.9125882387161255,2.055295944213867,4.574405193328857,4.56328010559082,4.370469093322754,4.770078182220459,1.218607656675968,0.7629913165982629,331776
Mirror Moderate Bi-Kappa 3,ion,415000,54.75694444444444,1.981323480606079,0.5047131423961644,1.9828815460205078,1.912276268005371,2.054957389831543,4.574367046356201,4.5631303787231445,4.370421886444092,4.770514965057373,1.2186094797085794,0.7627140008974997,331776
Mirror Moderate Bi-Kappa 3,ion,415500,54.822916666666664,1.9810001850128174,0.504795510654397,1.9821267127990723,1.9119796752929688,2.0545926094055176,4.574458599090576,4.563133239746094,4.371207237243652,4.769564151763916,1.2186051044813926,0.7623950805314248,331776
Mirror Moderate Bi-Kappa 3,ion,416000,54.88888888888889,1.9807069301605225,0.504870248481918,1.9819443225860596,1.911985158920288,2.054161548614502,4.574470520019531,4.564213275909424,4.370420455932617,4.77068567276001,1.2186045348032388,0.7621023953572836,331776
Mirror Moderate Bi-Kappa 3,ion,416500,54.954861111111114,1.9803780317306519,0.5049540966307833,1.9816629886627197,1.9112215042114258,2.054246664047241,4.574524879455566,4.5647993087768555,4.370777606964111,4.771130084991455,1.2186019371084968,0.761776094622155,331776
Mirror Moderate Bi-Kappa 3,ion,417000,55.02083333333334,1.980036735534668,0.5050411348706471,1.9813103675842285,1.9111030101776123,2.053553581237793,4.574625492095947,4.56391716003418,4.370180130004883,4.77167272567749,1.218597129257423,0.761439606277245,331776
Mirror Moderate Bi-Kappa 3,ion,417500,55.08680555555555,1.979753017425537,0.5051135122402268,1.9809134006500244,1.910419225692749,2.0535523891448975,4.574624538421631,4.564323902130127,4.370968341827393,4.770219802856445,1.2185971748284783,0.7611558425970588,331776
Mirror Moderate Bi-Kappa 3,ion,418000,55.15277777777778,1.9793975353240967,0.5052042261112875,1.9805381298065186,1.9102281332015991,2.0530567169189453,4.5747199058532715,4.5640339851379395,4.371584892272949,4.770720481872559,1.2185926178169986,0.7608049175070981,331776
Mirror Moderate Bi-Kappa 3,ion,418500,55.21875,1.9791271686553955,0.5052732415771911,1.9801568984985352,1.9102697372436523,2.0524613857269287,4.57470703125,4.56403923034668,4.371899127960205,4.771009922027588,1.218593233002455,0.7605339356529406,331776
Mirror Moderate Bi-Kappa 3,ion,419000,55.28472222222223,1.9788187742233276,0.5053519872695229,1.979781150817871,1.9100403785705566,2.052520513534546,4.57471227645874,4.56309700012207,4.370968818664551,4.771453380584717,1.2185929823709252,0.7602257918524025,331776
Mirror Moderate Bi-Kappa 3,ion,419500,55.35069444444444,1.978522539138794,0.5054276512994779,1.9798108339309692,1.9096953868865967,2.0519626140594482,4.574753284454346,4.563838958740234,4.3715362548828125,4.771487236022949,1.2185910229078671,0.7599315162309268,331776
Mirror Moderate Bi-Kappa 3,ion,420000,55.416666666666664,1.9781670570373535,0.5055184780489028,1.9792070388793945,1.90937077999115,2.0516228675842285,4.574850082397461,4.564915180206299,4.371003150939941,4.770585536956787,1.2185863978029958,0.7595806592343577,331776
Mirror Moderate Bi-Kappa 3,ion,420500,55.48263888888889,1.977804183959961,0.5056112268899134,1.978990077972412,1.9089243412017822,2.0513665676116943,4.575005054473877,4.564103126525879,4.371493339538574,4.770252227783203,1.2185789934859426,0.7592251904740184,331776
Mirror Moderate Bi-Kappa 3,ion,421000,55.548611111111114,1.977477788925171,0.5056946811744143,1.9789053201675415,1.9085183143615723,2.050868034362793,4.575046539306641,4.564435005187988,4.37100076675415,4.771299362182617,1.218577011492336,0.7589007774328349,331776
Mirror Moderate Bi-Kappa 3,ion,421500,55.61458333333334,1.9771593809127808,0.505776119848435,1.9783337116241455,1.9084272384643555,2.05051851272583,4.5750555992126465,4.564812183380127,4.371888160705566,4.77095890045166,1.2185765786479397,0.7585828022648411,331776
Mirror Moderate Bi-Kappa 3,ion,422000,55.68055555555555,1.9768338203430176,0.5058594150450549,1.9779834747314453,1.90817391872406,2.049943685531616,4.575139045715332,4.564517021179199,4.371685028076172,4.771118640899658,1.2185725920038455,0.7582612283391721,331776
Mirror Moderate Bi-Kappa 3,ion,422500,55.74652777777778,1.9764742851257324,0.5059514345952574,1.977769374847412,1.9074718952178955,2.0501551628112793,4.575273036956787,4.564661979675293,4.370788097381592,4.772300720214844,1.2185661908966954,0.757908094229037,331776
Mirror Moderate Bi-Kappa 3,ion,423000,55.8125,1.9761579036712646,0.5060324370548633,1.9770522117614746,1.9073724746704102,2.0494327545166016,4.575285911560059,4.564149856567383,4.371782302856445,4.771474838256836,1.2185655758634382,0.7575923278078265,331776
Mirror Moderate Bi-Kappa 3,ion,423500,55.87847222222223,1.975749135017395,0.5061371316208096,1.977156162261963,1.9073666334152222,2.048926830291748,4.575491428375244,4.565116882324219,4.371797561645508,4.771728515625,1.2185557585789424,0.7571933764384526,331776
Mirror Moderate Bi-Kappa 3,ion,424000,55.94444444444444,1.9754061698913574,0.5062250058958748,1.9764988422393799,1.9064065217971802,2.0490143299102783,4.575585842132568,4.564654350280762,4.3710222244262695,4.772784233093262,1.2185512488459673,0.7568549210453901,331776
Mirror Moderate Bi-Kappa 3,ion,424500,56.010416666666664,1.9750832319259644,0.5063077767233481,1.9760158061981201,1.9065576791763306,2.048320770263672,4.575629234313965,4.564772605895996,4.371454238891602,4.772371768951416,1.218549176253336,0.7565340556726283,331776
Mirror Moderate Bi-Kappa 3,ion,425000,56.07638888888889,1.9747047424316406,0.5064048201801579,1.9759107828140259,1.9060237407684326,2.0481371879577637,4.575790882110596,4.564876079559326,4.371685028076172,4.772368907928467,1.2185414556223662,0.7561632868092745,331776
Mirror Moderate Bi-Kappa 3,ion,425500,56.142361111111114,1.9743647575378418,0.5064920229061743,1.9753724336624146,1.9053977727890015,2.0477216243743896,4.575863361358643,4.565631866455078,4.372158050537109,4.772995948791504,1.21853799404165,0.7558267634961917,331776
Mirror Moderate Bi-Kappa 3,ion,426000,56.20833333333334,1.9740041494369507,0.5065845481050443,1.975189447402954,1.905012607574463,2.0474836826324463,4.575962066650391,4.564749717712402,4.3716607093811035,4.77183198928833,1.2185332800916335,0.7554708693453172,331776
Mirror Moderate Bi-Kappa 3,ion,426500,56.27430555555555,1.973639965057373,0.5066780252247934,1.9748826026916504,1.9051352739334106,2.046734094619751,4.57607889175415,4.565779685974121,4.372015953063965,4.772453784942627,1.218527701041594,0.755112264015779,331776
Mirror Moderate Bi-Kappa 3,ion,427000,56.34027777777778,1.973285436630249,0.506769057044117,1.9743010997772217,1.9047677516937256,2.046290397644043,4.576229572296143,4.566673755645752,4.373294830322266,4.772184371948242,1.2185205056262607,0.7547649310039883,331776
Mirror Moderate Bi-Kappa 3,ion,427500,56.40625,1.9729280471801758,0.5068608565980186,1.9739406108856201,1.9044609069824219,2.0458061695098877,4.57630729675293,4.566042900085449,4.373176097869873,4.771574020385742,1.2185167942523307,0.754411252927845,331776
Mirror Moderate Bi-Kappa 3,ion,428000,56.47222222222223,1.972546935081482,0.506958786234758,1.9737482070922852,1.9040215015411377,2.0455703735351562,4.57643985748291,4.565608978271484,4.372018814086914,4.773506164550781,1.2185104647152536,0.7540364703662283,331776
Mirror Moderate Bi-Kappa 3,ion,428500,56.53819444444444,1.972131371498108,0.50706561157757,1.9733433723449707,1.903655767440796,2.0450775623321533,4.576654434204102,4.566241264343262,4.373723983764648,4.771996021270752,1.2185002198388404,0.7536311516592675,331776
Mirror Moderate Bi-Kappa 3,ion,429000,56.604166666666664,1.9718083143234253,0.5071486882045753,1.9730925559997559,1.9036424160003662,2.0447866916656494,4.576719284057617,4.566593170166016,4.373345851898193,4.773367404937744,1.2184971237985613,0.753311190524864,331776
Mirror Moderate Bi-Kappa 3,ion,429500,56.67013888888889,1.9714033603668213,0.5072528636726726,1.9725487232208252,1.9026293754577637,2.0446019172668457,4.5768866539001465,4.567370414733887,4.3731865882873535,4.774012088775635,1.2184891336882595,0.7529142266785618,331776
Mirror Moderate Bi-Kappa 3,ion,430000,56.736111111111114,1.9710805416107178,0.5073359403075559,1.971948266029358,1.9026498794555664,2.043910503387451,4.576920032501221,4.565934181213379,4.373074054718018,4.773999214172363,1.2184875402888597,0.752593001321858,331776
Mirror Moderate Bi-Kappa 3,ion,430500,56.80208333333334,1.9706932306289673,0.507435649779362,1.971649169921875,1.9019556045532227,2.0437679290771484,4.577068328857422,4.566861152648926,4.373205184936523,4.7743377685546875,1.2184804613239477,0.7522127693050196,331776
Mirror Moderate Bi-Kappa 3,ion,431000,56.86805555555555,1.9703311920166016,0.507528888570513,1.9714230298995972,1.90171480178833,2.0434134006500244,4.577176570892334,4.566680908203125,4.37288761138916,4.774447441101074,1.2184752946520145,0.751855897364587,331776
Mirror Moderate Bi-Kappa 3,ion,431500,56.93402777777778,1.969955325126648,0.5076257249314576,1.9711008071899414,1.901644229888916,2.042560338973999,4.577299118041992,4.566860675811768,4.373453140258789,4.774499893188477,1.2184694454549356,0.7514858796717123,331776
Mirror Moderate Bi-Kappa 3,ion,432000,57.0,1.9695439338684082,0.507731755968442,1.9705638885498047,1.9010719060897827,2.0422234535217285,4.577528476715088,4.566802024841309,4.373514652252197,4.774198532104492,1.21845849896659,0.7510854349018181,331776
Mirror Moderate Bi-Kappa 3,ion,432500,57.06597222222223,1.9691672325134277,0.5078288849665697,1.9701895713806152,1.9004364013671875,2.042074203491211,4.577659606933594,4.567656517028809,4.373564720153809,4.774372577667236,1.218452241072128,0.7507149914412998,331776
Mirror Moderate Bi-Kappa 3,ion,433000,57.13194444444444,1.9687951803207397,0.5079248517040195,1.9699859619140625,1.9004592895507812,2.0417215824127197,4.5777668952941895,4.566683769226074,4.375061511993408,4.7737555503845215,1.218447121243323,0.7503480590774168,331776
Mirror Moderate Bi-Kappa 3,ion,433500,57.197916666666664,1.968367099761963,0.5080353152219071,1.969444990158081,1.900134801864624,2.0412068367004395,4.578020095825195,4.56821346282959,4.374167442321777,4.774109840393066,1.2184350393987837,0.7499320603631792,331776
Mirror Moderate Bi-Kappa 3,ion,434000,57.26388888888889,1.9679863452911377,0.5081336069189358,1.969168782234192,1.8994312286376953,2.0409011840820312,4.57813024520874,4.567949295043945,4.373487949371338,4.775187015533447,1.2184297838722595,0.7495565614188782,331776
Mirror Moderate Bi-Kappa 3,ion,434500,57.329861111111114,1.9675798416137695,0.5082385877565304,1.9686362743377686,1.8988242149353027,2.040367364883423,4.57832145690918,4.568702697753906,4.374683380126953,4.775498867034912,1.2184206612427557,0.7491591803710138,331776
Mirror Moderate Bi-Kappa 3,ion,435000,57.39583333333334,1.9671703577041626,0.5083443821139497,1.9682074785232544,1.8989219665527344,2.040097236633301,4.578488826751709,4.56794548034668,4.374078750610352,4.776767730712891,1.218412676723614,0.7487576809805485,331776
Mirror Moderate Bi-Kappa 3,ion,435500,57.46180555555555,1.9667764902114868,0.5084461833751482,1.9677404165267944,1.8985892534255981,2.039397954940796,4.578681468963623,4.568234443664551,4.375271320343018,4.77529239654541,1.2184034872874325,0.7483730029240543,331776
Mirror Moderate Bi-Kappa 3,ion,436000,57.52777777777778,1.9663481712341309,0.5085569354548102,1.9677032232284546,1.8977465629577637,2.0394413471221924,4.578888416290283,4.569239139556885,4.375572204589844,4.776797771453857,1.2183936163288684,0.7479545549052624,331776
Mirror Moderate Bi-Kappa 3,ion,436500,57.59375,1.965945839881897,0.5086610117703316,1.9667103290557861,1.8977444171905518,2.038337469100952,4.579071998596191,4.5684099197387695,4.374496936798096,4.776264667510986,1.2183848605801724,0.7475609793017246,331776
Mirror Moderate Bi-Kappa 3,ion,437000,57.65972222222223,1.9655036926269531,0.5087754369280634,1.9664262533187866,1.8972042798995972,2.038029670715332,4.579291343688965,4.569427013397217,4.374841690063477,4.777594089508057,1.2183744000866354,0.7471292925403177,331776
Mirror Moderate Bi-Kappa 3,ion,437500,57.72569444444444,1.9651405811309814,0.508869446594237,1.9661871194839478,1.8966739177703857,2.0377449989318848,4.579392433166504,4.569131851196289,4.373737812042236,4.7775959968566895,1.2183695795008622,0.7467710016301192,331776
Mirror Moderate Bi-Kappa 3,ion,438000,57.791666666666664,1.964711308479309,0.5089806302250086,1.9659019708633423,1.8965425491333008,2.037231683731079,4.579638481140137,4.569342613220215,4.374454498291016,4.777340412139893,1.2183578472663725,0.7463534612129366,331776
Mirror Moderate Bi-Kappa 3,ion,438500,57.85763888888889,1.9643146991729736,0.5090833970855206,1.9653840065002441,1.8962383270263672,2.036654233932495,4.579794883728027,4.569551944732666,4.375290870666504,4.777299404144287,1.2183503902222765,0.7459643089506971,331776
Mirror Moderate Bi-Kappa 3,ion,439000,57.923611111111114,1.9638707637786865,0.5091984760116794,1.964745283126831,1.8955926895141602,2.0364484786987305,4.580020427703857,4.569668292999268,4.374715805053711,4.777680397033691,1.2183396375158395,0.745531126262847,331776
Mirror Moderate Bi-Kappa 3,ion,439500,57.98958333333334,1.9634556770324707,0.5093061237376038,1.9644830226898193,1.895214557647705,2.0359106063842773,4.580230236053467,4.56912899017334,4.375569820404053,4.7774786949157715,1.218329635948966,0.7451260410835048,331776
Mirror Moderate Bi-Kappa 3,ion,440000,58.05555555555555,1.9630457162857056,0.5094124867820745,1.9645293951034546,1.8947676420211792,2.0353853702545166,4.580434322357178,4.569701671600342,4.376308917999268,4.777420520782471,1.2183199080312064,0.7447258082544992,331776
Mirror Moderate Bi-Kappa 3,ion,440500,58.12152777777778,1.9626048803329468,0.5095269098843547,1.963689923286438,1.8946222066879272,2.035006523132324,4.580646991729736,4.569936752319336,4.3761305809021,4.778365135192871,1.2183097719176963,0.7442951084152505,331776
Mirror Moderate Bi-Kappa 3,ion,441000,58.1875,1.9621994495391846,0.5096321886314087,1.963295817375183,1.893768548965454,2.0343666076660156,4.580803871154785,4.570359230041504,4.376543045043945,4.779175758361816,1.2183022954326808,0.7438971541065038,331776
Mirror Moderate Bi-Kappa 3,ion,441500,58.25347222222223,1.9617574214935303,0.5097470202195934,1.962823748588562,1.893707275390625,2.0338873863220215,4.581054210662842,4.570794582366943,4.376235485076904,4.779236316680908,1.2182903659320172,0.743467055561513,331776
Mirror Moderate Bi-Kappa 3,ion,442000,58.31944444444444,1.961329460144043,0.509858246827414,1.9623286724090576,1.893033742904663,2.03373646736145,4.58124303817749,4.571145057678223,4.377336502075195,4.779520511627197,1.2182813685426783,0.7430480916013646,331776
Mirror Moderate Bi-Kappa 3,ion,442500,58.385416666666664,1.9608910083770752,0.5099722502311063,1.9619890451431274,1.8924674987792969,2.0334525108337402,4.581480026245117,4.571050643920898,4.377713203430176,4.779664516448975,1.218270077414171,0.7426209309629042,331776
Mirror Moderate Bi-Kappa 3,ion,443000,58.45138888888889,1.9605090618133545,0.5100716030738768,1.9615973234176636,1.892126202583313,2.032777786254883,4.581596851348877,4.571552753448486,4.378025531768799,4.778365135192871,1.2182645117947442,0.7422445500186103,331776
Mirror Moderate Bi-Kappa 3,ion,443500,58.517361111111114,1.9600462913513184,0.5101920318986793,1.9611330032348633,1.8917715549468994,2.03230357170105,4.58187198638916,4.571162223815918,4.377954483032227,4.779725074768066,1.2182514053143747,0.7417948860369437,331776
Mirror Moderate Bi-Kappa 3,ion,444000,58.58333333333334,1.959564447402954,0.5103174847478571,1.9603195190429688,1.8913986682891846,2.0320329666137695,4.582164287567139,4.57191801071167,4.378018379211426,4.779590606689453,1.2182374828229787,0.7413269645799754,331776
Mirror Moderate Bi-Kappa 3,ion,444500,58.64930555555555,1.9591113328933716,0.5104355139037047,1.9602230787277222,1.8908612728118896,2.0314838886260986,4.582425594329834,4.572571754455566,4.3784894943237305,4.780120372772217,1.218225038118976,0.7408862947743955,331776
Mirror Moderate Bi-Kappa 3,ion,445000,58.71527777777778,1.9586482048034668,0.5105562078721233,1.9596889019012451,1.890665888786316,2.0309903621673584,4.582670211791992,4.572209358215332,4.37846565246582,4.780138969421387,1.2182133895270992,0.7404348152763676,331776
Mirror Moderate Bi-Kappa 3,ion,445500,58.78125,1.9582140445709229,0.510669404487453,1.959212064743042,1.890234351158142,2.030423402786255,4.5828728675842285,4.5729570388793945,4.377954959869385,4.781038761138916,1.218203740076065,0.7400103044948578,331776
Mirror Moderate Bi-Kappa 3,ion,446000,58.84722222222223,1.957770586013794,0.5107850772424233,1.9586749076843262,1.8896241188049316,2.0297601222991943,4.58310604095459,4.572817325592041,4.37913703918457,4.7799763679504395,1.2181926385870216,0.7395779474267723,331776
Mirror Moderate Bi-Kappa 3,ion,446500,58.91319444444444,1.9572865962982178,0.5109113820588578,1.9580496549606323,1.889188528060913,2.029452323913574,4.583381652832031,4.573411464691162,4.379096508026123,4.7808709144592285,1.2181795180381954,0.7391070782600224,331776
Mirror Moderate Bi-Kappa 3,ion,447000,58.979166666666664,1.9568262100219727,0.5110315851650267,1.9578776359558105,1.8886475563049316,2.029402017593384,4.583670139312744,4.573906898498535,4.379533290863037,4.780623912811279,1.2181657862818933,0.7386604237400793,331776
Mirror Moderate Bi-Kappa 3,ion,447500,59.04513888888889,1.956352710723877,0.5111552709889345,1.9573819637298584,1.8884198665618896,2.0286660194396973,4.583946228027344,4.5735368728637695,4.378993511199951,4.781503200531006,1.2181526462692256,0.7382000644546514,331776
Mirror Moderate Bi-Kappa 3,ion,448000,59.111111111111114,1.9559097290039062,0.5112710393384432,1.9567887783050537,1.8880712985992432,2.028013229370117,4.584169864654541,4.574116230010986,4.3798394203186035,4.781768798828125,1.218142003792296,0.7377677252116102,331776
Mirror Moderate Bi-Kappa 3,ion,448500,59.17708333333334,1.955498456954956,0.5113785676707565,1.9565966129302979,1.8879700899124146,2.027452230453491,4.5843305587768555,4.574413299560547,4.380495071411133,4.781780242919922,1.2181343572804684,0.7373640996744877,331776
Mirror Moderate Bi-Kappa 3,ion,449000,59.24305555555555,1.955012559890747,0.5115056652402701,1.9559345245361328,1.8871804475784302,2.0271477699279785,4.584632873535156,4.574872970581055,4.38093376159668,4.7820000648498535,1.2181199733074617,0.7368925865832854,331776
Mirror Moderate Bi-Kappa 3,ion,449500,59.30902777777778,1.9545449018478394,0.5116280516526346,1.955283761024475,1.886800765991211,2.026369571685791,4.5848870277404785,4.575229644775391,4.379413604736328,4.783311367034912,1.2181078822552405,0.7364370195925989,331776
Mirror Moderate Bi-Kappa 3,ion,450000,59.375,1.9540374279022217,0.5117609241873944,1.955049991607666,1.8860929012298584,2.0260772705078125,4.585230827331543,4.575043678283691,4.381385803222656,4.783121109008789,1.218091528574575,0.7359458993276466,331776
Mirror Moderate Bi-Kappa 3,ion,450500,59.44097222222223,1.9535233974456787,0.5118955837987637,1.9543852806091309,1.8857241868972778,2.0255672931671143,4.58555793762207,4.5754075050354,4.381211757659912,4.783120155334473,1.218075971038449,0.7354474264072297,331776
Mirror Moderate Bi-Kappa 3,ion,451000,59.50694444444444,1.953052282333374,0.5120190632097509,1.954050898551941,1.8853459358215332,2.0253183841705322,4.585827350616455,4.575308799743652,4.38093900680542,4.784257411956787,1.2180631592826043,0.7349891230507697,331776
Mirror Moderate Bi-Kappa 3,ion,451500,59.572916666666664,1.9525806903839111,0.5121427272761684,1.9536068439483643,1.8847510814666748,2.024466037750244,4.586080551147461,4.576066970825195,4.381798267364502,4.7839484214782715,1.2180511198718031,0.734529570512108,331776
Mirror Moderate Bi-Kappa 3,ion,452000,59.63888888888889,1.952078938484192,0.5122743656957386,1.9528626203536987,1.8843696117401123,2.0239381790161133,4.58643913269043,4.576879024505615,4.381840229034424,4.784503936767578,1.2180340719824172,0.7340448665017747,331776
Mirror Moderate Bi-Kappa 3,ion,452500,59.704861111111114,1.9515818357467651,0.5124048511229118,1.9523520469665527,1.8834147453308105,2.0233685970306396,4.586748123168945,4.576111316680908,4.381904602050781,4.784186840057373,1.2180193839179267,0.7335624518288384,331776
Mirror Moderate Bi-Kappa 3,ion,453000,59.77083333333334,1.9510611295700073,0.5125416035633846,1.9517204761505127,1.8832522630691528,2.0229344367980957,4.587089538574219,4.576847076416016,4.3824782371521,4.785147666931152,1.2180031568145113,0.733057972755496,331776
Mirror Moderate Bi-Kappa 3,ion,453500,59.83680555555555,1.9505274295806885,0.5126818443229857,1.9514466524124146,1.8830626010894775,2.0224180221557617,4.5874834060668945,4.5774054527282715,4.382942199707031,4.786210536956787,1.2179844397208088,0.7325429898598796,331776
Mirror Moderate Bi-Kappa 3,ion,454000,59.90277777777778,1.950029730796814,0.5128126941897361,1.9506487846374512,1.882253885269165,2.021796941757202,4.587799072265625,4.577827453613281,4.382484436035156,4.786463737487793,1.2179694411739272,0.7320602896228867,331776
Mirror Moderate Bi-Kappa 3,ion,454500,59.96875,1.9495255947113037,0.5129453045975965,1.950300931930542,1.8819222450256348,2.021223783493042,4.588108062744141,4.578031063079834,4.382944583892822,4.786490440368652,1.21795476181568,0.7315708328956236,331776
Mirror Moderate Bi-Kappa 3,ion,455000,60.03472222222223,1.9490238428115845,0.513077355973973,1.9499812126159668,1.8814518451690674,2.0207321643829346,4.588409900665283,4.578794479370117,4.382966041564941,4.786985397338867,1.2179404241663343,0.7310834186452502,331776
Mirror Moderate Bi-Kappa 3,ion,455500,60.10069444444444,1.9485589265823364,0.5131997736162612,1.9492528438568115,1.8810499906539917,2.020312786102295,4.588685035705566,4.5792036056518555,4.383827209472656,4.788010597229004,1.217927356577926,0.7306315700044104,331776
Mirror Moderate Bi-Kappa 3,ion,456000,60.166666666666664,1.9480165243148804,0.513342668051392,1.9490103721618652,1.880481243133545,2.019536018371582,4.589061737060547,4.57855224609375,4.384058952331543,4.787883281707764,1.2179094676203974,0.730107056694483,331776
Mirror Moderate Bi-Kappa 3,ion,456500,60.23263888888889,1.947523832321167,0.5134725354339539,1.9484803676605225,1.8798234462738037,2.0192654132843018,4.589345455169678,4.580005645751953,4.38490629196167,4.787146091461182,1.217895996230475,0.729627836090692,331776
Mirror Moderate Bi-Kappa 3,ion,457000,60.298611111111114,1.9469887018203735,0.5136136635333484,1.9480621814727783,1.8794093132019043,2.018479824066162,4.58971643447876,4.578550338745117,4.385249137878418,4.789211273193359,1.2178783840517518,0.7291103177686218,331776
Mirror Moderate Bi-Kappa 3,ion,457500,60.36458333333334,1.946481704711914,0.5137474436976552,1.9474716186523438,1.8790818452835083,2.0184834003448486,4.590029716491699,4.579679489135742,4.384548664093018,4.789322853088379,1.2178635132594153,0.7286181914524987,331776
Mirror Moderate Bi-Kappa 3,ion,458000,60.43055555555555,1.9458969831466675,0.513901819397922,1.9468457698822021,1.8782951831817627,2.0178065299987793,4.590487003326416,4.580012321472168,4.385377883911133,4.789585590362549,1.2178418105258477,0.7280551726208198,331776
Mirror Moderate Bi-Kappa 3,ion,458500,60.49652777777778,1.9454271793365479,0.5140259222352551,1.9465503692626953,1.8778640031814575,2.017218589782715,4.5907416343688965,4.580735206604004,4.3854522705078125,4.789546966552734,1.2178297276660992,0.7275974516704486,331776
Mirror Moderate Bi-Kappa 3,ion,459000,60.5625,1.9448963403701782,0.5141662201953997,1.9457218647003174,1.8776694536209106,2.016547918319702,4.591099739074707,4.580620765686035,4.386828899383545,4.790409088134766,1.2178127369982907,0.7270836033718875,331776
Mirror Moderate Bi-Kappa 3,ion,459500,60.62847222222223,1.9443846940994263,0.5143015181279065,1.9452621936798096,1.8767307996749878,2.0159335136413574,4.591421604156494,4.581477165222168,4.3863444328308105,4.790229797363281,1.2177974680205204,0.7265872260789059,331776
Mirror Moderate Bi-Kappa 3,ion,460000,60.69444444444444,1.943861961364746,0.5144398212813014,1.9447282552719116,1.876394271850586,2.0152528285980225,4.591779708862305,4.581692695617676,4.3864946365356445,4.791141033172607,1.2177804823846325,0.7260814789801135,331776
Mirror Moderate Bi-Kappa 3,ion,460500,60.760416666666664,1.9433486461639404,0.5145757051746443,1.9442789554595947,1.876004934310913,2.0145530700683594,4.592099189758301,4.583020210266113,4.386660099029541,4.791488170623779,1.2177653309907344,0.7255833151732061,331776
Mirror Moderate Bi-Kappa 3,ion,461000,60.82638888888889,1.94281804561615,0.5147162402863401,1.943798542022705,1.8753093481063843,2.014082908630371,4.592437267303467,4.582675933837891,4.387002468109131,4.7922515869140625,1.2177492999457276,0.7250687456704223,331776
Mirror Moderate Bi-Kappa 3,ion,461500,60.892361111111114,1.9422335624694824,0.5148711356468039,1.9430681467056274,1.8749488592147827,2.0136406421661377,4.592904567718506,4.582565784454346,4.387150764465332,4.79248046875,1.2177271452641445,0.7245064172053379,331776
Mirror Moderate Bi-Kappa 3,ion,462000,60.95833333333334,1.9417599439620972,0.5149967188835572,1.9426279067993164,1.8744869232177734,2.0129499435424805,4.593169689178467,4.58369779586792,4.387828826904297,4.7920241355896,1.2177145778776703,0.7240453660844268,331776
Mirror Moderate Bi-Kappa 3,ion,462500,61.02430555555555,1.9411828517913818,0.5151498217064765,1.9419887065887451,1.873875617980957,2.012725353240967,4.593586444854736,4.583654403686523,4.387128829956055,4.7943220138549805,1.2176948256019209,0.723488026189461,331776
Mirror Moderate Bi-Kappa 3,ion,463000,61.09027777777778,1.9406886100769043,0.5152810166492257,1.9415063858032227,1.8736999034881592,2.0115132331848145,4.593879222869873,4.584101676940918,4.38940954208374,4.792796611785889,1.217680951432433,0.7230076586444714,331776
Mirror Moderate Bi-Kappa 3,ion,463500,61.15625,1.9401204586029053,0.5154319132947586,1.9409970045089722,1.8726742267608643,2.0113072395324707,4.59429407119751,4.585315704345703,4.389438629150391,4.793053150177002,1.2176612956208415,0.7224591629820638,331776
Mirror Moderate Bi-Kappa 3,ion,464000,61.22222222222223,1.939578890800476,0.5155758318174384,1.940119981765747,1.8723564147949219,2.010648250579834,4.59467077255249,4.584743499755859,4.389072418212891,4.794925212860107,1.2176434503150413,0.7219354404854348,331776
Mirror Moderate Bi-Kappa 3,ion,464500,61.28819444444444,1.9389920234680176,0.5157318791912474,1.939713954925537,1.8716561794281006,2.010138988494873,4.595119953155518,4.585056304931641,4.389675617218018,4.794593811035156,1.2176221753064986,0.721369848161519,331776
Mirror Moderate Bi-Kappa 3,ion,465000,61.354166666666664,1.9384673833847046,0.5158714603977125,1.9392821788787842,1.871451497077942,2.00961971282959,4.595480442047119,4.5861053466796875,4.39005184173584,4.794804096221924,1.2176051041040958,0.7208622792806088,331776
Mirror Moderate Bi-Kappa 3,ion,465500,61.42013888888889,1.937879204750061,0.5160280359832725,1.938812255859375,1.8706812858581543,2.0088932514190674,4.595927715301514,4.585684299468994,4.38978910446167,4.795416355133057,1.2175839268904594,0.7202952778596017,331776
Mirror Moderate Bi-Kappa 3,ion,466000,61.486111111111114,1.937321662902832,0.516176543703964,1.9381885528564453,1.8701951503753662,2.0085227489471436,4.596310615539551,4.58647346496582,4.390875339508057,4.795835494995117,1.2175658008445132,0.7197558620583189,331776
Mirror Moderate Bi-Kappa 3,ion,466500,61.55208333333334,1.9367696046829224,0.5163236750422437,1.9378561973571777,1.8694968223571777,2.008049726486206,4.596724987030029,4.586292266845703,4.39130973815918,4.796644687652588,1.2175461883888132,0.7192234162941091,331776
Mirror Moderate Bi-Kappa 3,ion,467000,61.61805555555555,1.9361803531646729,0.5164808114933649,1.9371294975280762,1.8689827919006348,2.007293462753296,4.597141265869141,4.587396621704102,4.391830921173096,4.797135353088379,1.2175264892171938,0.7186538639474791,331776
Mirror Moderate Bi-Kappa 3,ion,467500,61.68402777777778,1.9356002807617188,0.5166355935877779,1.936457872390747,1.8686177730560303,2.006484031677246,4.597588539123535,4.588050365447998,4.391952037811279,4.797410011291504,1.2175053273015675,0.7180949534601513,331776
Mirror Moderate Bi-Kappa 3,ion,468000,61.75,1.935072422027588,0.5167765240291059,1.9360692501068115,1.867985725402832,2.006197452545166,4.597914695739746,4.588696479797363,4.392014980316162,4.798279285430908,1.217489898393844,0.7175825236337439,331776
Mirror Moderate Bi-Kappa 3,ion,468500,61.81597222222223,1.9345142841339111,0.5169256222099717,1.9354735612869263,1.8673672676086426,2.0051825046539307,4.598338603973389,4.5889153480529785,4.3928961753845215,4.797612190246582,1.2174698485961664,0.7170444355377448,331776
Mirror Moderate Bi-Kappa 3,ion,469000,61.88194444444444,1.9339526891708374,0.5170757307557197,1.934561848640442,1.8669432401657104,2.0048415660858154,4.598700523376465,4.589700698852539,4.392965316772461,4.799077987670898,1.2174527336400194,0.716499955530818,331776
Mirror Moderate Bi-Kappa 3,ion,469500,61.947916666666664,1.933426856994629,0.5172163593271002,1.934154748916626,1.8662549257278442,2.0045623779296875,4.599017143249512,4.589798927307129,4.392820835113525,4.800321102142334,1.2174377630811424,0.7159890939134865,331776
Mirror Moderate Bi-Kappa 3,ion,470000,62.01388888888889,1.9328824281692505,0.5173620420085046,1.933607578277588,1.8660235404968262,2.0034451484680176,4.599401950836182,4.590767860412598,4.393890380859375,4.799324989318848,1.2174195712158182,0.7154628569534323,331776
Mirror Moderate Bi-Kappa 3,ion,470500,62.079861111111114,1.9322762489318848,0.5175243449547008,1.9328800439834595,1.8651645183563232,2.0030617713928223,4.599886417388916,4.590035438537598,4.393996715545654,4.80005407333374,1.2173966722786258,0.714879576653259,331776
Mirror Moderate Bi-Kappa 3,ion,471000,62.14583333333334,1.9316784143447876,0.5176845134127532,1.9326446056365967,1.8649046421051025,2.0025792121887207,4.6003522872924805,4.590665817260742,4.394700527191162,4.800141334533691,1.2173746568849286,0.714303757459859,331776
Mirror Moderate Bi-Kappa 3,ion,471500,62.21180555555555,1.9310756921768188,0.517846091715205,1.932016372680664,1.8642539978027344,2.0018067359924316,4.600841522216797,4.590997219085693,4.394876480102539,4.801355361938477,1.2173515421409637,0.7137241500358551,331776
Mirror Moderate Bi-Kappa 3,ion,472000,62.27777777777778,1.9304983615875244,0.5180009576271595,1.931335210800171,1.863567590713501,2.0013749599456787,4.601268291473389,4.591740131378174,4.39497184753418,4.801571369171143,1.2173313827087848,0.7131669788787396,331776
Mirror Moderate Bi-Kappa 3,ion,472500,62.34375,1.9299335479736328,0.5181525555892675,1.9306919574737549,1.8632090091705322,2.000213623046875,4.601664066314697,4.592215538024902,4.395882606506348,4.802739143371582,1.2173126907112242,0.7126208572624086,331776
Mirror Moderate Bi-Kappa 3,ion,473000,62.40972222222223,1.92934250831604,0.5183112877520205,1.9302396774291992,1.862552523612976,2.0000386238098145,4.602118968963623,4.5925750732421875,4.396322727203369,4.80204963684082,1.2172912101455724,0.7120512981704676,331776
Mirror Moderate Bi-Kappa 3,ion,473500,62.47569444444444,1.9287605285644531,0.5184676818040675,1.929365873336792,1.86192786693573,1.9994159936904907,4.602574348449707,4.592341899871826,4.395763397216797,4.803783416748047,1.217269711316414,0.7114908172480392,331776
Mirror Moderate Bi-Kappa 3,ion,474000,62.541666666666664,1.9281080961227417,0.5186431206896094,1.929007649421692,1.861375331878662,1.9988168478012085,4.6030988693237305,4.593600273132324,4.396533012390137,4.8035430908203125,1.21724495353864,0.7108631425841017,331776
Mirror Moderate Bi-Kappa 3,ion,474500,62.60763888888889,1.9275062084197998,0.5188050734320674,1.9282963275909424,1.8605380058288574,1.9981601238250732,4.603599548339844,4.593585968017578,4.398646831512451,4.803013324737549,1.2172213263772305,0.7102848820425693,331776
Mirror Moderate Bi-Kappa 3,ion,475000,62.673611111111114,1.926918625831604,0.5189632746263108,1.9277729988098145,1.8601138591766357,1.997701644897461,4.604037284851074,4.59406852722168,4.397223472595215,4.804881572723389,1.2172006736979208,0.7097179521336832,331776
Mirror Moderate Bi-Kappa 3,ion,475500,62.73958333333334,1.926345705986023,0.519117620940286,1.927208423614502,1.859627366065979,1.997235655784607,4.604452133178711,4.594326972961426,4.398381233215332,4.805470943450928,1.217181104521472,0.709164601464551,331776
Mirror Moderate Bi-Kappa 3,ion,476000,62.80555555555555,1.9257558584213257,0.5192766235797764,1.9265694618225098,1.8588848114013672,1.9962519407272339,4.604876518249512,4.5958404541015625,4.398294925689697,4.806222915649414,1.217161089127345,0.7085947692939807,331776
Mirror Moderate Bi-Kappa 3,ion,476500,62.87152777777778,1.925141453742981,0.5194423495768258,1.9258387088775635,1.8586540222167969,1.9954313039779663,4.605372905731201,4.595484733581543,4.398850440979004,4.806249618530273,1.217137682543696,0.708003771199285,331776
Mirror Moderate Bi-Kappa 3,ion,477000,62.9375,1.9245237112045288,0.5196090825891233,1.9252594709396362,1.857802152633667,1.995125412940979,4.6058759689331055,4.596614837646484,4.399692058563232,4.806591033935547,1.2171139663215111,0.7074097448830177,331776
Mirror Moderate Bi-Kappa 3,ion,477500,63.00347222222223,1.9239453077316284,0.5197652947728648,1.9247639179229736,1.8573631048202515,1.9943645000457764,4.606285572052002,4.597184658050537,4.400912284851074,4.80765962600708,1.217094659972313,0.7068506477593155,331776
Mirror Moderate Bi-Kappa 3,ion,478000,63.06944444444444,1.923337459564209,0.5199295604769122,1.924301266670227,1.8567523956298828,1.9936782121658325,4.60675048828125,4.597482681274414,4.400931358337402,4.80686616897583,1.2170727506392676,0.7062647089249414,331776
Mirror Moderate Bi-Kappa 3,ion,478500,63.135416666666664,1.9227056503295898,0.5201004115365138,1.923447847366333,1.8561192750930786,1.993109941482544,4.607306003570557,4.598210334777832,4.402154445648193,4.808065414428711,1.2170465775932884,0.7056590727363015,331776
Mirror Moderate Bi-Kappa 3,ion,479000,63.20138888888889,1.9220631122589111,0.5202742790400606,1.9226423501968384,1.8551759719848633,1.9924918413162231,4.607851505279541,4.597840785980225,4.401641368865967,4.809465408325195,1.2170208824772737,0.7050422297816374,331776
Mirror Moderate Bi-Kappa 3,ion,479500,63.267361111111114,1.9214519262313843,0.5204397707525983,1.9224858283996582,1.8550117015838623,1.9917559623718262,4.60831880569458,4.598807334899902,4.401330947875977,4.809000492095947,1.2169988757644723,0.704453050466912,331776
Mirror Moderate Bi-Kappa 3,ion,480000,63.33333333333334,1.9208426475524902,0.5206048508315793,1.9217089414596558,1.8542901277542114,1.9914652109146118,4.608792304992676,4.599917411804199,4.402333736419678,4.810312747955322,1.2169765816777436,0.7038660658747466,331776
Mirror Moderate Bi-Kappa 3,ion,480500,63.39930555555555,1.9202193021774292,0.5207738506044866,1.9211604595184326,1.8537061214447021,1.9906461238861084,4.609329700469971,4.599965572357178,4.402847766876221,4.810420513153076,1.2169512846733528,0.7032680175040764,331776
Mirror Moderate Bi-Kappa 3,ion,481000,63.46527777777778,1.9196293354034424,0.5209339019555216,1.9203556776046753,1.8528900146484375,1.9900113344192505,4.609776020050049,4.6011247634887695,4.402274131774902,4.811753273010254,1.2169302793998098,0.7026990560036326,331776
Mirror Moderate Bi-Kappa 3,ion,481500,63.53125,1.9190112352371216,0.5211016911406647,1.9196773767471313,1.8522883653640747,1.9893325567245483,4.610272407531738,4.600847244262695,4.404271602630615,4.811254024505615,1.2169069225424325,0.7021043126946891,331776
Mirror Moderate Bi-Kappa 3,ion,482000,63.59722222222223,1.9183663129806519,0.5212768767015383,1.9190232753753662,1.8521113395690918,1.9886423349380493,4.610837459564209,4.60208797454834,4.404317855834961,4.812402248382568,1.2168803408859514,0.7014859720947004,331776
Mirror Moderate Bi-Kappa 3,ion,482500,63.66319444444444,1.9176971912384033,0.5214587603135736,1.9183032512664795,1.8509857654571533,1.9879344701766968,4.611425399780273,4.602039337158203,4.404938697814941,4.813202857971191,1.2168526894195553,0.700844501818848,331776
Mirror Moderate Bi-Kappa 3,ion,483000,63.729166666666664,1.9170206785202026,0.5216427820548736,1.9179596900939941,1.8504202365875244,1.9873151779174805,4.6120147705078125,4.602522850036621,4.4050822257995605,4.813906669616699,1.2168249777504276,0.700195700769775,331776
Mirror Moderate Bi-Kappa 3,ion,483500,63.79513888888889,1.916443109512329,0.5217999924111845,1.9171987771987915,1.8501124382019043,1.9866212606430054,4.612442493438721,4.60330867767334,4.405977249145508,4.815247535705566,1.2168048710466346,0.6996382384656945,331776
Mirror Moderate Bi-Kappa 3,ion,484000,63.861111111111114,1.9158375263214111,0.5219649298341569,1.916912317276001,1.8495088815689087,1.9861150979995728,4.61294412612915,4.603390693664551,4.406393527984619,4.814924240112305,1.2167812946911039,0.6990562316303073,331776
Mirror Moderate Bi-Kappa 3,ion,484500,63.92708333333334,1.9152076244354248,0.5221366014010024,1.9158287048339844,1.8489335775375366,1.9851137399673462,4.613448143005371,4.604578495025635,4.406991958618164,4.815326690673828,1.216757611444303,0.6984500129911217,331776
Mirror Moderate Bi-Kappa 3,ion,485000,63.99305555555555,1.9145534038543701,0.5223150203001936,1.9150307178497314,1.8481674194335938,1.9849714040756226,4.614007472991943,4.603994846343994,4.4069366455078125,4.815735816955566,1.216731335147048,0.6978220687073222,331776
Mirror Moderate Bi-Kappa 3,ion,485500,64.05902777777777,1.9139447212219238,0.5224811296334452,1.914689540863037,1.8474539518356323,1.98435640335083,4.614536762237549,4.605001449584961,4.408136367797852,4.816112518310547,1.2167064759746564,0.6972382452472674,331776
Mirror Moderate Bi-Kappa 3,ion,486000,64.125,1.9132858514785767,0.5226610541374179,1.9138236045837402,1.8470972776412964,1.9830918312072754,4.615102767944336,4.605324745178223,4.408674240112305,4.81658935546875,1.2166798986462053,0.6966059528323714,331776
Mirror Moderate Bi-Kappa 3,ion,486500,64.19097222222223,1.9126198291778564,0.5228430578542376,1.913050651550293,1.8465356826782227,1.982724666595459,4.6156816482543945,4.6056318283081055,4.408693313598633,4.818101406097412,1.2166527235209539,0.6959671056569026,331776
Mirror Moderate Bi-Kappa 3,ion,487000,64.25694444444444,1.9119852781295776,0.5230165793840535,1.9127477407455444,1.8457667827606201,1.981830358505249,4.616210460662842,4.606482982635498,4.409424781799316,4.818324565887451,1.216627904754674,0.6953573733749037,331776
Mirror Moderate Bi-Kappa 3,ion,487500,64.32291666666667,1.911333680152893,0.5231948823922817,1.911885380744934,1.8449817895889282,1.9811649322509766,4.6167402267456055,4.607614517211914,4.409250259399414,4.8194451332092285,1.2166030469305638,0.6947306332223293,331776
Mirror Moderate Bi-Kappa 3,ion,488000,64.38888888888889,1.9106756448745728,0.5233750703226479,1.911613941192627,1.8443834781646729,1.9809263944625854,4.617343425750732,4.608057022094727,4.411412239074707,4.818596839904785,1.2165747504123348,0.694100894462238,331776
Mirror Moderate Bi-Kappa 3,ion,488500,64.45486111111111,1.909988522529602,0.5235633555931494,1.9105231761932373,1.843675136566162,1.9800654649734497,4.618013381958008,4.608247756958008,4.41096305847168,4.819581985473633,1.216543330928159,0.693445191601443,331776
Mirror Moderate Bi-Kappa 3,ion,489000,64.52083333333334,1.9093244075775146,0.5237454651662709,1.9101465940475464,1.8431463241577148,1.9792499542236328,4.618555068969727,4.608980178833008,4.411150932312012,4.8202056884765625,1.2165179336538847,0.6928064739236299,331776
Mirror Moderate Bi-Kappa 3,ion,489500,64.58680555555556,1.9087457656860352,0.5239042401440944,1.9093751907348633,1.8423731327056885,1.97860586643219,4.619004249572754,4.6097564697265625,4.41253137588501,4.820090293884277,1.2164968781079812,0.6922488875780539,331776
Mirror Moderate Bi-Kappa 3,ion,490000,64.65277777777777,1.9081099033355713,0.5240788270381584,1.908785104751587,1.8421849012374878,1.9777568578720093,4.619548797607422,4.610777854919434,4.4131317138671875,4.822555065155029,1.2164713576611474,0.6916385456744238,331776
Mirror Moderate Bi-Kappa 3,ion,490500,64.71875,1.907396912574768,0.5242747292959147,1.908055067062378,1.8411275148391724,1.9773900508880615,4.620233058929443,4.610292434692383,4.412649154663086,4.82295036315918,1.216439298027903,0.690957614546865,331776
Mirror Moderate Bi-Kappa 3,ion,491000,64.78472222222223,1.9067364931106567,0.5244563176994617,1.9076262712478638,1.8406792879104614,1.9763792753219604,4.620787143707275,4.6121320724487305,4.414490699768066,4.823015213012695,1.2164133445016678,0.6903231486089889,331776
Mirror Moderate Bi-Kappa 3,ion,491500,64.85069444444444,1.9060689210891724,0.5246400006504364,1.9067037105560303,1.839714765548706,1.9760000705718994,4.621375560760498,4.613003730773926,4.414376258850098,4.823116302490234,1.2163857896533816,0.6896831314357907,331776
Mirror Moderate Bi-Kappa 3,ion,492000,64.91666666666667,1.9054137468338013,0.5248203974919807,1.9061803817749023,1.8394148349761963,1.9752743244171143,4.621941566467285,4.611950874328613,4.414653778076172,4.824843883514404,1.2163592909211822,0.689054455912619,331776
Mirror Moderate Bi-Kappa 3,ion,492500,64.98263888888889,1.9048433303833008,0.5249775580224625,1.9054787158966064,1.8387190103530884,1.9749464988708496,4.622349739074707,4.613150596618652,4.415241241455078,4.824581623077393,1.2163401855005844,0.6885031448827164,331776
Mirror Moderate Bi-Kappa 3,ion,493000,65.04861111111111,1.904205083847046,0.5251535186429134,1.9050301313400269,1.8381093740463257,1.9740395545959473,4.622897148132324,4.613533973693848,4.415956974029541,4.8249616622924805,1.2163145681067133,0.6878905157403326,331776
Mirror Moderate Bi-Kappa 3,ion,493500,65.11458333333334,1.9035847187042236,0.5253246625559714,1.904259443283081,1.8372814655303955,1.9731056690216064,4.62341833114624,4.614124298095703,4.416305065155029,4.826388359069824,1.2162901836641893,0.6872945350400343,331776
Mirror Moderate Bi-Kappa 3,ion,494000,65.18055555555556,1.902900218963623,0.5255136291616122,1.9037699699401855,1.837023138999939,1.9724587202072144,4.624007225036621,4.614506721496582,4.416051864624023,4.826367378234863,1.2162626378664623,0.6866375810971608,331776
Mirror Moderate Bi-Kappa 3,ion,494500,65.24652777777777,1.9022386074066162,0.5256964063847556,1.9030158519744873,1.8359376192092896,1.9719674587249756,4.624585151672363,4.6143574714660645,4.41732120513916,4.828102111816406,1.216235611887993,0.6860029955186233,331776
Mirror Moderate Bi-Kappa 3,ion,495000,65.3125,1.901601791381836,0.5258724537030072,1.9022873640060425,1.8357229232788086,1.971352219581604,4.625137805938721,4.616362571716309,4.417276382446289,4.827931880950928,1.2162097740560271,0.6853920173258088,331776
Mirror Moderate Bi-Kappa 3,ion,495500,65.37847222222223,1.9009748697280884,0.5260458809447797,1.9016772508621216,1.8351306915283203,1.9702647924423218,4.625644207000732,4.616700649261475,4.4186506271362305,4.828164577484131,1.216186104086116,0.6847887656419724,331776
Mirror Moderate Bi-Kappa 3,ion,496000,65.44444444444444,1.9003362655639648,0.5262226576006689,1.9010006189346313,1.834702491760254,1.9698737859725952,4.626185894012451,4.616868019104004,4.418886184692383,4.828765869140625,1.2161607905324932,0.6841754750314717,331776
Mirror Moderate Bi-Kappa 3,ion,496500,65.51041666666667,1.8996764421463013,0.5264054329537168,1.9001054763793945,1.8340667486190796,1.969042181968689,4.626771926879883,4.617795467376709,4.419428825378418,4.830061912536621,1.2161334113294755,0.6835430308168258,331776
Mirror Moderate Bi-Kappa 3,ion,497000,65.57638888888889,1.8990085124969482,0.5265905831486404,1.8997080326080322,1.833181619644165,1.9681636095046997,4.627360820770264,4.618006706237793,4.419984817504883,4.830501556396484,1.2161059054464531,0.6829026070504951,331776
Mirror Moderate Bi-Kappa 3,ion,497500,65.64236111111111,1.898355484008789,0.5267717287008243,1.8990671634674072,1.832235336303711,1.967989444732666,4.627918243408203,4.6185102462768555,4.419971466064453,4.831432342529297,1.2160798759624492,0.6822756080463399,331776
Mirror Moderate Bi-Kappa 3,ion,498000,65.70833333333334,1.8976900577545166,0.5269564415504563,1.8981256484985352,1.8320178985595703,1.967136025428772,4.62849760055542,4.619762897491455,4.421836853027344,4.83180570602417,1.2160528288661099,0.6816372288884067,331776
Mirror Moderate Bi-Kappa 3,ion,498500,65.77430555555556,1.897032380104065,0.5271391308276685,1.8976564407348633,1.8311041593551636,1.9663816690444946,4.629090309143066,4.6200737953186035,4.421151161193848,4.832034111022949,1.2160251654682277,0.6810072146358372,331776
Mirror Moderate Bi-Kappa 3,ion,499000,65.84027777777777,1.896432638168335,0.5273058372196376,1.8968086242675781,1.8307485580444336,1.9656933546066284,4.629545211791992,4.6202263832092285,4.422353744506836,4.832336902618408,1.2160039386704515,0.6804286994978834,331776
Mirror Moderate Bi-Kappa 3,ion,499500,65.90625,1.8957871198654175,0.5274853856328501,1.8963439464569092,1.8301427364349365,1.965024471282959,4.6301140785217285,4.6208696365356445,4.422331809997559,4.834413528442383,1.2159773999173846,0.6798097199480329,331776
Mirror Moderate Bi-Kappa 3,ion,500000,65.97222222222223,1.895066738128662,0.527685901440853,1.8959019184112549,1.829324722290039,1.9643985033035278,4.630782604217529,4.621593475341797,4.4227423667907715,4.834501266479492,1.2159462202110807,0.6791205179175814,331776
Mirror Moderate Bi-Kappa 3,ion,500500,66.03819444444444,1.8944249153137207,0.5278646790994078,1.895097255706787,1.8289369344711304,1.9636039733886719,4.631310939788818,4.62202262878418,4.422574043273926,4.834725856781006,1.2159215852705407,0.67850333004318,331776
Mirror Moderate Bi-Kappa 3,ion,501000,66.10416666666667,1.8937790393829346,0.5280447080699753,1.8943464756011963,1.8275542259216309,1.9636118412017822,4.631859302520752,4.623623847961426,4.424215793609619,4.834558963775635,1.2158960224581477,0.6778830169247869,331776
Mirror Moderate Bi-Kappa 3,ion,501500,66.17013888888889,1.8931645154953003,0.528216112131372,1.8936381340026855,1.827608346939087,1.962238073348999,4.632352352142334,4.623707294464111,4.424808025360107,4.836176872253418,1.2158730433226927,0.6772914721726075,331776
Mirror Moderate Bi-Kappa 3,ion,502000,66.23611111111111,1.892498254776001,0.5284020724861178,1.8929333686828613,1.8268983364105225,1.9617443084716797,4.6329121589660645,4.6239705085754395,4.424230575561523,4.837406158447266,1.2158469588215055,0.6766512959544955,331776
Mirror Moderate Bi-Kappa 3,ion,502500,66.30208333333334,1.8918845653533936,0.5285734755244993,1.8924109935760498,1.8260258436203003,1.9612138271331787,4.6334123611450195,4.624549865722656,4.426201820373535,4.836683750152588,1.2158236569630245,0.676060908390369,331776
Mirror Moderate Bi-Kappa 3,ion,503000,66.36805555555556,1.891257643699646,0.5287486891758528,1.8917694091796875,1.8255648612976074,1.9604970216751099,4.633930683135986,4.624916076660156,4.426486492156982,4.8380126953125,1.2157995163024873,0.6754581273971587,331776
Mirror Moderate Bi-Kappa 3,ion,503500,66.43402777777777,1.890568733215332,0.5289413616289305,1.8910090923309326,1.8247253894805908,1.9598709344863892,4.634547710418701,4.625635147094727,4.426579475402832,4.838329315185547,1.215770785518498,0.674797947696834,331776
Mirror Moderate Bi-Kappa 3,ion,504000,66.5,1.8899250030517578,0.5291215251320815,1.8905562162399292,1.824487328529358,1.9589868783950806,4.635101795196533,4.625332832336426,4.4255523681640625,4.839900493621826,1.2157449920595755,0.6741800109921823,331776
Mirror Moderate Bi-Kappa 3,ion,504500,66.56597222222223,1.8892619609832764,0.5293072218950223,1.8897738456726074,1.8239645957946777,1.9582163095474243,4.635672569274902,4.626439094543457,4.427614688873291,4.83949089050293,1.2157184281366138,0.6735435328466626,331776
Mirror Moderate Bi-Kappa 3,ion,505000,66.63194444444444,1.8885892629623413,0.5294957562299454,1.8889636993408203,1.822959065437317,1.9578449726104736,4.636263847351074,4.626483917236328,4.4278645515441895,4.840609550476074,1.2156909168513672,0.6728983461109741,331776
Mirror Moderate Bi-Kappa 3,ion,505500,66.69791666666667,1.8879852294921875,0.5296651607115436,1.888324499130249,1.8223316669464111,1.9569214582443237,4.6367363929748535,4.628417491912842,4.428997039794922,4.840790748596191,1.2156689350542131,0.6723162944379744,331776
Mirror Moderate Bi-Kappa 3,ion,506000,66.76388888888889,1.8873134851455688,0.529853682427787,1.8879892826080322,1.8219839334487915,1.9563086032867432,4.637336730957031,4.6282172203063965,4.429953575134277,4.840854644775391,1.2156410150948052,0.6716724700507637,331776
Mirror Moderate Bi-Kappa 3,ion,506500,66.82986111111111,1.886673092842102,0.5300335303418096,1.8875465393066406,1.821000337600708,1.9555268287658691,4.637831687927246,4.62885046005249,4.429320812225342,4.84222936630249,1.2156180015335836,0.6710550913085185,331776
Mirror Moderate Bi-Kappa 3,ion,507000,66.89583333333334,1.8861266374588013,0.5301870935597998,1.8865008354187012,1.820677399635315,1.9548474550247192,4.638201713562012,4.629651069641113,4.430759906768799,4.841610431671143,1.2156007999988485,0.6705258374599528,331776
Mirror Moderate Bi-Kappa 3,ion,507500,66.96180555555556,1.8854401111602783,0.5303801452407901,1.8860665559768677,1.8198225498199463,1.9546895027160645,4.6388092041015625,4.629487991333008,4.430087566375732,4.843188285827637,1.2155725652858962,0.6698675458743821,331776
Mirror Moderate Bi-Kappa 3,ion,508000,67.02777777777777,1.8847873210906982,0.5305638407103221,1.8854451179504395,1.8192774057388306,1.953452229499817,4.639377117156982,4.630282402038574,4.431788921356201,4.84419059753418,1.2155461767274487,0.6692411443632496,331776
Mirror Moderate Bi-Kappa 3,ion,508500,67.09375,1.884151577949524,0.530742861510259,1.884719967842102,1.8185341358184814,1.9532060623168945,4.6398797035217285,4.631560325622559,4.431378364562988,4.844966888427734,1.2155228290166633,0.6686287489328606,331776
Mirror Moderate Bi-Kappa 3,ion,509000,67.15972222222223,1.8834853172302246,0.5309306055385441,1.8837714195251465,1.8178980350494385,1.9524798393249512,4.640483379364014,4.6314897537231445,4.432477951049805,4.844871520996094,1.2154947918673618,0.6679905253628629,331776
Mirror Moderate Bi-Kappa 3,ion,509500,67.22569444444444,1.8828086853027344,0.5311214080357884,1.8835642337799072,1.8174136877059937,1.9517089128494263,4.641058444976807,4.632384777069092,4.431879043579102,4.846184253692627,1.215468090276333,0.6673405950264013,331776
Mirror Moderate Bi-Kappa 3,ion,510000,67.29166666666667,1.8821204900741577,0.5313156119779552,1.8824753761291504,1.8165173530578613,1.951163649559021,4.641678333282471,4.632826805114746,4.432937145233154,4.84712028503418,1.2154393148766143,0.6666811751975434,331776
Mirror Moderate Bi-Kappa 3,ion,510500,67.35763888888889,1.8814867734909058,0.5314945680668286,1.882045030593872,1.8159102201461792,1.9501101970672607,4.6422247886657715,4.633288860321045,4.434556484222412,4.845606803894043,1.215413954628296,0.6660728188626097,331776
Mirror Moderate Bi-Kappa 3,ion,511000,67.42361111111111,1.8808311223983765,0.5316798451978142,1.8814387321472168,1.81536066532135,1.949559211730957,4.642778396606445,4.634856224060059,4.434907913208008,4.847395896911621,1.2153882685270812,0.6654428538712953,331776
Mirror Moderate Bi-Kappa 3,ion,511500,67.48958333333334,1.880180835723877,0.5318637340620462,1.8807182312011719,1.8150185346603394,1.948822021484375,4.643331527709961,4.634387016296387,4.434734344482422,4.847793102264404,1.2153626106669986,0.6648182250568784,331776
Mirror Moderate Bi-Kappa 3,ion,512000,67.55555555555556,1.8795019388198853,0.5320558491298428,1.8801629543304443,1.8145148754119873,1.9482784271240234,4.643906116485596,4.634758949279785,4.434560298919678,4.849575519561768,1.2153359639313246,0.6641659748885607,331776
Mirror Moderate Bi-Kappa 3,ion,512500,67.62152777777777,1.8788608312606812,0.5322373979817432,1.8793652057647705,1.813639521598816,1.9474958181381226,4.6444478034973145,4.635775089263916,4.436150550842285,4.848930358886719,1.2153108490630449,0.6635499821976363,331776
Mirror Moderate Bi-Kappa 3,ion,513000,67.6875,1.8782405853271484,0.5324131571919056,1.8787037134170532,1.812601089477539,1.9472993612289429,4.644932746887207,4.636011123657227,4.435908317565918,4.850562572479248,1.2152883700350987,0.6629522152920497,331776
Mirror Moderate Bi-Kappa 3,ion,513500,67.75347222222223,1.8775173425674438,0.532618249284735,1.8777639865875244,1.812215805053711,1.9462714195251465,4.6456685066223145,4.636855125427246,4.436697959899902,4.850959777832031,1.2152542736474887,0.6622630689199551,331776
Mirror Moderate Bi-Kappa 3,ion,514000,67.81944444444444,1.8768543004989624,0.5328064089653362,1.8773276805877686,1.8116967678070068,1.945297360420227,4.646210193634033,4.637222766876221,4.43760347366333,4.8519134521484375,1.215229177829738,0.6616251226692245,331776
Mirror Moderate Bi-Kappa 3,ion,514500,67.88541666666667,1.8761847019195557,0.5329965642385227,1.876683235168457,1.810865879058838,1.9449468851089478,4.6468119621276855,4.637369155883789,4.437110424041748,4.852965354919434,1.2152013053573443,0.6609833965622114,331776
Mirror Moderate Bi-Kappa 3,ion,515000,67.95138888888889,1.8754875659942627,0.5331946839486853,1.875928282737732,1.8100050687789917,1.9441064596176147,4.647479057312012,4.6390461921691895,4.439373016357422,4.852736949920654,1.2151704155453205,0.6603171504489422,331776
Mirror Moderate Bi-Kappa 3,ion,515500,68.01736111111111,1.8747864961624146,0.5333940702298343,1.8755674362182617,1.8095322847366333,1.9433660507202148,4.648097515106201,4.639835357666016,4.438889980316162,4.853151798248291,1.2151417858059184,0.6596447103564962,331776
Mirror Moderate Bi-Kappa 3,ion,516000,68.08333333333334,1.8741663694381714,0.5335705603872164,1.8748095035552979,1.8088347911834717,1.9428446292877197,4.648628234863281,4.64008903503418,4.439752101898193,4.854623317718506,1.2151172237221095,0.6590491457160619,331776
Mirror Moderate Bi-Kappa 3,ion,516500,68.14930555555556,1.873491883277893,0.5337626540715955,1.8739886283874512,1.808293104171753,1.9419162273406982,4.649231910705566,4.640543460845947,4.440313339233398,4.854367733001709,1.215089291996243,0.65840259128165,331776
Mirror Moderate Bi-Kappa 3,ion,517000,68.21527777777777,1.8728046417236328,0.5339585228065494,1.8733959197998047,1.8074028491973877,1.9413225650787354,4.649868488311768,4.640680313110352,4.441000938415527,4.85525369644165,1.2150598457813742,0.6577447959422587,331776
Mirror Moderate Bi-Kappa 3,ion,517500,68.28125,1.8721178770065308,0.5341543992940097,1.8725000619888306,1.8070125579833984,1.9407436847686768,4.650510787963867,4.641968727111816,4.440966606140137,4.856053829193115,1.2150301430518409,0.6570877339546899,331776
Mirror Moderate Bi-Kappa 3,ion,518000,68.34722222222223,1.8714139461517334,0.5343553210428627,1.8720518350601196,1.806391954421997,1.9400317668914795,4.651136875152588,4.642768859863281,4.441661834716797,4.856761455535889,1.2150011979527464,0.656412748198987,331776
Mirror Moderate Bi-Kappa 3,ion,518500,68.41319444444444,1.8708171844482422,0.5345257721132858,1.8711819648742676,1.8056353330612183,1.9395302534103394,4.651613235473633,4.6425018310546875,4.4429521560668945,4.857268810272217,1.2149791802065373,0.6558380042417049,331776
Mirror Moderate Bi-Kappa 3,ion,519000,68.47916666666667,1.8701181411743164,0.5347255758783576,1.8703672885894775,1.8048224449157715,1.9385571479797363,4.6522016525268555,4.64316463470459,4.442181587219238,4.858783721923828,1.2149519893353822,0.6551661518389342,331776
Mirror Moderate Bi-Kappa 3,ion,519500,68.54513888888889,1.86943781375885,0.5349201736693853,1.8698854446411133,1.8044238090515137,1.937833547592163,4.652838706970215,4.644609451293945,4.444842338562012,4.858245849609375,1.214922558674115,0.6545152550847351,331776
Mirror Moderate Bi-Kappa 3,ion,520000,68.61111111111111,1.8687591552734375,0.5351144352540601,1.869070291519165,1.8036408424377441,1.9370609521865845,4.653435230255127,4.644948959350586,4.444110870361328,4.860226154327393,1.2148950077779797,0.6538641474954578,331776
Mirror Moderate Bi-Kappa 3,ion,520500,68.67708333333334,1.8681304454803467,0.5352945252936409,1.868778944015503,1.8029754161834717,1.9365109205245972,4.653964519500732,4.644965171813965,4.444957256317139,4.860663890838623,1.21487056805222,0.6532598774281266,331776
Mirror Moderate Bi-Kappa 3,ion,521000,68.74305555555556,1.8674660921096802,0.5354849569826984,1.8678213357925415,1.8023475408554077,1.9357092380523682,4.654555320739746,4.646385192871094,4.444941997528076,4.860577583312988,1.2148432945987782,0.652622797510902,331776
Mirror Moderate Bi-Kappa 3,ion,521500,68.80902777777777,1.8667658567428589,0.5356858206871237,1.8675342798233032,1.8021907806396484,1.9348528385162354,4.655209541320801,4.646925926208496,4.445079803466797,4.861332416534424,1.2148131015636892,0.6519527551791697,331776
Mirror Moderate Bi-Kappa 3,ion,522000,68.875,1.8661466836929321,0.5358635571031813,1.8664648532867432,1.801056146621704,1.9342795610427856,4.655675888061523,4.647266387939453,4.446355819702148,4.862131595611572,1.2147915843034272,0.651355099389505,331776
Mirror Moderate Bi-Kappa 3,ion,522500,68.94097222222223,1.865460991859436,0.5360605257166111,1.8659114837646484,1.8005064725875854,1.9337265491485596,4.656322479248047,4.647583961486816,4.4471588134765625,4.862513065338135,1.2147617576868281,0.6506992341726079,331776
Mirror Moderate Bi-Kappa 3,ion,523000,69.00694444444444,1.864800214767456,0.5362504744910177,1.865482211112976,1.7998074293136597,1.9332859516143799,4.6569132804870605,4.648470878601074,4.447455406188965,4.863075256347656,1.2147345118471717,0.6500657029202843,331776
Mirror Moderate Bi-Kappa 3,ion,523500,69.07291666666667,1.8640371561050415,0.5364699929531064,1.8643596172332764,1.7990130186080933,1.9326039552688599,4.65765905380249,4.648590087890625,4.447835922241211,4.864251136779785,1.2147001290666832,0.6493370270383583,331776
Mirror Moderate Bi-Kappa 3,ion,524000,69.13888888888889,1.8633252382278442,0.5366749612381527,1.8638896942138672,1.7983304262161255,1.9320662021636963,4.65836238861084,4.649449348449707,4.448564529418945,4.865116596221924,1.21466771293811,0.6486575252897342,331776
Mirror Moderate Bi-Kappa 3,ion,524500,69.20486111111111,1.8626629114151,0.5368657924478032,1.863245964050293,1.7976843118667603,1.930742621421814,4.658928394317627,4.650455474853516,4.4488372802734375,4.866294860839844,1.2146416333034167,0.6480212781116834,331776
Mirror Moderate Bi-Kappa 3,ion,525000,69.27083333333334,1.8619821071624756,0.5370620889176678,1.8622056245803833,1.7967426776885986,1.9304814338684082,4.659556865692139,4.651582717895508,4.449688911437988,4.866796016693115,1.214612682884697,0.6473694242777785,331776
Mirror Moderate Bi-Kappa 3,ion,525500,69.33680555555556,1.8612526655197144,0.5372725683757567,1.8617281913757324,1.7964069843292236,1.9294140338897705,4.660270690917969,4.65130615234375,4.450852394104004,4.867100715637207,1.214579810127515,0.6466728553921994,331776
Mirror Moderate Bi-Kappa 3,ion,526000,69.40277777777777,1.8605921268463135,0.5374633083581789,1.8611280918121338,1.7952284812927246,1.9288002252578735,4.660824298858643,4.652398109436035,4.45021390914917,4.8681840896606445,1.214554322557253,0.6460378042890604,331776
Mirror Moderate Bi-Kappa 3,ion,526500,69.46875,1.8599674701690674,0.5376438115388663,1.8604304790496826,1.7947347164154053,1.928269386291504,4.661379337310791,4.653620719909668,4.45196533203125,4.868107318878174,1.214528775205176,0.6454386949638913,331776
Mirror Moderate Bi-Kappa 3,ion,527000,69.53472222222223,1.8592098951339722,0.5378628860664176,1.8598663806915283,1.7943308353424072,1.9272165298461914,4.662108421325684,4.653716564178467,4.452133655548096,4.869427680969238,1.2144952261139494,0.6447146690200227,331776
Mirror Moderate Bi-Kappa 3,ion,527500,69.60069444444444,1.8584694862365723,0.5380771690930555,1.8592102527618408,1.7936538457870483,1.9265782833099365,4.662826061248779,4.653899192810059,4.452746391296387,4.869205474853516,1.2144622138729713,0.644007272363601,331776
Mirror Moderate Bi-Kappa 3,ion,528000,69.66666666666667,1.857836127281189,0.5382606061512157,1.8582040071487427,1.792771339416504,1.9260058403015137,4.663377285003662,4.654678821563721,4.45361328125,4.870628356933594,1.214436863861684,0.6433992634195049,331776
Mirror Moderate Bi-Kappa 3,ion,528500,69.73263888888889,1.8571172952651978,0.5384689499955355,1.8576602935791016,1.7922043800354004,1.9252147674560547,4.6640625,4.655560493469238,4.454054832458496,4.871011734008789,1.2144053601340032,0.6427119351311945,331776
Mirror Moderate Bi-Kappa 3,ion,529000,69.79861111111111,1.856393814086914,0.5386788042556908,1.8569923639297485,1.7913469076156616,1.9248664379119873,4.6647725105285645,4.656557083129883,4.453971862792969,4.872279644012451,1.2143727261603783,0.6420210879265358,331776
Mirror Moderate Bi-Kappa 3,ion,529500,69.86458333333334,1.8556890487670898,0.5388833870978518,1.856414556503296,1.7907342910766602,1.923899531364441,4.665444374084473,4.656826972961426,4.455916881561279,4.8723835945129395,1.2143418546697893,0.6413471940973006,331776
Mirror Moderate Bi-Kappa 3,ion,530000,69.93055555555556,1.855007529258728,0.5390813698743346,1.855374813079834,1.7901756763458252,1.9230830669403076,4.666083335876465,4.657809734344482,4.455348491668701,4.873204231262207,1.2143125032318272,0.6406950260269009,331776
Mirror Moderate Bi-Kappa 3,ion,530500,69.99652777777777,1.854316234588623,0.5392823410306,1.8548023700714111,1.7894319295883179,1.9227688312530518,4.666711330413818,4.6578874588012695,4.456058502197266,4.87416410446167,1.214283663418994,0.6400325711696291,331776
Mirror Moderate Bi-Kappa 3,ion,531000,70.0625,1.853628396987915,0.5394824559361342,1.8540875911712646,1.7889478206634521,1.9216375350952148,4.66733980178833,4.6585164070129395,4.457098007202148,4.873873710632324,1.2142548094777332,0.6393735875101818,331776
Mirror Moderate Bi-Kappa 3,ion,531500,70.12847222222223,1.8529154062271118,0.5396900455570124,1.8534059524536133,1.7882025241851807,1.920814037322998,4.668020725250244,4.660265922546387,4.4582037925720215,4.8749680519104,1.2142235561617802,0.6386918500653316,331776
Mirror Moderate Bi-Kappa 3,ion,532000,70.19444444444444,1.8522400856018066,0.5398868147673699,1.852616786956787,1.7875092029571533,1.9203040599822998,4.668637275695801,4.660351753234863,4.45804500579834,4.876323223114014,1.2141952653306018,0.6380448202712048,331776
Mirror Moderate Bi-Kappa 3,ion,532500,70.26041666666667,1.8515371084213257,0.5400917947859166,1.8521833419799805,1.786770224571228,1.9198648929595947,4.669312953948975,4.661168575286865,4.459413528442383,4.876514434814453,1.2141642699605883,0.6373728384607373,331776
Mirror Moderate Bi-Kappa 3,ion,533000,70.32638888888889,1.8508479595184326,0.5402928937826894,1.8511812686920166,1.7859264612197876,1.9189910888671875,4.669933795928955,4.661351203918457,4.459792613983154,4.8775763511657715,1.214135798000339,0.6367121615180935,331776
Mirror Moderate Bi-Kappa 3,ion,533500,70.39236111111111,1.8501787185668945,0.540488326865297,1.85060715675354,1.7852765321731567,1.918022632598877,4.6705498695373535,4.661985397338867,4.461258888244629,4.877639293670654,1.2141075522011406,0.6360711663657539,331776
Mirror Moderate Bi-Kappa 3,ion,534000,70.45833333333334,1.8495076894760132,0.540684424125488,1.8498129844665527,1.7846674919128418,1.9174401760101318,4.671147346496582,4.662859916687012,4.460439682006836,4.8795270919799805,1.2140801661394844,0.6354275233365287,331776
Mirror Moderate Bi-Kappa 3,ion,534500,70.52430555555556,1.848775863647461,0.5408984505169242,1.8494038581848145,1.783646821975708,1.916810154914856,4.671854496002197,4.663216590881348,4.46178674697876,4.879159927368164,1.214047762158629,0.634728101488832,331776
Mirror Moderate Bi-Kappa 3,ion,535000,70.59027777777779,1.8480230569839478,0.5411187897363372,1.8485164642333984,1.783441185951233,1.916038155555725,4.672640323638916,4.6648149490356445,4.461544513702393,4.881739139556885,1.2140117643853292,0.6340112925986185,331776
Mirror Moderate Bi-Kappa 3,ion,535500,70.65625,1.8473085165023804,0.5413280949374714,1.8475916385650635,1.7827528715133667,1.9151782989501953,4.673305034637451,4.665261268615723,4.463372230529785,4.881252288818359,1.2139813242637132,0.6333271922386672,331776
Mirror Moderate Bi-Kappa 3,ion,536000,70.72222222222223,1.8466238975524902,0.5415287873862117,1.847273826599121,1.7816224098205566,1.914543867111206,4.67395544052124,4.665821552276611,4.463014602661133,4.882397174835205,1.2139515476186225,0.6326723499338678,331776
Mirror Moderate Bi-Kappa 3,ion,536500,70.78819444444444,1.8459299802780151,0.5417323575022007,1.8464782238006592,1.7811620235443115,1.913975477218628,4.674574375152588,4.6663312911987305,4.464202880859375,4.8831987380981445,1.2139232194732934,0.6320067608047217,331776
Mirror Moderate Bi-Kappa 3,ion,537000,70.85416666666667,1.845215082168579,0.5419422427572809,1.8454995155334473,1.7806892395019531,1.9133005142211914,4.675281047821045,4.666318416595459,4.46427583694458,4.883756637573242,1.2138908847984782,0.6313241973701009,331776
Mirror Moderate Bi-Kappa 3,ion,537500,70.92013888888889,1.844497799873352,0.5421529914910511,1.8448398113250732,1.7798221111297607,1.912415623664856,4.675967216491699,4.6682353019714355,4.464702606201172,4.884133338928223,1.2138594976613808,0.6306383022119713,331776
Mirror Moderate Bi-Kappa 3,ion,538000,70.98611111111111,1.8437718152999878,0.5423664640612248,1.8440841436386108,1.779275894165039,1.9114558696746826,4.67665958404541,4.669099807739258,4.465142726898193,4.885761260986328,1.2138278363068236,0.6299439789931642,331776
Mirror Moderate Bi-Kappa 3,ion,538500,71.05208333333334,1.8431060314178467,0.5425623827136683,1.843360424041748,1.7785429954528809,1.9110779762268066,4.677287578582764,4.669113636016846,4.46614408493042,4.8862152099609375,1.213799126780014,0.6293069046378328,331776
Mirror Moderate Bi-Kappa 3,ion,539000,71.11805555555556,1.8424136638641357,0.5427662742701753,1.8428938388824463,1.777880072593689,1.9103518724441528,4.677971363067627,4.669766426086426,4.466769218444824,4.887199878692627,1.213767875514364,0.6286457883497718,331776
Mirror Moderate Bi-Kappa 3,ion,539500,71.18402777777779,1.8416939973831177,0.5429783674274393,1.8422839641571045,1.7772303819656372,1.9096550941467285,4.678654670715332,4.67045783996582,4.466766834259033,4.887989044189453,1.2137366551669664,0.6279573422161513,331776
Mirror Moderate Bi-Kappa 3,ion,540000,71.25,1.8409868478775024,0.5431869332216648,1.8415966033935547,1.776464581489563,1.9083079099655151,4.67929744720459,4.671034812927246,4.467879295349121,4.888111114501953,1.2137072950122885,0.627279552865214,331776
Mirror Moderate Bi-Kappa 3,ion,540500,71.31597222222223,1.8402857780456543,0.5433938641105945,1.8407776355743408,1.7755513191223145,1.9078011512756348,4.679981231689453,4.671880722045898,4.4685258865356445,4.88937520980835,1.213676070585224,0.6266097074604302,331776
Mirror Moderate Bi-Kappa 3,ion,541000,71.38194444444444,1.839516520500183,0.5436211030755461,1.8398878574371338,1.7751424312591553,1.9076356887817383,4.680770397186279,4.672548294067383,4.469719886779785,4.88932991027832,1.2136400453654217,0.6258764751347614,331776
Mirror Moderate Bi-Kappa 3,ion,541500,71.44791666666667,1.8388071060180664,0.5438308328955168,1.839232325553894,1.7744481563568115,1.9063624143600464,4.6814775466918945,4.673288345336914,4.470172882080078,4.890020370483398,1.2136077744742442,0.6251993315438222,331776
Mirror Moderate Bi-Kappa 3,ion,542000,71.51388888888889,1.838178038597107,0.5440169444974969,1.8384220600128174,1.7738099098205566,1.9060405492782593,4.682008743286133,4.6739654541015625,4.471076011657715,4.892157554626465,1.21358353963648,0.6245944989606269,331776
Mirror Moderate Bi-Kappa 3,ion,542500,71.57986111111111,1.8374508619308472,0.544232240828019,1.8376566171646118,1.7728846073150635,1.9052417278289795,4.682739734649658,4.675028324127197,4.472087860107422,4.892605304718018,1.2135501985302661,0.623900663400581,331776
Mirror Moderate Bi-Kappa 3,ion,543000,71.64583333333334,1.836713433265686,0.5444507465827125,1.8369696140289307,1.7720215320587158,1.9042719602584839,4.683492183685303,4.675193786621094,4.47291374206543,4.8922319412231445,1.2135158895926947,0.6231975436729913,331776
Mirror Moderate Bi-Kappa 3,ion,543500,71.71180555555556,1.8360599279403687,0.5446445319035784,1.8364629745483398,1.7717015743255615,1.9036180973052979,4.684089183807373,4.676476001739502,4.472315311431885,4.8940110206604,1.2134886764020085,0.6225712515383601,331776
Mirror Moderate Bi-Kappa 3,ion,544000,71.77777777777779,1.835262656211853,0.5448811354686908,1.8355789184570312,1.7711033821105957,1.9027817249298096,4.684934616088867,4.676735877990723,4.4731950759887695,4.8948655128479,1.2134501507376068,0.6218125054742463,331776
Mirror Moderate Bi-Kappa 3,ion,544500,71.84375,1.8345017433166504,0.5451071407498748,1.8349432945251465,1.7702059745788574,1.902137041091919,4.685706615447998,4.676961898803711,4.473460674285889,4.895290374755859,1.2134149834953742,0.6210867598212761,331776
Mirror Moderate Bi-Kappa 3,ion,545000,71.90972222222223,1.8337897062301636,0.5453187988800322,1.8339624404907227,1.7695595026016235,1.9013251066207886,4.686447620391846,4.678408145904541,4.474905014038086,4.895693302154541,1.213381239053812,0.6204084671763517,331776
Mirror Moderate Bi-Kappa 3,ion,545500,71.97569444444444,1.8331046104431152,0.5455226037308752,1.8334718942642212,1.7684788703918457,1.9006407260894775,4.687064170837402,4.6783552169799805,4.475124359130859,4.897217750549316,1.2133531702471523,0.619751440195963,331776
Mirror Moderate Bi-Kappa 3,ion,546000,72.04166666666667,1.832435131072998,0.5457219101744909,1.8328187465667725,1.7680479288101196,1.900072455406189,4.6876606941223145,4.679405212402344,4.474701881408691,4.898395538330078,1.2133260202159817,0.6191091108570164,331776
Mirror Moderate Bi-Kappa 3,ion,546500,72.10763888888889,1.831729769706726,0.5459320564299763,1.8320209980010986,1.767195463180542,1.8991878032684326,4.688374042510986,4.681003570556641,4.476306438446045,4.8989362716674805,1.2132935621033392,0.6184362076033869,331776
Mirror Moderate Bi-Kappa 3,ion,547000,72.17361111111111,1.830925703048706,0.5461718071546446,1.8315409421920776,1.7664529085159302,1.8983038663864136,4.689254283905029,4.6806488037109375,4.476714611053467,4.899696350097656,1.2132535237921112,0.6176721792565949,331776
Mirror Moderate Bi-Kappa 3,ion,547500,72.23958333333334,1.830193042755127,0.5463904498809726,1.8305389881134033,1.7656047344207764,1.8976904153823853,4.689984321594238,4.681680202484131,4.477865219116211,4.900374412536621,1.2132203289882377,0.6169727137668892,331776
Mirror Moderate Bi-Kappa 3,ion,548000,72.30555555555556,1.829455852508545,0.5466106212012729,1.8297533988952637,1.7653167247772217,1.8966879844665527,4.690775394439697,4.682877540588379,4.478194713592529,4.9011054039001465,1.2131843705809,0.6162714819276449,331776
Mirror Moderate Bi-Kappa 3,ion,548500,72.37152777777779,1.8287136554718018,0.546832467186889,1.8288918733596802,1.7641061544418335,1.8961892127990723,4.691530227661133,4.683764457702637,4.480635643005371,4.901958465576172,1.2131500707602878,0.615563584711514,331776
Mirror Moderate Bi-Kappa 3,ion,549000,72.4375,1.8280057907104492,0.547044218941644,1.8283541202545166,1.7635881900787354,1.8957126140594482,4.692209243774414,4.684711456298828,4.478901386260986,4.903840065002441,1.2131192255176582,0.6148865651927911,331776
Mirror Moderate Bi-Kappa 3,ion,549500,72.50347222222223,1.827311635017395,0.5472520290664491,1.8275681734085083,1.7628389596939087,1.8948979377746582,4.692892551422119,4.684751510620117,4.48091983795166,4.902994632720947,1.2130881943369796,0.6142234406804155,331776
Mirror Moderate Bi-Kappa 3,ion,550000,72.56944444444444,1.8265737295150757,0.5474731098128095,1.826987862586975,1.7622219324111938,1.894003987312317,4.693668365478516,4.68563175201416,4.480881690979004,4.90464973449707,1.2130529730977384,0.6135207564173373,331776
Mirror Moderate Bi-Kappa 3,ion,550500,72.63541666666667,1.8258228302001953,0.547698267027559,1.8262614011764526,1.7612963914871216,1.8931169509887695,4.694485187530518,4.687106132507324,4.4822096824646,4.905619144439697,1.213015902714146,0.6128069274860493,331776
Mirror Moderate Bi-Kappa 3,ion,551000,72.70138888888889,1.8250696659088135,0.5479242895103618,1.8254294395446777,1.7608656883239746,1.8922923803329468,4.695258140563965,4.6873016357421875,4.482322692871094,4.906097412109375,1.2129808351452827,0.6120888307635308,331776
Mirror Moderate Bi-Kappa 3,ion,551500,72.76736111111111,1.8243731260299683,0.5481334852679547,1.8246362209320068,1.7597806453704834,1.8919684886932373,4.695953369140625,4.688011169433594,4.483819484710693,4.906796455383301,1.2129493036646153,0.611423822365353,331776
Mirror Moderate Bi-Kappa 3,ion,552000,72.83333333333334,1.8236693143844604,0.5483450273096951,1.823930025100708,1.7592360973358154,1.8911114931106567,4.696648597717285,4.689398288726807,4.484524726867676,4.906970024108887,1.212917781518939,0.6107515328655215,331776
Mirror Moderate Bi-Kappa 3,ion,552500,72.89930555555556,1.8229644298553467,0.5485570555424115,1.823380947113037,1.758669137954712,1.8903765678405762,4.697361946105957,4.689320087432861,4.485058784484863,4.9085540771484375,1.2128854475071875,0.6100789823481592,331776
Mirror Moderate Bi-Kappa 3,ion,553000,72.96527777777779,1.822217583656311,0.5487818847590542,1.8225204944610596,1.7577468156814575,1.889420986175537,4.698133945465088,4.6903791427612305,4.4853835105896,4.908719062805176,1.2128504660803165,0.6093671175759945,331776
Mirror Moderate Bi-Kappa 3,ion,553500,73.03125,1.8214796781539917,0.549004203556894,1.822110652923584,1.757148027420044,1.888755202293396,4.698915481567383,4.690860271453857,4.485198020935059,4.91039514541626,1.2128150642255087,0.608664613928483,331776
Mirror Moderate Bi-Kappa 3,ion,554000,73.09722222222223,1.8207917213439941,0.5492116359480494,1.8211824893951416,1.7562764883041382,1.8882489204406738,4.699619293212891,4.6919403076171875,4.487586975097656,4.9100189208984375,1.21278319319273,0.6080085281512642,331776
Mirror Moderate Bi-Kappa 3,ion,554500,73.16319444444444,1.8200761079788208,0.5494275737240965,1.820429801940918,1.7556921243667603,1.8873612880706787,4.700321674346924,4.691605567932129,4.487798690795898,4.911834716796875,1.2127513964539338,0.607324711524887,331776
Mirror Moderate Bi-Kappa 3,ion,555000,73.22916666666667,1.8193508386611938,0.5496465985284456,1.8196818828582764,1.7550442218780518,1.886491060256958,4.701091766357422,4.693630218505859,4.487669944763184,4.912652969360352,1.2127165453685318,0.606634293292662,331776
Mirror Moderate Bi-Kappa 3,ion,555500,73.29513888888889,1.8186286687850952,0.549864860905351,1.818786382675171,1.754326581954956,1.8857495784759521,4.701822757720947,4.693901538848877,4.488691329956055,4.913939476013184,1.2126834743733974,0.6059451944116978,331776
Mirror Moderate Bi-Kappa 3,ion,556000,73.36111111111111,1.8179110288619995,0.550081925970818,1.8180198669433594,1.7538108825683594,1.8850611448287964,4.702564716339111,4.695534706115723,4.490339756011963,4.913045406341553,1.2126499177194712,0.6052611111425283,331776
Mirror Moderate Bi-Kappa 3,ion,556500,73.42708333333334,1.817158579826355,0.5503097038980266,1.8173677921295166,1.7532219886779785,1.88425874710083,4.703396797180176,4.695246696472168,4.489980697631836,4.9149298667907715,1.2126122976907943,0.6045462821355607,331776
Mirror Moderate Bi-Kappa 3,ion,557000,73.49305555555556,1.8164799213409424,0.5505153061432084,1.816737174987793,1.752302646636963,1.8835794925689697,4.704046726226807,4.695389747619629,4.4905548095703125,4.91536808013916,1.2125829223644036,0.6038969989765388,331776
Mirror Moderate Bi-Kappa 3,ion,557500,73.55902777777779,1.8157744407653809,0.5507291971675086,1.8159677982330322,1.7516536712646484,1.8828798532485962,4.704761505126953,4.697298049926758,4.491735458374023,4.916989326477051,1.212550625342063,0.6032238154233178,331776
Mirror Moderate Bi-Kappa 3,ion,558000,73.625,1.8150590658187866,0.5509462578006477,1.8153456449508667,1.7508823871612549,1.88216233253479,4.7054762840271,4.698044300079346,4.4926652908325195,4.917840957641602,1.212518338131792,0.6025407276869945,331776
Mirror Moderate Bi-Kappa 3,ion,558500,73.69097222222223,1.81430983543396,0.5511737744401373,1.8147339820861816,1.750490665435791,1.881016492843628,4.70632791519165,4.698299407958984,4.493184566497803,4.91768741607666,1.2124798819844405,0.6018299534495195,331776
Mirror Moderate Bi-Kappa 3,ion,559000,73.75694444444444,1.8135734796524048,0.5513975646532189,1.8136991262435913,1.7496417760849,1.8806968927383423,4.707092761993408,4.699298858642578,4.492706298828125,4.919220924377441,1.2124453565211895,0.6011281231312153,331776
Mirror Moderate Bi-Kappa 3,ion,559500,73.82291666666667,1.8128467798233032,0.5516185985102774,1.8128856420516968,1.7489103078842163,1.8794788122177124,4.707881927490234,4.700220108032227,4.495275974273682,4.918971538543701,1.212409745061958,0.6004370347613452,331776
Mirror Moderate Bi-Kappa 3,ion,560000,73.88888888888889,1.812161922454834,0.5518270677740299,1.8121929168701172,1.748072862625122,1.8791753053665161,4.708536148071289,4.700927734375,4.494317531585693,4.921541213989258,1.2123802321045407,0.5997816903502933,331776
Mirror Moderate Bi-Kappa 3,ion,560500,73.95486111111111,1.8114579916000366,0.5520415072483759,1.8117166757583618,1.747477650642395,1.878516435623169,4.709246635437012,4.702545642852783,4.495551109313965,4.921665668487549,1.2123481901489326,0.599109801451104,331776
Mirror Moderate Bi-Kappa 3,ion,561000,74.02083333333334,1.8107273578643799,0.5522642575961445,1.8109626770019531,1.74660062789917,1.8775469064712524,4.7099785804748535,4.702121734619141,4.496890544891357,4.922604084014893,1.2123151905924765,0.5984121672719034,331776
Mirror Moderate Bi-Kappa 3,ion,561500,74.08680555555556,1.8100892305374146,0.552458952370597,1.8101894855499268,1.7463793754577637,1.8767566680908203,4.710608959197998,4.703566551208496,4.497504234313965,4.9231276512146,1.2122867783468603,0.5978024521905543,331776
Mirror Moderate Bi-Kappa 3,ion,562000,74.15277777777779,1.8093950748443604,0.5526708975296716,1.8095448017120361,1.7455402612686157,1.8765727281570435,4.711315631866455,4.702361106872559,4.497681140899658,4.92336893081665,1.2122549364419968,0.5971401384023636,331776
Mirror Moderate Bi-Kappa 3,ion,562500,74.21875,1.8086729049682617,0.5528915688696889,1.809180498123169,1.744626522064209,1.8756760358810425,4.712081432342529,4.70469331741333,4.497928142547607,4.923171520233154,1.212220441084964,0.5964524638832978,331776
Mirror Moderate Bi-Kappa 3,ion,563000,74.28472222222223,1.8080285787582397,0.5530886025522912,1.808203935623169,1.7438762187957764,1.8748804330825806,4.712642192840576,4.705238342285156,4.499813079833984,4.925213813781738,1.2121951888304177,0.5958333899278221,331776
Mirror Moderate Bi-Kappa 3,ion,563500,74.35069444444444,1.8073854446411133,0.5532854117891642,1.807650089263916,1.7435563802719116,1.874202013015747,4.7132415771484375,4.705948829650879,4.49931001663208,4.926690101623535,1.2121682039062829,0.5952172407348304,331776
Mirror Moderate Bi-Kappa 3,ion,564000,74.41666666666667,1.8066827058792114,0.5535006211914537,1.8068499565124512,1.7429440021514893,1.8732707500457764,4.713972091674805,4.706252574920654,4.50025749206543,4.926393508911133,1.2121353246375954,0.594547381241616,331776
Mirror Moderate Bi-Kappa 3,ion,564500,74.48263888888889,1.805956482887268,0.5537231984689093,1.8063271045684814,1.7419120073318481,1.87270188331604,4.714715480804443,4.707238674163818,4.5022430419921875,4.926259517669678,1.2121018763637834,0.5938546065234847,331776
Mirror Moderate Bi-Kappa 3,ion,565000,74.54861111111111,1.8052263259887695,0.5539471619727648,1.805478811264038,1.7415653467178345,1.8716305494308472,4.71549654006958,4.7079267501831055,4.501935005187988,4.9280242919921875,1.2120667445098463,0.5931595814789232,331776
Mirror Moderate Bi-Kappa 3,ion,565500,74.61458333333334,1.8045228719711304,0.5541631062329913,1.8048063516616821,1.7410324811935425,1.8710432052612305,4.716207027435303,4.708309173583984,4.5023627281188965,4.928613185882568,1.2120347970695011,0.5924880749016292,331776
Mirror Moderate Bi-Kappa 3,ion,566000,74.68055555555556,1.8038474321365356,0.5543706092790605,1.8039029836654663,1.7399864196777344,1.8704626560211182,4.716902732849121,4.709715843200684,4.503339767456055,4.929378032684326,1.2120035236333941,0.5918439085031415,331776
Mirror Moderate Bi-Kappa 3,ion,566500,74.74652777777779,1.8031399250030518,0.5545881304792847,1.803421974182129,1.7394381761550903,1.8697094917297363,4.717608451843262,4.70967960357666,4.502969741821289,4.930027484893799,1.211971809489463,0.5911681155135888,331776
Mirror Moderate Bi-Kappa 3,ion,567000,74.8125,1.80245041847229,0.5548002817451001,1.8024824857711792,1.7387653589248657,1.8689318895339966,4.718258380889893,4.710953235626221,4.503937721252441,4.931936264038086,1.211942610868927,0.590507807603363,331776
Mirror Moderate Bi-Kappa 3,ion,567500,74.87847222222223,1.8017923831939697,0.5550029011818429,1.801891803741455,1.738037109375,1.8684017658233643,4.718898296356201,4.711030960083008,4.5051045417785645,4.932562351226807,1.2119138699751533,0.5898785132188165,331776
Mirror Moderate Bi-Kappa 3,ion,568000,74.94444444444444,1.8010237216949463,0.5552397716665821,1.801385760307312,1.7371395826339722,1.8677048683166504,4.719770431518555,4.712791442871094,4.505692481994629,4.933263778686523,1.2118747118126796,0.5891490098822667,331776
Mirror Moderate Bi-Kappa 3,ion,568500,75.01041666666667,1.8003476858139038,0.555448265843116,1.8005774021148682,1.736609935760498,1.8669567108154297,4.7204179763793945,4.712196350097656,4.506045341491699,4.932899475097656,1.211845646932946,0.5885020388809579,331776
Mirror Moderate Bi-Kappa 3,ion,569000,75.07638888888889,1.799702525138855,0.5556473839602162,1.7997969388961792,1.7360734939575195,1.8661675453186035,4.721026420593262,4.713984489440918,4.507909774780273,4.9337286949157715,1.2118183443409614,0.5878841807978936,331776
Mirror Moderate Bi-Kappa 3,ion,569500,75.14236111111111,1.7990775108337402,0.5558404204255621,1.7994029521942139,1.735243558883667,1.865464210510254,4.72159481048584,4.714010238647461,4.507425308227539,4.934112548828125,1.211792845455348,0.5872846653783923,331776
Mirror Moderate Bi-Kappa 3,ion,570000,75.20833333333334,1.7983638048171997,0.5560610135287104,1.7986931800842285,1.7346959114074707,1.8649184703826904,4.722315788269043,4.7149248123168945,4.508370876312256,4.9361186027526855,1.2117605100624895,0.5866032947547102,331776
Mirror Moderate Bi-Kappa 3,ion,570500,75.27430555555556,1.7976709604263306,0.5562753262492725,1.7978957891464233,1.7341898679733276,1.864198923110962,4.722995281219482,4.715831756591797,4.507648468017578,4.937255859375,1.2117300442743189,0.5859409161520117,331776
Mirror Moderate Bi-Kappa 3,ion,571000,75.34027777777779,1.7969474792480469,0.5564992920207448,1.7973685264587402,1.7332724332809448,1.8636059761047363,4.723775863647461,4.715640068054199,4.509810447692871,4.937930107116699,1.211695056849681,0.585252422398366,331776
Mirror Moderate Bi-Kappa 3,ion,571500,75.40625,1.796329140663147,0.5566908521179098,1.796450138092041,1.7327969074249268,1.8627874851226807,4.724330902099609,4.717958450317383,4.509291648864746,4.938446521759033,1.2116701858363847,0.5846589548267622,331776
Mirror Moderate Bi-Kappa 3,ion,572000,75.47222222222223,1.7957100868225098,0.5568827659533224,1.7958292961120605,1.7321563959121704,1.8617757558822632,4.724884510040283,4.718105792999268,4.510263442993164,4.938241004943848,1.2116453847443298,0.58406470207818,331776
Mirror Moderate Bi-Kappa 3,ion,572500,75.53819444444444,1.794985055923462,0.5571077022062071,1.7949979305267334,1.7316709756851196,1.8611537218093872,4.7256245613098145,4.717716217041016,4.510924816131592,4.9399094581604,1.2116122402501708,0.5833728156732911,331776
Mirror Moderate Bi-Kappa 3,ion,573000,75.60416666666667,1.7943575382232666,0.557302532353824,1.7944666147232056,1.7308136224746704,1.8606562614440918,4.726185321807861,4.7190961837768555,4.511748790740967,4.940542221069336,1.2115871325201186,0.582770405703148,331776
Mirror Moderate Bi-Kappa 3,ion,573500,75.67013888888889,1.7936943769454956,0.5575085771874428,1.7937567234039307,1.730057954788208,1.859924554824829,4.726827621459961,4.7194390296936035,4.512144088745117,4.940551280975342,1.2115583812407216,0.582135995704774,331776
Mirror Moderate Bi-Kappa 3,ion,574000,75.73611111111111,1.792992115020752,0.5577269367904756,1.7929363250732422,1.729360818862915,1.8594191074371338,4.727530479431152,4.719128608703613,4.512150764465332,4.94118595123291,1.211526928139515,0.581465186881237,331776
Mirror Moderate Bi-Kappa 3,ion,574500,75.80208333333334,1.7922812700271606,0.5579481394596316,1.7925610542297363,1.7286911010742188,1.8587782382965088,4.728261470794678,4.720406532287598,4.513800621032715,4.942235946655273,1.2114942259806818,0.5807870440464789,331776
Mirror Moderate Bi-Kappa 3,ion,575000,75.86805555555556,1.7917094230651855,0.5581262157394025,1.791701078414917,1.727910041809082,1.8581433296203613,4.728727340698242,4.721831321716309,4.514150619506836,4.943674087524414,1.2114733897624852,0.5802360333027003,331776
Mirror Moderate Bi-Kappa 3,ion,575500,75.93402777777779,1.7910234928131104,0.5583399681873118,1.7913262844085693,1.7274994850158691,1.8573795557022095,4.729410171508789,4.722887992858887,4.513317108154297,4.9432268142700195,1.211442857298414,0.5795806355146964,331776
Mirror Moderate Bi-Kappa 3,ion,576000,76.0,1.7903372049331665,0.5585539959983852,1.7903800010681152,1.7268284559249878,1.8563730716705322,4.730098724365234,4.722127914428711,4.514909744262695,4.944554805755615,1.2114120779020732,0.5789251270310933,331776
Mirror Moderate Bi-Kappa 3,ion,576500,76.06597222222223,1.7897043228149414,0.5587515140082733,1.7899670600891113,1.7264032363891602,1.8558605909347534,4.730652809143066,4.723498344421387,4.515417098999023,4.945333957672119,1.2113873159466009,0.5783170068683405,331776
Mirror Moderate Bi-Kappa 3,ion,577000,76.13194444444444,1.7890337705612183,0.5589609410706098,1.7891957759857178,1.7254924774169922,1.855059266090393,4.731316566467285,4.724404335021973,4.516590118408203,4.945795059204102,1.2113576603788037,0.5776761101824146,331776
Mirror Moderate Bi-Kappa 3,ion,577500,76.19791666666667,1.7883892059326172,0.5591623997073476,1.7884639501571655,1.7251406908035278,1.8545405864715576,4.731893062591553,4.725362777709961,4.516274452209473,4.946105003356934,1.2113319102465774,0.5770572956860398,331776
Mirror Moderate Bi-Kappa 3,ion,578000,76.26388888888889,1.787810206413269,0.5593434898250271,1.7877395153045654,1.7244365215301514,1.8538256883621216,4.7323737144470215,4.724686622619629,4.517539024353027,4.947728157043457,1.2113104459496074,0.5764997604636617,331776
Mirror Moderate Bi-Kappa 3,ion,578500,76.32986111111111,1.7871767282485962,0.5595417533105321,1.787052035331726,1.7234809398651123,1.8532912731170654,4.732964992523193,4.725373268127441,4.517393112182617,4.9467010498046875,1.2112840474374371,0.5758926808111591,331776
Mirror Moderate Bi-Kappa 3,ion,579000,76.39583333333334,1.7865020036697388,0.559753080570776,1.7868114709854126,1.7233686447143555,1.8525686264038086,4.733601093292236,4.726613998413086,4.518548011779785,4.948401927947998,1.2112556551115077,0.5752463485582311,331776
Mirror Moderate Bi-Kappa 3,ion,579500,76.46180555555556,1.7858651876449585,0.559952681153224,1.7860310077667236,1.7222245931625366,1.85178804397583,4.734194755554199,4.727189064025879,4.518834114074707,4.950037479400635,1.2112291639094042,0.5746360237355543,331776
Mirror Moderate Bi-Kappa 3,ion,580000,76.52777777777779,1.7851940393447876,0.5601631968069005,1.785167932510376,1.7218952178955078,1.8511872291564941,4.734817028045654,4.7274274826049805,4.519796848297119,4.948889255523682,1.2112014031538534,0.5739926361909342,331776
Mirror Moderate Bi-Kappa 3,ion,580500,76.59375,1.784550666809082,0.5603651488293573,1.7847130298614502,1.7209076881408691,1.850795865058899,4.735414981842041,4.728543281555176,4.519372463226318,4.9504499435424805,1.2111747341752523,0.5733759326338297,331776
Mirror Moderate Bi-Kappa 3,ion,581000,76.65972222222223,1.783927083015442,0.5605610282622431,1.7842798233032227,1.720812439918518,1.8498821258544922,4.7359771728515625,4.728853225708008,4.520168781280518,4.951747417449951,1.2111496663734749,0.572777416641967,331776
Mirror Moderate Bi-Kappa 3,ion,581500,76.72569444444444,1.7832467555999756,0.5607748881974266,1.7833266258239746,1.7197039127349854,1.8494620323181152,4.736637115478516,4.72965145111084,4.521742820739746,4.951323509216309,1.2111202474709688,0.5721265081290068,331776
Mirror Moderate Bi-Kappa 3,ion,582000,76.79166666666667,1.782573938369751,0.5609865478649081,1.7825939655303955,1.7191994190216064,1.848390817642212,4.737305164337158,4.730690002441406,4.522944450378418,4.95115327835083,1.2110904755573033,0.5714834628124477,331776
Mirror Moderate Bi-Kappa 3,ion,582500,76.85763888888889,1.7819339036941528,0.5611880429048943,1.7822580337524414,1.7183191776275635,1.8479149341583252,4.737884998321533,4.730785846710205,4.522796154022217,4.953094482421875,1.2110646417872668,0.570869261906886,331776
Mirror Moderate Bi-Kappa 3,ion,583000,76.92361111111111,1.7812318801879883,0.5614092197218374,1.7814892530441284,1.7177670001983643,1.8471609354019165,4.7386322021484375,4.7323384284973145,4.5223259925842285,4.954547882080078,1.2110313603884708,0.5702005197995175,331776
Mirror Moderate Bi-Kappa 3,ion,583500,76.98958333333334,1.7805595397949219,0.5616212081934515,1.7805330753326416,1.7173149585723877,1.8464757204055786,4.739271640777588,4.731874465942383,4.523311138153076,4.955064296722412,1.2110028873204506,0.5695566524744713,331776
Mirror Moderate Bi-Kappa 3,ion,584000,77.05555555555556,1.779959797859192,0.5618104415631906,1.779966115951538,1.716881513595581,1.8455917835235596,4.739780902862549,4.733029365539551,4.523825168609619,4.954710006713867,1.210980216278786,0.568979581580406,331776
Mirror Moderate Bi-Kappa 3,ion,584500,77.12152777777779,1.77928626537323,0.5620231097497042,1.7794268131256104,1.7158255577087402,1.8451812267303467,4.740399360656738,4.733311176300049,4.5244340896606445,4.956170082092285,1.210952690674032,0.568333574699198,331776
Mirror Moderate Bi-Kappa 3,ion,585000,77.1875,1.7786239385604858,0.5622323968097166,1.7787818908691406,1.71547532081604,1.844201922416687,4.74106502532959,4.733435153961182,4.524843692779541,4.956982612609863,1.2109230720644846,0.5677008664960013,331776
Mirror Moderate Bi-Kappa 3,ion,585500,77.25347222222223,1.778028130531311,0.5624207979775774,1.7782278060913086,1.7147694826126099,1.8439555168151855,4.741574287414551,4.734597682952881,4.526000499725342,4.957042694091797,1.210900418170032,0.567127712361279,331776
Mirror Moderate Bi-Kappa 3,ion,586000,77.31944444444444,1.7773222923278809,0.5626441553772622,1.777498483657837,1.714213490486145,1.842764139175415,4.742312908172607,4.7356719970703125,4.526384353637695,4.958665370941162,1.2108675701843001,0.5664547221435807,331776
Mirror Moderate Bi-Kappa 3,ion,586500,77.38541666666667,1.776638150215149,0.5628608165815313,1.7765157222747803,1.713618278503418,1.8422147035598755,4.743003845214844,4.736348628997803,4.527163028717041,4.959189414978027,1.2108368520529216,0.5658012981622274,331776
Mirror Moderate Bi-Kappa 3,ion,587000,77.45138888888889,1.7759875059127808,0.5630670242165039,1.7761462926864624,1.7129541635513306,1.8416259288787842,4.743602275848389,4.736621856689453,4.527185916900635,4.959711074829102,1.210810253863695,0.5651772520490859,331776
Mirror Moderate Bi-Kappa 3,ion,587500,77.51736111111111,1.7753359079360962,0.5632736855768004,1.7753297090530396,1.7124650478363037,1.8409144878387451,4.744218349456787,4.736574649810791,4.528170585632324,4.960437774658203,1.2107828785145398,0.5645530294215564,331776
Mirror Moderate Bi-Kappa 3,ion,588000,77.58333333333334,1.7746530771255493,0.5634904156139212,1.7744801044464111,1.711449146270752,1.8405951261520386,4.7449212074279785,4.737653732299805,4.528614044189453,4.961824417114258,1.2107516555669124,0.5639014215586369,331776
Mirror Moderate Bi-Kappa 3,ion,588500,77.64930555555556,1.7740375995635986,0.5636859107416852,1.7740252017974854,1.7107980251312256,1.8397271633148193,4.745459079742432,4.738922595977783,4.52854585647583,4.962038993835449,1.2107277679980073,0.5633098315655913,331776
Mirror Moderate Bi-Kappa 3,ion,589000,77.71527777777779,1.7733699083328247,0.5638981440370312,1.7731752395629883,1.7102320194244385,1.8391629457473755,4.746119022369385,4.739224910736084,4.530057907104492,4.962450981140137,1.2106984665337732,0.5626714417990515,331776
Mirror Moderate Bi-Kappa 3,ion,589500,77.78125,1.7727304697036743,0.5641015467890941,1.7725281715393066,1.7096518278121948,1.8384705781936646,4.746719837188721,4.739875793457031,4.5307512283325195,4.96335506439209,1.2106717974305932,0.5620586722730812,331776
Mirror Moderate Bi-Kappa 3,ion,590000,77.84722222222223,1.772141456604004,0.5642890392713477,1.772313117980957,1.7091153860092163,1.837959885597229,4.747215270996094,4.7397966384887695,4.531368255615234,4.964037895202637,1.2106498110818078,0.5614916455221961,331776
Mirror Moderate Bi-Kappa 3,ion,590500,77.91319444444444,1.771409511566162,0.5645222030652115,1.771561861038208,1.7084863185882568,1.8371198177337646,4.748037815093994,4.741429328918457,4.531418800354004,4.96514892578125,1.2106133183735404,0.5607961931926218,331776
Mirror Moderate Bi-Kappa 3,ion,591000,77.97916666666667,1.770767331123352,0.5647269307626163,1.7707738876342773,1.7078614234924316,1.8363492488861084,4.748619079589844,4.742197036743164,4.532073974609375,4.9647955894470215,1.2105875378166517,0.5601797933067003,331776
Mirror Moderate Bi-Kappa 3,ion,591500,78.04513888888889,1.770077109336853,0.5649471397179092,1.770125389099121,1.7068904638290405,1.8357257843017578,4.749321460723877,4.742267608642578,4.531982898712158,4.9666337966918945,1.2105563938490664,0.5595207154877866,331776
Mirror Moderate Bi-Kappa 3,ion,592000,78.11111111111111,1.7694624662399292,0.5651433805911572,1.7692062854766846,1.7064558267593384,1.8348486423492432,4.749876022338867,4.743134498596191,4.5332231521606445,4.966939449310303,1.2105318107876832,0.558930655452246,331776
Mirror Moderate Bi-Kappa 3,ion,592500,78.17708333333334,1.768797516822815,0.5653558366568945,1.7688491344451904,1.705911636352539,1.8342151641845703,4.750553131103516,4.744625091552734,4.533843040466309,4.96647310256958,1.210501803137966,0.558295713684849,331776
Mirror Moderate Bi-Kappa 3,ion,593000,78.24305555555556,1.768227219581604,0.5655381779704867,1.7682784795761108,1.7050343751907349,1.8338899612426758,4.751053333282471,4.7446513175964355,4.53524112701416,4.967997074127197,1.2104796410081775,0.5577475785734265,331776
Mirror Moderate Bi-Kappa 3,ion,593500,78.30902777777779,1.767604112625122,0.5657375386589647,1.767512321472168,1.7042982578277588,1.833296775817871,4.751619815826416,4.745116710662842,4.5353102684021,4.968699932098389,1.2104545478721296,0.5571495647529925,331776
Mirror Moderate Bi-Kappa 3,ion,594000,78.375,1.7669600248336792,0.5659437598731913,1.7668404579162598,1.7036131620407104,1.8327535390853882,4.752224445343018,4.745685577392578,4.5353193283081055,4.970480442047119,1.2104277715628433,0.5565322532708359,331776
Mirror Moderate Bi-Kappa 3,ion,594500,78.44097222222223,1.7662543058395386,0.5661698865751263,1.7663178443908691,1.7032731771469116,1.8316714763641357,4.75300407409668,4.746277809143066,4.5364227294921875,4.969683647155762,1.2103932553834498,0.5558610504560888,331776
Mirror Moderate Bi-Kappa 3,ion,595000,78.50694444444444,1.7655339241027832,0.5664008979652908,1.7655985355377197,1.702871322631836,1.8308790922164917,4.753788471221924,4.746553897857666,4.535834312438965,4.9710612297058105,1.2103585395214185,0.5551753845813647,331776
Mirror Moderate Bi-Kappa 3,ion,595500,78.57291666666667,1.764907717704773,0.5666018625044487,1.7647353410720825,1.70195734500885,1.8306043148040771,4.754387378692627,4.747122764587402,4.537778854370117,4.973028659820557,1.2103320407759837,0.5545756769287893,331776
Mirror Moderate Bi-Kappa 3,ion,596000,78.63888888888889,1.7643015384674072,0.5667965357376882,1.7643706798553467,1.701151967048645,1.8301197290420532,4.754942417144775,4.748480796813965,4.538405895233154,4.972010612487793,1.2103074889812178,0.5539940494861895,331776
Mirror Moderate Bi-Kappa 3,ion,596500,78.70486111111111,1.7636699676513672,0.5669995057701605,1.7634074687957764,1.70060133934021,1.8293383121490479,4.7555437088012695,4.749902725219727,4.538385391235352,4.973169326782227,1.2102808976709143,0.5533890699804529,331776
Mirror Moderate Bi-Kappa 3,ion,597000,78.77083333333334,1.7630282640457153,0.5672058811497703,1.763181209564209,1.6998695135116577,1.828620433807373,4.756180763244629,4.748923301696777,4.539175510406494,4.974276065826416,1.2102527321349763,0.552775531910739,331776
Mirror Moderate Bi-Kappa 3,ion,597500,78.83680555555556,1.7624142169952393,0.5674035027389371,1.7625925540924072,1.6993080377578735,1.8279204368591309,4.756747722625732,4.750020980834961,4.539381980895996,4.974931716918945,1.2102276719960248,0.5521865449992145,331776
Mirror Moderate Bi-Kappa 3,ion,598000,78.90277777777779,1.761751413345337,0.5676169704902521,1.761800765991211,1.6988567113876343,1.8275330066680908,4.757390022277832,4.750404357910156,4.539627552032471,4.975405693054199,1.2101992889624806,0.5515521243828563,331776
Mirror Moderate Bi-Kappa 3,ion,598500,78.96875,1.761093020439148,0.5678291767635528,1.761247158050537,1.6981985569000244,1.826854944229126,4.758101940155029,4.750823974609375,4.540520191192627,4.977298736572266,1.210167838473721,0.5509251819654271,331776
Mirror Moderate Bi-Kappa 3,ion,599000,79.03472222222223,1.7604341506958008,0.5680416956264772,1.7605338096618652,1.6975535154342651,1.8259574174880981,4.758748531341553,4.751557350158691,4.540308475494385,4.977252960205078,1.2101392820851762,0.5502948686106246,331776
Mirror Moderate Bi-Kappa 3,ion,599500,79.10069444444444,1.7598336935043335,0.5682355120776857,1.7595689296722412,1.6970736980438232,1.8252978324890137,4.759368419647217,4.752527236938477,4.542022705078125,4.97767448425293,1.2101119123016166,0.5497217812027169,331776
Mirror Moderate Bi-Kappa 3,ion,600000,79.16666666666667,1.7591270208358765,0.5684637824077278,1.759209394454956,1.6959329843521118,1.8246413469314575,4.760097980499268,4.753462314605713,4.542863845825195,4.978155136108398,1.2100797093036126,0.5490473115322638,331776
Mirror Moderate Bi-Kappa 3,ion,600500,79.23263888888889,1.758481740951538,0.5686723818121003,1.7583565711975098,1.6957679986953735,1.8236342668533325,4.760773181915283,4.754279136657715,4.543356895446777,4.979263782501221,1.2100499145388177,0.5484318264127204,331776
Mirror Moderate Bi-Kappa 3,ion,601000,79.29861111111111,1.7578363418579102,0.5688811729441604,1.7578495740890503,1.6952892541885376,1.8231804370880127,4.761441707611084,4.754904270172119,4.543679714202881,4.9794816970825195,1.2100204226802813,0.5478159191776288,331776
Mirror Moderate Bi-Kappa 3,ion,601500,79.36458333333334,1.7571933269500732,0.5690893453002583,1.7573325634002686,1.6945264339447021,1.8225312232971191,4.762088775634766,4.7557830810546875,4.544050693511963,4.980925559997559,1.209991885308082,0.5472014416419912,331776
Mirror Moderate Bi-Kappa 3,ion,602000,79.43055555555556,1.7565981149673462,0.569282177567741,1.7565284967422485,1.6940797567367554,1.8218249082565308,4.762679576873779,4.755850791931152,4.544144153594971,4.983168601989746,1.2099658362186942,0.546632278748652,331776
Mirror Moderate Bi-Kappa 3,ion,602500,79.49652777777779,1.7559337615966797,0.5694975641283273,1.7559268474578857,1.6933698654174805,1.820810317993164,4.763357162475586,4.757074356079102,4.545504570007324,4.981707572937012,1.2099359686646478,0.5459977929320319,331776
Mirror Moderate Bi-Kappa 3,ion,603000,79.5625,1.7552727460861206,0.5697120303552734,1.7554612159729004,1.6923922300338745,1.8207834959030151,4.764102935791016,4.757006645202637,4.546844005584717,4.9823808670043945,1.2099031052598286,0.545369640826292,331776
Mirror Moderate Bi-Kappa 3,ion,603500,79.62847222222223,1.754652500152588,0.569913415854728,1.7547128200531006,1.691998839378357,1.8199690580368042,4.76467227935791,4.757518768310547,4.5472211837768555,4.983552932739258,1.2098780233705309,0.544774476782057,331776
Mirror Moderate Bi-Kappa 3,ion,604000,79.69444444444444,1.7539632320404053,0.5701373790126083,1.75401771068573,1.6914405822753906,1.8190275430679321,4.765463829040527,4.759059906005859,4.547906875610352,4.984216690063477,1.2098431623604073,0.5441200696799979,331776
Mirror Moderate Bi-Kappa 3,ion,604500,79.76041666666667,1.753272294998169,0.570362061188587,1.7534823417663574,1.6907050609588623,1.8185949325561523,4.766217231750488,4.759762763977051,4.547675132751465,4.984784126281738,1.2098099921544554,0.5434623028437136,331776
Mirror Moderate Bi-Kappa 3,ion,605000,79.82638888888889,1.752691626548767,0.5705510226970756,1.7529692649841309,1.6901912689208984,1.8178168535232544,4.766792297363281,4.759729385375977,4.548287391662598,4.985715866088867,1.2097846806862433,0.5429069458625237,331776
Mirror Moderate Bi-Kappa 3,ion,605500,79.89236111111111,1.7520562410354614,0.5707579337801406,1.7520833015441895,1.6895408630371094,1.817138671875,4.7674560546875,4.760852813720703,4.5488104820251465,4.986952781677246,1.2097554730508258,0.5423007679846357,331776
Mirror Moderate Bi-Kappa 3,ion,606000,79.95833333333334,1.751396656036377,0.5709728841569912,1.7515568733215332,1.6887593269348145,1.816450834274292,4.768176078796387,4.761261940002441,4.549919128417969,4.988176345825195,1.2097237986757456,0.5416728573606313,331776
Mirror Moderate Bi-Kappa 3,ion,606500,80.02430555555556,1.7507691383361816,0.5711775345493785,1.750808835029602,1.6883606910705566,1.8157933950424194,4.7688093185424805,4.762239456176758,4.550522804260254,4.988077640533447,1.209695949911798,0.5410731884243836,331776
Mirror Moderate Bi-Kappa 3,ion,607000,80.09027777777779,1.750159502029419,0.5713764938798079,1.7502331733703613,1.687455177307129,1.815547227859497,4.769423961639404,4.7632856369018555,4.55116081237793,4.989117622375488,1.2096689260680167,0.5404905759614023,331776
Mirror Moderate Bi-Kappa 3,ion,607500,80.15625,1.7495286464691162,0.5715825242519986,1.7496681213378906,1.6870126724243164,1.8143442869186401,4.770075798034668,4.763685703277588,4.550647735595703,4.990238189697266,1.20964027456587,0.5398883719032461,331776
Mirror Moderate Bi-Kappa 3,ion,608000,80.22222222222223,1.7489919662475586,0.5717579150151776,1.7488574981689453,1.6863186359405518,1.8141090869903564,4.770567893981934,4.764239311218262,4.55245304107666,4.989910125732422,1.2096186496499712,0.5393733165975874,331776
Mirror Moderate Bi-Kappa 3,ion,608500,80.28819444444444,1.7483110427856445,0.5719806004351865,1.748227596282959,1.6855055093765259,1.8133749961853027,4.771370887756348,4.76536226272583,4.553182601928711,4.991074562072754,1.2095833720589748,0.5387276707266697,331776
Mirror Moderate Bi-Kappa 3,ion,609000,80.35416666666667,1.7476223707199097,0.5722059964179008,1.7477747201919556,1.6851277351379395,1.8126165866851807,4.772135257720947,4.765417098999023,4.553176403045654,4.99238395690918,1.2095498023410123,0.5380725683788974,331776
Mirror Moderate Bi-Kappa 3,ion,609500,80.42013888888889,1.7470743656158447,0.5723854803670589,1.7469828128814697,1.684588074684143,1.8117460012435913,4.772650718688965,4.76662540435791,4.554305553436279,4.992651462554932,1.2095271703173571,0.5375471952984876,331776
Mirror Moderate Bi-Kappa 3,ion,610000,80.48611111111111,1.7463874816894531,0.5726106093205623,1.7464959621429443,1.683946967124939,1.8111103773117065,4.773439884185791,4.767131805419922,4.554152488708496,4.993757247924805,1.209492530389449,0.5368949513000041,331776
Mirror Moderate Bi-Kappa 3,ion,610500,80.55208333333334,1.7457411289215088,0.5728226158123365,1.7456979751586914,1.6831302642822266,1.8108372688293457,4.774153232574463,4.768573760986328,4.556301116943359,4.992903709411621,1.2094612282607338,0.536279900660775,331776
Mirror Moderate Bi-Kappa 3,ion,611000,80.61805555555556,1.7450848817825317,0.5730380283728901,1.745154619216919,1.6827383041381836,1.8101056814193726,4.774892807006836,4.768428802490234,4.556835651397705,4.99453592300415,1.2094287851933696,0.5356560965891621,331776
Mirror Moderate Bi-Kappa 3,ion,611500,80.68402777777779,1.744451880455017,0.5732459640785066,1.7446796894073486,1.6819167137145996,1.8093925714492798,4.7755632400512695,4.769362449645996,4.557401657104492,4.995909690856934,1.2093993838492785,0.5350524966057386,331776
Mirror Moderate Bi-Kappa 3,ion,612000,80.75,1.7437758445739746,0.5734682029870141,1.7438459396362305,1.6813851594924927,1.8088611364364624,4.776332378387451,4.770122051239014,4.557248115539551,4.996764183044434,1.209365664023912,0.5344101805500625,331776
Mirror Moderate Bi-Kappa 3,ion,612500,80.81597222222223,1.743154764175415,0.5736725278509862,1.7434502840042114,1.6808847188949585,1.8081179857254028,4.77702522277832,4.770574569702148,4.559046745300293,4.9968109130859375,1.209335298300644,0.533819465874771,331776
Mirror Moderate Bi-Kappa 3,ion,613000,80.88194444444444,1.7425068616867065,0.5738858319513434,1.7426965236663818,1.6802490949630737,1.8073351383209229,4.777770042419434,4.770771026611328,4.558678150177002,4.997900009155273,1.2093026644483722,0.5332041972383343,331776
Mirror Moderate Bi-Kappa 3,ion,613500,80.94791666666667,1.7419090270996094,0.5740827933276541,1.7420471906661987,1.6793631315231323,1.8069154024124146,4.778390884399414,4.772200107574463,4.55994987487793,4.998800277709961,1.2092754703816342,0.5326335567179752,331776
Mirror Moderate Bi-Kappa 3,ion,614000,81.01388888888889,1.741288661956787,0.5742873205619119,1.7414277791976929,1.6790456771850586,1.806154727935791,4.779059886932373,4.773118019104004,4.560316562652588,4.99992561340332,1.2092461746994112,0.5320424872573759,331776
Mirror Moderate Bi-Kappa 3,ion,614500,81.07986111111111,1.7406139373779297,0.5745099349867354,1.74069082736969,1.6784721612930298,1.8054111003875732,4.779805660247803,4.773613452911377,4.5602126121521,5.0010857582092285,1.209213526883885,0.5314004104940446,331776
Mirror Moderate Bi-Kappa 3,ion,615000,81.14583333333334,1.740052342414856,0.5746953557800414,1.74009370803833,1.6775801181793213,1.8050000667572021,4.78040885925293,4.774266719818115,4.561650276184082,5.0016655921936035,1.2091871280140414,0.5308652144008146,331776
Mirror Moderate Bi-Kappa 3,ion,615500,81.21180555555556,1.7394977807998657,0.5748785718715745,1.7393815517425537,1.677133321762085,1.8044712543487549,4.780939102172852,4.775230407714844,4.562967300415039,5.002521991729736,1.2091639275525425,0.5303338532473232,331776
Mirror Moderate Bi-Kappa 3,ion,616000,81.27777777777779,1.7388485670089722,0.5750932076391907,1.7389503717422485,1.67654550075531,1.803816556930542,4.781704425811768,4.776237487792969,4.563468933105469,5.001260280609131,1.2091304503477827,0.5297181166611895,331776
Mirror Moderate Bi-Kappa 3,ion,616500,81.34375,1.738196849822998,0.5753088323119622,1.738444209098816,1.675941824913025,1.8030407428741455,4.7824506759643555,4.776653289794922,4.563371658325195,5.003139495849609,1.2090978177832132,0.5290990320397848,331776
Mirror Moderate Bi-Kappa 3,ion,617000,81.40972222222223,1.7376009225845337,0.5755061401052809,1.737517237663269,1.6752039194107056,1.802602767944336,4.783115386962891,4.776274681091309,4.56395149230957,5.004559516906738,1.2090687593959477,0.528532163188586,331776
Mirror Moderate Bi-Kappa 3,ion,617500,81.47569444444444,1.7369848489761353,0.5757102605641319,1.737172245979309,1.6746084690093994,1.8015971183776855,4.7837958335876465,4.777886390686035,4.565133094787598,5.004703521728516,1.2090390214772275,0.5279458274989077,331776
Mirror Moderate Bi-Kappa 3,ion,618000,81.54166666666667,1.7363859415054321,0.5759088323031505,1.7362444400787354,1.6742137670516968,1.8009225130081177,4.784444332122803,4.779013156890869,4.566038131713867,5.004234313964844,1.2090106876750537,0.5273752538303784,331776
Mirror Moderate Bi-Kappa 3,ion,618500,81.60763888888889,1.73575758934021,0.5761173139275263,1.7355897426605225,1.6735235452651978,1.8005093336105347,4.785140037536621,4.7793474197387695,4.566095352172852,5.006740570068359,1.208980299877451,0.5267772894627589,331776
Mirror Moderate Bi-Kappa 3,ion,619000,81.67361111111111,1.7351864576339722,0.5763069413090961,1.7352986335754395,1.6728286743164062,1.800040364265442,4.785707473754883,4.780333042144775,4.565770149230957,5.006677150726318,1.2089555213067373,0.5262309363272348,331776
Mirror Moderate Bi-Kappa 3,ion,619500,81.73958333333334,1.7345932722091675,0.5765040231744968,1.7343488931655884,1.6723085641860962,1.7994000911712646,4.78637170791626,4.779322624206543,4.566615104675293,5.008338928222656,1.2089265232673183,0.5256667489418492,331776
Mirror Moderate Bi-Kappa 3,ion,620000,81.80555555555556,1.7339739799499512,0.5767099227341714,1.7340259552001953,1.67170250415802,1.7984963655471802,4.7870707511901855,4.780506134033203,4.5672783851623535,5.009354114532471,1.208896014280001,0.5250779656699502,331776
Mirror Moderate Bi-Kappa 3,ion,620500,81.87152777777779,1.7333238124847412,0.5769262458619822,1.7332481145858765,1.6709787845611572,1.79794180393219,4.7878570556640625,4.781024932861328,4.568442344665527,5.009542942047119,1.208861707518397,0.5244621049663443,331776
Mirror Moderate Bi-Kappa 3,ion,621000,81.9375,1.7327231168746948,0.5771262530413375,1.7326809167861938,1.670598030090332,1.797521710395813,4.788546085357666,4.783019065856934,4.5678558349609375,5.010034561157227,1.208831654154438,0.5238914627202569,331776
Mirror Moderate Bi-Kappa 3,ion,621500,82.00347222222223,1.7321199178695679,0.5773272333418789,1.7320791482925415,1.6702651977539062,1.7966070175170898,4.789209365844727,4.783344268798828,4.569799423217773,5.010807991027832,1.2088027320608938,0.523317185808674,331776
Mirror Moderate Bi-Kappa 3,ion,622000,82.06944444444444,1.731499433517456,0.5775341190661258,1.7318508625030518,1.669419288635254,1.7961063385009766,4.7898993492126465,4.783550262451172,4.569235324859619,5.012098789215088,1.2087726540985413,0.5227267794189148,331776
Mirror Moderate Bi-Kappa 3,ion,622500,82.13541666666667,1.7308893203735352,0.5777376913875664,1.7310817241668701,1.6688563823699951,1.795271396636963,4.790631294250488,4.783722400665283,4.570798873901367,5.012993335723877,1.2087407564009691,0.522148563972566,331776
Mirror Moderate Bi-Kappa 3,ion,623000,82.20138888888889,1.7303252220153809,0.5779260379937472,1.7303460836410522,1.6680012941360474,1.7948789596557617,4.791213512420654,4.785646438598633,4.572121620178223,5.012679100036621,1.2087153906641017,0.5216098313512791,331776
Mirror Moderate Bi-Kappa 3,ion,623500,82.26736111111111,1.729785680770874,0.5781063001714484,1.7297883033752441,1.667710542678833,1.7943475246429443,4.791783809661865,4.78604793548584,4.572108745574951,5.013568878173828,1.208690550267243,0.5210951305036311,331776
Mirror Moderate Bi-Kappa 3,ion,624000,82.33333333333334,1.729184627532959,0.5783072461306273,1.7294121980667114,1.667198896408081,1.7936913967132568,4.792454242706299,4.7858171463012695,4.573058128356934,5.014129638671875,1.2086613558224188,0.5205232717105401,331776
Mirror Moderate Bi-Kappa 3,ion,624500,82.39930555555556,1.728637933731079,0.5784901398302694,1.7284578084945679,1.6667267084121704,1.7930516004562378,4.792993068695068,4.787778854370117,4.573148250579834,5.015160083770752,1.2086378982125794,0.5200000355184997,331776
Mirror Moderate Bi-Kappa 3,ion,625000,82.46527777777779,1.7280638217926025,0.5786823307038814,1.7281062602996826,1.666037678718567,1.7924981117248535,4.793644905090332,4.788072109222412,4.573058128356934,5.015541076660156,1.208609527780856,0.5194542940117466,331776
Mirror Moderate Bi-Kappa 3,ion,625500,82.53125,1.7275185585021973,0.5788649824213904,1.7277491092681885,1.6653528213500977,1.7920843362808228,4.794224739074707,4.78843879699707,4.575127124786377,5.016139030456543,1.2085842976549743,0.5189342608472229,331776
Mirror Moderate Bi-Kappa 3,ion,626000,82.59722222222223,1.7269291877746582,0.5790625389154561,1.727036476135254,1.6650532484054565,1.7914509773254395,4.794908046722412,4.788913726806641,4.574282646179199,5.017836570739746,1.2085545729460976,0.5183746148285606,331776
Mirror Moderate Bi-Kappa 3,ion,626500,82.66319444444444,1.7263602018356323,0.5792533904203212,1.726304531097412,1.6641840934753418,1.7909746170043945,4.7955498695373535,4.789912700653076,4.5748820304870605,5.018414497375488,1.2085266605926201,0.5178335412430122,331776
Mirror Moderate Bi-Kappa 3,ion,627000,82.72916666666667,1.725868582725525,0.5794183925758593,1.7260111570358276,1.6638875007629395,1.7902400493621826,4.795990467071533,4.790434837341309,4.575689315795898,5.018876075744629,1.2085075036878894,0.5173610790376355,331776
Mirror Moderate Bi-Kappa 3,ion,627500,82.79513888888889,1.7252689599990845,0.579619771285128,1.725335955619812,1.663270115852356,1.7896687984466553,4.796726703643799,4.79067850112915,4.576533317565918,5.01962947845459,1.2084755004366534,0.5167934595624311,331776
Mirror Moderate Bi-Kappa 3,ion,628000,82.86111111111111,1.7246716022491455,0.579820528555059,1.7245270013809204,1.6626219749450684,1.7889363765716553,4.79738712310791,4.7909345626831055,4.576496124267578,5.0204033851623535,1.208446801214609,0.5162248010345365,331776
Mirror Moderate Bi-Kappa 3,ion,628500,82.92708333333334,1.7241041660308838,0.5800113587696575,1.7241623401641846,1.6620194911956787,1.7886861562728882,4.79797887802124,4.791604995727539,4.5776495933532715,5.020575523376465,1.2084210925939747,0.5156830734369091,331776
Mirror Moderate Bi-Kappa 3,ion,629000,82.99305555555556,1.7235466241836548,0.5801989838677225,1.7234935760498047,1.6615064144134521,1.7878522872924805,4.798625946044922,4.792780876159668,4.5791015625,5.020620822906494,1.2083929881686675,0.5151536360149873,331776
Mirror Moderate Bi-Kappa 3,ion,629500,83.05902777777779,1.722961664199829,0.5803959663051563,1.7228114604949951,1.660908818244934,1.7874122858047485,4.799285411834717,4.79324197769165,4.578497409820557,5.0221266746521,1.2083643530626595,0.5145973111371696,331776
Mirror Moderate Bi-Kappa 3,ion,630000,83.125,1.7223933935165405,0.5805874568285128,1.7225146293640137,1.6601330041885376,1.7867305278778076,4.7999467849731445,4.793909072875977,4.579126834869385,5.0225605964660645,1.208335643038925,0.5140577504776156,331776
Mirror Moderate Bi-Kappa 3,ion,630500,83.19097222222223,1.7218667268753052,0.5807650408662658,1.7217063903808594,1.659898281097412,1.7864134311676025,4.800521373748779,4.794212341308594,4.580860614776611,5.0229902267456055,1.2083107067220678,0.5135560201532374,331776
Mirror Moderate Bi-Kappa 3,ion,631000,83.25694444444444,1.7213798761367798,0.5809292962366086,1.721472978591919,1.6594288349151611,1.7856251001358032,4.800987243652344,4.795391082763672,4.579945087432861,5.023806095123291,1.2082904930276905,0.5130893831090892,331776
Mirror Moderate Bi-Kappa 3,ion,631500,83.32291666666667,1.7208136320114136,0.5811204545323868,1.7208478450775146,1.6588149070739746,1.7850780487060547,4.801611423492432,4.795845031738281,4.581338405609131,5.02430534362793,1.2082634165495745,0.5125502154618391,331776
Mirror Moderate Bi-Kappa 3,ion,632000,83.38888888888889,1.7202671766281128,0.5813050516723194,1.7202624082565308,1.6586148738861084,1.7846245765686035,4.8021979331970215,4.796845436096191,4.581717014312744,5.025387287139893,1.2082379805894963,0.5120291960386165,331776
Mirror Moderate Bi-Kappa 3,ion,632500,83.45486111111111,1.7197260856628418,0.5814879522598888,1.7196259498596191,1.657826542854309,1.7837218046188354,4.802771091461182,4.796972274780273,4.582690238952637,5.0264363288879395,1.2082131296613103,0.5115129560015315,331776
Mirror Moderate Bi-Kappa 3,ion,633000,83.52083333333334,1.719237208366394,0.5816533024841827,1.719225287437439,1.657307505607605,1.7833768129348755,4.80325174331665,4.796513557434082,4.582154750823975,5.0268049240112305,1.2081922941872496,0.5110449141791444,331776
Mirror Moderate Bi-Kappa 3,ion,633500,83.58680555555556,1.7186917066574097,0.5818379155065837,1.7185349464416504,1.6568212509155273,1.7829586267471313,4.803863525390625,4.797257900238037,4.583686351776123,5.026229381561279,1.208165780462859,0.5105259261945507,331776
Mirror Moderate Bi-Kappa 3,ion,634000,83.65277777777779,1.7181352376937866,0.5820263609413406,1.718159794807434,1.656583309173584,1.7819944620132446,4.804467678070068,4.79780912399292,4.583117961883545,5.027634620666504,1.2081396040115926,0.509995633682194,331776
Mirror Moderate Bi-Kappa 3,ion,634500,83.71875,1.7176063060760498,0.5822055941821417,1.717589020729065,1.6559594869613647,1.7818632125854492,4.805039882659912,4.799074172973633,4.583869934082031,5.029421806335449,1.2081148178621222,0.5094914882139276,331776
Mirror Moderate Bi-Kappa 3,ion,635000,83.78472222222223,1.7170696258544922,0.5823875659685928,1.7169079780578613,1.655470848083496,1.7809559106826782,4.805655002593994,4.799777984619141,4.585495471954346,5.028783321380615,1.2080881793346008,0.5089814465198914,331776
Mirror Moderate Bi-Kappa 3,ion,635500,83.85069444444444,1.7165931463241577,0.5825492209038344,1.7164125442504883,1.6549766063690186,1.7804081439971924,4.806097030639648,4.799985408782959,4.584994316101074,5.030055999755859,1.208069040975419,0.5085241053487388,331776
Mirror Moderate Bi-Kappa 3,ion,636000,83.91666666666667,1.7160863876342773,0.5827212471387043,1.7162361145019531,1.6542829275131226,1.7800993919372559,4.806607246398926,4.800522804260254,4.585292339324951,5.030548572540283,1.2080469546891297,0.5080394329451476,331776
Mirror Moderate Bi-Kappa 3,ion,636500,83.98263888888889,1.7155705690383911,0.5828964532543354,1.7154457569122314,1.653861403465271,1.7795939445495605,4.807151794433594,4.800887107849121,4.585791110992432,5.030041217803955,1.208023387394994,0.5075471816433972,331776
Mirror Moderate Bi-Kappa 3,ion,637000,84.04861111111111,1.7150675058364868,0.583067428306428,1.7148890495300293,1.6538591384887695,1.7785565853118896,4.807655334472656,4.801817893981934,4.5870585441589355,5.031746864318848,1.2080015996216769,0.50706590621481,331776
Mirror Moderate Bi-Kappa 3,ion,637500,84.11458333333334,1.714548110961914,0.5832440592401745,1.714523434638977,1.653022289276123,1.7786506414413452,4.80819034576416,4.802471160888672,4.587094783782959,5.032780647277832,1.2079784551127355,0.5065696558491786,331776
Mirror Moderate Bi-Kappa 3,ion,638000,84.18055555555556,1.713997721672058,0.5834313472858463,1.7138794660568237,1.65264892578125,1.7777130603790283,4.808806419372559,4.8029093742370605,4.588081359863281,5.032148361206055,1.2079518102395308,0.5060459114325273,331776
Mirror Moderate Bi-Kappa 3,ion,638500,84.24652777777779,1.7135764360427856,0.5835747848571788,1.7135894298553467,1.651950716972351,1.7773823738098145,4.809147834777832,4.803280830383301,4.588960647583008,5.032672882080078,1.2079370471351287,0.5056393889076569,331776
Mirror Moderate Bi-Kappa 3,ion,639000,84.3125,1.713111162185669,0.583733281338353,1.713170051574707,1.6514344215393066,1.7767668962478638,4.8096022605896,4.804533004760742,4.587736129760742,5.033795356750488,1.2079174006121272,0.5051937615735418,331776
Mirror Moderate Bi-Kappa 3,ion,639500,84.37847222222223,1.7126046419143677,0.5839059264035331,1.712547779083252,1.65114164352417,1.7759546041488647,4.8101067543029785,4.805227279663086,4.588279724121094,5.034485340118408,1.207895593815133,0.5047090480992347,331776
Mirror Moderate Bi-Kappa 3,ion,640000,84.44444444444444,1.7121297121047974,0.5840678968012625,1.7120558023452759,1.6509513854980469,1.7757971286773682,4.8105621337890625,4.804222583770752,4.590595245361328,5.034276008605957,1.2078759139136916,0.5042537981911057,331776
Mirror Moderate Bi-Kappa 3,ion,640500,84.51041666666667,1.7116563320159912,0.5842294281248611,1.7113900184631348,1.6504125595092773,1.7752740383148193,4.811012268066406,4.805430889129639,4.589031219482422,5.035882949829102,1.2078564643531682,0.503799867662823,331776
Mirror Moderate Bi-Kappa 3,ion,641000,84.57638888888889,1.7111963033676147,0.5843864891666791,1.7109472751617432,1.6497749090194702,1.7747259140014648,4.811448574066162,4.805507659912109,4.589775085449219,5.035768508911133,1.207837615762959,0.5033586876046559,331776
Mirror Moderate Bi-Kappa 3,ion,641500,84.64236111111111,1.7107418775558472,0.584541720244032,1.7104805707931519,1.6493052244186401,1.7743582725524902,4.811839580535889,4.805581092834473,4.590842247009277,5.035732746124268,1.2078207270344268,0.5029211505214204,331776
Mirror Moderate Bi-Kappa 3,ion,642000,84.70833333333334,1.7102503776550293,0.5847097086282343,1.709968090057373,1.6490851640701294,1.773754596710205,4.812327861785889,4.806126594543457,4.590880870819092,5.035788536071777,1.2077996405733031,0.5024507370817262,331776
Mirror Moderate Bi-Kappa 3,ion,642500,84.77430555555556,1.709788203239441,0.5848677620452378,1.7095586061477661,1.6484653949737549,1.7731518745422363,4.812727451324463,4.806763648986816,4.591413497924805,5.037338733673096,1.2077823874536673,0.5020058157857736,331776
Mirror Moderate Bi-Kappa 3,ion,643000,84.84027777777779,1.7093098163604736,0.5850314497866966,1.709006905555725,1.6479133367538452,1.7729377746582031,4.813177108764648,4.807037353515625,4.591403007507324,5.037912845611572,1.2077629759725714,0.5015468403879022,331776
Mirror Moderate Bi-Kappa 3,ion,643500,84.90625,1.7088007926940918,0.5852057210386719,1.7086862325668335,1.6475645303726196,1.7721154689788818,4.813718318939209,4.807615280151367,4.5916266441345215,5.038612365722656,1.2077396170161383,0.5010611756779535,331776
Mirror Moderate Bi-Kappa 3,ion,644000,84.97222222222223,1.7082679271697998,0.5853882661467315,1.7081971168518066,1.6472233533859253,1.771713376045227,4.8143229484558105,4.80920934677124,4.591936111450195,5.038290023803711,1.2077135270538402,0.5005544001159596,331776
Mirror Moderate Bi-Kappa 3,ion,644500,85.03819444444444,1.7078756093978882,0.5855227362562723,1.7078676223754883,1.6465612649917603,1.7710293531417847,4.814570426940918,4.808846950531006,4.592739582061768,5.039545059204102,1.2077028501658829,0.5001727592320053,331776
Mirror Moderate Bi-Kappa 3,ion,645000,85.10416666666667,1.7074499130249023,0.585668717056777,1.7071990966796875,1.6461118459701538,1.7710542678833008,4.814918041229248,4.808868408203125,4.592815399169922,5.039625644683838,1.2076878550033845,0.49976205802151785,331776
Mirror Moderate Bi-Kappa 3,ion,645500,85.17013888888889,1.7069485187530518,0.585840749743591,1.7067716121673584,1.6457043886184692,1.77017343044281,4.815403938293457,4.810008525848389,4.593522548675537,5.041598320007324,1.2076668983151584,0.49928162043789337,331776
Mirror Moderate Bi-Kappa 3,ion,646000,85.23611111111111,1.7064424753189087,0.5860144801031836,1.7061688899993896,1.6453800201416016,1.7697288990020752,4.81591796875,4.809847831726074,4.594099521636963,5.04100227355957,1.2076447328399067,0.498797742479002,331776
Mirror Moderate Bi-Kappa 3,ion,646500,85.30208333333334,1.705993413925171,0.5861687342034854,1.7057530879974365,1.6447150707244873,1.7693058252334595,4.816342353820801,4.8104095458984375,4.593692779541016,5.042027473449707,1.2076264365232885,0.4983669774018824,331776
Mirror Moderate Bi-Kappa 3,ion,647000,85.36805555555556,1.7055912017822266,0.5863069643857615,1.705503225326538,1.6442203521728516,1.7689673900604248,4.816672325134277,4.811070442199707,4.595067977905273,5.041601181030273,1.2076122128511457,0.49797898893108083,331776
Mirror Moderate Bi-Kappa 3,ion,647500,85.43402777777779,1.7051241397857666,0.586467563661166,1.7052664756774902,1.6438868045806885,1.7684341669082642,4.817083835601807,4.8117570877075195,4.594959259033203,5.041898250579834,1.2075944771002867,0.49752966268547993,331776
Mirror Moderate Bi-Kappa 3,ion,648000,85.5,1.7046730518341064,0.5866227538025965,1.7044873237609863,1.6434597969055176,1.7680052518844604,4.817497253417969,4.8115234375,4.594439506530762,5.042664527893066,1.207576662195398,0.4970963896387084,331776
Mirror Moderate Bi-Kappa 3,ion,648500,85.56597222222223,1.704213261604309,0.5867810223813315,1.7039554119110107,1.6432071924209595,1.7676262855529785,4.817863941192627,4.812481880187988,4.596019268035889,5.043399333953857,1.2075608635291717,0.4966523980751374,331776
Mirror Moderate Bi-Kappa 3,ion,649000,85.63194444444444,1.7037564516067505,0.5869383497018817,1.703521490097046,1.6424200534820557,1.7672439813613892,4.81829309463501,4.812459945678711,4.596109390258789,5.042876720428467,1.2075423765966962,0.4962140750100543,331776
Mirror Moderate Bi-Kappa 3,ion,649500,85.69791666666667,1.7032862901687622,0.587100363439736,1.703144907951355,1.6420261859893799,1.76649808883667,4.818731307983398,4.813027381896973,4.596675395965576,5.044010639190674,1.2075235027824143,0.49576278738634794,331776
Mirror Moderate Bi-Kappa 3,ion,650000,85.76388888888889,1.7028018236160278,0.5872674001936554,1.7024732828140259,1.641840934753418,1.7656679153442383,4.819239139556885,4.813653945922852,4.597481727600098,5.043990135192871,1.2075016348103338,0.49530018880569404,331776
Mirror Moderate Bi-Kappa 3,ion,650500,85.82986111111111,1.7023859024047852,0.5874108793942684,1.7023087739944458,1.641241192817688,1.7658931016921997,4.8195648193359375,4.813847064971924,4.5975847244262695,5.044647216796875,1.2074876129869718,0.49489828941781333,331776
Mirror Moderate Bi-Kappa 3,ion,651000,85.89583333333334,1.7019981145858765,0.5875447166657503,1.7017711400985718,1.64100980758667,1.7651920318603516,4.81982421875,4.813640594482422,4.597200393676758,5.045255661010742,1.2074764461554048,0.49452166843047163,331776
Mirror Moderate Bi-Kappa 3,ion,651500,85.96180555555556,1.7014706134796143,0.5877268711417456,1.7015067338943481,1.6405916213989258,1.7646284103393555,4.8203840255737305,4.814909934997559,4.5976080894470215,5.045957565307617,1.2074523512431103,0.4940182622365039,331776
Mirror Moderate Bi-Kappa 3,ion,652000,86.02777777777779,1.7010409832000732,0.5878753127504053,1.700989007949829,1.6399970054626465,1.7640771865844727,4.820708274841309,4.814833164215088,4.597682952880859,5.046464443206787,1.2074383976352352,0.49360258556483805,331776
Mirror Moderate Bi-Kappa 3,ion,652500,86.09375,1.7006056308746338,0.5880258078915643,1.7002041339874268,1.639430284500122,1.7637114524841309,4.8211236000061035,4.816640853881836,4.5995283126831055,5.04789924621582,1.2074205274469076,0.49318510342772615,331776
Mirror Moderate Bi-Kappa 3,ion,653000,86.15972222222223,1.7001492977142334,0.588183638545421,1.7002257108688354,1.6392292976379395,1.763149380683899,4.821527481079102,4.816678524017334,4.598701477050781,5.048145294189453,1.207403152615899,0.49274614509833436,331776
Mirror Moderate Bi-Kappa 3,ion,653500,86.22569444444444,1.6997153759002686,0.5883337964571519,1.6997065544128418,1.638761281967163,1.7629685401916504,4.8218841552734375,4.815305709838867,4.599050998687744,5.048009872436523,1.2073878110295024,0.4923275648707661,331776
Mirror Moderate Bi-Kappa 3,ion,654000,86.29166666666667,1.6993041038513184,0.5884761872425253,1.6989002227783203,1.6384129524230957,1.7621127367019653,4.822210788726807,4.8170366287231445,4.599879264831543,5.047701835632324,1.207373763572875,0.4919303402784434,331776
Mirror Moderate Bi-Kappa 3,ion,654500,86.35763888888889,1.6989072561264038,0.5886136493878139,1.6987667083740234,1.6383094787597656,1.7618379592895508,4.822474002838135,4.816749572753906,4.600471496582031,5.048913955688477,1.207362444963203,0.4915448111632008,331776
Mirror Moderate Bi-Kappa 3,ion,655000,86.42361111111111,1.6984800100326538,0.5887617128804329,1.6982080936431885,1.6376078128814697,1.7612931728363037,4.822813510894775,4.817205429077148,4.6005682945251465,5.049546718597412,1.207347847421633,0.4911321626110208,331776
Mirror Moderate Bi-Kappa 3,ion,655500,86.48958333333334,1.6980172395706177,0.5889221715162756,1.6976354122161865,1.637263298034668,1.7608280181884766,4.823303699493408,4.817580223083496,4.601006031036377,5.049750328063965,1.2073267748213803,0.4906904647492374,331776
Mirror Moderate Bi-Kappa 3,ion,656000,86.55555555555556,1.6974951028823853,0.5891033195335746,1.6971354484558105,1.6367897987365723,1.7602933645248413,4.823829174041748,4.818931579589844,4.600421905517578,5.050553798675537,1.2073041900781343,0.490190912804251,331776
Mirror Moderate Bi-Kappa 3,ion,656500,86.62152777777779,1.697098731994629,0.589240909292698,1.6971237659454346,1.6361781358718872,1.760079264640808,4.82409143447876,4.8185834884643555,4.601327419281006,5.051544189453125,1.2072929200414397,0.4898058119531892,331776
Mirror Moderate Bi-Kappa 3,ion,657000,86.6875,1.6966902017593384,0.5893827871246479,1.69655442237854,1.6359360218048096,1.7594537734985352,4.824417591094971,4.818367958068848,4.601627349853516,5.050901412963867,1.2072789059234477,0.4894112958358907,331776
Mirror Moderate Bi-Kappa 3,ion,657500,86.75347222222223,1.6961686611175537,0.5895640114828737,1.695857286453247,1.6353483200073242,1.7593553066253662,4.825010299682617,4.8197784423828125,4.601813793182373,5.052116870880127,1.2072534435969553,0.4889152175205984,331776
Mirror Moderate Bi-Kappa 3,ion,658000,86.81944444444444,1.6957212686538696,0.5897195597445324,1.695536494255066,1.6346805095672607,1.7587783336639404,4.825401782989502,4.8203654289245605,4.60237979888916,5.051994323730469,1.2072366291912102,0.4884846394626594,331776
Mirror Moderate Bi-Kappa 3,ion,658500,86.88541666666667,1.6952866315841675,0.5898707518654506,1.694868803024292,1.6345016956329346,1.7579443454742432,4.825752258300781,4.819830894470215,4.602527618408203,5.0522236824035645,1.2072215784139972,0.48806505317017024,331776
Mirror Moderate Bi-Kappa 3,ion,659000,86.95138888888889,1.6947537660598755,0.5900562193910299,1.6944726705551147,1.6342421770095825,1.7575321197509766,4.826364994049072,4.820785999298096,4.6038432121276855,5.052249431610107,1.2071952704018458,0.48755849565802967,331776
Mirror Moderate Bi-Kappa 3,ion,659500,87.01736111111111,1.6942778825759888,0.5902219525403913,1.6940698623657227,1.6334044933319092,1.7572447061538696,4.826868057250977,4.821525573730469,4.603677272796631,5.053248405456543,1.2071736762097296,0.4871042063662592,331776
Mirror Moderate Bi-Kappa 3,ion,660000,87.08333333333334,1.693835735321045,0.5903760200279767,1.69392728805542,1.6328725814819336,1.7567532062530518,4.827253341674805,4.821661472320557,4.6042022705078125,5.054211616516113,1.2071571407630022,0.48667859455804274,331776
Mirror Moderate Bi-Kappa 3,ion,660500,87.14930555555556,1.6934000253677368,0.590527923124863,1.6932783126831055,1.6324039697647095,1.7564483880996704,4.82759952545166,4.82171630859375,4.60383415222168,5.055556774139404,1.2071422856696967,0.4862577396980401,331776
Mirror Moderate Bi-Kappa 3,ion,661000,87.21527777777779,1.6929744482040405,0.5906763690738692,1.692846655845642,1.6320925951004028,1.7560195922851562,4.827978134155273,4.823153495788574,4.604546546936035,5.055291652679443,1.2071260416292182,0.4858484065748223,331776
Mirror Moderate Bi-Kappa 3,ion,661500,87.28125,1.6925239562988281,0.590833586891601,1.6924113035202026,1.6316800117492676,1.7552759647369385,4.828408718109131,4.822994232177734,4.604469299316406,5.055672645568848,1.2071075707094683,0.48541638558935984,331776
Mirror Moderate Bi-Kappa 3,ion,662000,87.34722222222223,1.6920828819274902,0.5909875991776935,1.691939353942871,1.6312735080718994,1.755184292793274,4.828754901885986,4.823761463165283,4.6045989990234375,5.056721210479736,1.207092722724325,0.4849901592031651,331776
Mirror Moderate Bi-Kappa 3,ion,662500,87.41319444444444,1.6916558742523193,0.5911367762323301,1.6913986206054688,1.6309607028961182,1.7545360326766968,4.82912540435791,4.8238372802734375,4.605539798736572,5.056747913360596,1.2070768340572762,0.48457904019504316,331776
Mirror Moderate Bi-Kappa 3,ion,663000,87.47916666666667,1.6912811994552612,0.5912677326053684,1.691007375717163,1.6305491924285889,1.754125952720642,4.829460144042969,4.824575901031494,4.607301712036133,5.056860446929932,1.2070624811415986,0.4842187183136626,331776
Mirror Moderate Bi-Kappa 3,ion,663500,87.54513888888889,1.6907905340194702,0.5914393178099521,1.6904460191726685,1.6297976970672607,1.7539191246032715,4.8299360275268555,4.824760913848877,4.605752944946289,5.0577287673950195,1.2070420797088786,0.48374845431059166,331776
Mirror Moderate Bi-Kappa 3,ion,664000,87.61111111111111,1.6903173923492432,0.5916048693140264,1.6900215148925781,1.6295499801635742,1.7530691623687744,4.830389499664307,4.824883460998535,4.606460094451904,5.058259963989258,1.2070226428054085,0.48329474954383467,331776
Mirror Moderate Bi-Kappa 3,ion,664500,87.67708333333334,1.6898703575134277,0.59176137125185,1.689697265625,1.629177212715149,1.7528045177459717,4.830806255340576,4.825993537902832,4.6068620681762695,5.059103012084961,1.2070047828754207,0.48286557463800706,331776
Mirror Moderate Bi-Kappa 3,ion,665000,87.74305555555556,1.6894032955169678,0.591924972949691,1.689076542854309,1.6286643743515015,1.7520339488983154,4.8313117027282715,4.826030731201172,4.60690975189209,5.059105396270752,1.206983126225388,0.4824201692915797,331776
Mirror Moderate Bi-Kappa 3,ion,665500,87.80902777777779,1.6889210939407349,0.5920939726477775,1.6885826587677002,1.6282565593719482,1.7516422271728516,4.831801891326904,4.8261518478393555,4.608389377593994,5.060024261474609,1.2069621276888447,0.48195896625189016,331776
Mirror Moderate Bi-Kappa 3,ion,666000,87.875,1.688478708267212,0.5922491027596328,1.688126802444458,1.6276865005493164,1.751164197921753,4.832173824310303,4.8275370597839355,4.607608318328857,5.061323165893555,1.2069461977897142,0.4815325104774977,331776
Mirror Moderate Bi-Kappa 3,ion,666500,87.94097222222223,1.6879829168319702,0.5924230571461078,1.6877716779708862,1.6276514530181885,1.7505958080291748,4.8327131271362305,4.827181816101074,4.608924865722656,5.0604376792907715,1.2069231037913024,0.4810598130406678,331776
Mirror Moderate Bi-Kappa 3,ion,667000,88.00694444444444,1.6874866485595703,0.5925972812013622,1.6872806549072266,1.6268688440322876,1.7502365112304688,4.833276271820068,4.828266620635986,4.608619689941406,5.061695098876953,1.2068989943385606,0.4805876542210097,331776
Mirror Moderate Bi-Kappa 3,ion,667500,88.07291666666667,1.6870094537734985,0.5927649058297821,1.6867756843566895,1.626631498336792,1.7496460676193237,4.8337883949279785,4.828575134277344,4.610596656799316,5.061583995819092,1.2068770741080195,0.48013237966547906,331776
Mirror Moderate Bi-Kappa 3,ion,668000,88.13888888888889,1.686560869216919,0.5929225670131351,1.686538577079773,1.626006841659546,1.7491729259490967,4.834199905395508,4.8296709060668945,4.610506534576416,5.063623905181885,1.2068594637312966,0.47970140548562235,331776
Mirror Moderate Bi-Kappa 3,ion,668500,88.20486111111111,1.6861332654953003,0.5930729322905867,1.6860201358795166,1.6255204677581787,1.748936414718628,4.834602355957031,4.830254554748535,4.610029697418213,5.063285827636719,1.2068422439681796,0.47929102152712066,331776
Mirror Moderate Bi-Kappa 3,ion,669000,88.27083333333334,1.6856647729873657,0.593237763536923,1.685564398765564,1.6250927448272705,1.7485108375549316,4.835077285766602,4.830183029174805,4.610631942749023,5.063344478607178,1.206821926702967,0.47884284628439877,331776
Mirror Moderate Bi-Kappa 3,ion,669500,88.33680555555556,1.6851046085357666,0.5934349683304987,1.6850082874298096,1.6244773864746094,1.747652530670166,4.835766792297363,4.8307952880859375,4.611477375030518,5.065122127532959,1.2067924370531777,0.47831217148258887,331776
Mirror Moderate Bi-Kappa 3,ion,670000,88.40277777777779,1.6846368312835693,0.5935997488776698,1.6843997240066528,1.6240499019622803,1.7475106716156006,4.836258411407471,4.830826282501221,4.612222194671631,5.064557075500488,1.206771416027163,0.47786541525640636,331776
Mirror Moderate Bi-Kappa 3,ion,670500,88.46875,1.6842035055160522,0.5937524751164751,1.6840267181396484,1.6236783266067505,1.7469345331192017,4.836704730987549,4.8311028480529785,4.612344741821289,5.064653396606445,1.2067523356539116,0.47745116986214065,331776
Mirror Moderate Bi-Kappa 3,ion,671000,88.53472222222223,1.6836965084075928,0.5939312667137264,1.6835020780563354,1.623121738433838,1.7463316917419434,4.837240219116211,4.831676483154297,4.612031936645508,5.066253662109375,1.2067294479294446,0.4769670604781482,331776
Mirror Moderate Bi-Kappa 3,ion,671500,88.60069444444444,1.6832696199417114,0.5940818916666649,1.6832902431488037,1.62274968624115,1.745757818222046,4.837638854980469,4.8321380615234375,4.612424373626709,5.067602157592773,1.2067124128066062,0.4765572071351052,331776
Mirror Moderate Bi-Kappa 3,ion,672000,88.66666666666667,1.682793140411377,0.5942501047725565,1.6824560165405273,1.6220107078552246,1.7455270290374756,4.838183403015137,4.8340044021606445,4.61338996887207,5.067552089691162,1.2066891468762437,0.4761039935351332,331776
Mirror Moderate Bi-Kappa 3,ion,672500,88.73263888888889,1.6822702884674072,0.5944347985311127,1.6823406219482422,1.6215839385986328,1.7453492879867554,4.838804244995117,4.833273887634277,4.614654541015625,5.067628383636475,1.206662627659369,0.4756076608080382,331776
Mirror Moderate Bi-Kappa 3,ion,673000,88.79861111111111,1.6817950010299683,0.5946027901067479,1.6818259954452515,1.6212801933288574,1.7444120645523071,4.83931303024292,4.834029674530029,4.614654064178467,5.068282604217529,1.2066409000100997,0.47515410101986855,331776
Mirror Moderate Bi-Kappa 3,ion,673500,88.86458333333334,1.6813143491744995,0.5947727743422788,1.6810057163238525,1.6207157373428345,1.7439208030700684,4.8398356437683105,4.834994316101074,4.615811347961426,5.068392753601074,1.206618586581051,0.4746957625934485,331776
Mirror Moderate Bi-Kappa 3,ion,674000,88.93055555555556,1.6808738708496094,0.5949286364327521,1.6806421279907227,1.620675802230835,1.7431907653808594,4.840287208557129,4.836031913757324,4.61533260345459,5.069273948669434,1.2065993105186203,0.474274560330989,331776
Mirror Moderate Bi-Kappa 3,ion,674500,88.99652777777779,1.6803842782974243,0.5951019733493378,1.6800907850265503,1.6199889183044434,1.74298095703125,4.840850830078125,4.8364152908325195,4.616009712219238,5.0707197189331055,1.206575256107171,0.47380902219025334,331776
Mirror Moderate Bi-Kappa 3,ion,675000,89.0625,1.6799113750457764,0.5952694974595019,1.6794651746749878,1.6194425821304321,1.7422953844070435,4.84135103225708,4.836322784423828,4.617143630981445,5.0713701248168945,1.2065539130166711,0.4733574620291052,331776
Mirror Moderate Bi-Kappa 3,ion,675500,89.12847222222223,1.6793946027755737,0.5954526698771553,1.6793122291564941,1.6188548803329468,1.7419989109039307,4.841972351074219,4.83640193939209,4.617114067077637,5.07139253616333,1.2065274081497273,0.4728671946258465,331776
Mirror Moderate Bi-Kappa 3,ion,676000,89.19444444444444,1.6789023876190186,0.595627242759585,1.678800344467163,1.6184167861938477,1.7414357662200928,4.842515468597412,4.837597846984863,4.61785364151001,5.072101593017578,1.206504244846458,0.47239814277256054,331776
Mirror Moderate Bi-Kappa 3,ion,676500,89.26041666666667,1.678419589996338,0.5957985750167405,1.678215742111206,1.6180862188339233,1.7408641576766968,4.843047142028809,4.837695121765137,4.617340087890625,5.072578430175781,1.2064815746520048,0.4719380153443331,331776
Mirror Moderate Bi-Kappa 3,ion,677000,89.32638888888889,1.6779273748397827,0.595973350810541,1.6777139902114868,1.617311716079712,1.740410566329956,4.8436126708984375,4.838982105255127,4.618305206298828,5.07316780090332,1.2064574663470171,0.4714699084927656,331776
Mirror Moderate Bi-Kappa 3,ion,677500,89.39236111111111,1.6774592399597168,0.5961396713424848,1.6773889064788818,1.6168652772903442,1.7397161722183228,4.844138145446777,4.839324474334717,4.618388652801514,5.0741448402404785,1.2064350705893772,0.47102416937033964,331776
Mirror Moderate Bi-Kappa 3,ion,678000,89.45833333333334,1.6770144701004028,0.5962977766912948,1.676790475845337,1.6168043613433838,1.7393958568572998,4.844607830047607,4.840266227722168,4.62017822265625,5.073790550231934,1.2064150567147502,0.4705994133856526,331776
Mirror Moderate Bi-Kappa 3,ion,678500,89.52430555555556,1.6764392852783203,0.596502365926113,1.676103115081787,1.6161562204360962,1.7385618686676025,4.845354080200195,4.840387344360352,4.6195526123046875,5.075291633605957,1.2063832660003835,0.47005601927793683,331776
Mirror Moderate Bi-Kappa 3,ion,679000,89.59027777777779,1.6759120225906372,0.5966900329613918,1.6757997274398804,1.6157959699630737,1.738160490989685,4.845984935760498,4.841316223144531,4.621227264404297,5.075969219207764,1.2063563988035935,0.46955562378704374,331776
Mirror Moderate Bi-Kappa 3,ion,679500,89.65625,1.6754601001739502,0.5968509783647953,1.6753695011138916,1.6150060892105103,1.7378466129302979,4.846466541290283,4.842056751251221,4.621954441070557,5.07594108581543,1.2063358926509309,0.4691242075230193,331776
Mirror Moderate Bi-Kappa 3,ion,680000,89.72222222222223,1.6750355958938599,0.5970022383114573,1.6750304698944092,1.614877462387085,1.7373578548431396,4.84690523147583,4.84110689163208,4.621306419372559,5.076932907104492,1.2063172173258092,0.46871837856805065,331776
Mirror Moderate Bi-Kappa 3,ion,680500,89.78819444444444,1.674556016921997,0.5971732148071708,1.6746327877044678,1.6143639087677002,1.7368459701538086,4.847441673278809,4.843264579772949,4.621147632598877,5.078474998474121,1.2062943852449906,0.4682616316770065,331776
Mirror Moderate Bi-Kappa 3,ion,681000,89.85416666666667,1.6740765571594238,0.5973442467271639,1.67405104637146,1.6140741109848022,1.7363542318344116,4.848008632659912,4.843317031860352,4.622086524963379,5.079062461853027,1.2062702597646446,0.4678062973947792,331776
Mirror Moderate Bi-Kappa 3,ion,681500,89.92013888888889,1.67357337474823,0.5975238463329632,1.6735618114471436,1.613635778427124,1.7357786893844604,4.848583698272705,4.843488693237305,4.622623443603516,5.079446792602539,1.2062457951084247,0.4673275796398053,331776
Mirror Moderate Bi-Kappa 3,ion,682000,89.98611111111111,1.6730608940124512,0.5977068758099595,1.6728299856185913,1.6129382848739624,1.7351738214492798,4.8492045402526855,4.843964576721191,4.623437404632568,5.079448223114014,1.206219389530616,0.46684150448183526,331776
Mirror Moderate Bi-Kappa 3,ion,682500,90.05208333333334,1.6726481914520264,0.5978543516266261,1.6725575923919678,1.6123138666152954,1.7351467609405518,4.849603176116943,4.845536231994629,4.624100685119629,5.0799102783203125,1.2062024383612961,0.4664457530907302,331776
Mirror Moderate Bi-Kappa 3,ion,683000,90.11805555555556,1.6721978187561035,0.5980153716166603,1.6718547344207764,1.6120212078094482,1.7344763278961182,4.850114822387695,4.845561981201172,4.624462127685547,5.081038475036621,1.206180685740488,0.46601713301561554,331776
Mirror Moderate Bi-Kappa 3,ion,683500,90.18402777777779,1.6717532873153687,0.5981743882830209,1.6715946197509766,1.611515760421753,1.7340583801269531,4.85058069229126,4.845425605773926,4.62501335144043,5.081066131591797,1.206160883291611,0.46559240402375757,331776
Mirror Moderate Bi-Kappa 3,ion,684000,90.25,1.6712896823883057,0.5983403179818476,1.6710407733917236,1.6112221479415894,1.7335871458053589,4.851083755493164,4.846808433532715,4.625237941741943,5.081212997436523,1.2061395041608263,0.4651501782274794,331776
Mirror Moderate Bi-Kappa 3,ion,684500,90.31597222222223,1.6708115339279175,0.5985115494439376,1.6707520484924316,1.6108274459838867,1.7329332828521729,4.851687431335449,4.846857070922852,4.6258649826049805,5.083767890930176,1.206113855056146,0.4646976788717714,331776
Mirror Moderate Bi-Kappa 3,ion,685000,90.38194444444444,1.6702954769134521,0.5986964664766412,1.6702284812927246,1.6101640462875366,1.732558012008667,4.852292537689209,4.848456382751465,4.627406120300293,5.082601547241211,1.2060881515763324,0.4642073253371197,331776
Mirror Moderate Bi-Kappa 3,ion,685500,90.44791666666667,1.6698702573776245,0.598848919897769,1.6696677207946777,1.6096456050872803,1.7321680784225464,4.852739334106445,4.8472394943237305,4.6269941329956055,5.084181785583496,1.2060691768403287,0.46380108053729585,331776
Mirror Moderate Bi-Kappa 3,ion,686000,90.51388888888889,1.669402003288269,0.599016892294529,1.6692712306976318,1.6091046333312988,1.7317200899124146,4.8532938957214355,4.849039077758789,4.626825332641602,5.08492374420166,1.2060456303463467,0.46335637294192233,331776
Mirror Moderate Bi-Kappa 3,ion,686500,90.57986111111111,1.6689543724060059,0.5991775548413437,1.6687302589416504,1.6087262630462646,1.7312954664230347,4.853779315948486,4.849550247192383,4.627406597137451,5.086090087890625,1.2060250239878465,0.46292934841815936,331776
Mirror Moderate Bi-Kappa 3,ion,687000,90.64583333333334,1.6684541702270508,0.5993571881353598,1.6683790683746338,1.6082090139389038,1.7308273315429688,4.85439920425415,4.848877906799316,4.628643035888672,5.0853447914123535,1.205998715376282,0.4624554548507689,331776
Mirror Moderate Bi-Kappa 3,ion,687500,90.71180555555556,1.6679294109344482,0.5995457562198364,1.6676783561706543,1.607814908027649,1.7302284240722656,4.855055332183838,4.849024772644043,4.628983974456787,5.086253643035889,1.2059708760415286,0.4619585348929196,331776
Mirror Moderate Bi-Kappa 3,ion,688000,90.77777777777779,1.6674830913543701,0.599706231016577,1.6674830913543701,1.6075383424758911,1.729666829109192,4.855580806732178,4.850965976715088,4.629322052001953,5.086885452270508,1.205948585720892,0.4615345056334781,331776
Mirror Moderate Bi-Kappa 3,ion,688500,90.84375,1.6670130491256714,0.5998753282252278,1.6668686866760254,1.607042670249939,1.7292922735214233,4.856130123138428,4.8514885902404785,4.630233287811279,5.086703300476074,1.2059252891999768,0.4610877599256946,331776
Mirror Moderate Bi-Kappa 3,ion,689000,90.90972222222223,1.6665644645690918,0.6000367950114434,1.6663169860839844,1.6067273616790771,1.7284438610076904,4.856602668762207,4.852210998535156,4.630129337310791,5.0876851081848145,1.2059052527463334,0.4606592118227584,331776
Mirror Moderate Bi-Kappa 3,ion,689500,90.97569444444444,1.6660531759262085,0.6002209379926126,1.6660001277923584,1.6062079668045044,1.7281467914581299,4.8572587966918945,4.852405548095703,4.631222248077393,5.089779853820801,1.2058774386658302,0.4601757372603783,331776
Mirror Moderate Bi-Kappa 3,ion,690000,91.04166666666667,1.66558837890625,0.6003884349005094,1.6653718948364258,1.6061060428619385,1.7275381088256836,4.857802867889404,4.853344917297363,4.632177352905273,5.088322162628174,1.2058543805081319,0.4597339983981181,331776
Mirror Moderate Bi-Kappa 3,ion,690500,91.10763888888889,1.665075421333313,0.6005733957680114,1.665013313293457,1.605302333831787,1.7273080348968506,4.858433246612549,4.8534040451049805,4.631089210510254,5.090941429138184,1.2058276710289744,0.4592477503043386,331776
Mirror Moderate Bi-Kappa 3,ion,691000,91.17361111111111,1.6646323204040527,0.6007332596769911,1.6646053791046143,1.6046967506408691,1.726793646812439,4.858977794647217,4.855120658874512,4.633016586303711,5.091185569763184,1.2058046038205046,0.45882771658354815,331776
Mirror Moderate Bi-Kappa 3,ion,691500,91.23958333333334,1.6641589403152466,0.6009041418907782,1.6638740301132202,1.6044361591339111,1.726294994354248,4.859541416168213,4.854651927947998,4.633056640625,5.09144926071167,1.2057807340982616,0.458378206216985,331776
Mirror Moderate Bi-Kappa 3,ion,692000,91.30555555555556,1.6637511253356934,0.6010514341790338,1.663580298423767,1.6038928031921387,1.7256171703338623,4.8599677085876465,4.855049133300781,4.633525848388672,5.092430114746094,1.205762684026271,0.4579884413094224,331776
Mirror Moderate Bi-Kappa 3,ion,692500,91.37152777777779,1.6632986068725586,0.6012149567540759,1.6630773544311523,1.6031420230865479,1.725533127784729,4.860558032989502,4.855935573577881,4.633848667144775,5.092680931091309,1.2057376937406807,0.45756091313187786,331776
Mirror Moderate Bi-Kappa 3,ion,693000,91.4375,1.6627885103225708,0.601399392521666,1.6624794006347656,1.6029250621795654,1.7247459888458252,4.861124515533447,4.856308937072754,4.634793758392334,5.092965126037598,1.2057137184625815,0.45707479185998934,331776
Mirror Moderate Bi-Kappa 3,ion,693500,91.50347222222223,1.6623247861862183,0.6015671596248323,1.6621721982955933,1.6023215055465698,1.724426507949829,4.861690521240234,4.856637954711914,4.634376049041748,5.094379425048828,1.2056897689458226,0.4566350172403957,331776
Mirror Moderate Bi-Kappa 3,ion,694000,91.56944444444444,1.6618473529815674,0.6017399842445648,1.6615345478057861,1.6018013954162598,1.7239371538162231,4.862287521362305,4.857439994812012,4.6351213455200195,5.094526767730713,1.205664513998099,0.45618283898346834,331776
Mirror Moderate Bi-Kappa 3,ion,694500,91.63541666666667,1.6613805294036865,0.6019090643604247,1.6608576774597168,1.6012980937957764,1.7236942052841187,4.8628458976745605,4.858630180358887,4.636318206787109,5.095421314239502,1.2056408985689235,0.455739630834763,331776
Mirror Moderate Bi-Kappa 3,ion,695000,91.70138888888889,1.6609569787979126,0.6020625535549583,1.660696268081665,1.6011749505996704,1.7228261232376099,4.86336612701416,4.858951091766357,4.637427806854248,5.095667839050293,1.2056189013706737,0.45533807742723886,331776
Mirror Moderate Bi-Kappa 3,ion,695500,91.76736111111111,1.6604251861572266,0.6022553791263134,1.6602487564086914,1.6004258394241333,1.722298502922058,4.8640360832214355,4.860192775726318,4.636157989501953,5.096672058105469,1.2055905801047642,0.4548346060524624,331776
Mirror Moderate Bi-Kappa 3,ion,696000,91.83333333333334,1.6599622964859009,0.6024233213711994,1.659731149673462,1.6001548767089844,1.7216236591339111,4.864622592926025,4.860279083251953,4.637420654296875,5.096863746643066,1.2055657928025427,0.45439650368335816,331776
Mirror Moderate Bi-Kappa 3,ion,696500,91.89930555555556,1.659497618675232,0.60259200660878,1.6594610214233398,1.599705457687378,1.721370816230774,4.865199565887451,4.861029148101807,4.63773775100708,5.0979461669921875,1.2055414143772316,0.4539562042980003,331776
Mirror Moderate Bi-Kappa 3,ion,697000,91.96527777777779,1.6590468883514404,0.6027557189740904,1.6590510606765747,1.5991122722625732,1.7210853099822998,4.865739822387695,4.861498832702637,4.638471603393555,5.097803592681885,1.2055185925476146,0.4535282958038258,331776
Mirror Moderate Bi-Kappa 3,ion,697500,92.03125,1.65861177444458,0.6029138436177268,1.658432960510254,1.5990478992462158,1.7204424142837524,4.86622953414917,4.861545562744141,4.639471530914307,5.098377227783203,1.2054979102367485,0.4531138642078316,331776
Mirror Moderate Bi-Kappa 3,ion,698000,92.09722222222223,1.6582144498825073,0.6030583077302546,1.6580252647399902,1.598562240600586,1.7200857400894165,4.86668062210083,4.862138748168945,4.639702796936035,5.098485946655273,1.2054788628328612,0.4527355870496461,331776
Mirror Moderate Bi-Kappa 3,ion,698500,92.16319444444444,1.6577672958374023,0.6032209722745564,1.657590627670288,1.5978091955184937,1.7198106050491333,4.867214202880859,4.8621416091918945,4.640327453613281,5.099661350250244,1.2054563366880606,0.4523109591493417,331776
Mirror Moderate Bi-Kappa 3,ion,699000,92.22916666666667,1.6573237180709839,0.6033824225745917,1.656954050064087,1.5976779460906982,1.7190439701080322,4.867761135101318,4.86391544342041,4.639726638793945,5.101746559143066,1.2054332520116942,0.45189046605928973,331776
Mirror Moderate Bi-Kappa 3,ion,699500,92.29513888888889,1.6568561792373657,0.6035526876329664,1.6565933227539062,1.5970762968063354,1.7185088396072388,4.868343353271484,4.864278793334961,4.641698360443115,5.100119590759277,1.2054086837009983,0.4514474955363674,331776
Mirror Moderate Bi-Kappa 3,ion,700000,92.36111111111111,1.6563996076583862,0.6037190514755536,1.6563879251480103,1.5967737436294556,1.718299150466919,4.86890983581543,4.864627838134766,4.641232490539551,5.1019768714904785,1.2053847850383377,0.45101482262004855,331776
Mirror Moderate Bi-Kappa 3,ion,700500,92.42708333333334,1.6559727191925049,0.6038746824812584,1.655536413192749,1.5963443517684937,1.717741847038269,4.869378566741943,4.864309310913086,4.642764091491699,5.10246467590332,1.2053650145071984,0.45060770468530653,331776
Mirror Moderate Bi-Kappa 3,ion,701000,92.49305555555556,1.6555826663970947,0.6040169544515804,1.6553797721862793,1.5960490703582764,1.7173956632614136,4.869777202606201,4.864606857299805,4.64331579208374,5.103074550628662,1.20534820349991,0.45023446289718483,331776
Mirror Moderate Bi-Kappa 3,ion,701500,92.55902777777779,1.6551786661148071,0.6041643844693184,1.654668927192688,1.5955109596252441,1.7168675661087036,4.870248317718506,4.86530065536499,4.643454551696777,5.1026997566223145,1.2053283394938794,0.4498503266209277,331776
Mirror Moderate Bi-Kappa 3,ion,702000,92.625,1.6547373533248901,0.6043255130433142,1.6547763347625732,1.5950626134872437,1.716271996498108,4.870724201202393,4.866713523864746,4.643620014190674,5.103326797485352,1.2053082783363382,0.4494290749885519,331776
Mirror Moderate Bi-Kappa 3,ion,702500,92.69097222222223,1.6543073654174805,0.6044825894537683,1.6540842056274414,1.5949218273162842,1.7160751819610596,4.871282577514648,4.866738319396973,4.644391059875488,5.103515625,1.2052847446411545,0.44902262077632593,331776
Mirror Moderate Bi-Kappa 3,ion,703000,92.75694444444444,1.6539082527160645,0.6046284601082256,1.6537187099456787,1.5941849946975708,1.7155051231384277,4.871718883514404,4.867508888244629,4.644372940063477,5.105245113372803,1.2052663595561595,0.448641893159905,331776
Mirror Moderate Bi-Kappa 3,ion,703500,92.82291666666667,1.653477668762207,0.6047859120762119,1.653216004371643,1.593937635421753,1.714813470840454,4.8722453117370605,4.867377758026123,4.644305229187012,5.10628604888916,1.205244181279427,0.44823348748278,331776
Mirror Moderate Bi-Kappa 3,ion,704000,92.88888888888889,1.6530851125717163,0.6049295298802206,1.6526960134506226,1.5932259559631348,1.714930772781372,4.872653961181641,4.868629455566406,4.644614219665527,5.107320785522461,1.2052269682941934,0.4478581442775229,331776
Mirror Moderate Bi-Kappa 3,ion,704500,92.95486111111111,1.6526626348495483,0.6050841707878486,1.6522756814956665,1.5932937860488892,1.7141754627227783,4.8731689453125,4.86887788772583,4.645979881286621,5.10711669921875,1.205205280428847,0.44745735442070145,331776
Mirror Moderate Bi-Kappa 3,ion,705000,93.02083333333334,1.6522419452667236,0.6052382357588486,1.651888132095337,1.5927094221115112,1.713716745376587,4.873662948608398,4.869297027587891,4.646636009216309,5.107556343078613,1.2051844804502814,0.44705746481644226,331776
Mirror Moderate Bi-Kappa 3,ion,705500,93.08680555555556,1.6518136262893677,0.605395175390579,1.6516870260238647,1.5923715829849243,1.713164210319519,4.874212265014648,4.8690595626831055,4.6464691162109375,5.1085357666015625,1.205161356467309,0.44665226982205875,331776
Mirror Moderate Bi-Kappa 3,ion,706000,93.15277777777779,1.651406168937683,0.6055445467079006,1.6511836051940918,1.5920015573501587,1.712713599205017,4.874674320220947,4.86978006362915,4.647084712982178,5.1082000732421875,1.205141909860898,0.44626425907678513,331776
Mirror Moderate Bi-Kappa 3,ion,706500,93.21875,1.6510103940963745,0.6056897058769376,1.6505358219146729,1.591728925704956,1.7120845317840576,4.87508487701416,4.87100887298584,4.647767066955566,5.10922908782959,1.2051246337709856,0.44588576032538896,331776
Mirror Moderate Bi-Kappa 3,ion,707000,93.28472222222223,1.650622010231018,0.6058322219149627,1.650130271911621,1.5914726257324219,1.7116949558258057,4.875524044036865,4.870359420776367,4.647453308105469,5.109014987945557,1.205106156993129,0.4455158532378891,331776
Mirror Moderate Bi-Kappa 3,ion,707500,93.35069444444444,1.650215983390808,0.6059812837015636,1.6496596336364746,1.5906484127044678,1.7116613388061523,4.875946998596191,4.8716840744018555,4.6482367515563965,5.110535144805908,1.2050883654576034,0.44512761793320466,331776
Mirror Moderate Bi-Kappa 3,ion,708000,93.41666666666667,1.64982271194458,0.6061257326378663,1.649427890777588,1.590622901916504,1.7109925746917725,4.876419544219971,4.871271133422852,4.649302959442139,5.109952449798584,1.205068491529877,0.444754220414703,331776
Mirror Moderate Bi-Kappa 3,ion,708500,93.48263888888889,1.6493595838546753,0.6062959283038366,1.6490758657455444,1.5901261568069458,1.710606336593628,4.8770012855529785,4.872973442077637,4.649972438812256,5.110450744628906,1.2050440304295746,0.44431555342510065,331776
Mirror Moderate Bi-Kappa 3,ion,709000,93.54861111111111,1.6489481925964355,0.6064471913004125,1.648719310760498,1.589563012123108,1.710058331489563,4.877461910247803,4.8732147216796875,4.649052619934082,5.112041473388672,1.2050246661893858,0.4439235264070498,331776
Mirror Moderate Bi-Kappa 3,ion,709500,93.61458333333334,1.6484768390655518,0.6066205944190611,1.6482839584350586,1.5894197225570679,1.7096223831176758,4.878109455108643,4.873156547546387,4.6499714851379395,5.111630916595459,1.2049974501807748,0.443479388884777,331776
Mirror Moderate Bi-Kappa 3,ion,710000,93.68055555555556,1.6480695009231567,0.6067705272379931,1.647612452507019,1.5888631343841553,1.7091389894485474,4.878567218780518,4.87363338470459,4.651425361633301,5.1120734214782715,1.204978214946061,0.4430912859770957,331776
Mirror Moderate Bi-Kappa 3,ion,710500,93.74652777777779,1.6477112770080566,0.6069024433794116,1.6472675800323486,1.588604211807251,1.7088687419891357,4.878939151763916,4.873939514160156,4.6514081954956055,5.112435817718506,1.2049625889756101,0.4427486880324465,331776
Mirror Moderate Bi-Kappa 3,ion,711000,93.8125,1.6473110914230347,0.607049879774771,1.6467251777648926,1.5882833003997803,1.7084293365478516,4.879387378692627,4.87553596496582,4.651300430297852,5.114423751831055,1.2049437608431774,0.4423673305798572,331776
Mirror Moderate Bi-Kappa 3,ion,711500,93.87847222222223,1.6468524932861328,0.6072189246315546,1.6465034484863281,1.5876469612121582,1.7077935934066772,4.879997253417969,4.875549793243408,4.651862144470215,5.113913059234619,1.2049181481197753,0.44193434516635755,331776
Mirror Moderate Bi-Kappa 3,ion,712000,93.94444444444444,1.6464552879333496,0.6073654154648875,1.646221399307251,1.5873894691467285,1.7074776887893677,4.880425930023193,4.87595272064209,4.6519389152526855,5.11447286605835,1.2049001489497553,0.44155513898359433,331776
Mirror Moderate Bi-Kappa 3,ion,712500,94.01041666666667,1.6460555791854858,0.6075129009281861,1.6458920240402222,1.5872448682785034,1.7069545984268188,4.880897045135498,4.87601375579834,4.652414798736572,5.1150922775268555,1.2048803715285576,0.4411752076569282,331776
Mirror Moderate Bi-Kappa 3,ion,713000,94.07638888888889,1.645654320716858,0.6076610302729879,1.6451905965805054,1.5865774154663086,1.7069443464279175,4.881337642669678,4.8774614334106445,4.6528167724609375,5.116239547729492,1.2048618786905068,0.44079244202635115,331776
Mirror Moderate Bi-Kappa 3,ion,713500,94.14236111111111,1.6453020572662354,0.6077911320803658,1.6450597047805786,1.5864894390106201,1.7060619592666626,4.881678581237793,4.877768516540527,4.652796268463135,5.116394996643066,1.2048475710472608,0.44045448621897454,331776
Mirror Moderate Bi-Kappa 3,ion,714000,94.20833333333334,1.6449332237243652,0.6079274134519919,1.6446921825408936,1.5859030485153198,1.705854892730713,4.882036209106445,4.877185344696045,4.653810501098633,5.11601448059082,1.2048325651773544,0.44010065854701086,331776
Mirror Moderate Bi-Kappa 3,ion,714500,94.27430555555556,1.6445952653884888,0.6080523403208136,1.644323468208313,1.5855369567871094,1.705337405204773,4.882364749908447,4.877706527709961,4.654684543609619,5.117193698883057,1.2048187817222693,0.43977648366621946,331776
Mirror Moderate Bi-Kappa 3,ion,715000,94.34027777777779,1.6442368030548096,0.6081849026503426,1.643754243850708,1.585367202758789,1.705012559890747,4.882694244384766,4.878055095672607,4.654880523681641,5.117208480834961,1.2048049601201278,0.43943184293468174,331776
Mirror Moderate Bi-Kappa 3,ion,715500,94.40625,1.6438429355621338,0.6083306247613229,1.6435050964355469,1.5846270322799683,1.704616665840149,4.88313102722168,4.878793716430664,4.654308319091797,5.118507385253906,1.2047866408714745,0.4390562946906593,331776
Mirror Moderate Bi-Kappa 3,ion,716000,94.47222222222223,1.6434708833694458,0.6084683398526654,1.643019437789917,1.584657073020935,1.704463243484497,4.883522033691406,4.879722595214844,4.655185222625732,5.117135047912598,1.2047702443238717,0.4387006390455741,331776
Mirror Moderate Bi-Kappa 3,ion,716500,94.53819444444444,1.643127202987671,0.6085956085333604,1.6427738666534424,1.5840840339660645,1.7040221691131592,4.883824825286865,4.8798112869262695,4.6549530029296875,5.1188788414001465,1.2047575488011617,0.4383696541865092,331776
Mirror Moderate Bi-Kappa 3,ion,717000,94.60416666666667,1.642751932144165,0.608734636333541,1.6423553228378296,1.5835840702056885,1.7036339044570923,4.8842315673828125,4.879622459411621,4.655655384063721,5.1189656257629395,1.2047404972929743,0.43801143485119076,331776
Mirror Moderate Bi-Kappa 3,ion,717500,94.67013888888889,1.642386555671692,0.6088700595768254,1.6418647766113281,1.5834194421768188,1.7032408714294434,4.884629249572754,4.880277633666992,4.655506610870361,5.118851661682129,1.204723828341213,0.43766272733047895,331776
Mirror Moderate Bi-Kappa 3,ion,718000,94.73611111111111,1.6420520544052124,0.608994092067454,1.6416987180709839,1.5830390453338623,1.702728271484375,4.88493537902832,4.879976272583008,4.657041549682617,5.1199049949646,1.2047109986947082,0.4373410557105042,331776
Mirror Moderate Bi-Kappa 3,ion,718500,94.80208333333334,1.64169180393219,0.6091277288494674,1.6411185264587402,1.5826219320297241,1.7026580572128296,4.885241985321045,4.8810343742370605,4.656636714935303,5.120111465454102,1.2046981506760064,0.43699365325618356,331776
Mirror Moderate Bi-Kappa 3,ion,719000,94.86805555555556,1.641340732574463,0.6092580170306795,1.6409642696380615,1.5823731422424316,1.7021292448043823,4.885621547698975,4.880998611450195,4.657445907592773,5.120186805725098,1.204682247742046,0.43665848483241687,331776
Mirror Moderate Bi-Kappa 3,ion,719500,94.93402777777779,1.6409564018249512,0.6094007122235993,1.640504002571106,1.5821824073791504,1.701272964477539,4.885983943939209,4.882288932800293,4.658134460449219,5.120089530944824,1.2046670663419687,0.43628933548298243,331776
Mirror Moderate Bi-Kappa 3,ion,720000,95.0,1.6405307054519653,0.6095588437794589,1.6402339935302734,1.5819100141525269,1.7008872032165527,4.886507034301758,4.8813018798828125,4.657690048217773,5.1216816902160645,1.204645157160383,0.43588554829158244,331776
Mirror Moderate Bi-Kappa 3,ion,720500,95.06597222222223,1.6401846408843994,0.6096874553469741,1.6400160789489746,1.5810898542404175,1.7007842063903809,4.886828899383545,4.882349014282227,4.6574907302856445,5.122725963592529,1.2046316784543338,0.4355529624300656,331776
Mirror Moderate Bi-Kappa 3,ion,721000,95.13194444444444,1.6398019790649414,0.6098297311302348,1.6394985914230347,1.5812454223632812,1.700216293334961,4.88723611831665,4.8827667236328125,4.6584696769714355,5.1225786209106445,1.2046146279391219,0.4351873511258195,331776
Mirror Moderate Bi-Kappa 3,ion,721500,95.19791666666667,1.6394237279891968,0.6099704322484892,1.638972282409668,1.5805085897445679,1.699805736541748,4.8876495361328125,4.883398532867432,4.659284591674805,5.123027801513672,1.2045973207791032,0.4348264072100936,331776
Mirror Moderate Bi-Kappa 3,ion,722000,95.26388888888889,1.6390407085418701,0.6101129732705809,1.638658881187439,1.5802520513534546,1.699552059173584,4.888009548187256,4.883597373962402,4.658435344696045,5.12336540222168,1.2045822517615283,0.4344584567803418,331776
Mirror Moderate Bi-Kappa 3,ion,722500,95.32986111111111,1.6386651992797852,0.6102527840583379,1.63834810256958,1.5800914764404297,1.6988201141357422,4.888399600982666,4.885053634643555,4.660379409790039,5.122983932495117,1.2045659278343326,0.4340992714454526,331776
Mirror Moderate Bi-Kappa 3,ion,723000,95.39583333333334,1.638232707977295,0.61041388999899,1.6378965377807617,1.5796235799789429,1.6986565589904785,4.8889665603637695,4.8848161697387695,4.660545825958252,5.124692440032959,1.2045422049124415,0.43369050306485346,331776
Mirror Moderate Bi-Kappa 3,ion,723500,95.46180555555556,1.6377819776535034,0.610581880643679,1.637313723564148,1.5793747901916504,1.6982243061065674,4.889477729797363,4.885135650634766,4.660067081451416,5.125859260559082,1.2045208210901175,0.43326115656338593,331776
Mirror Moderate Bi-Kappa 3,ion,724000,95.52777777777779,1.6374403238296509,0.610709279261669,1.6369328498840332,1.5787863731384277,1.697741985321045,4.889834403991699,4.885552406311035,4.660213470458984,5.1258649826049805,1.2045059029368508,0.4329344208928001,331776
Mirror Moderate Bi-Kappa 3,ion,724500,95.59375,1.6370817422866821,0.610843047215954,1.6368352174758911,1.5783463716506958,1.697141170501709,4.890180587768555,4.885002136230469,4.660908222198486,5.125552654266357,1.204491425633897,0.43259031665278513,331776
Mirror Moderate Bi-Kappa 3,ion,725000,95.65972222222223,1.6366777420043945,0.6109938287395094,1.6362526416778564,1.5780401229858398,1.696907639503479,4.890626907348633,4.88655424118042,4.662487506866455,5.12589168548584,1.2044727637058972,0.43220497829849736,331776
Mirror Moderate Bi-Kappa 3,ion,725500,95.72569444444444,1.636268973350525,0.6111464657013808,1.635941743850708,1.5776287317276,1.696582555770874,4.89105749130249,4.887053966522217,4.661843299865723,5.127294540405273,1.204454762958368,0.43181421039215695,331776
Mirror Moderate Bi-Kappa 3,ion,726000,95.79166666666667,1.6358286142349243,0.6113109841080138,1.6356741189956665,1.577256679534912,1.6962839365005493,4.891587257385254,4.886948108673096,4.661471843719482,5.127877235412598,1.2044326202073188,0.43139599402760553,331776
Mirror Moderate Bi-Kappa 3,ion,726500,95.85763888888889,1.63551664352417,0.6114275901498778,1.6351124048233032,1.576769471168518,1.6959099769592285,4.891853332519531,4.887149810791016,4.662527084350586,5.128474712371826,1.2044215008148975,0.4310951427092724,331776
Mirror Moderate Bi-Kappa 3,ion,727000,95.92361111111111,1.6351385116577148,0.6115689850557021,1.634622573852539,1.5765595436096191,1.6955552101135254,4.8922247886657715,4.887063980102539,4.662735939025879,5.129117012023926,1.204405979528329,0.4307325321293858,331776
Mirror Moderate Bi-Kappa 3,ion,727500,95.98958333333334,1.6346983909606934,0.611733641832431,1.63429856300354,1.5763179063796997,1.6949901580810547,4.892772674560547,4.889078140258789,4.663844585418701,5.129141807556152,1.2043830904303798,0.4303153005303135,331776
Mirror Moderate Bi-Kappa 3,ion,728000,96.05555555555556,1.6343752145767212,0.6118546041821767,1.6339352130889893,1.575756311416626,1.6948305368423462,4.893046855926514,4.889204025268555,4.66377592086792,5.129549980163574,1.2043716378454028,0.4300035767313184,331776
Mirror Moderate Bi-Kappa 3,ion,728500,96.12152777777779,1.6340267658233643,0.6119850793852286,1.6336402893066406,1.5754083395004272,1.6943998336791992,4.893340110778809,4.889232635498047,4.662933349609375,5.130490303039551,1.2043593899793006,0.42966737584406367,331776
Mirror Moderate Bi-Kappa 3,ion,729000,96.1875,1.6336027383804321,0.6121439297974051,1.6330678462982178,1.5751993656158447,1.693743348121643,4.893853187561035,4.889744758605957,4.66502571105957,5.12937593460083,1.2043379647231252,0.429264773657307,331776
Mirror Moderate Bi-Kappa 3,ion,729500,96.25347222222223,1.6331695318222046,0.6123063041007462,1.6328665018081665,1.5747443437576294,1.6934789419174194,4.894346714019775,4.89041805267334,4.664613723754883,5.13107442855835,1.2043173600953763,0.4288521717268283,331776
Mirror Moderate Bi-Kappa 3,ion,730000,96.31944444444444,1.6328463554382324,0.6124274930519193,1.6325794458389282,1.5741380453109741,1.6929996013641357,4.894598007202148,4.889712333679199,4.664872169494629,5.130982398986816,1.2043068702534,0.4285394851848323,331776
Mirror Moderate Bi-Kappa 3,ion,730500,96.38541666666667,1.6324878931045532,0.6125619701217316,1.6322002410888672,1.574116826057434,1.6924866437911987,4.894949913024902,4.890653610229492,4.665745258331299,5.131713390350342,1.2042921823038708,0.4281957108006824,331776
Mirror Moderate Bi-Kappa 3,ion,731000,96.45138888888889,1.6320796012878418,0.6127152126715631,1.6317428350448608,1.5734341144561768,1.6923086643218994,4.895373821258545,4.890814781188965,4.665704727172852,5.1316680908203125,1.2042744919003778,0.42780510938746397,331776
Mirror Moderate Bi-Kappa 3,ion,731500,96.51736111111111,1.631716012954712,0.612851741394141,1.6312196254730225,1.5734819173812866,1.6918158531188965,4.895754337310791,4.892034530639648,4.6648945808410645,5.133207321166992,1.204258614934771,0.427457398019941,331776
Mirror Moderate Bi-Kappa 3,ion,732000,96.58333333333334,1.63125479221344,0.6130250190058328,1.63089919090271,1.5727430582046509,1.6914507150650024,4.8963704109191895,4.892760276794434,4.666882514953613,5.133255481719971,1.2042329146034259,0.4270218776100141,331776
Mirror Moderate Bi-Kappa 3,ion,732500,96.64930555555556,1.6308485269546509,0.6131777313907505,1.630500078201294,1.5725274085998535,1.6910444498062134,4.89678955078125,4.892080783843994,4.66651725769043,5.133769989013672,1.2042154333221156,0.4266330936325353,331776
Mirror Moderate Bi-Kappa 3,ion,733000,96.71527777777779,1.6305078268051147,0.6133058569607984,1.6300692558288574,1.5721073150634766,1.6905264854431152,4.897143363952637,4.893130302429199,4.667669296264648,5.13405704498291,1.2042006789837716,0.42630714782134316,331776
Mirror Moderate Bi-Kappa 3,ion,733500,96.78125,1.630068063735962,0.6134713158591025,1.629798173904419,1.571571707725525,1.6901527643203735,4.8976335525512695,4.893082141876221,4.667801856994629,5.133649826049805,1.2041802411858848,0.42588782255007707,331776
Mirror Moderate Bi-Kappa 3,ion,734000,96.84722222222223,1.6297402381896973,0.6135947168554863,1.6293468475341797,1.5710313320159912,1.6902246475219727,4.89790153503418,4.893935680389404,4.667661666870117,5.135144233703613,1.2041690697224319,0.4255711684672654,331776
Mirror Moderate Bi-Kappa 3,ion,734500,96.91319444444444,1.6293989419937134,0.6137232412685942,1.629056453704834,1.5709139108657837,1.6890884637832642,4.898171424865723,4.894157409667969,4.667932987213135,5.135532379150391,1.204157819982263,0.4252411220114505,331776
Mirror Moderate Bi-Kappa 3,ion,735000,96.97916666666667,1.6289310455322266,0.6138995280019766,1.6286213397979736,1.5704402923583984,1.6891369819641113,4.89877986907959,4.894712924957275,4.669401168823242,5.135441303253174,1.204132462924464,0.4247985826077625,331776
Mirror Moderate Bi-Kappa 3,ion,735500,97.04513888888889,1.6285310983657837,0.6140502941598666,1.6282899379730225,1.5701627731323242,1.6885814666748047,4.89918851852417,4.894995212554932,4.6682305335998535,5.136394500732422,1.2041154358969717,0.424415662468812,331776
Mirror Moderate Bi-Kappa 3,ion,736000,97.11111111111111,1.6281927824020386,0.6141778853267738,1.6277586221694946,1.5698397159576416,1.6879091262817383,4.899479866027832,4.89576530456543,4.667956352233887,5.137382507324219,1.2041032981753494,0.42408948422668913,331776
Mirror Moderate Bi-Kappa 3,ion,736500,97.17708333333334,1.6278561353683472,0.6143048997224331,1.6274775266647339,1.5695130825042725,1.6877508163452148,4.899785995483398,4.896075248718262,4.669654369354248,5.138464450836182,1.204090546183404,0.4237655891849432,331776
Mirror Moderate Bi-Kappa 3,ion,737000,97.24305555555556,1.6274687051773071,0.6144511392561944,1.627171277999878,1.5689336061477661,1.6874867677688599,4.900187969207764,4.896194934844971,4.669919967651367,5.1377153396606445,1.204073804165042,0.42339490101226507,331776
Mirror Moderate Bi-Kappa 3,ion,737500,97.30902777777779,1.6271109580993652,0.6145862364347321,1.6266424655914307,1.5688047409057617,1.6871800422668457,4.900522708892822,4.8967390060424805,4.670876979827881,5.139246463775635,1.2040598645090108,0.4230510935903544,331776
Mirror Moderate Bi-Kappa 3,ion,738000,97.375,1.626739263534546,0.6147266635878822,1.6265475749969482,1.568401575088501,1.6868064403533936,4.900884628295898,4.897343635559082,4.670267105102539,5.138876438140869,1.2040447951429767,0.4226944683915692,331776
Mirror Moderate Bi-Kappa 3,ion,738500,97.44097222222223,1.6263691186904907,0.6148665690388745,1.6259350776672363,1.5681710243225098,1.6861499547958374,4.901216506958008,4.8973541259765625,4.67070198059082,5.139590263366699,1.2040309785499888,0.42233814014050197,331776
Mirror Moderate Bi-Kappa 3,ion,739000,97.50694444444444,1.625986099243164,0.6150114078253577,1.625434160232544,1.5677882432937622,1.6859569549560547,4.90160608291626,4.897200584411621,4.671327114105225,5.1395978927612305,1.204014762321545,0.42197133692161914,331776
Mirror Moderate Bi-Kappa 3,ion,739500,97.57291666666667,1.6255837678909302,0.6151636229103241,1.6252996921539307,1.5671403408050537,1.6857783794403076,4.902048587799072,4.898643970489502,4.6704559326171875,5.140402317047119,1.2039963460356033,0.4215874218553268,331776
Mirror Moderate Bi-Kappa 3,ion,740000,97.63888888888889,1.6252031326293945,0.6153076990333591,1.6249160766601562,1.5668559074401855,1.6852821111679077,4.90238618850708,4.898843765258789,4.671563148498535,5.139960289001465,1.2039822979153199,0.4212208347140747,331776
Mirror Moderate Bi-Kappa 3,ion,740500,97.70486111111111,1.6248563528060913,0.6154390191311508,1.624529480934143,1.5666056871414185,1.6845849752426147,4.902780055999756,4.898894309997559,4.670666694641113,5.141824722290039,1.203965910886876,0.4208904419192152,331776
Mirror Moderate Bi-Kappa 3,ion,741000,97.77083333333334,1.6243526935577393,0.6156298468713401,1.6241233348846436,1.566347360610962,1.6842273473739624,4.90339469909668,4.899042129516602,4.672279357910156,5.142314434051514,1.2039403436529845,0.42041234990475473,331776
Mirror Moderate Bi-Kappa 3,ion,741500,97.83680555555556,1.6239418983459473,0.6157855776851018,1.623636245727539,1.565521001815796,1.6840232610702515,4.903841018676758,4.900229454040527,4.672757148742676,5.1428303718566895,1.2039217821685904,0.4200201161773569,331776
Mirror Moderate Bi-Kappa 3,ion,742000,97.90277777777779,1.623607873916626,0.6159122630932443,1.6234745979309082,1.5653488636016846,1.6835060119628906,4.904150009155273,4.90037727355957,4.673742771148682,5.142332077026367,1.2039089338892892,0.41969894002733676,331776
Mirror Moderate Bi-Kappa 3,ion,742500,97.96875,1.623203992843628,0.6160655126581711,1.6228429079055786,1.5648314952850342,1.6833020448684692,4.9045867919921875,4.90056037902832,4.672889709472656,5.143948078155518,1.2038907745771201,0.4193132182665078,331776
Mirror Moderate Bi-Kappa 3,ion,743000,98.03472222222223,1.6227872371673584,0.6162237273603045,1.6226080656051636,1.564711093902588,1.6828527450561523,4.905028820037842,4.901349067687988,4.675043106079102,5.143855094909668,1.2038724004871975,0.41891483668016094,331776
Mirror Moderate Bi-Kappa 3,ion,743500,98.10069444444444,1.6224417686462402,0.6163549406364189,1.622154712677002,1.5644147396087646,1.6822617053985596,4.905355930328369,4.901503562927246,4.673703193664551,5.145230770111084,1.203858805396219,0.4185829632500213,331776
Mirror Moderate Bi-Kappa 3,ion,744000,98.16666666666667,1.6220510005950928,0.6165034266081173,1.6217070817947388,1.5639760494232178,1.6818689107894897,4.905755043029785,4.90224027633667,4.673700332641602,5.145246982574463,1.2038422202553354,0.4182087803397574,331776
Mirror Moderate Bi-Kappa 3,ion,744500,98.23263888888889,1.621666431427002,0.6166496269643071,1.6214807033538818,1.563532829284668,1.6815396547317505,4.906105041503906,4.902861595153809,4.674063682556152,5.145382881164551,1.2038276782784623,0.4178387531485397,331776
Mirror Moderate Bi-Kappa 3,ion,745000,98.29861111111111,1.6212949752807617,0.6167909080374647,1.6209378242492676,1.5632106065750122,1.6813584566116333,4.90647029876709,4.902612686157227,4.673906326293945,5.146894454956055,1.2038125045312682,0.4174824707494935,331776
Mirror Moderate Bi-Kappa 3,ion,745500,98.36458333333334,1.6208524703979492,0.616959296582052,1.6204348802566528,1.5627104043960571,1.680525302886963,4.9070234298706055,4.902932167053223,4.675721168518066,5.146020889282227,1.2037895303113255,0.4170629400866237,331776
Mirror Moderate Bi-Kappa 3,ion,746000,98.43055555555556,1.6205281019210815,0.6170827885147648,1.6200424432754517,1.5623745918273926,1.6804054975509644,4.907284259796143,4.90369987487793,4.675224304199219,5.147396087646484,1.2037786985752363,0.4167494033458452,331776
Mirror Moderate Bi-Kappa 3,ion,746500,98.49652777777779,1.6201579570770264,0.6172237686034816,1.619633674621582,1.5620825290679932,1.6799273490905762,4.907660961151123,4.90357780456543,4.675815105438232,5.146892547607422,1.2037630569666418,0.4163949001103846,331776
Mirror Moderate Bi-Kappa 3,ion,747000,98.5625,1.6196538209915161,0.6174158866786869,1.61947762966156,1.561754584312439,1.6793131828308105,4.908346652984619,4.904097557067871,4.675673484802246,5.148292541503906,1.2037345914416884,0.41591922954982774,331776
Mirror Moderate Bi-Kappa 3,ion,747500,98.62847222222223,1.6192487478256226,0.6175703401610352,1.619065523147583,1.5609854459762573,1.6793779134750366,4.908791542053223,4.905343055725098,4.676233291625977,5.149153709411621,1.203716126756062,0.41553262106956046,331776
Mirror Moderate Bi-Kappa 3,ion,748000,98.69444444444444,1.6188857555389404,0.6177088139657463,1.6184985637664795,1.5608742237091064,1.678587794303894,4.909152030944824,4.9043121337890625,4.6766581535339355,5.149323463439941,1.2037011674717961,0.4151845880671443,331776
Mirror Moderate Bi-Kappa 3,ion,748500,98.76041666666667,1.618465781211853,0.6178691027074007,1.6182754039764404,1.5605813264846802,1.6783974170684814,4.9096245765686035,4.905617713928223,4.678737163543701,5.148977279663086,1.2036815614726517,0.4147842197392013,331776
Mirror Moderate Bi-Kappa 3,ion,749000,98.82638888888889,1.6180557012557983,0.6180256954219093,1.6175618171691895,1.5600683689117432,1.677922010421753,4.910125255584717,4.905839920043945,4.678389072418213,5.150359153747559,1.203660792331644,0.4143949089241543,331776
Mirror Moderate Bi-Kappa 3,ion,749500,98.89236111111111,1.6176637411117554,0.6181754431317971,1.6172819137573242,1.5597963333129883,1.6768488883972168,4.910556316375732,4.907081604003906,4.679960250854492,5.149985313415527,1.2036429144830696,0.4140208266286858,331776
Mirror Moderate Bi-Kappa 3,ion,750000,98.95833333333334,1.6172305345535278,0.6183410334112149,1.6169822216033936,1.5593736171722412,1.6769448518753052,4.911044597625732,4.9073638916015625,4.679372787475586,5.151772975921631,1.2036226672597221,0.4136078672938057,331776
Mirror Moderate Bi-Kappa 3,ion,750500,99.02430555555556,1.6167820692062378,0.6185125497408268,1.6163886785507202,1.5586572885513306,1.6763715744018555,4.911574840545654,4.908217430114746,4.678605079650879,5.152864456176758,1.2036006846001566,0.4131813846060812,331776
Mirror Moderate Bi-Kappa 3,ion,751000,99.09027777777779,1.6163661479949951,0.6186717045766145,1.6161763668060303,1.5585702657699585,1.6757233142852783,4.912092208862305,4.908392906188965,4.679283142089844,5.153149604797363,1.2035792402666665,0.4127869077283286,331776
Mirror Moderate Bi-Kappa 3,ion,751500,99.15625,1.6159700155258179,0.6188233633002229,1.615602731704712,1.5583689212799072,1.6752393245697021,4.912579536437988,4.908606052398682,4.680294036865234,5.151783466339111,1.203559045219058,0.41241097030675977,331776
Mirror Moderate Bi-Kappa 3,ion,752000,99.22222222222223,1.615593671798706,0.6189675148248504,1.6152114868164062,1.5578242540359497,1.6749582290649414,4.912927150726318,4.910154342651367,4.68054723739624,5.152689456939697,1.2035446423935192,0.41204902940518684,331776
Mirror Moderate Bi-Kappa 3,ion,752500,99.28819444444444,1.6151405572891235,0.6191411611125753,1.6147972345352173,1.557083249092102,1.6747386455535889,4.913553714752197,4.909704208374023,4.681276321411133,5.154504776000977,1.203518686892066,0.41162187039705755,331776
Mirror Moderate Bi-Kappa 3,ion,753000,99.35416666666667,1.6146937608718872,0.6193124815568924,1.6143721342086792,1.5569363832473755,1.6745177507400513,4.914093017578125,4.909934043884277,4.681754112243652,5.154506683349609,1.2034963514982147,0.41119740937367255,331776
Mirror Moderate Bi-Kappa 3,ion,753500,99.42013888888889,1.6142165660858154,0.6194955627452269,1.6140649318695068,1.5563102960586548,1.6740407943725586,4.914750099182129,4.910707473754883,4.682408332824707,5.155401706695557,1.2034691448841746,0.41074742120164087,331776
Mirror Moderate Bi-Kappa 3,ion,754000,99.48611111111111,1.613884687423706,0.6196229555881907,1.6136183738708496,1.5559875965118408,1.6734198331832886,4.915055751800537,4.911820888519287,4.681746482849121,5.156439781188965,1.203456491746542,0.41042819567716404,331776
Mirror Moderate Bi-Kappa 3,ion,754500,99.55208333333334,1.6134685277938843,0.6197827740509525,1.613206386566162,1.5554563999176025,1.6731221675872803,4.915527820587158,4.9124040603637695,4.682284355163574,5.15725564956665,1.2034369525510182,0.41003157524286604,331776
Mirror Moderate Bi-Kappa 3,ion,755000,99.61805555555556,1.6129803657531738,0.6199703488225999,1.6126394271850586,1.5550702810287476,1.6725844144821167,4.916266918182373,4.913256645202637,4.68330192565918,5.15762996673584,1.2034063684177907,0.40957399733538313,331776
Mirror Moderate Bi-Kappa 3,ion,755500,99.68402777777779,1.6125140190124512,0.6201496472027127,1.6122382879257202,1.5547138452529907,1.6721627712249756,4.91681432723999,4.913352966308594,4.683761119842529,5.157419204711914,1.2033837223544988,0.4091302966579524,331776
Mirror Moderate Bi-Kappa 3,ion,756000,99.75,1.6120291948318481,0.620336159671296,1.6118943691253662,1.5540764331817627,1.6716663837432861,4.917541027069092,4.914192199707031,4.684658527374268,5.159254550933838,1.2033536669029097,0.40867552792893846,331776
Mirror Moderate Bi-Kappa 3,ion,756500,99.81597222222223,1.6115691661834717,0.6205132370261255,1.611304521560669,1.553674578666687,1.6713237762451172,4.918161869049072,4.914999961853027,4.684156894683838,5.160206317901611,1.2033279966430528,0.4082411695404189,331776
Mirror Moderate Bi-Kappa 3,ion,757000,99.88194444444444,1.6110773086547852,0.6207026780328614,1.610912561416626,1.5531245470046997,1.6707285642623901,4.918854236602783,4.915667533874512,4.685465335845947,5.1603522300720215,1.203299376622848,0.40777793203193724,331776
Mirror Moderate Bi-Kappa 3,ion,757500,99.94791666666667,1.6106562614440918,0.6208649380615912,1.6103332042694092,1.5529327392578125,1.670284628868103,4.919442653656006,4.9162678718566895,4.686363220214844,5.1610846519470215,1.2032750598803759,0.40738120156371593,331776
Mirror Moderate Bi-Kappa 3,ion,758000,100.01388888888889,1.6102315187454224,0.6210287082065868,1.6098694801330566,1.552512764930725,1.6697888374328613,4.919950485229492,4.91639518737793,4.68700647354126,5.160366535186768,1.2032540780648435,0.40697744068057884,331776
Mirror Moderate Bi-Kappa 3,ion,758500,100.07986111111111,1.6098113059997559,0.621190816757844,1.6095114946365356,1.5519120693206787,1.6695566177368164,4.920517444610596,4.916958808898926,4.687416076660156,5.16232967376709,1.2032306584128245,0.40658064758693135,331776
Mirror Moderate Bi-Kappa 3,ion,759000,100.14583333333334,1.609329342842102,0.621376851449178,1.6090679168701172,1.5514401197433472,1.668857455253601,4.921191692352295,4.918499946594238,4.688760280609131,5.16347599029541,1.2032028139757358,0.40612652886636624,331776
Mirror Moderate Bi-Kappa 3,ion,759500,100.21180555555556,1.6088712215423584,0.6215537866612726,1.6086676120758057,1.5511209964752197,1.6684513092041016,4.921810150146484,4.919049263000488,4.688710689544678,5.1633620262146,1.2031772802065999,0.40569394133575853,331776
Mirror Moderate Bi-Kappa 3,ion,760000,100.27777777777779,1.6084926128387451,0.6217000886532839,1.6082360744476318,1.550671100616455,1.667946457862854,4.922250270843506,4.918739318847656,4.689403533935547,5.165501594543457,1.20315911320548,0.40533349963326515,331776
Mirror Moderate Bi-Kappa 3,ion,760500,100.34375,1.6080265045166016,0.6218802968677534,1.60760498046875,1.550147533416748,1.6675772666931152,4.922910690307617,4.9192914962768555,4.688892364501953,5.165637969970703,1.2031318589567004,0.4048946455599012,331776
Mirror Moderate Bi-Kappa 3,ion,761000,100.40972222222223,1.6076265573501587,0.6220350089564918,1.6074384450912476,1.5497838258743286,1.6670417785644531,4.923478603363037,4.920044422149658,4.69041633605957,5.166943073272705,1.2031084281176603,0.4045181292324984,331776
Mirror Moderate Bi-Kappa 3,ion,761500,100.47569444444444,1.6070948839187622,0.622240796113784,1.6069319248199463,1.5490914583206177,1.6664705276489258,4.9242119789123535,4.920435905456543,4.691495418548584,5.166657447814941,1.2030781786573042,0.40401670526145805,331776
Mirror Moderate Bi-Kappa 3,ion,762000,100.54166666666667,1.6066642999649048,0.6224075558421529,1.6062920093536377,1.5489082336425781,1.6660435199737549,4.924851894378662,4.922374248504639,4.691435813903809,5.167839527130127,1.2030517914947703,0.4036125084701345,331776
Mirror Moderate Bi-Kappa 3,ion,762500,100.60763888888889,1.6061511039733887,0.6226064269582997,1.606027603149414,1.5482853651046753,1.6657919883728027,4.9255852699279785,4.922087669372559,4.690680503845215,5.16827392578125,1.2030215589008821,0.40312954507250653,331776
Mirror Moderate Bi-Kappa 3,ion,763000,100.67361111111111,1.6056475639343262,0.6228016798092946,1.6052379608154297,1.5479321479797363,1.665238618850708,4.926334381103516,4.922494888305664,4.69270133972168,5.168645858764648,1.2029906869163836,0.4026568770179426,331776
Mirror Moderate Bi-Kappa 3,ion,763500,100.73958333333334,1.6052169799804688,0.622968740345724,1.6050747632980347,1.547487497329712,1.6649913787841797,4.926949501037598,4.923715591430664,4.69307804107666,5.168785572052002,1.202965343929221,0.4022516360512478,331776
Mirror Moderate Bi-Kappa 3,ion,764000,100.80555555555556,1.6048239469528198,0.6231213099098895,1.6044666767120361,1.546888828277588,1.6641895771026611,4.927443981170654,4.923848628997803,4.693977355957031,5.170438766479492,1.202944975898523,0.40187897105429693,331776
Mirror Moderate Bi-Kappa 3,ion,764500,100.87152777777779,1.6043782234191895,0.6232944235984693,1.6041443347930908,1.5467694997787476,1.6638277769088745,4.928094387054443,4.926117897033691,4.694897174835205,5.171060562133789,1.202918191385881,0.4014600320333084,331776
Mirror Moderate Bi-Kappa 3,ion,765000,100.9375,1.6038966178894043,0.6234815815722072,1.6038405895233154,1.5461519956588745,1.6632713079452515,4.928829669952393,4.926053047180176,4.694558143615723,5.171995639801025,1.202887920046476,0.40100869784292836,331776
Mirror Moderate Bi-Kappa 3,ion,765500,101.00347222222223,1.6033871173858643,0.6236797022732622,1.6033047437667847,1.5459015369415283,1.6631929874420166,4.92955207824707,4.926054954528809,4.696753025054932,5.171404838562012,1.202858187544617,0.4005289298412473,331776
Mirror Moderate Bi-Kappa 3,ion,766000,101.06944444444444,1.6030207872390747,0.6238222286077316,1.6027555465698242,1.5454652309417725,1.6623913049697876,4.930027008056641,4.927480697631836,4.695898056030273,5.172757625579834,1.2028386453797923,0.40018214185928236,331776
Mirror Moderate Bi-Kappa 3,ion,766500,101.13541666666667,1.6025753021240234,0.6239956391906318,1.6026599407196045,1.544837474822998,1.662414789199829,4.930713176727295,4.927270889282227,4.696374893188477,5.173294544219971,1.202810417916813,0.39976488420721035,331776
Mirror Moderate Bi-Kappa 3,ion,767000,101.20138888888889,1.6021180152893066,0.6241737440418348,1.6018686294555664,1.5444858074188232,1.661562204360962,4.9313273429870605,4.929141044616699,4.697357177734375,5.174955368041992,1.202785159136134,0.3993328561531726,331776
Mirror Moderate Bi-Kappa 3,ion,767500,101.26736111111111,1.601660966873169,0.6243518576545215,1.6014795303344727,1.5441040992736816,1.6609636545181274,4.932018280029297,4.929889678955078,4.697608947753906,5.174463748931885,1.2027567505273034,0.3989042163458656,331776
Mirror Moderate Bi-Kappa 3,ion,768000,101.33333333333334,1.601208209991455,0.624528399092668,1.6008360385894775,1.5434104204177856,1.6605596542358398,4.93268346786499,4.9299421310424805,4.698641777038574,5.176028251647949,1.202729408143602,0.3984788018478531,331776
Mirror Moderate Bi-Kappa 3,ion,768500,101.39930555555556,1.600795865058899,0.6246892697734489,1.6006064414978027,1.543186902999878,1.6600463390350342,4.933253288269043,4.930183410644531,4.697897911071777,5.177661418914795,1.202705991678541,0.39808987338035795,331776
Mirror Moderate Bi-Kappa 3,ion,769000,101.46527777777779,1.6003543138504028,0.6248616267944009,1.600191593170166,1.5430400371551514,1.6594194173812866,4.933876991271973,4.931108474731445,4.700336933135986,5.176830768585205,1.2026803671370405,0.3976739467133623,331776
Mirror Moderate Bi-Kappa 3,ion,769500,101.53125,1.5999746322631836,0.6250099094293062,1.6000025272369385,1.5425028800964355,1.6592758893966675,4.934373378753662,4.931881904602051,4.70029354095459,5.17775821685791,1.2026599779225833,0.3973146543406003,331776
Mirror Moderate Bi-Kappa 3,ion,770000,101.59722222222223,1.5995731353759766,0.6251667884913258,1.5993921756744385,1.5418617725372314,1.659106969833374,4.934955596923828,4.9319562911987305,4.700186729431152,5.178895950317383,1.2026360684224482,0.3969370669535284,331776
Mirror Moderate Bi-Kappa 3,ion,770500,101.66319444444444,1.5991238355636597,0.6253424392536302,1.5987522602081299,1.5413470268249512,1.658686876296997,4.935572147369385,4.933134078979492,4.701292037963867,5.180243492126465,1.2026107551751606,0.3965130803884991,331776
Mirror Moderate Bi-Kappa 3,ion,771000,101.72916666666667,1.5986707210540771,0.6255196813391654,1.5983800888061523,1.5413880348205566,1.6580432653427124,4.936261177062988,4.932715892791748,4.702258110046387,5.179289817810059,1.202582473684058,0.39608824737001913,331776
Mirror Moderate Bi-Kappa 3,ion,771500,101.79513888888889,1.5982733964920044,0.6256751831037579,1.597885012626648,1.5409904718399048,1.6572997570037842,4.936795711517334,4.933860778808594,4.703037738800049,5.1805877685546875,1.2025605389477718,0.3957128575442326,331776
Mirror Moderate Bi-Kappa 3,ion,772000,101.86111111111111,1.597845196723938,0.6258428551466062,1.5973429679870605,1.540395736694336,1.6570978164672852,4.937402248382568,4.935261249542236,4.702871799468994,5.180701732635498,1.2025356553291942,0.39530954139474384,331776
Mirror Moderate Bi-Kappa 3,ion,772500,101.92708333333334,1.597369909286499,0.6260290707783974,1.5971388816833496,1.5399792194366455,1.6567351818084717,4.93812894821167,4.934711456298828,4.70405912399292,5.182238578796387,1.2025058499863897,0.39486405930010937,331776
Mirror Moderate Bi-Kappa 3,ion,773000,101.99305555555556,1.5969293117523193,0.6262017940560528,1.596604824066162,1.5395359992980957,1.6561657190322876,4.938774108886719,4.934927940368652,4.702748775482178,5.182925224304199,1.2024793962940363,0.394449915458283,331776
Mirror Moderate Bi-Kappa 3,ion,773500,102.05902777777779,1.5965770483016968,0.6263399571374993,1.5965001583099365,1.539090633392334,1.655536413192749,4.9392547607421875,4.936060905456543,4.704637050628662,5.1839447021484375,1.2024596924920992,0.3941173558095976,331776
Mirror Moderate Bi-Kappa 3,ion,774000,102.125,1.596160888671875,0.6265032598512513,1.5960657596588135,1.5390024185180664,1.6552553176879883,4.939877986907959,4.937260627746582,4.705557823181152,5.182828903198242,1.2024341497199478,0.3937267389519272,331776
Mirror Moderate Bi-Kappa 3,ion,774500,102.19097222222223,1.5957958698272705,0.626646564831779,1.595635175704956,1.5386039018630981,1.6548124551773071,4.940331935882568,4.937193393707275,4.705972671508789,5.184380054473877,1.2024155487886978,0.3933803210385727,331776
Mirror Moderate Bi-Kappa 3,ion,775000,102.25694444444444,1.5953508615493774,0.6268213620600155,1.595158338546753,1.538017749786377,1.6544677019119263,4.940971374511719,4.9382781982421875,4.70555305480957,5.185549259185791,1.2023893530649776,0.3929615084843998,331776
Mirror Moderate Bi-Kappa 3,ion,775500,102.32291666666667,1.5949783325195312,0.626967764772287,1.594777226448059,1.5376105308532715,1.6540361642837524,4.941450595855713,4.938525676727295,4.7057976722717285,5.186938285827637,1.202369725367421,0.3926086071521102,331776
Mirror Moderate Bi-Kappa 3,ion,776000,102.38888888888889,1.594605565071106,0.6271143296526802,1.5942087173461914,1.5374215841293335,1.6534188985824585,4.9420166015625,4.938388347625732,4.707245349884033,5.186254978179932,1.2023465481042361,0.3922590169668698,331776
Mirror Moderate Bi-Kappa 3,ion,776500,102.45486111111111,1.5941925048828125,0.6272768169070705,1.5939300060272217,1.5370193719863892,1.6530967950820923,4.942539691925049,4.939876556396484,4.708264350891113,5.186248779296875,1.2023251328934728,0.39186737198933974,331776
Mirror Moderate Bi-Kappa 3,ion,777000,102.52083333333334,1.5937191247940063,0.6274631360336178,1.5935239791870117,1.536453127861023,1.6528301239013672,4.943328380584717,4.939949989318848,4.707405090332031,5.1882004737854,1.2022928527118637,0.39142627208214265,331776
Mirror Moderate Bi-Kappa 3,ion,777500,102.58680555555556,1.593381643295288,0.6275960340122221,1.593024492263794,1.5361449718475342,1.652059555053711,4.943768501281738,4.940812110900879,4.709545612335205,5.188350200653076,1.2022748435208357,0.3911067997744524,331776
Mirror Moderate Bi-Kappa 3,ion,778000,102.65277777777779,1.5929195880889893,0.6277780796202592,1.5927890539169312,1.535656213760376,1.6518088579177856,4.944450855255127,4.94143533706665,4.7084784507751465,5.189947128295898,1.2022469287842483,0.39067265930474093,331776
Mirror Moderate Bi-Kappa 3,ion,778500,102.71875,1.5925039052963257,0.6279419451809286,1.5920169353485107,1.535366177558899,1.6512835025787354,4.945058822631836,4.9413299560546875,4.710297584533691,5.190094947814941,1.2022220636533874,0.39028184164293833,331776
Mirror Moderate Bi-Kappa 3,ion,779000,102.78472222222223,1.5921425819396973,0.6280844513194958,1.5919044017791748,1.5350780487060547,1.6510363817214966,4.945474624633789,4.942273139953613,4.710259437561035,5.190199375152588,1.2022050613744781,0.38993752056521913,331776
Mirror Moderate Bi-Kappa 3,ion,779500,102.85069444444444,1.591733455657959,0.628245889062274,1.5914781093597412,1.5346498489379883,1.6507090330123901,4.946043968200684,4.943265914916992,4.711092948913574,5.189953804016113,1.202181785368113,0.38955167028984605,331776
Mirror Moderate Bi-Kappa 3,ion,780000,102.91666666666667,1.591363787651062,0.6283918282921679,1.5908598899841309,1.5342204570770264,1.6502912044525146,4.946608543395996,4.943466663360596,4.712962627410889,5.189855575561523,1.2021587095940829,0.3892050780569791,331776
Mirror Moderate Bi-Kappa 3,ion,780500,102.98263888888889,1.591007113456726,0.6285327020489145,1.5906546115875244,1.533955693244934,1.6500158309936523,4.947060585021973,4.943824768066406,4.710944175720215,5.191411018371582,1.2021402371799654,0.38886687627676064,331776
Mirror Moderate Bi-Kappa 3,ion,781000,103.04861111111111,1.5905966758728027,0.6286948886343381,1.590233325958252,1.5335713624954224,1.6495710611343384,4.947617530822754,4.944636344909668,4.711832523345947,5.192707538604736,1.202117482560077,0.3884791933127256,331776
Mirror Moderate Bi-Kappa 3,ion,781500,103.11458333333334,1.5902169942855835,0.62884499637061,1.590046763420105,1.5330636501312256,1.6491076946258545,4.948159694671631,4.945499420166016,4.713026523590088,5.193155765533447,1.2020953367929572,0.3881216574926263,331776
Mirror Moderate Bi-Kappa 3,ion,782000,103.18055555555556,1.589877963066101,0.6289790935094707,1.5894889831542969,1.5329093933105469,1.6485817432403564,4.948602199554443,4.945300102233887,4.713628768920898,5.193292617797852,1.202077265392243,0.38780069767385816,331776
Mirror Moderate Bi-Kappa 3,ion,782500,103.24652777777779,1.589469313621521,0.6291408028013786,1.5893354415893555,1.532249927520752,1.6485259532928467,4.94920015335083,4.946331024169922,4.713825225830078,5.1949462890625,1.2020528507667962,0.38741646285472475,331776
Mirror Moderate Bi-Kappa 3,ion,783000,103.3125,1.5891070365905762,0.629284231316159,1.5886313915252686,1.5320944786071777,1.6478326320648193,4.94965934753418,4.946632385253906,4.71369743347168,5.195636749267578,1.2020341057406667,0.38707293084990946,331776
Mirror Moderate Bi-Kappa 3,ion,783500,103.37847222222223,1.5887279510498047,0.6294343844956066,1.58856201171875,1.5316083431243896,1.647169589996338,4.95013427734375,4.946846008300781,4.714404106140137,5.1954240798950195,1.2020147220201471,0.38671322902965755,331776
Mirror Moderate Bi-Kappa 3,ion,784000,103.44444444444444,1.5884093046188354,0.6295606535999021,1.588036060333252,1.5311543941497803,1.6469188928604126,4.950565338134766,4.94749116897583,4.7145819664001465,5.196747779846191,1.20199713198347,0.38641217263536554,331776
Mirror Moderate Bi-Kappa 3,ion,784500,103.51041666666667,1.588053822517395,0.6297015792668742,1.5875556468963623,1.5311369895935059,1.6464674472808838,4.951064109802246,4.948240280151367,4.716537952423096,5.195274353027344,1.2019767827324581,0.3860770397849369,331776
Mirror Moderate Bi-Kappa 3,ion,785000,103.57638888888889,1.5877244472503662,0.6298322115854599,1.5876351594924927,1.5307426452636719,1.6462516784667969,4.9514241218566895,4.949365615844727,4.7152252197265625,5.1976752281188965,1.2019620972450689,0.38576235000529735,331776
Mirror Moderate Bi-Kappa 3,ion,785500,103.64236111111111,1.5873874425888062,0.6299659258795322,1.5870742797851562,1.5305665731430054,1.6457573175430298,4.9518890380859375,4.948967933654785,4.715762138366699,5.198226451873779,1.2019431357021142,0.38544430688669196,331776
Mirror Moderate Bi-Kappa 3,ion,786000,103.70833333333334,1.5870224237442017,0.6301108195060899,1.586641550064087,1.5300527811050415,1.6453412771224976,4.952396392822266,4.949506759643555,4.717123985290527,5.197453022003174,1.2019224473730223,0.3850999763711793,331776
Mirror Moderate Bi-Kappa 3,ion,786500,103.77430555555556,1.5866398811340332,0.6302627407079048,1.5860824584960938,1.5297740697860718,1.6449761390686035,4.952877998352051,4.950176239013672,4.717381477355957,5.198069095611572,1.2019028129367866,0.3847370681972466,331776
Mirror Moderate Bi-Kappa 3,ion,787000,103.84027777777779,1.58627188205719,0.6304089553066584,1.586014986038208,1.5294849872589111,1.644606351852417,4.953367710113525,4.95142936706543,4.717982769012451,5.1991167068481445,1.2018828519349074,0.38438903012228254,331776
Mirror Moderate Bi-Kappa 3,ion,787500,103.90625,1.5859289169311523,0.6305452844223608,1.5855190753936768,1.529367446899414,1.6442447900772095,4.953834056854248,4.951672554016113,4.7180047035217285,5.199643611907959,1.2018638469765404,0.384065069954612,331776
Mirror Moderate Bi-Kappa 3,ion,788000,103.97222222222223,1.5855872631072998,0.6306811509322322,1.5852489471435547,1.5287134647369385,1.6438770294189453,4.954224586486816,4.951420783996582,4.717823028564453,5.200122356414795,1.2018479345340154,0.3837393285732844,331776
Mirror Moderate Bi-Kappa 3,ion,788500,104.03819444444444,1.5852138996124268,0.6308296944939057,1.585013508796692,1.5286269187927246,1.6434075832366943,4.9547905921936035,4.952159881591797,4.718130111694336,5.20139217376709,1.2018248766306139,0.3833890229818129,331776
Mirror Moderate Bi-Kappa 3,ion,789000,104.10416666666667,1.5848573446273804,0.6309716160826528,1.5845401287078857,1.5282249450683594,1.6432063579559326,4.955296039581299,4.952557563781738,4.719144821166992,5.201457977294922,1.2018042902002875,0.3830530544270929,331776
Mirror Moderate Bi-Kappa 3,ion,789500,104.17013888888889,1.5845242738723755,0.6311042478106866,1.5842831134796143,1.5280230045318604,1.6426470279693604,4.955721378326416,4.952929496765137,4.720014572143555,5.201966285705566,1.201786969778698,0.38273730409367746,331776
Mirror Moderate Bi-Kappa 3,ion,790000,104.23611111111111,1.5841625928878784,0.63124833554934,1.5838254690170288,1.5274503231048584,1.6421716213226318,4.956171989440918,4.953436851501465,4.719973564147949,5.201504230499268,1.2017686234720044,0.382393969415874,331776
Mirror Moderate Bi-Kappa 3,ion,790500,104.30208333333333,1.5838230848312378,0.631383649838993,1.5833210945129395,1.5270522832870483,1.6418559551239014,4.956592082977295,4.953727722167969,4.719672203063965,5.202141761779785,1.201751522671062,0.3820715621601758,331776
Mirror Moderate Bi-Kappa 3,ion,791000,104.36805555555556,1.5835059881210327,0.6315100842697707,1.5831125974655151,1.5268688201904297,1.6417531967163086,4.957014560699463,4.953549385070801,4.720828533172607,5.20286750793457,1.2017343277399803,0.38177166038105237,331776
Mirror Moderate Bi-Kappa 3,ion,791500,104.43402777777779,1.5831373929977417,0.6316571160677692,1.582695484161377,1.5264172554016113,1.6414077281951904,4.957536697387695,4.955326080322266,4.720989227294922,5.204111099243164,1.2017130807174732,0.3814243122802685,331776
Mirror Moderate Bi-Kappa 3,ion,792000,104.5,1.5827525854110718,0.6318106880490614,1.582575798034668,1.5265346765518188,1.6406550407409668,4.95808744430542,4.9549713134765625,4.721391677856445,5.203633785247803,1.2016906743241376,0.3810619110869342,331776
Mirror Moderate Bi-Kappa 3,ion,792500,104.56597222222223,1.5824590921401978,0.6319278678146109,1.5821774005889893,1.5257676839828491,1.6405932903289795,4.958381652832031,4.956786155700684,4.722265720367432,5.204401016235352,1.2016787068879298,0.380780385252268,331776
Mirror Moderate Bi-Kappa 3,ion,793000,104.63194444444444,1.582129716873169,0.6320594255547788,1.5818308591842651,1.5254298448562622,1.6404736042022705,4.958803176879883,4.95684289932251,4.722564697265625,5.205138206481934,1.2016615631494387,0.3804681537237302,331776
Mirror Moderate Bi-Kappa 3,ion,793500,104.69791666666667,1.5817792415618896,0.6321994711553897,1.5812819004058838,1.5255235433578491,1.6398119926452637,4.95926570892334,4.956131935119629,4.7221879959106445,5.205240249633789,1.2016427549346012,0.3801364866272885,331776
Mirror Moderate Bi-Kappa 3,ion,794000,104.76388888888889,1.5814749002456665,0.6323211325356222,1.5810563564300537,1.5248727798461914,1.6394767761230469,4.959627628326416,4.9565324783325195,4.722738742828369,5.20596981048584,1.2016280404376731,0.3798468598079934,331776
Mirror Moderate Bi-Kappa 3,ion,794500,104.82986111111111,1.5811282396316528,0.6324597682430647,1.580814003944397,1.524598479270935,1.6389119625091553,4.9600443840026855,4.957805633544922,4.722769737243652,5.20658016204834,1.2016110991315392,0.37951714050011365,331776
Mirror Moderate Bi-Kappa 3,ion,795000,104.89583333333333,1.5807524919509888,0.6326101050555896,1.580198049545288,1.524348258972168,1.6388826370239258,4.960628032684326,4.957486152648926,4.722969055175781,5.208492279052734,1.2015873783342053,0.3791651136167835,331776
Mirror Moderate Bi-Kappa 3,ion,795500,104.96180555555556,1.580461859703064,0.6327264361747263,1.5803067684173584,1.5238869190216064,1.6384954452514648,4.960928916931152,4.957883834838867,4.723606109619141,5.207967281341553,1.2015751519009072,0.3788867078021567,331776
Mirror Moderate Bi-Kappa 3,ion,796000,105.02777777777779,1.5801302194595337,0.6328592338054513,1.5798474550247192,1.5236992835998535,1.6381810903549194,4.9613728523254395,4.958544731140137,4.723897933959961,5.209259510040283,1.2015571152914442,0.37857310416808954,331776
Mirror Moderate Bi-Kappa 3,ion,796500,105.09375,1.5798052549362183,0.632989412381954,1.5793743133544922,1.5235342979431152,1.6375532150268555,4.961792469024658,4.958293914794922,4.725547790527344,5.2087812423706055,1.2015400696910992,0.3782651852451191,331776
Mirror Moderate Bi-Kappa 3,ion,797000,105.15972222222223,1.5794975757598877,0.6331127159336762,1.5788354873657227,1.5230400562286377,1.637308120727539,4.962155342102051,4.959054946899414,4.724950313568115,5.209655284881592,1.2015253314452634,0.3779722443146243,331776
Mirror Moderate Bi-Kappa 3,ion,797500,105.22569444444446,1.579123854637146,0.6332625506628052,1.5786895751953125,1.522788405418396,1.6369320154190063,4.962636470794678,4.96024227142334,4.7256598472595215,5.210063934326172,1.2015057935202471,0.3776180611168989,331776
Mirror Moderate Bi-Kappa 3,ion,798000,105.29166666666669,1.5787558555603027,0.6334101605881921,1.5782718658447266,1.5224480628967285,1.6367982625961304,4.963149547576904,4.960413932800293,4.725687026977539,5.210653305053711,1.201484962404209,0.37727089315609375,331776
Mirror Moderate Bi-Kappa 3,ion,798500,105.35763888888889,1.5784562826156616,0.6335303745903554,1.577855110168457,1.522223711013794,1.6362600326538086,4.963469982147217,4.96151065826416,4.726241588592529,5.210842132568359,1.2014719548212913,0.3769843277943703,331776
Mirror Moderate Bi-Kappa 3,ion,799000,105.4236111111111,1.5780953168869019,0.633675285199308,1.5776783227920532,1.521862506866455,1.636122226715088,4.963978290557861,4.9611639976501465,4.726318359375,5.212159156799316,1.2014513242135108,0.3766439926733911,331776
Mirror Moderate Bi-Kappa 3,ion,799500,105.48958333333333,1.5778084993362427,0.6337904761070073,1.5772731304168701,1.5214109420776367,1.6355888843536377,4.964279651641846,4.961113452911377,4.726920127868652,5.212123870849609,1.2014390949287614,0.37636940440748123,331776
Mirror Moderate Bi-Kappa 3,ion,800000,105.55555555555556,1.5775234699249268,0.6339049903628942,1.5770165920257568,1.5210845470428467,1.6352108716964722,4.964591026306152,4.961606025695801,4.727422714233398,5.21253776550293,1.2014264608507015,0.3760970090742253,331776
Mirror Moderate Bi-Kappa 3,ion,800500,105.62152777777779,1.5771790742874146,0.6340434109879438,1.5767769813537598,1.5207387208938599,1.6351261138916016,4.965027809143066,4.962334156036377,4.7277984619140625,5.212546348571777,1.2014087409860035,0.3757703333014111,331776
Mirror Moderate Bi-Kappa 3,ion,801000,105.6875,1.576796531677246,0.6341972346529042,1.5764530897140503,1.5205188989639282,1.634771704673767,4.96560525894165,4.963224411010742,4.7271294593811035,5.213310241699219,1.2013853191812385,0.3754112124960076,331776
Mirror Moderate Bi-Kappa 3,ion,801500,105.75347222222223,1.5765247344970703,0.6343065719923586,1.576042652130127,1.5203065872192383,1.6340075731277466,4.965878009796143,4.9626312255859375,4.728904724121094,5.212862014770508,1.2013742580923874,0.3751504764046829,331776
Mirror Moderate Bi-Kappa 3,ion,802000,105.81944444444446,1.5761709213256836,0.6344489588470021,1.5756968259811401,1.5199825763702393,1.6339696645736694,4.966330528259277,4.963953971862793,4.726982116699219,5.214036464691162,1.2013559094204116,0.374815011905272,331776
Mirror Moderate Bi-Kappa 3,ion,802500,105.88541666666669,1.575868844985962,0.634570575579155,1.5755295753479004,1.5194846391677856,1.6333377361297607,4.966675758361816,4.964090347290039,4.729120254516602,5.214272975921631,1.2013419133142356,0.37452693167172635,331776
Mirror Moderate Bi-Kappa 3,ion,803000,105.95138888888889,1.5755975246429443,0.6346798496187128,1.5749180316925049,1.5194488763809204,1.6333415508270264,4.966920375823975,4.9640913009643555,4.729034900665283,5.216174125671387,1.2013319973614651,0.3742655272814792,331776
Mirror Moderate Bi-Kappa 3,ion,803500,106.0173611111111,1.5752507448196411,0.6348195697025335,1.5747263431549072,1.5190746784210205,1.6326704025268555,4.967360019683838,4.964827537536621,4.73037052154541,5.2147932052612305,1.2013141781625178,0.37393656665712327,331776
Mirror Moderate Bi-Kappa 3,ion,804000,106.08333333333333,1.5748960971832275,0.6349625234252246,1.5743907690048218,1.5188343524932861,1.6325666904449463,4.9678521156311035,4.966235637664795,4.7305006980896,5.215614318847656,1.2012942367695585,0.37360186041366905,331776
Mirror Moderate Bi-Kappa 3,ion,804500,106.14930555555556,1.5746722221374512,0.6350527976181644,1.5742337703704834,1.5185010433197021,1.6320953369140625,4.968064308166504,4.9653120040893555,4.730539798736572,5.216586112976074,1.201285639228985,0.37338658290846616,331776
Mirror Moderate Bi-Kappa 3,ion,805000,106.21527777777779,1.5743573904037476,0.6351797921458912,1.5737440586090088,1.518163800239563,1.6318740844726562,4.968395233154297,4.965984344482422,4.730063438415527,5.2172064781188965,1.2012722323954745,0.373085158008273,331776
Mirror Moderate Bi-Kappa 3,ion,805500,106.28125,1.5740299224853516,0.6353119376669959,1.5736122131347656,1.5178170204162598,1.6314334869384766,4.96882963180542,4.966590404510498,4.732640266418457,5.216736793518066,1.2012546362223837,0.37277528626296785,331776
Mirror Moderate Bi-Kappa 3,ion,806000,106.34722222222223,1.5737289190292358,0.6354334522980336,1.573272705078125,1.5176392793655396,1.6311488151550293,4.96914529800415,4.967021942138672,4.731933116912842,5.217854976654053,1.2012418514712477,0.3724870675579881,331776
Mirror Moderate Bi-Kappa 3,ion,806500,106.41319444444446,1.5734132528305054,0.6355609362009894,1.5729832649230957,1.51704740524292,1.6308510303497314,4.969513893127441,4.966890335083008,4.7314653396606445,5.217465877532959,1.2012269251089012,0.3721863277216042,331776
Mirror Moderate Bi-Kappa 3,ion,807000,106.47916666666669,1.5731180906295776,0.6356801857130701,1.572304129600525,1.517055630683899,1.6307570934295654,4.969833850860596,4.966544151306152,4.7314863204956055,5.217808246612549,1.2012139701263527,0.37190412050322497,331776
Mirror Moderate Bi-Kappa 3,ion,807500,106.54513888888889,1.5728248357772827,0.6357987089552821,1.572390079498291,1.516737937927246,1.6302698850631714,4.970147132873535,4.967398643493652,4.731776714324951,5.21858549118042,1.2012012870576412,0.37162354871964154,331776
Mirror Moderate Bi-Kappa 3,ion,808000,106.6111111111111,1.5725724697113037,0.6359007417849444,1.5720469951629639,1.5165622234344482,1.6299619674682617,4.970427513122559,4.967625617980957,4.732846260070801,5.218105316162109,1.2011899373564694,0.3713825323548343,331776
Mirror Moderate Bi-Kappa 3,ion,808500,106.67708333333333,1.5722099542617798,0.6360473658682202,1.5717655420303345,1.5160486698150635,1.629652976989746,4.970829010009766,4.968497276306152,4.732339859008789,5.220497131347656,1.2011736871226708,0.371036267139109,331776
Mirror Moderate Bi-Kappa 3,ion,809000,106.74305555555556,1.571936011314392,0.6361582105138228,1.5712699890136719,1.5161502361297607,1.6292109489440918,4.9711737632751465,4.968812465667725,4.7328901290893555,5.219695091247559,1.201159735631766,0.37077627568262606,331776
Mirror Moderate Bi-Kappa 3,ion,809500,106.80902777777779,1.5715692043304443,0.6363066909459089,1.571037769317627,1.5156434774398804,1.6288491487503052,4.9716410636901855,4.968621253967285,4.733318328857422,5.221207141876221,1.2011408279860318,0.3704283763444125,331776
Mirror Moderate Bi-Kappa 3,ion,810000,106.875,1.5713133811950684,0.6364102870679089,1.5708329677581787,1.5152409076690674,1.628738284111023,4.971909046173096,4.969502925872803,4.733026504516602,5.221189498901367,1.2011299866335459,0.3701833945615225,331776
Mirror Moderate Bi-Kappa 3,ion,810500,106.94097222222223,1.571023941040039,0.636527537153881,1.5704724788665771,1.515146255493164,1.6281145811080933,4.972231864929199,4.969686031341553,4.7342424392700195,5.222064018249512,1.201116928406604,0.3699070126334352,331776
Mirror Moderate Bi-Kappa 3,ion,811000,107.00694444444446,1.5707225799560547,0.6366496622388772,1.5700194835662842,1.514804482460022,1.6278448104858398,4.972561359405518,4.969529151916504,4.734225273132324,5.222270488739014,1.201103601890908,0.36961897806514665,331776
Mirror Moderate Bi-Kappa 3,ion,811500,107.07291666666669,1.570353627204895,0.6367992423336651,1.569705605506897,1.514553189277649,1.6277928352355957,4.9730730056762695,4.969766616821289,4.733428001403809,5.222858428955078,1.2010829116843045,0.36927071552059054,331776
Mirror Moderate Bi-Kappa 3,ion,812000,107.13888888888889,1.5700253248214722,0.6369324011469115,1.5696847438812256,1.5141487121582031,1.6273410320281982,4.973449230194092,4.970072269439697,4.734144687652588,5.223626136779785,1.2010677004459889,0.3689576243754833,331776
Mirror Moderate Bi-Kappa 3,ion,812500,107.2048611111111,1.5696711540222168,0.6370761145973421,1.569066047668457,1.513845443725586,1.6268671751022339,4.973927021026611,4.970825672149658,4.734899044036865,5.223689556121826,1.2010483860685197,0.3686227679536971,331776
Mirror Moderate Bi-Kappa 3,ion,813000,107.27083333333333,1.5693578720092773,0.6372032904895566,1.5689358711242676,1.513619065284729,1.6265103816986084,4.974275588989258,4.971452713012695,4.7356157302856445,5.223608493804932,1.2010342977806732,0.3683235742286042,331776
Mirror Moderate Bi-Kappa 3,ion,813500,107.33680555555556,1.5690324306488037,0.637335456212651,1.5686910152435303,1.5133192539215088,1.6260963678359985,4.974727630615234,4.972293376922607,4.736194133758545,5.224844455718994,1.2010160302738682,0.36801640037493555,331776
Mirror Moderate Bi-Kappa 3,ion,814000,107.40277777777779,1.568830966949463,0.6374173005677375,1.5682892799377441,1.5130724906921387,1.6261473894119263,4.974806785583496,4.971831321716309,4.736159324645996,5.223576545715332,1.201012831874778,0.36781813507468497,331776
Mirror Moderate Bi-Kappa 3,ion,814500,107.46875,1.5684728622436523,0.6375628320209064,1.5680373907089233,1.5125130414962769,1.6257636547088623,4.975287437438965,4.972187519073486,4.73690128326416,5.224910736083984,1.2009934124559347,0.3674794497877176,331776
Mirror Moderate Bi-Kappa 3,ion,815000,107.53472222222223,1.5681614875793457,0.6376894267079761,1.567798376083374,1.512352705001831,1.625287652015686,4.975621223449707,4.973235130310059,4.736608982086182,5.2259979248046875,1.2009799289558216,0.3671815586235241,331776
Mirror Moderate Bi-Kappa 3,ion,815500,107.60069444444446,1.5678470134735107,0.6378173325626553,1.567439079284668,1.512103796005249,1.6251771450042725,4.975989818572998,4.972929000854492,4.737049579620361,5.225844860076904,1.2009650414210007,0.36688197205251005,331776
Mirror Moderate Bi-Kappa 3,ion,816000,107.66666666666669,1.5675805807113647,0.637925738749712,1.567307949066162,1.5119171142578125,1.6250026226043701,4.976283550262451,4.973226547241211,4.737675189971924,5.226034641265869,1.2009531791947947,0.36662740151657003,331776
Mirror Moderate Bi-Kappa 3,ion,816500,107.73263888888889,1.5672739744186401,0.6380505363594371,1.5667450428009033,1.5115535259246826,1.6244109869003296,4.976591110229492,4.974436283111572,4.737037658691406,5.226485252380371,1.2009407600203437,0.36633321439829647,331776
Mirror Moderate Bi-Kappa 3,ion,817000,107.7986111111111,1.566979169845581,0.6381705763826749,1.566601276397705,1.5110797882080078,1.6243609189987183,4.976894378662109,4.973570823669434,4.736412048339844,5.227444648742676,1.200928515639671,0.3660506542059101,331776
Mirror Moderate Bi-Kappa 3,ion,817500,107.86458333333333,1.5666112899780273,0.6383204349395603,1.5661516189575195,1.5110156536102295,1.6238683462142944,4.977431297302246,4.974547386169434,4.7383036613464355,5.227084159851074,1.2009068413544948,0.3657044486235326,331776
Mirror Moderate Bi-Kappa 3,ion,818000,107.93055555555556,1.56632661819458,0.6384364463860327,1.5659114122390747,1.5105308294296265,1.623529314994812,4.977729320526123,4.975420951843262,4.737673759460449,5.2289886474609375,1.2008948127967523,0.3654318053978278,331776
Mirror Moderate Bi-Kappa 3,ion,818500,107.99652777777779,1.5660388469696045,0.6385537638067347,1.5654630661010742,1.5101885795593262,1.6233323812484741,4.978086471557617,4.976090431213379,4.739370822906494,5.228562831878662,1.2008803996703385,0.36515844729926594,331776
Mirror Moderate Bi-Kappa 3,ion,819000,108.0625,1.5656393766403198,0.6387166897564136,1.565314769744873,1.5098752975463867,1.6227072477340698,4.978621482849121,4.976716041564941,4.739255428314209,5.229334831237793,1.2008588127145043,0.3647805639258155,331776
Mirror Moderate Bi-Kappa 3,ion,819500,108.12847222222223,1.5652835369110107,0.638861890781422,1.5649347305297852,1.5094811916351318,1.6224730014801025,4.979130744934082,4.976316928863525,4.739730358123779,5.23021936416626,1.2008382690126043,0.3644452678984065,331776
Mirror Moderate Bi-Kappa 3,ion,820000,108.19444444444446,1.5649709701538086,0.6389894886687374,1.5644092559814453,1.509056568145752,1.6223064661026,4.979506969451904,4.977126598358154,4.740624904632568,5.229304790496826,1.2008230947631489,0.36414787539065974,331776
Mirror Moderate Bi-Kappa 3,ion,820500,108.26041666666669,1.5646172761917114,0.6391339372360801,1.564164638519287,1.5088920593261719,1.6217693090438843,4.979925155639648,4.976606369018555,4.739717960357666,5.231655120849609,1.2008062307658427,0.36381104542586873,331776
Mirror Moderate Bi-Kappa 3,ion,821000,108.32638888888889,1.5642720460891724,0.6392749921601516,1.5636942386627197,1.5086272954940796,1.621115803718567,4.980386257171631,4.977908134460449,4.7411651611328125,5.231240272521973,1.2007876394245578,0.36348440666461457,331776
Mirror Moderate Bi-Kappa 3,ion,821500,108.3923611111111,1.5639219284057617,0.639418107666912,1.5634022951126099,1.5082067251205444,1.6211211681365967,4.9808573722839355,4.978621959686279,4.741275787353516,5.232893943786621,1.200768647896749,0.36315328050901274,331776
Mirror Moderate Bi-Kappa 3,ion,822000,108.45833333333333,1.5635696649551392,0.6395621649699192,1.5630970001220703,1.5079712867736816,1.620565414428711,4.981372833251953,4.978671550750732,4.7413649559021,5.2326459884643555,1.2007478728202678,0.3628217921348713,331776
Mirror Moderate Bi-Kappa 3,ion,822500,108.52430555555556,1.5631850957870483,0.6397195077506224,1.5627706050872803,1.5078179836273193,1.6200381517410278,4.9818806648254395,4.979082107543945,4.7415313720703125,5.2333221435546875,1.2007274094420803,0.362457686344968,331776
Mirror Moderate Bi-Kappa 3,ion,823000,108.59027777777779,1.562798023223877,0.6398779529661244,1.562286376953125,1.5071995258331299,1.620050311088562,4.982404708862305,4.981145858764648,4.742474555969238,5.23402214050293,1.2007062971462916,0.36209172607758533,331776
Mirror Moderate Bi-Kappa 3,ion,823500,108.65625,1.5624192953109741,0.6400330583481217,1.5621163845062256,1.5067728757858276,1.6196396350860596,4.982907772064209,4.97969913482666,4.743278503417969,5.234572887420654,1.2006860342883172,0.3617332610226569,331776
Mirror Moderate Bi-Kappa 3,ion,824000,108.72222222222223,1.5620917081832886,0.6401672800395306,1.5615465641021729,1.5063047409057617,1.619252324104309,4.983360767364502,4.981188774108887,4.743679523468018,5.23491096496582,1.2006677916134214,0.36142391656986717,331776
Mirror Moderate Bi-Kappa 3,ion,824500,108.78819444444446,1.5618267059326172,0.6402759001376326,1.5613597631454468,1.5060977935791016,1.6188945770263672,4.983631134033203,4.9820780754089355,4.743556499481201,5.235261917114258,1.2006569051972973,0.3611698007353199,331776
Mirror Moderate Bi-Kappa 3,ion,825000,108.85416666666669,1.5614542961120605,0.6404286071580498,1.561016321182251,1.505662202835083,1.6185486316680908,4.984127998352051,4.981875419616699,4.744538307189941,5.236430644989014,1.2006369018473522,0.3608173942647084,331776
Mirror Moderate Bi-Kappa 3,ion,825500,108.92013888888889,1.561058521270752,0.6405909748892488,1.5604627132415771,1.5052379369735718,1.6184594631195068,4.984738349914551,4.982514381408691,4.743743419647217,5.237981796264648,1.2006123350520779,0.3604461862186741,331776
Mirror Moderate Bi-Kappa 3,ion,826000,108.9861111111111,1.5607377290725708,0.6407226412052106,1.5603159666061401,1.5049998760223389,1.61800217628479,4.985140323638916,4.982203960418701,4.745666980743408,5.2366943359375,1.2005961587998084,0.3601415702727624,331776
Mirror Moderate Bi-Kappa 3,ion,826500,109.05208333333333,1.5604100227355957,0.6408572012674424,1.5599868297576904,1.504809021949768,1.617394208908081,4.9855499267578125,4.982995986938477,4.74528694152832,5.237947463989258,1.2005796782082006,0.35983034452739515,331776
Mirror Moderate Bi-Kappa 3,ion,827000,109.11805555555556,1.5600429773330688,0.6410079815297935,1.5596247911453247,1.5042855739593506,1.6172890663146973,4.986049175262451,4.984035491943359,4.745584011077881,5.23936128616333,1.2005595943500422,0.3594833829830266,331776
Mirror Moderate Bi-Kappa 3,ion,827500,109.18402777777779,1.5597434043884277,0.6411310970679167,1.5592670440673828,1.5040826797485352,1.6168675422668457,4.986433506011963,4.984711170196533,4.745287895202637,5.238898277282715,1.2005441361635196,0.3591992682249081,331776
Mirror Moderate Bi-Kappa 3,ion,828000,109.25,1.5593780279159546,0.6412813199224433,1.558841347694397,1.5034700632095337,1.6167353391647339,4.986959934234619,4.984524726867676,4.746620178222656,5.239232063293457,1.2005229665342152,0.3588550613817394,331776
Mirror Moderate Bi-Kappa 3,ion,828500,109.31597222222223,1.5590248107910156,0.6414266104544042,1.5586283206939697,1.5035793781280518,1.6158264875411987,4.987405776977539,4.98493766784668,4.746335506439209,5.239780426025391,1.2005050410407991,0.3585197697502165,331776
Mirror Moderate Bi-Kappa 3,ion,829000,109.38194444444446,1.558615803718567,0.6415949316144404,1.5583863258361816,1.503065586090088,1.6155062913894653,4.988016605377197,4.985954761505127,4.7462029457092285,5.242323875427246,1.2004804873588386,0.3581353163597283,331776
Mirror Moderate Bi-Kappa 3,ion,829500,109.44791666666669,1.5582267045974731,0.6417551419504928,1.557586908340454,1.502672553062439,1.6151281595230103,4.988624572753906,4.986711502075195,4.747605323791504,5.241836071014404,1.200456054653149,0.35777064994432406,331776
Mirror Moderate Bi-Kappa 3,ion,830000,109.51388888888889,1.5578809976577759,0.6418975528319993,1.557457447052002,1.5023391246795654,1.6150562763214111,4.989054203033447,4.987109661102295,4.748284816741943,5.242074966430664,1.2004387924653093,0.3574422051924666,331776
Mirror Moderate Bi-Kappa 3,ion,830500,109.5798611111111,1.557541012763977,0.6420376682251356,1.557091474533081,1.5021812915802002,1.6144752502441406,4.989509582519531,4.987864971160889,4.748436450958252,5.243208885192871,1.2004204989411071,0.3571205138228699,331776
Mirror Moderate Bi-Kappa 3,ion,831000,109.64583333333333,1.5571837425231934,0.6421849732258591,1.5568041801452637,1.5016179084777832,1.614166021347046,4.990079879760742,4.987753868103027,4.748349666595459,5.243642807006836,1.2003975936449232,0.3567861488782702,331776
Mirror Moderate Bi-Kappa 3,ion,831500,109.71180555555556,1.5567799806594849,0.6423515284262449,1.556333303451538,1.501381516456604,1.6137073040008545,4.990677833557129,4.988811492919922,4.7493696212768555,5.245053291320801,1.200373583178629,0.3564063974808558,331776
Mirror Moderate Bi-Kappa 3,ion,832000,109.77777777777779,1.5564334392547607,0.6424945486128929,1.5561106204986572,1.5009002685546875,1.6135427951812744,4.991170406341553,4.989424705505371,4.749736309051514,5.244858741760254,1.2003538085434722,0.35607963071128856,331776
Mirror Moderate Bi-Kappa 3,ion,832500,109.84375,1.5560680627822876,0.6426454111602135,1.555449366569519,1.5003782510757446,1.613240361213684,4.991656303405762,4.990005970001221,4.748642444610596,5.24730920791626,1.2003343057328906,0.355733757049397,331776
Mirror Moderate Bi-Kappa 3,ion,833000,109.90972222222223,1.555677056312561,0.6428069347312426,1.5552794933319092,1.500401258468628,1.6124155521392822,4.992280960083008,4.991607666015625,4.750866413116455,5.246246814727783,1.2003092390023202,0.3553678173102408,331776
Mirror Moderate Bi-Kappa 3,ion,833500,109.97569444444446,1.5552988052368164,0.6429632663723006,1.5549148321151733,1.499711275100708,1.6124708652496338,4.99287748336792,4.990937232971191,4.751558303833008,5.246033668518066,1.2002853070861765,0.3550134981506399,331776
Mirror Moderate Bi-Kappa 3,ion,834000,110.04166666666669,1.5549565553665161,0.6431047842132745,1.554436445236206,1.4993668794631958,1.6121946573257446,4.993326663970947,4.992118835449219,4.751523017883301,5.247227191925049,1.2002672901846059,0.35468926518191024,331776
Mirror Moderate Bi-Kappa 3,ion,834500,110.10763888888889,1.554604172706604,0.6432505569948236,1.554044485092163,1.498924732208252,1.6117209196090698,4.993839263916016,4.9928083419799805,4.752192974090576,5.247761249542236,1.2002467334552995,0.3543574392513045,331776
Mirror Moderate Bi-Kappa 3,ion,835000,110.1736111111111,1.554195761680603,0.6434195901542461,1.5538532733917236,1.4989091157913208,1.6112356185913086,4.994420528411865,4.9916462898254395,4.752315044403076,5.248703956604004,1.2002234281857682,0.3539723334948348,331776
Mirror Moderate Bi-Kappa 3,ion,835500,110.23958333333333,1.5538585186004639,0.6435592353032787,1.5537738800048828,1.4985579252243042,1.610877513885498,4.99498987197876,4.992879390716553,4.752621173858643,5.250018119812012,1.2002006061333317,0.3536579124671322,331776
Mirror Moderate Bi-Kappa 3,ion,836000,110.30555555555556,1.5535229444503784,0.6436982495638586,1.5530208349227905,1.4980119466781616,1.6106619834899902,4.995395660400391,4.993869781494141,4.75306510925293,5.2497735023498535,1.2001843433398522,0.3533386011105262,331776
Mirror Moderate Bi-Kappa 3,ion,836500,110.37152777777779,1.5531888008117676,0.6438367309095676,1.5529429912567139,1.4974831342697144,1.6101189851760864,4.9958720207214355,4.993864059448242,4.754294395446777,5.249594688415527,1.2001652556054856,0.353023545206282,331776
Mirror Moderate Bi-Kappa 3,ion,837000,110.4375,1.5528018474578857,0.6439971730051162,1.5525435209274292,1.4974340200424194,1.6094956398010254,4.996497631072998,4.993766784667969,4.754315376281738,5.252171516418457,1.2001401929585724,0.3526616544993133,331776
Mirror Moderate Bi-Kappa 3,ion,837500,110.50347222222223,1.5524495840072632,0.6441433012070822,1.5519834756851196,1.49709153175354,1.6093790531158447,4.997037887573242,4.995561599731445,4.75571346282959,5.250591278076172,1.2001185547315592,0.35233102927570403,331776
Mirror Moderate Bi-Kappa 3,ion,838000,110.56944444444446,1.5520802736282349,0.644296572149803,1.551837682723999,1.496518611907959,1.6092392206192017,4.997609615325928,4.9962358474731445,4.756531715393066,5.251836776733398,1.2000956611203382,0.3519846125078967,331776
Mirror Moderate Bi-Kappa 3,ion,838500,110.63541666666669,1.551751971244812,0.6444328852360356,1.5512208938598633,1.4962701797485352,1.608659267425537,4.99807071685791,4.997321128845215,4.756329536437988,5.252607822418213,1.2000772011142453,0.3516747701305667,331776
Mirror Moderate Bi-Kappa 3,ion,839000,110.70138888888889,1.5513293743133545,0.644608434906106,1.5509345531463623,1.4957388639450073,1.6083714962005615,4.998795032501221,4.997126579284668,4.7580060958862305,5.253210067749023,1.2000482103183245,0.35128116399502995,331776
Mirror Moderate Bi-Kappa 3,ion,839500,110.7673611111111,1.550948977470398,0.6447665361829006,1.550487995147705,1.495761513710022,1.6078420877456665,4.999355316162109,4.997058391571045,4.756845951080322,5.255051136016846,1.2000257906788825,0.35092318679151546,331776
Mirror Moderate Bi-Kappa 3,ion,840000,110.83333333333333,1.5505951642990112,0.6449136583320103,1.550354242324829,1.4951636791229248,1.6077805757522583,4.999897003173828,4.998304843902588,4.757582187652588,5.2548828125,1.2000041199579154,0.3505910443410958,331776
Mirror Moderate Bi-Kappa 3,ion,840500,110.89930555555556,1.5501641035079956,0.645092992243219,1.549724817276001,1.4948208332061768,1.6070258617401123,5.000596046447754,4.999565124511719,4.758429527282715,5.2563066482543945,1.1999761609839221,0.3501879425240735,331776
Mirror Moderate Bi-Kappa 3,ion,841000,110.96527777777779,1.549759030342102,0.6452616054634344,1.5493628978729248,1.4945685863494873,1.6066759824752808,5.001266002655029,4.999882698059082,4.758778095245361,5.257410526275635,1.199949372712655,0.34980965762944716,331776
Mirror Moderate Bi-Kappa 3,ion,841500,111.03125,1.549360990524292,0.645427376909501,1.5491507053375244,1.494099736213684,1.606310248374939,5.001952648162842,5.00009298324585,4.758514404296875,5.2582526206970215,1.1999219245642576,0.3494390659600344,331776
Mirror Moderate Bi-Kappa 3,ion,842000,111.09722222222223,1.549036979675293,0.6455623804472497,1.548525333404541,1.493332028388977,1.6061222553253174,5.00241231918335,5.000608921051025,4.760379791259766,5.257815837860107,1.1999035537644869,0.3491334259108061,331776
Mirror Moderate Bi-Kappa 3,ion,842500,111.16319444444446,1.5486332178115845,0.6457306923928231,1.5481417179107666,1.4931696653366089,1.6054201126098633,5.003113269805908,5.0008745193481445,4.760228157043457,5.258933067321777,1.1998755466991045,0.34875767111248,331776
Mirror Moderate Bi-Kappa 3,ion,843000,111.22916666666669,1.5482211112976074,0.6459025734133492,1.5479094982147217,1.4930442571640015,1.60495924949646,5.00376558303833,5.0016374588012695,4.761407852172852,5.259446144104004,1.1998494900300247,0.3483716212675827,331776
Mirror Moderate Bi-Kappa 3,ion,843500,111.29513888888889,1.5478607416152954,0.6460529510919915,1.5475976467132568,1.4926888942718506,1.6046947240829468,5.004314422607422,5.002188205718994,4.760758876800537,5.260340690612793,1.1998275718812579,0.34803316973403753,331776
Mirror Moderate Bi-Kappa 3,ion,844000,111.3611111111111,1.5474501848220825,0.6462243565630351,1.547243595123291,1.4923769235610962,1.6042124032974243,5.005043983459473,5.0035400390625,4.762452125549316,5.26087760925293,1.1997984439906566,0.3476517408314259,331776
Mirror Moderate Bi-Kappa 3,ion,844500,111.42708333333333,1.5470649003982544,0.6463852936890846,1.5466132164001465,1.4918204545974731,1.6038631200790405,5.0056867599487305,5.003865718841553,4.763050556182861,5.262103080749512,1.1997727880220461,0.3472921123762083,331776
Mirror Moderate Bi-Kappa 3,ion,845000,111.49305555555556,1.5467034578323364,0.6465363447247174,1.546433687210083,1.4913878440856934,1.6036205291748047,5.006264686584473,5.004383563995361,4.763315677642822,5.262790203094482,1.1997497261141121,0.3469537317182243,331776
Mirror Moderate Bi-Kappa 3,ion,845500,111.55902777777779,1.5463321208953857,0.6466916042725424,1.5461469888687134,1.4910829067230225,1.6031715869903564,5.006860733032227,5.005537033081055,4.763814926147461,5.263575553894043,1.199725946719989,0.34660617417539674,331776
Mirror Moderate Bi-Kappa 3,ion,846000,111.625,1.5459665060043335,0.646844544248617,1.5454967021942139,1.4906035661697388,1.602772831916809,5.007406711578369,5.005847930908203,4.764244079589844,5.263821601867676,1.199704169762714,0.3462623362416195,331776
Mirror Moderate Bi-Kappa 3,ion,846500,111.69097222222223,1.5456511974334717,0.6469764987472487,1.5453541278839111,1.4906214475631714,1.602426528930664,5.00787878036499,5.007040023803711,4.764284133911133,5.264504909515381,1.199685344605549,0.3459658528279226,331776
Mirror Moderate Bi-Kappa 3,ion,847000,111.75694444444446,1.545229434967041,0.6471530876716243,1.5450327396392822,1.4900606870651245,1.6020323038101196,5.008634567260742,5.007345676422119,4.765439033508301,5.265167236328125,1.1996552127273497,0.34557422223969136,331776
Mirror Moderate Bi-Kappa 3,ion,847500,111.82291666666669,1.5448949337005615,0.6472932095159712,1.5446643829345703,1.4894111156463623,1.601662039756775,5.009200096130371,5.007708549499512,4.765799522399902,5.265905380249023,1.1996326720452841,0.3452622616552774,331776
Mirror Moderate Bi-Kappa 3,ion,848000,111.88888888888889,1.5445666313171387,0.6474307936765692,1.5441877841949463,1.4895615577697754,1.6012036800384521,5.0096354484558105,5.007907390594482,4.764100551605225,5.267970085144043,1.1996153233681393,0.3449513079489994,331776
Mirror Moderate Bi-Kappa 3,ion,848500,111.9548611111111,1.5441845655441284,0.647590982524571,1.5439190864562988,1.48916757106781,1.6006641387939453,5.010317802429199,5.009530067443848,4.7669806480407715,5.2672247886657715,1.1995881378053825,0.3445964277387459,331776
Mirror Moderate Bi-Kappa 3,ion,849000,112.02083333333333,1.5437712669372559,0.6477643556509096,1.5434596538543701,1.4885339736938477,1.6004879474639893,5.011056900024414,5.009542465209961,4.768152236938477,5.267780780792236,1.1995586998812822,0.3442125670559737,331776
Mirror Moderate Bi-Kappa 3,ion,849500,112.08680555555556,1.5434447526931763,0.6479013895736063,1.5433118343353271,1.4881536960601807,1.6001977920532227,5.011512279510498,5.010644912719727,4.767778396606445,5.267813682556152,1.1995405666446208,0.34390418604855544,331776
Mirror Moderate Bi-Kappa 3,ion,850000,112.15277777777779,1.543102741241455,0.6480449896650959,1.5428417921066284,1.4879716634750366,1.5998988151550293,5.012113094329834,5.011178970336914,4.768954753875732,5.2686614990234375,1.1995166472064034,0.3435860940350517,331776
Mirror Moderate Bi-Kappa 3,ion,850500,112.21875,1.5427809953689575,0.6481801389839191,1.5424813032150269,1.4877136945724487,1.5993932485580444,5.012627124786377,5.011358261108398,4.769792556762695,5.269812107086182,1.199496187349586,0.34328480801937156,331776
Mirror Moderate Bi-Kappa 3,ion,851000,112.28472222222223,1.5424257516860962,0.6483294245488668,1.5419902801513672,1.4875545501708984,1.5989230871200562,5.0131916999816895,5.011782646179199,4.770325660705566,5.270127296447754,1.1994737205049735,0.3429520311811227,331776
Mirror Moderate Bi-Kappa 3,ion,851500,112.35069444444446,1.541975975036621,0.6485185347821327,1.5416762828826904,1.487001895904541,1.5985989570617676,5.014045238494873,5.0124006271362305,4.771435260772705,5.270101070404053,1.19943976418932,0.3425362108473011,331776
Mirror Moderate Bi-Kappa 3,ion,852000,112.41666666666669,1.54160737991333,0.6486735942171089,1.541356086730957,1.4864544868469238,1.598292589187622,5.014642715454102,5.013731002807617,4.7703704833984375,5.27215051651001,1.1994160016461801,0.34219137826714996,331776
Mirror Moderate Bi-Kappa 3,ion,852500,112.48263888888889,1.541249394416809,0.6488242614222655,1.5407938957214355,1.486393928527832,1.5978751182556152,5.015235424041748,5.0127763748168945,4.771109580993652,5.272772789001465,1.1993924343424154,0.3418569600743937,331776
Mirror Moderate Bi-Kappa 3,ion,853000,112.5486111111111,1.5408188104629517,0.6490055762621056,1.5405356884002686,1.4859981536865234,1.597151517868042,5.016040802001953,5.014647006988525,4.772670269012451,5.272899627685547,1.1993604197958059,0.3414583906671458,331776
Mirror Moderate Bi-Kappa 3,ion,853500,112.61458333333333,1.540519118309021,0.649131833623505,1.5402607917785645,1.4855765104293823,1.597362995147705,5.016531944274902,5.0153303146362305,4.7724456787109375,5.273917198181152,1.1993409014650542,0.34117821684396676,331776
Mirror Moderate Bi-Kappa 3,ion,854000,112.68055555555556,1.5402705669403076,0.6492365831455601,1.5398261547088623,1.484995722770691,1.5969104766845703,5.016875743865967,5.015775680541992,4.773343563079834,5.27394962310791,1.1993272409073874,0.3409433260329202,331776
Mirror Moderate Bi-Kappa 3,ion,854500,112.74652777777779,1.5398979187011719,0.6493936954232985,1.539531946182251,1.484816551208496,1.5966333150863647,5.017491817474365,5.015732288360596,4.773072719573975,5.275557041168213,1.1993027664773286,0.3405951522238433,331776
Mirror Moderate Bi-Kappa 3,ion,855000,112.8125,1.539487600326538,0.6495667777953468,1.539233922958374,1.4845716953277588,1.5960679054260254,5.018238544464111,5.016131401062012,4.773982048034668,5.274652481079102,1.1992731097056264,0.3402144906209117,331776
Mirror Moderate Bi-Kappa 3,ion,855500,112.87847222222223,1.5391510725021362,0.6497088023817832,1.5389716625213623,1.4842747449874878,1.5955069065093994,5.018812656402588,5.018612384796143,4.775425434112549,5.276347637176514,1.1992503144591944,0.33990075804294184,331776
Mirror Moderate Bi-Kappa 3,ion,856000,112.94444444444446,1.5387381315231323,0.6498831604375346,1.5385100841522217,1.4837008714675903,1.5953178405761719,5.019575595855713,5.018632888793945,4.775290012359619,5.277840614318848,1.1992200298418905,0.33951810168124186,331776
Mirror Moderate Bi-Kappa 3,ion,856500,113.01041666666669,1.538458228111267,0.6500013986259991,1.5380723476409912,1.4836512804031372,1.5947768688201904,5.019990921020508,5.018986701965332,4.775180339813232,5.27891731262207,1.199203547522893,0.33925468058837405,331776
Mirror Moderate Bi-Kappa 3,ion,857000,113.07638888888889,1.5381108522415161,0.6501481987092688,1.5377024412155151,1.4830982685089111,1.5946094989776611,5.020590782165527,5.018637657165527,4.777033805847168,5.277393341064453,1.1991797466450096,0.3389311055965065,331776
Mirror Moderate Bi-Kappa 3,ion,857500,113.1423611111111,1.537765622138977,0.6502941577072296,1.5373766422271729,1.4827572107315063,1.5940998792648315,5.021162509918213,5.019205570220947,4.776730537414551,5.279580116271973,1.1991570673175223,0.3386085548214548,331776
Mirror Moderate Bi-Kappa 3,ion,858000,113.20833333333333,1.537484049797058,0.6504132515273873,1.5369224548339844,1.4824457168579102,1.5941461324691772,5.021616458892822,5.019418716430664,4.778552055358887,5.2793779373168945,1.1991390637230153,0.33834498607404284,331776
Mirror Moderate Bi-Kappa 3,ion,858500,113.27430555555556,1.5371407270431519,0.6505585223310053,1.5368305444717407,1.4822654724121094,1.593545913696289,5.022197723388672,5.021421432495117,4.777693271636963,5.280212879180908,1.1991160155529004,0.3380247114902515,331776
Mirror Moderate Bi-Kappa 3,ion,859000,113.34027777777779,1.5367414951324463,0.6507275317074805,1.5366358757019043,1.4819096326828003,1.5930757522583008,5.022968292236328,5.021847248077393,4.7790398597717285,5.280668258666992,1.1990854693519835,0.33765602578046283,331776
Mirror Moderate Bi-Kappa 3,ion,859500,113.40625,1.536431074142456,0.65085900489102,1.5360958576202393,1.4816219806671143,1.592646837234497,5.023467540740967,5.022328853607178,4.778847694396973,5.2813568115234375,1.199065683592035,0.33736539055042103,331776
Mirror Moderate Bi-Kappa 3,ion,860000,113.47222222222223,1.5361255407333374,0.6509884599162421,1.5355693101882935,1.4812203645706177,1.592180609703064,5.0239577293396,5.022308349609375,4.779622554779053,5.2812676429748535,1.1990462607119607,0.33707928002137666,331776
Mirror Moderate Bi-Kappa 3,ion,860500,113.53819444444446,1.5358388423919678,0.6511099813327849,1.535280704498291,1.481178879737854,1.5920155048370361,5.024450778961182,5.024290084838867,4.779697418212891,5.2825117111206055,1.1990267282918339,0.3368121141001339,331776
Mirror Moderate Bi-Kappa 3,ion,861000,113.60416666666669,1.535463571548462,0.6512691141161588,1.5348498821258545,1.4806575775146484,1.5917471647262573,5.025110721588135,5.023562431335449,4.781824111938477,5.284275054931641,1.1990005903161394,0.33646298123232254,331776
Mirror Moderate Bi-Kappa 3,ion,861500,113.67013888888889,1.535159707069397,0.6513980241892806,1.5347061157226562,1.4802261590957642,1.5913561582565308,5.025613307952881,5.023769378662109,4.780550956726074,5.2852678298950195,1.1989806892658315,0.3361790178035655,331776
Mirror Moderate Bi-Kappa 3,ion,862000,113.7361111111111,1.5348153114318848,0.6515441907255042,1.5343875885009766,1.480276346206665,1.590719223022461,5.0262250900268555,5.024480819702148,4.782010555267334,5.284090042114258,1.1989564697339603,0.33585884169792446,331776
Mirror Moderate Bi-Kappa 3,ion,862500,113.80208333333333,1.5344634056091309,0.6516936124671108,1.534101963043213,1.4797511100769043,1.5906457901000977,5.0268449783325195,5.0257415771484375,4.782120227813721,5.285677909851074,1.1989319353014374,0.3355314703076935,331776
Mirror Moderate Bi-Kappa 3,ion,863000,113.86805555555556,1.5341325998306274,0.6518341374861618,1.5335416793823242,1.4794280529022217,1.590329885482788,5.027488708496094,5.026700019836426,4.782805442810059,5.2856855392456055,1.1989064636405988,0.3352261361900286,331776
Mirror Moderate Bi-Kappa 3,ion,863500,113.93402777777779,1.5337759256362915,0.6519857192211092,1.533501386642456,1.4788362979888916,1.5899779796600342,5.0280961990356445,5.026291370391846,4.78314733505249,5.2868499755859375,1.1988824319216076,0.3348934937146839,331776
Mirror Moderate Bi-Kappa 3,ion,864000,114.0,1.53346586227417,0.6521175492729743,1.5330311059951782,1.4786183834075928,1.5895905494689941,5.028657913208008,5.026640892028809,4.78475284576416,5.286548137664795,1.1988602162365136,0.3346056460376563,331776
Mirror Moderate Bi-Kappa 3,ion,864500,114.06597222222223,1.5331393480300903,0.6522564314097647,1.5325785875320435,1.478524923324585,1.5891525745391846,5.029222011566162,5.028018474578857,4.783909320831299,5.288209438323975,1.1988379112515233,0.33430143677856705,331776
Mirror Moderate Bi-Kappa 3,ion,865000,114.13194444444446,1.5327633619308472,0.6524164295917692,1.5326323509216309,1.4780759811401367,1.5889577865600586,5.0298590660095215,5.0287065505981445,4.783924579620361,5.2889790534973145,1.1988127275290354,0.3339506344018117,331776
Mirror Moderate Bi-Kappa 3,ion,865500,114.19791666666669,1.5324318408966064,0.652557571118408,1.5320444107055664,1.4777703285217285,1.5887529850006104,5.030447959899902,5.028489112854004,4.7853312492370605,5.2891693115234375,1.1987894533392407,0.33364238755736575,331776
Mirror Moderate Bi-Kappa 3,ion,866000,114.26388888888889,1.5321884155273438,0.6526612457488286,1.531874179840088,1.4776177406311035,1.588077187538147,5.030800819396973,5.0287909507751465,4.785761833190918,5.289828300476074,1.198775510281456,0.33341290524588785,331776
Mirror Moderate Bi-Kappa 3,ion,866500,114.3298611111111,1.5319170951843262,0.6527768396498481,1.531449794769287,1.4769688844680786,1.5878827571868896,5.0313029289245605,5.030029296875,4.787147521972656,5.290406227111816,1.1987556730585789,0.3331614221257473,331776
Mirror Moderate Bi-Kappa 3,ion,867000,114.39583333333333,1.5315357446670532,0.6529393802802781,1.5310325622558594,1.4767935276031494,1.587670922279358,5.031993389129639,5.030215263366699,4.787683486938477,5.291530609130859,1.198728400987221,0.3328073436798322,331776
Mirror Moderate Bi-Kappa 3,ion,867500,114.46180555555556,1.5312196016311646,0.653074189315973,1.5307374000549316,1.4767746925354004,1.5872358083724976,5.032541751861572,5.031161308288574,4.786435127258301,5.291471481323242,1.198706746870027,0.33251285476113757,331776
Mirror Moderate Bi-Kappa 3,ion,868000,114.52777777777779,1.530953288078308,0.6531877933749538,1.5304009914398193,1.476425051689148,1.5868706703186035,5.032965660095215,5.031375408172607,4.7879486083984375,5.292404651641846,1.1986900105297127,0.3322632775485954,331776
Mirror Moderate Bi-Kappa 3,ion,868500,114.59375,1.5306212902069092,0.6533294724162763,1.530287504196167,1.4763425588607788,1.5864473581314087,5.033548831939697,5.031986236572266,4.788965225219727,5.291766166687012,1.1986669909020524,0.33195429930485676,331776
Mirror Moderate Bi-Kappa 3,ion,869000,114.65972222222223,1.5303502082824707,0.6534452013583945,1.5297300815582275,1.4757733345031738,1.5861091613769531,5.033999919891357,5.0332231521606445,4.788625717163086,5.292782783508301,1.1986491886995465,0.3317010195829242,331776
Mirror Moderate Bi-Kappa 3,ion,869500,114.72569444444446,1.5300947427749634,0.6535543009489796,1.5296183824539185,1.4757661819458008,1.5857107639312744,5.034396171569824,5.033216953277588,4.7890143394470215,5.294186592102051,1.1986335532446148,0.33146118953034853,331776
Mirror Moderate Bi-Kappa 3,ion,870000,114.79166666666669,1.5298316478729248,0.6536666968488972,1.5293283462524414,1.4752984046936035,1.5858793258666992,5.034809112548828,5.032955169677734,4.790107727050781,5.294376373291016,1.1986172618754476,0.3312143859974772,331776
Mirror Moderate Bi-Kappa 3,ion,870500,114.85763888888889,1.5295034646987915,0.6538069530930629,1.529151439666748,1.4752229452133179,1.5854063034057617,5.035346031188965,5.034149646759033,4.790100574493408,5.295234680175781,1.19859608332893,0.33090738136986153,331776
Mirror Moderate Bi-Kappa 3,ion,871000,114.9236111111111,1.529160737991333,0.6539534890972775,1.5286595821380615,1.4750189781188965,1.5847991704940796,5.0359296798706055,5.034854888916016,4.789610862731934,5.295528411865234,1.1985730666568193,0.3305876713345137,331776
Mirror Moderate Bi-Kappa 3,ion,871500,114.98958333333333,1.5288591384887695,0.6540824951267057,1.5283844470977783,1.4746286869049072,1.584444522857666,5.036497592926025,5.035364627838135,4.790027141571045,5.297239303588867,1.198550675652966,0.3303084628358035,331776
Mirror Moderate Bi-Kappa 3,ion,872000,115.05555555555556,1.5286197662353516,0.6541849203368449,1.5282349586486816,1.474327564239502,1.5840299129486084,5.036856651306152,5.034490585327148,4.790131092071533,5.297341346740723,1.1985365217294166,0.33008324450593496,331776
Mirror Moderate Bi-Kappa 3,ion,872500,115.12152777777779,1.5283468961715698,0.6543017180883138,1.5280356407165527,1.4740979671478271,1.583923101425171,5.037306308746338,5.035737037658691,4.791321277618408,5.296977519989014,1.198518799276448,0.3298280968951217,331776
Mirror Moderate Bi-Kappa 3,ion,873000,115.1875,1.5280400514602661,0.6544331079832322,1.5276682376861572,1.4738967418670654,1.583605408668518,5.037832736968994,5.036210060119629,4.791833877563477,5.298038005828857,1.1984980550588205,0.32954199640144566,331776
Mirror Moderate Bi-Kappa 3,ion,873500,115.25347222222223,1.5277724266052246,0.6545477471550148,1.5271563529968262,1.473558783531189,1.5831184387207031,5.038257598876953,5.0366716384887695,4.792483329772949,5.2982025146484375,1.198481316283412,0.3292911103218126,331776
Mirror Moderate Bi-Kappa 3,ion,874000,115.31944444444446,1.527543067932129,0.6546460266771552,1.5269558429718018,1.4732787609100342,1.5831794738769531,5.038586616516113,5.038078308105469,4.792531490325928,5.298145771026611,1.1984683555348785,0.3290747123972504,331776
Mirror Moderate Bi-Kappa 3,ion,874500,115.38541666666669,1.5272647142410278,0.6547653400720049,1.5266690254211426,1.4731680154800415,1.5827747583389282,5.039035797119141,5.037812232971191,4.7932209968566895,5.300014495849609,1.1984506640281676,0.32881405021286025,331776
Mirror Moderate Bi-Kappa 3,ion,875000,115.45138888888889,1.52701735496521,0.6548714045380205,1.526479721069336,1.4729828834533691,1.5822031497955322,5.0394086837768555,5.038031578063965,4.793405055999756,5.299649238586426,1.198435979844075,0.32858137512113506,331776
Mirror Moderate Bi-Kappa 3,ion,875500,115.5173611111111,1.5267693996429443,0.6549777590734157,1.5262876749038696,1.4725114107131958,1.5823218822479248,5.039806365966797,5.038797378540039,4.793713569641113,5.300209999084473,1.1984203216125284,0.3283490780304159,331776
Mirror Moderate Bi-Kappa 3,ion,876000,115.58333333333333,1.5264686346054077,0.6551068114534172,1.5259959697723389,1.472260594367981,1.5818455219268799,5.040264129638672,5.038690090179443,4.793807029724121,5.300634384155273,1.1984023008079316,0.3280663337974761,331776
Mirror Moderate Bi-Kappa 3,ion,876500,115.64930555555556,1.5262093544006348,0.6552181043292812,1.525801420211792,1.4721148014068604,1.5814790725708008,5.040652751922607,5.038612365722656,4.794571876525879,5.300870418548584,1.1983870044645666,0.3278223499360682,331776
Mirror Moderate Bi-Kappa 3,ion,877000,115.71527777777779,1.525936245918274,0.6553353737254092,1.5255427360534668,1.471997857093811,1.5812640190124512,5.041093826293945,5.0385284423828125,4.794390678405762,5.30161190032959,1.1983696464414288,0.3275665994768451,331776
Mirror Moderate Bi-Kappa 3,ion,877500,115.78125,1.5256887674331665,0.6554416741773682,1.525008201599121,1.471671462059021,1.580915093421936,5.04150390625,5.040770530700684,4.79545783996582,5.301795959472656,1.1983535108958838,0.3273352565372827,331776
Mirror Moderate Bi-Kappa 3,ion,878000,115.84722222222223,1.525463342666626,0.6555385318220259,1.5250005722045898,1.471574068069458,1.580478549003601,5.041778564453125,5.040564060211182,4.795080184936523,5.303831100463867,1.1983427053005586,0.32712063736606733,331776
Mirror Moderate Bi-Kappa 3,ion,878500,115.91319444444446,1.5251848697662354,0.655658222044433,1.5246925354003906,1.471097469329834,1.580604076385498,5.042239189147949,5.0411176681518555,4.795882701873779,5.303664207458496,1.19832458605935,0.32686028370688525,331776
Mirror Moderate Bi-Kappa 3,ion,879000,115.97916666666669,1.524876356124878,0.6557908750984045,1.524190902709961,1.4708689451217651,1.58022940158844,5.042778015136719,5.042333602905273,4.79624605178833,5.304023742675781,1.1983033948744795,0.3265729612503985,331776
Mirror Moderate Bi-Kappa 3,ion,879500,116.04513888888889,1.5245730876922607,0.655921325171557,1.5242172479629517,1.4708378314971924,1.5794708728790283,5.043285846710205,5.0414509773254395,4.797724723815918,5.302902698516846,1.1982834267965026,0.32628966089575817,331776
Mirror Moderate Bi-Kappa 3,ion,880000,116.1111111111111,1.5243312120437622,0.656025404517723,1.523768663406372,1.4702544212341309,1.5795507431030273,5.043646812438965,5.041516304016113,4.797327995300293,5.304837703704834,1.1982692359690483,0.3260619760747139,331776
Mirror Moderate Bi-Kappa 3,ion,880500,116.17708333333333,1.5240731239318848,0.6561364965351183,1.523430585861206,1.4698797464370728,1.5793073177337646,5.044068336486816,5.043854713439941,4.796512126922607,5.306161880493164,1.1982526669526643,0.32582045697922046,331776
Mirror Moderate Bi-Kappa 3,ion,881000,116.24305555555556,1.523822546005249,0.6562443918562125,1.5233088731765747,1.4700591564178467,1.5787159204483032,5.0444159507751465,5.0438337326049805,4.7975754737854,5.304952144622803,1.1982390052204825,0.3255835407847665,331776
Mirror Moderate Bi-Kappa 3,ion,881500,116.30902777777779,1.5235527753829956,0.6563605909540067,1.5228415727615356,1.4696013927459717,1.5786153078079224,5.044829845428467,5.044200897216797,4.798951625823975,5.305531024932861,1.1982227410318274,0.32533003435116825,331776
Mirror Moderate Bi-Kappa 3,ion,882000,116.375,1.5232778787612915,0.6564790403266317,1.5227563381195068,1.4693872928619385,1.5783854722976685,5.045300483703613,5.044015884399414,4.797390937805176,5.306672096252441,1.1982042503176993,0.3250736284435922,331776
Mirror Moderate Bi-Kappa 3,ion,882500,116.44097222222223,1.5230237245559692,0.6565885901032471,1.5225986242294312,1.4690927267074585,1.5780627727508545,5.0456767082214355,5.045305252075195,4.798811435699463,5.307097434997559,1.1981894714678405,0.32483425308812874,331776
Mirror Moderate Bi-Kappa 3,ion,883000,116.50694444444446,1.5227607488632202,0.6567019807586487,1.5222424268722534,1.468944787979126,1.5777839422225952,5.046095848083496,5.043942451477051,4.798893928527832,5.307762145996094,1.1981730094127718,0.3245877394504484,331776
Mirror Moderate Bi-Kappa 3,ion,883500,116.57291666666669,1.5225803852081299,0.6567797731502396,1.5221163034439087,1.4688020944595337,1.577646255493164,5.046353816986084,5.044346332550049,4.800988674163818,5.306800365447998,1.1981628788361982,0.3244175063719317,331776
Mirror Moderate Bi-Kappa 3,ion,884000,116.63888888888889,1.5223544836044312,0.6568772324513613,1.5219573974609375,1.468558430671692,1.577398657798767,5.046572685241699,5.045158386230469,4.7996954917907715,5.307203769683838,1.1981542845750386,0.32420019902939257,331776
Mirror Moderate Bi-Kappa 3,ion,884500,116.7048611111111,1.5220669507980347,0.6570013227576422,1.5215411186218262,1.4683133363723755,1.5768309831619263,5.047037601470947,5.045620918273926,4.800602436065674,5.307311058044434,1.1981360312648657,0.323930919533169,331776
Mirror Moderate Bi-Kappa 3,ion,885000,116.77083333333333,1.521806001663208,0.6571139809588625,1.5212860107421875,1.467968463897705,1.577026605606079,5.047479629516602,5.046412467956543,4.800534725189209,5.308624267578125,1.1981186796975285,0.3236873219656795,331776
Mirror Moderate Bi-Kappa 3,ion,885500,116.83680555555556,1.5215290784835815,0.6572335778141297,1.5208630561828613,1.4678053855895996,1.5766021013259888,5.047904014587402,5.04633903503418,4.801553726196289,5.309050559997559,1.1981020235547677,0.32342705492881385,331776
Mirror Moderate Bi-Kappa 3,ion,886000,116.90277777777779,1.5212682485580444,0.6573462641765278,1.5208759307861328,1.4674251079559326,1.5762230157852173,5.048321723937988,5.046954154968262,4.801701545715332,5.309204578399658,1.1980856321534004,0.3231826164046441,331776
Mirror Moderate Bi-Kappa 3,ion,886500,116.96875,1.5210580825805664,0.6574370903071893,1.5205583572387695,1.4673408269882202,1.5757789611816406,5.04854679107666,5.0468549728393555,4.801875114440918,5.310046195983887,1.1980768013812424,0.322981281199324,331776
Mirror Moderate Bi-Kappa 3,ion,887000,117.03472222222223,1.520805835723877,0.6575461354170945,1.5201656818389893,1.467249870300293,1.5754759311676025,5.048972129821777,5.048103332519531,4.801266670227051,5.3106689453125,1.1980601148684293,0.3227457208554476,331776
Mirror Moderate Bi-Kappa 3,ion,887500,117.10069444444446,1.5205790996551514,0.6576441832107174,1.5199861526489258,1.4667165279388428,1.575540542602539,5.049262523651123,5.047947883605957,4.802619457244873,5.310475826263428,1.1980487240098778,0.32253037564527354,331776
Mirror Moderate Bi-Kappa 3,ion,888000,117.16666666666669,1.5203077793121338,0.6577615490808394,1.519836664199829,1.4666447639465332,1.5749151706695557,5.049684524536133,5.048642635345459,4.801738262176514,5.3122053146362305,1.198032173127065,0.3222756061850689,331776
Mirror Moderate Bi-Kappa 3,ion,888500,117.23263888888889,1.5200804471969604,0.6578599190878399,1.5194505453109741,1.4664136171340942,1.5749925374984741,5.05000638961792,5.0488176345825195,4.80262565612793,5.311190605163574,1.1980195514318268,0.32206089576513364,331776
Mirror Moderate Bi-Kappa 3,ion,889000,117.2986111111111,1.519823670387268,0.6579710656468384,1.519310474395752,1.4664089679718018,1.574456810951233,5.050386905670166,5.049375534057617,4.801933288574219,5.314257621765137,1.1980046318584583,0.3218190385288098,331776
Mirror Moderate Bi-Kappa 3,ion,889500,117.36458333333333,1.5196019411087036,0.6580670720059746,1.5192652940750122,1.4659104347229004,1.574280023574829,5.050720691680908,5.04870080947876,4.802115440368652,5.313819885253906,1.197991546364286,0.32161039474441755,331776
Mirror Moderate Bi-Kappa 3,ion,890000,117.43055555555556,1.5193501710891724,0.6581761196519514,1.518779993057251,1.4658735990524292,1.5739002227783203,5.051031112670898,5.049761772155762,4.803020477294922,5.313226699829102,1.1979793784068016,0.3213707926823708,331776
Mirror Moderate Bi-Kappa 3,ion,890500,117.49652777777779,1.5191407203674316,0.6582668653356432,1.5183179378509521,1.465614676475525,1.573446273803711,5.051334857940674,5.049201011657715,4.8034820556640625,5.313606262207031,1.1979674735734467,0.32117324679398496,331776
Mirror Moderate Bi-Kappa 3,ion,891000,117.5625,1.518882393836975,0.6583788212027508,1.518172264099121,1.4654059410095215,1.5734636783599854,5.051756858825684,5.050966739654541,4.8043131828308105,5.314978122711182,1.1979509362674388,0.32093145756953634,331776
Mirror Moderate Bi-Kappa 3,ion,891500,117.62847222222223,1.5186482667922974,0.6584803221829694,1.5179569721221924,1.4650256633758545,1.5733089447021484,5.05207633972168,5.050760269165039,4.804200172424316,5.315138816833496,1.197938418336547,0.32070984845575046,331776
Mirror Moderate Bi-Kappa 3,ion,892000,117.69444444444446,1.5184355974197388,0.6585725477585544,1.5178847312927246,1.4649033546447754,1.5731370449066162,5.052351951599121,5.05080509185791,4.804645538330078,5.314586162567139,1.197927620557687,0.3205079768620518,331776
Mirror Moderate Bi-Kappa 3,ion,892500,117.76041666666669,1.5181852579116821,0.6586811423630444,1.517436146736145,1.464719533920288,1.5727776288986206,5.052749156951904,5.052204608917236,4.805059432983398,5.314756393432617,1.1979120611250085,0.32027319678667365,331776
Mirror Moderate Bi-Kappa 3,ion,893000,117.82638888888889,1.5179649591445923,0.6587767352439563,1.517416000366211,1.4644081592559814,1.5728211402893066,5.053007125854492,5.050898551940918,4.805124282836914,5.316234588623047,1.1979019572094693,0.32006300193512294,331776
Mirror Moderate Bi-Kappa 3,ion,893500,117.8923611111111,1.5177242755889893,0.6588812052913405,1.516953945159912,1.4642343521118164,1.5724488496780396,5.0533246994018555,5.052421569824219,4.804310321807861,5.317084312438965,1.1978895201644901,0.31983475542449913,331776
Mirror Moderate Bi-Kappa 3,ion,894000,117.95833333333333,1.5174150466918945,0.6590154764710504,1.5169912576675415,1.463986873626709,1.571850299835205,5.0538201332092285,5.05207633972168,4.804500579833984,5.317454814910889,1.1978701207486364,0.3195449259432581,331776
Mirror Moderate Bi-Kappa 3,ion,894500,118.02430555555556,1.5171321630477905,0.6591383561410262,1.5166122913360596,1.4637396335601807,1.5715882778167725,5.054327964782715,5.05402135848999,4.806008338928223,5.317347049713135,1.197850239827678,0.3192819232201125,331776
Mirror Moderate Bi-Kappa 3,ion,895000,118.09027777777779,1.516925573348999,0.659228124022094,1.5164167881011963,1.4633396863937378,1.5716552734375,5.054543495178223,5.053659439086914,4.806924819946289,5.318094253540039,1.197841803311011,0.31908377003798805,331776
Mirror Moderate Bi-Kappa 3,ion,895500,118.15625,1.5166808366775513,0.6593344992678914,1.5158600807189941,1.4632568359375,1.5712690353393555,5.054880142211914,5.054000377655029,4.8069353103637695,5.318220138549805,1.197828627359386,0.3188522093181654,331776
Mirror Moderate Bi-Kappa 3,ion,896000,118.22222222222223,1.5164333581924438,0.6594421011629411,1.5157496929168701,1.4629220962524414,1.5709600448608398,5.055240154266357,5.0540032386779785,4.80621337890625,5.319303512573242,1.197814538871324,0.3186188193211199,331776
Mirror Moderate Bi-Kappa 3,ion,896500,118.28819444444446,1.5161792039871216,0.6595526421746739,1.5153520107269287,1.4628044366836548,1.5707279443740845,5.0555901527404785,5.053926467895508,4.807454586029053,5.318665981292725,1.197800844172056,0.31837835981506557,331776
Mirror Moderate Bi-Kappa 3,ion,897000,118.35416666666669,1.5158970355987549,0.659675411005086,1.5153350830078125,1.4624651670455933,1.57044517993927,5.056081771850586,5.055278778076172,4.808656692504883,5.318498611450195,1.1977816113591035,0.31811542423965133,331776
Mirror Moderate Bi-Kappa 3,ion,897500,118.42013888888889,1.5156203508377075,0.6597958383491512,1.5150631666183472,1.46220064163208,1.5701439380645752,5.056471347808838,5.05596923828125,4.807859420776367,5.319974899291992,1.197766373270035,0.31785397756767253,331776
Mirror Moderate Bi-Kappa 3,ion,898000,118.4861111111111,1.5153361558914185,0.6599195802938758,1.5148611068725586,1.4616055488586426,1.5701615810394287,5.056903839111328,5.055823802947998,4.807265281677246,5.320547103881836,1.1977494593165399,0.3175866965748786,331776
Mirror Moderate Bi-Kappa 3,ion,898500,118.55208333333333,1.5151152610778809,0.6600157926523568,1.5145765542984009,1.4615715742111206,1.5697237253189087,5.0572428703308105,5.056102275848389,4.808080673217773,5.320404529571533,1.197736202440795,0.31737905863708593,331776
Mirror Moderate Bi-Kappa 3,ion,899000,118.61805555555556,1.5148561000823975,0.6601287078987945,1.5142862796783447,1.4613536596298218,1.569216251373291,5.057589054107666,5.056433200836182,4.808804988861084,5.32185173034668,1.197722667718094,0.31713343236430336,331776
Mirror Moderate Bi-Kappa 3,ion,899500,118.68402777777779,1.5145443677902222,0.6602645794121159,1.5139644145965576,1.4609493017196655,1.569230318069458,5.058138370513916,5.057339191436768,4.809043884277344,5.322504997253418,1.1977011949355585,0.3168431728546637,331776
Mirror Moderate Bi-Kappa 3,ion,900000,118.75,1.5142998695373535,0.6603711854677228,1.5136613845825195,1.4610264301300049,1.5687106847763062,5.05851936340332,5.057592391967773,4.809731483459473,5.3215107917785645,1.1976863046595536,0.3166135648777999,331776
Mirror Moderate Bi-Kappa 3,ion,900500,118.81597222222223,1.5139755010604858,0.6605126696565008,1.5134375095367432,1.4604350328445435,1.5685791969299316,5.059082984924316,5.058059215545654,4.80904483795166,5.324077606201172,1.1976642808548357,0.31631122020565017,331776
Mirror Moderate Bi-Kappa 3,ion,901000,118.88194444444446,1.5137149095535278,0.6606263793060949,1.5130870342254639,1.460402250289917,1.5681051015853882,5.059443950653076,5.057986736297607,4.809877395629883,5.323925018310547,1.1976501785084346,0.31606473104509325,331776
Mirror Moderate Bi-Kappa 3,ion,901500,118.94791666666669,1.5134270191192627,0.6607520464263609,1.51279878616333,1.4601246118545532,1.5679476261138916,5.05987024307251,5.059037685394287,4.810510158538818,5.324130058288574,1.1976335265452913,0.3157934925739714,331776
Mirror Moderate Bi-Kappa 3,ion,902000,119.01388888888889,1.5131360292434692,0.6608791150786194,1.5126372575759888,1.459843397140503,1.567673921585083,5.060354709625244,5.059543132781982,4.811374187469482,5.325865745544434,1.1976146055725918,0.31552142367087743,331776
Mirror Moderate Bi-Kappa 3,ion,902500,119.0798611111111,1.5128339529037476,0.6610110766489545,1.512362003326416,1.459296703338623,1.5673457384109497,5.060852527618408,5.059392929077148,4.810965061187744,5.325893402099609,1.1975951669294325,0.3152387859743151,331776
Mirror Moderate Bi-Kappa 3,ion,903000,119.14583333333333,1.5125524997711182,0.66113407643789,1.5121346712112427,1.459392786026001,1.567178726196289,5.061346530914307,5.060737609863281,4.812285423278809,5.325414657592773,1.1975758810214,0.3149766187497183,331776
Mirror Moderate Bi-Kappa 3,ion,903500,119.21180555555556,1.5122634172439575,0.661260458063888,1.511833906173706,1.4590041637420654,1.5666193962097168,5.061696529388428,5.0601701736450195,4.811730861663818,5.326902389526367,1.19756221934562,0.3147011978983376,331776
Mirror Moderate Bi-Kappa 3,ion,904000,119.27777777777779,1.5119519233703613,0.6613966916162612,1.5115808248519897,1.4587074518203735,1.5664615631103516,5.0622639656066895,5.061397075653076,4.811542987823486,5.328462600708008,1.1975400743213032,0.31441184904905817,331776
Mirror Moderate Bi-Kappa 3,ion,904500,119.34375,1.5117251873016357,0.6614958911844003,1.5111396312713623,1.4585202932357788,1.5659996271133423,5.062640190124512,5.062353134155273,4.813443183898926,5.327647686004639,1.1975253943487154,0.31419979295292033,331776
Mirror Moderate Bi-Kappa 3,ion,905000,119.40972222222223,1.511474609375,0.6616055564529155,1.5107927322387695,1.4583038091659546,1.565782904624939,5.063016891479492,5.062784194946289,4.813656806945801,5.329104423522949,1.1975106979561714,0.3139639114188286,331776
Mirror Moderate Bi-Kappa 3,ion,905500,119.47569444444446,1.5111544132232666,0.6617457430223938,1.5106332302093506,1.4582452774047852,1.5653150081634521,5.063560485839844,5.06239652633667,4.813058853149414,5.329414367675781,1.1974894943580672,0.3136649188651994,331776
Mirror Moderate Bi-Kappa 3,ion,906000,119.54166666666669,1.5108381509780884,0.6618842655996069,1.5102710723876953,1.4578185081481934,1.565099835395813,5.064038276672363,5.062700271606445,4.813248634338379,5.3301167488098145,1.1974708612702492,0.3133672897078392,331776
Mirror Moderate Bi-Kappa 3,ion,906500,119.60763888888889,1.5105619430541992,0.6620052918704571,1.5099962949752808,1.4575141668319702,1.564967155456543,5.064467906951904,5.064275741577148,4.815151691436768,5.3303375244140625,1.197454109369973,0.3131078336842261,331776
Mirror Moderate Bi-Kappa 3,ion,907000,119.6736111111111,1.510259985923767,0.662137651345069,1.5098292827606201,1.4571549892425537,1.564332127571106,5.065032958984375,5.064544677734375,4.814680099487305,5.331422805786133,1.1974320815082153,0.31282790441555175,331776
Mirror Moderate Bi-Kappa 3,ion,907500,119.73958333333333,1.5099800825119019,0.6622603911016276,1.5094163417816162,1.4569722414016724,1.5642536878585815,5.0654520988464355,5.063867568969727,4.81484842300415,5.3319091796875,1.1974157450285103,0.3125643374833915,331776
Mirror Moderate Bi-Kappa 3,ion,908000,119.80555555555556,1.5096642971038818,0.6623989200237335,1.5091527700424194,1.4565629959106445,1.5640276670455933,5.065984725952148,5.065347671508789,4.814798831939697,5.3330397605896,1.197394989147357,0.31226930795652486,331776
Mirror Moderate Bi-Kappa 3,ion,908500,119.87152777777779,1.5093709230422974,0.66252766946404,1.5090869665145874,1.4562649726867676,1.5638635158538818,5.066441059112549,5.065220355987549,4.816289901733398,5.332674503326416,1.1973772098268844,0.3119937132154129,331776
Mirror Moderate Bi-Kappa 3,ion,909000,119.9375,1.5091650485992432,0.6626180489192794,1.508707046508789,1.4559918642044067,1.5636039972305298,5.066766738891602,5.0656867027282715,4.8162994384765625,5.332434177398682,1.1973645228867904,0.31180052571245276,331776
Mirror Moderate Bi-Kappa 3,ion,909500,120.00347222222223,1.508853554725647,0.6627548424882286,1.5085370540618896,1.455764889717102,1.5634821653366089,5.067234516143799,5.066153526306152,4.815953731536865,5.3332672119140625,1.1973463033562155,0.31150725136943147,331776
Mirror Moderate Bi-Kappa 3,ion,910000,120.06944444444446,1.5085690021514893,0.6628798540695329,1.5081093311309814,1.4556642770767212,1.5625839233398438,5.067748546600342,5.066903591156006,4.81612491607666,5.333969593048096,1.1973262861810383,0.31124271597045094,331776
Mirror Moderate Bi-Kappa 3,ion,910500,120.13541666666669,1.508331537246704,0.6629842148798345,1.5078034400939941,1.4551136493682861,1.5626884698867798,5.068079948425293,5.067458629608154,4.8180999755859375,5.333596706390381,1.197313383012182,0.31101815423452206,331776
Mirror Moderate Bi-Kappa 3,ion,911000,120.20138888888889,1.5081102848052979,0.6630814802308065,1.5073041915893555,1.455024003982544,1.5623615980148315,5.068413257598877,5.068209171295166,4.818880558013916,5.334620475769043,1.1973004072824445,0.3108098775228534,331776
Mirror Moderate Bi-Kappa 3,ion,911500,120.2673611111111,1.5078094005584717,0.663213798527595,1.5073552131652832,1.4549038410186768,1.5618679523468018,5.068882465362549,5.068294525146484,4.81831169128418,5.3362321853637695,1.1972821439110792,0.31052725664739245,331776
Mirror Moderate Bi-Kappa 3,ion,912000,120.33333333333333,1.5075042247772217,0.6633480580445998,1.5072243213653564,1.4544737339019775,1.5617400407791138,5.069430828094482,5.068289279937744,4.819263458251953,5.334966659545898,1.1972608038082027,0.310243420969019,331776
Mirror Moderate Bi-Kappa 3,ion,912500,120.39930555555556,1.5072429180145264,0.6634630609625212,1.506734848022461,1.4540684223175049,1.5614829063415527,5.069792747497559,5.068882942199707,4.818906784057617,5.337347984313965,1.1972467218691727,0.3099961961453537,331776
Mirror Moderate Bi-Kappa 3,ion,913000,120.46527777777779,1.5069562196731567,0.6635892847749019,1.5066659450531006,1.4538445472717285,1.5611357688903809,5.070343494415283,5.069883346557617,4.819554328918457,5.337055683135986,1.1972252966887642,0.30973092298439253,331776
Mirror Moderate Bi-Kappa 3,ion,913500,120.53125,1.5066791772842407,0.6637113030276824,1.5060999393463135,1.4536895751953125,1.5609344244003296,5.070827007293701,5.069973945617676,4.819289207458496,5.338771820068359,1.1972064908863258,0.3094726863979149,331776
Mirror Moderate Bi-Kappa 3,ion,914000,120.59722222222223,1.5063652992248535,0.6638495991075875,1.5060663223266602,1.4534008502960205,1.5604710578918457,5.071313381195068,5.07046365737915,4.819735527038574,5.3391618728637695,1.1971875774248342,0.30917772180001935,331776
Mirror Moderate Bi-Kappa 3,ion,914500,120.66319444444446,1.5060350894927979,0.6639951532183621,1.505829095840454,1.4531712532043457,1.5600292682647705,5.07189416885376,5.071169853210449,4.820423126220703,5.3389787673950195,1.1971649972787186,0.30887009221407924,331776
Mirror Moderate Bi-Kappa 3,ion,915000,120.72916666666669,1.5057724714279175,0.6641109589762285,1.505307912826538,1.4526724815368652,1.5601636171340942,5.072340488433838,5.071267127990723,4.822216033935547,5.339147090911865,1.1971476485618902,0.3086248228660273,331776
Mirror Moderate Bi-Kappa 3,ion,915500,120.79513888888889,1.5054395198822021,0.66425783752392,1.5048881769180298,1.452477216720581,1.5596561431884766,5.072911739349365,5.07330846786499,4.8202900886535645,5.341238021850586,1.1971254481412004,0.3083140717410018,331776
Mirror Moderate Bi-Kappa 3,ion,916000,120.8611111111111,1.5050883293151855,0.6644128324714335,1.504605770111084,1.4521372318267822,1.5593360662460327,5.0735955238342285,5.072685241699219,4.822904586791992,5.339715003967285,1.197098880922277,0.30798944839290865,331776
Mirror Moderate Bi-Kappa 3,ion,916500,120.92708333333333,1.5047762393951416,0.6645506313961729,1.5041829347610474,1.451928734779358,1.5590169429779053,5.074142932891846,5.074319839477539,4.82285213470459,5.342276573181152,1.1970776174864435,0.3076986219086981,331776
Mirror Moderate Bi-Kappa 3,ion,917000,120.99305555555556,1.5045442581176758,0.6646530965138192,1.5041677951812744,1.4515858888626099,1.5587137937545776,5.074462890625,5.075069427490234,4.822793006896973,5.343470573425293,1.1970651912436854,0.3074790668739904,331776
Mirror Moderate Bi-Kappa 3,ion,917500,121.05902777777779,1.5042121410369873,0.6647998461909841,1.5037927627563477,1.4511139392852783,1.5586705207824707,5.0751166343688965,5.074152946472168,4.823573112487793,5.34374475479126,1.1970398065786232,0.3071723344583641,331776
Mirror Moderate Bi-Kappa 3,ion,918000,121.125,1.5038015842437744,0.6649813449311373,1.5033864974975586,1.4507479667663574,1.5580344200134277,5.075850486755371,5.07484245300293,4.823473930358887,5.3437299728393555,1.1970113191098402,0.30679026513393426,331776
Mirror Moderate Bi-Kappa 3,ion,918500,121.19097222222223,1.50348961353302,0.6651193270634708,1.5031485557556152,1.4506754875183105,1.557601809501648,5.076426029205322,5.076495170593262,4.823472023010254,5.344690799713135,1.1969889828487352,0.3065006306842848,331776
Mirror Moderate Bi-Kappa 3,ion,919000,121.25694444444446,1.5031946897506714,0.6652498221410467,1.5026931762695312,1.4503767490386963,1.5575257539749146,5.07701301574707,5.076849937438965,4.824659824371338,5.345683574676514,1.1969662076694227,0.30622848208124864,331776
Mirror Moderate Bi-Kappa 3,ion,919500,121.32291666666669,1.5028691291809082,0.6653939325675142,1.5024073123931885,1.4500689506530762,1.5569732189178467,5.077579975128174,5.0768327713012695,4.8248395919799805,5.345802307128906,1.1969442145467648,0.3059249146341434,331776
Mirror Moderate Bi-Kappa 3,ion,920000,121.38888888888889,1.502568006515503,0.6655272810706437,1.5021564960479736,1.4496474266052246,1.5568660497665405,5.078069686889648,5.076672554016113,4.826813220977783,5.345524787902832,1.1969252219168554,0.3056427845986476,331776
Mirror Moderate Bi-Kappa 3,ion,920500,121.4548611111111,1.5022332668304443,0.6656755792060814,1.5017197132110596,1.4493958950042725,1.5565545558929443,5.078691482543945,5.07858419418335,4.826344013214111,5.34817361831665,1.1969011119177284,0.3053321549127159,331776
Mirror Moderate Bi-Kappa 3,ion,921000,121.52083333333333,1.5019546747207642,0.6657990529480625,1.5016531944274902,1.4489978551864624,1.5564709901809692,5.07919979095459,5.0798726081848145,4.8263258934021,5.348602294921875,1.196881406748534,0.3050732679722301,331776
Mirror Moderate Bi-Kappa 3,ion,921500,121.58680555555556,1.5016663074493408,0.6659269073557045,1.501091480255127,1.4486792087554932,1.5558311939239502,5.079728603363037,5.079459190368652,4.828001976013184,5.348458290100098,1.1968609109033796,0.30480539654596117,331776
Mirror Moderate Bi-Kappa 3,ion,922000,121.65277777777779,1.5013039112091064,0.6660876538945596,1.5009247064590454,1.4485783576965332,1.5553655624389648,5.080367565155029,5.081008434295654,4.827396392822266,5.350316047668457,1.1968361515530392,0.3044677596560672,331776
Mirror Moderate Bi-Kappa 3,ion,922500,121.71875,1.501075267791748,0.6661891122029566,1.5005863904953003,1.4480464458465576,1.5554616451263428,5.0807576179504395,5.08026123046875,4.8281426429748535,5.349900245666504,1.1968210403241784,0.3042542274675697,331776
Mirror Moderate Bi-Kappa 3,ion,923000,121.78472222222223,1.5008536577224731,0.6662874790320914,1.5004911422729492,1.4478859901428223,1.5549814701080322,5.08108377456665,5.081473350524902,4.829054355621338,5.351468086242676,1.1968084063099877,0.3040452514124854,331776
Mirror Moderate Bi-Kappa 3,ion,923500,121.85069444444446,1.500530481338501,0.6664309805342851,1.499945878982544,1.4474698305130005,1.5545974969863892,5.081682205200195,5.081783771514893,4.8291239738464355,5.351689338684082,1.1967852296974963,0.30374525164100463,331776
Mirror Moderate Bi-Kappa 3,ion,924000,121.91666666666669,1.5001473426818848,0.6666011874621945,1.499927043914795,1.4472633600234985,1.5542573928833008,5.082464694976807,5.081249237060547,4.829863548278809,5.352660655975342,1.1967549328947307,0.3033924097871541,331776
Mirror Moderate Bi-Kappa 3,ion,924500,121.98263888888889,1.4998570680618286,0.6667301980262942,1.4995309114456177,1.447088360786438,1.5542149543762207,5.08295202255249,5.082674980163574,4.8298139572143555,5.35338020324707,1.1967360690329383,0.30312099902889034,331776
Mirror Moderate Bi-Kappa 3,ion,925000,122.0486111111111,1.499536156654358,0.6668728830327892,1.4992666244506836,1.4466314315795898,1.5537161827087402,5.083614826202393,5.08396577835083,4.831274032592773,5.353322982788086,1.1967104185088369,0.30282573814552105,331776
Mirror Moderate Bi-Kappa 3,ion,925500,122.11458333333333,1.4991968870162964,0.6670237969811966,1.4989233016967773,1.4463739395141602,1.5534979104995728,5.084256172180176,5.084542274475098,4.830137252807617,5.354937553405762,1.1966856047639296,0.3025112822523668,331776
Mirror Moderate Bi-Kappa 3,ion,926000,122.18055555555556,1.4988864660263062,0.667161938322852,1.498669147491455,1.4460394382476807,1.5530567169189453,5.084879398345947,5.084026336669922,4.831655502319336,5.3546905517578125,1.1966614980731478,0.30222496795315834,331776
Mirror Moderate Bi-Kappa 3,ion,926500,122.24652777777779,1.4985754489898682,0.6673004023081129,1.4981906414031982,1.4456191062927246,1.552791953086853,5.085494041442871,5.084865093231201,4.832271575927734,5.355907917022705,1.1966377291666783,0.30193771982318984,331776
Mirror Moderate Bi-Kappa 3,ion,927000,122.3125,1.498273491859436,0.6674348878447736,1.4981224536895752,1.4455987215042114,1.552642583847046,5.086102485656738,5.086141586303711,4.833641052246094,5.357173442840576,1.1966142056358653,0.30165928622357074,331776
Mirror Moderate Bi-Kappa 3,ion,927500,122.37847222222223,1.4979710578918457,0.6675696401019522,1.4974801540374756,1.4450587034225464,1.5520519018173218,5.086584568023682,5.086821556091309,4.8335113525390625,5.356891632080078,1.196595571473716,0.3013754864181297,331776
Mirror Moderate Bi-Kappa 3,ion,928000,122.44444444444446,1.4976218938827515,0.6677252810503382,1.497328519821167,1.444753885269165,1.5516376495361328,5.087285995483398,5.086920738220215,4.833961486816406,5.358083248138428,1.1965684651674433,0.30105342871530816,331776
Mirror Moderate Bi-Kappa 3,ion,928500,122.51041666666669,1.4973200559616089,0.6678598847444008,1.4969993829727173,1.4445250034332275,1.5515964031219482,5.087859153747559,5.088696479797363,4.834774971008301,5.359584331512451,1.1965463213075447,0.3007737346540642,331776
Mirror Moderate Bi-Kappa 3,ion,929000,122.57638888888889,1.4970585107803345,0.667976563907816,1.496584415435791,1.444292664527893,1.5512487888336182,5.088350772857666,5.088987350463867,4.834930419921875,5.358421802520752,1.196527331671828,0.3005311791085066,331776
Mirror Moderate Bi-Kappa 3,ion,929500,122.6423611111111,1.4967024326324463,0.6681354811732144,1.4962302446365356,1.443857192993164,1.5509188175201416,5.0890936851501465,5.089084625244141,4.8361592292785645,5.359586715698242,1.1964986423649413,0.300203790267505,331776
Mirror Moderate Bi-Kappa 3,ion,930000,122.70833333333333,1.4963626861572266,0.6682871801408495,1.4959421157836914,1.443636178970337,1.5505493879318237,5.089772701263428,5.08978271484375,4.837123394012451,5.35964298248291,1.1964724278849959,0.2998902582722307,331776
Mirror Moderate Bi-Kappa 3,ion,930500,122.77430555555556,1.4960858821868896,0.6684108258131941,1.49576735496521,1.4433690309524536,1.550491213798523,5.090361595153809,5.090903282165527,4.836663722991943,5.360597133636475,1.1964496983774262,0.29963618380946344,331776
Mirror Moderate Bi-Kappa 3,ion,931000,122.84027777777779,1.4957195520401,0.6685745323286314,1.4954392910003662,1.4428991079330444,1.5498331785202026,5.0911383628845215,5.090941429138184,4.836581230163574,5.36212158203125,1.1964197255549391,0.29929982648516096,331776
Mirror Moderate Bi-Kappa 3,ion,931500,122.90625,1.4953663349151611,0.6687324548179925,1.4950151443481445,1.4424703121185303,1.5495638847351074,5.09182071685791,5.091689109802246,4.836936950683594,5.364371299743652,1.1963934033830408,0.29897293153212035,331776
Mirror Moderate Bi-Kappa 3,ion,932000,122.97222222222223,1.4950389862060547,0.6688788782275771,1.4948713779449463,1.4424062967300415,1.549013376235962,5.0925164222717285,5.093012809753418,4.8387651443481445,5.362581253051758,1.1963665734344178,0.2986724127716369,331776
Mirror Moderate Bi-Kappa 3,ion,932500,123.03819444444446,1.4947410821914673,0.6690121867352985,1.4944080114364624,1.441892147064209,1.5489842891693115,5.0930962562561035,5.092428207397461,4.838724136352539,5.364842414855957,1.1963442176793047,0.29839686451216263,331776
Mirror Moderate Bi-Kappa 3,ion,933000,123.10416666666669,1.4944015741348267,0.6691641773590495,1.4940516948699951,1.441586971282959,1.5487470626831055,5.093776702880859,5.09419059753418,4.838283061981201,5.365811347961426,1.19631798925038,0.29808358488444675,331776
Mirror Moderate Bi-Kappa 3,ion,933500,123.17013888888889,1.49406898021698,0.6693131396481925,1.4936621189117432,1.441332221031189,1.548163890838623,5.094444751739502,5.094002723693848,4.840493679046631,5.365588188171387,1.196292245520682,0.29777673469629806,331776
Mirror Moderate Bi-Kappa 3,ion,934000,123.2361111111111,1.4937207698822021,0.6694691673055213,1.4932175874710083,1.441007137298584,1.5479496717453003,5.095146656036377,5.094830513000488,4.8412699699401855,5.366966247558594,1.1962652044206166,0.2974555654615856,331776
Mirror Moderate Bi-Kappa 3,ion,934500,123.30208333333333,1.4934203624725342,0.6696038336750556,1.493088960647583,1.4408694505691528,1.547529697418213,5.095779895782471,5.094936370849609,4.8415303230285645,5.367618560791016,1.1962408150374884,0.2971795474350458,331776
Mirror Moderate Bi-Kappa 3,ion,935000,123.36805555555556,1.4931788444519043,0.6697121404549944,1.4928841590881348,1.440533995628357,1.547102928161621,5.0962724685668945,5.097005367279053,4.841825008392334,5.368671417236328,1.1962218476676556,0.2969569967842487,331776
Mirror Moderate Bi-Kappa 3,ion,935500,123.43402777777779,1.4928687810897827,0.6698512372065332,1.4924705028533936,1.4400769472122192,1.5470466613769531,5.096837043762207,5.096433639526367,4.843140602111816,5.368402481079102,1.1962001122291825,0.29666866886060017,331776
Mirror Moderate Bi-Kappa 3,ion,936000,123.5,1.4925262928009033,0.6700049471982037,1.492070198059082,1.4396754503250122,1.5466234683990479,5.097633361816406,5.0963134765625,4.842583656311035,5.369030475616455,1.1961694631650945,0.2963568296358088,331776
Mirror Moderate Bi-Kappa 3,ion,936500,123.56597222222223,1.4922791719436646,0.6701158997599085,1.491886854171753,1.4396469593048096,1.5462898015975952,5.0981011390686035,5.098295211791992,4.8433942794799805,5.370519161224365,1.1961514635982085,0.2961277083454561,331776
Mirror Moderate Bi-Kappa 3,ion,937000,123.63194444444446,1.4919989109039307,0.6702417761110482,1.4915766716003418,1.439420461654663,1.5460097789764404,5.098637104034424,5.099178314208984,4.844305038452148,5.369922637939453,1.1961308443012595,0.2958680666026712,331776
Mirror Moderate Bi-Kappa 3,ion,937500,123.69791666666669,1.491653323173523,0.6703970583945602,1.4912240505218506,1.4388529062271118,1.5456302165985107,5.099438190460205,5.09846305847168,4.845785140991211,5.372044563293457,1.1961000335038385,0.2955532896696844,331776
Mirror Moderate Bi-Kappa 3,ion,938000,123.76388888888889,1.4913132190704346,0.6705499469945825,1.491076111793518,1.4387454986572266,1.5451722145080566,5.100109100341797,5.099836826324463,4.845007419586182,5.372552871704102,1.1960742369085757,0.29523898216185884,331776
Mirror Moderate Bi-Kappa 3,ion,938500,123.8298611111111,1.4910327196121216,0.6706760937212302,1.4905681610107422,1.4383689165115356,1.5447436571121216,5.1006693840026855,5.1017961502075195,4.845881462097168,5.373423099517822,1.1960526991097122,0.29498002050240935,331776
Mirror Moderate Bi-Kappa 3,ion,939000,123.89583333333333,1.4907045364379883,0.6708237451195272,1.4900727272033691,1.4379801750183105,1.544738531112671,5.1013264656066895,5.10175895690918,4.845865726470947,5.374821662902832,1.1960274463400906,0.29467709009789766,331776
Mirror Moderate Bi-Kappa 3,ion,939500,123.96180555555556,1.4903688430786133,0.6709748426666837,1.4898771047592163,1.4379836320877075,1.5440220832824707,5.102087020874023,5.100642681121826,4.846771240234375,5.375421524047852,1.195998225022178,0.2943706180564354,331776
Mirror Moderate Bi-Kappa 3,ion,940000,124.02777777777779,1.490020751953125,0.671131592421915,1.4895670413970947,1.4374942779541016,1.5438461303710938,5.102870464324951,5.102832317352295,4.847812175750732,5.375561714172363,1.1959681334243486,0.2940526185287764,331776
Mirror Moderate Bi-Kappa 3,ion,940500,124.09375,1.4897291660308838,0.6712629535637814,1.4893763065338135,1.4370368719100952,1.5433305501937866,5.10345458984375,5.10426139831543,4.847957611083984,5.3775458335876465,1.1959457035220953,0.2937834625087885,331776
Mirror Moderate Bi-Kappa 3,ion,941000,124.15972222222223,1.4894397258758545,0.6713933988916249,1.488947868347168,1.4369360208511353,1.5431885719299316,5.104137420654297,5.103507041931152,4.848576545715332,5.377279281616211,1.1959194899325047,0.29352023594334975,331776
Mirror Moderate Bi-Kappa 3,ion,941500,124.22569444444446,1.4891592264175415,0.6715198631953495,1.4886568784713745,1.4367660284042358,1.542973518371582,5.10469388961792,5.104482173919678,4.848761558532715,5.378425121307373,1.1958981325077749,0.2932610939097666,331776
Mirror Moderate Bi-Kappa 3,ion,942000,124.29166666666669,1.488784670829773,0.671688807383173,1.4884042739868164,1.4363816976547241,1.5425302982330322,5.105495929718018,5.104856491088867,4.850194454193115,5.378462314605713,1.195867358189282,0.2929173126404909,331776
Mirror Moderate Bi-Kappa 3,ion,942500,124.35763888888889,1.4884998798370361,0.6718173199378974,1.4880671501159668,1.4359033107757568,1.5423015356063843,5.106154918670654,5.106316566467285,4.851052284240723,5.379751682281494,1.1958420799853722,0.29265779985166396,331776
Mirror Moderate Bi-Kappa 3,ion,943000,124.4236111111111,1.488271951675415,0.6719202084499777,1.4877839088439941,1.4359219074249268,1.5419203042984009,5.106621742248535,5.106562614440918,4.850305557250977,5.380414962768555,1.1958241770144664,0.2924477746609486,331776
Mirror Moderate Bi-Kappa 3,ion,943500,124.48958333333333,1.4879337549209595,0.6720729311320187,1.4876093864440918,1.4357229471206665,1.5416560173034668,5.107388973236084,5.107068061828613,4.851595878601074,5.381800651550293,1.1957947603443235,0.29213899457663595,331776
Mirror Moderate Bi-Kappa 3,ion,944000,124.55555555555556,1.4876573085784912,0.6721978201791212,1.4872065782546997,1.4349117279052734,1.5417479276657104,5.107935428619385,5.107814311981201,4.851496696472168,5.38167667388916,1.195773813896917,0.29188349468157426,331776
Mirror Moderate Bi-Kappa 3,ion,944500,124.62152777777779,1.4873991012573242,0.6723145113874834,1.4869232177734375,1.4349411725997925,1.5411272048950195,5.108523368835449,5.108775615692139,4.8528242111206055,5.382496356964111,1.1957512822786522,0.291647818978672,331776
Mirror Moderate Bi-Kappa 3,ion,945000,124.6875,1.4870983362197876,0.672450486725717,1.4865858554840088,1.4346849918365479,1.5406286716461182,5.109187126159668,5.109369277954102,4.8528289794921875,5.382779121398926,1.195725851355077,0.29137248486471057,331776
Mirror Moderate Bi-Kappa 3,ion,945500,124.75347222222223,1.486779808998108,0.6725945522988149,1.4863756895065308,1.4345216751098633,1.540411114692688,5.109891414642334,5.109828472137451,4.853686332702637,5.383346080780029,1.1956988747617046,0.29108093423640335,331776
Mirror Moderate Bi-Kappa 3,ion,946000,124.81944444444446,1.4864745140075684,0.6727326910597193,1.486112117767334,1.4341003894805908,1.5402660369873047,5.110611438751221,5.111562252044678,4.855213165283203,5.385563850402832,1.1956713031277428,0.2908032108798255,331776
Mirror Moderate Bi-Kappa 3,ion,946500,124.88541666666669,1.486189603805542,0.672861657381667,1.4857430458068848,1.4337576627731323,1.5398422479629517,5.111224174499512,5.111077308654785,4.855226516723633,5.385315895080566,1.195647845967922,0.29054175783761993,331776
Mirror Moderate Bi-Kappa 3,ion,947000,124.95138888888889,1.4859123229980469,0.6729872176995967,1.485466480255127,1.4334187507629395,1.5394742488861084,5.111822128295898,5.111599922180176,4.857566833496094,5.384408473968506,1.1956249601222657,0.29028736287578116,331776
Mirror Moderate Bi-Kappa 3,ion,947500,125.0173611111111,1.4856668710708618,0.6730984041390145,1.4850494861602783,1.4335366487503052,1.538952112197876,5.112370014190674,5.113609313964844,4.856419086456299,5.385445594787598,1.1956039952554778,0.29006287581538404,331776
Mirror Moderate Bi-Kappa 3,ion,948000,125.08333333333333,1.4853688478469849,0.6732334540673058,1.4848620891571045,1.4330902099609375,1.5389171838760376,5.112966060638428,5.1131792068481445,4.856820106506348,5.387168884277344,1.195581192626797,0.2897876552201879,331776
Mirror Moderate Bi-Kappa 3,ion,948500,125.14930555555556,1.4850776195526123,0.6733654772208172,1.4845284223556519,1.4327383041381836,1.538424015045166,5.113574981689453,5.112985610961914,4.857261657714844,5.38838529586792,1.195557902950631,0.2895197166019814,331776
Mirror Moderate Bi-Kappa 3,ion,949000,125.21527777777779,1.4848328828811646,0.6734764642736114,1.4844523668289185,1.432502031326294,1.5381238460540771,5.114184379577637,5.113672256469727,4.858880519866943,5.388407230377197,1.1955346005891534,0.28929828229201116,331776
Mirror Moderate Bi-Kappa 3,ion,949500,125.28125,1.4845086336135864,0.6736235663148709,1.4841463565826416,1.4325222969055176,1.5378738641738892,5.114840984344482,5.115461349487305,4.859566688537598,5.389991283416748,1.195509499329657,0.2889991342839293,331776
Mirror Moderate Bi-Kappa 3,ion,950000,125.34722222222223,1.484217643737793,0.6737556343028243,1.483722448348999,1.4322816133499146,1.537561058998108,5.115481853485107,5.115222454071045,4.859450340270996,5.389949798583984,1.1954850058394233,0.28873263789836967,331776
Mirror Moderate Bi-Kappa 3,ion,950500,125.41319444444446,1.48396897315979,0.673868536395823,1.4833216667175293,1.4318900108337402,1.5374146699905396,5.116028308868408,5.115312576293945,4.859757423400879,5.390407562255859,1.1954641256121559,0.28850484754763417,331776
Mirror Moderate Bi-Kappa 3,ion,951000,125.47916666666669,1.4837257862091064,0.6739789853993052,1.4834108352661133,1.4315698146820068,1.537110447883606,5.11652135848999,5.116688251495361,4.859424591064453,5.392488479614258,1.1954452898629402,0.28828049634616626,331776
Mirror Moderate Bi-Kappa 3,ion,951500,125.54513888888889,1.4834916591644287,0.6740853538490714,1.4831968545913696,1.4315165281295776,1.5368777513504028,5.117098331451416,5.117125511169434,4.861320495605469,5.391742706298828,1.1954232526378596,0.28806840652656907,331776
Mirror Moderate Bi-Kappa 3,ion,952000,125.6111111111111,1.4831962585449219,0.674219607984342,1.4827969074249268,1.4310791492462158,1.536525011062622,5.117760181427002,5.117954254150391,4.860362529754639,5.39340877532959,1.1953979796921954,0.28779827885272646,331776
Mirror Moderate Bi-Kappa 3,ion,952500,125.67708333333333,1.482961654663086,0.6743262692299282,1.4825507402420044,1.4312618970870972,1.5361121892929077,5.118284225463867,5.118041038513184,4.861270904541016,5.3942365646362305,1.195377973545299,0.287583681117787,331776
Mirror Moderate Bi-Kappa 3,ion,953000,125.74305555555556,1.482700228691101,0.6744451647402662,1.4822595119476318,1.4307419061660767,1.5359941720962524,5.118823051452637,5.1185808181762695,4.862855911254883,5.394260883331299,1.19535740734703,0.28734282134407096,331776
Mirror Moderate Bi-Kappa 3,ion,953500,125.80902777777779,1.4824529886245728,0.6745576471384802,1.4821388721466064,1.4304492473602295,1.5354864597320557,5.119441032409668,5.120209693908691,4.864156723022461,5.393202781677246,1.1953338252495331,0.2871191633750396,331776
Mirror Moderate Bi-Kappa 3,ion,954000,125.875,1.4821494817733765,0.6746957795400707,1.4816110134124756,1.430022120475769,1.5355026721954346,5.120067119598389,5.1201171875,4.864295959472656,5.394024848937988,1.1953099396240803,0.2868395421492962,331776
Mirror Moderate Bi-Kappa 3,ion,954500,125.94097222222223,1.4819262027740479,0.6747974346685278,1.481442928314209,1.4299169778823853,1.5350334644317627,5.120608806610107,5.120787620544434,4.8636474609375,5.395234107971191,1.195289278632087,0.28663692414196085,331776
Mirror Moderate Bi-Kappa 3,ion,955000,126.00694444444446,1.48170804977417,0.6748967856065924,1.4813151359558105,1.429741621017456,1.5346623659133911,5.121027946472168,5.121033668518066,4.864398956298828,5.396385192871094,1.1952732948252882,0.2864347549488817,331776
Mirror Moderate Bi-Kappa 3,ion,955500,126.07291666666669,1.481420874595642,0.6750276151420863,1.480757236480713,1.429288387298584,1.5343992710113525,5.121696472167969,5.121796607971191,4.866313934326172,5.3968915939331055,1.1952478061583975,0.28617306843724455,331776
Mirror Moderate Bi-Kappa 3,ion,956000,126.13888888888889,1.4811269044876099,0.6751615928183724,1.4806127548217773,1.4292032718658447,1.5342539548873901,5.122308254241943,5.122128486633301,4.865632057189941,5.397143363952637,1.1952244867676343,0.2859024177199756,331776
Mirror Moderate Bi-Kappa 3,ion,956500,126.2048611111111,1.4808703660964966,0.6752785543517574,1.4802675247192383,1.4290088415145874,1.5340508222579956,5.122860431671143,5.123439788818359,4.865069389343262,5.398032188415527,1.1952034441183843,0.2856669219781123,331776
Mirror Moderate Bi-Kappa 3,ion,957000,126.27083333333333,1.4806815385818481,0.6753646708918716,1.4801768064498901,1.4287797212600708,1.533657431602478,5.123238563537598,5.123483657836914,4.866297245025635,5.399923324584961,1.1951890366997666,0.28549250188208153,331776
Mirror Moderate Bi-Kappa 3,ion,957500,126.33680555555556,1.4803982973098755,0.6754938868932521,1.480027198791504,1.4286260604858398,1.5337517261505127,5.123907566070557,5.123973369598389,4.866962909698486,5.400097846984863,1.1951635518606523,0.2852347454492232,331776
Mirror Moderate Bi-Kappa 3,ion,958000,126.40277777777779,1.480106234550476,0.6756271790880677,1.4796608686447144,1.4282846450805664,1.5329904556274414,5.1245622634887695,5.124576091766357,4.866400718688965,5.400798797607422,1.1951386183996147,0.2849676161508614,331776
Mirror Moderate Bi-Kappa 3,ion,958500,126.46875,1.4798585176467896,0.6757402738676391,1.479414463043213,1.4280167818069458,1.5327768325805664,5.12507438659668,5.125330924987793,4.866619110107422,5.400856018066406,1.1951191191712738,0.28473939847551577,331776
Mirror Moderate Bi-Kappa 3,ion,959000,126.53472222222223,1.479618787765503,0.6758497582408941,1.4792383909225464,1.4279545545578003,1.5327140092849731,5.1255574226379395,5.126036643981934,4.868470191955566,5.401496887207031,1.1951007310118742,0.28451805675362873,331776
Mirror Moderate Bi-Kappa 3,ion,959500,126.60069444444446,1.4793634414672852,0.6759664136408322,1.4788923263549805,1.427394151687622,1.5325008630752563,5.1261677742004395,5.126809120178223,4.868556976318359,5.402510643005371,1.195077501176008,0.2842859402912772,331776
Mirror Moderate Bi-Kappa 3,ion,960000,126.66666666666669,1.47917902469635,0.6760506898110475,1.4786107540130615,1.4273529052734375,1.5321201086044312,5.126603603363037,5.126077651977539,4.869544982910156,5.403148651123047,1.1950609170063398,0.28411810769001034,331776
Mirror Moderate Bi-Kappa 3,ion,960500,126.73263888888889,1.4789625406265259,0.6761496471549406,1.478487491607666,1.4273544549942017,1.5318745374679565,5.127004146575928,5.127255439758301,4.870192050933838,5.402762413024902,1.1950456780238514,0.28391686260267446,331776
Mirror Moderate Bi-Kappa 3,ion,961000,126.7986111111111,1.4787565469741821,0.6762438361109478,1.4782854318618774,1.4268453121185303,1.5317796468734741,5.127478122711182,5.12691593170166,4.8700690269470215,5.404085159301758,1.1950276483034987,0.2837288986706834,331776
Mirror Moderate Bi-Kappa 3,ion,961500,126.86458333333333,1.478464961051941,0.6763772063211367,1.4777863025665283,1.4266648292541504,1.531225562095642,5.128117561340332,5.1290812492370605,4.870805740356445,5.403777599334717,1.1950033297868918,0.2834616312650491,331776
Mirror Moderate Bi-Kappa 3,ion,962000,126.93055555555556,1.4782484769821167,0.6764762592832338,1.4776439666748047,1.4266924858093262,1.5309371948242188,5.128585338592529,5.12869930267334,4.872015953063965,5.402912139892578,1.1949855435718335,0.2832629334102832,331776
Mirror Moderate Bi-Kappa 3,ion,962500,126.99652777777779,1.4779850244522095,0.676596841954223,1.4774010181427002,1.4264591932296753,1.5306339263916016,5.129162788391113,5.129961013793945,4.871716022491455,5.405010223388672,1.1949635917704367,0.2830214326817728,331776
Mirror Moderate Bi-Kappa 3,ion,963000,127.0625,1.4777483940124512,0.6767051847606841,1.4772937297821045,1.426065444946289,1.5306143760681152,5.129579067230225,5.128811836242676,4.872213363647461,5.405752182006836,1.1949477699619437,0.28280062405050743,331776
Mirror Moderate Bi-Kappa 3,ion,963500,127.12847222222223,1.4775123596191406,0.6768132892355436,1.477071762084961,1.4258241653442383,1.5300558805465698,5.130101203918457,5.1309309005737305,4.871594429016113,5.405826568603516,1.1949279283683885,0.28258443125075217,331776
Mirror Moderate Bi-Kappa 3,ion,964000,127.19444444444446,1.477263331413269,0.6769273823667711,1.4767892360687256,1.4257807731628418,1.5301458835601807,5.130648136138916,5.130743980407715,4.872217178344727,5.407761096954346,1.1949071488563534,0.28235618255691564,331776
Mirror Moderate Bi-Kappa 3,ion,964500,127.26041666666669,1.477027416229248,0.6770355032088253,1.4766829013824463,1.4256037473678589,1.5296659469604492,5.1311774253845215,5.130705833435059,4.873464584350586,5.407898902893066,1.1948870438688957,0.2821403723603524,331776
Mirror Moderate Bi-Kappa 3,ion,965000,127.32638888888889,1.4768280982971191,0.6771268783097142,1.4764111042022705,1.4255479574203491,1.5292494297027588,5.131555557250977,5.1309356689453125,4.873507022857666,5.408705711364746,1.194872683115938,0.28195541518118117,331776
Mirror Moderate Bi-Kappa 3,ion,965500,127.3923611111111,1.476603627204895,0.6772298141329427,1.4761155843734741,1.4251340627670288,1.5289565324783325,5.132050037384033,5.13189172744751,4.873004913330078,5.408466339111328,1.1948539068628667,0.2817497203420283,331776
Mirror Moderate Bi-Kappa 3,ion,966000,127.45833333333333,1.4763554334640503,0.6773436649016473,1.4758822917938232,1.4250038862228394,1.529094934463501,5.132543087005615,5.131885528564453,4.874120712280273,5.408815383911133,1.1948351885309572,0.28152024493309313,331776
Mirror Moderate Bi-Kappa 3,ion,966500,127.52430555555556,1.4761439561843872,0.67744070340189,1.4753696918487549,1.424753189086914,1.5285210609436035,5.132994651794434,5.132673263549805,4.875390529632568,5.408758640289307,1.1948180483005981,0.2813259078837891,331776
Mirror Moderate Bi-Kappa 3,ion,967000,127.59027777777779,1.4758720397949219,0.6775655158688106,1.4753360748291016,1.4242891073226929,1.5285398960113525,5.133601665496826,5.134147644042969,4.874880790710449,5.410787105560303,1.1947950123830304,0.28107702741189144,331776
Mirror Moderate Bi-Kappa 3,ion,967500,127.65625,1.4756399393081665,0.6776720888083554,1.4748165607452393,1.4242260456085205,1.5278329849243164,5.134077548980713,5.133936405181885,4.875612735748291,5.410730838775635,1.1947769566119104,0.2808629826962561,331776
Mirror Moderate Bi-Kappa 3,ion,968000,127.72222222222223,1.4754315614700317,0.677767797649428,1.4746489524841309,1.4241474866867065,1.527835488319397,5.134519577026367,5.135162353515625,4.876470565795898,5.411594867706299,1.1947601883678365,0.28067137310219525,331776
Mirror Moderate Bi-Kappa 3,ion,968500,127.78819444444446,1.4751700162887573,0.6778879647485019,1.4746251106262207,1.423452615737915,1.5275875329971313,5.1350483894348145,5.134589195251465,4.877525329589844,5.411663055419922,1.1947401317692479,0.28042988451950945,331776
Mirror Moderate Bi-Kappa 3,ion,969000,127.85416666666669,1.4749410152435303,0.6779932144167055,1.4741263389587402,1.4234697818756104,1.5274090766906738,5.13554573059082,5.135863304138184,4.876931190490723,5.413471698760986,1.194721272569596,0.28021974267393435,331776
Mirror Moderate Bi-Kappa 3,ion,969500,127.92013888888889,1.4747302532196045,0.6780901102535993,1.4740862846374512,1.4233393669128418,1.527023434638977,5.135976314544678,5.135741233825684,4.877996921539307,5.411959648132324,1.1947049477561023,0.28002530546350224,331776
Mirror Moderate Bi-Kappa 3,ion,970000,127.9861111111111,1.474441647529602,0.6782228389136188,1.473762035369873,1.4232115745544434,1.5268518924713135,5.136563777923584,5.1362128257751465,4.877266883850098,5.414301872253418,1.1946826795566903,0.2797589679729118,331776
Mirror Moderate Bi-Kappa 3,ion,970500,128.05208333333334,1.4742084741592407,0.6783301124152826,1.4736247062683105,1.4230923652648926,1.5263751745224,5.1370015144348145,5.136762619018555,4.8779473304748535,5.414793968200684,1.1946660901675874,0.2795423839916533,331776
Mirror Moderate Bi-Kappa 3,ion,971000,128.11805555555554,1.4740105867385864,0.6784211789228815,1.4734553098678589,1.4228146076202393,1.5263649225234985,5.137401580810547,5.137998104095459,4.877488613128662,5.415154457092285,1.1946509308782176,0.2793596558603688,331776
Mirror Moderate Bi-Kappa 3,ion,971500,128.18402777777777,1.473796010017395,0.6785199533741424,1.4733726978302002,1.4224953651428223,1.526061773300171,5.137878894805908,5.136809825897217,4.8794355392456055,5.415744304656982,1.1946328476155679,0.27916316240182715,331776
Mirror Moderate Bi-Kappa 3,ion,972000,128.25,1.4735513925552368,0.6786325913383536,1.4729230403900146,1.4222651720046997,1.525702714920044,5.138287544250488,5.1394805908203125,4.87775182723999,5.416872978210449,1.1946173684107957,0.27893402414444113,331776
Mirror Moderate Bi-Kappa 3,ion,972500,128.31597222222223,1.4733600616455078,0.6787207187380658,1.4728753566741943,1.4221726655960083,1.525524616241455,5.138660430908203,5.138501167297363,4.88038444519043,5.416522979736328,1.1946032460104123,0.27875681563509547,331776
Mirror Moderate Bi-Kappa 3,ion,973000,128.38194444444446,1.473116159439087,0.6788330937736549,1.4725327491760254,1.4219861030578613,1.5252522230148315,5.139167785644531,5.139500617980957,4.8795881271362305,5.417325496673584,1.1945840341685954,0.27853212527049154,331776
Mirror Moderate Bi-Kappa 3,ion,973500,128.44791666666669,1.4729167222976685,0.6789250097181703,1.4724292755126953,1.421842336654663,1.5250731706619263,5.139605522155762,5.139027118682861,4.880581855773926,5.4178876876831055,1.194567461586149,0.27834926071151944,331776
Mirror Moderate Bi-Kappa 3,ion,974000,128.51388888888889,1.472747802734375,0.679002880291759,1.4721362590789795,1.4218041896820068,1.5246784687042236,5.139847278594971,5.139909744262695,4.880300045013428,5.418546199798584,1.1945583099646806,0.2781894927696944,331776
Mirror Moderate Bi-Kappa 3,ion,974500,128.57986111111111,1.4725688695907593,0.6790853865312998,1.471994161605835,1.4214857816696167,1.5244991779327393,5.140145778656006,5.140892028808594,4.880171775817871,5.418865203857422,1.1945470115171462,0.2780218580736131,331776
Mirror Moderate Bi-Kappa 3,ion,975000,128.64583333333334,1.4723625183105469,0.6791805601975278,1.4716026782989502,1.4213433265686035,1.5245647430419922,5.140619277954102,5.141396522521973,4.880800247192383,5.418961524963379,1.1945290919108849,0.277833426399662,331776
Mirror Moderate Bi-Kappa 3,ion,975500,128.71180555555554,1.4721392393112183,0.679283571347421,1.4716386795043945,1.4207987785339355,1.52418851852417,5.1410298347473145,5.140829086303711,4.8815789222717285,5.41929817199707,1.1945135570389374,0.2776256822722809,331776
Mirror Moderate Bi-Kappa 3,ion,976000,128.77777777777777,1.4719551801681519,0.6793685116728642,1.4712257385253906,1.42062246799469,1.524179458618164,5.141364097595215,5.140827178955078,4.88258171081543,5.419897079467773,1.1945009108512141,0.27745426931693773,331776
Mirror Moderate Bi-Kappa 3,ion,976500,128.84375,1.4716665744781494,0.6795017413197676,1.4710626602172852,1.4205186367034912,1.5239307880401611,5.141958713531494,5.141331672668457,4.881838798522949,5.420165538787842,1.1944784187722894,0.27718815570586,331776
Mirror Moderate Bi-Kappa 3,ion,977000,128.90972222222223,1.4715133905410767,0.6795724771707984,1.4709362983703613,1.420541524887085,1.5233707427978516,5.142171382904053,5.141866683959961,4.882974624633789,5.419703483581543,1.1944703755547035,0.2770430149863732,331776
Mirror Moderate Bi-Kappa 3,ion,977500,128.97569444444446,1.4713006019592285,0.6796707611404289,1.4706003665924072,1.4201878309249878,1.523420810699463,5.142561435699463,5.142444133758545,4.882275581359863,5.421763896942139,1.1944556253733867,0.27684497658584184,331776
Mirror Moderate Bi-Kappa 3,ion,978000,129.04166666666669,1.4710912704467773,0.6797674760834488,1.4703307151794434,1.4199798107147217,1.5231252908706665,5.142999649047852,5.142886161804199,4.883019924163818,5.421358585357666,1.1944390566281946,0.27665221381858274,331776
Mirror Moderate Bi-Kappa 3,ion,978500,129.10763888888889,1.470872402191162,0.6798686266125448,1.4700862169265747,1.4196275472640991,1.5230087041854858,5.143478870391846,5.1428422927856445,4.883654594421387,5.421424865722656,1.1944209406120914,0.27645146157907075,331776
Mirror Moderate Bi-Kappa 3,ion,979000,129.17361111111111,1.4706519842147827,0.6799705237768571,1.4699430465698242,1.4196090698242188,1.522718906402588,5.143866539001465,5.143617630004883,4.882935047149658,5.423496723175049,1.1944062880360269,0.27624569617875583,331776
Mirror Moderate Bi-Kappa 3,ion,979500,129.23958333333334,1.470432996749878,0.6800717898811549,1.4697411060333252,1.4195352792739868,1.5222584009170532,5.1442108154296875,5.144744873046875,4.88353967666626,5.423832893371582,1.194393277390688,0.2760397193591899,331776
Mirror Moderate Bi-Kappa 3,ion,980000,129.30555555555554,1.4702415466308594,0.6801603466393368,1.4698164463043213,1.4189705848693848,1.522582769393921,5.144628524780273,5.144871711730957,4.884603977203369,5.424411773681641,1.1943774939596266,0.2758640526712328,331776
Mirror Moderate Bi-Kappa 3,ion,980500,129.37152777777777,1.470083236694336,0.680233591567661,1.469387412071228,1.4189578294754028,1.5220392942428589,5.144898891448975,5.144869804382324,4.884278297424316,5.423719882965088,1.1943672793379942,0.2757159573563417,331776
Mirror Moderate Bi-Kappa 3,ion,981000,129.4375,1.4698702096939087,0.6803321772255279,1.469224214553833,1.4188824892044067,1.5217301845550537,5.145312786102295,5.145965099334717,4.884890556335449,5.425102710723877,1.1943516442189952,0.2755185654749135,331776
Mirror Moderate Bi-Kappa 3,ion,981500,129.50347222222223,1.4696989059448242,0.6804114747279687,1.4689509868621826,1.4186930656433105,1.5216909646987915,5.1455488204956055,5.146472454071045,4.886208534240723,5.425074100494385,1.1943427290043052,0.27535617694051906,331776
Mirror Moderate Bi-Kappa 3,ion,982000,129.56944444444446,1.4694968461990356,0.6805050331251649,1.468719720840454,1.4186010360717773,1.5212769508361816,5.1459784507751465,5.145138263702393,4.885722637176514,5.425203323364258,1.1943265036116442,0.2751703425873915,331776
Mirror Moderate Bi-Kappa 3,ion,982500,129.63541666666669,1.4692230224609375,0.6806318609988887,1.468696117401123,1.418286919593811,1.521101713180542,5.1465163230896,5.146683692932129,4.885998725891113,5.425699234008789,1.1943061941751836,0.2749168282857539,331776
Mirror Moderate Bi-Kappa 3,ion,983000,129.70138888888889,1.4690152406692505,0.6807281315505088,1.4684560298919678,1.4178838729858398,1.521081805229187,5.146918773651123,5.146486282348633,4.886017799377441,5.42561149597168,1.1942910008837422,0.2747242397855083,331776
Mirror Moderate Bi-Kappa 3,ion,983500,129.76736111111111,1.4687955379486084,0.680829954996084,1.4680514335632324,1.4179104566574097,1.5206769704818726,5.147314548492432,5.147955417633057,4.8859968185424805,5.426894187927246,1.1942760619307566,0.27451947601785176,331776
Mirror Moderate Bi-Kappa 3,ion,984000,129.83333333333334,1.4685695171356201,0.680934738418414,1.4679512977600098,1.4176236391067505,1.520382285118103,5.147718906402588,5.148364067077637,4.886837482452393,5.427967071533203,1.1942608013728622,0.27430871576275795,331776
Mirror Moderate Bi-Kappa 3,ion,984500,129.89930555555554,1.4683561325073242,0.681033693299205,1.4676640033721924,1.4176985025405884,1.5200706720352173,5.148114204406738,5.148525238037109,4.887800216674805,5.429804801940918,1.1942458850551545,0.2741102474521697,331776
Mirror Moderate Bi-Kappa 3,ion,985000,129.96527777777777,1.468154788017273,0.6811270910681626,1.4674828052520752,1.417149543762207,1.5197749137878418,5.148540019989014,5.1482648849487305,4.88707160949707,5.4288859367370605,1.1942298197387098,0.27392496827856316,331776
Mirror Moderate Bi-Kappa 3,ion,985500,130.03125,1.4678972959518433,0.6812465713764804,1.4672799110412598,1.4170054197311401,1.5196099281311035,5.1490607261657715,5.148512840270996,4.888072490692139,5.4292426109313965,1.194210177968642,0.2736871179832012,331776
Mirror Moderate Bi-Kappa 3,ion,986000,130.09722222222223,1.4676949977874756,0.68134047026629,1.46706223487854,1.4167771339416504,1.519548773765564,5.14941930770874,5.149715423583984,4.887810707092285,5.430305480957031,1.194196654077672,0.2734983437098035,331776
Mirror Moderate Bi-Kappa 3,ion,986500,130.16319444444446,1.4674830436706543,0.68143887884297,1.4669198989868164,1.416494607925415,1.519336223602295,5.149827003479004,5.1489386558532715,4.8891119956970215,5.43183708190918,1.1941812801331855,0.2733017635374688,331776
Mirror Moderate Bi-Kappa 3,ion,987000,130.22916666666669,1.4671907424926758,0.6815746385511235,1.4665145874023438,1.4164791107177734,1.5190070867538452,5.150495529174805,5.150402069091797,4.889932632446289,5.430844306945801,1.1941560757281575,0.27303466676451826,331776
Mirror Moderate Bi-Kappa 3,ion,987500,130.29513888888889,1.4669744968414307,0.6816751089764124,1.466284990310669,1.4160637855529785,1.5188658237457275,5.150867462158203,5.151262283325195,4.888612747192383,5.432626724243164,1.1941420561384435,0.2728324407029872,331776
Mirror Moderate Bi-Kappa 3,ion,988000,130.36111111111111,1.4667515754699707,0.6817787120355292,1.4662599563598633,1.4159257411956787,1.518361210823059,5.15132474899292,5.150632381439209,4.890321731567383,5.431577682495117,1.1941248220072902,0.2726267534626805,331776
Mirror Moderate Bi-Kappa 3,ion,988500,130.42708333333334,1.466484546661377,0.6819028555579508,1.4660022258758545,1.4158766269683838,1.5181851387023926,5.151857376098633,5.152115345001221,4.8909430503845215,5.432437419891357,1.1941047523247381,0.27237979433663884,331776
Mirror Moderate Bi-Kappa 3,ion,989000,130.49305555555554,1.4662476778030396,0.6820130153579207,1.4656171798706055,1.4154319763183594,1.5178751945495605,5.152287006378174,5.152477264404297,4.890787124633789,5.4347076416015625,1.194088566642749,0.27215911116029057,331776
Mirror Moderate Bi-Kappa 3,ion,989500,130.55902777777777,1.4661273956298828,0.6820689682088482,1.4653449058532715,1.415424108505249,1.5176090002059937,5.1525163650512695,5.1525797843933105,4.891544342041016,5.43294620513916,1.194079927000882,0.27204746862900087,331776
Mirror Moderate Bi-Kappa 3,ion,990000,130.625,1.465868592262268,0.6821893894709243,1.4649938344955444,1.4152109622955322,1.5176243782043457,5.152997016906738,5.153388023376465,4.890414714813232,5.435809135437012,1.1940618239674985,0.2718067682947696,331776
Mirror Moderate Bi-Kappa 3,ion,990500,130.69097222222223,1.4656041860580444,0.6823124616542242,1.4650957584381104,1.41476571559906,1.5172032117843628,5.153541088104248,5.153837203979492,4.891515254974365,5.434248924255371,1.1940413364139597,0.2715628496440847,331776
Mirror Moderate Bi-Kappa 3,ion,991000,130.75694444444446,1.4653409719467163,0.682435023072816,1.4647119045257568,1.4147720336914062,1.5169240236282349,5.1541008949279785,5.154760360717773,4.893233299255371,5.4354119300842285,1.1940202608342563,0.27132071111246003,331776
Mirror Moderate Bi-Kappa 3,ion,991500,130.82291666666669,1.4651039838790894,0.6825454104304224,1.4644432067871094,1.4142385721206665,1.5169180631637573,5.154518127441406,5.153985500335693,4.892952919006348,5.436040878295898,1.1940045558626018,0.27109942801648756,331776
Mirror Moderate Bi-Kappa 3,ion,992000,130.88888888888889,1.4649114608764648,0.6826351125696664,1.464329719543457,1.4139692783355713,1.5168646574020386,5.15495491027832,5.153711795806885,4.8916015625,5.4377360343933105,1.1939881177245852,0.2709233431518796,331776
Mirror Moderate Bi-Kappa 3,ion,992500,130.95486111111111,1.4647388458251953,0.6827155590569637,1.4642566442489624,1.4139090776443481,1.5163168907165527,5.155203342437744,5.155823230743408,4.893746852874756,5.437500476837158,1.1939787693276769,0.27076007649751843,331776
Mirror Moderate Bi-Kappa 3,ion,993000,131.02083333333334,1.4644864797592163,0.682833207285338,1.4638237953186035,1.413742184638977,1.5159380435943604,5.155727863311768,5.155865669250488,4.8926544189453125,5.438845634460449,1.1939590347884756,0.27052744497074066,331776
Mirror Moderate Bi-Kappa 3,ion,993500,131.08680555555554,1.4642422199249268,0.682947115164642,1.4636799097061157,1.413270354270935,1.5160136222839355,5.1561808586120605,5.156050682067871,4.894345283508301,5.438053131103516,1.1939419945539265,0.2703002253710003,331776
Mirror Moderate Bi-Kappa 3,ion,994000,131.15277777777777,1.4640101194381714,0.6830553878847231,1.463478446006775,1.4132004976272583,1.515751600265503,5.156617164611816,5.157029151916504,4.893933296203613,5.439200401306152,1.1939255849479526,0.27008453449021874,331776
Mirror Moderate Bi-Kappa 3,ion,994500,131.21875,1.463700771331787,0.6831997492835393,1.463214635848999,1.412850260734558,1.5156643390655518,5.157308101654053,5.157933235168457,4.894687175750732,5.439765930175781,1.1938996042682188,0.26980116706356827,331776
Mirror Moderate Bi-Kappa 3,ion,995000,131.28472222222223,1.4634618759155273,0.6833112747637583,1.4629905223846436,1.412671685218811,1.5153356790542603,5.1578168869018555,5.159157752990723,4.8941240310668945,5.440540313720703,1.1938804773274279,0.2695813985880995,331776
Mirror Moderate Bi-Kappa 3,ion,995500,131.35069444444446,1.4632574319839478,0.6834067458958036,1.4627468585968018,1.4125043153762817,1.5149352550506592,5.158205986022949,5.159846782684326,4.8965959548950195,5.440676689147949,1.1938658523350314,0.26939157964891636,331776
Mirror Moderate Bi-Kappa 3,ion,996000,131.41666666666669,1.4630399942398071,0.6835083141521351,1.4625177383422852,1.4124107360839844,1.5147260427474976,5.158661365509033,5.159181594848633,4.894687652587891,5.442111015319824,1.1938487388774983,0.2691912553623088,331776
Mirror Moderate Bi-Kappa 3,ion,996500,131.48263888888889,1.4627360105514526,0.6836503598643198,1.4621868133544922,1.4117684364318848,1.5144126415252686,5.159345626831055,5.159234523773193,4.896017074584961,5.443155288696289,1.19382302957172,0.2689129809797326,331776
Mirror Moderate Bi-Kappa 3,ion,997000,131.54861111111111,1.462503433227539,0.6837590786321376,1.4619290828704834,1.4119656085968018,1.5140724182128906,5.159829139709473,5.160131454467773,4.897295951843262,5.442203521728516,1.1938048669681929,0.2686985662593462,331776
Mirror Moderate Bi-Kappa 3,ion,997500,131.61458333333334,1.4622713327407837,0.6838676089790168,1.4618759155273438,1.4115710258483887,1.5141197443008423,5.160312175750732,5.161491394042969,4.896892547607422,5.442317485809326,1.1937867256750834,0.2684846070657003,331776
Mirror Moderate Bi-Kappa 3,ion,998000,131.68055555555554,1.4620028734207153,0.6839931837208049,1.4615179300308228,1.4111181497573853,1.513873815536499,5.160831451416016,5.161103248596191,4.898367881774902,5.44297981262207,1.1937672271249282,0.2682356462957871,331776
Mirror Moderate Bi-Kappa 3,ion,998500,131.74652777777777,1.461781620979309,0.6840967116073452,1.4613234996795654,1.411113977432251,1.5135607719421387,5.161271572113037,5.161060810089111,4.898717880249023,5.444322109222412,1.1937507038775326,0.2680309171017765,331776
Mirror Moderate Bi-Kappa 3,ion,999000,131.8125,1.4615117311477661,0.6842230402178654,1.4608691930770874,1.4108920097351074,1.5132243633270264,5.161894798278809,5.162115097045898,4.899271488189697,5.445846080780029,1.193727311206234,0.267784419941532,331776
Mirror Moderate Bi-Kappa 3,ion,999500,131.87847222222223,1.4612334966659546,0.6843533236006875,1.4608869552612305,1.4105205535888672,1.5129401683807373,5.162419319152832,5.1632490158081055,4.8992509841918945,5.446160316467285,1.193707627795741,0.26752586887021357,331776
Mirror Moderate Bi-Kappa 3,ion,1000000,131.94444444444446,1.4609837532043457,0.6844703083156952,1.4602351188659668,1.4101694822311401,1.5126242637634277,5.162973880767822,5.163486003875732,4.9000725746154785,5.446104049682617,1.1936868214121747,0.26729693179217096,331776
Mirror Moderate Bi-Kappa 3,ion,1000500,132.01041666666669,1.4607183933258057,0.6845946518980782,1.4602420330047607,1.4098882675170898,1.5124629735946655,5.163542747497559,5.163917541503906,4.90043830871582,5.446127414703369,1.1936654829641211,0.26705291036168455,331776
Mirror Moderate Bi-Kappa 3,ion,1001000,132.07638888888889,1.460449457168579,0.6847207173733575,1.4598596096038818,1.4097867012023926,1.5120290517807007,5.164089202880859,5.164582252502441,4.900262832641602,5.447881698608398,1.1936449896028396,0.2668044675657395,331776
Mirror Moderate Bi-Kappa 3,ion,1001500,132.14236111111111,1.4601877927780151,0.6848434187341715,1.4595873355865479,1.409354567527771,1.511874794960022,5.164677619934082,5.1651105880737305,4.901679992675781,5.449100494384766,1.193622927429256,0.2665648653487591,331776
Mirror Moderate Bi-Kappa 3,ion,1002000,132.20833333333334,1.4599535465240479,0.6849533003162086,1.4593744277954102,1.4092810153961182,1.511421799659729,5.165162563323975,5.165530204772949,4.901436805725098,5.44976282119751,1.1936047486870311,0.2663487978370167,331776
Mirror Moderate Bi-Kappa 3,ion,1002500,132.27430555555554,1.4596929550170898,0.6850755815206988,1.4591474533081055,1.4090993404388428,1.51151442527771,5.165726184844971,5.166147232055664,4.900737762451172,5.449957847595215,1.1935836248800344,0.2661093301370554,331776
Mirror Moderate Bi-Kappa 3,ion,1003000,132.34027777777777,1.4593822956085205,0.6852214138880098,1.458655834197998,1.408864974975586,1.5107121467590332,5.1663970947265625,5.167717456817627,4.902061462402344,5.4515461921691895,1.1935584860522468,0.2658238095562737,331776
Mirror Moderate Bi-Kappa 3,ion,1003500,132.40625,1.4591584205627441,0.6853265457045689,1.4586467742919922,1.40846848487854,1.510896921157837,5.166876792907715,5.167296409606934,4.901557922363281,5.453200817108154,1.193540515882369,0.26561790468037505,331776
Mirror Moderate Bi-Kappa 3,ion,1004000,132.47222222222223,1.4588617086410522,0.6854659314703053,1.458444595336914,1.4082707166671753,1.5103510618209839,5.167501926422119,5.167600631713867,4.903611660003662,5.453392028808594,1.1935171025068938,0.26534460613415844,331776
Mirror Moderate Bi-Kappa 3,ion,1004500,132.53819444444446,1.4585633277893066,0.6856061584351397,1.4581984281539917,1.407874345779419,1.510043978691101,5.168242454528809,5.169425964355469,4.904142379760742,5.454312801361084,1.1934893745404154,0.26507395324889127,331776
Mirror Moderate Bi-Kappa 3,ion,1005000,132.60416666666669,1.4583107233047485,0.685724917206843,1.4576399326324463,1.4076333045959473,1.5098450183868408,5.168781757354736,5.1707234382629395,4.903450012207031,5.454655170440674,1.1934691861534075,0.26484153715134107,331776
Mirror Moderate Bi-Kappa 3,ion,1005500,132.67013888888889,1.4580196142196655,0.685861829461877,1.45755934715271,1.4074769020080566,1.509516954421997,5.169412136077881,5.170526504516602,4.905359745025635,5.453261375427246,1.1934455937496051,0.2645740204700604,331776
Mirror Moderate Bi-Kappa 3,ion,1006000,132.73611111111111,1.4577833414077759,0.6859729917302415,1.4572898149490356,1.407279372215271,1.509299874305725,5.169927597045898,5.1707868576049805,4.904304504394531,5.456301212310791,1.1934263065059945,0.2643570349017814,331776
Mirror Moderate Bi-Kappa 3,ion,1006500,132.80208333333334,1.4574644565582275,0.6861230786797227,1.456855297088623,1.406908631324768,1.5089550018310547,5.1707048416137695,5.1720075607299805,4.907225608825684,5.455964088439941,1.1933972312540473,0.26406722530418025,331776
Mirror Moderate Bi-Kappa 3,ion,1007000,132.86805555555554,1.4571623802185059,0.6862653150914086,1.456595540046692,1.4065202474594116,1.5088565349578857,5.17141580581665,5.172415733337402,4.907196044921875,5.457278251647949,1.1933706430790636,0.26379173713944226,331776
Mirror Moderate Bi-Kappa 3,ion,1007500,132.93402777777777,1.4569153785705566,0.686381662729886,1.456338882446289,1.4064468145370483,1.5085725784301758,5.171940803527832,5.1730146408081055,4.90723991394043,5.458308696746826,1.193351014249407,0.2635643643211496,331776
Mirror Moderate Bi-Kappa 3,ion,1008000,133.0,1.4566432237625122,0.6865099042008366,1.4562336206436157,1.406015396118164,1.5082248449325562,5.172616481781006,5.1738433837890625,4.908098220825195,5.458524703979492,1.1933257575778526,0.26331746618465957,331776
Mirror Moderate Bi-Kappa 3,ion,1008500,133.06597222222223,1.4563080072402954,0.6866679267217658,1.455870509147644,1.4059090614318848,1.508061170578003,5.1733808517456055,5.174412250518799,4.908027648925781,5.459936141967773,1.1932971935871644,0.26301081365313106,331776
Mirror Moderate Bi-Kappa 3,ion,1009000,133.13194444444446,1.4559710025787354,0.686826865527442,1.4555823802947998,1.4054782390594482,1.5075840950012207,5.174123764038086,5.1756181716918945,4.907530307769775,5.460070610046387,1.1932694395426602,0.26270156303607517,331776
Mirror Moderate Bi-Kappa 3,ion,1009500,133.19791666666669,1.4556812047958374,0.6869635993824982,1.4552077054977417,1.4051928520202637,1.5071923732757568,5.1748270988464355,5.175518989562988,4.90960693359375,5.46084451675415,1.193243171394638,0.2624380334011993,331776
Mirror Moderate Bi-Kappa 3,ion,1010000,133.26388888888889,1.4554120302200317,0.6870906514692051,1.4547548294067383,1.404858946800232,1.506899118423462,5.175398349761963,5.17618989944458,4.910610198974609,5.461395263671875,1.1932218415701266,0.2621901886499052,331776
Mirror Moderate Bi-Kappa 3,ion,1010500,133.32986111111111,1.4550944566726685,0.6872406086177233,1.4546751976013184,1.4046417474746704,1.506713628768921,5.176144599914551,5.1784539222717285,4.911452293395996,5.462279319763184,1.1931939845761859,0.2619004720964826,331776
Mirror Moderate Bi-Kappa 3,ion,1011000,133.39583333333334,1.4548256397247314,0.687367594228825,1.4545619487762451,1.4043487310409546,1.5064102411270142,5.17682409286499,5.177330017089844,4.911177635192871,5.464370250701904,1.193168626567447,0.2616570131572844,331776
Mirror Moderate Bi-Kappa 3,ion,1011500,133.46180555555554,1.4545186758041382,0.6875126573724774,1.4542546272277832,1.404159665107727,1.5060551166534424,5.1775336265563965,5.17963171005249,4.911757946014404,5.464170932769775,1.1931421545715977,0.2613765212325405,331776
Mirror Moderate Bi-Kappa 3,ion,1012000,133.52777777777777,1.4542593955993652,0.6876352341446317,1.4537239074707031,1.403547763824463,1.5058711767196655,5.178141117095947,5.180147171020508,4.912842750549316,5.464836120605469,1.1931194954688351,0.2611399001305301,331776
Mirror Moderate Bi-Kappa 3,ion,1012500,133.59375,1.453978180885315,0.6877682300508172,1.4535695314407349,1.4035526514053345,1.505661129951477,5.1788458824157715,5.179488182067871,4.91267204284668,5.466119766235352,1.1930932147248088,0.26088496616050616,331776
Mirror Moderate Bi-Kappa 3,ion,1013000,133.65972222222223,1.453660488128662,0.6879185395534332,1.4532406330108643,1.4032273292541504,1.5051684379577637,5.179572582244873,5.180447578430176,4.913853645324707,5.466480255126953,1.1930661235307163,0.2605943645979458,331776
Mirror Moderate Bi-Kappa 3,ion,1013500,133.72569444444446,1.4534275531768799,0.6880287894736928,1.452941656112671,1.4030920267105103,1.5050287246704102,5.180150508880615,5.181509494781494,4.91373348236084,5.467471599578857,1.1930445839914583,0.2603829691854216,331776
Mirror Moderate Bi-Kappa 3,ion,1014000,133.79166666666669,1.4531620740890503,0.6881544858833961,1.4526126384735107,1.4029277563095093,1.5045688152313232,5.180747032165527,5.182239055633545,4.915689945220947,5.467084884643555,1.1930223563882456,0.2601397177008047,331776
Mirror Moderate Bi-Kappa 3,ion,1014500,133.85763888888889,1.4529063701629639,0.6882755974755868,1.4526033401489258,1.4026899337768555,1.5043092966079712,5.1813530921936035,5.182048797607422,4.915399551391602,5.468591690063477,1.1929997786691342,0.25990659149382966,331776
Mirror Moderate Bi-Kappa 3,ion,1015000,133.92361111111111,1.4525680541992188,0.6884359029575978,1.4521112442016602,1.4022427797317505,1.5042564868927002,5.182167053222656,5.183473110198975,4.916565895080566,5.469215393066406,1.1929694642665225,0.25959858993269624,331776
Mirror Moderate Bi-Kappa 3,ion,1015500,133.98958333333334,1.4523286819458008,0.6885493706976992,1.4518327713012695,1.4019109010696411,1.504000186920166,5.182809352874756,5.184476852416992,4.9175705909729,5.471019268035889,1.192945549780898,0.2593831321649027,331776
Mirror Moderate Bi-Kappa 3,ion,1016000,134.05555555555554,1.4520511627197266,0.6886809677745624,1.451456069946289,1.4016878604888916,1.503380298614502,5.183496475219727,5.184655666351318,4.91786527633667,5.471672058105469,1.1929199729913216,0.259131189728405,331776
Mirror Moderate Bi-Kappa 3,ion,1016500,134.12152777777777,1.4517391920089722,0.6888289614997317,1.4512944221496582,1.4014278650283813,1.5032973289489746,5.184233665466309,5.185654163360596,4.918394088745117,5.471982479095459,1.192892540060702,0.25884665194827017,331776
Mirror Moderate Bi-Kappa 3,ion,1017000,134.1875,1.4514598846435547,0.688961514251961,1.4509799480438232,1.401075839996338,1.5030388832092285,5.184929847717285,5.186396598815918,4.91778039932251,5.473784446716309,1.1928666403153476,0.2585932443282071,331776
Mirror Moderate Bi-Kappa 3,ion,1017500,134.25347222222223,1.4512280225753784,0.6890715893325846,1.4507637023925781,1.400943636894226,1.5026838779449463,5.185516357421875,5.186638355255127,4.919007778167725,5.473949909210205,1.1928448260641835,0.2583831965111949,331776
Mirror Moderate Bi-Kappa 3,ion,1018000,134.31944444444446,1.4509838819503784,0.6891875316049848,1.4505854845046997,1.400576114654541,1.5025917291641235,5.1860551834106445,5.188030242919922,4.918886184692383,5.474884033203125,1.1928247896780657,0.2581590922723127,331776
Mirror Moderate Bi-Kappa 3,ion,1018500,134.38541666666669,1.4506291151046753,0.6893560797777325,1.449960470199585,1.4001015424728394,1.5020391941070557,5.186913967132568,5.1882853507995605,4.920887470245361,5.475374221801758,1.1927928641841,0.2578362509205754,331776
Mirror Moderate Bi-Kappa 3,ion,1019000,134.45138888888889,1.45034921169281,0.6894891188535387,1.4501352310180664,1.4000511169433594,1.5018806457519531,5.187638282775879,5.188455581665039,4.922961711883545,5.475977420806885,1.1927659457908282,0.2575832659019819,331776
Mirror Moderate Bi-Kappa 3,ion,1019500,134.51736111111111,1.4501216411590576,0.6895973217810314,1.4495553970336914,1.3999918699264526,1.5013898611068726,5.188232898712158,5.189727783203125,4.9224138259887695,5.4772772789001465,1.1927438531620707,0.25737778799698696,331776
Mirror Moderate Bi-Kappa 3,ion,1020000,134.58333333333334,1.4498556852340698,0.6897238188492922,1.4493663311004639,1.399739384651184,1.5012118816375732,5.188876152038574,5.189854145050049,4.922263145446777,5.477322101593018,1.1927199591393458,0.257135726094724,331776
Mirror Moderate Bi-Kappa 3,ion,1020500,134.64930555555554,1.4495667219161987,0.6898613115773579,1.4490817785263062,1.3992486000061035,1.5010435581207275,5.189615726470947,5.19228458404541,4.923027038574219,5.4782867431640625,1.1926924945327353,0.25687422738346344,331776
Mirror Moderate Bi-Kappa 3,ion,1021000,134.71527777777777,1.449248194694519,0.6900129347484099,1.4490482807159424,1.3991507291793823,1.5006206035614014,5.190460681915283,5.192202568054199,4.923483371734619,5.479615688323975,1.1926611261085596,0.2565870685859595,331776
Mirror Moderate Bi-Kappa 3,ion,1021500,134.78125,1.448973536491394,0.6901437292094668,1.4484617710113525,1.3988962173461914,1.5001764297485352,5.191130638122559,5.192582130432129,4.923964977264404,5.479724884033203,1.192636261676062,0.2563372748153321,331776
Mirror Moderate Bi-Kappa 3,ion,1022000,134.84722222222223,1.4486720561981201,0.6902873536640098,1.4482686519622803,1.3984524011611938,1.5000948905944824,5.1918253898620605,5.193446159362793,4.923967361450195,5.480715751647949,1.1926104837717912,0.2560615724263289,331776
Mirror Moderate Bi-Kappa 3,ion,1022500,134.91319444444446,1.4484719038009644,0.6903827387855297,1.4478521347045898,1.3980926275253296,1.500056266784668,5.192399024963379,5.193348407745361,4.924834728240967,5.482112407684326,1.192589204949836,0.25588269885112847,331776
Mirror Moderate Bi-Kappa 3,ion,1023000,134.97916666666669,1.448168396949768,0.6905274290657556,1.44782292842865,1.397829294204712,1.4997860193252563,5.193141460418701,5.1947455406188965,4.926527500152588,5.483098030090332,1.1925616715088239,0.2556067254409442,331776
Mirror Moderate Bi-Kappa 3,ion,1023500,135.04513888888889,1.447906494140625,0.6906523342818,1.447521448135376,1.3975892066955566,1.4991847276687622,5.193791389465332,5.196225643157959,4.925226211547852,5.484443187713623,1.1925375751572,0.25536891898342495,331776
Mirror Moderate Bi-Kappa 3,ion,1024000,135.11111111111111,1.4476619958877563,0.6907689798037182,1.4472209215164185,1.3973995447158813,1.4988430738449097,5.194474697113037,5.195955276489258,4.9273247718811035,5.485603332519531,1.1925122477843189,0.2551497481034375,331776
Mirror Moderate Bi-Kappa 3,ion,1024500,135.17708333333334,1.4473483562469482,0.6909186690846518,1.4469807147979736,1.3970450162887573,1.4989622831344604,5.195250511169434,5.19710111618042,4.927961349487305,5.484516143798828,1.192483499659943,0.2548648565870053,331776
Mirror Moderate Bi-Kappa 3,ion,1025000,135.24305555555554,1.4470458030700684,0.6910631286711097,1.4467707872390747,1.3969907760620117,1.4985520839691162,5.196108341217041,5.19750452041626,4.928255081176758,5.486405372619629,1.1924517223914886,0.2545940806785798,331776
Mirror Moderate Bi-Kappa 3,ion,1025500,135.30902777777777,1.4468075037002563,0.6911769516279589,1.4464869499206543,1.3966078758239746,1.4982044696807861,5.196672439575195,5.198539733886719,4.929365158081055,5.485860824584961,1.1924308317731387,0.25437667192711766,331776
Mirror Moderate Bi-Kappa 3,ion,1026000,135.375,1.4465909004211426,0.6912804440487441,1.4461848735809326,1.396322250366211,1.497959017753601,5.197266578674316,5.199783802032471,4.930416107177734,5.487675189971924,1.1924088335401632,0.25418206688097933,331776
Mirror Moderate Bi-Kappa 3,ion,1026500,135.44097222222223,1.4463088512420654,0.691415252794185,1.4458225965499878,1.396132469177246,1.4977471828460693,5.197913646697998,5.199385166168213,4.931687831878662,5.488193988800049,1.1923848813139202,0.25392396992814525,331776
Mirror Moderate Bi-Kappa 3,ion,1027000,135.50694444444446,1.4460207223892212,0.6915530216937188,1.4456040859222412,1.3956427574157715,1.4973645210266113,5.198678970336914,5.199949264526367,4.930603981018066,5.488578796386719,1.1923565593693877,0.2536641630198335,331776
Mirror Moderate Bi-Kappa 3,ion,1027500,135.57291666666669,1.4457639455795288,0.6916758458789439,1.4454786777496338,1.3954966068267822,1.4970924854278564,5.199411392211914,5.200555801391602,4.932467460632324,5.490236759185791,1.1923294628114787,0.25343448276805014,331776
Mirror Moderate Bi-Kappa 3,ion,1028000,135.63888888888889,1.4455294609069824,0.6917880451724314,1.4450764656066895,1.3951482772827148,1.49685537815094,5.200033187866211,5.2015581130981445,4.931365013122559,5.491514205932617,1.1923064649536095,0.25322299595337294,331776
Mirror Moderate Bi-Kappa 3,ion,1028500,135.70486111111111,1.4452934265136719,0.6919010227647641,1.4448766708374023,1.3951854705810547,1.496518611907959,5.20070743560791,5.202218532562256,4.9327287673950195,5.491015434265137,1.1922815333070376,0.2530118932066343,331776
Mirror Moderate Bi-Kappa 3,ion,1029000,135.77083333333334,1.4449771642684937,0.6920524591862605,1.4446704387664795,1.3948209285736084,1.496431589126587,5.201509475708008,5.202768802642822,4.933267593383789,5.49255895614624,1.192251884701966,0.25272527956652757,331776
Mirror Moderate Bi-Kappa 3,ion,1029500,135.83680555555554,1.4446935653686523,0.6921883117440363,1.4442691802978516,1.394631028175354,1.4958312511444092,5.202138900756836,5.203906059265137,4.9340081214904785,5.494527816772461,1.1922286234714945,0.25246494189715785,331776
Mirror Moderate Bi-Kappa 3,ion,1030000,135.90277777777777,1.4444434642791748,0.6923081620913651,1.444198489189148,1.394242763519287,1.4958178997039795,5.2028656005859375,5.204529762268066,4.9333062171936035,5.493932723999023,1.1922017743236308,0.25224168995554397,331776
Mirror Moderate Bi-Kappa 3,ion,1030500,135.96875,1.4441823959350586,0.6924333123120049,1.4438292980194092,1.3942636251449585,1.4952754974365234,5.203582286834717,5.20564079284668,4.934893608093262,5.4958906173706055,1.1921753024892183,0.25200709344584027,331776
Mirror Moderate Bi-Kappa 3,ion,1031000,136.03472222222223,1.4438867568969727,0.6925750895791021,1.4433376789093018,1.3938552141189575,1.495182991027832,5.204374313354492,5.206926345825195,4.9356913566589355,5.495011806488037,1.1921460563345698,0.25174070056240283,331776
Mirror Moderate Bi-Kappa 3,ion,1031500,136.10069444444446,1.443663477897644,0.6926822042047255,1.4432451725006104,1.393690586090088,1.494789719581604,5.2049760818481445,5.206236839294434,4.936025619506836,5.497297763824463,1.192123841546055,0.25153963635158894,331776
Mirror Moderate Bi-Kappa 3,ion,1032000,136.16666666666669,1.443426251411438,0.6927960462283136,1.4429993629455566,1.3933029174804688,1.4943357706069946,5.205708980560303,5.207584381103516,4.938625335693359,5.496725082397461,1.1920967929122246,0.2513294584992134,331776
Mirror Moderate Bi-Kappa 3,ion,1032500,136.23263888888889,1.443128228187561,0.6929391168904719,1.4427266120910645,1.3930814266204834,1.4943240880966187,5.206395626068115,5.20795202255249,4.937938213348389,5.498760223388672,1.1920714582259286,0.2510567699616324,331776
Mirror Moderate Bi-Kappa 3,ion,1033000,136.29861111111111,1.4428166151046753,0.6930887747833779,1.4422240257263184,1.392724871635437,1.4939491748809814,5.207313060760498,5.209212303161621,4.937740325927734,5.499079704284668,1.1920376186973394,0.2507789964073359,331776
Mirror Moderate Bi-Kappa 3,ion,1033500,136.36458333333334,1.4426004886627197,0.6931926114394934,1.442148208618164,1.3925995826721191,1.4934587478637695,5.207948684692383,5.2101593017578125,4.938981533050537,5.500898361206055,1.1920141807347833,0.25058630792793646,331776
Mirror Moderate Bi-Kappa 3,ion,1034000,136.43055555555554,1.442300796508789,0.693336648236335,1.4419411420822144,1.392232060432434,1.4933503866195679,5.208739280700684,5.209779739379883,4.938666820526123,5.502671241760254,1.1919850363225475,0.2503157601862416,331776
Mirror Moderate Bi-Kappa 3,ion,1034500,136.49652777777777,1.4420905113220215,0.693437750369261,1.4414539337158203,1.3920133113861084,1.4932044744491577,5.20923376083374,5.210806846618652,4.939613342285156,5.502127647399902,1.1919668123781701,0.25012369894385134,331776
Mirror Moderate Bi-Kappa 3,ion,1035000,136.5625,1.441806435585022,0.6935743767811965,1.4414184093475342,1.3918498754501343,1.4926913976669312,5.210061550140381,5.212014198303223,4.9405717849731445,5.502899169921875,1.1919363121483768,0.24987012343664516,331776
Mirror Moderate Bi-Kappa 3,ion,1035500,136.62847222222223,1.4415520429611206,0.6936967727823965,1.4411170482635498,1.3917036056518555,1.4926456212997437,5.21079683303833,5.212115287780762,4.941595554351807,5.5031890869140625,1.1919092284810722,0.24964281448004844,331776
Mirror Moderate Bi-Kappa 3,ion,1036000,136.69444444444446,1.4412908554077148,0.693822482983227,1.440787672996521,1.3912912607192993,1.4923968315124512,5.211512088775635,5.213550567626953,4.942040920257568,5.502583980560303,1.1918828898341738,0.24940796557354106,331776
Mirror Moderate Bi-Kappa 3,ion,1036500,136.76041666666669,1.441034197807312,0.6939460572980205,1.4405088424682617,1.3911042213439941,1.4918370246887207,5.212179660797119,5.213537216186523,4.942924976348877,5.504870414733887,1.1918583136190408,0.2491758841882712,331776
Mirror Moderate Bi-Kappa 3,ion,1037000,136.82638888888889,1.4407598972320557,0.6940781749416886,1.4402939081192017,1.3911428451538086,1.4915956258773804,5.213028430938721,5.21453857421875,4.943808078765869,5.5046844482421875,1.191827075805901,0.24893282142615458,331776
Mirror Moderate Bi-Kappa 3,ion,1037500,136.89236111111111,1.4405397176742554,0.6941842614478518,1.4400434494018555,1.3905794620513916,1.4916179180145264,5.21352481842041,5.21469259262085,4.943171501159668,5.506600856781006,1.1918088116636183,0.24873090601063708,331776
Mirror Moderate Bi-Kappa 3,ion,1038000,136.95833333333334,1.4403345584869385,0.6942831400577468,1.4398751258850098,1.390514850616455,1.4911389350891113,5.2140889167785645,5.215627670288086,4.944087982177734,5.508527755737305,1.1917880603804187,0.24854649810651974,331776
Mirror Moderate Bi-Kappa 3,ion,1038500,137.02430555555554,1.4400688409805298,0.6944112472561444,1.4396228790283203,1.3903800249099731,1.491055965423584,5.214918613433838,5.21622371673584,4.94513463973999,5.507955074310303,1.1917575467858617,0.24831129419466813,331776
Mirror Moderate Bi-Kappa 3,ion,1039000,137.09027777777777,1.439848780632019,0.6945173781103956,1.4393360614776611,1.390235424041748,1.4905626773834229,5.215548515319824,5.217209815979004,4.946836471557617,5.507567405700684,1.1917343874882311,0.24811439314378791,331776
Mirror Moderate Bi-Kappa 3,ion,1039500,137.15625,1.4395567178726196,0.6946582844459247,1.4391248226165771,1.3896385431289673,1.4903814792633057,5.216304779052734,5.218013763427734,4.946661949157715,5.509400367736816,1.19170658969463,0.24785012817798968,331776
Mirror Moderate Bi-Kappa 3,ion,1040000,137.22222222222223,1.439298391342163,0.6947829623206123,1.4389958381652832,1.3896050453186035,1.4902291297912598,5.217060565948486,5.2178449630737305,4.947323799133301,5.509756088256836,1.191678817479512,0.247619573862651,331776
Mirror Moderate Bi-Kappa 3,ion,1040500,137.28819444444446,1.4390779733657837,0.6948893795248305,1.4387121200561523,1.3892784118652344,1.4898960590362549,5.217588424682617,5.218686103820801,4.948153018951416,5.510881423950195,1.1916594255057267,0.24741854786005701,331776
Mirror Moderate Bi-Kappa 3,ion,1041000,137.35416666666669,1.4388673305511475,0.6949911077743056,1.4386333227157593,1.3891360759735107,1.4896838665008545,5.218255996704102,5.22019100189209,4.9484639167785645,5.5114617347717285,1.1916349064958884,0.24723242405525903,331776
Mirror Moderate Bi-Kappa 3,ion,1041500,137.42013888888889,1.438611626625061,0.6951146379554637,1.4381325244903564,1.3887592554092407,1.489539623260498,5.21898889541626,5.22021484375,4.948486804962158,5.512783527374268,1.1916079953491148,0.24700363127594627,331776
Mirror Moderate Bi-Kappa 3,ion,1042000,137.48611111111111,1.4383583068847656,0.6952370596488064,1.4378433227539062,1.3885693550109863,1.4889947175979614,5.219630241394043,5.220587730407715,4.94891357421875,5.513912677764893,1.1915844521072672,0.24677385477749847,331776
Mirror Moderate Bi-Kappa 3,ion,1042500,137.55208333333334,1.4380954504013062,0.6953641357539557,1.437658429145813,1.3881144523620605,1.48887038230896,5.220434665679932,5.221865177154541,4.950061321258545,5.51300048828125,1.191554930583497,0.24654051981780922,331776
Mirror Moderate Bi-Kappa 3,ion,1043000,137.61805555555554,1.4378368854522705,0.6954891824780602,1.4373775720596313,1.3882776498794556,1.4883612394332886,5.221139907836914,5.2223219871521,4.950916767120361,5.515789985656738,1.1915290564229093,0.2463078290293612,331776
Mirror Moderate Bi-Kappa 3,ion,1043500,137.68402777777777,1.4376200437545776,0.6955940857560236,1.4370354413986206,1.3878443241119385,1.4882392883300781,5.221728324890137,5.2235188484191895,4.951297760009766,5.515219688415527,1.1915074737292157,0.2461125700253619,331776
Mirror Moderate Bi-Kappa 3,ion,1044000,137.75,1.4373977184295654,0.6957016747546768,1.4368886947631836,1.387662649154663,1.4878785610198975,5.222344398498535,5.2234721183776855,4.95137357711792,5.516871452331543,1.1914848818257768,0.2459128366037886,331776
Mirror Moderate Bi-Kappa 3,ion,1044500,137.81597222222223,1.4371408224105835,0.6958260348645954,1.4365150928497314,1.3875641822814941,1.487612247467041,5.223095417022705,5.224109649658203,4.95235538482666,5.517544746398926,1.1914573485946434,0.24568347381594013,331776
Mirror Moderate Bi-Kappa 3,ion,1045000,137.88194444444446,1.4368855953216553,0.695949631102081,1.436427116394043,1.3872805833816528,1.487643837928772,5.223901271820068,5.225372314453125,4.953756332397461,5.518088340759277,1.191427813805445,0.24545778151621023,331776
Mirror Moderate Bi-Kappa 3,ion,1045500,137.94791666666669,1.4366663694381714,0.6960558284600649,1.436363935470581,1.3871127367019653,1.4870870113372803,5.224533557891846,5.225513458251953,4.9539995193481445,5.517474174499512,1.1914046467343413,0.24526172270383007,331776
Mirror Moderate Bi-Kappa 3,ion,1046000,138.01388888888889,1.4364262819290161,0.6961721687917549,1.4357529878616333,1.3869640827178955,1.4870198965072632,5.225132465362549,5.227224349975586,4.953815460205078,5.518832206726074,1.1913827078316213,0.24504357409739486,331776
Mirror Moderate Bi-Kappa 3,ion,1046500,138.07986111111111,1.436230182647705,0.6962672224005833,1.4357720613479614,1.386778712272644,1.4867651462554932,5.225739479064941,5.22774600982666,4.954329490661621,5.520088195800781,1.191360477116424,0.24486970553128118,331776
Mirror Moderate Bi-Kappa 3,ion,1047000,138.14583333333334,1.4360337257385254,0.696362475390833,1.4356669187545776,1.3864575624465942,1.4864649772644043,5.226290225982666,5.228525161743164,4.955542087554932,5.520737648010254,1.1913403115327328,0.2446934142057926,331776
Mirror Moderate Bi-Kappa 3,ion,1047500,138.21180555555554,1.4358075857162476,0.6964721526395569,1.4352965354919434,1.386271357536316,1.4862786531448364,5.226937770843506,5.228524684906006,4.955835342407227,5.521198272705078,1.1913166071304926,0.24449097858575497,331776
Mirror Moderate Bi-Kappa 3,ion,1048000,138.27777777777777,1.4356200695037842,0.6965631236582291,1.4350587129592896,1.3858976364135742,1.486054539680481,5.227548122406006,5.228870391845703,4.956857204437256,5.523226261138916,1.1912942696240059,0.24432579987977832,331776
Mirror Moderate Bi-Kappa 3,ion,1048500,138.34375,1.4354265928268433,0.6966570112308285,1.434868574142456,1.3857409954071045,1.4859756231307983,5.2280497550964355,5.230406761169434,4.95756721496582,5.522089958190918,1.1912759148906673,0.24415067793617595,331776
Mirror Moderate Bi-Kappa 3,ion,1049000,138.40972222222223,1.4352138042449951,0.6967602994357049,1.434558629989624,1.385769009590149,1.4857003688812256,5.228570938110352,5.229910373687744,4.95738410949707,5.523236274719238,1.1912568485417563,0.24395695570323883,331776
Mirror Moderate Bi-Kappa 3,ion,1049500,138.47569444444446,1.435025930404663,0.6968515194133181,1.4346188306808472,1.3857858180999756,1.4852133989334106,5.22920560836792,5.231168270111084,4.957925319671631,5.524049282073975,1.191233635640521,0.243792294764142,331776
Mirror Moderate Bi-Kappa 3,ion,1050000,138.54166666666669,1.4348303079605103,0.6969465270227079,1.4343914985656738,1.385316014289856,1.485230803489685,5.229732036590576,5.231929779052734,4.959254264831543,5.524311065673828,1.1912143859385826,0.2436159220219276,331776
Mirror Moderate Bi-Kappa 3,ion,1050500,138.60763888888889,1.4346513748168945,0.6970334518569925,1.4341320991516113,1.385215401649475,1.484968900680542,5.230220794677734,5.23142671585083,4.959070205688477,5.524509429931641,1.1911965171752594,0.2434548576416351,331776
Mirror Moderate Bi-Kappa 3,ion,1051000,138.67361111111111,1.434434175491333,0.6971389953515801,1.4340955018997192,1.3850300312042236,1.4848791360855103,5.230832576751709,5.23264217376709,4.959729194641113,5.52524471282959,1.1911741554192485,0.24326002007208447,331776
Mirror Moderate Bi-Kappa 3,ion,1051500,138.73958333333334,1.4342330694198608,0.6972367471658525,1.4336094856262207,1.384953498840332,1.4845232963562012,5.231424331665039,5.233031272888184,4.9603142738342285,5.52556848526001,1.1911525306687794,0.2430805387510815,331776
Mirror Moderate Bi-Kappa 3,ion,1052000,138.80555555555554,1.4340792894363403,0.6973115136423499,1.4336271286010742,1.3846707344055176,1.4843995571136475,5.231861591339111,5.233196258544922,4.960324287414551,5.5276336669921875,1.1911365548460633,0.24294273459027704,331776
Mirror Moderate Bi-Kappa 3,ion,1052500,138.87152777777777,1.4338538646697998,0.6974211421679911,1.4333112239837646,1.3846404552459717,1.4840563535690308,5.232529163360596,5.233622074127197,4.960439682006836,5.526468276977539,1.1911121694270213,0.24274169524277855,331776
Mirror Moderate Bi-Kappa 3,ion,1053000,138.9375,1.4336867332458496,0.6975024437423731,1.4331560134887695,1.3845648765563965,1.4838917255401611,5.233004570007324,5.234930038452148,4.961444854736328,5.529096603393555,1.1910948073180454,0.2425919259278042,331776
Mirror Moderate Bi-Kappa 3,ion,1053500,139.00347222222223,1.4334995746612549,0.6975935100896744,1.4328327178955078,1.3842146396636963,1.4837942123413086,5.233531951904297,5.236412048339844,4.96031379699707,5.529686450958252,1.1910755507351274,0.2424240239261275,331776
Mirror Moderate Bi-Kappa 3,ion,1054000,139.06944444444446,1.4332666397094727,0.6977068832096049,1.4326965808868408,1.3841668367385864,1.4833415746688843,5.234236717224121,5.235212326049805,4.962213039398193,5.529862880706787,1.1910498233122195,0.24221681639725312,331776
Mirror Moderate Bi-Kappa 3,ion,1054500,139.13541666666669,1.4330613613128662,0.6978068259993229,1.4323906898498535,1.3840320110321045,1.4827841520309448,5.234729766845703,5.236498832702637,4.9622979164123535,5.530715465545654,1.1910318286788224,0.2420295326340438,331776
Mirror Moderate Bi-Kappa 3,ion,1055000,139.20138888888889,1.432867407798767,0.6979012814146169,1.432270884513855,1.3837227821350098,1.482910394668579,5.23537540435791,5.236081123352051,4.963407516479492,5.530699729919434,1.1910082702317015,0.24185913756706556,331776
Mirror Moderate Bi-Kappa 3,ion,1055500,139.26736111111111,1.4326515197753906,0.6980064490189344,1.4320439100265503,1.3833179473876953,1.4826912879943848,5.235965251922607,5.238358497619629,4.964172840118408,5.531052112579346,1.1909867525634947,0.2416647672118959,331776
Mirror Moderate Bi-Kappa 3,ion,1056000,139.33333333333334,1.4324489831924438,0.6981051414280308,1.431851863861084,1.3832015991210938,1.4825165271759033,5.236541271209717,5.238278865814209,4.964165687561035,5.532558441162109,1.1909657440299302,0.24148323916251369,331776
Mirror Moderate Bi-Kappa 3,ion,1056500,139.39930555555554,1.4322669506072998,0.6981938664269164,1.4318599700927734,1.383353590965271,1.4818000793457031,5.2370123863220215,5.2386474609375,4.964798927307129,5.533693313598633,1.1909485649894185,0.24131838561788133,331776
Mirror Moderate Bi-Kappa 3,ion,1057000,139.46527777777777,1.432024598121643,0.6983120271199805,1.431412696838379,1.3832110166549683,1.4819623231887817,5.2377424240112305,5.238159656524658,4.96529483795166,5.5332183837890625,1.1909219505365,0.241102647585143,331776
Mirror Moderate Bi-Kappa 3,ion,1057500,139.53125,1.4318515062332153,0.698396443797939,1.4312207698822021,1.3825409412384033,1.48184335231781,5.238247871398926,5.240252494812012,4.965937614440918,5.5357561111450195,1.1909035281549096,0.2409479780783057,331776
Mirror Moderate Bi-Kappa 3,ion,1058000,139.59722222222223,1.431676983833313,0.6984815788003391,1.431052327156067,1.3824502229690552,1.4816974401474,5.238787651062012,5.241128921508789,4.966121673583984,5.535514831542969,1.1908838583669792,0.2407931254663338,331776
Mirror Moderate Bi-Kappa 3,ion,1058500,139.66319444444446,1.4314420223236084,0.6985962298191692,1.4309136867523193,1.3825149536132812,1.4813374280929565,5.239383697509766,5.240999221801758,4.96693229675293,5.534445762634277,1.190862142903428,0.24057987942018033,331776
Mirror Moderate Bi-Kappa 3,ion,1059000,139.72916666666669,1.4312694072723389,0.6986804824577112,1.4304959774017334,1.3823063373565674,1.481018304824829,5.239867687225342,5.241202354431152,4.968595027923584,5.536798477172852,1.1908445135815116,0.2404248936908273,331776
Mirror Moderate Bi-Kappa 3,ion,1059500,139.79513888888889,1.4310823678970337,0.6987717984880867,1.4304282665252686,1.382131576538086,1.4808838367462158,5.2403998374938965,5.242547512054443,4.968074798583984,5.5361223220825195,1.1908251337703704,0.24025723412666333,331776
Mirror Moderate Bi-Kappa 3,ion,1060000,139.86111111111111,1.4308966398239136,0.6988624979390966,1.4301985502243042,1.381795048713684,1.4805777072906494,5.240936279296875,5.242363929748535,4.967984676361084,5.538326263427734,1.1908056016537107,0.24009103817020283,331776
Mirror Moderate Bi-Kappa 3,ion,1060500,139.92708333333334,1.4307211637496948,0.6989482125078499,1.4301729202270508,1.3817025423049927,1.4806194305419922,5.241431713104248,5.243645191192627,4.968874931335449,5.5375261306762695,1.1907875662101772,0.2399335975395176,331776
Mirror Moderate Bi-Kappa 3,ion,1061000,139.99305555555554,1.4305580854415894,0.6990278900079172,1.430051326751709,1.3817952871322632,1.480224847793579,5.241867542266846,5.243335723876953,4.969789505004883,5.539951324462891,1.1907717033932432,0.23978638204834613,331776
Mirror Moderate Bi-Kappa 3,ion,1061500,140.05902777777777,1.4304041862487793,0.6991030993991216,1.4298655986785889,1.381531000137329,1.48005211353302,5.24232816696167,5.24398136138916,4.969812870025635,5.538780689239502,1.1907549409634872,0.23964924528529208,331776
Mirror Moderate Bi-Kappa 3,ion,1062000,140.125,1.4302271604537964,0.6991896306057496,1.4293718338012695,1.3812685012817383,1.4797275066375732,5.2428178787231445,5.24459981918335,4.97083044052124,5.539331436157227,1.1907371232669146,0.23949003718688178,331776
Mirror Moderate Bi-Kappa 3,ion,1062500,140.19097222222223,1.4300681352615356,0.6992673812825825,1.4294190406799316,1.3811241388320923,1.4796526432037354,5.243227481842041,5.244410514831543,4.968729019165039,5.539711952209473,1.1907222228032497,0.23934591245828596,331776
Mirror Moderate Bi-Kappa 3,ion,1063000,140.25694444444446,1.4298193454742432,0.6993890544041559,1.4291573762893677,1.3809120655059814,1.4793860912322998,5.243981838226318,5.245186805725098,4.972531318664551,5.539361953735352,1.1906947870624647,0.2391245584117785,331776
Mirror Moderate Bi-Kappa 3,ion,1063500,140.32291666666669,1.4296855926513672,0.699454485056039,1.4290574789047241,1.3807830810546875,1.479219913482666,5.244351387023926,5.245310306549072,4.971245288848877,5.540288925170898,1.1906813495514994,0.23900424309986779,331776
Mirror Moderate Bi-Kappa 3,ion,1064000,140.38888888888889,1.429473876953125,0.6995580794603019,1.4287993907928467,1.3807094097137451,1.479081392288208,5.2449164390563965,5.247982978820801,4.972458839416504,5.541732311248779,1.1906608068249622,0.23881307012816277,331776
Mirror Moderate Bi-Kappa 3,ion,1064500,140.45486111111111,1.4292794466018677,0.6996532430222195,1.4287574291229248,1.3803538084030151,1.4791814088821411,5.245455265045166,5.246771335601807,4.972050666809082,5.542717933654785,1.190641221680763,0.23863822492110476,331776
Mirror Moderate Bi-Kappa 3,ion,1065000,140.52083333333334,1.4290868043899536,0.6997475569210636,1.4283204078674316,1.380397915840149,1.4784870147705078,5.24605655670166,5.2474470138549805,4.972916126251221,5.541987419128418,1.1906193707962476,0.23846743359370604,331776
Mirror Moderate Bi-Kappa 3,ion,1065500,140.58680555555554,1.428901195526123,0.6998384514835533,1.4281758069992065,1.3800020217895508,1.478389859199524,5.246521949768066,5.247190475463867,4.97280216217041,5.544020652770996,1.1906024618927225,0.2382987336334006,331776
Mirror Moderate Bi-Kappa 3,ion,1066000,140.65277777777777,1.4287095069885254,0.6999323481145082,1.4282020330429077,1.3801424503326416,1.4780007600784302,5.247049331665039,5.24704122543335,4.97314453125,5.54463005065918,1.190583304404091,0.2381262025844344,331776
Mirror Moderate Bi-Kappa 3,ion,1066500,140.71875,1.4285509586334229,0.7000100304133482,1.4279248714447021,1.3796969652175903,1.4780547618865967,5.247442722320557,5.249072074890137,4.9742302894592285,5.545156478881836,1.190569016741506,0.2379819418919169,331776
Mirror Moderate Bi-Kappa 3,ion,1067000,140.78472222222223,1.4283645153045654,0.7001014021877835,1.4275572299957275,1.3794962167739868,1.4776520729064941,5.2480244636535645,5.249784469604492,4.9747114181518555,5.544833183288574,1.1905478922451176,0.23781662305944784,331776
Mirror Moderate Bi-Kappa 3,ion,1067500,140.85069444444446,1.4281944036483765,0.7001847909818595,1.4273231029510498,1.379609227180481,1.4775828123092651,5.248497009277344,5.250190258026123,4.9747467041015625,5.546230316162109,1.1905307363674555,0.23766366728092092,331776
Mirror Moderate Bi-Kappa 3,ion,1068000,140.91666666666669,1.4279645681381226,0.7002974879859015,1.4273583889007568,1.379372477531433,1.4772405624389648,5.2490949630737305,5.250755310058594,4.974946022033691,5.546407699584961,1.1905090319445137,0.23745553619360882,331776
Mirror Moderate Bi-Kappa 3,ion,1068500,140.98263888888889,1.4277606010437012,0.7003975311190085,1.4270610809326172,1.37904691696167,1.4772948026657104,5.249629497528076,5.251230716705322,4.976418972015381,5.547980308532715,1.1904896336914588,0.2372709673522424,331776
Mirror Moderate Bi-Kappa 3,ion,1069000,141.04861111111111,1.4275789260864258,0.7004866643285401,1.4269230365753174,1.3789341449737549,1.4769550561904907,5.250150680541992,5.2512078285217285,4.975584030151367,5.548390865325928,1.1904707237653542,0.23710820232107155,331776
Mirror Moderate Bi-Kappa 3,ion,1069500,141.11458333333334,1.427379846572876,0.7005843626004595,1.4266939163208008,1.3789589405059814,1.4767704010009766,5.250784397125244,5.252566814422607,4.976202011108398,5.548625946044922,1.1904477358749468,0.2369321106979292,331776
Mirror Moderate Bi-Kappa 3,ion,1070000,141.18055555555557,1.4271702766418457,0.7006872384933743,1.4264564514160156,1.378629446029663,1.4764866828918457,5.251312732696533,5.252120018005371,4.976096153259277,5.5490827560424805,1.1904285748920733,0.23674170174977238,331776
Mirror Moderate Bi-Kappa 3,ion,1070500,141.24652777777777,1.4269721508026123,0.700784524377397,1.426440715789795,1.3783804178237915,1.4762006998062134,5.251838207244873,5.253368377685547,4.978120803833008,5.549840927124023,1.1904095214929713,0.236562629309641,331776
Mirror Moderate Bi-Kappa 3,ion,1071000,141.3125,1.4267960786819458,0.7008710038814979,1.4262292385101318,1.3781728744506836,1.4759786128997803,5.252325534820557,5.254611015319824,4.977865695953369,5.551680564880371,1.190391854688071,0.23640422399387484,331776
Mirror Moderate Bi-Kappa 3,ion,1071500,141.37847222222223,1.42660653591156,0.7009641234827437,1.425811767578125,1.3780351877212524,1.4756999015808105,5.252776145935059,5.255091667175293,4.977323055267334,5.552547931671143,1.1903755218607337,0.23623101405082636,331776
Mirror Moderate Bi-Kappa 3,ion,1072000,141.44444444444446,1.4263827800750732,0.7010740833167995,1.4254765510559082,1.3778691291809082,1.47548508644104,5.253411293029785,5.254271984100342,4.977071762084961,5.553039073944092,1.1903525051097366,0.23603027496533668,331776
Mirror Moderate Bi-Kappa 3,ion,1072500,141.51041666666669,1.426203966140747,0.7011619822555686,1.425546407699585,1.377652645111084,1.4755821228027344,5.253936767578125,5.255082130432129,4.979345798492432,5.553000450134277,1.1903334669292116,0.23587049921153547,331776
Mirror Moderate Bi-Kappa 3,ion,1073000,141.57638888888889,1.4260505437850952,0.7012374171154899,1.4254032373428345,1.3775513172149658,1.4752535820007324,5.254373073577881,5.256497859954834,4.97956657409668,5.553281307220459,1.190317662259004,0.2357328815260913,331776
Mirror Moderate Bi-Kappa 3,ion,1073500,141.64236111111111,1.4258520603179932,0.7013350317542623,1.4249780178070068,1.3774656057357788,1.475181221961975,5.254899024963379,5.25720739364624,4.979650974273682,5.55400276184082,1.1902986137791618,0.23555344653883137,331776
Mirror Moderate Bi-Kappa 3,ion,1074000,141.70833333333334,1.4256407022476196,0.7014390080357779,1.4250664710998535,1.376873254776001,1.4749263525009155,5.255484104156494,5.257725715637207,4.980314254760742,5.555079460144043,1.1902774283360715,0.2353632739115481,331776
Mirror Moderate Bi-Kappa 3,ion,1074500,141.77430555555557,1.4254311323165894,0.7015421350976213,1.4247655868530273,1.3770272731781006,1.4747073650360107,5.255995273590088,5.257871627807617,4.97997522354126,5.556220054626465,1.1902589229911833,0.23517220932540606,331776
Mirror Moderate Bi-Kappa 3,ion,1075000,141.84027777777777,1.4252699613571167,0.7016214661872322,1.424285650253296,1.3768032789230347,1.4744161367416382,5.256481170654297,5.257413864135742,4.982034683227539,5.556058883666992,1.1902413358926816,0.23502862546443515,331776
Mirror Moderate Bi-Kappa 3,ion,1075500,141.90625,1.4250801801681519,0.7017149027235824,1.4242112636566162,1.3766090869903564,1.4740815162658691,5.256875038146973,5.259064674377441,4.98195219039917,5.5567121505737305,1.1902270822006253,0.23485309796752651,331776
Mirror Moderate Bi-Kappa 3,ion,1076000,141.97222222222223,1.4249026775360107,0.7018023165829356,1.4241995811462402,1.3763400316238403,1.474229335784912,5.257448673248291,5.258810997009277,4.981355667114258,5.557831764221191,1.1902063267090641,0.23469635082694662,331776
Mirror Moderate Bi-Kappa 3,ion,1076500,142.03819444444446,1.4247502088546753,0.701877419483853,1.4240272045135498,1.376347303390503,1.473842978477478,5.257821083068848,5.259876251220703,4.982893943786621,5.557188034057617,1.1901928544545162,0.23455735440015912,331776
Mirror Moderate Bi-Kappa 3,ion,1077000,142.10416666666669,1.4245753288269043,0.7019635815422063,1.4237020015716553,1.3758649826049805,1.4738593101501465,5.258367538452148,5.260031700134277,4.9833173751831055,5.55734920501709,1.1901730894022595,0.23440223942464478,331776
Mirror Moderate Bi-Kappa 3,ion,1077500,142.17013888888889,1.4243792295455933,0.7020602233290224,1.4236524105072021,1.3759444952011108,1.473508596420288,5.258892059326172,5.260006904602051,4.983389854431152,5.558599472045898,1.1901541215752072,0.2342251079703861,331776
Mirror Moderate Bi-Kappa 3,ion,1078000,142.23611111111111,1.4241811037063599,0.7021578908732535,1.4235162734985352,1.375800371170044,1.4730340242385864,5.259346961975098,5.260631084442139,4.983424186706543,5.559401512145996,1.190137674359567,0.2340434293467928,331776
Mirror Moderate Bi-Kappa 3,ion,1078500,142.30208333333334,1.423980474472046,0.7022568201791948,1.423259973526001,1.375616192817688,1.4731731414794922,5.259897708892822,5.261540412902832,4.983736991882324,5.559591293334961,1.1901177656571755,0.23386270881487037,331776
Mirror Moderate Bi-Kappa 3,ion,1079000,142.36805555555557,1.4238511323928833,0.702320612913675,1.4230763912200928,1.3754065036773682,1.472898244857788,5.260266304016113,5.261080741882324,4.985379219055176,5.561068534851074,1.1901044438066792,0.23374668858620407,331776
Mirror Moderate Bi-Kappa 3,ion,1079500,142.43402777777777,1.4236862659454346,0.7024019434056455,1.4229621887207031,1.375402808189392,1.472335696220398,5.260680198669434,5.262633323669434,4.985377311706543,5.561246871948242,1.190089486955114,0.2335967789903206,331776
Mirror Moderate Bi-Kappa 3,ion,1080000,142.5,1.4235135316848755,0.7024871753880672,1.422736644744873,1.3750256299972534,1.4726076126098633,5.261240482330322,5.263670921325684,4.985583782196045,5.5621657371521,1.1900692438139755,0.2334442878709,331776
Mirror Moderate Bi-Kappa 3,ion,1080500,142.56597222222223,1.4232925176620483,0.702596260143794,1.4224284887313843,1.3749127388000488,1.4723097085952759,5.2618327140808105,5.263453006744385,4.986696243286133,5.563406467437744,1.190047851069832,0.23324466659221632,331776
Mirror Moderate Bi-Kappa 3,ion,1081000,142.63194444444446,1.4231144189834595,0.702684188046037,1.422145128250122,1.3747667074203491,1.4720606803894043,5.2622833251953125,5.263542175292969,4.986257553100586,5.562958717346191,1.1900315772075774,0.23308284177588212,331776
Mirror Moderate Bi-Kappa 3,ion,1081500,142.69791666666669,1.422934651374817,0.7027729622255076,1.422184944152832,1.3745150566101074,1.4719334840774536,5.26274299621582,5.2653069496154785,4.987590789794922,5.562972545623779,1.1900149790174157,0.2329196723574012,331776
Mirror Moderate Bi-Kappa 3,ion,1082000,142.76388888888889,1.4227328300476074,0.7028726538675136,1.4220033884048462,1.3746070861816406,1.4715502262115479,5.263287544250488,5.265753746032715,4.987069129943848,5.564507484436035,1.1899953197678474,0.23273751027975997,331776
Mirror Moderate Bi-Kappa 3,ion,1082500,142.82986111111111,1.422542929649353,0.7029664828790039,1.421715259552002,1.3744248151779175,1.471423864364624,5.263841152191162,5.26691198348999,4.987680435180664,5.564966678619385,1.1899753376075441,0.23256759204180888,331776
Mirror Moderate Bi-Kappa 3,ion,1083000,142.89583333333334,1.4223685264587402,0.7030526768542131,1.4216489791870117,1.3742260932922363,1.471187710762024,5.2642974853515625,5.266684532165527,4.987895965576172,5.56561279296875,1.1899588696844356,0.23240965677430458,331776
Mirror Moderate Bi-Kappa 3,ion,1083500,142.96180555555557,1.4221810102462769,0.7031453751634833,1.4214756488800049,1.3737460374832153,1.4713351726531982,5.264828205108643,5.266760349273682,4.988879680633545,5.5659403800964355,1.189939720925683,0.23224128932059385,331776
Mirror Moderate Bi-Kappa 3,ion,1084000,143.02777777777777,1.4219859838485718,0.7032418120560678,1.421173334121704,1.3739663362503052,1.4707386493682861,5.265323162078857,5.267545700073242,4.988154888153076,5.567333221435547,1.1899218659933457,0.23206411785522607,331776
Mirror Moderate Bi-Kappa 3,ion,1084500,143.09375,1.4217606782913208,0.7033532543619121,1.4211370944976807,1.3733949661254883,1.4706562757492065,5.266040325164795,5.268063545227051,4.989474296569824,5.567104339599609,1.1898960012177093,0.23186467707361147,331776
Mirror Moderate Bi-Kappa 3,ion,1085000,143.15972222222223,1.4215184450149536,0.7034731089890857,1.420735239982605,1.3733335733413696,1.4703296422958374,5.266617774963379,5.269036293029785,4.989984512329102,5.568554401397705,1.1898751803774015,0.23164326463755214,331776
Mirror Moderate Bi-Kappa 3,ion,1085500,143.22569444444446,1.421347737312317,0.7035575980097171,1.4204657077789307,1.37337327003479,1.4698848724365234,5.267023086547852,5.268644332885742,4.989900588989258,5.569003582000732,1.1898605689718795,0.23148716834043737,331776
Mirror Moderate Bi-Kappa 3,ion,1086000,143.29166666666669,1.42108952999115,0.7036854321249046,1.420283317565918,1.3729019165039062,1.469967246055603,5.267667293548584,5.269211769104004,4.991424560546875,5.569864273071289,1.1898373500590518,0.23125217993209812,331776
Mirror Moderate Bi-Kappa 3,ion,1086500,143.35763888888889,1.4208554029464722,0.703801384663259,1.4203689098358154,1.37287175655365,1.469589114189148,5.268305778503418,5.270176887512207,4.990597248077393,5.57071590423584,1.1898143429867643,0.23104105995970792,331776
Mirror Moderate Bi-Kappa 3,ion,1087000,143.42361111111111,1.420629858970642,0.7039131225388846,1.4200072288513184,1.3725078105926514,1.4694297313690186,5.268979549407959,5.270148277282715,4.991791725158691,5.570626258850098,1.1897900704724436,0.23083978849819853,331776
Mirror Moderate Bi-Kappa 3,ion,1087500,143.48958333333334,1.4204578399658203,0.7039983671912871,1.419735074043274,1.3722333908081055,1.4693281650543213,5.269493103027344,5.271306991577148,4.992175579071045,5.571786880493164,1.1897715739347863,0.23068626603103404,331776
Mirror Moderate Bi-Kappa 3,ion,1088000,143.55555555555557,1.420220971107483,0.7041157822223987,1.419330358505249,1.372162103652954,1.4690825939178467,5.270073413848877,5.270939350128174,4.9922027587890625,5.571834564208984,1.1897506773572009,0.23047029375028205,331776
Mirror Moderate Bi-Kappa 3,ion,1088500,143.62152777777777,1.4199976921081543,0.7042264966750629,1.4194159507751465,1.3717851638793945,1.4689948558807373,5.270698547363281,5.272194862365723,4.994124412536621,5.573680877685547,1.1897281718948354,0.23026952021331892,331776
Mirror Moderate Bi-Kappa 3,ion,1089000,143.6875,1.4198291301727295,0.7043101023560102,1.4191224575042725,1.3716654777526855,1.4686976671218872,5.2711663246154785,5.273553371429443,4.993280410766602,5.573784828186035,1.189711334914659,0.2301177952580704,331776
Mirror Moderate Bi-Kappa 3,ion,1089500,143.75347222222223,1.4196031093597412,0.7044222384459361,1.4189715385437012,1.3713722229003906,1.4685138463974,5.27179479598999,5.273991584777832,4.994447708129883,5.574731826782227,1.1896887186809042,0.229914390678837,331776
Mirror Moderate Bi-Kappa 3,ion,1090000,143.81944444444446,1.4193787574768066,0.7045335818451126,1.4187073707580566,1.371277093887329,1.468123435974121,5.2723774909973145,5.273984432220459,4.9957051277160645,5.575266361236572,1.1896677545770422,0.22971100289976443,331776
Mirror Moderate Bi-Kappa 3,ion,1090500,143.88541666666669,1.4191523790359497,0.7046459666856312,1.4185640811920166,1.370995044708252,1.4679385423660278,5.273022174835205,5.275177001953125,4.994626522064209,5.577314853668213,1.1896445656482095,0.22950781338774018,331776
Mirror Moderate Bi-Kappa 3,ion,1091000,143.95138888888889,1.4189561605453491,0.7047434077284451,1.4183049201965332,1.3707835674285889,1.4677503108978271,5.2735419273376465,5.276401519775391,4.994354724884033,5.57719087600708,1.1896258745599566,0.2293302859853925,331776
Mirror Moderate Bi-Kappa 3,ion,1091500,144.01736111111111,1.4187144041061401,0.7048634997330905,1.4179902076721191,1.3704984188079834,1.4675967693328857,5.274219036102295,5.276793479919434,4.996685981750488,5.57911491394043,1.189601530227499,0.2291128738786412,331776
Mirror Moderate Bi-Kappa 3,ion,1092000,144.08333333333334,1.4184696674346924,0.704985113857601,1.417752981185913,1.3704710006713867,1.467329502105713,5.274869441986084,5.277830600738525,4.996737480163574,5.57759952545166,1.189578151838291,0.2288915155964013,331776
Mirror Moderate Bi-Kappa 3,ion,1092500,144.14930555555557,1.4182277917861938,0.705105347527103,1.41775381565094,1.3701846599578857,1.4669920206069946,5.275540351867676,5.277332305908203,4.998335838317871,5.578741550445557,1.1895540424870363,0.2286737492991575,331776
Mirror Moderate Bi-Kappa 3,ion,1093000,144.21527777777777,1.4179563522338867,0.7052403259272212,1.417199969291687,1.3699721097946167,1.4669644832611084,5.276274681091309,5.277471542358398,4.999265670776367,5.580428123474121,1.1895276611704315,0.2284286910634552,331776
Mirror Moderate Bi-Kappa 3,ion,1093500,144.28125,1.417766809463501,0.7053346102652885,1.4170904159545898,1.3698928356170654,1.4665616750717163,5.276822090148926,5.279000282287598,4.997852325439453,5.5805816650390625,1.1895079998749356,0.22825880958856537,331776
Mirror Moderate Bi-Kappa 3,ion,1094000,144.34722222222223,1.4175599813461304,0.7054375216281071,1.416892647743225,1.369497537612915,1.4665113687515259,5.2774128913879395,5.279809951782227,4.998493194580078,5.582143783569336,1.189486784638714,0.22807319670741633,331776
Mirror Moderate Bi-Kappa 3,ion,1094500,144.41319444444446,1.4173026084899902,0.7055656244543366,1.4166892766952515,1.3690885305404663,1.4661948680877686,5.278152942657471,5.280329704284668,4.999015808105469,5.582126617431641,1.1894602166447483,0.2278423918452419,331776
Mirror Moderate Bi-Kappa 3,ion,1095000,144.47916666666669,1.4170739650726318,0.7056794667374651,1.4163167476654053,1.3688944578170776,1.4660394191741943,5.2787322998046875,5.281086444854736,4.999652862548828,5.583376407623291,1.1894394228017586,0.2276345422708732,331776
Mirror Moderate Bi-Kappa 3,ion,1095500,144.54513888888889,1.4168566465377808,0.7057877043832146,1.416090726852417,1.3685718774795532,1.4656927585601807,5.279354572296143,5.282026290893555,5.0002970695495605,5.585641860961914,1.1894170937575559,0.22743955278022487,331776
Mirror Moderate Bi-Kappa 3,ion,1096000,144.61111111111111,1.4165993928909302,0.7059158750303052,1.4159414768218994,1.368587851524353,1.4654853343963623,5.280101299285889,5.281842231750488,4.999715805053711,5.5865983963012695,1.1893903058517543,0.22720908703917586,331776
Mirror Moderate Bi-Kappa 3,ion,1096500,144.67708333333334,1.4163752794265747,0.7060275723005093,1.4155396223068237,1.368308424949646,1.4651998281478882,5.280729293823242,5.285149574279785,5.001353740692139,5.586370468139648,1.1893677831904164,0.22700749623615835,331776
Mirror Moderate Bi-Kappa 3,ion,1097000,144.74305555555557,1.4161728620529175,0.7061284867091553,1.4157016277313232,1.3681005239486694,1.4648375511169434,5.281306266784668,5.283015251159668,5.00249719619751,5.587264537811279,1.1893470951096372,0.22682576694328027,331776
Mirror Moderate Bi-Kappa 3,ion,1097500,144.80902777777777,1.415909767150879,0.7062596947912997,1.4153509140014648,1.3678206205368042,1.4646888971328735,5.282081127166748,5.284344673156738,5.002899646759033,5.587766170501709,1.1893193186406794,0.2265904485101995,331776
Mirror Moderate Bi-Kappa 3,ion,1098000,144.875,1.4156657457351685,0.7063814343269926,1.4152166843414307,1.367844581604004,1.4644386768341064,5.282737731933594,5.28428840637207,5.003055095672607,5.588400363922119,1.1892957876661385,0.22636995806902993,331776
Mirror Moderate Bi-Kappa 3,ion,1098500,144.94097222222223,1.4153741598129272,0.7065269583077396,1.4147413969039917,1.367181658744812,1.4643115997314453,5.28353214263916,5.285927772521973,5.002881050109863,5.590548515319824,1.1892673259105968,0.22610683390233044,331776
Mirror Moderate Bi-Kappa 3,ion,1099000,145.00694444444446,1.4151365756988525,0.7066455755382897,1.4144538640975952,1.3672159910202026,1.46388840675354,5.284238815307617,5.286807060241699,5.005011558532715,5.589115619659424,1.1892420147823668,0.22589456091648574,331776
Mirror Moderate Bi-Kappa 3,ion,1099500,145.07291666666669,1.414920687675476,0.7067533952329619,1.4143023490905762,1.3666346073150635,1.464003324508667,5.284823894500732,5.287408828735352,5.005690574645996,5.590276718139648,1.1892210639299783,0.2256996237454978,331776
Mirror Moderate Bi-Kappa 3,ion,1100000,145.13888888888889,1.4147385358810425,0.7068443918347358,1.4141967296600342,1.3666584491729736,1.4635494947433472,5.285381317138672,5.288183212280273,5.005941390991211,5.591011047363281,1.1892011077341467,0.2255374281468958,331776
Mirror Moderate Bi-Kappa 3,ion,1100500,145.20486111111111,1.414475440979004,0.7069758661259384,1.4138249158859253,1.3662813901901245,1.4632840156555176,5.286133766174316,5.2896294593811035,5.0072126388549805,5.590472221374512,1.1891741761055965,0.2253012648734074,331776
Mirror Moderate Bi-Kappa 3,ion,1101000,145.27083333333334,1.4142277240753174,0.7070997004063422,1.4136899709701538,1.3663071393966675,1.462904453277588,5.286868095397949,5.289943695068359,5.007871627807617,5.592647552490234,1.1891479004120546,0.22507982366326273,331776
Mirror Moderate Bi-Kappa 3,ion,1101500,145.33680555555557,1.4140201807022095,0.7072034852454475,1.413358211517334,1.365803599357605,1.462999939918518,5.287447929382324,5.290411949157715,5.007441997528076,5.594512939453125,1.1891271580081204,0.22489302269408906,331776
Mirror Moderate Bi-Kappa 3,ion,1102000,145.40277777777777,1.4137318134307861,0.7073477377390561,1.4132452011108398,1.3656792640686035,1.462475299835205,5.2881975173950195,5.290901184082031,5.008394241333008,5.59520149230957,1.1891003497336465,0.2246314636971396,331776
Mirror Moderate Bi-Kappa 3,ion,1102500,145.46875,1.4134740829467773,0.7074767143343892,1.412900686264038,1.3655264377593994,1.4622777700424194,5.28901481628418,5.291677951812744,5.0082244873046875,5.597329139709473,1.1890711285060371,0.2244029544407402,331776
Mirror Moderate Bi-Kappa 3,ion,1103000,145.53472222222223,1.4132864475250244,0.7075706427039048,1.4127392768859863,1.3653734922409058,1.4619996547698975,5.289536476135254,5.292162895202637,5.009388446807861,5.5971503257751465,1.1890524821053206,0.22423396541970386,331776
Mirror Moderate Bi-Kappa 3,ion,1103500,145.60069444444446,1.4130357503890991,0.707696178051147,1.4126085042953491,1.3650572299957275,1.4618449211120605,5.290186882019043,5.292220592498779,5.008816719055176,5.598084449768066,1.1890292389100519,0.22400651147904727,331776
Mirror Moderate Bi-Kappa 3,ion,1104000,145.66666666666669,1.412753701210022,0.7078374660377822,1.412081003189087,1.3648123741149902,1.4615375995635986,5.291031837463379,5.293590545654297,5.0109405517578125,5.597412109375,1.1889990517387283,0.22375464947129364,331776
Mirror Moderate Bi-Kappa 3,ion,1104500,145.73263888888889,1.4125279188156128,0.7079506087486664,1.4120330810546875,1.3645660877227783,1.4612643718719482,5.291757106781006,5.294904708862305,5.010889053344727,5.5989532470703125,1.1889731482041328,0.22355477061148,331776
Mirror Moderate Bi-Kappa 3,ion,1105000,145.79861111111111,1.412234902381897,0.70809749731676,1.411834716796875,1.3644551038742065,1.4608460664749146,5.292633533477783,5.295154094696045,5.012509346008301,5.600941181182861,1.1889418554439195,0.22329304693797747,331776
Mirror Moderate Bi-Kappa 3,ion,1105500,145.86458333333334,1.4119887351989746,0.708220947569445,1.411493182182312,1.364059329032898,1.4609618186950684,5.2933173179626465,5.295670986175537,5.011452674865723,5.601475238800049,1.1889174481579903,0.22307128704098433,331776
Mirror Moderate Bi-Kappa 3,ion,1106000,145.93055555555557,1.41177237033844,0.7083294878198197,1.4111895561218262,1.3637501001358032,1.460422158241272,5.293882846832275,5.297247886657715,5.013022422790527,5.601464748382568,1.1888972667006363,0.2228751036378036,331776
Mirror Moderate Bi-Kappa 3,ion,1106500,145.99652777777777,1.4115521907806396,0.7084399758870862,1.411109447479248,1.363607406616211,1.460301160812378,5.294604778289795,5.297104358673096,5.012899875640869,5.603757381439209,1.1888715101267688,0.2226806806538708,331776
Mirror Moderate Bi-Kappa 3,ion,1107000,146.0625,1.4113223552703857,0.7085553461727861,1.4108150005340576,1.3630976676940918,1.4602056741714478,5.295315742492676,5.298490524291992,5.014658451080322,5.603146076202393,1.188846151698835,0.22247620357155085,331776
Mirror Moderate Bi-Kappa 3,ion,1107500,146.12847222222223,1.411091685295105,0.7086711731214458,1.4106056690216064,1.362859845161438,1.4599370956420898,5.295987606048584,5.29986572265625,5.014256477355957,5.604680061340332,1.1888221941565522,0.22226949113855277,331776
Mirror Moderate Bi-Kappa 3,ion,1108000,146.19444444444446,1.4108277559280396,0.7088037471606179,1.4100842475891113,1.3627737760543823,1.4596527814865112,5.296814918518066,5.299798011779785,5.015551567077637,5.605534076690674,1.1887927019129787,0.22203505401506085,331776
Mirror Moderate Bi-Kappa 3,ion,1108500,146.26041666666669,1.410575032234192,0.7089307389881364,1.4100474119186401,1.3628175258636475,1.459271788597107,5.297583103179932,5.299501419067383,5.016125679016113,5.6060614585876465,1.1887653257199002,0.22180970651429166,331776
Mirror Moderate Bi-Kappa 3,ion,1109000,146.32638888888889,1.4103549718856812,0.7090413547895492,1.409846305847168,1.3623621463775635,1.4592080116271973,5.298223495483398,5.301641464233398,5.016605377197266,5.6079254150390625,1.1887425097964393,0.2216124620892419,331776
Mirror Moderate Bi-Kappa 3,ion,1109500,146.39236111111111,1.4101722240447998,0.7091332412800601,1.40968656539917,1.3620489835739136,1.4589945077896118,5.29884147644043,5.301180839538574,5.01764440536499,5.608471393585205,1.188720497574078,0.22145172647072187,331776
Mirror Moderate Bi-Kappa 3,ion,1110000,146.45833333333334,1.4098838567733765,0.7092782821760751,1.4092936515808105,1.3620275259017944,1.4587072134017944,5.2996134757995605,5.3021697998046875,5.017740249633789,5.609165668487549,1.1886930064931063,0.2211908502802702,331776
Mirror Moderate Bi-Kappa 3,ion,1110500,146.52430555555557,1.4095550775527954,0.7094437215863562,1.4091154336929321,1.361701250076294,1.4584290981292725,5.300612449645996,5.302833557128906,5.017684459686279,5.608902454376221,1.188657444682036,0.22089763287075947,331776
Mirror Moderate Bi-Kappa 3,ion,1111000,146.59027777777777,1.4093694686889648,0.7095371527596863,1.4087553024291992,1.3614147901535034,1.4582489728927612,5.301241874694824,5.304001808166504,5.018473148345947,5.611380577087402,1.1886350450775398,0.22073442361142503,331776
Mirror Moderate Bi-Kappa 3,ion,1111500,146.65625,1.4091237783432007,0.7096608654037232,1.408388376235962,1.3613009452819824,1.4580109119415283,5.3019914627075195,5.305078506469727,5.020552635192871,5.611659526824951,1.1886083761231367,0.22051540222006394,331776
Mirror Moderate Bi-Kappa 3,ion,1112000,146.72222222222223,1.4088753461837769,0.7097860025081011,1.408456563949585,1.361016035079956,1.4576146602630615,5.302804470062256,5.304601669311523,5.020480155944824,5.613520622253418,1.1885794593494148,0.22029588683436208,331776
Mirror Moderate Bi-Kappa 3,ion,1112500,146.78819444444446,1.4086196422576904,0.7099148485514741,1.408088207244873,1.3606963157653809,1.4575796127319336,5.303524017333984,5.306575775146484,5.020180702209473,5.615169525146484,1.1885538741281476,0.22006576812954282,331776
Mirror Moderate Bi-Kappa 3,ion,1113000,146.85416666666669,1.4083912372589111,0.7100299785635242,1.4078850746154785,1.3604341745376587,1.4573110342025757,5.304285049438477,5.307581901550293,5.02065896987915,5.616865634918213,1.188526821367917,0.21986441589099415,331776
Mirror Moderate Bi-Kappa 3,ion,1113500,146.92013888888889,1.4081659317016602,0.710143582859995,1.4076870679855347,1.3601890802383423,1.4568763971328735,5.3049702644348145,5.3066816329956055,5.022343635559082,5.614678382873535,1.1885024703539104,0.21966346134774972,331776
Mirror Moderate Bi-Kappa 3,ion,1114000,146.98611111111111,1.4079145193099976,0.7102703937523765,1.407509207725525,1.360095500946045,1.456663966178894,5.305859088897705,5.308098793029785,5.0219550132751465,5.616217613220215,1.1884708928837668,0.21944362642623072,331776
Mirror Moderate Bi-Kappa 3,ion,1114500,147.05208333333334,1.4076483249664307,0.710404709943336,1.4071967601776123,1.3599355220794678,1.456342339515686,5.30661678314209,5.309924125671387,5.023120403289795,5.617351531982422,1.1884439824591766,0.21920434250725407,331776
Mirror Moderate Bi-Kappa 3,ion,1115000,147.11805555555557,1.4074418544769287,0.710508925693166,1.406943678855896,1.3597581386566162,1.4560470581054688,5.307313442230225,5.310894012451172,5.02451229095459,5.618899345397949,1.1884192465519396,0.21902260792498907,331776
Mirror Moderate Bi-Kappa 3,ion,1115500,147.18402777777777,1.4072365760803223,0.7106125700522739,1.4066646099090576,1.3593422174453735,1.4560623168945312,5.307957649230957,5.3117265701293945,5.024130821228027,5.619171619415283,1.1883963788115162,0.2188401972688061,331776
Mirror Moderate Bi-Kappa 3,ion,1116000,147.25,1.4069644212722778,0.7107500267105038,1.406470775604248,1.3589739799499512,1.4558956623077393,5.308844089508057,5.311564922332764,5.025461196899414,5.6202592849731445,1.1883649214668621,0.2185994998054157,331776
Mirror Moderate Bi-Kappa 3,ion,1116500,147.31597222222223,1.4066871404647827,0.7108901270467224,1.4062378406524658,1.3590295314788818,1.4552936553955078,5.30974817276001,5.3125224113464355,5.026264667510986,5.621723651885986,1.1883328488402114,0.21835429162457132,331776
Mirror Moderate Bi-Kappa 3,ion,1117000,147.38194444444446,1.4064406156539917,0.711014733839297,1.4059712886810303,1.358707308769226,1.4551361799240112,5.310572147369385,5.312995910644531,5.026459693908691,5.622047424316406,1.1883036276035444,0.21813698805044734,331776
Mirror Moderate Bi-Kappa 3,ion,1117500,147.44791666666669,1.40620756149292,0.7111325720211147,1.405705213546753,1.358426809310913,1.4550135135650635,5.311249732971191,5.314366340637207,5.027007102966309,5.623793125152588,1.18827960466483,0.21792795682808985,331776
Mirror Moderate Bi-Kappa 3,ion,1118000,147.51388888888889,1.4059606790542603,0.7112574447477894,1.4054908752441406,1.3582220077514648,1.4546290636062622,5.3120198249816895,5.314579010009766,5.027157783508301,5.625593185424805,1.1882523094693922,0.21770836958486806,331776
Mirror Moderate Bi-Kappa 3,ion,1118500,147.57986111111111,1.405713677406311,0.7113824216643497,1.405268669128418,1.3579734563827515,1.4544126987457275,5.312987327575684,5.316445827484131,5.029238700866699,5.626838684082031,1.188218028454493,0.21749564895181805,331776
Mirror Moderate Bi-Kappa 3,ion,1119000,147.64583333333334,1.4054656028747559,0.7115079856487332,1.4049878120422363,1.3577134609222412,1.4543135166168213,5.313683032989502,5.318295478820801,5.029984951019287,5.627137660980225,1.1881933856030917,0.21727221727166413,331776
Mirror Moderate Bi-Kappa 3,ion,1119500,147.71180555555557,1.4052178859710693,0.7116334128560815,1.40468430519104,1.3575387001037598,1.4536634683609009,5.314568996429443,5.318114280700684,5.030298709869385,5.627001762390137,1.1881620128879393,0.21705587308313,331776
Mirror Moderate Bi-Kappa 3,ion,1120000,147.77777777777777,1.404995083808899,0.7117462626908491,1.4045581817626953,1.3574203252792358,1.4536195993423462,5.315332412719727,5.317860126495361,5.031610012054443,5.627902984619141,1.188134988059632,0.216860095749267,331776
Mirror Moderate Bi-Kappa 3,ion,1120500,147.84375,1.4047400951385498,0.7118754589982497,1.404191017150879,1.3567981719970703,1.453432321548462,5.316104888916016,5.318357467651367,5.031369686126709,5.630185604095459,1.1881076504124255,0.2166324447261243,331776
Mirror Moderate Bi-Kappa 3,ion,1121000,147.90972222222223,1.4044657945632935,0.7120144925358908,1.403925895690918,1.3567466735839844,1.453078031539917,5.31694221496582,5.3198323249816895,5.032418251037598,5.6292572021484375,1.1880780267246949,0.2163877678385986,331776
Mirror Moderate Bi-Kappa 3,ion,1121500,147.97569444444446,1.404217004776001,0.7121406425066892,1.4038625955581665,1.3563356399536133,1.4527089595794678,5.317800521850586,5.320775032043457,5.033225059509277,5.629876136779785,1.1880476704402596,0.21616933433574137,331776
Mirror Moderate Bi-Kappa 3,ion,1122000,148.04166666666669,1.4039576053619385,0.7122722197456961,1.4036304950714111,1.3562496900558472,1.4527461528778076,5.318759441375732,5.32185173034668,5.032334327697754,5.631712436676025,1.1880137673121278,0.21594383804981065,331776
Mirror Moderate Bi-Kappa 3,ion,1122500,148.10763888888889,1.403680682182312,0.7124127393740954,1.4033896923065186,1.356010913848877,1.4523656368255615,5.319704532623291,5.322112083435059,5.034657001495361,5.632848739624023,1.1879803650498748,0.2157003171324372,331776
Mirror Moderate Bi-Kappa 3,ion,1123000,148.17361111111111,1.4034361839294434,0.7125368516579976,1.4030643701553345,1.3559539318084717,1.4518203735351562,5.320420265197754,5.322568893432617,5.03655481338501,5.633172035217285,1.1879550768839182,0.21548110704552514,331776
Mirror Moderate Bi-Kappa 3,ion,1123500,148.23958333333334,1.4033136367797852,0.7125990753533344,1.4029042720794678,1.3556798696517944,1.4518169164657593,5.320923805236816,5.324160099029541,5.036038398742676,5.634607315063477,1.1879372899525091,0.21537634682727602,331776
Mirror Moderate Bi-Kappa 3,ion,1124000,148.30555555555557,1.4030383825302124,0.7127388761785827,1.4022382497787476,1.3551949262619019,1.451526403427124,5.321878910064697,5.324857711791992,5.035245418548584,5.636111736297607,1.1879035612983992,0.21513482123181316,331776
Mirror Moderate Bi-Kappa 3,ion,1124500,148.37152777777777,1.40281343460083,0.7128531673098423,1.4021854400634766,1.3551985025405884,1.4511632919311523,5.3226470947265625,5.325608253479004,5.037286758422852,5.637386322021484,1.1878764423421486,0.21493699225868146,331776
Mirror Moderate Bi-Kappa 3,ion,1125000,148.4375,1.4025315046310425,0.7129964615397822,1.4022215604782104,1.3550328016281128,1.4510735273361206,5.3234968185424805,5.327122688293457,5.037100791931152,5.637086868286133,1.187846453954262,0.21468505067678056,331776
Mirror Moderate Bi-Kappa 3,ion,1125500,148.50347222222223,1.4022750854492188,0.7131268396454823,1.401800274848938,1.3546125888824463,1.4507968425750732,5.3244147300720215,5.327834129333496,5.039003372192383,5.639103889465332,1.1878140698454707,0.21446101560374808,331776
Mirror Moderate Bi-Kappa 3,ion,1126000,148.56944444444446,1.4020373821258545,0.7132477441391321,1.401383638381958,1.3546478748321533,1.4507161378860474,5.3253092765808105,5.329263687133789,5.0398736000061035,5.640193462371826,1.1877825208007569,0.21425486132509763,331776
Mirror Moderate Bi-Kappa 3,ion,1126500,148.63541666666669,1.4018410444259644,0.713347639503227,1.4015998840332031,1.3543518781661987,1.450528621673584,5.325948715209961,5.329403400421143,5.039952754974365,5.640759468078613,1.187759975447037,0.21408106897892742,331776
Mirror Moderate Bi-Kappa 3,ion,1127000,148.70138888888889,1.4016258716583252,0.7134571501715048,1.4011222124099731,1.3540070056915283,1.4500041007995605,5.3266425132751465,5.32994270324707,5.04109001159668,5.641340255737305,1.1877355196087935,0.21389035204953166,331776
Mirror Moderate Bi-Kappa 3,ion,1127500,148.76736111111111,1.4014027118682861,0.7135707613030416,1.4006885290145874,1.3538469076156616,1.4498051404953003,5.32746696472168,5.330815315246582,5.041282653808594,5.642167568206787,1.1877064666232506,0.2136962452450355,331776
Mirror Moderate Bi-Kappa 3,ion,1128000,148.83333333333334,1.4011805057525635,0.7136839228739538,1.4007261991500854,1.3537523746490479,1.4494383335113525,5.328212738037109,5.330460548400879,5.041687965393066,5.643769264221191,1.187680193934673,0.21350031181789042,331776
Mirror Moderate Bi-Kappa 3,ion,1128500,148.89930555555557,1.400935173034668,0.7138089036866903,1.4004902839660645,1.3534748554229736,1.449437141418457,5.329063415527344,5.331809043884277,5.0427961349487305,5.64401912689209,1.1876502345771098,0.21328493845755814,331776
Mirror Moderate Bi-Kappa 3,ion,1129000,148.96527777777777,1.4006860256195068,0.713935872643344,1.4003167152404785,1.3531256914138794,1.449293851852417,5.32995080947876,5.332942962646484,5.043342113494873,5.644611835479736,1.1876189923219562,0.2130670332975506,331776
Mirror Moderate Bi-Kappa 3,ion,1129500,149.03125,1.400437831878662,0.714062400512644,1.3999605178833008,1.3530153036117554,1.4487580060958862,5.330783843994141,5.334471702575684,5.044751167297363,5.645180702209473,1.1875896733510658,0.2128481585275963,331776
Mirror Moderate Bi-Kappa 3,ion,1130000,149.09722222222223,1.40023672580719,0.7141649562316209,1.399762749671936,1.3525508642196655,1.4487900733947754,5.331500053405762,5.335048675537109,5.045860290527344,5.6457014083862305,1.1875644734095425,0.21267225239764742,331776
Mirror Moderate Bi-Kappa 3,ion,1130500,149.16319444444446,1.400041103363037,0.7142647437978079,1.3995442390441895,1.3523244857788086,1.4484683275222778,5.332213878631592,5.335607528686523,5.046119689941406,5.647505760192871,1.1875393640917926,0.2125017392712445,331776
Mirror Moderate Bi-Kappa 3,ion,1131000,149.22916666666669,1.3997910022735596,0.7143923616995583,1.3990943431854248,1.3521296977996826,1.4482420682907104,5.333083629608154,5.3368377685546875,5.04692268371582,5.6494245529174805,1.1875087790576189,0.2122822232159407,331776
Mirror Moderate Bi-Kappa 3,ion,1131500,149.29513888888889,1.399523138999939,0.7145290936129665,1.3989307880401611,1.3520827293395996,1.4479637145996094,5.334033966064453,5.337349891662598,5.047361850738525,5.64852237701416,1.1874753716159439,0.2120477673839951,331776
Mirror Moderate Bi-Kappa 3,ion,1132000,149.36111111111111,1.3993180990219116,0.7146337924871943,1.3989760875701904,1.351872444152832,1.447852373123169,5.334826469421387,5.337861061096191,5.047431945800781,5.6525373458862305,1.1874475216264082,0.2118705773955034,331776
Mirror Moderate Bi-Kappa 3,ion,1132500,149.42708333333334,1.3990856409072876,0.7147525289098914,1.3985545635223389,1.3513462543487549,1.4476624727249146,5.3355889320373535,5.339483261108398,5.047626495361328,5.650874137878418,1.1874207351311372,0.21166490577615038,331776
Mirror Moderate Bi-Kappa 3,ion,1133000,149.49305555555557,1.3989125490188599,0.7148409675081971,1.398529291152954,1.3515775203704834,1.4470149278640747,5.336328029632568,5.339783191680908,5.05029296875,5.650324821472168,1.1873947767916462,0.21151777222721369,331776
Mirror Moderate Bi-Kappa 3,ion,1133500,149.55902777777777,1.3986902236938477,0.7149545932758911,1.3981332778930664,1.3511956930160522,1.446894645690918,5.337078094482422,5.3416242599487305,5.050410270690918,5.65441370010376,1.1873684406143166,0.2113217830795311,331776
Mirror Moderate Bi-Kappa 3,ion,1134000,149.625,1.3984668254852295,0.7150688037615962,1.397889494895935,1.3507397174835205,1.4467699527740479,5.337942600250244,5.340033531188965,5.051072597503662,5.653334140777588,1.1873380953840005,0.211128730101229,331776
Mirror Moderate Bi-Kappa 3,ion,1134500,149.69097222222223,1.398233413696289,0.7151881725930563,1.3977688550949097,1.3508598804473877,1.4464550018310547,5.338764190673828,5.342127799987793,5.053905487060547,5.654996395111084,1.1873092656437005,0.21092414805258852,331776
Mirror Moderate Bi-Kappa 3,ion,1135000,149.75694444444446,1.397996425628662,0.7153094111455343,1.3976202011108398,1.350532054901123,1.446518063545227,5.339629173278809,5.341843605041504,5.052676677703857,5.655892848968506,1.1872789228518557,0.21071750277680645,331776
Mirror Moderate Bi-Kappa 3,ion,1135500,149.82291666666669,1.3977645635604858,0.7154280671222115,1.3973371982574463,1.3503987789154053,1.4460296630859375,5.340481758117676,5.343020915985107,5.053529739379883,5.655732154846191,1.1872490245809701,0.2105155389795157,331776
Mirror Moderate Bi-Kappa 3,ion,1136000,149.88888888888889,1.3975592851638794,0.7155331516993491,1.3970296382904053,1.350107192993164,1.4459080696105957,5.341180324554443,5.343585968017578,5.054022789001465,5.656366348266602,1.187224534510248,0.2103347506536315,331776
Mirror Moderate Bi-Kappa 3,ion,1136500,149.95486111111111,1.3973546028137207,0.7156379618934197,1.3968353271484375,1.3499152660369873,1.4455933570861816,5.341958999633789,5.344653129577637,5.055481910705566,5.659207820892334,1.187197243570861,0.2101573592428596,331776
Mirror Moderate Bi-Kappa 3,ion,1137000,150.02083333333334,1.3971668481826782,0.7157341310386224,1.3966161012649536,1.3498910665512085,1.4452177286148071,5.342745304107666,5.345871925354004,5.0554680824279785,5.658052444458008,1.1871696933093872,0.20999715487329107,331776
Mirror Moderate Bi-Kappa 3,ion,1137500,150.08680555555557,1.3969404697418213,0.7158501179257962,1.3964000940322876,1.3494737148284912,1.4449046850204468,5.343438625335693,5.346845626831055,5.056430816650391,5.660789489746094,1.1871454076890753,0.209795062052746,331776
Mirror Moderate Bi-Kappa 3,ion,1138000,150.15277777777777,1.3967233896255493,0.7159613760517695,1.3960464000701904,1.3493314981460571,1.4448649883270264,5.344319820404053,5.348550319671631,5.057830333709717,5.660728454589844,1.1871145503272662,0.2096088392982831,331776
Mirror Moderate Bi-Kappa 3,ion,1138500,150.21875,1.3964698314666748,0.7160913737389707,1.3959224224090576,1.3494882583618164,1.444443941116333,5.345224857330322,5.34787130355835,5.059534072875977,5.659969329833984,1.1870828686708328,0.209386962795842,331776
Mirror Moderate Bi-Kappa 3,ion,1139000,150.28472222222223,1.396310806274414,0.7161729290545017,1.395707368850708,1.3490828275680542,1.444064974784851,5.345827579498291,5.349616050720215,5.056649208068848,5.663173198699951,1.1870617757735185,0.2092490305008956,331776
Mirror Moderate Bi-Kappa 3,ion,1139500,150.35069444444446,1.3960838317871094,0.7162893640275975,1.395459771156311,1.3487669229507446,1.443986415863037,5.3466715812683105,5.349318504333496,5.0584917068481445,5.664170265197754,1.1870322470344785,0.20905158475263086,331776
Mirror Moderate Bi-Kappa 3,ion,1140000,150.41666666666669,1.3959014415740967,0.7163829552839661,1.3955285549163818,1.3486144542694092,1.443679690361023,5.347510814666748,5.350942611694336,5.059693336486816,5.663669586181641,1.1870028943667166,0.2088985472073801,331776
Mirror Moderate Bi-Kappa 3,ion,1140500,150.48263888888889,1.3956905603408813,0.7164911968422009,1.3950839042663574,1.3487244844436646,1.4436182975769043,5.348186492919922,5.351693153381348,5.060586929321289,5.665327072143555,1.1869792688276348,0.20871129151324652,331776
Mirror Moderate Bi-Kappa 3,ion,1141000,150.54861111111111,1.395494818687439,0.7165916968008311,1.39499831199646,1.3483322858810425,1.4434977769851685,5.348948955535889,5.351478576660156,5.060934066772461,5.665587425231934,1.1869526159835664,0.20854220270387258,331776
Mirror Moderate Bi-Kappa 3,ion,1141500,150.61458333333334,1.3952716588974,0.7167063084978308,1.3947157859802246,1.3482686281204224,1.4430549144744873,5.349712371826172,5.353850364685059,5.062033653259277,5.6670403480529785,1.1869259374142094,0.20834572148319053,331776
Mirror Moderate Bi-Kappa 3,ion,1142000,150.68055555555557,1.3950738906860352,0.7168079100872891,1.394437313079834,1.3478761911392212,1.4429099559783936,5.3504638671875,5.353316307067871,5.0615434646606445,5.668355941772461,1.1868996828728526,0.20817420781318252,331776
Mirror Moderate Bi-Kappa 3,ion,1142500,150.74652777777777,1.3948957920074463,0.7168994312907511,1.3943098783493042,1.3476015329360962,1.442651391029358,5.351133823394775,5.355517387390137,5.0624189376831055,5.668941497802734,1.1868762832332975,0.20801950877414876,331776
Mirror Moderate Bi-Kappa 3,ion,1143000,150.8125,1.3947206735610962,0.7169894438050679,1.3941237926483154,1.3474502563476562,1.442617416381836,5.351813316345215,5.35483455657959,5.063804626464844,5.668564319610596,1.186852556486949,0.2078681170741472,331776
Mirror Moderate Bi-Kappa 3,ion,1143500,150.87847222222223,1.3944848775863647,0.7171106808492923,1.3939698934555054,1.3474783897399902,1.4420796632766724,5.352711200714111,5.355271339416504,5.063873291015625,5.671393394470215,1.1868212131202949,0.20766366446606987,331776
Mirror Moderate Bi-Kappa 3,ion,1144000,150.94444444444446,1.3943132162094116,0.7171989681906668,1.3938440084457397,1.347320318222046,1.4421353340148926,5.35340690612793,5.3560686111450195,5.0641398429870605,5.671443462371826,1.1867969346502172,0.20751628155919444,331776
Mirror Moderate Bi-Kappa 3,ion,1144500,151.01041666666669,1.394054651260376,0.7173319920391156,1.393376350402832,1.3470717668533325,1.4415918588638306,5.35433292388916,5.357213020324707,5.06562614440918,5.673089981079102,1.1867646286129034,0.20729002264747254,331776
Mirror Moderate Bi-Kappa 3,ion,1145000,151.07638888888889,1.3939048051834106,0.7174091059026226,1.3933687210083008,1.3465572595596313,1.4419814348220825,5.35500431060791,5.358852386474609,5.067382335662842,5.6725969314575195,1.186741212891102,0.20716359229230874,331776
Mirror Moderate Bi-Kappa 3,ion,1145500,151.14236111111111,1.3936767578125,0.7175264955767715,1.3928651809692383,1.3468215465545654,1.4411941766738892,5.355778217315674,5.35915470123291,5.067086219787598,5.674015045166016,1.1867142288989707,0.2069625289135293,331776
Mirror Moderate Bi-Kappa 3,ion,1146000,151.20833333333334,1.3935223817825317,0.7176059839963564,1.392831563949585,1.3466274738311768,1.4410195350646973,5.356364727020264,5.360140800476074,5.067505359649658,5.674219608306885,1.1866937841173295,0.20682859766520223,331776
Mirror Moderate Bi-Kappa 3,ion,1146500,151.27430555555557,1.3933452367782593,0.7176972178928421,1.392557144165039,1.346467137336731,1.4409568309783936,5.35713005065918,5.360078811645508,5.068769454956055,5.6753058433532715,1.1866671129025423,0.20667812387571693,331776
Mirror Moderate Bi-Kappa 3,ion,1147000,151.34027777777777,1.393132209777832,0.7178069625993887,1.392553687095642,1.346252202987671,1.4405653476715088,5.35783576965332,5.360678195953369,5.068498611450195,5.677034854888916,1.1866425256376802,0.20648968414015179,331776
Mirror Moderate Bi-Kappa 3,ion,1147500,151.40625,1.392938494682312,0.7179067875700215,1.3924014568328857,1.3461416959762573,1.4404933452606201,5.35857629776001,5.361990928649902,5.0694379806518555,5.6774444580078125,1.1866167325858585,0.20632176209645348,331776
Mirror Moderate Bi-Kappa 3,ion,1148000,151.47222222222223,1.3927630186080933,0.7179972376057092,1.392154574394226,1.3456915616989136,1.4403164386749268,5.35920524597168,5.362586975097656,5.070319652557373,5.67702579498291,1.1865948315287353,0.2061681870793579,331776
Mirror Moderate Bi-Kappa 3,ion,1148500,151.53819444444446,1.3926376104354858,0.718061893852841,1.391963243484497,1.345853567123413,1.440122127532959,5.359781265258789,5.362709999084473,5.070296287536621,5.679134368896484,1.1865747780570512,0.2060628323784346,331776
Mirror Moderate Bi-Kappa 3,ion,1149000,151.60416666666669,1.3924429416656494,0.71816228161119,1.3918497562408447,1.3456501960754395,1.4400094747543335,5.3604254722595215,5.364511966705322,5.071010112762451,5.680052757263184,1.1865523558111295,0.20589058585451991,331776
Mirror Moderate Bi-Kappa 3,ion,1149500,151.67013888888889,1.3922483921051025,0.718262635942415,1.3915858268737793,1.3454385995864868,1.4398283958435059,5.361124515533447,5.365923881530762,5.071715831756592,5.681275367736816,1.18652803103203,0.20572036107307246,331776
Mirror Moderate Bi-Kappa 3,ion,1150000,151.73611111111111,1.3920928239822388,0.7183429026947981,1.3914999961853027,1.3453540802001953,1.439408302307129,5.361728668212891,5.36480712890625,5.072053909301758,5.680080413818359,1.1865070132937756,0.20558581068846316,331776
Mirror Moderate Bi-Kappa 3,ion,1150500,151.80208333333334,1.39186429977417,0.7184608443238684,1.3910810947418213,1.3449732065200806,1.43935227394104,5.362631320953369,5.365541458129883,5.072619438171387,5.682168483734131,1.1864756199242539,0.20538867984991604,331776
Mirror Moderate Bi-Kappa 3,ion,1151000,151.86805555555557,1.3917115926742554,0.7185396782378175,1.3911579847335815,1.344941258430481,1.4391400814056396,5.363194942474365,5.366606712341309,5.0738630294799805,5.682799816131592,1.1864560230843744,0.205255569589881,331776
Mirror Moderate Bi-Kappa 3,ion,1151500,151.93402777777777,1.3915947675704956,0.7186000000171328,1.3908898830413818,1.344841718673706,1.4389054775238037,5.363698482513428,5.366481304168701,5.072973728179932,5.684405326843262,1.1864385187310902,0.20515624883940542,331776
Mirror Moderate Bi-Kappa 3,ion,1152000,152.0,1.3914120197296143,0.7186943808307223,1.390500783920288,1.3446685075759888,1.4386364221572876,5.3643269538879395,5.368235111236572,5.0739545822143555,5.6835832595825195,1.1864166760520112,0.20499534367760308,331776
Mirror Moderate Bi-Kappa 3,ion,1152500,152.06597222222223,1.391252040863037,0.7187770228747832,1.3904578685760498,1.3445831537246704,1.4385812282562256,5.3650431632995605,5.368276596069336,5.073935508728027,5.684763431549072,1.1863917902544867,0.2048602506085504,331776
Mirror Moderate Bi-Kappa 3,ion,1153000,152.13194444444446,1.3910869359970093,0.7188623328442716,1.390197992324829,1.344364047050476,1.4383876323699951,5.365636825561523,5.3694915771484375,5.074617385864258,5.686059951782227,1.1863711675818365,0.2047157684151728,331776
Mirror Moderate Bi-Kappa 3,ion,1153500,152.19791666666669,1.3909157514572144,0.71895080557707,1.3902294635772705,1.3441174030303955,1.4380788803100586,5.366326808929443,5.3702192306518555,5.076587677001953,5.686601638793945,1.186347204634653,0.20456854682256131,331776
Mirror Moderate Bi-Kappa 3,ion,1154000,152.26388888888889,1.390761375427246,0.7190306099008515,1.390146017074585,1.3441048860549927,1.437938928604126,5.3669304847717285,5.3701910972595215,5.074819087982178,5.686623573303223,1.186326244179504,0.20443513124774215,331776
Mirror Moderate Bi-Kappa 3,ion,1154500,152.32986111111111,1.3906185626983643,0.7191044523809564,1.389954686164856,1.3439369201660156,1.4378442764282227,5.367574691772461,5.371024131774902,5.077132225036621,5.686784744262695,1.1863038816269893,0.20431468107137496,331776
Mirror Moderate Bi-Kappa 3,ion,1155000,152.39583333333334,1.3905037641525269,0.7191638208972934,1.3898499011993408,1.3440134525299072,1.4375112056732178,5.368017673492432,5.370769500732422,5.0770263671875,5.688094615936279,1.1862885073829126,0.20421525676961427,331776
Mirror Moderate Bi-Kappa 3,ion,1155500,152.46180555555557,1.390308141708374,0.7192650103963474,1.3897960186004639,1.343626856803894,1.4375783205032349,5.36867094039917,5.372038841247559,5.078518390655518,5.688331604003906,1.186265839553513,0.20404230215486097,331776
Mirror Moderate Bi-Kappa 3,ion,1156000,152.52777777777777,1.3901517391204834,0.7193459331516405,1.3893053531646729,1.3435684442520142,1.437388300895691,5.369382858276367,5.371374130249023,5.078350067138672,5.6895751953125,1.1862411428640445,0.20391059625643893,331776
Mirror Moderate Bi-Kappa 3,ion,1156500,152.59375,1.389975905418396,0.7194369313178781,1.3891777992248535,1.3435392379760742,1.4369717836380005,5.3700432777404785,5.373904228210449,5.079267501831055,5.691120624542236,1.1862182385280076,0.20375766689038843,331776
Mirror Moderate Bi-Kappa 3,ion,1157000,152.65972222222223,1.3897851705551147,0.7195356672287524,1.3889760971069336,1.3432561159133911,1.4368115663528442,5.3707451820373535,5.373296737670898,5.080367565155029,5.690773010253906,1.1861939016106247,0.2035912689444901,331776
Mirror Moderate Bi-Kappa 3,ion,1157500,152.72569444444446,1.3896327018737793,0.7196146137404518,1.3888717889785767,1.342965841293335,1.4368340969085693,5.371259689331055,5.374604225158691,5.080801963806152,5.692374229431152,1.1861760662934064,0.20345663558037286,331776
Mirror Moderate Bi-Kappa 3,ion,1158000,152.79166666666669,1.3895076513290405,0.7196793763917146,1.3886851072311401,1.3427903652191162,1.4364166259765625,5.371908187866211,5.375147342681885,5.082319736480713,5.692577362060547,1.186153591057038,0.20335406027200253,331776
Mirror Moderate Bi-Kappa 3,ion,1158500,152.85763888888889,1.389272928237915,0.7198009690351848,1.3884189128875732,1.342804193496704,1.4362297058105469,5.372652530670166,5.375393867492676,5.082179546356201,5.693053245544434,1.1861278008007088,0.20314512743720625,331776
Mirror Moderate Bi-Kappa 3,ion,1159000,152.92361111111111,1.389158010482788,0.7198605143935065,1.388312816619873,1.3426167964935303,1.4362857341766357,5.373095989227295,5.376375198364258,5.0819315910339355,5.694406032562256,1.1861124390863171,0.20304557139647095,331776
Mirror Moderate Bi-Kappa 3,ion,1159500,152.98958333333334,1.3889751434326172,0.7199552884212665,1.3882170915603638,1.3425848484039307,1.4357151985168457,5.373719692230225,5.3777594566345215,5.082855224609375,5.694482326507568,1.1860908378689503,0.20288430556366688,331776
Mirror Moderate Bi-Kappa 3,ion,1160000,153.05555555555557,1.3887763023376465,0.720058369599739,1.3879989385604858,1.342240333557129,1.4355666637420654,5.374597549438477,5.378689289093018,5.083712100982666,5.6951751708984375,1.1860604428148256,0.2027158595228209,331776
Mirror Moderate Bi-Kappa 3,ion,1160500,153.12152777777777,1.3885962963104248,0.7201517119533257,1.3879854679107666,1.3422608375549316,1.4353582859039307,5.37528657913208,5.378839015960693,5.0847907066345215,5.695778846740723,1.1860365927059957,0.2025597036044291,331776
Mirror Moderate Bi-Kappa 3,ion,1161000,153.1875,1.3884633779525757,0.7202206524702129,1.3875737190246582,1.3420302867889404,1.4353753328323364,5.37584924697876,5.3790483474731445,5.084956645965576,5.696208953857422,1.1860171210273434,0.20244625692523233,331776
Mirror Moderate Bi-Kappa 3,ion,1161500,153.25347222222223,1.3882741928100586,0.720318799541942,1.387542486190796,1.3416779041290283,1.4350903034210205,5.376531600952148,5.38033390045166,5.083993911743164,5.698382377624512,1.185993512959713,0.2022806798503456,331776
Mirror Moderate Bi-Kappa 3,ion,1162000,153.31944444444446,1.3880587816238403,0.7204305849570259,1.3872768878936768,1.3417805433273315,1.4348341226577759,5.377282619476318,5.379770278930664,5.085776329040527,5.698769569396973,1.185967536163719,0.20209124546012136,331776
Mirror Moderate Bi-Kappa 3,ion,1162500,153.38541666666669,1.3879153728485107,0.7205050247030795,1.3871231079101562,1.3416355848312378,1.4347106218338013,5.37790060043335,5.380580425262451,5.0855021476745605,5.700550079345703,1.18594616641286,0.20196920643565064,331776
Mirror Moderate Bi-Kappa 3,ion,1163000,153.45138888888889,1.3877438306808472,0.7205940879660662,1.3870203495025635,1.3414316177368164,1.4347357749938965,5.378477573394775,5.381929397583008,5.087170124053955,5.699929237365723,1.18592621914919,0.20181761153165723,331776
Mirror Moderate Bi-Kappa 3,ion,1163500,153.51736111111111,1.3876092433929443,0.7206639799795707,1.3867411613464355,1.3413511514663696,1.4344626665115356,5.379030227661133,5.381712436676025,5.0862531661987305,5.700398921966553,1.1859071166504322,0.2017021267425121,331776
Mirror Moderate Bi-Kappa 3,ion,1164000,153.58333333333334,1.387463927268982,0.7207394587680218,1.386646032333374,1.3413076400756836,1.4341566562652588,5.37960147857666,5.382163047790527,5.087732315063477,5.70247745513916,1.1858873754835426,0.20157655178543932,331776
Mirror Moderate Bi-Kappa 3,ion,1164500,153.64930555555557,1.387315034866333,0.7208168115155974,1.386612892150879,1.3408180475234985,1.4340922832489014,5.380062580108643,5.38399600982666,5.086544036865234,5.702768325805664,1.1858714438930944,0.2014435909732386,331776
Mirror Moderate Bi-Kappa 3,ion,1165000,153.71527777777777,1.3871808052062988,0.7208865608915933,1.386413812637329,1.340956211090088,1.4338734149932861,5.380709171295166,5.384035110473633,5.0888776779174805,5.703746795654297,1.1858491080199554,0.20133169718634347,331776
Mirror Moderate Bi-Kappa 3,ion,1165500,153.78125,1.387061357498169,0.7209486405155802,1.386193037033081,1.340521216392517,1.4338809251785278,5.381172180175781,5.384119987487793,5.088325500488281,5.703045845031738,1.1858331171197227,0.20122824037844622,331776
Mirror Moderate Bi-Kappa 3,ion,1166000,153.84722222222223,1.3868544101715088,0.7210562209455949,1.3860502243041992,1.3406736850738525,1.4335919618606567,5.381886959075928,5.384865760803223,5.0897650718688965,5.704477310180664,1.1858084362611176,0.20104597391039114,331776
Mirror Moderate Bi-Kappa 3,ion,1166500,153.91319444444446,1.3866780996322632,0.7211479003419702,1.3859862089157104,1.340613842010498,1.4331529140472412,5.38259220123291,5.3860697746276855,5.090638160705566,5.7053961753845215,1.1857840911245225,0.20089400850774064,331776
Mirror Moderate Bi-Kappa 3,ion,1167000,153.97916666666669,1.3865702152252197,0.7212040104565283,1.3856910467147827,1.3404957056045532,1.4330393075942993,5.383120536804199,5.3860697746276855,5.090633392333984,5.705949306488037,1.1857658570271716,0.2008043581980481,331776
Mirror Moderate Bi-Kappa 3,ion,1167500,154.04513888888889,1.3863883018493652,0.7212986424265521,1.3855013847351074,1.3402034044265747,1.4330172538757324,5.383732795715332,5.386476516723633,5.092023849487305,5.706506729125977,1.1857447310155984,0.20064357083376683,331776
Mirror Moderate Bi-Kappa 3,ion,1168000,154.11111111111111,1.3861820697784424,0.721405955106484,1.3855080604553223,1.3401098251342773,1.4327143430709839,5.384469509124756,5.388982772827148,5.0907745361328125,5.707901477813721,1.1857193170664921,0.20046275271195024,331776
Mirror Moderate Bi-Kappa 3,ion,1168500,154.17708333333334,1.3860116004943848,0.7214946827597287,1.38531494140625,1.339827537536621,1.4326273202896118,5.385111331939697,5.388421058654785,5.092016696929932,5.7078046798706055,1.1856971821675977,0.2003144183267871,331776
Mirror Moderate Bi-Kappa 3,ion,1169000,154.24305555555557,1.3859004974365234,0.721552522601502,1.385040283203125,1.3397597074508667,1.4324949979782104,5.38553524017334,5.389185905456543,5.0937652587890625,5.7074737548828125,1.1856825655025913,0.20021793193393211,331776
Mirror Moderate Bi-Kappa 3,ion,1169500,154.30902777777777,1.3857362270355225,0.7216380581600871,1.385028600692749,1.339781641960144,1.4321491718292236,5.386192321777344,5.388051986694336,5.093316555023193,5.7092437744140625,1.1856599133968575,0.20007631363866496,331776
Mirror Moderate Bi-Kappa 3,ion,1170000,154.375,1.3855020999908447,0.7217600031112243,1.3845877647399902,1.3395349979400635,1.4318842887878418,5.386961936950684,5.391273021697998,5.09538459777832,5.710269927978516,1.1856333888570327,0.199868711133812,331776
Mirror Moderate Bi-Kappa 3,ion,1170500,154.44097222222223,1.3853822946548462,0.7218224196008942,1.3846358060836792,1.3393537998199463,1.4320088624954224,5.38750696182251,5.390504360198975,5.094198703765869,5.7110819816589355,1.1856146093334634,0.19976768532138278,331776
Mirror Moderate Bi-Kappa 3,ion,1171000,154.50694444444446,1.3851794004440308,0.7219281485700998,1.384487271308899,1.339151382446289,1.4314930438995361,5.388207912445068,5.392142295837402,5.095752239227295,5.711324691772461,1.1855904627752605,0.19958893766877028,331776
Mirror Moderate Bi-Kappa 3,ion,1171500,154.57291666666669,1.385028600692749,0.7220067509796047,1.3844237327575684,1.3389211893081665,1.4315087795257568,5.388844013214111,5.392836570739746,5.0953369140625,5.713649749755859,1.1855685556211826,0.19946004507156645,331776
Mirror Moderate Bi-Kappa 3,ion,1172000,154.63888888888889,1.3848382234573364,0.7221060070853883,1.3841371536254883,1.3387326002120972,1.4311884641647339,5.389457702636719,5.3926472663879395,5.0960187911987305,5.7130913734436035,1.1855474252095464,0.19929079824779006,331776
Mirror Moderate Bi-Kappa 3,ion,1172500,154.70486111111111,1.3846501111984253,0.7222041091193011,1.3839393854141235,1.3387514352798462,1.4311856031417847,5.390193462371826,5.3930768966674805,5.096139430999756,5.713137626647949,1.185522098043578,0.19912801315484718,331776
Mirror Moderate Bi-Kappa 3,ion,1173000,154.77083333333334,1.3845094442367554,0.722277485475207,1.3836711645126343,1.3384933471679688,1.4309865236282349,5.390576362609863,5.39424991607666,5.096048831939697,5.71400785446167,1.185508920147427,0.19900052408932845,331776
Mirror Moderate Bi-Kappa 3,ion,1173500,154.83680555555557,1.3843560218811035,0.7223575324512048,1.3834846019744873,1.3383426666259766,1.4308838844299316,5.391236305236816,5.394490718841553,5.096156120300293,5.716183662414551,1.1854862119526541,0.19886980992844938,331776
Mirror Moderate Bi-Kappa 3,ion,1174000,154.90277777777777,1.3841406106948853,0.7224699515882034,1.383376121520996,1.3380317687988281,1.4305306673049927,5.392014026641846,5.394994258880615,5.098127365112305,5.714934349060059,1.185459458202263,0.1986811524926222,331776
Mirror Moderate Bi-Kappa 3,ion,1174500,154.96875,1.3839777708053589,0.7225549579586701,1.3831173181533813,1.3379082679748535,1.4304776191711426,5.39254903793335,5.3960161209106445,5.097644805908203,5.716907024383545,1.1854410582019004,0.1985367126034585,331776
Mirror Moderate Bi-Kappa 3,ion,1175000,155.03472222222223,1.3838427066802979,0.72262547988485,1.382958173751831,1.337754487991333,1.4302549362182617,5.393060684204102,5.396249771118164,5.098926067352295,5.71776819229126,1.1854234651816418,0.19841924149865608,331776
Mirror Moderate Bi-Kappa 3,ion,1175500,155.10069444444446,1.383670687675476,0.7227153172406716,1.3828966617584229,1.337687611579895,1.43009352684021,5.393731117248535,5.396432876586914,5.098320007324219,5.719474792480469,1.1854004173107766,0.19827027036469946,331776
Mirror Moderate Bi-Kappa 3,ion,1176000,155.16666666666669,1.3834843635559082,0.722812650682762,1.382707118988037,1.3377656936645508,1.4296108484268188,5.39443826675415,5.398395538330078,5.099223613739014,5.719965934753418,1.1853761134246334,0.19810825013127475,331776
Mirror Moderate Bi-Kappa 3,ion,1176500,155.23263888888889,1.3832650184631348,0.7229272674812827,1.3824121952056885,1.337241768836975,1.4296706914901733,5.395208835601807,5.397737503051758,5.100362777709961,5.720337390899658,1.1853496371449457,0.1979153813181891,331776
Mirror Moderate Bi-Kappa 3,ion,1177000,155.29861111111111,1.3831372261047363,0.7229940609842832,1.382286548614502,1.3372281789779663,1.429394006729126,5.395740032196045,5.399200439453125,5.101822376251221,5.720460891723633,1.1853313899544942,0.19780583615024216,331776
Mirror Moderate Bi-Kappa 3,ion,1177500,155.36458333333334,1.3829602003097534,0.7230866078257505,1.3819950819015503,1.3369965553283691,1.4292415380477905,5.396366596221924,5.400522232055664,5.102166175842285,5.721887588500977,1.1853098714049772,0.19765032890477618,331776
Mirror Moderate Bi-Kappa 3,ion,1178000,155.43055555555557,1.3828190565109253,0.7231604129922542,1.382185935974121,1.3370381593704224,1.428863763809204,5.3968987464904785,5.400297164916992,5.102415084838867,5.721920490264893,1.1852915993004844,0.19752745721044085,331776
Mirror Moderate Bi-Kappa 3,ion,1178500,155.49652777777777,1.3825892210006714,0.7232806279772916,1.3817545175552368,1.3368163108825684,1.4289194345474243,5.397655963897705,5.401696681976318,5.101301670074463,5.723860263824463,1.1852656054199293,0.19732361558074207,331776
Mirror Moderate Bi-Kappa 3,ion,1179000,155.5625,1.3824495077133179,0.7233537242557814,1.381577491760254,1.3365092277526855,1.4287445545196533,5.398199558258057,5.4012250900268555,5.102403163909912,5.724505424499512,1.185246949322246,0.19720255839107192,331776
Mirror Moderate Bi-Kappa 3,ion,1179500,155.62847222222223,1.3823246955871582,0.7234190369255022,1.381439208984375,1.3365070819854736,1.4285264015197754,5.398781776428223,5.401819229125977,5.103752136230469,5.725872993469238,1.18522697182652,0.19709772376063817,331776
Mirror Moderate Bi-Kappa 3,ion,1180000,155.69444444444446,1.382080078125,0.723547076488253,1.3812239170074463,1.3362189531326294,1.4281904697418213,5.399641990661621,5.403360843658447,5.10513973236084,5.72575569152832,1.1851974634113602,0.19688261471363977,331776
Mirror Moderate Bi-Kappa 3,ion,1180500,155.76041666666669,1.3818893432617188,0.7236469438570726,1.3809579610824585,1.3360216617584229,1.4279838800430298,5.400235176086426,5.404424667358398,5.103578090667725,5.728139877319336,1.1851771205128707,0.19671222274884803,331776
Mirror Moderate Bi-Kappa 3,ion,1181000,155.82638888888889,1.3816779851913452,0.7237576415907881,1.3809528350830078,1.335752010345459,1.4279941320419312,5.400921821594238,5.405660629272461,5.1066436767578125,5.727795600891113,1.1851535780432425,0.1965244071481027,331776
Mirror Moderate Bi-Kappa 3,ion,1181500,155.89236111111111,1.3815287351608276,0.7238358309525768,1.3806838989257812,1.3356684446334839,1.4276014566421509,5.401558876037598,5.40464448928833,5.105464935302734,5.7295074462890625,1.1851317412157074,0.19639699394512022,331776
Mirror Moderate Bi-Kappa 3,ion,1182000,155.95833333333334,1.381279706954956,0.7239663298931027,1.3805255889892578,1.3354897499084473,1.4274404048919678,5.402379035949707,5.405759334564209,5.105944633483887,5.728677272796631,1.1851036355179039,0.19617607143705218,331776
Mirror Moderate Bi-Kappa 3,ion,1182500,156.02430555555557,1.381068468093872,0.7240770628701584,1.3802921772003174,1.3351504802703857,1.4273862838745117,5.403167724609375,5.406556606292725,5.108066558837891,5.729867935180664,1.185076616342184,0.1959918517516881,331776
Mirror Moderate Bi-Kappa 3,ion,1183000,156.09027777777777,1.380858302116394,0.7241872670550877,1.3800230026245117,1.3351869583129883,1.4270435571670532,5.403838634490967,5.405946731567383,5.106753826141357,5.732651710510254,1.1850536382817431,0.1958046638346509,331776
Mirror Moderate Bi-Kappa 3,ion,1183500,156.15625,1.3806909322738647,0.7242750543404356,1.3799015283584595,1.3349336385726929,1.4268332719802856,5.404444217681885,5.407798767089844,5.107865333557129,5.731865882873535,1.1850329025005513,0.19565802977331348,331776
Mirror Moderate Bi-Kappa 3,ion,1184000,156.22222222222223,1.3805099725723267,0.7243699936022076,1.3798022270202637,1.334810733795166,1.4267804622650146,5.405084609985352,5.408710479736328,5.108102798461914,5.733085632324219,1.1850109798748756,0.19549899269745108,331776
Mirror Moderate Bi-Kappa 3,ion,1184500,156.28819444444446,1.3802992105484009,0.7244805998278404,1.3795373439788818,1.3346021175384521,1.4264640808105469,5.40596866607666,5.409226417541504,5.109477996826172,5.733033180236816,1.1849807244121047,0.1953184861362962,331776
Mirror Moderate Bi-Kappa 3,ion,1185000,156.35416666666669,1.3801058530807495,0.7245821019943826,1.3793469667434692,1.3342952728271484,1.42622971534729,5.406651973724365,5.409444332122803,5.11041784286499,5.735610008239746,1.1849573460359335,0.195148507044816,331776
Mirror Moderate Bi-Kappa 3,ion,1185500,156.42013888888889,1.3799314498901367,0.7246736785944078,1.3790371417999268,1.3343360424041748,1.4259955883026123,5.4073896408081055,5.411367893218994,5.11035680770874,5.736004829406738,1.1849321144630065,0.19499933542713022,331776
Mirror Moderate Bi-Kappa 3,ion,1186000,156.48611111111111,1.379730224609375,0.7247793678529562,1.3789730072021484,1.3340400457382202,1.4259049892425537,5.407942295074463,5.411242961883545,5.111868858337402,5.736825942993164,1.1849132156810913,0.19481700892828369,331776
Mirror Moderate Bi-Kappa 3,ion,1186500,156.55208333333334,1.3795816898345947,0.7248574023332357,1.3787577152252197,1.3338348865509033,1.425746202468872,5.408562660217285,5.412583827972412,5.111985683441162,5.737360954284668,1.184892006032491,0.19468968380210372,331776
Mirror Moderate Bi-Kappa 3,ion,1187000,156.61805555555557,1.3793517351150513,0.7249782448829778,1.378800392150879,1.3334617614746094,1.4255037307739258,5.409379005432129,5.413783550262451,5.111351013183594,5.73851203918457,1.1848641034388225,0.19448763167622873,331776
Mirror Moderate Bi-Kappa 3,ion,1187500,156.68402777777777,1.37920081615448,0.7250575755807798,1.378462553024292,1.3334906101226807,1.4253193140029907,5.4098896980285645,5.413082122802734,5.1122517585754395,5.739262580871582,1.184846652301324,0.19435416385315607,331776
Mirror Moderate Bi-Kappa 3,ion,1188000,156.75,1.378987431526184,0.7251697710495139,1.3782126903533936,1.3332027196884155,1.4251970052719116,5.410696983337402,5.414783477783203,5.1143717765808105,5.738980293273926,1.1848190728624364,0.1941683586637477,331776
Mirror Moderate Bi-Kappa 3,ion,1188500,156.81597222222223,1.3787914514541626,0.7252728459734323,1.3779966831207275,1.3330764770507812,1.4248446226119995,5.411334991455078,5.413427829742432,5.1142120361328125,5.7393951416015625,1.1847972822933857,0.19399416916077694,331776
Mirror Moderate Bi-Kappa 3,ion,1189000,156.88194444444446,1.378585934638977,0.7253809681888849,1.3779875040054321,1.3328757286071777,1.42484712600708,5.412087440490723,5.416048049926758,5.114229202270508,5.742183685302734,1.1847715897046425,0.19381434493433458,331776
Mirror Moderate Bi-Kappa 3,ion,1189500,156.94791666666669,1.3783941268920898,0.7254819071630352,1.3775756359100342,1.3327455520629883,1.4244948625564575,5.412785530090332,5.417326927185059,5.114950180053711,5.742376327514648,1.1847477596222644,0.19364636726982543,331776
Mirror Moderate Bi-Kappa 3,ion,1190000,157.01388888888889,1.3782213926315308,0.7255728327439707,1.377359390258789,1.3324004411697388,1.42428719997406,5.413393497467041,5.417305946350098,5.115548610687256,5.7430033683776855,1.1847270109715664,0.19349438165996435,331776
Mirror Moderate Bi-Kappa 3,ion,1190500,157.07986111111111,1.3780146837234497,0.7256816721995739,1.377223253250122,1.3323527574539185,1.4243836402893066,5.4141340255737305,5.417269229888916,5.116352081298828,5.743885517120361,1.184701744595994,0.19331293912745573,331776
Mirror Moderate Bi-Kappa 3,ion,1191000,157.14583333333334,1.37782883644104,0.7257795551608721,1.376984715461731,1.3320674896240234,1.4240024089813232,5.414848327636719,5.419759273529053,5.1178178787231445,5.744107246398926,1.1846773795853383,0.1931514568557018,331776
Mirror Moderate Bi-Kappa 3,ion,1191500,157.21180555555557,1.377655029296875,0.7258711206610106,1.3768064975738525,1.3318710327148438,1.4237562417984009,5.415537357330322,5.419891357421875,5.118192195892334,5.744214057922363,1.1846538827114594,0.19300114658541556,331776
Mirror Moderate Bi-Kappa 3,ion,1192000,157.27777777777777,1.377449631690979,0.7259793585137368,1.3767139911651611,1.3316630125045776,1.4236068725585938,5.416261672973633,5.419464111328125,5.118040084838867,5.747285842895508,1.184629188982847,0.19282044270813192,331776
Mirror Moderate Bi-Kappa 3,ion,1192500,157.34375,1.3772045373916626,0.7261085574797307,1.3764138221740723,1.3317201137542725,1.4231553077697754,5.417047500610352,5.420658111572266,5.119080543518066,5.748197555541992,1.1846024056254496,0.192602131766213,331776
Mirror Moderate Bi-Kappa 3,ion,1193000,157.40972222222223,1.3769783973693848,0.7262278056870216,1.3763316869735718,1.3314311504364014,1.4229309558868408,5.417949199676514,5.422268867492676,5.1208109855651855,5.748104572296143,1.1845716825952717,0.19240671477411309,331776
Mirror Moderate Bi-Kappa 3,ion,1193500,157.47569444444446,1.3767682313919067,0.7263386655784498,1.3761287927627563,1.3311353921890259,1.4229130744934082,5.418699741363525,5.422266960144043,5.120489120483398,5.749814033508301,1.1845461176537466,0.19222211373816012,331776
Mirror Moderate Bi-Kappa 3,ion,1194000,157.54166666666669,1.3765573501586914,0.726449936782306,1.3756606578826904,1.3308206796646118,1.4227006435394287,5.419548511505127,5.423835754394531,5.122539520263672,5.7494049072265625,1.1845172153874268,0.19204013477126458,331776
Mirror Moderate Bi-Kappa 3,ion,1194500,157.60763888888889,1.3763431310653687,0.726563004115073,1.3756150007247925,1.3308311700820923,1.4223567247390747,5.420218467712402,5.423870086669922,5.122366905212402,5.752338409423828,1.1844944084739168,0.1918487225914518,331776
Mirror Moderate Bi-Kappa 3,ion,1195000,157.67361111111111,1.3761037588119507,0.7266893892240676,1.3752286434173584,1.3301637172698975,1.4223359823226929,5.421054363250732,5.425490856170654,5.121285438537598,5.752693176269531,1.1844659604926653,0.1916377983192854,331776
Mirror Moderate Bi-Kappa 3,ion,1195500,157.73958333333334,1.3759223222732544,0.7267852144064588,1.3752260208129883,1.3304909467697144,1.4220128059387207,5.421868324279785,5.427069664001465,5.123396873474121,5.752684593200684,1.1844382674366838,0.1914840548365706,331776
Mirror Moderate Bi-Kappa 3,ion,1196000,157.80555555555557,1.375679850578308,0.7269133145910512,1.374856948852539,1.329986572265625,1.4217782020568848,5.422589302062988,5.426855087280273,5.124006271362305,5.753236770629883,1.1844137448542447,0.19126610572406344,331776
Mirror Moderate Bi-Kappa 3,ion,1196500,157.87152777777777,1.375415325164795,0.7270531174866656,1.374617576599121,1.3301035165786743,1.4213593006134033,5.423549652099609,5.427754878997803,5.124420642852783,5.756554126739502,1.1843810906410475,0.19103423452374746,331776
Mirror Moderate Bi-Kappa 3,ion,1197000,157.9375,1.3751931190490723,0.7271705960043537,1.3745415210723877,1.3297271728515625,1.4211138486862183,5.424422740936279,5.426939487457275,5.12559175491333,5.75587797164917,1.1843514135528816,0.19084170549619062,331776
Mirror Moderate Bi-Kappa 3,ion,1197500,158.00347222222223,1.3750760555267334,0.727232501781105,1.374274492263794,1.3294893503189087,1.4212887287139893,5.424795627593994,5.429038047790527,5.125567436218262,5.758133888244629,1.1843387417054678,0.19073731382126557,331776
Mirror Moderate Bi-Kappa 3,ion,1198000,158.06944444444446,1.3748457431793213,0.7273543268116079,1.374225378036499,1.3293259143829346,1.4209693670272827,5.4256391525268555,5.429996490478516,5.125305652618408,5.757257461547852,1.184310082533645,0.19053566064567629,331776
Mirror Moderate Bi-Kappa 3,ion,1198500,158.13541666666669,1.374635934829712,0.7274653416679949,1.37397301197052,1.3290921449661255,1.4207206964492798,5.426355361938477,5.430172443389893,5.126723289489746,5.759466648101807,1.1842857559632376,0.19035017886647432,331776
Mirror Moderate Bi-Kappa 3,ion,1199000,158.20138888888889,1.3743795156478882,0.7276010655096208,1.3736751079559326,1.3289268016815186,1.420296311378479,5.427208423614502,5.432045936584473,5.127598285675049,5.759562015533447,1.184256789484787,0.1901227261631011,331776
Mirror Moderate Bi-Kappa 3,ion,1199500,158.26736111111111,1.3741658926010132,0.7277141758388471,1.3734197616577148,1.3287725448608398,1.4198951721191406,5.428098678588867,5.43227481842041,5.127501964569092,5.761338233947754,1.1842265697829886,0.18993932281802461,331776
Mirror Moderate Bi-Kappa 3,ion,1200000,158.33333333333334,1.373901128768921,0.7278544132910396,1.3731805086135864,1.328451156616211,1.4200944900512695,5.429106712341309,5.432375431060791,5.128637313842773,5.762203693389893,1.1841923640452352,0.1897087647236857,331776
